Source_Page_Number|Volume_Number|Demand_Number|Major_Head_Code|Major_Head_Name|Sub_Major_Head_Code|Sub_Major_Head_Name|Minor_Head_Code|Minor_Head_Name|Sub_Head_Code|Sub_Head_Name|Detailed_Head_Code|Detailed_Head_Name|Object_Head_Code|Object_Head_Description|Full_Account_Code|Description|Vote_Charge_Marker|Row_Type|Row_Level|Financial_Col_1|Financial_Col_2|Financial_Col_3|Financial_Col_4|Avg_Accuracy_%
1|Volume 1|03|2039|State Excise|00||001||0||01|Commissioner for Excise and Other Establishments|||2039-00-001-0-01|Commissioner for Excise and Other Establishments|V|Header|Detailed-Head|||||100.0
1|Volume 1|03|2039|State Excise|00||001||0||01|Commissioner for Excise and Other Establishments|002|Basic Pay|2039-00-001-0-01|Basic Pay|V|Data|Object-Head|2198.15|23893.00|23893.00|24293.00|100.0
1|Volume 1|03|2039|State Excise|00||001||0||01|Commissioner for Excise and Other Establishments|003|Basic Pay-Staff|2039-00-001-0-01|Basic Pay-Staff|V|Data|Object-Head|16839.52||||100.0
1|Volume 1|03|2039|State Excise|00||001||0||01|Commissioner for Excise and Other Establishments|004|Interim Relief|2039-00-001-0-01|Interim Relief|V|Data|Object-Head|1105.10||||100.0
1|Volume 1|03|2039|State Excise|00||001||0||01|Commissioner for Excise and Other Establishments|011|Dearness Allowance|2039-00-001-0-01|Dearness Allowance|V|Data|Object-Head|4194.89|5267.00|5267.00|6116.00|100.0
1|Volume 1|03|2039|State Excise|00||001||0||01|Commissioner for Excise and Other Establishments|014|Other Allowance|2039-00-001-0-01|Other Allowance|V|Data|Object-Head|2616.42|3314.00|3314.00|3201.00|100.0
1|Volume 1|03|2039|State Excise|00||001||0||01|Commissioner for Excise and Other Establishments|015|Subsidiary Expenses|2039-00-001-0-01|Subsidiary Expenses|V|Data|Object-Head|430.03|46.00|974.93|1150.00|100.0
1|Volume 1|03|2039|State Excise|00||001||0||01|Commissioner for Excise and Other Establishments|020|Medical Allowance|2039-00-001-0-01|Medical Allowance|V|Data|Object-Head|138.72||||100.0
1|Volume 1|03|2039|State Excise|00||001||0||01|Commissioner for Excise and Other Establishments|021|Reimbursement of Medical Expenses|2039-00-001-0-01|Reimbursement of Medical Expenses|V|Data|Object-Head|175.27|248.00|248.00|242.00|100.0
1|Volume 1|03|2039|State Excise|00||001||0||01|Commissioner for Excise and Other Establishments|034|Contract/Outsource|2039-00-001-0-01|Contract/Outsource|V|Data|Object-Head|656.34|708.91|708.91|1000.93|100.0
1|Volume 1|03|2039|State Excise|00||001||0||01|Commissioner for Excise and Other Establishments|041|Travel Expenses|2039-00-001-0-01|Travel Expenses|V|Data|Object-Head|27.06|75.00|75.00|80.00|100.0
1|Volume 1|03|2039|State Excise|00||001||0||01|Commissioner for Excise and Other Establishments|050|Office Expenses|2039-00-001-0-01|Office Expenses|V|Data|Object-Head||65.00|65.00|450.00|100.0
1|Volume 1|03|2039|State Excise|00||001||0||01|Commissioner for Excise and Other Establishments|051|General Expenses|2039-00-001-0-01|General Expenses|V|Data|Object-Head|466.69|500.00|1500.00|150.00|100.0
1|Volume 1|03|2039|State Excise|00||001||0||01|Commissioner for Excise and Other Establishments|052|Telephone Charges|2039-00-001-0-01|Telephone Charges|V|Data|Object-Head|40.98||||100.0
1|Volume 1|03|2039|State Excise|00||001||0||01|Commissioner for Excise and Other Establishments|071|Building Expenses|2039-00-001-0-01|Building Expenses|V|Data|Object-Head|1778.70|1700.00|1700.00|1800.00|100.0
1|Volume 1|03|2039|State Excise|00||001||0||01|Commissioner for Excise and Other Establishments|117|Scholarships & Incentives|2039-00-001-0-01|Scholarships & Incentives|V|Data|Object-Head|45.31|52.00|52.00|54.00|100.0
1|Volume 1|03|2039|State Excise|00||001||0||01|Commissioner for Excise and Other Establishments|180|Machinery and Equipments|2039-00-001-0-01|Machinery and Equipments|V|Data|Object-Head|5.96||||100.0
1|Volume 1|03|2039|State Excise|00||001||0||01|Commissioner for Excise and Other Establishments|195|Transport Expenses|2039-00-001-0-01|Transport Expenses|V|Data|Object-Head|1132.87|1195.11|1195.11|1456.08|100.0
1|Volume 1|03|2039|State Excise|00||001||0||01|Commissioner for Excise and Other Establishments|||2039-00-001-0-01|HOA Total :|V|Total|Detailed-Head|31852.01|37064.02|38992.95|39993.01|100.0
1|Volume 1|03|2039|State Excise|00||911||0||00|Deduct Recoveries of Over Payment|||2039-00-911-0-00|Deduct Recoveries of Over Payment|V|Header|Detailed-Head|||||100.0
1|Volume 1|03|2039|State Excise|00||911||0||00|Deduct Recoveries of Over Payment|364|Deduct - Recoveries|2039-00-911-0-00|Deduct - Recoveries|V|Data|Object-Head|-0.19||||100.0
1|Volume 1|03|2039|State Excise|00||911||0||00|Deduct Recoveries of Over Payment|||2039-00-911-0-00|HOA Total :|V|Total|Detailed-Head|-0.19|0.00|0.00|0.00|100.0
2|1|03|2039|State Excise|00||911|Deduct Recoveries of Over Payment|0||01|Deduct Recovery of Over Payments of Current Year|||2039-00-911-0-01|Deduct Recovery of Over Payments of Current Year|V|Header|Detailed-Head|||||100.0
2|1|03|2039|State Excise|00||911|Deduct Recoveries of Over Payment|0||01|Deduct Recovery of Over Payments of Current Year|364|Deduct - Recoveries|2039-00-911-0-01|Deduct - Recoveries|V|Data|Object-Head|-10.65||||100.0
2|1|03|2039|State Excise|00||911|Deduct Recoveries of Over Payment|0||01|Deduct Recovery of Over Payments of Current Year|||2039-00-911-0-01|HOA Total :|V|Total|Detailed-Head|-10.65|0.00|0.00|0.00|100.0
2|1|03|2039|State Excise|00||911|Deduct Recoveries of Over Payment|0||02|Deduct Recovery of Over Payments of Previous Year|||2039-00-911-0-02|Deduct Recovery of Over Payments of Previous Year|V|Header|Detailed-Head|||||100.0
2|1|03|2039|State Excise|00||911|Deduct Recoveries of Over Payment|0||02|Deduct Recovery of Over Payments of Previous Year|364|Deduct - Recoveries|2039-00-911-0-02|Deduct - Recoveries|V|Data|Object-Head|-0.20||||100.0
2|1|03|2039|State Excise|00||911|Deduct Recoveries of Over Payment|0||02|Deduct Recovery of Over Payments of Previous Year|||2039-00-911-0-02|HOA Total :|V|Total|Detailed-Head|-0.20|0.00|0.00|0.00|100.0
2|1|03|2039|State Excise|00||||||||||2039|2039 - Total :|V|Total|Major-Head|31840.97|37064.02|38992.95|39993.01|
3|01|03|2043|Collections Charges under State Goods and Services Tax|00||001||0||01|Commissioner for Commercial Taxes|||2043-00-001-0-01|Commissioner for Commercial Taxes|V|Header|Detailed-Head|||||100.0
3|01|03|2043|Collections Charges under State Goods and Services Tax|00||001||0||01|Commissioner for Commercial Taxes|002|Basic Pay|2043-00-001-0-01|Basic Pay|V|Data|Object-Head|4265.08|27107.00|27107.00|27248.00|100.0
3|01|03|2043|Collections Charges under State Goods and Services Tax|00||001||0||01|Commissioner for Commercial Taxes|003|Basic Pay-Staff|2043-00-001-0-01|Basic Pay-Staff|V|Data|Object-Head|5660.01||||100.0
3|01|03|2043|Collections Charges under State Goods and Services Tax|00||001||0||01|Commissioner for Commercial Taxes|004|Interim Relief|2043-00-001-0-01|Interim Relief|V|Data|Object-Head|668.94||||100.0
3|01|03|2043|Collections Charges under State Goods and Services Tax|00||001||0||01|Commissioner for Commercial Taxes|011|Dearness Allowance|2043-00-001-0-01|Dearness Allowance|V|Data|Object-Head|2408.31|5983.00|5983.00|6841.00|100.0
3|01|03|2043|Collections Charges under State Goods and Services Tax|00||001||0||01|Commissioner for Commercial Taxes|014|Other Allowance|2043-00-001-0-01|Other Allowance|V|Data|Object-Head|2369.53|5629.00|5629.00|4865.00|100.0
3|01|03|2043|Collections Charges under State Goods and Services Tax|00||001||0||01|Commissioner for Commercial Taxes|015|Subsidiary Expenses|2043-00-001-0-01|Subsidiary Expenses|V|Data|Object-Head|122.32|200.00|100.00|200.00|100.0
3|01|03|2043|Collections Charges under State Goods and Services Tax|00||001||0||01|Commissioner for Commercial Taxes|020|Medical Allowance|2043-00-001-0-01|Medical Allowance|V|Data|Object-Head|41.92||||100.0
3|01|03|2043|Collections Charges under State Goods and Services Tax|00||001||0||01|Commissioner for Commercial Taxes|021|Reimbursement of Medical Expenses|2043-00-001-0-01|Reimbursement of Medical Expenses|V|Data|Object-Head|78.80|238.00|238.00|230.00|100.0
3|01|03|2043|Collections Charges under State Goods and Services Tax|00||001||0||01|Commissioner for Commercial Taxes|034|Contract/Outsource|2043-00-001-0-01|Contract/Outsource|V|Data|Object-Head|9475.74|9256.59|10854.71|11144.97|100.0
3|01|03|2043|Collections Charges under State Goods and Services Tax|00||001||0||01|Commissioner for Commercial Taxes|041|Travel Expenses|2043-00-001-0-01|Travel Expenses|V|Data|Object-Head|46.72|28.00|38.59|40.00|100.0
3|01|03|2043|Collections Charges under State Goods and Services Tax|00||001||0||01|Commissioner for Commercial Taxes|050|Office Expenses|2043-00-001-0-01|Office Expenses|V|Data|Object-Head|526.72|1100.00|1100.00|1100.00|100.0
3|01|03|2043|Collections Charges under State Goods and Services Tax|00||001||0||01|Commissioner for Commercial Taxes|051|General Expenses|2043-00-001-0-01|General Expenses|V|Data|Object-Head|2289.92|7360.00|5960.00|7000.00|100.0
3|01|03|2043|Collections Charges under State Goods and Services Tax|00||001||0||01|Commissioner for Commercial Taxes|052|Telephone Charges|2043-00-001-0-01|Telephone Charges|V|Data|Object-Head|118.04||||100.0
3|01|03|2043|Collections Charges under State Goods and Services Tax|00||001||0||01|Commissioner for Commercial Taxes|071|Building Expenses|2043-00-001-0-01|Building Expenses|V|Data|Object-Head|2611.86|3120.00|3120.00|3300.00|100.0
3|01|03|2043|Collections Charges under State Goods and Services Tax|00||001||0||01|Commissioner for Commercial Taxes|104|Contributions|2043-00-001-0-01|Contributions|V|Data|Object-Head|4022.00||||100.0
3|01|03|2043|Collections Charges under State Goods and Services Tax|00||001||0||01|Commissioner for Commercial Taxes|131|Secret Service Expenses|2043-00-001-0-01|Secret Service Expenses|V|Data|Object-Head|36.80|50.00|50.00|50.00|100.0
3|01|03|2043|Collections Charges under State Goods and Services Tax|00||001||0||01|Commissioner for Commercial Taxes|177|IT Expenditure|2043-00-001-0-01|IT Expenditure|V|Data|Object-Head||240.00|2.00|685.00|100.0
3|01|03|2043|Collections Charges under State Goods and Services Tax|00||001||0||01|Commissioner for Commercial Taxes|195|Transport Expenses|2043-00-001-0-01|Transport Expenses|V|Data|Object-Head|1983.10|2428.00|2008.12|2745.00|100.0
3|01|03|2043|Collections Charges under State Goods and Services Tax|00||001||0||01|Commissioner for Commercial Taxes|200|Maintenance Expenditure|2043-00-001-0-01|Maintenance Expenditure|V|Data|Object-Head|19.31|50.00|50.00|50.00|100.0
3|01|03|2043|Collections Charges under State Goods and Services Tax|00||001||0||01|Commissioner for Commercial Taxes|||2043-00-001-0-01|HOA Total :|V|Total|Detailed-Head|36745.12|62789.59|62240.42|65498.97|100.0
3|01|03|2043|Collections Charges under State Goods and Services Tax|00||101||0||02|Collection Charges|||2043-00-101-0-02|Collection Charges|V|Header|Detailed-Head|||||100.0
3|01|03|2043|Collections Charges under State Goods and Services Tax|00||101||0||02|Collection Charges|002|Basic Pay|2043-00-101-0-02|Basic Pay|V|Data|Object-Head|3555.87||||100.0
3|01|03|2043|Collections Charges under State Goods and Services Tax|00||101||0||02|Collection Charges|003|Basic Pay-Staff|2043-00-101-0-02|Basic Pay-Staff|V|Data|Object-Head|8939.76||||100.0
3|01|03|2043|Collections Charges under State Goods and Services Tax|00||101||0||02|Collection Charges|004|Interim Relief|2043-00-101-0-02|Interim Relief|V|Data|Object-Head|791.32||||100.0
3|01|03|2043|Collections Charges under State Goods and Services Tax|00||101||0||02|Collection Charges|011|Dearness Allowance|2043-00-101-0-02|Dearness Allowance|V|Data|Object-Head|2906.39||||100.0
3|01|03|2043|Collections Charges under State Goods and Services Tax|00||101||0||02|Collection Charges|014|Other Allowance|2043-00-101-0-02|Other Allowance|V|Data|Object-Head|2505.95||||100.0
3|01|03|2043|Collections Charges under State Goods and Services Tax|00||101||0||02|Collection Charges|020|Medical Allowance|2043-00-101-0-02|Medical Allowance|V|Data|Object-Head|66.27||||100.0
4|01|03|2043|Collections Charges under State Goods and Services Tax|00||101||0||02|Collection Charges|021|Reimbursement of Medical Expenses|2043-00-101-0-02|Reimbursement of Medical Expenses|V|Data|Object-Head|64.08||||100.0
4|01|03|2043|Collections Charges under State Goods and Services Tax|00||101||0||02|Collection Charges|041|Travel Expenses|2043-00-101-0-02|Travel Expenses|V|Data|Object-Head|7.44|12.00|12.00|13.00|100.0
4|01|03|2043|Collections Charges under State Goods and Services Tax|00||101||0||02|Collection Charges|050|Office Expenses|2043-00-101-0-02|Office Expenses|V|Data|Object-Head|183.95|210.00|359.80|220.00|100.0
4|01|03|2043|Collections Charges under State Goods and Services Tax|00||101||0||02|Collection Charges|051|General Expenses|2043-00-101-0-02|General Expenses|V|Data|Object-Head|193.60|225.00|225.00|230.00|100.0
4|01|03|2043|Collections Charges under State Goods and Services Tax|00||101||0||02|Collection Charges|052|Telephone Charges|2043-00-101-0-02|Telephone Charges|V|Data|Object-Head|41.68||||100.0
4|01|03|2043|Collections Charges under State Goods and Services Tax|00||101||0||02|Collection Charges|071|Building Expenses|2043-00-101-0-02|Building Expenses|V|Data|Object-Head|509.11|400.00|599.90|450.00|100.0
4|01|03|2043|Collections Charges under State Goods and Services Tax|00||101||0||02|Collection Charges|125|Modernisation|2043-00-101-0-02|Modernisation|V|Data|Object-Head|121.55||||100.0
4|01|03|2043|Collections Charges under State Goods and Services Tax|00||101||0||02|Collection Charges|195|Transport Expenses|2043-00-101-0-02|Transport Expenses|V|Data|Object-Head|617.14|500.00|699.47|641.77|100.0
4|01|03|2043|Collections Charges under State Goods and Services Tax|00||101||0||02|Collection Charges|||2043-00-101-0-02|HOA Total :|V|Total|Detailed-Head|20504.11|1347.00|1896.17|1554.77|100.0
4|01|03|2043|Collections Charges under State Goods and Services Tax|00||797||0||01|Transfer to Consumer Welfare Fund(under GST Act)|||2043-00-797-0-01|Transfer to Consumer Welfare Fund(under GST Act)|V|Header|Detailed-Head|||||100.0
4|01|03|2043|Collections Charges under State Goods and Services Tax|00||797||0||01|Transfer to Consumer Welfare Fund(under GST Act)|261|Inter Account Transfers|2043-00-797-0-01|Inter Account Transfers|V|Data|Object-Head||1.00|1.00|1.00|100.0
4|01|03|2043|Collections Charges under State Goods and Services Tax|00||797||0||01|Transfer to Consumer Welfare Fund(under GST Act)|||2043-00-797-0-01|HOA Total :|V|Total|Detailed-Head|0.00|1.00|1.00|1.00|100.0
4|01|03|2043|Collections Charges under State Goods and Services Tax|00||800||0||13|Consumer Welfare Activities under KGST ACT|||2043-00-800-0-13|Consumer Welfare Activities under KGST ACT|V|Header|Detailed-Head|||||100.0
4|01|03|2043|Collections Charges under State Goods and Services Tax|00||800||0||13|Consumer Welfare Activities under KGST ACT|051|General Expenses|2043-00-800-0-13|General Expenses|V|Data|Object-Head||1.00|1.00|1.00|100.0
4|01|03|2043|Collections Charges under State Goods and Services Tax|00||800||0||13|Consumer Welfare Activities under KGST ACT|||2043-00-800-0-13|HOA Total :|V|Total|Detailed-Head|0.00|1.00|1.00|1.00|100.0
4|01|03|2043|Collections Charges under State Goods and Services Tax|00||911||0||00|Deduct Recoveries of Over Payment|||2043-00-911-0-00|Deduct Recoveries of Over Payment|V|Header|Detailed-Head|||||100.0
4|01|03|2043|Collections Charges under State Goods and Services Tax|00||911||0||00|Deduct Recoveries of Over Payment|364|Deduct - Recoveries|2043-00-911-0-00|Deduct - Recoveries|V|Data|Object-Head|-0.08||||100.0
4|01|03|2043|Collections Charges under State Goods and Services Tax|00||911||0||00|Deduct Recoveries of Over Payment|||2043-00-911-0-00|HOA Total :|V|Total|Detailed-Head|-0.08|0.00|0.00|0.00|100.0
4|01|03|2043|Collections Charges under State Goods and Services Tax|00||911||0||01|Deduct Recovery of Overpayments|||2043-00-911-0-01|Deduct Recovery of Overpayments|V|Header|Detailed-Head|||||100.0
4|01|03|2043|Collections Charges under State Goods and Services Tax|00||911||0||01|Deduct Recovery of Overpayments|364|Deduct - Recoveries|2043-00-911-0-01|Deduct - Recoveries|V|Data|Object-Head|-347.96||||100.0
4|01|03|2043|Collections Charges under State Goods and Services Tax|00||911||0||01|Deduct Recovery of Overpayments|||2043-00-911-0-01|HOA Total :|V|Total|Detailed-Head|-347.96|0.00|0.00|0.00|100.0
5|1|03|2043|Collections Charges under State Goods and Services Tax|00||911|Deduct Recoveries of Over Payment|0||02|Deduct Recoveries of Over Payment|||2043-00-911-0-02|Deduct Recoveries of Over Payment|V|Header|Detailed-Head|||||100.0
5|1|03|2043|Collections Charges under State Goods and Services Tax|00||911|Deduct Recoveries of Over Payment|0||02|Deduct Recoveries of Over Payment|364|Deduct - Recoveries|2043-00-911-0-02|Deduct - Recoveries|V|Data|Object-Head|-19.82||||100.0
5|1|03|2043|Collections Charges under State Goods and Services Tax|00||911|Deduct Recoveries of Over Payment|0||02|Deduct Recoveries of Over Payment|||2043-00-911-0-02|HOA Total :|V|Total|Detailed-Head|-19.82|0.00|0.00|0.00|100.0
5|1|03|2043|Collections Charges under State Goods and Services Tax|00|||||||||||2043 - Total :|V|Total|Major-Head|56881.37|64138.59|64138.59|67055.74|
6|01|03|2045|Other Taxes & Duties on Commodities and Services|00|||||||||||2045|Other Taxes & Duties on Commodities and Services|Header|Sub-Major-Head|||||
6|01|03|2045|Other Taxes & Duties on Commodities and Services|00||911|Deduct Recovery of Over Payments of Current Year|0||01|Deduct Recovery of Over Payments of Current Year|||2045-00-911-0-01|Deduct Recovery of Over Payments of Current Year|V|Header|Detailed-Head|||||100.0
6|01|03|2045|Other Taxes & Duties on Commodities and Services|00||911|Deduct Recovery of Over Payments of Current Year|0||01|Deduct Recovery of Over Payments of Current Year|364|Deduct - Recoveries|2045-00-911-0-01|Deduct - Recoveries|V|Data|Object-Head|-3.67||||100.0
6|01|03|2045|Other Taxes & Duties on Commodities and Services|00||911|Deduct Recovery of Over Payments of Current Year|0||01|Deduct Recovery of Over Payments of Current Year|||2045-00-911-0-01|HOA Total :|V|Total|Detailed-Head|-3.67|0.00|0.00|0.00|100.0
6|01|03|2045|Other Taxes & Duties on Commodities and Services|00|||||||||||2045 - Total :|V|Total|Major-Head|-3.67|0.00|0.00|0.00|
7|01|03|2047|Other Fiscal Services|00||||||||||2047|Other Fiscal Services|V|Header|Major-Head|||||
7|01|03|2047|Other Fiscal Services|00||103|Promotion of Small Savings|0||01|Director of Small Savings|||2047-00-103-0-01|Director of Small Savings|V|Header|Detailed-Head|||||100.0
7|01|03|2047|Other Fiscal Services|00||103|Promotion of Small Savings|0||01|Director of Small Savings|002|Basic Pay|2047-00-103-0-01|Basic Pay|V|Data|Object-Head|294.42|1188.00|1188.00|1205.00|100.0
7|01|03|2047|Other Fiscal Services|00||103|Promotion of Small Savings|0||01|Director of Small Savings|003|Basic Pay-Staff|2047-00-103-0-01|Basic Pay-Staff|V|Data|Object-Head|705.72||||100.0
7|01|03|2047|Other Fiscal Services|00||103|Promotion of Small Savings|0||01|Director of Small Savings|004|Interim Relief|2047-00-103-0-01|Interim Relief|V|Data|Object-Head|63.88||||100.0
7|01|03|2047|Other Fiscal Services|00||103|Promotion of Small Savings|0||01|Director of Small Savings|011|Dearness Allowance|2047-00-103-0-01|Dearness Allowance|V|Data|Object-Head|233.74|262.00|262.00|301.00|100.0
7|01|03|2047|Other Fiscal Services|00||103|Promotion of Small Savings|0||01|Director of Small Savings|014|Other Allowance|2047-00-103-0-01|Other Allowance|V|Data|Object-Head|148.81|167.00|172.50|164.00|100.0
7|01|03|2047|Other Fiscal Services|00||103|Promotion of Small Savings|0||01|Director of Small Savings|020|Medical Allowance|2047-00-103-0-01|Medical Allowance|V|Data|Object-Head|5.60||||100.0
7|01|03|2047|Other Fiscal Services|00||103|Promotion of Small Savings|0||01|Director of Small Savings|021|Reimbursement of Medical Expenses|2047-00-103-0-01|Reimbursement of Medical Expenses|V|Data|Object-Head|4.04|15.00|15.00|15.00|100.0
7|01|03|2047|Other Fiscal Services|00||103|Promotion of Small Savings|0||01|Director of Small Savings|034|Contract/Outsource|2047-00-103-0-01|Contract/Outsource|V|Data|Object-Head|55.01|56.83|56.83|77.09|100.0
7|01|03|2047|Other Fiscal Services|00||103|Promotion of Small Savings|0||01|Director of Small Savings|041|Travel Expenses|2047-00-103-0-01|Travel Expenses|V|Data|Object-Head|6.71|4.16|4.16|5.00|100.0
7|01|03|2047|Other Fiscal Services|00||103|Promotion of Small Savings|0||01|Director of Small Savings|050|Office Expenses|2047-00-103-0-01|Office Expenses|V|Data|Object-Head||7.00|7.00|32.00|100.0
7|01|03|2047|Other Fiscal Services|00||103|Promotion of Small Savings|0||01|Director of Small Savings|051|General Expenses|2047-00-103-0-01|General Expenses|V|Data|Object-Head|31.85|26.00|26.00|3.70|100.0
7|01|03|2047|Other Fiscal Services|00||103|Promotion of Small Savings|0||01|Director of Small Savings|052|Telephone Charges|2047-00-103-0-01|Telephone Charges|V|Data|Object-Head|4.55||||100.0
7|01|03|2047|Other Fiscal Services|00||103|Promotion of Small Savings|0||01|Director of Small Savings|053|Purchase of Furniture and Fixture for Office|2047-00-103-0-01|Purchase of Furniture and Fixture for Office|V|Data|Object-Head|1.96||||100.0
7|01|03|2047|Other Fiscal Services|00||103|Promotion of Small Savings|0||01|Director of Small Savings|071|Building Expenses|2047-00-103-0-01|Building Expenses|V|Data|Object-Head|46.02|28.00|28.00|32.00|100.0
7|01|03|2047|Other Fiscal Services|00||103|Promotion of Small Savings|0||01|Director of Small Savings|195|Transport Expenses|2047-00-103-0-01|Transport Expenses|V|Data|Object-Head|4.35|22.62|22.62|16.54|100.0
7|01|03|2047|Other Fiscal Services|00||103|Promotion of Small Savings|0||01|Director of Small Savings|200|Maintenance Expenditure|2047-00-103-0-01|Maintenance Expenditure|V|Data|Object-Head||5.00|5.00|5.00|100.0
7|01|03|2047|Other Fiscal Services|00||103|Promotion of Small Savings|0||01|Director of Small Savings|||2047-00-103-0-01|HOA Total :|V|Total|Detailed-Head|1606.66|1781.61|1787.11|1856.33|100.0
7|01|03|2047|Other Fiscal Services|00||911|Deduct Recoveries of Over Payment|0||02|Deduct Recoveries of Over Payment|||2047-00-911-0-02|Deduct Recoveries of Over Payment|V|Header|Detailed-Head|||||100.0
7|01|03|2047|Other Fiscal Services|00||911|Deduct Recoveries of Over Payment|0||02|Deduct Recoveries of Over Payment|364|Deduct - Recoveries|2047-00-911-0-02|Deduct - Recoveries|V|Data|Object-Head|-0.23||||100.0
7|01|03|2047|Other Fiscal Services|00||911|Deduct Recoveries of Over Payment|0||02|Deduct Recoveries of Over Payment|||2047-00-911-0-02|HOA Total :|V|Total|Detailed-Head|-0.23|0.00|0.00|0.00|100.0
7|01|03|2047|Other Fiscal Services|00|||||||||||2047 - Total :|V|Total|Major-Head|1606.43|1781.61|1787.11|1856.33|
8|01|03|2052|Secretariat-General Services|00||||||||||2052|Secretariat-General Services|V|Header|Major-Head|||||
8|01|03|2052|Secretariat-General Services|00||090|Secretariat|||||||2052-00-090|Secretariat|V|Header|Minor-Head|||||
8|01|03|2052|Secretariat-General Services|00||090|Secretariat|0||||||2052-00-090-0||V|Header|Sub-Head|||||
8|01|03|2052|Secretariat-General Services|00||090|Secretariat|0||07|Integrated Budget Information System(IBIS) and Other Charges|||2052-00-090-0-07|Integrated Budget Information System(IBIS) and Other Charges|V|Header|Detailed-Head|||||100.0
8|01|03|2052|Secretariat-General Services|00||090|Secretariat|0||07|Integrated Budget Information System(IBIS) and Other Charges|015|Subsidiary Expenses|2052-00-090-0-07|Subsidiary Expenses|V|Data|Object-Head|0.20|1.00|1.00|1.00|100.0
8|01|03|2052|Secretariat-General Services|00||090|Secretariat|0||07|Integrated Budget Information System(IBIS) and Other Charges|034|Contract/Outsource|2052-00-090-0-07|Contract/Outsource|V|Data|Object-Head|93.97|104.74|104.74|113.80|100.0
8|01|03|2052|Secretariat-General Services|00||090|Secretariat|0||07|Integrated Budget Information System(IBIS) and Other Charges|050|Office Expenses|2052-00-090-0-07|Office Expenses|V|Data|Object-Head|7.12|20.00|20.00|20.00|100.0
8|01|03|2052|Secretariat-General Services|00||090|Secretariat|0||07|Integrated Budget Information System(IBIS) and Other Charges|051|General Expenses|2052-00-090-0-07|General Expenses|V|Data|Object-Head|1106.42|40.00|80.00|80.00|100.0
8|01|03|2052|Secretariat-General Services|00||090|Secretariat|0||07|Integrated Budget Information System(IBIS) and Other Charges|059|Other Expenses|2052-00-090-0-07|Other Expenses|V|Data|Object-Head|0.48|109.54|69.54|20.00|100.0
8|01|03|2052|Secretariat-General Services|00||090|Secretariat|0||07|Integrated Budget Information System(IBIS) and Other Charges|195|Transport Expenses|2052-00-090-0-07|Transport Expenses|V|Data|Object-Head|4.56|5.00|5.00|5.00|100.0
8|01|03|2052|Secretariat-General Services|00||090|Secretariat|0||07|Integrated Budget Information System(IBIS) and Other Charges|221|Materials and Supplies|2052-00-090-0-07|Materials and Supplies|V|Data|Object-Head|0.77|1.00|1.00|1.00|100.0
8|01|03|2052|Secretariat-General Services|00||090|Secretariat|0||07|Integrated Budget Information System(IBIS) and Other Charges|||2052-00-090-0-07|HOA Total :|V|Total|Detailed-Head|1213.52|281.28|281.28|240.80|100.0
8|01|03|2052|Secretariat-General Services|00||090|Secretariat|0||12|Fiscal Policy Institute|||2052-00-090-0-12|Fiscal Policy Institute|V|Header|Detailed-Head|||||100.0
8|01|03|2052|Secretariat-General Services|00||090|Secretariat|0||12|Fiscal Policy Institute|002|Basic Pay|2052-00-090-0-12|Basic Pay|V|Data|Object-Head|87.97|128.00|128.00|149.00|100.0
8|01|03|2052|Secretariat-General Services|00||090|Secretariat|0||12|Fiscal Policy Institute|003|Basic Pay-Staff|2052-00-090-0-12|Basic Pay-Staff|V|Data|Object-Head|29.33||||100.0
8|01|03|2052|Secretariat-General Services|00||090|Secretariat|0||12|Fiscal Policy Institute|004|Interim Relief|2052-00-090-0-12|Interim Relief|V|Data|Object-Head|8.09||||100.0
8|01|03|2052|Secretariat-General Services|00||090|Secretariat|0||12|Fiscal Policy Institute|011|Dearness Allowance|2052-00-090-0-12|Dearness Allowance|V|Data|Object-Head|39.50|38.00|38.00|52.00|100.0
8|01|03|2052|Secretariat-General Services|00||090|Secretariat|0||12|Fiscal Policy Institute|014|Other Allowance|2052-00-090-0-12|Other Allowance|V|Data|Object-Head|37.83|39.00|39.00|43.00|100.0
8|01|03|2052|Secretariat-General Services|00||090|Secretariat|0||12|Fiscal Policy Institute|015|Subsidiary Expenses|2052-00-090-0-12|Subsidiary Expenses|V|Data|Object-Head|80.35|110.00|95.00|114.00|100.0
8|01|03|2052|Secretariat-General Services|00||090|Secretariat|0||12|Fiscal Policy Institute|020|Medical Allowance|2052-00-090-0-12|Medical Allowance|V|Data|Object-Head|0.21||||100.0
8|01|03|2052|Secretariat-General Services|00||090|Secretariat|0||12|Fiscal Policy Institute|021|Reimbursement of Medical Expenses|2052-00-090-0-12|Reimbursement of Medical Expenses|V|Data|Object-Head||9.00|9.00|9.00|100.0
8|01|03|2052|Secretariat-General Services|00||090|Secretariat|0||12|Fiscal Policy Institute|034|Contract/Outsource|2052-00-090-0-12|Contract/Outsource|V|Data|Object-Head|229.13|286.37|206.37|287.97|100.0
8|01|03|2052|Secretariat-General Services|00||090|Secretariat|0||12|Fiscal Policy Institute|041|Travel Expenses|2052-00-090-0-12|Travel Expenses|V|Data|Object-Head|1.51|2.00|2.00|2.00|100.0
8|01|03|2052|Secretariat-General Services|00||090|Secretariat|0||12|Fiscal Policy Institute|050|Office Expenses|2052-00-090-0-12|Office Expenses|V|Data|Object-Head|2.41|7.00|7.00|7.00|100.0
8|01|03|2052|Secretariat-General Services|00||090|Secretariat|0||12|Fiscal Policy Institute|051|General Expenses|2052-00-090-0-12|General Expenses|V|Data|Object-Head|205.39|300.00|420.00|310.00|100.0
8|01|03|2052|Secretariat-General Services|00||090|Secretariat|0||12|Fiscal Policy Institute|052|Telephone Charges|2052-00-090-0-12|Telephone Charges|V|Data|Object-Head|1.70||||100.0
8|01|03|2052|Secretariat-General Services|00||090|Secretariat|0||12|Fiscal Policy Institute|071|Building Expenses|2052-00-090-0-12|Building Expenses|V|Data|Object-Head|21.79|33.00|33.00|34.00|100.0
8|01|03|2052|Secretariat-General Services|00||090|Secretariat|0||12|Fiscal Policy Institute|117|Scholarships & Incentives|2052-00-090-0-12|Scholarships & Incentives|V|Data|Object-Head|1.80|3.00|3.00|3.00|100.0
8|01|03|2052|Secretariat-General Services|00||090|Secretariat|0||12|Fiscal Policy Institute|195|Transport Expenses|2052-00-090-0-12|Transport Expenses|V|Data|Object-Head|26.33|75.00|20.00|61.27|100.0
9|01|03|2052|Secretariat-General Services|00||090|Secretariat|0||12|Fiscal Policy Institute|200|Maintenance Expenditure|2052-00-090-0-12|Maintenance Expenditure|V|Data|Object-Head|130.61|180.00|210.00|180.00|100.0
9|01|03|2052|Secretariat-General Services|00||090|Secretariat|0||12|Fiscal Policy Institute|234|Diet Expenses|2052-00-090-0-12|Diet Expenses|V|Data|Object-Head|36.89|50.00|50.00|52.00|100.0
9|01|03|2052|Secretariat-General Services|00||090|Secretariat|0||12|Fiscal Policy Institute|||2052-00-090-0-12|HOA Total :|V|Total|Detailed-Head|940.84|1260.37|1260.37|1304.24|100.0
9|01|03|2052|Secretariat-General Services|00||092|Other Offices|||||||2052-00-092|Other Offices|V|Header|Minor-Head|||||
9|01|03|2052|Secretariat-General Services|00||092|Other Offices|0||||||2052-00-092-0||V|Header|Sub-Head|||||
9|01|03|2052|Secretariat-General Services|00||092|Other Offices|0||07|Karnataka Pay Commission|||2052-00-092-0-07|Karnataka Pay Commission|V|Header|Detailed-Head|||||100.0
9|01|03|2052|Secretariat-General Services|00||092|Other Offices|0||07|Karnataka Pay Commission|103|Grants-in-Aid -General|2052-00-092-0-07|Grants-in-Aid -General|V|Data|Object-Head|100.00||||100.0
9|01|03|2052|Secretariat-General Services|00||092|Other Offices|0||07|Karnataka Pay Commission|||2052-00-092-0-07|HOA Total :|V|Total|Detailed-Head|100.00|0.00|0.00|0.00|100.0
9|01|03|2052|Secretariat-General Services|00||092|Other Offices|0||18|State Finance Commission|||2052-00-092-0-18|State Finance Commission|V|Header|Detailed-Head|||||100.0
9|01|03|2052|Secretariat-General Services|00||092|Other Offices|0||18|State Finance Commission|103|Grants-in-Aid -General|2052-00-092-0-18|Grants-in-Aid -General|V|Data|Object-Head|340.90|100.00|330.00|1.00|100.0
9|01|03|2052|Secretariat-General Services|00||092|Other Offices|0||18|State Finance Commission|||2052-00-092-0-18|HOA Total :|V|Total|Detailed-Head|340.90|100.00|330.00|1.00|100.0
9|01|03|2052|Secretariat-General Services|00||092|Other Offices|0||50|Vacant Post Provision|||2052-00-092-0-50|Vacant Post Provision|V|Header|Detailed-Head|||||100.0
9|01|03|2052|Secretariat-General Services|00||092|Other Offices|0||50|Vacant Post Provision|014|Other Allowance|2052-00-092-0-50|Other Allowance|V|Data|Object-Head||10266.99|8699.69|11754.99|100.0
9|01|03|2052|Secretariat-General Services|00||092|Other Offices|0||50|Vacant Post Provision|||2052-00-092-0-50|HOA Total :|V|Total|Detailed-Head|0.00|10266.99|8699.69|11754.99|100.0
9|01|03|2052|Secretariat-General Services|00||||||||||2052|2052 - Total :|V|Total|Major-Head|2595.26|11908.64|10571.34|13301.03|
10|01|03|2054|Treasury and Accounts Administration|00||095||0||01|Director of Treasuries|||2054-00-095-0-01|Director of Treasuries|V|Header|Detailed-Head|||||100.0
10|01|03|2054|Treasury and Accounts Administration|00||095||0||01|Director of Treasuries|002|Basic Pay|2054-00-095-0-01|Basic Pay|V|Data|Object-Head|2753.12|13295.00|13895.00|13753.00|100.0
10|01|03|2054|Treasury and Accounts Administration|00||095||0||01|Director of Treasuries|003|Basic Pay-Staff|2054-00-095-0-01|Basic Pay-Staff|V|Data|Object-Head|8292.60||||100.0
10|01|03|2054|Treasury and Accounts Administration|00||095||0||01|Director of Treasuries|004|Interim Relief|2054-00-095-0-01|Interim Relief|V|Data|Object-Head|659.91||||100.0
10|01|03|2054|Treasury and Accounts Administration|00||095||0||01|Director of Treasuries|011|Dearness Allowance|2054-00-095-0-01|Dearness Allowance|V|Data|Object-Head|2495.42|2931.00|2131.00|3444.00|100.0
10|01|03|2054|Treasury and Accounts Administration|00||095||0||01|Director of Treasuries|014|Other Allowance|2054-00-095-0-01|Other Allowance|V|Data|Object-Head|1338.15|1623.00|1823.00|1588.00|100.0
10|01|03|2054|Treasury and Accounts Administration|00||095||0||01|Director of Treasuries|015|Subsidiary Expenses|2054-00-095-0-01|Subsidiary Expenses|V|Data|Object-Head|21.54|30.00|30.00|30.00|100.0
10|01|03|2054|Treasury and Accounts Administration|00||095||0||01|Director of Treasuries|020|Medical Allowance|2054-00-095-0-01|Medical Allowance|V|Data|Object-Head|68.16||||100.0
10|01|03|2054|Treasury and Accounts Administration|00||095||0||01|Director of Treasuries|021|Reimbursement of Medical Expenses|2054-00-095-0-01|Reimbursement of Medical Expenses|V|Data|Object-Head|34.32|135.00|135.00|135.00|100.0
10|01|03|2054|Treasury and Accounts Administration|00||095||0||01|Director of Treasuries|034|Contract/Outsource|2054-00-095-0-01|Contract/Outsource|V|Data|Object-Head|895.56|919.66|919.66|835.75|100.0
10|01|03|2054|Treasury and Accounts Administration|00||095||0||01|Director of Treasuries|041|Travel Expenses|2054-00-095-0-01|Travel Expenses|V|Data|Object-Head|73.02|42.00|42.00|42.00|100.0
10|01|03|2054|Treasury and Accounts Administration|00||095||0||01|Director of Treasuries|050|Office Expenses|2054-00-095-0-01|Office Expenses|V|Data|Object-Head|294.00|320.00|320.00|325.00|100.0
10|01|03|2054|Treasury and Accounts Administration|00||095||0||01|Director of Treasuries|051|General Expenses|2054-00-095-0-01|General Expenses|V|Data|Object-Head|871.47|50.00|50.00|50.00|100.0
10|01|03|2054|Treasury and Accounts Administration|00||095||0||01|Director of Treasuries|052|Telephone Charges|2054-00-095-0-01|Telephone Charges|V|Data|Object-Head|15.51||||100.0
10|01|03|2054|Treasury and Accounts Administration|00||095||0||01|Director of Treasuries|053|Purchase of Furniture and Fixture for Office|2054-00-095-0-01|Purchase of Furniture and Fixture for Office|V|Data|Object-Head|10.26||||100.0
10|01|03|2054|Treasury and Accounts Administration|00||095||0||01|Director of Treasuries|071|Building Expenses|2054-00-095-0-01|Building Expenses|V|Data|Object-Head|955.62|1040.00|1040.00|1040.00|100.0
10|01|03|2054|Treasury and Accounts Administration|00||095||0||01|Director of Treasuries|177|IT Expenditure|2054-00-095-0-01|IT Expenditure|V|Data|Object-Head||1342.00|1342.00|1500.00|100.0
10|01|03|2054|Treasury and Accounts Administration|00||095||0||01|Director of Treasuries|195|Transport Expenses|2054-00-095-0-01|Transport Expenses|V|Data|Object-Head|211.38|244.93|244.93|268.28|100.0
10|01|03|2054|Treasury and Accounts Administration|00||095||0||01|Director of Treasuries|200|Maintenance Expenditure|2054-00-095-0-01|Maintenance Expenditure|V|Data|Object-Head|3396.32|2600.00|2600.00|2800.00|100.0
10|01|03|2054|Treasury and Accounts Administration|00||095||0||01|Director of Treasuries|||2054-00-095-0-01|HOA Total :|V|Total|Detailed-Head|22386.36|24572.59|24572.59|25811.03|100.0
10|01|03|2054|Treasury and Accounts Administration|00||095||0||06|Project Director HRMS-2|||2054-00-095-0-06|Project Director HRMS-2|V|Header|Detailed-Head|||||100.0
10|01|03|2054|Treasury and Accounts Administration|00||095||0||06|Project Director HRMS-2|002|Basic Pay|2054-00-095-0-06|Basic Pay|V|Data|Object-Head|56.99|103.00|103.00|96.00|100.0
10|01|03|2054|Treasury and Accounts Administration|00||095||0||06|Project Director HRMS-2|003|Basic Pay-Staff|2054-00-095-0-06|Basic Pay-Staff|V|Data|Object-Head|19.90||||100.0
10|01|03|2054|Treasury and Accounts Administration|00||095||0||06|Project Director HRMS-2|004|Interim Relief|2054-00-095-0-06|Interim Relief|V|Data|Object-Head|5.14||||100.0
10|01|03|2054|Treasury and Accounts Administration|00||095||0||06|Project Director HRMS-2|011|Dearness Allowance|2054-00-095-0-06|Dearness Allowance|V|Data|Object-Head|20.64|26.00|26.00|24.00|100.0
10|01|03|2054|Treasury and Accounts Administration|00||095||0||06|Project Director HRMS-2|014|Other Allowance|2054-00-095-0-06|Other Allowance|V|Data|Object-Head|18.70|24.00|24.00|20.00|100.0
10|01|03|2054|Treasury and Accounts Administration|00||095||0||06|Project Director HRMS-2|015|Subsidiary Expenses|2054-00-095-0-06|Subsidiary Expenses|V|Data|Object-Head||15.00|15.00|10.00|100.0
11|01|03|2054|Treasury and Accounts Administration|00||095||0||06|Project Director HRMS-2|020|Medical Allowance|2054-00-095-0-06|Medical Allowance|V|Data|Object-Head|0.15||||100.0
11|01|03|2054|Treasury and Accounts Administration|00||095||0||06|Project Director HRMS-2|021|Reimbursement of Medical Expenses|2054-00-095-0-06|Reimbursement of Medical Expenses|V|Data|Object-Head|0.16|9.00|9.00|3.00|100.0
11|01|03|2054|Treasury and Accounts Administration|00||095||0||06|Project Director HRMS-2|034|Contract/Outsource|2054-00-095-0-06|Contract/Outsource|V|Data|Object-Head|289.10|316.80|323.80|328.67|100.0
11|01|03|2054|Treasury and Accounts Administration|00||095||0||06|Project Director HRMS-2|041|Travel Expenses|2054-00-095-0-06|Travel Expenses|V|Data|Object-Head|0.53|1.50|1.50|1.00|100.0
11|01|03|2054|Treasury and Accounts Administration|00||095||0||06|Project Director HRMS-2|050|Office Expenses|2054-00-095-0-06|Office Expenses|V|Data|Object-Head|0.77|7.00|7.00|5.00|100.0
11|01|03|2054|Treasury and Accounts Administration|00||095||0||06|Project Director HRMS-2|051|General Expenses|2054-00-095-0-06|General Expenses|V|Data|Object-Head|980.17|5.00|5.00|10.00|100.0
11|01|03|2054|Treasury and Accounts Administration|00||095||0||06|Project Director HRMS-2|052|Telephone Charges|2054-00-095-0-06|Telephone Charges|V|Data|Object-Head|0.24||||100.0
11|01|03|2054|Treasury and Accounts Administration|00||095||0||06|Project Director HRMS-2|071|Building Expenses|2054-00-095-0-06|Building Expenses|V|Data|Object-Head|0.14|0.52|0.52|0.50|100.0
11|01|03|2054|Treasury and Accounts Administration|00||095||0||06|Project Director HRMS-2|177|IT Expenditure|2054-00-095-0-06|IT Expenditure|V|Data|Object-Head||1500.00|1500.00|2000.00|100.0
11|01|03|2054|Treasury and Accounts Administration|00||095||0||06|Project Director HRMS-2|180|Machinery and Equipments|2054-00-095-0-06|Machinery and Equipments|V|Data|Object-Head|2.25||||100.0
11|01|03|2054|Treasury and Accounts Administration|00||095||0||06|Project Director HRMS-2|195|Transport Expenses|2054-00-095-0-06|Transport Expenses|V|Data|Object-Head|9.99|17.76|17.76|20.40|100.0
11|01|03|2054|Treasury and Accounts Administration|00||095||0||06|Project Director HRMS-2|200|Maintenance Expenditure|2054-00-095-0-06|Maintenance Expenditure|V|Data|Object-Head||9.50|9.50|5.00|100.0
11|01|03|2054|Treasury and Accounts Administration|00||095||0||06|Project Director HRMS-2|324|Honorarium|2054-00-095-0-06|Honorarium|V|Data|Object-Head|2.47|3.00|3.00||100.0
11|01|03|2054|Treasury and Accounts Administration|00||095||0||06|Project Director HRMS-2|||2054-00-095-0-06|HOA Total :|V|Total|Detailed-Head|1407.34|2038.08|2045.08|2523.57|100.0
11|01|03|2054|Treasury and Accounts Administration|00||098||0||01|Controller, State Accounts Department|||2054-00-098-0-01|Controller, State Accounts Department|V|Header|Detailed-Head|||||100.0
11|01|03|2054|Treasury and Accounts Administration|00||098||0||01|Controller, State Accounts Department|002|Basic Pay|2054-00-098-0-01|Basic Pay|V|Data|Object-Head|2345.72|5429.00|5429.00|4969.00|100.0
11|01|03|2054|Treasury and Accounts Administration|00||098||0||01|Controller, State Accounts Department|003|Basic Pay-Staff|2054-00-098-0-01|Basic Pay-Staff|V|Data|Object-Head|1899.53||||100.0
11|01|03|2054|Treasury and Accounts Administration|00||098||0||01|Controller, State Accounts Department|004|Interim Relief|2054-00-098-0-01|Interim Relief|V|Data|Object-Head|258.61||||100.0
11|01|03|2054|Treasury and Accounts Administration|00||098||0||01|Controller, State Accounts Department|011|Dearness Allowance|2054-00-098-0-01|Dearness Allowance|V|Data|Object-Head|968.23|1195.00|1195.00|1242.00|100.0
11|01|03|2054|Treasury and Accounts Administration|00||098||0||01|Controller, State Accounts Department|014|Other Allowance|2054-00-098-0-01|Other Allowance|V|Data|Object-Head|665.97|831.00|831.00|716.00|100.0
11|01|03|2054|Treasury and Accounts Administration|00||098||0||01|Controller, State Accounts Department|015|Subsidiary Expenses|2054-00-098-0-01|Subsidiary Expenses|V|Data|Object-Head|84.87|31.00|31.00|32.00|100.0
11|01|03|2054|Treasury and Accounts Administration|00||098||0||01|Controller, State Accounts Department|020|Medical Allowance|2054-00-098-0-01|Medical Allowance|V|Data|Object-Head|16.83||||100.0
11|01|03|2054|Treasury and Accounts Administration|00||098||0||01|Controller, State Accounts Department|021|Reimbursement of Medical Expenses|2054-00-098-0-01|Reimbursement of Medical Expenses|V|Data|Object-Head|14.75|49.00|49.00|44.00|100.0
11|01|03|2054|Treasury and Accounts Administration|00||098||0||01|Controller, State Accounts Department|034|Contract/Outsource|2054-00-098-0-01|Contract/Outsource|V|Data|Object-Head|352.69|377.14|377.14|391.50|100.0
11|01|03|2054|Treasury and Accounts Administration|00||098||0||01|Controller, State Accounts Department|041|Travel Expenses|2054-00-098-0-01|Travel Expenses|V|Data|Object-Head|146.32|104.00|104.00|104.00|100.0
11|01|03|2054|Treasury and Accounts Administration|00||098||0||01|Controller, State Accounts Department|050|Office Expenses|2054-00-098-0-01|Office Expenses|V|Data|Object-Head|56.32|68.00|68.00|70.00|100.0
11|01|03|2054|Treasury and Accounts Administration|00||098||0||01|Controller, State Accounts Department|051|General Expenses|2054-00-098-0-01|General Expenses|V|Data|Object-Head|14.23|15.00|15.00|15.00|100.0
12|01|03|2054|Treasury and Accounts Administration|00||098|Controller, State Accounts Department|0||01|Controller, State Accounts Department|052|Telephone Charges|2054-00-098-0-01|Telephone Charges|V|Data|Object-Head|5.81||||100.0
12|01|03|2054|Treasury and Accounts Administration|00||098|Controller, State Accounts Department|0||01|Controller, State Accounts Department|053|Purchase of Furniture and Fixture for Office|2054-00-098-0-01|Purchase of Furniture and Fixture for Office|V|Data|Object-Head|12.98||||100.0
12|01|03|2054|Treasury and Accounts Administration|00||098|Controller, State Accounts Department|0||01|Controller, State Accounts Department|071|Building Expenses|2054-00-098-0-01|Building Expenses|V|Data|Object-Head|311.16|336.00|336.00|345.00|100.0
12|01|03|2054|Treasury and Accounts Administration|00||098|Controller, State Accounts Department|0||01|Controller, State Accounts Department|195|Transport Expenses|2054-00-098-0-01|Transport Expenses|V|Data|Object-Head|201.04|372.83|372.83|347.50|100.0
12|01|03|2054|Treasury and Accounts Administration|00||098|Controller, State Accounts Department|0||01|Controller, State Accounts Department|200|Maintenance Expenditure|2054-00-098-0-01|Maintenance Expenditure|V|Data|Object-Head|12.08|20.00|20.00|20.00|100.0
12|01|03|2054|Treasury and Accounts Administration|00||098|Controller, State Accounts Department|0||01|Controller, State Accounts Department|221|Materials and Supplies|2054-00-098-0-01|Materials and Supplies|V|Data|Object-Head|47.43||||100.0
12|01|03|2054|Treasury and Accounts Administration|00||098|Controller, State Accounts Department|0||01|Controller, State Accounts Department|||2054-00-098-0-01|HOA Total :|V|Total|Detailed-Head|7414.57|8827.97|8827.97|8296.00|100.0
12|01|03|2054|Treasury and Accounts Administration|00||911|Deduct Recoveries of Over Payment|0||00|Deduct Recoveries of Over Payment|||2054-00-911-0-00|Deduct Recoveries of Over Payment|V|Header|Detailed-Head|||||100.0
12|01|03|2054|Treasury and Accounts Administration|00||911|Deduct Recoveries of Over Payment|0||00|Deduct Recoveries of Over Payment|364|Deduct - Recoveries|2054-00-911-0-00|Deduct - Recoveries|V|Data|Object-Head|-0.52||||100.0
12|01|03|2054|Treasury and Accounts Administration|00||911|Deduct Recoveries of Over Payment|0||00|Deduct Recoveries of Over Payment|||2054-00-911-0-00|HOA Total :|V|Total|Detailed-Head|-0.52|0.00|0.00|0.00|100.0
12|01|03|2054|Treasury and Accounts Administration|00||911|Deduct Recoveries of Over Payment|0||01|Deduct Recovery of Over Payments of Current Year|||2054-00-911-0-01|Deduct Recovery of Over Payments of Current Year|V|Header|Detailed-Head|||||100.0
12|01|03|2054|Treasury and Accounts Administration|00||911|Deduct Recoveries of Over Payment|0||01|Deduct Recovery of Over Payments of Current Year|364|Deduct - Recoveries|2054-00-911-0-01|Deduct - Recoveries|V|Data|Object-Head|-39.25||||100.0
12|01|03|2054|Treasury and Accounts Administration|00||911|Deduct Recoveries of Over Payment|0||01|Deduct Recovery of Over Payments of Current Year|||2054-00-911-0-01|HOA Total :|V|Total|Detailed-Head|-39.25|0.00|0.00|0.00|100.0
12|01|03|2054|Treasury and Accounts Administration|00||911|Deduct Recoveries of Over Payment|0||02|Deduct Recoveries of Over Payment|||2054-00-911-0-02|Deduct Recoveries of Over Payment|V|Header|Detailed-Head|||||100.0
12|01|03|2054|Treasury and Accounts Administration|00||911|Deduct Recoveries of Over Payment|0||02|Deduct Recoveries of Over Payment|364|Deduct - Recoveries|2054-00-911-0-02|Deduct - Recoveries|V|Data|Object-Head|-50.06||||100.0
12|01|03|2054|Treasury and Accounts Administration|00||911|Deduct Recoveries of Over Payment|0||02|Deduct Recoveries of Over Payment|||2054-00-911-0-02|HOA Total :|V|Total|Detailed-Head|-50.06|0.00|0.00|0.00|100.0
12|01|03|2054|Treasury and Accounts Administration|00||||||||||2054|2054 - Total :|V|Total|Major-Head|31118.44|35438.64|35445.64|36630.60|
13|1|03|2071|Pension & Other Retirement Benefits|01||||||||||2071|Pension & Other Retirement Benefits|V|Header|Major-Head|||||
13|1|03|2071|Pension & Other Retirement Benefits|01||101||3||01|Pension Payment to Retired Karnataka State Govt Employees|||2071-01-101-3-01|Pension Payment to Retired Karnataka State Govt Employees|V|Header|Detailed-Head|||||100.0
13|1|03|2071|Pension & Other Retirement Benefits|01||101||3||01|Pension Payment to Retired Karnataka State Govt Employees|251|Pension & Retirement Benefits|2071-01-101-3-01|Pension & Retirement Benefits|V|Data|Object-Head|1756850.70|2069712.01|1998840.68|2220676.18|100.0
13|1|03|2071|Pension & Other Retirement Benefits|01||101||3||01|Pension Payment to Retired Karnataka State Govt Employees|||2071-01-101-3-01|HOA Total :|V|Total|Detailed-Head|1756850.70|2069712.01|1998840.68|2220676.18|100.0
13|1|03|2071|Pension & Other Retirement Benefits|01||101||3||02|Pensions Paid in England|||2071-01-101-3-02|Pensions Paid in England|V|Header|Detailed-Head|||||100.0
13|1|03|2071|Pension & Other Retirement Benefits|01||101||3||02|Pensions Paid in England|251|Pension & Retirement Benefits|2071-01-101-3-02|Pension & Retirement Benefits|V|Data|Object-Head||1.00|1.00|1.00|100.0
13|1|03|2071|Pension & Other Retirement Benefits|01||101||3||02|Pensions Paid in England|||2071-01-101-3-02|HOA Total :|V|Total|Detailed-Head|0.00|1.00|1.00|1.00|100.0
13|1|03|2071|Pension & Other Retirement Benefits|01||101||4||01|Andhra Pradesh|||2071-01-101-4-01|Andhra Pradesh|C|Header|Detailed-Head|||||100.0
13|1|03|2071|Pension & Other Retirement Benefits|01||101||4||01|Andhra Pradesh|251|Pension & Retirement Benefits|2071-01-101-4-01|Pension & Retirement Benefits|C|Data|Object-Head||1.00|1.00|1.00|100.0
13|1|03|2071|Pension & Other Retirement Benefits|01||101||4||01|Andhra Pradesh|||2071-01-101-4-01|HOA Total :|C|Total|Detailed-Head|0.00|1.00|1.00|1.00|100.0
13|1|03|2071|Pension & Other Retirement Benefits|01||101||4||02|Maharashtra|||2071-01-101-4-02|Maharashtra|C|Header|Detailed-Head|||||100.0
13|1|03|2071|Pension & Other Retirement Benefits|01||101||4||02|Maharashtra|251|Pension & Retirement Benefits|2071-01-101-4-02|Pension & Retirement Benefits|C|Data|Object-Head||1.00|1.00|1.00|100.0
13|1|03|2071|Pension & Other Retirement Benefits|01||101||4||02|Maharashtra|||2071-01-101-4-02|HOA Total :|C|Total|Detailed-Head|0.00|1.00|1.00|1.00|100.0
13|1|03|2071|Pension & Other Retirement Benefits|01||102||3||01|Payment of Commuted Value of Pensions-Karnataka|||2071-01-102-3-01|Payment of Commuted Value of Pensions-Karnataka|V|Header|Detailed-Head|||||100.0
13|1|03|2071|Pension & Other Retirement Benefits|01||102||3||01|Payment of Commuted Value of Pensions-Karnataka|251|Pension & Retirement Benefits|2071-01-102-3-01|Pension & Retirement Benefits|V|Data|Object-Head|189074.27|243547.08|312849.78|272282.60|100.0
13|1|03|2071|Pension & Other Retirement Benefits|01||102||3||01|Payment of Commuted Value of Pensions-Karnataka|||2071-01-102-3-01|HOA Total :|V|Total|Detailed-Head|189074.27|243547.08|312849.78|272282.60|100.0
14|1|03|2071|Pension & Other Retirement Benefits|01||103||3||01|Compassionate Allowances - GIA|||2071-01-103-3-01|Compassionate Allowances - GIA|V|Header|Detailed-Head|||||100.0
14|1|03|2071|Pension & Other Retirement Benefits|01||103||3||01|Compassionate Allowances - GIA|251|Pension & Retirement Benefits|2071-01-103-3-01|Pension & Retirement Benefits|V|Data|Object-Head|670.68|1016.82|1016.82|1016.82|100.0
14|1|03|2071|Pension & Other Retirement Benefits|01||103||3||01|Compassionate Allowances - GIA|||2071-01-103-3-01|HOA Total :|V|Total|Detailed-Head|670.68|1016.82|1016.82|1016.82|100.0
14|1|03|2071|Pension & Other Retirement Benefits|01||104||2||03|DCRG under Revised Pension Rules|||2071-01-104-2-03|DCRG under Revised Pension Rules|V|Header|Detailed-Head|||||100.0
14|1|03|2071|Pension & Other Retirement Benefits|01||104||2||03|DCRG under Revised Pension Rules|251|Pension & Retirement Benefits|2071-01-104-2-03|Pension & Retirement Benefits|V|Data|Object-Head|171043.36|285114.48|285114.48|313286.88|100.0
14|1|03|2071|Pension & Other Retirement Benefits|01||104||2||03|DCRG under Revised Pension Rules|||2071-01-104-2-03|HOA Total :|V|Total|Detailed-Head|171043.36|285114.48|285114.48|313286.88|100.0
14|1|03|2071|Pension & Other Retirement Benefits|01||104||2||05|Gratuities to Ex-shanbhags /Karnams/Patwaries|||2071-01-104-2-05|Gratuities to Ex-shanbhags /Karnams/Patwaries|V|Header|Detailed-Head|||||100.0
14|1|03|2071|Pension & Other Retirement Benefits|01||104||2||05|Gratuities to Ex-shanbhags /Karnams/Patwaries|251|Pension & Retirement Benefits|2071-01-104-2-05|Pension & Retirement Benefits|V|Data|Object-Head|13.72|50.00|50.00|50.00|100.0
14|1|03|2071|Pension & Other Retirement Benefits|01||104||2||05|Gratuities to Ex-shanbhags /Karnams/Patwaries|||2071-01-104-2-05|HOA Total :|V|Total|Detailed-Head|13.72|50.00|50.00|50.00|100.0
14|1|03|2071|Pension & Other Retirement Benefits|01||104||2||06|Interest on Belated Payment of DCRG|||2071-01-104-2-06|Interest on Belated Payment of DCRG|V|Header|Detailed-Head|||||100.0
14|1|03|2071|Pension & Other Retirement Benefits|01||104||2||06|Interest on Belated Payment of DCRG|240|Repayment of Borrowings|2071-01-104-2-06|Repayment of Borrowings|V|Data|Object-Head|271.16||||100.0
14|1|03|2071|Pension & Other Retirement Benefits|01||104||2||06|Interest on Belated Payment of DCRG|241|Interest Payments|2071-01-104-2-06|Interest Payments|V|Data|Object-Head||250.00|832.12|250.00|100.0
14|1|03|2071|Pension & Other Retirement Benefits|01||104||2||06|Interest on Belated Payment of DCRG|||2071-01-104-2-06|HOA Total :|V|Total|Detailed-Head|271.16|250.00|832.12|250.00|100.0
15|1|03|2071|Pension & Other Retirement Benefits|01||104||2||07|New Contributory Pension Scheme-Extension of benefits to the cases of persons / families who retired / died while in service|||2071-01-104-2-07|New Contributory Pension Scheme-Extension of benefits to the cases of persons / families who retired / died while in service|V|Header|Detailed-Head|||||100.0
15|1|03|2071|Pension & Other Retirement Benefits|01||104||2||07|New Contributory Pension Scheme-Extension of benefits to the cases of persons / families who retired / died while in service|251|Pension & Retirement Benefits|2071-01-104-2-07|Pension & Retirement Benefits|V|Data|Object-Head||400.00|400.00|400.00|100.0
15|1|03|2071|Pension & Other Retirement Benefits|01||104||2||07|New Contributory Pension Scheme-Extension of benefits to the cases of persons / families who retired / died while in service|||2071-01-104-2-07|HOA Total :|V|Total|Detailed-Head|0.00|400.00|400.00|400.00|100.0
15|1|03|2071|Pension & Other Retirement Benefits|01||105||3||01|Payment of Family Pensions-Karnataka|||2071-01-105-3-01|Payment of Family Pensions-Karnataka|V|Header|Detailed-Head|||||100.0
15|1|03|2071|Pension & Other Retirement Benefits|01||105||3||01|Payment of Family Pensions-Karnataka|251|Pension & Retirement Benefits|2071-01-105-3-01|Pension & Retirement Benefits|V|Data|Object-Head|532039.45|543774.06|543774.06|627109.50|100.0
15|1|03|2071|Pension & Other Retirement Benefits|01||105||3||01|Payment of Family Pensions-Karnataka|||2071-01-105-3-01|HOA Total :|V|Total|Detailed-Head|532039.45|543774.06|543774.06|627109.50|100.0
15|1|03|2071|Pension & Other Retirement Benefits|01||106||0||01|Pensionary Charges in respect of High Court Judges|||2071-01-106-0-01|Pensionary Charges in respect of High Court Judges|C|Header|Detailed-Head|||||100.0
15|1|03|2071|Pension & Other Retirement Benefits|01||106||0||01|Pensionary Charges in respect of High Court Judges|250|Pensionary Charges|2071-01-106-0-01|Pensionary Charges|C|Data|Object-Head||100.00|100.00|100.00|100.0
15|1|03|2071|Pension & Other Retirement Benefits|01||106||0||01|Pensionary Charges in respect of High Court Judges|||2071-01-106-0-01|HOA Total :|C|Total|Detailed-Head|0.00|100.00|100.00|100.00|100.0
15|1|03|2071|Pension & Other Retirement Benefits|01||108||0||01|Contributions to Provident Funds of Commercial Concerns|||2071-01-108-0-01|Contributions to Provident Funds of Commercial Concerns|V|Header|Detailed-Head|||||100.0
15|1|03|2071|Pension & Other Retirement Benefits|01||108||0||01|Contributions to Provident Funds of Commercial Concerns|104|Contributions|2071-01-108-0-01|Contributions|V|Data|Object-Head||1.00|1.00|1.00|100.0
15|1|03|2071|Pension & Other Retirement Benefits|01||108||0||01|Contributions to Provident Funds of Commercial Concerns|||2071-01-108-0-01|HOA Total :|V|Total|Detailed-Head|0.00|1.00|1.00|1.00|100.0
16|1|03|2071|Pension & Other Retirement Benefits|01||109||1||02|Terminal Leave Encashment and DCRG Benefits to Grant-in-Aid Employees|||2071-01-109-1-02|Terminal Leave Encashment and DCRG Benefits to Grant-in-Aid Employees|V|Header|Detailed-Head|||||100.0
16|1|03|2071|Pension & Other Retirement Benefits|01||109||1||02|Terminal Leave Encashment and DCRG Benefits to Grant-in-Aid Employees|251|Pension & Retirement Benefits|2071-01-109-1-02|Pension & Retirement Benefits|V|Data|Object-Head|10560.80|39051.18|39051.18|37855.02|100.0
16|1|03|2071|Pension & Other Retirement Benefits|01||109||1||02|Terminal Leave Encashment and DCRG Benefits to Grant-in-Aid Employees|||2071-01-109-1-02|HOA Total :|V|Total|Detailed-Head|10560.80|39051.18|39051.18|37855.02|100.0
16|1|03|2071|Pension & Other Retirement Benefits|01||110||1||01|Superannuation and Retirement Benefits-ULB|||2071-01-110-1-01|Superannuation and Retirement Benefits-ULB|V|Header|Detailed-Head|||||100.0
16|1|03|2071|Pension & Other Retirement Benefits|01||110||1||01|Superannuation and Retirement Benefits-ULB|251|Pension & Retirement Benefits|2071-01-110-1-01|Pension & Retirement Benefits|V|Data|Object-Head|26977.99|40205.08|40205.08|46309.05|100.0
16|1|03|2071|Pension & Other Retirement Benefits|01||110||1||01|Superannuation and Retirement Benefits-ULB|||2071-01-110-1-01|HOA Total :|V|Total|Detailed-Head|26977.99|40205.08|40205.08|46309.05|100.0
16|1|03|2071|Pension & Other Retirement Benefits|01||110||1||02|Commuted Value of Pensions-ULB|||2071-01-110-1-02|Commuted Value of Pensions-ULB|V|Header|Detailed-Head|||||100.0
16|1|03|2071|Pension & Other Retirement Benefits|01||110||1||02|Commuted Value of Pensions-ULB|251|Pension & Retirement Benefits|2071-01-110-1-02|Pension & Retirement Benefits|V|Data|Object-Head|4597.60|6905.85|6905.85|6905.85|100.0
16|1|03|2071|Pension & Other Retirement Benefits|01||110||1||02|Commuted Value of Pensions-ULB|||2071-01-110-1-02|HOA Total :|V|Total|Detailed-Head|4597.60|6905.85|6905.85|6905.85|100.0
16|1|03|2071|Pension & Other Retirement Benefits|01||110||1||03|Gratuities-ULB|||2071-01-110-1-03|Gratuities-ULB|V|Header|Detailed-Head|||||100.0
16|1|03|2071|Pension & Other Retirement Benefits|01||110||1||03|Gratuities-ULB|251|Pension & Retirement Benefits|2071-01-110-1-03|Pension & Retirement Benefits|V|Data|Object-Head|4583.03|5806.71|6793.22|5806.71|100.0
16|1|03|2071|Pension & Other Retirement Benefits|01||110||1||03|Gratuities-ULB|||2071-01-110-1-03|HOA Total :|V|Total|Detailed-Head|4583.03|5806.71|6793.22|5806.71|100.0
16|1|03|2071|Pension & Other Retirement Benefits|01||110||1||04|Family Pensions-ULB|||2071-01-110-1-04|Family Pensions-ULB|V|Header|Detailed-Head|||||100.0
16|1|03|2071|Pension & Other Retirement Benefits|01||110||1||04|Family Pensions-ULB|251|Pension & Retirement Benefits|2071-01-110-1-04|Pension & Retirement Benefits|V|Data|Object-Head|21520.68|27647.30|27647.30|25323.95|100.0
16|1|03|2071|Pension & Other Retirement Benefits|01||110||1||04|Family Pensions-ULB|||2071-01-110-1-04|HOA Total :|V|Total|Detailed-Head|21520.68|27647.30|27647.30|25323.95|100.0
17|01|03|2071|Pension & Other Retirement Benefits|01||115||1||14|Terminal Leave Encashment-Judiciary|||2071-01-115-1-14|Terminal Leave Encashment-Judiciary|V|Header|Detailed-Head|||||100.0
17|01|03|2071|Pension & Other Retirement Benefits|01||115||1||14|Terminal Leave Encashment-Judiciary|251|Pension & Retirement Benefits|2071-01-115-1-14|Pension & Retirement Benefits|V|Data|Object-Head|3083.38|4355.94|4355.94|4387.53|100.0
17|01|03|2071|Pension & Other Retirement Benefits|01||115||1||14|Terminal Leave Encashment-Judiciary|||2071-01-115-1-14|HOA Total :|V|Total|Detailed-Head|3083.38|4355.94|4355.94|4387.53|100.0
17|01|03|2071|Pension & Other Retirement Benefits|01||115||5||01|Terminal Leave Encashment Benefits to State Government Employees|||2071-01-115-5-01|Terminal Leave Encashment Benefits to State Government Employees|V|Header|Detailed-Head|||||100.0
17|01|03|2071|Pension & Other Retirement Benefits|01||115||5||01|Terminal Leave Encashment Benefits to State Government Employees|251|Pension & Retirement Benefits|2071-01-115-5-01|Pension & Retirement Benefits|V|Data|Object-Head|87690.22|140989.53|140989.53|161966.60|100.0
17|01|03|2071|Pension & Other Retirement Benefits|01||115||5||01|Terminal Leave Encashment Benefits to State Government Employees|||2071-01-115-5-01|HOA Total :|V|Total|Detailed-Head|87690.22|140989.53|140989.53|161966.60|100.0
17|01|03|2071|Pension & Other Retirement Benefits|01||117||0||01|State's Matching Contribution to New Pension Scheme|||2071-01-117-0-01|State's Matching Contribution to New Pension Scheme|V|Header|Detailed-Head|||||100.0
17|01|03|2071|Pension & Other Retirement Benefits|01||117||0||01|State's Matching Contribution to New Pension Scheme|251|Pension & Retirement Benefits|2071-01-117-0-01|Pension & Retirement Benefits|V|Data|Object-Head|261539.68|348838.23|348838.23|378436.97|100.0
17|01|03|2071|Pension & Other Retirement Benefits|01||117||0||01|State's Matching Contribution to New Pension Scheme|||2071-01-117-0-01|HOA Total :|V|Total|Detailed-Head|261539.68|348838.23|348838.23|378436.97|100.0
17|01|03|2071|Pension & Other Retirement Benefits|01||119||0||01|Payment of service charges of NSDL- Pension paid in India|||2071-01-119-0-01|Payment of service charges of NSDL- Pension paid in India|V|Header|Detailed-Head|||||100.0
17|01|03|2071|Pension & Other Retirement Benefits|01||119||0||01|Payment of service charges of NSDL- Pension paid in India|251|Pension & Retirement Benefits|2071-01-119-0-01|Pension & Retirement Benefits|V|Data|Object-Head|388.75|550.00|550.00|550.00|100.0
17|01|03|2071|Pension & Other Retirement Benefits|01||119||0||01|Payment of service charges of NSDL- Pension paid in India|||2071-01-119-0-01|HOA Total :|V|Total|Detailed-Head|388.75|550.00|550.00|550.00|100.0
17|01|03|2071|Pension & Other Retirement Benefits|01||121||0||01|State's Matching Contribution to Unified Pension Scheme|||2071-01-121-0-01|State's Matching Contribution to Unified Pension Scheme|V|Header|Detailed-Head|||||100.0
17|01|03|2071|Pension & Other Retirement Benefits|01||121||0||01|State's Matching Contribution to Unified Pension Scheme|251|Pension & Retirement Benefits|2071-01-121-0-01|Pension & Retirement Benefits|V|Data|Object-Head||||1.00|100.0
17|01|03|2071|Pension & Other Retirement Benefits|01||121||0||01|State's Matching Contribution to Unified Pension Scheme|||2071-01-121-0-01|HOA Total :|V|Total|Detailed-Head|0.00|0.00|0.00|1.00|100.0
18|01|03|2071|Pension & Other Retirement Benefits|01||200||0||05|Pension and Other Retirement Benefits to Ex-Shanbhogs|||2071-01-200-0-05|Pension and Other Retirement Benefits to Ex-Shanbhogs|V|Header|Detailed-Head|||||100.0
18|01|03|2071|Pension & Other Retirement Benefits|01||200||0||05|Pension and Other Retirement Benefits to Ex-Shanbhogs|251|Pension & Retirement Benefits|2071-01-200-0-05|Pension & Retirement Benefits|V|Data|Object-Head|2.16|12.24|12.24|12.24|100.0
18|01|03|2071|Pension & Other Retirement Benefits|01||200||0||05|Pension and Other Retirement Benefits to Ex-Shanbhogs|||2071-01-200-0-05|HOA Total :|V|Total|Detailed-Head|2.16|12.24|12.24|12.24|100.0
18|01|03|2071|Pension & Other Retirement Benefits|01||200||0||06|Adhoc Pension to Ex-Patels|||2071-01-200-0-06|Adhoc Pension to Ex-Patels|V|Header|Detailed-Head|||||100.0
18|01|03|2071|Pension & Other Retirement Benefits|01||200||0||06|Adhoc Pension to Ex-Patels|251|Pension & Retirement Benefits|2071-01-200-0-06|Pension & Retirement Benefits|V|Data|Object-Head|214.02|230.58|230.58|230.58|100.0
18|01|03|2071|Pension & Other Retirement Benefits|01||200||0||06|Adhoc Pension to Ex-Patels|||2071-01-200-0-06|HOA Total :|V|Total|Detailed-Head|214.02|230.58|230.58|230.58|100.0
18|01|03|2071|Pension & Other Retirement Benefits|01||200||2||01|Exgratia|||2071-01-200-2-01|Exgratia|V|Header|Detailed-Head|||||100.0
18|01|03|2071|Pension & Other Retirement Benefits|01||200||2||01|Exgratia|251|Pension & Retirement Benefits|2071-01-200-2-01|Pension & Retirement Benefits|V|Data|Object-Head||1.00|1.00|1.00|100.0
18|01|03|2071|Pension & Other Retirement Benefits|01||200||2||01|Exgratia|||2071-01-200-2-01|HOA Total :|V|Total|Detailed-Head|0.00|1.00|1.00|1.00|100.0
18|01|03|2071|Pension & Other Retirement Benefits|01||911||0||00|Deduct Recoveries of Over Payment|||2071-01-911-0-00|Deduct Recoveries of Over Payment|V|Header|Detailed-Head|||||100.0
18|01|03|2071|Pension & Other Retirement Benefits|01||911||0||00|Deduct Recoveries of Over Payment|364|Deduct - Recoveries|2071-01-911-0-00|Deduct - Recoveries|V|Data|Object-Head|-34.96||||100.0
18|01|03|2071|Pension & Other Retirement Benefits|01||911||0||00|Deduct Recoveries of Over Payment|||2071-01-911-0-00|HOA Total :|V|Total|Detailed-Head|-34.96|0.00|0.00|0.00|100.0
18|01|03|2071|Pension & Other Retirement Benefits|01||911||0||01|Deduct Recovery of Over Payments of Current Year|||2071-01-911-0-01|Deduct Recovery of Over Payments of Current Year|V|Header|Detailed-Head|||||100.0
18|01|03|2071|Pension & Other Retirement Benefits|01||911||0||01|Deduct Recovery of Over Payments of Current Year|364|Deduct - Recoveries|2071-01-911-0-01|Deduct - Recoveries|V|Data|Object-Head|-8020.21||||100.0
18|01|03|2071|Pension & Other Retirement Benefits|01||911||0||01|Deduct Recovery of Over Payments of Current Year|||2071-01-911-0-01|HOA Total :|V|Total|Detailed-Head|-8020.21|0.00|0.00|0.00|100.0
19|01|03|2071|Pension & Other Retirement Benefits|01||911|Deduct Recoveries of Over Payment|0||02|Deduct Recovery of Over Payments of Previous Year|||2071-01-911-0-02|Deduct Recovery of Over Payments of Previous Year|V|Header|Detailed-Head|||||100.0
19|01|03|2071|Pension & Other Retirement Benefits|01||911|Deduct Recoveries of Over Payment|0||02|Deduct Recovery of Over Payments of Previous Year|364|Deduct - Recoveries|2071-01-911-0-02|Deduct - Recoveries|V|Data|Object-Head|-2792.72||||100.0
19|01|03|2071|Pension & Other Retirement Benefits|01||911|Deduct Recoveries of Over Payment|0||02|Deduct Recovery of Over Payments of Previous Year|||2071-01-911-0-02|HOA Total :|V|Total|Detailed-Head|-2792.72|0.00|0.00|0.00|100.0
19|01|03|2071|Pension & Other Retirement Benefits|01||911|Deduct Recoveries of Over Payment|0||03|Deduct Recoveries of Governments Contribution for Defined Contribution Pension Scheme|||2071-01-911-0-03|Deduct Recoveries of Governments Contribution for Defined Contribution Pension Scheme|V|Header|Detailed-Head|||||100.0
19|01|03|2071|Pension & Other Retirement Benefits|01||911|Deduct Recoveries of Over Payment|0||03|Deduct Recoveries of Governments Contribution for Defined Contribution Pension Scheme|364|Deduct - Recoveries|2071-01-911-0-03|Deduct - Recoveries|V|Data|Object-Head|-1427.29||||100.0
19|01|03|2071|Pension & Other Retirement Benefits|01||911|Deduct Recoveries of Over Payment|0||03|Deduct Recoveries of Governments Contribution for Defined Contribution Pension Scheme|||2071-01-911-0-03|HOA Total :|V|Total|Detailed-Head|-1427.29|0.00|0.00|0.00|100.0
19|01|03|2071|Pension & Other Retirement Benefits|01||911|Deduct Recoveries of Over Payment|0||06|Deduct Refund of Compensation paid to nominated next-of-kin of deceased Government Employees under NPS|||2071-01-911-0-06|Deduct Refund of Compensation paid to nominated next-of-kin of deceased Government Employees under NPS|V|Header|Detailed-Head|||||100.0
19|01|03|2071|Pension & Other Retirement Benefits|01||911|Deduct Recoveries of Over Payment|0||06|Deduct Refund of Compensation paid to nominated next-of-kin of deceased Government Employees under NPS|364|Deduct - Recoveries|2071-01-911-0-06|Deduct - Recoveries|V|Data|Object-Head|-90.49||||100.0
19|01|03|2071|Pension & Other Retirement Benefits|01||911|Deduct Recoveries of Over Payment|0||06|Deduct Refund of Compensation paid to nominated next-of-kin of deceased Government Employees under NPS|||2071-01-911-0-06|HOA Total :|V|Total|Detailed-Head|-90.49|0.00|0.00|0.00|100.0
19|01|03|2071|Pension & Other Retirement Benefits|01||||||||||2071|2071 - Total :|V|Total|Major-Head|3058755.98|3758562.09|3758562.09|4102962.48|
20|01|03|2075|Miscellaneous General Services|00||797||0||01|Transfer to Guarantee Redemption Fund|||2075-00-797-0-01|Transfer to Guarantee Redemption Fund|V|Header|Detailed-Head|||||100.0
20|01|03|2075|Miscellaneous General Services|00||797||0||01|Transfer to Guarantee Redemption Fund|261|Inter Account Transfers|2075-00-797-0-01|Inter Account Transfers|V|Data|Object-Head|19130.00|22200.00|172200.00|100000.00|100.0
20|01|03|2075|Miscellaneous General Services|00||797||0||01|Transfer to Guarantee Redemption Fund||||HOA Total :|V|Total|Detailed-Head|19130.00|22200.00|172200.00|100000.00|100.0
20|01|03|2075|Miscellaneous General Services|00||||||||||2075|2075 - Total :|V|Total|Major-Head|19130.00|22200.00|172200.00|100000.00|
21|01|03|2230|Labour, Employment and Skill Development|02||||||||||2230|Labour, Employment and Skill Development|V|Header|Major-Head|||||
21|01|03|2230|Labour, Employment and Skill Development|02||001||0||05|Special Assistance from the State Government|||2230-02-001-0-05|Special Assistance from the State Government|V|Header|Detailed-Head|||||100.0
21|01|03|2230|Labour, Employment and Skill Development|02||001||0||05|Special Assistance from the State Government|100|Financial Assistance/Relief|2230-02-001-0-05|Financial Assistance/Relief|V|Data|Object-Head||||190000.00|100.0
21|01|03|2230|Labour, Employment and Skill Development|02||001||0||05|Special Assistance from the State Government||||HOA Total :|V|Total|Detailed-Head|0.00|0.00|0.00|190000.00|100.0
21|01|03|2230|Labour, Employment and Skill Development|02||||||||||2230|2230 - Total :|V|Total|Major-Head|0.00|0.00|0.00|190000.00|
22|01|03|2235|Social Security and Welfare|60||||||||||2235|Social Security and Welfare||Header|Major-Head|||||
22|01|03|2235|Social Security and Welfare|60||110||1||00|Karnataka Government Insurance Department - Life Branch|||2235-60-110-1-00|Karnataka Government Insurance Department - Life Branch||Header|Detailed-Head|||||100.0
22|01|03|2235|Social Security and Welfare|60||110||1||00|Karnataka Government Insurance Department - Life Branch|002|Basic Pay|2235-60-110-1-00|Basic Pay||Data|Object-Head|298.62|3606.00|3699.80|3712.00|100.0
22|01|03|2235|Social Security and Welfare|60||110||1||00|Karnataka Government Insurance Department - Life Branch|003|Basic Pay-Staff|2235-60-110-1-00|Basic Pay-Staff||Data|Object-Head|2712.67||||100.0
22|01|03|2235|Social Security and Welfare|60||110||1||00|Karnataka Government Insurance Department - Life Branch|004|Interim Relief|2235-60-110-1-00|Interim Relief||Data|Object-Head|160.52||||100.0
22|01|03|2235|Social Security and Welfare|60||110||1||00|Karnataka Government Insurance Department - Life Branch|011|Dearness Allowance|2235-60-110-1-00|Dearness Allowance||Data|Object-Head|630.91|794.00|794.00|928.00|100.0
22|01|03|2235|Social Security and Welfare|60||110||1||00|Karnataka Government Insurance Department - Life Branch|014|Other Allowance|2235-60-110-1-00|Other Allowance||Data|Object-Head|436.28|538.00|538.00|530.00|100.0
22|01|03|2235|Social Security and Welfare|60||110||1||00|Karnataka Government Insurance Department - Life Branch|020|Medical Allowance|2235-60-110-1-00|Medical Allowance||Data|Object-Head|21.83||||100.0
22|01|03|2235|Social Security and Welfare|60||110||1||00|Karnataka Government Insurance Department - Life Branch|021|Reimbursement of Medical Expenses|2235-60-110-1-00|Reimbursement of Medical Expenses||Data|Object-Head|21.23|39.00|39.00|39.00|100.0
22|01|03|2235|Social Security and Welfare|60||110||1||00|Karnataka Government Insurance Department - Life Branch|034|Contract/Outsource|2235-60-110-1-00|Contract/Outsource||Data|Object-Head|109.72|108.21|119.21|111.98|100.0
22|01|03|2235|Social Security and Welfare|60||110||1||00|Karnataka Government Insurance Department - Life Branch|041|Travel Expenses|2235-60-110-1-00|Travel Expenses||Data|Object-Head|6.00|7.00|7.00|8.00|100.0
22|01|03|2235|Social Security and Welfare|60||110||1||00|Karnataka Government Insurance Department - Life Branch|051|General Expenses|2235-60-110-1-00|General Expenses||Data|Object-Head|242.71|110.00|110.00|30.00|100.0
22|01|03|2235|Social Security and Welfare|60||110||1||00|Karnataka Government Insurance Department - Life Branch|052|Telephone Charges|2235-60-110-1-00|Telephone Charges||Data|Object-Head|8.84|15.00|15.00|15.00|100.0
22|01|03|2235|Social Security and Welfare|60||110||1||00|Karnataka Government Insurance Department - Life Branch|053|Purchase of Furniture and Fixture for Office|2235-60-110-1-00|Purchase of Furniture and Fixture for Office||Data|Object-Head||||1.00|100.0
22|01|03|2235|Social Security and Welfare|60||110||1||00|Karnataka Government Insurance Department - Life Branch|071|Building Expenses|2235-60-110-1-00|Building Expenses||Data|Object-Head|164.75|150.00|150.00|125.00|100.0
22|01|03|2235|Social Security and Welfare|60||110||1||00|Karnataka Government Insurance Department - Life Branch|177|IT Expenditure|2235-60-110-1-00|IT Expenditure||Data|Object-Head||||140.00|100.0
22|01|03|2235|Social Security and Welfare|60||110||1||00|Karnataka Government Insurance Department - Life Branch|180|Machinery and Equipments|2235-60-110-1-00|Machinery and Equipments||Data|Object-Head|1.00|||1.00|100.0
22|01|03|2235|Social Security and Welfare|60||110||1||00|Karnataka Government Insurance Department - Life Branch|195|Transport Expenses|2235-60-110-1-00|Transport Expenses||Data|Object-Head|15.44|24.49|42.49|49.98|100.0
22|01|03|2235|Social Security and Welfare|60||110||1||00|Karnataka Government Insurance Department - Life Branch|221|Materials and Supplies|2235-60-110-1-00|Materials and Supplies||Data|Object-Head||1.00|1.00||100.0
22|01|03|2235|Social Security and Welfare|60||110||1||00|Karnataka Government Insurance Department - Life Branch|||2235-60-110-1-00|HOA Total :||Total|Detailed-Head|4830.52|5392.70|5515.50|5690.96|100.0
22|01|03|2235|Social Security and Welfare|60||200||1||08|Building Grants to State Government Employees Association in the State|||2235-60-200-1-08|Building Grants to State Government Employees Association in the State||Header|Detailed-Head|||||100.0
22|01|03|2235|Social Security and Welfare|60||200||1||08|Building Grants to State Government Employees Association in the State|102|Grants-in-Aid-Assets Creation|2235-60-200-1-08|Grants-in-Aid-Assets Creation||Data|Object-Head|27.50|100.00|100.00||100.0
22|01|03|2235|Social Security and Welfare|60||200||1||08|Building Grants to State Government Employees Association in the State|103|Grants-in-Aid -General|2235-60-200-1-08|Grants-in-Aid -General||Data|Object-Head||||100.00|100.0
22|01|03|2235|Social Security and Welfare|60||200||1||08|Building Grants to State Government Employees Association in the State|||2235-60-200-1-08|HOA Total :||Total|Detailed-Head|27.50|100.00|100.00|100.00|100.0
23|01|03|2235|Social Security and Welfare|60||902|Deduct - Amount Met from State Govt. Insurance Fund|0||00||||2235-60-902-0-00|Deduct - Amount Met from State Govt. Insurance Fund||Header|Detailed-Head|||||100.0
23|01|03|2235|Social Security and Welfare|60||902|Deduct - Amount Met from State Govt. Insurance Fund|0||00||261|Inter Account Transfers|2235-60-902-0-00|Inter Account Transfers||Data|Object-Head|-4830.52|-5392.70|-5392.70|-5674.62|100.0
23|01|03|2235|Social Security and Welfare|60||902|Deduct - Amount Met from State Govt. Insurance Fund|0||00||||2235-60-902-0-00|HOA Total :||Total|Detailed-Head|-4830.52|-5392.70|-5392.70|-5674.62|100.0
23|01|03|2235|Social Security and Welfare|60||||||||||2235|2235 - Total :||Total|Major-Head|27.50|100.00|222.80|116.34|
24|01|03|3451|Secretariat- Economic Services|00||||||||||3451|Secretariat- Economic Services||Header|Major-Head|||||
24|01|03|3451|Secretariat- Economic Services|00||091||0||01|Awards and Recognition to PSEs|||3451-00-091-0-01|Awards and Recognition to PSEs||Header|Detailed-Head|||||100.0
24|01|03|3451|Secretariat- Economic Services|00||091||0||01|Awards and Recognition to PSEs|015|Subsidiary Expenses|3451-00-091-0-01|Subsidiary Expenses||Data|Object-Head||100.00|100.00|100.00|100.0
24|01|03|3451|Secretariat- Economic Services|00||091||0||01|Awards and Recognition to PSEs|||3451-00-091-0-01|HOA Total :||Total|Detailed-Head|0.00|100.00|100.00|100.00|100.0
24|01|03|3451|Secretariat- Economic Services|00||091||0||02|Capacity Building Programme and Other Expenses|||3451-00-091-0-02|Capacity Building Programme and Other Expenses||Header|Detailed-Head|||||100.0
24|01|03|3451|Secretariat- Economic Services|00||091||0||02|Capacity Building Programme and Other Expenses|059|Other Expenses|3451-00-091-0-02|Other Expenses||Data|Object-Head|10.79|100.00|100.00|100.00|100.0
24|01|03|3451|Secretariat- Economic Services|00||091||0||02|Capacity Building Programme and Other Expenses|||3451-00-091-0-02|HOA Total :||Total|Detailed-Head|10.79|100.00|100.00|100.00|100.0
24|01|03|3451|Secretariat- Economic Services|00||||||||||3451|3451 - Total :||Total|Major-Head|10.79|200.00|200.00|200.00|
25|01|03|3475|Other General Economic Services|00||||||||||3475|Other General Economic Services||Header|Major-Head|||||
25|01|03|3475|Other General Economic Services|00||797|Transfer of Cess to the Infrastructure Initiative Fund|0||01|Transfer of Cess to the Infrastructure Initiative Fund|||3475-00-797-0-01|Transfer of Cess to the Infrastructure Initiative Fund||Header|Detailed-Head|||||100.0
25|01|03|3475|Other General Economic Services|00||797|Transfer of Cess to the Infrastructure Initiative Fund|0||01|Transfer of Cess to the Infrastructure Initiative Fund|261|Inter Account Transfers|3475-00-797-0-01|Inter Account Transfers||Data|Object-Head|212003.82|315000.00||99450.00|100.0
25|01|03|3475|Other General Economic Services|00||797|Transfer of Cess to the Infrastructure Initiative Fund|0||01|Transfer of Cess to the Infrastructure Initiative Fund|||3475-00-797-0-01|HOA Total :||Total|Detailed-Head|212003.82|315000.00|0.00|99450.00|100.0
25|01|03|3475|Other General Economic Services|00||||||||||3475|3475 - Total :||Total|Major-Head|212003.82|315000.00|0.00|99450.00|
26|01|03|4047|Capital Outlay on Other Fiscal Services|00||||||||||4047|Capital Outlay on Other Fiscal Services||Header|Major-Head|||||
26|01|03|4047|Capital Outlay on Other Fiscal Services|00||006||0||01|Capital Expenses- Commercial Taxes Department|||4047-00-006-0-01|Capital Expenses- Commercial Taxes Department||Header|Detailed-Head|||||100.0
26|01|03|4047|Capital Outlay on Other Fiscal Services|00||006||0||01|Capital Expenses- Commercial Taxes Department|180|Machinery and Equipments|4047-00-006-0-01|Machinery and Equipments||Data|Object-Head||550.00|550.00|200.00|100.0
26|01|03|4047|Capital Outlay on Other Fiscal Services|00||006||0||01|Capital Expenses- Commercial Taxes Department|199|Transportation Assets|4047-00-006-0-01|Transportation Assets||Data|Object-Head||1.00|1.00|1.00|100.0
26|01|03|4047|Capital Outlay on Other Fiscal Services|00||006||0||01|Capital Expenses- Commercial Taxes Department|386|Purchase/Construction of Buildings|4047-00-006-0-01|Purchase/Construction of Buildings||Data|Object-Head|854.58|2000.00|2000.00|1600.00|100.0
26|01|03|4047|Capital Outlay on Other Fiscal Services|00||006||0||01|Capital Expenses- Commercial Taxes Department|||4047-00-006-0-01|HOA Total :||Total|Detailed-Head|854.58|2551.00|2551.00|1801.00|100.0
26|01|03|4047|Capital Outlay on Other Fiscal Services|00||||||||||4047|4047 - Total :||Total|Major-Head|854.58|2551.00|2551.00|1801.00|
27|01|03|4059|Capital Outlay on Public Works|01||||||||||4059|Capital Outlay on Public Works||Header|Major-Head|||||
27|01|03|4059|Capital Outlay on Public Works|01||201||0||01|Aquisition of Land to State Accounts Department|||4059-01-201-0-01|Aquisition of Land to State Accounts Department||Header|Detailed-Head|||||100.0
27|01|03|4059|Capital Outlay on Public Works|01||201||0||01|Aquisition of Land to State Accounts Department|386|Purchase/Construction of Buildings|4059-01-201-0-01|Purchase/Construction of Buildings||Data|Object-Head||23.18|28.16|1.00|100.0
27|01|03|4059|Capital Outlay on Public Works|01||201||0||01|Aquisition of Land to State Accounts Department|||4059-01-201-0-01|HOA Total :||Total|Detailed-Head|0.00|23.18|28.16|1.00|100.0
27|01|03|4059|Capital Outlay on Public Works|80||051||0||58|Special Capital Assistance from GOI.|||4059-80-051-0-58|Special Capital Assistance from GOI.||Header|Detailed-Head|||||100.0
27|01|03|4059|Capital Outlay on Public Works|80||051||0||58|Special Capital Assistance from GOI.|132|Other Capital Expenses|4059-80-051-0-58|Other Capital Expenses||Data|Object-Head|90750.81|200000.00|120000.00|110000.00|100.0
27|01|03|4059|Capital Outlay on Public Works|80||051||0||58|Special Capital Assistance from GOI.|436|NABARD Works|4059-80-051-0-58|NABARD Works||Data|Object-Head||10000.00|10000.00|90000.00|100.0
27|01|03|4059|Capital Outlay on Public Works|80||051||0||58|Special Capital Assistance from GOI|||4059-80-051-0-58|HOA Total :||Total|Detailed-Head|90750.81|210000.00|130000.00|200000.00|100.0
27|01|03|4059|Capital Outlay on Public Works|80||051||0||61|Special Capital Assistance from GOK.|||4059-80-051-0-61|Special Capital Assistance from GOK.||Header|Detailed-Head|||||100.0
27|01|03|4059|Capital Outlay on Public Works|80||051||0||61|Special Capital Assistance from GOK.|132|Other Capital Expenses|4059-80-051-0-61|Other Capital Expenses||Data|Object-Head||||131100.00|100.0
27|01|03|4059|Capital Outlay on Public Works|80||051||0||61|Special Capital Assistance from GOK.|||4059-80-051-0-61|HOA Total :||Total|Detailed-Head|0.00|0.00|0.00|131100.00|100.0
27|01|03|4059|Capital Outlay on Public Works|80||051||0||62|CM's Infrastructure Development Program(CMIDP)|||4059-80-051-0-62|CM's Infrastructure Development Program(CMIDP)||Header|Detailed-Head|||||100.0
27|01|03|4059|Capital Outlay on Public Works|80||051||0||62|CM's Infrastructure Development Program(CMIDP)|132|Other Capital Expenses|4059-80-051-0-62|Other Capital Expenses||Data|Object-Head||||60000.00|100.0
27|01|03|4059|Capital Outlay on Public Works|80||051||0||62|CM's Infrastructure Development Program(CMIDP)|||4059-80-051-0-62|HOA Total :||Total|Detailed-Head|0.00|0.00|0.00|60000.00|100.0
27|01|03|4059|Capital Outlay on Public Works|80||902||0||01|Deduct - Amount met from Infrastructure Fund|||4059-80-902-0-01|Deduct - Amount met from Infrastructure Fund||Header|Detailed-Head|||||100.0
27|01|03|4059|Capital Outlay on Public Works|80||902||0||01|Deduct - Amount met from Infrastructure Fund|261|Inter Account Transfers|4059-80-902-0-01|Inter Account Transfers||Data|Object-Head||||-131100.00|100.0
27|01|03|4059|Capital Outlay on Public Works|80||902||0||01|Deduct - Amount met from Infrastructure Fund|||4059-80-902-0-01|HOA Total :||Total|Detailed-Head|0.00|0.00|0.00|-131100.00|100.0
27|01|03|4059|Capital Outlay on Public Works|80||||||||||4059|4059 - Total :||Total|Major-Head|90750.81|210023.18|130028.16|260001.00|
28|01|03|4070|Capital Outlay on Other Administrative Services|00||||||||||4070|Capital Outlay on Other Administrative Services|V|Header|Major-Head|||||
28|01|03|4070|Capital Outlay on Other Administrative Services|00||001||0||15|Integrated Budget Information System(IBIS) and Other Charges|||4070-00-001-0-15|Integrated Budget Information System(IBIS) and Other Charges|V|Header|Detailed-Head|||||100.0
28|01|03|4070|Capital Outlay on Other Administrative Services|00||001||0||15|Integrated Budget Information System(IBIS) and Other Charges|132|Other Capital Expenses|4070-00-001-0-15|Other Capital Expenses|V|Data|Object-Head||||40.00|100.0
28|01|03|4070|Capital Outlay on Other Administrative Services|00||001||0||15|Integrated Budget Information System(IBIS) and Other Charges|180|Machinery and Equipments|4070-00-001-0-15|Machinery and Equipments|V|Data|Object-Head||20.00|15.02|10.00|100.0
28|01|03|4070|Capital Outlay on Other Administrative Services|00||001||0||15|Integrated Budget Information System(IBIS) and Other Charges|||4070-00-001-0-15|HOA Total :|V|Total|Detailed-Head|0.00|20.00|15.02|50.00|100.0
28|01|03|4070|Capital Outlay on Other Administrative Services|00||001||0||16|Capital Expenditure under KGID|||4070-00-001-0-16|Capital Expenditure under KGID|V|Header|Detailed-Head|||||100.0
28|01|03|4070|Capital Outlay on Other Administrative Services|00||001||0||16|Capital Expenditure under KGID|053|Purchase of Furniture and Fixture for Office|4070-00-001-0-16|Purchase of Furniture and Fixture for Office|V|Data|Object-Head||10.00|10.00|1.00|100.0
28|01|03|4070|Capital Outlay on Other Administrative Services|00||001||0||16|Capital Expenditure under KGID|180|Machinery and Equipments|4070-00-001-0-16|Machinery and Equipments|V|Data|Object-Head||1.00|1.00|1.00|100.0
28|01|03|4070|Capital Outlay on Other Administrative Services|00||001||0||16|Capital Expenditure under KGID|||4070-00-001-0-16|HOA Total :|V|Total|Detailed-Head|0.00|11.00|11.00|2.00|100.0
28|01|03|4070|Capital Outlay on Other Administrative Services|00||001||0||17|Capital Expenditure - Department of Treasuries|||4070-00-001-0-17|Capital Expenditure - Department of Treasuries|V|Header|Detailed-Head|||||100.0
28|01|03|4070|Capital Outlay on Other Administrative Services|00||001||0||17|Capital Expenditure - Department of Treasuries|053|Purchase of Furniture and Fixture for Office|4070-00-001-0-17|Purchase of Furniture and Fixture for Office|V|Data|Object-Head||66.00|66.00|60.00|100.0
28|01|03|4070|Capital Outlay on Other Administrative Services|00||001||0||17|Capital Expenditure - Department of Treasuries|||4070-00-001-0-17|HOA Total :|V|Total|Detailed-Head|0.00|66.00|66.00|60.00|100.0
28|01|03|4070|Capital Outlay on Other Administrative Services|00||001||0||19|Capital Expenses- State Accounts Department|||4070-00-001-0-19|Capital Expenses- State Accounts Department|V|Header|Detailed-Head|||||100.0
28|01|03|4070|Capital Outlay on Other Administrative Services|00||001||0||19|Capital Expenses- State Accounts Department|053|Purchase of Furniture and Fixture for Office|4070-00-001-0-19|Purchase of Furniture and Fixture for Office|V|Data|Object-Head||10.00|10.00|10.00|100.0
28|01|03|4070|Capital Outlay on Other Administrative Services|00||001||0||19|Capital Expenses- State Accounts Department|180|Machinery and Equipments|4070-00-001-0-19|Machinery and Equipments|V|Data|Object-Head||60.00|60.00|50.00|100.0
28|01|03|4070|Capital Outlay on Other Administrative Services|00||001||0||19|Capital Expenses- State Accounts Department|||4070-00-001-0-19|HOA Total :|V|Total|Detailed-Head|0.00|70.00|70.00|60.00|100.0
29|01|03|4070|Capital Outlay on Other Administrative Services|00||800|Other Expenditure|||||||4070-00-800|Other Expenditure|V|Header|Minor-Head|||||
29|01|03|4070|Capital Outlay on Other Administrative Services|00||800|Other Expenditure|0||||||4070-00-800-0||V|Header|Sub-Head|||||
29|01|03|4070|Capital Outlay on Other Administrative Services|00||800|Other Expenditure|0||14|Capital Expenses- State Excise Department|||4070-00-800-0-14|Capital Expenses- State Excise Department|V|Header|Detailed-Head|||||100.0
29|01|03|4070|Capital Outlay on Other Administrative Services|00||800|Other Expenditure|0||14|Capital Expenses- State Excise Department|053|Purchase of Furniture and Fixture for Office|4070-00-800-0-14|Purchase of Furniture and Fixture for Office|V|Data|Object-Head||70.00|70.00|1.00|100.0
29|01|03|4070|Capital Outlay on Other Administrative Services|00||800|Other Expenditure|0||14|Capital Expenses- State Excise Department|125|Modernisation|4070-00-800-0-14|Modernisation|V|Data|Object-Head|3369.51||||100.0
29|01|03|4070|Capital Outlay on Other Administrative Services|00||800|Other Expenditure|0||14|Capital Expenses- State Excise Department|180|Machinery and Equipments|4070-00-800-0-14|Machinery and Equipments|V|Data|Object-Head||66.00|66.00|1.00|100.0
29|01|03|4070|Capital Outlay on Other Administrative Services|00||800|Other Expenditure|0||14|Capital Expenses- State Excise Department|199|Transportation Assets|4070-00-800-0-14|Transportation Assets|V|Data|Object-Head|3498.63|1.00|19.00|1.00|100.0
29|01|03|4070|Capital Outlay on Other Administrative Services|00||800|Other Expenditure|0||14|Capital Expenses- State Excise Department|386|Purchase/Construction of Buildings|4070-00-800-0-14|Purchase/Construction of Buildings|V|Data|Object-Head||||1020.00|100.0
29|01|03|4070|Capital Outlay on Other Administrative Services|00||800|Other Expenditure|0||14|Capital Expenses- State Excise Department||||HOA Total :|V|Total|Detailed-Head|6868.14|137.00|155.00|1023.00|100.0
29|01|03|4070|Capital Outlay on Other Administrative Services|00|||||||||||4070 - Total :|V|Total|Major-Head|6868.14|304.00|317.02|1195.00|
30|01|03|4217|Capital Outlay on Urban Development|60||||||||||4217|Capital Outlay on Urban Development|V|Header|Major-Head|||||
30|01|03|4217|Capital Outlay on Urban Development|60||190|Capital Outlay to BMRCL|||||||4217-60-190-2-02|Capital Outlay to BMRCL|V|Header|Minor-Head|||||
30|01|03|4217|Capital Outlay on Urban Development|60||190|Capital Outlay to BMRCL|2||||||4217-60-190-2-02||V|Header|Sub-Head|||||
30|01|03|4217|Capital Outlay on Urban Development|60||190|Capital Outlay to BMRCL|2||02||||4217-60-190-2-02||V|Header|Detailed-Head|||||100.0
30|01|03|4217|Capital Outlay on Urban Development|60||190|Capital Outlay to BMRCL|2||02||132|Other Capital Expenses|4217-60-190-2-02|Other Capital Expenses|V|Data|Object-Head||200000.00|199250.00|300000.00|100.0
30|01|03|4217|Capital Outlay on Urban Development|60||190|Capital Outlay to BMRCL|2||02|||||HOA Total :|V|Total|Detailed-Head|0.00|200000.00|199250.00|300000.00|100.0
30|01|03|4217|Capital Outlay on Urban Development|60||902|Deduct-Amount met from BMRC Fund|||||||4217-60-902-0-04|Deduct-Amount met from BMRC Fund|V|Header|Minor-Head|||||
30|01|03|4217|Capital Outlay on Urban Development|60||902|Deduct-Amount met from BMRC Fund|0||||||4217-60-902-0-04||V|Header|Sub-Head|||||
30|01|03|4217|Capital Outlay on Urban Development|60||902|Deduct-Amount met from BMRC Fund|0||04||||4217-60-902-0-04||V|Header|Detailed-Head|||||100.0
30|01|03|4217|Capital Outlay on Urban Development|60||902|Deduct-Amount met from BMRC Fund|0||04||261|Inter Account Transfers|4217-60-902-0-04|Inter Account Transfers|V|Data|Object-Head||-200000.00|-200000.00|-300000.00|100.0
30|01|03|4217|Capital Outlay on Urban Development|60||902|Deduct-Amount met from BMRC Fund|0||04|||||HOA Total :|V|Total|Detailed-Head|0.00|-200000.00|-200000.00|-300000.00|100.0
30|01|03|4217|Capital Outlay on Urban Development|60|||||||||||4217 - Total :|V|Total|Major-Head|0.00|0.00|-750.00|0.00|
31|01|03|5054|Capital Outlay on Roads & Bridges|04||||||||||5054|Capital Outlay on Roads & Bridges|V|Header|Major-Head|||||
31|01|03|5054|Capital Outlay on Roads & Bridges|04||337|Rural Road Projects|||||||5054-04-337-0-10|Rural Road Projects|V|Header|Minor-Head|||||
31|01|03|5054|Capital Outlay on Roads & Bridges|04||337|Rural Road Projects|0||||||5054-04-337-0-10||V|Header|Sub-Head|||||
31|01|03|5054|Capital Outlay on Roads & Bridges|04||337|Rural Road Projects|0||10||||5054-04-337-0-10||V|Header|Detailed-Head|||||100.0
31|01|03|5054|Capital Outlay on Roads & Bridges|04||337|Rural Road Projects|0||10||172|Roads|5054-04-337-0-10|Roads|V|Data|Object-Head||200000.00|200000.00||100.0
31|01|03|5054|Capital Outlay on Roads & Bridges|04||337|Rural Road Projects|0||10|||||HOA Total :|V|Total|Detailed-Head|0.00|200000.00|200000.00|0.00|100.0
31|01|03|5054|Capital Outlay on Roads & Bridges|04||902|Deduct-Amount met from CMRRF|||||||5054-04-902-0-04|Deduct-Amount met from CMRRF|V|Header|Minor-Head|||||
31|01|03|5054|Capital Outlay on Roads & Bridges|04||902|Deduct-Amount met from CMRRF|0||||||5054-04-902-0-04||V|Header|Sub-Head|||||
31|01|03|5054|Capital Outlay on Roads & Bridges|04||902|Deduct-Amount met from CMRRF|0||04||||5054-04-902-0-04||V|Header|Detailed-Head|||||100.0
31|01|03|5054|Capital Outlay on Roads & Bridges|04||902|Deduct-Amount met from CMRRF|0||04||261|Inter Account Transfers|5054-04-902-0-04|Inter Account Transfers|V|Data|Object-Head||-200000.00|-200000.00||100.0
31|01|03|5054|Capital Outlay on Roads & Bridges|04||902|Deduct-Amount met from CMRRF|0||04|||||HOA Total :|V|Total|Detailed-Head|0.00|-200000.00|-200000.00|0.00|100.0
31|01|03|5054|Capital Outlay on Roads & Bridges|04|||||||||||5054 - Total :|V|Total|Major-Head|0.00|0.00|0.00|0.00|
32|01|03|5475|Capital Outlay on Other General Economic Services|00||||||||||5475|Capital Outlay on Other General Economic Services|V|Header|Major-Head|||||
32|01|03|5475|Capital Outlay on Other General Economic Services|00||115|Capital Outlay to Bengaluru Infrastructure Projects|||||||5475-00-115-0-08|Capital Outlay to Bengaluru Infrastructure Projects|V|Header|Minor-Head|||||
32|01|03|5475|Capital Outlay on Other General Economic Services|00||115|Capital Outlay to Bengaluru Infrastructure Projects|0||||||5475-00-115-0-08||V|Header|Sub-Head|||||
32|01|03|5475|Capital Outlay on Other General Economic Services|00||115|Capital Outlay to Bengaluru Infrastructure Projects|0||08||||5475-00-115-0-08||V|Header|Detailed-Head|||||100.0
32|01|03|5475|Capital Outlay on Other General Economic Services|00||115|Capital Outlay to Bengaluru Infrastructure Projects|0||08||132|Other Capital Expenses|5475-00-115-0-08|Other Capital Expenses|V|Data|Object-Head||300000.00|300000.00|300000.00|100.0
32|01|03|5475|Capital Outlay on Other General Economic Services|00||115|Capital Outlay to Bengaluru Infrastructure Projects|0||08|||||HOA Total :|V|Total|Detailed-Head|0.00|300000.00|300000.00|300000.00|100.0
32|01|03|5475|Capital Outlay on Other General Economic Services|00||902|Deduct-Amount met from Infrastructure Fund|||||||5475-00-902-0-01|Deduct-Amount met from Infrastructure Fund|V|Header|Minor-Head|||||
32|01|03|5475|Capital Outlay on Other General Economic Services|00||902|Deduct-Amount met from Infrastructure Fund|0||||||5475-00-902-0-01||V|Header|Sub-Head|||||
32|01|03|5475|Capital Outlay on Other General Economic Services|00||902|Deduct-Amount met from Infrastructure Fund|0||01||||5475-00-902-0-01||V|Header|Detailed-Head|||||100.0
32|01|03|5475|Capital Outlay on Other General Economic Services|00||902|Deduct-Amount met from Infrastructure Fund|0||01||261|Inter Account Transfers|5475-00-902-0-01|Inter Account Transfers|V|Data|Object-Head||-300000.00|-300000.00|-300000.00|100.0
32|01|03|5475|Capital Outlay on Other General Economic Services|00||902|Deduct-Amount met from Infrastructure Fund|0||01|||||HOA Total :|V|Total|Detailed-Head|0.00|-300000.00|-300000.00|-300000.00|100.0
32|01|03|5475|Capital Outlay on Other General Economic Services|00|||||||||||5475 - Total :|V|Total|Major-Head|0.00|0.00|0.00|0.00|
33|01|03|7610|Loans to Government Servants, etc.,|00||||||||||7610|Loans to Government Servants, etc.,|V|Header|Major-Head|||||
33|01|03|7610|Loans to Government Servants, etc.,|00||201|House Building Advance to All India Service Officers|||||||7610-00-201-0-02|House Building Advance to All India Service Officers|V|Header|Minor-Head|||||
33|01|03|7610|Loans to Government Servants, etc.,|00||201|House Building Advance to All India Service Officers|0||||||7610-00-201-0-02||V|Header|Sub-Head|||||
33|01|03|7610|Loans to Government Servants, etc.,|00||201|House Building Advance to All India Service Officers|0||02||||7610-00-201-0-02||V|Header|Detailed-Head|||||100.0
33|01|03|7610|Loans to Government Servants, etc.,|00||201|House Building Advance to All India Service Officers|0||02||393|Advances|7610-00-201-0-02|Advances|V|Data|Object-Head|245.00|350.00|350.00|350.00|100.0
33|01|03|7610|Loans to Government Servants, etc.,|00||201|House Building Advance to All India Service Officers|0||02|||||HOA Total :|V|Total|Detailed-Head|245.00|350.00|350.00|350.00|100.0
33|01|03|7610|Loans to Government Servants, etc.,|00||201|House Building Advance to All India Service Officers|0||03|HBA to Others|||7610-00-201-0-03|HBA to Others|V|Header|Detailed-Head|||||100.0
33|01|03|7610|Loans to Government Servants, etc.,|00||201|House Building Advance to All India Service Officers|0||03|HBA to Others|393|Advances|7610-00-201-0-03|Advances|V|Data|Object-Head|184.15|300.00|300.00|300.00|100.0
33|01|03|7610|Loans to Government Servants, etc.,|00||201|House Building Advance to All India Service Officers|0||03|HBA to Others||||HOA Total :|V|Total|Detailed-Head|184.15|300.00|300.00|300.00|100.0
33|01|03|7610|Loans to Government Servants, etc.,|00||202|Motor Conveyance Advance to Govt.Servants including AIS Officers|||||||7610-00-202-0-01|Motor Conveyance Advance to Govt.Servants including AIS Officers|V|Header|Minor-Head|||||
33|01|03|7610|Loans to Government Servants, etc.,|00||202|Motor Conveyance Advance to Govt.Servants including AIS Officers|0||||||7610-00-202-0-01||V|Header|Sub-Head|||||
33|01|03|7610|Loans to Government Servants, etc.,|00||202|Motor Conveyance Advance to Govt.Servants including AIS Officers|0||01||||7610-00-202-0-01||V|Header|Detailed-Head|||||100.0
33|01|03|7610|Loans to Government Servants, etc.,|00||202|Motor Conveyance Advance to Govt.Servants including AIS Officers|0||01||393|Advances|7610-00-202-0-01|Advances|V|Data|Object-Head||50.00|50.00|100.00|100.0
33|01|03|7610|Loans to Government Servants, etc.,|00||202|Motor Conveyance Advance to Govt.Servants including AIS Officers|0||01|||||HOA Total :|V|Total|Detailed-Head|0.00|50.00|50.00|100.00|100.0
33|01|03|7610|Loans to Government Servants, etc.,|00||202|Motor Conveyance Advance to Govt.Servants including AIS Officers|0||02|Motor Conveyance to MLAs|||7610-00-202-0-02|Motor Conveyance to MLAs|V|Header|Detailed-Head|||||100.0
33|01|03|7610|Loans to Government Servants, etc.,|00||202|Motor Conveyance Advance to Govt.Servants including AIS Officers|0||02|Motor Conveyance to MLAs|393|Advances|7610-00-202-0-02|Advances|V|Data|Object-Head|600.00|120.00|440.00|250.00|100.0
33|01|03|7610|Loans to Government Servants, etc.,|00||202|Motor Conveyance Advance to Govt.Servants including AIS Officers|0||02|Motor Conveyance to MLAs||||HOA Total :|V|Total|Detailed-Head|600.00|120.00|440.00|250.00|100.0
33|01|03|7610|Loans to Government Servants, etc.,|00||202|Motor Conveyance Advance to Govt.Servants including AIS Officers|0||03|Motor Conveyance to MLCs|||7610-00-202-0-03|Motor Conveyance to MLCs|V|Header|Detailed-Head|||||100.0
33|01|03|7610|Loans to Government Servants, etc.,|00||202|Motor Conveyance Advance to Govt.Servants including AIS Officers|0||03|Motor Conveyance to MLCs|393|Advances|7610-00-202-0-03|Advances|V|Data|Object-Head|840.00|300.00|300.00|300.00|100.0
33|01|03|7610|Loans to Government Servants, etc.,|00||202|Motor Conveyance Advance to Govt.Servants including AIS Officers|0||03|Motor Conveyance to MLCs||||HOA Total :|V|Total|Detailed-Head|840.00|300.00|300.00|300.00|100.0
33|01|03|7610|Loans to Government Servants, etc.,|00||203|Government Department|||||||7610-00-203-0-01|Government Department|V|Header|Minor-Head|||||
33|01|03|7610|Loans to Government Servants, etc.,|00||203|Government Department|0||||||7610-00-203-0-01||V|Header|Sub-Head|||||
33|01|03|7610|Loans to Government Servants, etc.,|00||203|Government Department|0||01||||7610-00-203-0-01||V|Header|Detailed-Head|||||100.0
33|01|03|7610|Loans to Government Servants, etc.,|00||203|Government Department|0||01||393|Advances|7610-00-203-0-01|Advances|V|Data|Object-Head||1.00|1.00||100.0
33|01|03|7610|Loans to Government Servants, etc.,|00||203|Government Department|0||01|||||HOA Total :|V|Total|Detailed-Head|0.00|1.00|1.00|0.00|100.0
34|01|03|7610|Loans to Government Servants, etc.,|00||204||||||||7610-00-204-0-01|Advances for Purchase of Computers|V|Header|Minor-Head|||||
34|01|03|7610|Loans to Government Servants, etc.,|00||204||0||||||7610-00-204-0-01||V|Header|Sub-Head|||||
34|01|03|7610|Loans to Government Servants, etc.,|00||204||0||01|Advances for Purchase of Computers|||7610-00-204-0-01||V|Header|Detailed-Head|||||100.0
34|01|03|7610|Loans to Government Servants, etc.,|00||204||0||01|Advances for Purchase of Computers|393|Advances|7610-00-204-0-01|Advances|V|Data|Object-Head||15.00|15.00|15.00|100.0
34|01|03|7610|Loans to Government Servants, etc.,|00||204||0||01|Advances for Purchase of Computers||||HOA Total :|V|Total|Detailed-Head|0.00|15.00|15.00|15.00|100.0
34|01|03|7610|Loans to Government Servants, etc.,|00||800||||||||7610-00-800-0-05|Advance for Purchase of Solar Appliances|V|Header|Minor-Head|||||
34|01|03|7610|Loans to Government Servants, etc.,|00||800||0||||||7610-00-800-0-05||V|Header|Sub-Head|||||
34|01|03|7610|Loans to Government Servants, etc.,|00||800||0||05|Advance for Purchase of Solar Appliances|||7610-00-800-0-05||V|Header|Detailed-Head|||||100.0
34|01|03|7610|Loans to Government Servants, etc.,|00||800||0||05|Advance for Purchase of Solar Appliances|393|Advances|7610-00-800-0-05|Advances|V|Data|Object-Head||2.00|2.00|1.00|100.0
34|01|03|7610|Loans to Government Servants, etc.,|00||800||0||05|Advance for Purchase of Solar Appliances||||HOA Total :|V|Total|Detailed-Head|0.00|2.00|2.00|1.00|100.0
34|01|03|7610|Loans to Government Servants, etc.,|00|||||||||||7610 - Total :|V|Total|Major-Head|1869.15|1138.00|1458.00|1316.00|
35|1|04|2012|President, Vice President/ Governor, Administrator of Union Territories|03||||||||||2012-03-090-0-01|President, Vice President/ Governor, Administrator of Union Territories|C|Header|Major-Head|||||
35|1|04|2012|President, Vice President/ Governor, Administrator of Union Territories|03||||||||||2012-03-090-0-01||C|Header|Sub-Major-Head|||||
35|1|04|2012|President, Vice President/ Governor, Administrator of Union Territories|03||090|Governor Secretariat Expenses|||||||2012-03-090-0-01|Governor Secretariat Expenses|C|Header|Minor-Head|||||
35|1|04|2012|President, Vice President/ Governor, Administrator of Union Territories|03||090|Governor Secretariat Expenses|0||||||2012-03-090-0-01||C|Header|Sub-Head|||||
35|1|04|2012|President, Vice President/ Governor, Administrator of Union Territories|03||090|Governor Secretariat Expenses|0||01|Governor Secretariat Expenses|||2012-03-090-0-01||C|Header|Detailed-Head|||||100.0
35|1|04|2012|President, Vice President/ Governor, Administrator of Union Territories|03||090|Governor Secretariat Expenses|0||01|Governor Secretariat Expenses|002|Basic Pay|2012-03-090-0-01|Basic Pay|C|Data|Object-Head|49.29|213.00|213.00|238.00|100.0
35|1|04|2012|President, Vice President/ Governor, Administrator of Union Territories|03||090|Governor Secretariat Expenses|0||01|Governor Secretariat Expenses|003|Basic Pay-Staff|2012-03-090-0-01|Basic Pay-Staff|C|Data|Object-Head|157.05||||100.0
35|1|04|2012|President, Vice President/ Governor, Administrator of Union Territories|03||090|Governor Secretariat Expenses|0||01|Governor Secretariat Expenses|004|Interim Relief|2012-03-090-0-01|Interim Relief|C|Data|Object-Head|10.78||||100.0
35|1|04|2012|President, Vice President/ Governor, Administrator of Union Territories|03||090|Governor Secretariat Expenses|0||01|Governor Secretariat Expenses|011|Dearness Allowance|2012-03-090-0-01|Dearness Allowance|C|Data|Object-Head|43.23|47.00|47.00|60.00|100.0
35|1|04|2012|President, Vice President/ Governor, Administrator of Union Territories|03||090|Governor Secretariat Expenses|0||01|Governor Secretariat Expenses|014|Other Allowance|2012-03-090-0-01|Other Allowance|C|Data|Object-Head|37.94|33.00|33.00|33.00|100.0
35|1|04|2012|President, Vice President/ Governor, Administrator of Union Territories|03||090|Governor Secretariat Expenses|0||01|Governor Secretariat Expenses|015|Subsidiary Expenses|2012-03-090-0-01|Subsidiary Expenses|C|Data|Object-Head|19.96|20.00|20.00|20.00|100.0
35|1|04|2012|President, Vice President/ Governor, Administrator of Union Territories|03||090|Governor Secretariat Expenses|0||01|Governor Secretariat Expenses|020|Medical Allowance|2012-03-090-0-01|Medical Allowance|C|Data|Object-Head|1.27||||100.0
35|1|04|2012|President, Vice President/ Governor, Administrator of Union Territories|03||090|Governor Secretariat Expenses|0||01|Governor Secretariat Expenses|021|Reimbursement of Medical Expenses|2012-03-090-0-01|Reimbursement of Medical Expenses|C|Data|Object-Head|6.13|15.00|15.00|15.00|100.0
35|1|04|2012|President, Vice President/ Governor, Administrator of Union Territories|03||090|Governor Secretariat Expenses|0||01|Governor Secretariat Expenses|034|Contract/Outsource|2012-03-090-0-01|Contract/Outsource|C|Data|Object-Head|167.44|153.84|153.84|188.48|100.0
35|1|04|2012|President, Vice President/ Governor, Administrator of Union Territories|03||090|Governor Secretariat Expenses|0||01|Governor Secretariat Expenses|035|Salary of Board/Corp.Staff working in State Government|2012-03-090-0-01|Salary of Board/Corp.Staff working in State Government|C|Data|Object-Head|62.78|31.69|31.69|30.39|100.0
35|1|04|2012|President, Vice President/ Governor, Administrator of Union Territories|03||090|Governor Secretariat Expenses|0||01|Governor Secretariat Expenses|037|Payment on Service Contract|2012-03-090-0-01|Payment on Service Contract|C|Data|Object-Head||1.00|1.00|1.00|100.0
35|1|04|2012|President, Vice President/ Governor, Administrator of Union Territories|03||090|Governor Secretariat Expenses|0||01|Governor Secretariat Expenses|041|Travel Expenses|2012-03-090-0-01|Travel Expenses|C|Data|Object-Head|0.18|1.00|1.00|1.00|100.0
35|1|04|2012|President, Vice President/ Governor, Administrator of Union Territories|03||090|Governor Secretariat Expenses|0||01|Governor Secretariat Expenses|050|Office Expenses|2012-03-090-0-01|Office Expenses|C|Data|Object-Head||10.00|10.00|10.00|100.0
35|1|04|2012|President, Vice President/ Governor, Administrator of Union Territories|03||090|Governor Secretariat Expenses|0||01|Governor Secretariat Expenses|051|General Expenses|2012-03-090-0-01|General Expenses|C|Data|Object-Head|199.99|160.00|160.00|160.00|100.0
35|1|04|2012|President, Vice President/ Governor, Administrator of Union Territories|03||090|Governor Secretariat Expenses|0||01|Governor Secretariat Expenses|052|Telephone Charges|2012-03-090-0-01|Telephone Charges|C|Data|Object-Head|9.75||||100.0
35|1|04|2012|President, Vice President/ Governor, Administrator of Union Territories|03||090|Governor Secretariat Expenses|0||01|Governor Secretariat Expenses|071|Building Expenses|2012-03-090-0-01|Building Expenses|C|Data|Object-Head|64.21|52.00|52.00|60.00|100.0
35|1|04|2012|President, Vice President/ Governor, Administrator of Union Territories|03||090|Governor Secretariat Expenses|0||01|Governor Secretariat Expenses|195|Transport Expenses|2012-03-090-0-01|Transport Expenses|C|Data|Object-Head|40.00|60.00|60.00|73.99|100.0
35|1|04|2012|President, Vice President/ Governor, Administrator of Union Territories|03||090|Governor Secretariat Expenses|0||01|Governor Secretariat Expenses||||HOA Total :|C|Total|Detailed-Head|870.00|797.53|797.53|890.86|100.0
35|1|04|2012|President, Vice President/ Governor, Administrator of Union Territories|03||101|Emoluments and Allowances of the Governor|||||||2012-03-101-0-01|Emoluments and Allowances of the Governor|C|Header|Minor-Head|||||
35|1|04|2012|President, Vice President/ Governor, Administrator of Union Territories|03||101|Emoluments and Allowances of the Governor|0||||||2012-03-101-0-01||C|Header|Sub-Head|||||
35|1|04|2012|President, Vice President/ Governor, Administrator of Union Territories|03||101|Emoluments and Allowances of the Governor|0||01|Emoluments and Allowances of the Governor|||2012-03-101-0-01||C|Header|Detailed-Head|||||100.0
35|1|04|2012|President, Vice President/ Governor, Administrator of Union Territories|03||101|Emoluments and Allowances of the Governor|0||01|Emoluments and Allowances of the Governor|001|Consolidated Salaries|2012-03-101-0-01|Consolidated Salaries|C|Data|Object-Head|42.00|42.00|42.00|42.00|100.0
35|1|04|2012|President, Vice President/ Governor, Administrator of Union Territories|03||101|Emoluments and Allowances of the Governor|0||01|Emoluments and Allowances of the Governor||||HOA Total :|C|Total|Detailed-Head|42.00|42.00|42.00|42.00|100.0
36|01|04|2012|President, Vice President/ Governor, Administrator of Union Territories|03||102|Discretionary Grants|||||||2012-03-102-0-01|Discretionary Grants|C|Header|Minor-Head|||||
36|01|04|2012|President, Vice President/ Governor, Administrator of Union Territories|03||102|Discretionary Grants|0||||||2012-03-102-0-01||C|Header|Sub-Head|||||
36|01|04|2012|President, Vice President/ Governor, Administrator of Union Territories|03||102|Discretionary Grants|0||01||||2012-03-102-0-01||C|Header|Detailed-Head|||||100.0
36|01|04|2012|President, Vice President/ Governor, Administrator of Union Territories|03||102|Discretionary Grants|0||01||103|Grants-in-Aid -General|2012-03-102-0-01|Grants-in-Aid -General|C|Data|Object-Head|49.85|50.00|100.00|100.00|100.0
36|01|04|2012|President, Vice President/ Governor, Administrator of Union Territories|03||102|Discretionary Grants|0||01|||||HOA Total :|C|Total|Detailed-Head|49.85|50.00|100.00|100.00|100.0
36|01|04|2012|President, Vice President/ Governor, Administrator of Union Territories|03||103|Governor Office Establishment|||||||2012-03-103-0-01|Governor Office Establishment|C|Header|Minor-Head|||||
36|01|04|2012|President, Vice President/ Governor, Administrator of Union Territories|03||103|Governor Office Establishment|0||||||2012-03-103-0-01||C|Header|Sub-Head|||||
36|01|04|2012|President, Vice President/ Governor, Administrator of Union Territories|03||103|Governor Office Establishment|0||01||||2012-03-103-0-01||C|Header|Detailed-Head|||||100.0
36|01|04|2012|President, Vice President/ Governor, Administrator of Union Territories|03||103|Governor Office Establishment|0||01||002|Basic Pay|2012-03-103-0-01|Basic Pay|C|Data|Object-Head|28.21|300.00|300.00|293.00|100.0
36|01|04|2012|President, Vice President/ Governor, Administrator of Union Territories|03||103|Governor Office Establishment|0||01||003|Basic Pay-Staff|2012-03-103-0-01|Basic Pay-Staff|C|Data|Object-Head|239.22||||100.0
36|01|04|2012|President, Vice President/ Governor, Administrator of Union Territories|03||103|Governor Office Establishment|0||01||004|Interim Relief|2012-03-103-0-01|Interim Relief|C|Data|Object-Head|13.94||||100.0
36|01|04|2012|President, Vice President/ Governor, Administrator of Union Territories|03||103|Governor Office Establishment|0||01||011|Dearness Allowance|2012-03-103-0-01|Dearness Allowance|C|Data|Object-Head|56.52|66.00|66.00|74.00|100.0
36|01|04|2012|President, Vice President/ Governor, Administrator of Union Territories|03||103|Governor Office Establishment|0||01||014|Other Allowance|2012-03-103-0-01|Other Allowance|C|Data|Object-Head|47.21|49.00|49.00|47.00|100.0
36|01|04|2012|President, Vice President/ Governor, Administrator of Union Territories|03||103|Governor Office Establishment|0||01||020|Medical Allowance|2012-03-103-0-01|Medical Allowance|C|Data|Object-Head|2.01||||100.0
36|01|04|2012|President, Vice President/ Governor, Administrator of Union Territories|03||103|Governor Office Establishment|0||01||021|Reimbursement of Medical Expenses|2012-03-103-0-01|Reimbursement of Medical Expenses|C|Data|Object-Head|9.28|15.00|15.00|15.00|100.0
36|01|04|2012|President, Vice President/ Governor, Administrator of Union Territories|03||103|Governor Office Establishment|0||01||034|Contract/Outsource|2012-03-103-0-01|Contract/Outsource|C|Data|Object-Head|86.27|87.42|87.42|113.64|100.0
36|01|04|2012|President, Vice President/ Governor, Administrator of Union Territories|03||103|Governor Office Establishment|0||01||041|Travel Expenses|2012-03-103-0-01|Travel Expenses|C|Data|Object-Head|0.34|1.00|1.00|1.00|100.0
36|01|04|2012|President, Vice President/ Governor, Administrator of Union Territories|03||103|Governor Office Establishment|0||01||051|General Expenses|2012-03-103-0-01|General Expenses|C|Data|Object-Head|9.98|10.00|10.00|10.00|100.0
36|01|04|2012|President, Vice President/ Governor, Administrator of Union Territories|03||103|Governor Office Establishment|0||01||200|Maintenance Expenditure|2012-03-103-0-01|Maintenance Expenditure|C|Data|Object-Head||1.00|1.00|2.00|100.0
36|01|04|2012|President, Vice President/ Governor, Administrator of Union Territories|03||103|Governor Office Establishment|0||01||221|Materials and Supplies|2012-03-103-0-01|Materials and Supplies|C|Data|Object-Head|0.99|1.00|1.00|2.00|100.0
36|01|04|2012|President, Vice President/ Governor, Administrator of Union Territories|03||103|Governor Office Establishment|0||01|||||HOA Total :|C|Total|Detailed-Head|493.97|530.42|530.42|557.64|100.0
36|01|04|2012|President, Vice President/ Governor, Administrator of Union Territories|03|||||||||||2012 - Total :|C|Total|Major-Head|1455.82|1419.95|1469.95|1590.50|
37|01|04|2013|Council of Ministers|00||||||||||2013|Council of Ministers||Header|Major-Head|||||
37|01|04|2013|Council of Ministers|00||101|Salary of Ministers & Deputy Ministers|||||||2013-00-101-0-01|Salary of Ministers & Deputy Ministers||Header|Minor-Head|||||
37|01|04|2013|Council of Ministers|00||101|Salary of Ministers & Deputy Ministers|0||||||2013-00-101-0-01|||Header|Sub-Head|||||
37|01|04|2013|Council of Ministers|00||101|Salary of Ministers & Deputy Ministers|0||01||||2013-00-101-0-01|||Header|Detailed-Head|||||100.0
37|01|04|2013|Council of Ministers|00||101|Salary of Ministers & Deputy Ministers|0||01||001|Consolidated Salaries|2013-00-101-0-01|Consolidated Salaries||Data|Object-Head|1860.78|2252.00|2252.00|3232.00|100.0
37|01|04|2013|Council of Ministers|00||101|Salary of Ministers & Deputy Ministers|0||01||021|Reimbursement of Medical Expenses|2013-00-101-0-01|Reimbursement of Medical Expenses||Data|Object-Head||3.00|68.00|28.00|100.0
37|01|04|2013|Council of Ministers|00||101|Salary of Ministers & Deputy Ministers|0||01|||||HOA Total :||Total|Detailed-Head|1860.78|2255.00|2320.00|3260.00|100.0
37|01|04|2013|Council of Ministers|00||108|Tour Expenses - Council of Ministers|||||||2013-00-108-0-01|Tour Expenses - Council of Ministers||Header|Minor-Head|||||
37|01|04|2013|Council of Ministers|00||108|Tour Expenses - Council of Ministers|0||||||2013-00-108-0-01|||Header|Sub-Head|||||
37|01|04|2013|Council of Ministers|00||108|Tour Expenses - Council of Ministers|0||01||||2013-00-108-0-01|||Header|Detailed-Head|||||100.0
37|01|04|2013|Council of Ministers|00||108|Tour Expenses - Council of Ministers|0||01||041|Travel Expenses|2013-00-108-0-01|Travel Expenses||Data|Object-Head|439.69|591.00|591.00|595.00|100.0
37|01|04|2013|Council of Ministers|00||108|Tour Expenses - Council of Ministers|0||01|||||HOA Total :||Total|Detailed-Head|439.69|591.00|591.00|595.00|100.0
37|01|04|2013|Council of Ministers|00||800|Expenses of Council of Ministers|||||||2013-00-800-0-01|Expenses of Council of Ministers||Header|Minor-Head|||||
37|01|04|2013|Council of Ministers|00||800|Expenses of Council of Ministers|0||||||2013-00-800-0-01|||Header|Sub-Head|||||
37|01|04|2013|Council of Ministers|00||800|Expenses of Council of Ministers|0||01||||2013-00-800-0-01|||Header|Detailed-Head|||||100.0
37|01|04|2013|Council of Ministers|00||800|Expenses of Council of Ministers|0||01||050|Office Expenses|2013-00-800-0-01|Office Expenses||Data|Object-Head||15.00|15.00|15.00|100.0
37|01|04|2013|Council of Ministers|00||800|Expenses of Council of Ministers|0||01||051|General Expenses|2013-00-800-0-01|General Expenses||Data|Object-Head|279.46|225.00|225.00|234.00|100.0
37|01|04|2013|Council of Ministers|00||800|Expenses of Council of Ministers|0||01||052|Telephone Charges|2013-00-800-0-01|Telephone Charges||Data|Object-Head|11.03||||100.0
37|01|04|2013|Council of Ministers|00||800|Expenses of Council of Ministers|0||01||071|Building Expenses|2013-00-800-0-01|Building Expenses||Data|Object-Head|233.90|150.00|150.00|150.00|100.0
37|01|04|2013|Council of Ministers|00||800|Expenses of Council of Ministers|0||01||195|Transport Expenses|2013-00-800-0-01|Transport Expenses||Data|Object-Head|45.22|60.00|60.00|1.00|100.0
37|01|04|2013|Council of Ministers|00||800|Expenses of Council of Ministers|0||01|||||HOA Total :||Total|Detailed-Head|569.61|450.00|450.00|400.00|100.0
37|01|04|2013|Council of Ministers|00||911|Deduct Recovery of Over Payments of Current Year|||||||2013-00-911-0-01|Deduct Recovery of Over Payments of Current Year||Header|Minor-Head|||||
37|01|04|2013|Council of Ministers|00||911|Deduct Recovery of Over Payments of Current Year|0||||||2013-00-911-0-01|||Header|Sub-Head|||||
37|01|04|2013|Council of Ministers|00||911|Deduct Recovery of Over Payments of Current Year|0||01||||2013-00-911-0-01|||Header|Detailed-Head|||||100.0
37|01|04|2013|Council of Ministers|00||911|Deduct Recovery of Over Payments of Current Year|0||01||364|Deduct - Recoveries|2013-00-911-0-01|Deduct - Recoveries||Data|Object-Head|-6.64||||100.0
37|01|04|2013|Council of Ministers|00||911|Deduct Recovery of Over Payments of Current Year|0||01|||||HOA Total :||Total|Detailed-Head|-6.64|0.00|0.00|0.00|100.0
37|01|04|2013|Council of Ministers|00|||||||||||2013 - Total :||Total|Major-Head|2863.44|3296.00|3361.00|4255.00|
38|01|04|2014|Administration of Justice|00||||||||||2014|Administration of Justice||Header|Major-Head|||||
38|01|04|2014|Administration of Justice|00||116|Karnataka Administrative Tribunal|||||||2014-00-116-1-00|Karnataka Administrative Tribunal||Header|Minor-Head|||||
38|01|04|2014|Administration of Justice|00||116|Karnataka Administrative Tribunal|1|Karnataka Administrative Tribunal||||||2014-00-116-1-00||Header|Sub-Head|||||
38|01|04|2014|Administration of Justice|00||116|Karnataka Administrative Tribunal|1|Karnataka Administrative Tribunal|00|||||2014-00-116-1-00||Header|Detailed-Head|||||100.0
38|01|04|2014|Administration of Justice|00||116|Karnataka Administrative Tribunal|1|Karnataka Administrative Tribunal|00||001|Consolidated Salaries|2014-00-116-1-00|Consolidated Salaries||Data|Object-Head|278.37|417.00|417.00|447.00|100.0
38|01|04|2014|Administration of Justice|00||116|Karnataka Administrative Tribunal|1|Karnataka Administrative Tribunal|00||002|Basic Pay|2014-00-116-1-00|Basic Pay||Data|Object-Head|305.18|1495.00|1495.00|1511.00|100.0
38|01|04|2014|Administration of Justice|00||116|Karnataka Administrative Tribunal|1|Karnataka Administrative Tribunal|00||003|Basic Pay-Staff|2014-00-116-1-00|Basic Pay-Staff||Data|Object-Head|900.70||||100.0
38|01|04|2014|Administration of Justice|00||116|Karnataka Administrative Tribunal|1|Karnataka Administrative Tribunal|00||004|Interim Relief|2014-00-116-1-00|Interim Relief||Data|Object-Head|94.77||||100.0
38|01|04|2014|Administration of Justice|00||116|Karnataka Administrative Tribunal|1|Karnataka Administrative Tribunal|00||011|Dearness Allowance|2014-00-116-1-00|Dearness Allowance||Data|Object-Head|325.49|339.00|339.00|390.00|100.0
38|01|04|2014|Administration of Justice|00||116|Karnataka Administrative Tribunal|1|Karnataka Administrative Tribunal|00||014|Other Allowance|2014-00-116-1-00|Other Allowance||Data|Object-Head|285.34|328.00|328.00|318.00|100.0
38|01|04|2014|Administration of Justice|00||116|Karnataka Administrative Tribunal|1|Karnataka Administrative Tribunal|00||015|Subsidiary Expenses|2014-00-116-1-00|Subsidiary Expenses||Data|Object-Head|6.68|20.00|20.00|10.00|100.0
38|01|04|2014|Administration of Justice|00||116|Karnataka Administrative Tribunal|1|Karnataka Administrative Tribunal|00||020|Medical Allowance|2014-00-116-1-00|Medical Allowance||Data|Object-Head|10.14||||100.0
38|01|04|2014|Administration of Justice|00||116|Karnataka Administrative Tribunal|1|Karnataka Administrative Tribunal|00||021|Reimbursement of Medical Expenses|2014-00-116-1-00|Reimbursement of Medical Expenses||Data|Object-Head|11.57|17.00|17.00|17.00|100.0
38|01|04|2014|Administration of Justice|00||116|Karnataka Administrative Tribunal|1|Karnataka Administrative Tribunal|00||034|Contract/Outsource|2014-00-116-1-00|Contract/Outsource||Data|Object-Head|0.60|3.22|3.22|3.32|100.0
38|01|04|2014|Administration of Justice|00||116|Karnataka Administrative Tribunal|1|Karnataka Administrative Tribunal|00||041|Travel Expenses|2014-00-116-1-00|Travel Expenses||Data|Object-Head|17.10|17.00|17.00|17.00|100.0
38|01|04|2014|Administration of Justice|00||116|Karnataka Administrative Tribunal|1|Karnataka Administrative Tribunal|00||050|Office Expenses|2014-00-116-1-00|Office Expenses||Data|Object-Head||4.00|4.00|5.00|100.0
38|01|04|2014|Administration of Justice|00||116|Karnataka Administrative Tribunal|1|Karnataka Administrative Tribunal|00||051|General Expenses|2014-00-116-1-00|General Expenses||Data|Object-Head|35.49|40.00|40.00|15.00|100.0
38|01|04|2014|Administration of Justice|00||116|Karnataka Administrative Tribunal|1|Karnataka Administrative Tribunal|00||052|Telephone Charges|2014-00-116-1-00|Telephone Charges||Data|Object-Head|1.99||||100.0
38|01|04|2014|Administration of Justice|00||116|Karnataka Administrative Tribunal|1|Karnataka Administrative Tribunal|00||071|Building Expenses|2014-00-116-1-00|Building Expenses||Data|Object-Head|183.01|237.00|237.00|200.00|100.0
38|01|04|2014|Administration of Justice|00||116|Karnataka Administrative Tribunal|1|Karnataka Administrative Tribunal|00||177|IT Expenditure|2014-00-116-1-00|IT Expenditure||Data|Object-Head||1.00|1.00||100.0
38|01|04|2014|Administration of Justice|00||116|Karnataka Administrative Tribunal|1|Karnataka Administrative Tribunal|00||180|Machinery and Equipments|2014-00-116-1-00|Machinery and Equipments||Data|Object-Head|4.60||||100.0
38|01|04|2014|Administration of Justice|00||116|Karnataka Administrative Tribunal|1|Karnataka Administrative Tribunal|00||195|Transport Expenses|2014-00-116-1-00|Transport Expenses||Data|Object-Head|27.42|53.19|53.19|55.77|100.0
38|01|04|2014|Administration of Justice|00||116|Karnataka Administrative Tribunal|1|Karnataka Administrative Tribunal|00||200|Maintenance Expenditure|2014-00-116-1-00|Maintenance Expenditure||Data|Object-Head||4.00|4.00|4.00|100.0
38|01|04|2014|Administration of Justice|00||116|Karnataka Administrative Tribunal|1|Karnataka Administrative Tribunal|00||324|Honorarium|2014-00-116-1-00|Honorarium||Data|Object-Head|4.33|10.00|10.00|5.00|100.0
38|01|04|2014|Administration of Justice|00||116|Karnataka Administrative Tribunal|1|Karnataka Administrative Tribunal|00|||||HOA Total :||Total|Detailed-Head|2492.78|2985.41|2985.41|2998.09|100.0
38|01|04|2014|Administration of Justice|00||116|Karnataka Administrative Tribunal|2|KAT-Kalaburagi|||||2014-00-116-2-00|KAT-Kalaburagi||Header|Sub-Head|||||
38|01|04|2014|Administration of Justice|00||116|Karnataka Administrative Tribunal|2|KAT-Kalaburagi|00||||2014-00-116-2-00|||Header|Detailed-Head|||||100.0
38|01|04|2014|Administration of Justice|00||116|Karnataka Administrative Tribunal|2|KAT-Kalaburagi|00||015|Subsidiary Expenses|2014-00-116-2-00|Subsidiary Expenses||Data|Object-Head|0.12|1.00|1.00|1.00|100.0
38|01|04|2014|Administration of Justice|00||116|Karnataka Administrative Tribunal|2|KAT-Kalaburagi|00||034|Contract/Outsource|2014-00-116-2-00|Contract/Outsource||Data|Object-Head|1.83|3.07|3.07|3.18|100.0
38|01|04|2014|Administration of Justice|00||116|Karnataka Administrative Tribunal|2|KAT-Kalaburagi|00||041|Travel Expenses|2014-00-116-2-00|Travel Expenses||Data|Object-Head|0.02|1.00|1.00|1.00|100.0
39|01|04|2014|Administration of Justice|00||116|Karnataka Administrative Tribunal|2|KAT-Kalaburagi|00||050|Office Expenses|2014-00-116-2-00|Office Expenses||Data|Object-Head||4.00|4.00|4.00|100.0
39|01|04|2014|Administration of Justice|00||116|Karnataka Administrative Tribunal|2|KAT-Kalaburagi|00||051|General Expenses|2014-00-116-2-00|General Expenses||Data|Object-Head|5.10|10.00|10.00|7.00|100.0
39|01|04|2014|Administration of Justice|00||116|Karnataka Administrative Tribunal|2|KAT-Kalaburagi|00||052|Telephone Charges|2014-00-116-2-00|Telephone Charges||Data|Object-Head|0.48||||100.0
39|01|04|2014|Administration of Justice|00||116|Karnataka Administrative Tribunal|2|KAT-Kalaburagi|00||071|Building Expenses|2014-00-116-2-00|Building Expenses||Data|Object-Head|24.58|30.00|30.00|30.00|100.0
39|01|04|2014|Administration of Justice|00||116|Karnataka Administrative Tribunal|2|KAT-Kalaburagi|00||177|IT Expenditure|2014-00-116-2-00|IT Expenditure||Data|Object-Head||1.00|1.00||100.0
39|01|04|2014|Administration of Justice|00||116|Karnataka Administrative Tribunal|2|KAT-Kalaburagi|00||195|Transport Expenses|2014-00-116-2-00|Transport Expenses||Data|Object-Head|3.77|9.61|9.61|5.95|100.0
39|01|04|2014|Administration of Justice|00||116|Karnataka Administrative Tribunal|2|KAT-Kalaburagi|00|||||HOA Total :||Total|Detailed-Head|35.90|59.68|59.68|52.13|100.0
39|01|04|2014|Administration of Justice|00||116|Karnataka Administrative Tribunal|3|KAT-Belagavi|00||||2014-00-116-3-00|KAT-Belagavi||Header|Detailed-Head|||||100.0
39|01|04|2014|Administration of Justice|00||116|Karnataka Administrative Tribunal|3|KAT-Belagavi|00||015|Subsidiary Expenses|2014-00-116-3-00|Subsidiary Expenses||Data|Object-Head|0.58|1.00|1.00|1.00|100.0
39|01|04|2014|Administration of Justice|00||116|Karnataka Administrative Tribunal|3|KAT-Belagavi|00||034|Contract/Outsource|2014-00-116-3-00|Contract/Outsource||Data|Object-Head||3.07|3.07|3.18|100.0
39|01|04|2014|Administration of Justice|00||116|Karnataka Administrative Tribunal|3|KAT-Belagavi|00||041|Travel Expenses|2014-00-116-3-00|Travel Expenses||Data|Object-Head|0.29|1.00|1.00|1.00|100.0
39|01|04|2014|Administration of Justice|00||116|Karnataka Administrative Tribunal|3|KAT-Belagavi|00||050|Office Expenses|2014-00-116-3-00|Office Expenses||Data|Object-Head||4.00|4.00|4.00|100.0
39|01|04|2014|Administration of Justice|00||116|Karnataka Administrative Tribunal|3|KAT-Belagavi|00||051|General Expenses|2014-00-116-3-00|General Expenses||Data|Object-Head|8.54|10.00|10.00|7.00|100.0
39|01|04|2014|Administration of Justice|00||116|Karnataka Administrative Tribunal|3|KAT-Belagavi|00||052|Telephone Charges|2014-00-116-3-00|Telephone Charges||Data|Object-Head|0.35||||100.0
39|01|04|2014|Administration of Justice|00||116|Karnataka Administrative Tribunal|3|KAT-Belagavi|00||071|Building Expenses|2014-00-116-3-00|Building Expenses||Data|Object-Head|34.11|47.00|47.00|40.00|100.0
39|01|04|2014|Administration of Justice|00||116|Karnataka Administrative Tribunal|3|KAT-Belagavi|00||177|IT Expenditure|2014-00-116-3-00|IT Expenditure||Data|Object-Head||1.00|1.00||100.0
39|01|04|2014|Administration of Justice|00||116|Karnataka Administrative Tribunal|3|KAT-Belagavi|00||195|Transport Expenses|2014-00-116-3-00|Transport Expenses||Data|Object-Head|4.78|9.61|9.61|5.33|100.0
39|01|04|2014|Administration of Justice|00||116|Karnataka Administrative Tribunal|3|KAT-Belagavi|00||200|Maintenance Expenditure|2014-00-116-3-00|Maintenance Expenditure||Data|Object-Head||2.00|2.00|1.00|100.0
39|01|04|2014|Administration of Justice|00||116|Karnataka Administrative Tribunal|3|KAT-Belagavi|00|||||HOA Total :||Total|Detailed-Head|48.65|78.68|78.68|62.51|100.0
39|01|04|2014|Administration of Justice|00|||||||||||2014 - Total :||Total|Major-Head|2577.33|3123.77|3123.77|3112.73|
40|01|04|2015|Elections|00||102||0||01|Chief Electoral Officers|||2015-00-102-0-01|Chief Electoral Officers||Header|Detailed-Head|||||100.0
40|01|04|2015|Elections|00||102||0||01|Chief Electoral Officers|002|Basic Pay|2015-00-102-0-01|Basic Pay||Data|Object-Head|385.30|4939.00|4988.07|4813.00|100.0
40|01|04|2015|Elections|00||102||0||01|Chief Electoral Officers|003|Basic Pay-Staff|2015-00-102-0-01|Basic Pay-Staff||Data|Object-Head|3621.36||||100.0
40|01|04|2015|Elections|00||102||0||01|Chief Electoral Officers|004|Interim Relief|2015-00-102-0-01|Interim Relief||Data|Object-Head|223.81||||100.0
40|01|04|2015|Elections|00||102||0||01|Chief Electoral Officers|011|Dearness Allowance|2015-00-102-0-01|Dearness Allowance||Data|Object-Head|891.82|1104.00|1104.00|1214.00|100.0
40|01|04|2015|Elections|00||102||0||01|Chief Electoral Officers|014|Other Allowance|2015-00-102-0-01|Other Allowance||Data|Object-Head|472.31|606.00|618.58|552.00|100.0
40|01|04|2015|Elections|00||102||0||01|Chief Electoral Officers|020|Medical Allowance|2015-00-102-0-01|Medical Allowance||Data|Object-Head|28.00||||100.0
40|01|04|2015|Elections|00||102||0||01|Chief Electoral Officers|021|Reimbursement of Medical Expenses|2015-00-102-0-01|Reimbursement of Medical Expenses||Data|Object-Head|49.62|50.00|50.00|48.00|100.0
40|01|04|2015|Elections|00||102||0||01|Chief Electoral Officers|034|Contract/Outsource|2015-00-102-0-01|Contract/Outsource||Data|Object-Head|111.72|98.02|98.02|65.16|100.0
40|01|04|2015|Elections|00||102||0||01|Chief Electoral Officers|035|Salary of Board/Corp.Staff working in State Government|2015-00-102-0-01|Salary of Board/Corp.Staff working in State Government||Data|Object-Head|83.56|85.65|85.65|63.27|100.0
40|01|04|2015|Elections|00||102||0||01|Chief Electoral Officers|037|Payment on Service Contract|2015-00-102-0-01|Payment on Service Contract||Data|Object-Head||943.00|943.00|1008.13|100.0
40|01|04|2015|Elections|00||102||0||01|Chief Electoral Officers|041|Travel Expenses|2015-00-102-0-01|Travel Expenses||Data|Object-Head|13.89|16.00|26.00|16.00|100.0
40|01|04|2015|Elections|00||102||0||01|Chief Electoral Officers|050|Office Expenses|2015-00-102-0-01|Office Expenses||Data|Object-Head||20.00|20.00|20.00|100.0
40|01|04|2015|Elections|00||102||0||01|Chief Electoral Officers|051|General Expenses|2015-00-102-0-01|General Expenses||Data|Object-Head|71.58|75.00|75.00|26.60|100.0
40|01|04|2015|Elections|00||102||0||01|Chief Electoral Officers|052|Telephone Charges|2015-00-102-0-01|Telephone Charges||Data|Object-Head|22.59||||100.0
40|01|04|2015|Elections|00||102||0||01|Chief Electoral Officers|071|Building Expenses|2015-00-102-0-01|Building Expenses||Data|Object-Head|107.71|100.00|100.00|92.00|100.0
40|01|04|2015|Elections|00||102||0||01|Chief Electoral Officers|195|Transport Expenses|2015-00-102-0-01|Transport Expenses||Data|Object-Head|77.11|82.22|82.22|58.12|100.0
40|01|04|2015|Elections|00||102||0||01|Chief Electoral Officers|221|Materials and Supplies|2015-00-102-0-01|Materials and Supplies||Data|Object-Head||||2.00|100.0
40|01|04|2015|Elections|00||102||0||01|Chief Electoral Officers|||||HOA Total :|Total|Detailed-Head|6160.38|8118.89|8190.54|7978.28|100.0
40|01|04|2015|Elections|00||103||0||01|Parliamentary & Assembly Constituencies|||2015-00-103-0-01|Parliamentary & Assembly Constituencies||Header|Detailed-Head|||||100.0
40|01|04|2015|Elections|00||103||0||01|Parliamentary & Assembly Constituencies|015|Subsidiary Expenses|2015-00-103-0-01|Subsidiary Expenses||Data|Object-Head|4988.41|5000.00|5000.00|9500.00|100.0
40|01|04|2015|Elections|00||103||0||01|Parliamentary & Assembly Constituencies|051|General Expenses|2015-00-103-0-01|General Expenses||Data|Object-Head|5900.99|3640.00|3640.00|2016.00|100.0
40|01|04|2015|Elections|00||103||0||01|Parliamentary & Assembly Constituencies|195|Transport Expenses|2015-00-103-0-01|Transport Expenses||Data|Object-Head|55.00|24.80|24.80|13.00|100.0
40|01|04|2015|Elections|00||103||0||01|Parliamentary & Assembly Constituencies|||||HOA Total :|Total|Detailed-Head|10944.40|8664.80|8664.80|11529.00|100.0
41|01|04|2015|Elections|00||103|Parliamentary & Assembly Constituencies|0||02|Legislative Council Constituencies|||2015-00-103-0-02|Legislative Council Constituencies||Header|Detailed-Head|||||100.0
41|01|04|2015|Elections|00||103|Parliamentary & Assembly Constituencies|0||02|Legislative Council Constituencies|015|Subsidiary Expenses|2015-00-103-0-02|Subsidiary Expenses||Data|Object-Head||1.00|1.00|1.00|100.0
41|01|04|2015|Elections|00||103|Parliamentary & Assembly Constituencies|0||02|Legislative Council Constituencies|041|Travel Expenses|2015-00-103-0-02|Travel Expenses||Data|Object-Head||1.00|1.00|1.00|100.0
41|01|04|2015|Elections|00||103|Parliamentary & Assembly Constituencies|0||02|Legislative Council Constituencies|051|General Expenses|2015-00-103-0-02|General Expenses||Data|Object-Head|71.27|40.00|40.00|10.00|100.0
41|01|04|2015|Elections|00||103|Parliamentary & Assembly Constituencies|0||02|Legislative Council Constituencies|195|Transport Expenses|2015-00-103-0-02|Transport Expenses||Data|Object-Head||1.00|1.00|1.00|100.0
41|01|04|2015|Elections|00||103|Parliamentary & Assembly Constituencies|0||02|Legislative Council Constituencies|||||HOA Total :|Total|Detailed-Head|71.27|43.00|43.00|13.00|100.0
41|01|04|2015|Elections|00||103|Parliamentary & Assembly Constituencies|0||03|Systematic Voters Education and Electoral Participation Program|||2015-00-103-0-03|Systematic Voters Education and Electoral Participation Program||Header|Detailed-Head|||||100.0
41|01|04|2015|Elections|00||103|Parliamentary & Assembly Constituencies|0||03|Systematic Voters Education and Electoral Participation Program|051|General Expenses|2015-00-103-0-03|General Expenses||Data|Object-Head||175.00|175.00|150.00|100.0
41|01|04|2015|Elections|00||103|Parliamentary & Assembly Constituencies|0||03|Systematic Voters Education and Electoral Participation Program|059|Other Expenses|2015-00-103-0-03|Other Expenses||Data|Object-Head|628.78|1.00|1.00|1.00|100.0
41|01|04|2015|Elections|00||103|Parliamentary & Assembly Constituencies|0||03|Systematic Voters Education and Electoral Participation Program|||||HOA Total :|Total|Detailed-Head|628.78|176.00|176.00|151.00|100.0
41|01|04|2015|Elections|00||104|General Elections to Parliament and State Legislative Assemblies|0||01|General Elections to Parliament and State Legislative Assemblies|||2015-00-104-0-01|General Elections to Parliament and State Legislative Assemblies||Header|Detailed-Head|||||100.0
41|01|04|2015|Elections|00||104|General Elections to Parliament and State Legislative Assemblies|0||01|General Elections to Parliament and State Legislative Assemblies|059|Other Expenses|2015-00-104-0-01|Other Expenses||Data|Object-Head||1.00|1.00|1.00|100.0
41|01|04|2015|Elections|00||104|General Elections to Parliament and State Legislative Assemblies|0||01|General Elections to Parliament and State Legislative Assemblies|||||HOA Total :|Total|Detailed-Head|0.00|1.00|1.00|1.00|100.0
41|01|04|2015|Elections|00||105|General Elections to Parliament|0||01|General Elections to Parliament|||2015-00-105-0-01|General Elections to Parliament||Header|Detailed-Head|||||100.0
41|01|04|2015|Elections|00||105|General Elections to Parliament|0||01|General Elections to Parliament|059|Other Expenses|2015-00-105-0-01|Other Expenses||Data|Object-Head|35277.15|1.00|1700.71|1.00|100.0
41|01|04|2015|Elections|00||105|General Elections to Parliament|0||01|General Elections to Parliament|||||HOA Total :|Total|Detailed-Head|35277.15|1.00|1700.71|1.00|100.0
41|01|04|2015|Elections|00||105|General Elections to Parliament|0||02|By-elections to Parliament|||2015-00-105-0-02|By-elections to Parliament||Header|Detailed-Head|||||100.0
41|01|04|2015|Elections|00||105|General Elections to Parliament|0||02|By-elections to Parliament|059|Other Expenses|2015-00-105-0-02|Other Expenses||Data|Object-Head||1.00|1.00|1.00|100.0
41|01|04|2015|Elections|00||105|General Elections to Parliament|0||02|By-elections to Parliament|||||HOA Total :|Total|Detailed-Head|0.00|1.00|1.00|1.00|100.0
42|01|04|2015|Elections|00||106|Elections to State/Union Territory Legislatures|1|General Elections to Assembly|01|General Elections to Assembly|||2015-00-106-1-01|General Elections to Assembly||Header|Detailed-Head|||||100.0
42|01|04|2015|Elections|00||106|Elections to State/Union Territory Legislatures|1|General Elections to Assembly|01|General Elections to Assembly|059|Other Expenses|2015-00-106-1-01|Other Expenses||Data|Object-Head|798.55|3000.00|3000.00|1.00|100.0
42|01|04|2015|Elections|00||106|Elections to State/Union Territory Legislatures|1|General Elections to Assembly|01|General Elections to Assembly|||||HOA Total :|Total|Detailed-Head|798.55|3000.00|3000.00|1.00|100.0
42|01|04|2015|Elections|00||106|Elections to State/Union Territory Legislatures|1|General Elections to Assembly|02|By-Elections to Assembly|||2015-00-106-1-02|By-Elections to Assembly||Header|Detailed-Head|||||100.0
42|01|04|2015|Elections|00||106|Elections to State/Union Territory Legislatures|1|General Elections to Assembly|02|By-Elections to Assembly|059|Other Expenses|2015-00-106-1-02|Other Expenses||Data|Object-Head|642.46|1.00|340.83|182.00|100.0
42|01|04|2015|Elections|00||106|Elections to State/Union Territory Legislatures|1|General Elections to Assembly|02|By-Elections to Assembly|||||HOA Total :|Total|Detailed-Head|642.46|1.00|340.83|182.00|100.0
42|01|04|2015|Elections|00||106|Elections to State/Union Territory Legislatures|2|General Elections to Council|01|General Elections to Council|||2015-00-106-2-01|General Elections to Council||Header|Detailed-Head|||||100.0
42|01|04|2015|Elections|00||106|Elections to State/Union Territory Legislatures|2|General Elections to Council|01|General Elections to Council|059|Other Expenses|2015-00-106-2-01|Other Expenses||Data|Object-Head|838.29|1.00|1.00|5.00|100.0
42|01|04|2015|Elections|00||106|Elections to State/Union Territory Legislatures|2|General Elections to Council|01|General Elections to Council|||||HOA Total :|Total|Detailed-Head|838.29|1.00|1.00|5.00|100.0
42|01|04|2015|Elections|00||106|Elections to State/Union Territory Legislatures|2|General Elections to Council|02|By-Elections to Council|||2015-00-106-2-02|By-Elections to Council||Header|Detailed-Head|||||100.0
42|01|04|2015|Elections|00||106|Elections to State/Union Territory Legislatures|2|General Elections to Council|02|By-Elections to Council|059|Other Expenses|2015-00-106-2-02|Other Expenses||Data|Object-Head|48.09|1.00|1.00|1.00|100.0
42|01|04|2015|Elections|00||106|Elections to State/Union Territory Legislatures|2|General Elections to Council|02|By-Elections to Council|||||HOA Total :|Total|Detailed-Head|48.09|1.00|1.00|1.00|100.0
42|01|04|2015|Elections|00||108|Issue of Photo Identity Cards to Voters|0||01|Issue of Photo Identity Cards to Voters|||2015-00-108-0-01|Issue of Photo Identity Cards to Voters||Header|Detailed-Head|||||100.0
42|01|04|2015|Elections|00||108|Issue of Photo Identity Cards to Voters|0||01|Issue of Photo Identity Cards to Voters|051|General Expenses|2015-00-108-0-01|General Expenses||Data|Object-Head|1513.97|500.00|500.00|500.00|100.0
42|01|04|2015|Elections|00||108|Issue of Photo Identity Cards to Voters|0||01|Issue of Photo Identity Cards to Voters|||||HOA Total :|Total|Detailed-Head|1513.97|500.00|500.00|500.00|100.0
42|01|04|2015|Elections|00||110|Delimitation of Constituencies|0||01|Delimitation of Constituencies|||2015-00-110-0-01|Delimitation of Constituencies||Header|Detailed-Head|||||100.0
42|01|04|2015|Elections|00||110|Delimitation of Constituencies|0||01|Delimitation of Constituencies|041|Travel Expenses|2015-00-110-0-01|Travel Expenses||Data|Object-Head||1.00|1.00|1.00|100.0
42|01|04|2015|Elections|00||110|Delimitation of Constituencies|0||01|Delimitation of Constituencies|051|General Expenses|2015-00-110-0-01|General Expenses||Data|Object-Head||1.00|1.00|1.00|100.0
42|01|04|2015|Elections|00||110|Delimitation of Constituencies|0||01|Delimitation of Constituencies|221|Materials and Supplies|2015-00-110-0-01|Materials and Supplies||Data|Object-Head||1.00|1.00|1.00|100.0
42|01|04|2015|Elections|00||110|Delimitation of Constituencies|0||01|Delimitation of Constituencies|||||HOA Total :|Total|Detailed-Head|0.00|3.00|3.00|3.00|100.0
43|01|04|2015|Elections|00||911|Recovery of Overpayments|0||00|Recovery of Overpayments|||2015-00-911-0-00|Recovery of Overpayments||Header|Detailed-Head|||||100.0
43|01|04|2015|Elections|00||911|Recovery of Overpayments|0||00|Recovery of Overpayments|364|Deduct - Recoveries|2015-00-911-0-00|Deduct - Recoveries||Data|Object-Head|-0.70||||100.0
43|01|04|2015|Elections|00||911|Recovery of Overpayments|0||00|Recovery of Overpayments|||||HOA Total :|Total|Detailed-Head|-0.70|0.00|0.00|0.00|100.0
43|01|04|2015|Elections|00||911|Recovery of Overpayments|0||01|Deduct Recovery of Over Payments of Current Year|||2015-00-911-0-01|Deduct Recovery of Over Payments of Current Year||Header|Detailed-Head|||||100.0
43|01|04|2015|Elections|00||911|Recovery of Overpayments|0||01|Deduct Recovery of Over Payments of Current Year|364|Deduct - Recoveries|2015-00-911-0-01|Deduct - Recoveries||Data|Object-Head|-26046.68||||100.0
43|01|04|2015|Elections|00||911|Recovery of Overpayments|0||01|Deduct Recovery of Over Payments of Current Year|||||HOA Total :|Total|Detailed-Head|-26046.68|0.00|0.00|0.00|100.0
43|01|04|2015|Elections|00||911|Recovery of Overpayments|0||02|Deduct Recovery of Overpayments|||2015-00-911-0-02|Deduct Recovery of Overpayments||Header|Detailed-Head|||||100.0
43|01|04|2015|Elections|00||911|Recovery of Overpayments|0||02|Deduct Recovery of Overpayments|364|Deduct - Recoveries|2015-00-911-0-02|Deduct - Recoveries||Data|Object-Head|-15.73||||100.0
43|01|04|2015|Elections|00||911|Recovery of Overpayments|0||02|Deduct Recovery of Overpayments|||||HOA Total :|Total|Detailed-Head|-15.73|0.00|0.00|0.00|100.0
43|01|04|2015|Elections|00||||||||||2015 - Total :|2015 - Total :||Total|Major-Head|30860.23|20511.69|22622.88|20366.28|
44|01|04|2051|Public Service Commission|00||102||0||02|Karnataka Public Service Commission Secretariat|||2051-00-102-0-02|Karnataka Public Service Commission Secretariat|C|Header|Detailed-Head|||||100.0
44|01|04|2051|Public Service Commission|00||102||0||02|Karnataka Public Service Commission Secretariat|001|Consolidated Salaries|2051-00-102-0-02|Consolidated Salaries|C|Data|Object-Head|590.82|662.49|662.49|517.88|100.0
44|01|04|2051|Public Service Commission|00||102||0||02|Karnataka Public Service Commission Secretariat|002|Basic Pay|2051-00-102-0-02|Basic Pay|C|Data|Object-Head|351.13|1300.00|1300.00|1265.00|100.0
44|01|04|2051|Public Service Commission|00||102||0||02|Karnataka Public Service Commission Secretariat|003|Basic Pay-Staff|2051-00-102-0-02|Basic Pay-Staff|C|Data|Object-Head|728.14||||100.0
44|01|04|2051|Public Service Commission|00||102||0||02|Karnataka Public Service Commission Secretariat|004|Interim Relief|2051-00-102-0-02|Interim Relief|C|Data|Object-Head|64.64||||100.0
44|01|04|2051|Public Service Commission|00||102||0||02|Karnataka Public Service Commission Secretariat|011|Dearness Allowance|2051-00-102-0-02|Dearness Allowance|C|Data|Object-Head|254.68|295.00|295.00|317.00|100.0
44|01|04|2051|Public Service Commission|00||102||0||02|Karnataka Public Service Commission Secretariat|014|Other Allowance|2051-00-102-0-02|Other Allowance|C|Data|Object-Head|259.16|291.00|291.00|275.00|100.0
44|01|04|2051|Public Service Commission|00||102||0||02|Karnataka Public Service Commission Secretariat|015|Subsidiary Expenses|2051-00-102-0-02|Subsidiary Expenses|C|Data|Object-Head|40.46|73.00|73.00|73.00|100.0
44|01|04|2051|Public Service Commission|00||102||0||02|Karnataka Public Service Commission Secretariat|020|Medical Allowance|2051-00-102-0-02|Medical Allowance|C|Data|Object-Head|5.78||||100.0
44|01|04|2051|Public Service Commission|00||102||0||02|Karnataka Public Service Commission Secretariat|021|Reimbursement of Medical Expenses|2051-00-102-0-02|Reimbursement of Medical Expenses|C|Data|Object-Head|14.92|15.00|15.00|15.00|100.0
44|01|04|2051|Public Service Commission|00||102||0||02|Karnataka Public Service Commission Secretariat|034|Contract/Outsource|2051-00-102-0-02|Contract/Outsource|C|Data|Object-Head|233.71|252.13|252.13|270.09|100.0
44|01|04|2051|Public Service Commission|00||102||0||02|Karnataka Public Service Commission Secretariat|041|Travel Expenses|2051-00-102-0-02|Travel Expenses|C|Data|Object-Head|10.00|10.00|10.00|10.00|100.0
44|01|04|2051|Public Service Commission|00||102||0||02|Karnataka Public Service Commission Secretariat|050|Office Expenses|2051-00-102-0-02|Office Expenses|C|Data|Object-Head||16.00|16.00|16.00|100.0
44|01|04|2051|Public Service Commission|00||102||0||02|Karnataka Public Service Commission Secretariat|051|General Expenses|2051-00-102-0-02|General Expenses|C|Data|Object-Head|419.17|228.00|228.00|230.00|100.0
44|01|04|2051|Public Service Commission|00||102||0||02|Karnataka Public Service Commission Secretariat|052|Telephone Charges|2051-00-102-0-02|Telephone Charges|C|Data|Object-Head|10.57||||100.0
44|01|04|2051|Public Service Commission|00||102||0||02|Karnataka Public Service Commission Secretariat|059|Other Expenses|2051-00-102-0-02|Other Expenses|C|Data|Object-Head|0.20||||100.0
44|01|04|2051|Public Service Commission|00||102||0||02|Karnataka Public Service Commission Secretariat|071|Building Expenses|2051-00-102-0-02|Building Expenses|C|Data|Object-Head|36.31|33.00|33.00|34.00|100.0
44|01|04|2051|Public Service Commission|00||102||0||02|Karnataka Public Service Commission Secretariat|131|Secret Service Expenses|2051-00-102-0-02|Secret Service Expenses|C|Data|Object-Head|3300.00|2000.00|2000.00|2000.00|100.0
44|01|04|2051|Public Service Commission|00||102||0||02|Karnataka Public Service Commission Secretariat|180|Machinery and Equipments|2051-00-102-0-02|Machinery and Equipments|C|Data|Object-Head|1.63||||100.0
44|01|04|2051|Public Service Commission|00||102||0||02|Karnataka Public Service Commission Secretariat|195|Transport Expenses|2051-00-102-0-02|Transport Expenses|C|Data|Object-Head|90.10|121.64|121.64|118.53|100.0
44|01|04|2051|Public Service Commission|00||102||0||02|Karnataka Public Service Commission Secretariat|200|Maintenance Expenditure|2051-00-102-0-02|Maintenance Expenditure|C|Data|Object-Head||1.00|1.00|1.00|100.0
44|01|04|2051|Public Service Commission|00||102||0||02|Karnataka Public Service Commission Secretariat|433|Examination Expenses|2051-00-102-0-02|Examination Expenses|C|Data|Object-Head|6835.55|2500.00|2500.00|2500.00|100.0
44|01|04|2051|Public Service Commission|00||102||0||02|Karnataka Public Service Commission Secretariat||||HOA Total :|C|Total|Detailed-Head|13246.97|7798.26|7798.26|7642.50|100.0
45|01|04|2051|Public Service Commission|00||911||0||01|Recovery of Over Payment|||2051-00-911-0-01|Recovery of Over Payment|C|Header|Detailed-Head|||||100.0
45|01|04|2051|Public Service Commission|00||911||0||01|Recovery of Over Payment|364|Deduct - Recoveries|2051-00-911-0-01|Deduct - Recoveries|C|Data|Object-Head|-2.87||||100.0
45|01|04|2051|Public Service Commission|00||911||0||01|Recovery of Over Payment||||HOA Total :|C|Total|Detailed-Head|-2.87|0.00|0.00|0.00|100.0
45|01|04|2051|Public Service Commission|00||911||0||02|Deduct Recovery of Overpayments|||2051-00-911-0-02|Deduct Recovery of Overpayments|C|Header|Detailed-Head|||||100.0
45|01|04|2051|Public Service Commission|00||911||0||02|Deduct Recovery of Overpayments|364|Deduct - Recoveries|2051-00-911-0-02|Deduct - Recoveries|C|Data|Object-Head|-7.16||||100.0
45|01|04|2051|Public Service Commission|00||911||0||02|Deduct Recovery of Overpayments||||HOA Total :|C|Total|Detailed-Head|-7.16|0.00|0.00|0.00|100.0
45|01|04|2051|Public Service Commission|00|||||||||||2051 - Total :|C|Total|Major-Head|13236.94|7798.26|7798.26|7642.50|
46|01|04|2052|Secretariat-General Services|00||090|Secretariat|0|Karnataka Government|01|Secretariat|||2052-00-090-0-01|Karnataka Government Secretariat||Header|Detailed-Head|||||100.0
46|01|04|2052|Secretariat-General Services|00||090|Secretariat|0|Karnataka Government|01|Secretariat|002|Basic Pay|2052-00-090-0-01|Basic Pay||Data|Object-Head|4905.20|11372.00|11372.00|11551.00|100.0
46|01|04|2052|Secretariat-General Services|00||090|Secretariat|0|Karnataka Government|01|Secretariat|003|Basic Pay-Staff|2052-00-090-0-01|Basic Pay-Staff||Data|Object-Head|4255.20||||100.0
46|01|04|2052|Secretariat-General Services|00||090|Secretariat|0|Karnataka Government|01|Secretariat|004|Interim Relief|2052-00-090-0-01|Interim Relief||Data|Object-Head|555.87||||100.0
46|01|04|2052|Secretariat-General Services|00||090|Secretariat|0|Karnataka Government|01|Secretariat|011|Dearness Allowance|2052-00-090-0-01|Dearness Allowance||Data|Object-Head|2468.09|2969.00|2969.00|3381.00|100.0
46|01|04|2052|Secretariat-General Services|00||090|Secretariat|0|Karnataka Government|01|Secretariat|014|Other Allowance|2052-00-090-0-01|Other Allowance||Data|Object-Head|2584.82|2874.00|2884.00|2853.00|100.0
46|01|04|2052|Secretariat-General Services|00||090|Secretariat|0|Karnataka Government|01|Secretariat|015|Subsidiary Expenses|2052-00-090-0-01|Subsidiary Expenses||Data|Object-Head|133.87|170.00|170.00|172.00|100.0
46|01|04|2052|Secretariat-General Services|00||090|Secretariat|0|Karnataka Government|01|Secretariat|020|Medical Allowance|2052-00-090-0-01|Medical Allowance||Data|Object-Head|40.31||||100.0
46|01|04|2052|Secretariat-General Services|00||090|Secretariat|0|Karnataka Government|01|Secretariat|021|Reimbursement of Medical Expenses|2052-00-090-0-01|Reimbursement of Medical Expenses||Data|Object-Head|50.96|92.00|92.00|96.00|100.0
46|01|04|2052|Secretariat-General Services|00||090|Secretariat|0|Karnataka Government|01|Secretariat|034|Contract/Outsource|2052-00-090-0-01|Contract/Outsource||Data|Object-Head|2617.13|1457.42|1457.42|3085.98|100.0
46|01|04|2052|Secretariat-General Services|00||090|Secretariat|0|Karnataka Government|01|Secretariat|035|Salary of Board/Corp.Staff working in State Government|2052-00-090-0-01|Salary of Board/Corp.Staff working in State Government||Data|Object-Head|340.44|310.26|310.26|495.70|100.0
46|01|04|2052|Secretariat-General Services|00||090|Secretariat|0|Karnataka Government|01|Secretariat|037|Payment on Service Contract|2052-00-090-0-01|Payment on Service Contract||Data|Object-Head||1254.00|1254.00|1260.00|100.0
46|01|04|2052|Secretariat-General Services|00||090|Secretariat|0|Karnataka Government|01|Secretariat|041|Travel Expenses|2052-00-090-0-01|Travel Expenses||Data|Object-Head|262.32|250.00|250.00|260.00|100.0
46|01|04|2052|Secretariat-General Services|00||090|Secretariat|0|Karnataka Government|01|Secretariat|050|Office Expenses|2052-00-090-0-01|Office Expenses||Data|Object-Head||182.00|182.00|200.00|100.0
46|01|04|2052|Secretariat-General Services|00||090|Secretariat|0|Karnataka Government|01|Secretariat|051|General Expenses|2052-00-090-0-01|General Expenses||Data|Object-Head|1426.38|900.00|900.00|910.00|100.0
46|01|04|2052|Secretariat-General Services|00||090|Secretariat|0|Karnataka Government|01|Secretariat|052|Telephone Charges|2052-00-090-0-01|Telephone Charges||Data|Object-Head|182.78||||100.0
46|01|04|2052|Secretariat-General Services|00||090|Secretariat|0|Karnataka Government|01|Secretariat|053|Purchase of Furniture and Fixture for Office|2052-00-090-0-01|Purchase of Furniture and Fixture for Office||Data|Object-Head|6.33||||100.0
46|01|04|2052|Secretariat-General Services|00||090|Secretariat|0|Karnataka Government|01|Secretariat|071|Building Expenses|2052-00-090-0-01|Building Expenses||Data|Object-Head|1917.69|1155.00|1155.00|1200.00|100.0
46|01|04|2052|Secretariat-General Services|00||090|Secretariat|0|Karnataka Government|01|Secretariat|100|Financial Assistance/Relief|2052-00-090-0-01|Financial Assistance/Relief||Data|Object-Head||1.00|1.00|2.00|100.0
46|01|04|2052|Secretariat-General Services|00||090|Secretariat|0|Karnataka Government|01|Secretariat|104|Contributions|2052-00-090-0-01|Contributions||Data|Object-Head||1.00|1.00||100.0
46|01|04|2052|Secretariat-General Services|00||090|Secretariat|0|Karnataka Government|01|Secretariat|180|Machinery and Equipments|2052-00-090-0-01|Machinery and Equipments||Data|Object-Head|19.81||||100.0
46|01|04|2052|Secretariat-General Services|00||090|Secretariat|0|Karnataka Government|01|Secretariat|195|Transport Expenses|2052-00-090-0-01|Transport Expenses||Data|Object-Head|514.84|580.68|580.68|600.75|100.0
47|01|04|2052|Secretariat-General Services|00||090|Secretariat|0|Karnataka Government|01|Secretariat|200|Maintenance Expenditure|2052-00-090-0-01|Maintenance Expenditure||Data|Object-Head||1.00|1.00|1.00|100.0
47|01|04|2052|Secretariat-General Services|00||090|Secretariat|0|Karnataka Government|01|Secretariat||||HOA Total:||Total|Detailed-Head|22282.04|23569.36|23579.36|26068.43|100.0
47|01|04|2052|Secretariat-General Services|00||090|Secretariat|0|Karnataka Government|03|Expenditure Connected with Issue of Passports and Visas, etc.|||2052-00-090-0-03|Expenditure Connected with Issue of Passports and Visas, etc.||Header|Detailed-Head|||||100.0
47|01|04|2052|Secretariat-General Services|00||090|Secretariat|0|Karnataka Government|03|Expenditure Connected with Issue of Passports and Visas, etc.|002|Basic Pay|2052-00-090-0-03|Basic Pay||Data|Object-Head|8.02|28.00|28.00||100.0
47|01|04|2052|Secretariat-General Services|00||090|Secretariat|0|Karnataka Government|03|Expenditure Connected with Issue of Passports and Visas, etc.|003|Basic Pay-Staff|2052-00-090-0-03|Basic Pay-Staff||Data|Object-Head|12.66||||100.0
47|01|04|2052|Secretariat-General Services|00||090|Secretariat|0|Karnataka Government|03|Expenditure Connected with Issue of Passports and Visas, etc.|004|Interim Relief|2052-00-090-0-03|Interim Relief||Data|Object-Head|1.34||||100.0
47|01|04|2052|Secretariat-General Services|00||090|Secretariat|0|Karnataka Government|03|Expenditure Connected with Issue of Passports and Visas, etc.|011|Dearness Allowance|2052-00-090-0-03|Dearness Allowance||Data|Object-Head|4.89|6.00|6.00||100.0
47|01|04|2052|Secretariat-General Services|00||090|Secretariat|0|Karnataka Government|03|Expenditure Connected with Issue of Passports and Visas, etc.|014|Other Allowance|2052-00-090-0-03|Other Allowance||Data|Object-Head|6.19|7.00|7.00||100.0
47|01|04|2052|Secretariat-General Services|00||090|Secretariat|0|Karnataka Government|03|Expenditure Connected with Issue of Passports and Visas, etc.|020|Medical Allowance|2052-00-090-0-03|Medical Allowance||Data|Object-Head|0.09||||100.0
47|01|04|2052|Secretariat-General Services|00||090|Secretariat|0|Karnataka Government|03|Expenditure Connected with Issue of Passports and Visas, etc.|021|Reimbursement of Medical Expenses|2052-00-090-0-03|Reimbursement of Medical Expenses||Data|Object-Head||3.00|3.00||100.0
47|01|04|2052|Secretariat-General Services|00||090|Secretariat|0|Karnataka Government|03|Expenditure Connected with Issue of Passports and Visas, etc.||||HOA Total:||Total|Detailed-Head|33.19|44.00|44.00|0.00|100.0
47|01|04|2052|Secretariat-General Services|00||090|Secretariat|0|Karnataka Government|08|Compensation to the Family of Legislators & MP's who dies Un-naturaly|||2052-00-090-0-08|Compensation to the Family of Legislators & MP's who dies Un-naturaly||Header|Detailed-Head|||||100.0
47|01|04|2052|Secretariat-General Services|00||090|Secretariat|0|Karnataka Government|08|Compensation to the Family of Legislators & MP's who dies Un-naturaly|100|Financial Assistance/Relief|2052-00-090-0-08|Financial Assistance/Relief||Data|Object-Head||1.00|1.00|1.00|100.0
47|01|04|2052|Secretariat-General Services|00||090|Secretariat|0|Karnataka Government|08|Compensation to the Family of Legislators & MP's who dies Un-naturaly||||HOA Total:||Total|Detailed-Head|0.00|1.00|1.00|1.00|100.0
47|01|04|2052|Secretariat-General Services|00||090|Secretariat|0|Karnataka Government|25|Administrative Reforms Challenge Fund|||2052-00-090-0-25|Administrative Reforms Challenge Fund||Header|Detailed-Head|||||100.0
47|01|04|2052|Secretariat-General Services|00||090|Secretariat|0|Karnataka Government|25|Administrative Reforms Challenge Fund|059|Other Expenses|2052-00-090-0-25|Other Expenses||Data|Object-Head|85.03|100.00|100.00|100.00|100.0
47|01|04|2052|Secretariat-General Services|00||090|Secretariat|0|Karnataka Government|25|Administrative Reforms Challenge Fund||||HOA Total:||Total|Detailed-Head|85.03|100.00|100.00|100.00|100.0
47|01|04|2052|Secretariat-General Services|00||090|Secretariat|0|Karnataka Government|26|Implementation of Karnataka Guarantee of Services to Citizens (KGSC) Act|||2052-00-090-0-26|Implementation of Karnataka Guarantee of Services to Citizens (KGSC) Act||Header|Detailed-Head|||||100.0
47|01|04|2052|Secretariat-General Services|00||090|Secretariat|0|Karnataka Government|26|Implementation of Karnataka Guarantee of Services to Citizens (KGSC) Act|034|Contract/Outsource|2052-00-090-0-26|Contract/Outsource||Data|Object-Head|181.58|224.41|224.41|225.42|100.0
47|01|04|2052|Secretariat-General Services|00||090|Secretariat|0|Karnataka Government|26|Implementation of Karnataka Guarantee of Services to Citizens (KGSC) Act|051|General Expenses|2052-00-090-0-26|General Expenses||Data|Object-Head|146.99|100.00|100.00|100.00|100.0
48|01|04|2052|Secretariat-General Services|00||090|Secretariat|0|Karnataka Government|26|Implementation of Karnataka Guarantee of Services to Citizens (KGSC) Act|195|Transport Expenses|2052-00-090-0-26|Transport Expenses||Data|Object-Head|3.78|5.00|5.00|5.66|100.0
48|01|04|2052|Secretariat-General Services|00||090|Secretariat|0|Karnataka Government|26|Implementation of Karnataka Guarantee of Services to Citizens (KGSC) Act||||HOA Total:||Total|Detailed-Head|332.35|329.41|329.41|331.08|100.0
48|01|04|2052|Secretariat-General Services|00||090|Secretariat|0|Karnataka Government|27|Vacant Post Provision|||2052-00-090-0-27|Vacant Post Provision||Header|Detailed-Head|||||100.0
48|01|04|2052|Secretariat-General Services|00||090|Secretariat|0|Karnataka Government|27|Vacant Post Provision|014|Other Allowance|2052-00-090-0-27|Other Allowance|V|Data|Object-Head||18124.37|17955.82|22240.37|100.0
48|01|04|2052|Secretariat-General Services|00||090|Secretariat|0|Karnataka Government|27|Vacant Post Provision|014|Other Allowance|2052-00-090-0-27|Other Allowance|C|Data|Object-Head||4531.09|4324.38|5560.09|100.0
48|01|04|2052|Secretariat-General Services|00||090|Secretariat|0|Karnataka Government|27|Vacant Post Provision||||HOA Total:||Total|Detailed-Head|0.00|22655.46|22280.20|27800.46|100.0
48|01|04|2052|Secretariat-General Services|00||090|Secretariat|0|Karnataka Government|30|SAKALA-Payments under the Karnataka Guarantee of Services Act|||2052-00-090-0-30|SAKALA-Payments under the Karnataka Guarantee of Services Act||Header|Detailed-Head|||||100.0
48|01|04|2052|Secretariat-General Services|00||090|Secretariat|0|Karnataka Government|30|SAKALA-Payments under the Karnataka Guarantee of Services Act|015|Subsidiary Expenses|2052-00-090-0-30|Subsidiary Expenses||Data|Object-Head||||1.00|100.0
48|01|04|2052|Secretariat-General Services|00||090|Secretariat|0|Karnataka Government|30|SAKALA-Payments under the Karnataka Guarantee of Services Act|060|Compensatory Cost|2052-00-090-0-30|Compensatory Cost||Data|Object-Head||1.00|1.00||100.0
48|01|04|2052|Secretariat-General Services|00||090|Secretariat|0|Karnataka Government|30|SAKALA-Payments under the Karnataka Guarantee of Services Act||||HOA Total:||Total|Detailed-Head|0.00|1.00|1.00|1.00|100.0
48|01|04|2052|Secretariat-General Services|00||092||0||06|Resident Commissioner for Govt of Karnataka, New Delhi|||2052-00-092-0-06|Resident Commissioner for Govt of Karnataka, New Delhi||Header|Detailed-Head|||||100.0
48|01|04|2052|Secretariat-General Services|00||092||0||06|Resident Commissioner for Govt of Karnataka, New Delhi|002|Basic Pay|2052-00-092-0-06|Basic Pay||Data|Object-Head|86.79|249.00|249.00|252.00|100.0
48|01|04|2052|Secretariat-General Services|00||092||0||06|Resident Commissioner for Govt of Karnataka, New Delhi|003|Basic Pay-Staff|2052-00-092-0-06|Basic Pay-Staff||Data|Object-Head|89.49||||100.0
48|01|04|2052|Secretariat-General Services|00||092||0||06|Resident Commissioner for Govt of Karnataka, New Delhi|004|Interim Relief|2052-00-092-0-06|Interim Relief||Data|Object-Head|11.21||||100.0
48|01|04|2052|Secretariat-General Services|00||092||0||06|Resident Commissioner for Govt of Karnataka, New Delhi|011|Dearness Allowance|2052-00-092-0-06|Dearness Allowance||Data|Object-Head|56.42|96.00|96.00|93.00|100.0
48|01|04|2052|Secretariat-General Services|00||092||0||06|Resident Commissioner for Govt of Karnataka, New Delhi|014|Other Allowance|2052-00-092-0-06|Other Allowance||Data|Object-Head|77.30|70.00|70.00|74.00|100.0
48|01|04|2052|Secretariat-General Services|00||092||0||06|Resident Commissioner for Govt of Karnataka, New Delhi|020|Medical Allowance|2052-00-092-0-06|Medical Allowance||Data|Object-Head|0.58||||100.0
48|01|04|2052|Secretariat-General Services|00||092||0||06|Resident Commissioner for Govt of Karnataka, New Delhi|021|Reimbursement of Medical Expenses|2052-00-092-0-06|Reimbursement of Medical Expenses||Data|Object-Head|9.07|12.00|12.00|12.00|100.0
48|01|04|2052|Secretariat-General Services|00||092||0||06|Resident Commissioner for Govt of Karnataka, New Delhi|035|Salary of Board/Corp.Staff working in State Government|2052-00-092-0-06|Salary of Board/Corp.Staff working in State Government||Data|Object-Head|1.43||||100.0
48|01|04|2052|Secretariat-General Services|00||092||0||06|Resident Commissioner for Govt of Karnataka, New Delhi|041|Travel Expenses|2052-00-092-0-06|Travel Expenses||Data|Object-Head|2.29|5.00|5.00|5.00|100.0
48|01|04|2052|Secretariat-General Services|00||092||0||06|Resident Commissioner for Govt of Karnataka, New Delhi|050|Office Expenses|2052-00-092-0-06|Office Expenses||Data|Object-Head||5.00|5.00|5.00|100.0
48|01|04|2052|Secretariat-General Services|00||092||0||06|Resident Commissioner for Govt of Karnataka, New Delhi|051|General Expenses|2052-00-092-0-06|General Expenses||Data|Object-Head|45.25|40.00|40.00|42.00|100.0
49|01|04|2052|Secretariat-General Services|00||092||0||06|Resident Commissioner for Govt of Karnataka, New Delhi|052|Telephone Charges|2052-00-092-0-06|Telephone Charges||Data|Object-Head|3.77||||100.0
49|01|04|2052|Secretariat-General Services|00||092||0||06|Resident Commissioner for Govt of Karnataka, New Delhi|||||HOA Total:|Total|Detailed-Head|383.60|477.00|477.00|483.00|100.0
49|01|04|2052|Secretariat-General Services|00||092||0||17|Court Case Monitoring System(CCMS)|||2052-00-092-0-17|Court Case Monitoring System(CCMS)||Header|Detailed-Head|||||100.0
49|01|04|2052|Secretariat-General Services|00||092||0||17|Court Case Monitoring System(CCMS)|034|Contract/Outsource|2052-00-092-0-17|Contract/Outsource||Data|Object-Head|87.67||||100.0
49|01|04|2052|Secretariat-General Services|00||092||0||17|Court Case Monitoring System(CCMS)|051|General Expenses|2052-00-092-0-17|General Expenses||Data|Object-Head|3.40||||100.0
49|01|04|2052|Secretariat-General Services|00||092||0||17|Court Case Monitoring System(CCMS)|||||HOA Total:|Total|Detailed-Head|91.07|0.00|0.00|0.00|100.0
49|01|04|2052|Secretariat-General Services|00||800||0||04|Jyothi Sanjeevini|||2052-00-800-0-04|Jyothi Sanjeevini||Header|Detailed-Head|||||100.0
49|01|04|2052|Secretariat-General Services|00||800||0||04|Jyothi Sanjeevini|059|Other Expenses|2052-00-800-0-04|Other Expenses||Data|Object-Head|1600.00|2000.00|3634.00|1.00|100.0
49|01|04|2052|Secretariat-General Services|00||800||0||04|Jyothi Sanjeevini|||||HOA Total:|Total|Detailed-Head|1600.00|2000.00|3634.00|1.00|100.0
49|01|04|2052|Secretariat-General Services|00||911||0||00|Deduct Recoveries of Over Payment|||2052-00-911-0-00|Deduct Recoveries of Over Payment||Header|Detailed-Head|||||100.0
49|01|04|2052|Secretariat-General Services|00||911||0||00|Deduct Recoveries of Over Payment|364|Deduct - Recoveries|2052-00-911-0-00|Deduct - Recoveries||Data|Object-Head|-9.67||||100.0
49|01|04|2052|Secretariat-General Services|00||911||0||00|Deduct Recoveries of Over Payment|||||HOA Total:|Total|Detailed-Head|-9.67|0.00|0.00|0.00|100.0
49|01|04|2052|Secretariat-General Services|00||911||0||01|Deduct Recovery of Over Payments of Current Year|||2052-00-911-0-01|Deduct Recovery of Over Payments of Current Year||Header|Detailed-Head|||||100.0
49|01|04|2052|Secretariat-General Services|00||911||0||01|Deduct Recovery of Over Payments of Current Year|364|Deduct - Recoveries|2052-00-911-0-01|Deduct - Recoveries||Data|Object-Head|-32.03||||100.0
49|01|04|2052|Secretariat-General Services|00||911||0||01|Deduct Recovery of Over Payments of Current Year|||||HOA Total:|Total|Detailed-Head|-32.03|0.00|0.00|0.00|100.0
49|01|04|2052|Secretariat-General Services|00||911||0||02|Deduct Recovery of Over Payment|||2052-00-911-0-02|Deduct Recovery of Over Payment||Header|Detailed-Head|||||100.0
49|01|04|2052|Secretariat-General Services|00||911||0||02|Deduct Recovery of Over Payment|364|Deduct - Recoveries|2052-00-911-0-02|Deduct - Recoveries||Data|Object-Head|-78.64||||100.0
49|01|04|2052|Secretariat-General Services|00||911||0||02|Deduct Recovery of Over Payment|||||HOA Total:|Total|Detailed-Head|-78.64|0.00|0.00|0.00|100.0
50|01|04|2052|Secretariat-General Services|00||911|Deduct Recoveries of Over Payment|0||03|SAKALA-Recovery of Compensatory Cost under the Karnataka Guarantee of Services Act|||2052-00-911-0-03|SAKALA-Recovery of Compensatory Cost under the Karnataka Guarantee of Services Act||Header|Detailed-Head|||||100.0
50|01|04|2052|Secretariat-General Services|00||911|Deduct Recoveries of Over Payment|0||03|SAKALA-Recovery of Compensatory Cost under the Karnataka Guarantee of Services Act|261|Inter Account Transfers|2052-00-911-0-03|Inter Account Transfers||Data|Object-Head||-1.00|-1.00|-1.00|100.0
50|01|04|2052|Secretariat-General Services|00||911|Deduct Recoveries of Over Payment|0||03|SAKALA-Recovery of Compensatory Cost under the Karnataka Guarantee of Services Act|||||HOA Total :|Total|Detailed-Head|0.00|-1.00|-1.00|-1.00|100.0
50|01|04|2052|Secretariat-General Services|00|||||||||||2052 - Total :||Total|Major-Head|24686.94|49176.23|50444.97|54784.97|
51|01|04|2062|Vigilance|00||103||0||02|Karnataka Lokayukta|||2062-00-103-0-02|Karnataka Lokayukta|C|Header|Detailed-Head|||||100.0
51|01|04|2062|Vigilance|00||103||0||02|Karnataka Lokayukta|001|Consolidated Salaries|2062-00-103-0-02|Consolidated Salaries|C|Data|Object-Head||||103.98|100.0
51|01|04|2062|Vigilance|00||103||0||02|Karnataka Lokayukta|002|Basic Pay|2062-00-103-0-02|Basic Pay|C|Data|Object-Head|1014.34|1873.00|1873.00|1764.00|100.0
51|01|04|2062|Vigilance|00||103||0||02|Karnataka Lokayukta|003|Basic Pay-Staff|2062-00-103-0-02|Basic Pay-Staff|C|Data|Object-Head|703.46||||100.0
51|01|04|2062|Vigilance|00||103||0||02|Karnataka Lokayukta|004|Interim Relief|2062-00-103-0-02|Interim Relief|C|Data|Object-Head|71.37||||100.0
51|01|04|2062|Vigilance|00||103||0||02|Karnataka Lokayukta|011|Dearness Allowance|2062-00-103-0-02|Dearness Allowance|C|Data|Object-Head|551.18|667.00|667.00|650.00|100.0
51|01|04|2062|Vigilance|00||103||0||02|Karnataka Lokayukta|014|Other Allowance|2062-00-103-0-02|Other Allowance|C|Data|Object-Head|359.32|355.00|355.00|334.00|100.0
51|01|04|2062|Vigilance|00||103||0||02|Karnataka Lokayukta|015|Subsidiary Expenses|2062-00-103-0-02|Subsidiary Expenses|C|Data|Object-Head|24.95|25.00|25.00|25.00|100.0
51|01|04|2062|Vigilance|00||103||0||02|Karnataka Lokayukta|020|Medical Allowance|2062-00-103-0-02|Medical Allowance|C|Data|Object-Head|18.14||||100.0
51|01|04|2062|Vigilance|00||103||0||02|Karnataka Lokayukta|021|Reimbursement of Medical Expenses|2062-00-103-0-02|Reimbursement of Medical Expenses|C|Data|Object-Head|14.88|15.00|15.00|15.00|100.0
51|01|04|2062|Vigilance|00||103||0||02|Karnataka Lokayukta|034|Contract/Outsource|2062-00-103-0-02|Contract/Outsource|C|Data|Object-Head|723.65|605.84|1196.85|1179.73|100.0
51|01|04|2062|Vigilance|00||103||0||02|Karnataka Lokayukta|041|Travel Expenses|2062-00-103-0-02|Travel Expenses|C|Data|Object-Head|34.76|35.00|35.00|35.00|100.0
51|01|04|2062|Vigilance|00||103||0||02|Karnataka Lokayukta|050|Office Expenses|2062-00-103-0-02|Office Expenses|C|Data|Object-Head|19.99|22.00|22.00|22.00|100.0
51|01|04|2062|Vigilance|00||103||0||02|Karnataka Lokayukta|051|General Expenses|2062-00-103-0-02|General Expenses|C|Data|Object-Head|139.68|100.00|110.00|120.00|100.0
51|01|04|2062|Vigilance|00||103||0||02|Karnataka Lokayukta|052|Telephone Charges|2062-00-103-0-02|Telephone Charges|C|Data|Object-Head|8.53||||100.0
51|01|04|2062|Vigilance|00||103||0||02|Karnataka Lokayukta|071|Building Expenses|2062-00-103-0-02|Building Expenses|C|Data|Object-Head|9.90|15.00|15.00|15.00|100.0
51|01|04|2062|Vigilance|00||103||0||02|Karnataka Lokayukta|180|Machinery and Equipments|2062-00-103-0-02|Machinery and Equipments|C|Data|Object-Head|36.52||||100.0
51|01|04|2062|Vigilance|00||103||0||02|Karnataka Lokayukta|195|Transport Expenses|2062-00-103-0-02|Transport Expenses|C|Data|Object-Head|136.33|91.21|91.21|85.69|100.0
51|01|04|2062|Vigilance|00||103||0||02|Karnataka Lokayukta|200|Maintenance Expenditure|2062-00-103-0-02|Maintenance Expenditure|C|Data|Object-Head||2.00|2.00|2.00|100.0
51|01|04|2062|Vigilance|00||103||0||02|Karnataka Lokayukta||||HOA Total :|C|Total|Detailed-Head|3867.00|3806.05|4407.06|4351.40|100.0
51|01|04|2062|Vigilance|00||103||0||03|Director General - Bureau of Investigation|||2062-00-103-0-03|Director General - Bureau of Investigation|C|Header|Detailed-Head|||||100.0
51|01|04|2062|Vigilance|00||103||0||03|Director General - Bureau of Investigation|002|Basic Pay|2062-00-103-0-03|Basic Pay|C|Data|Object-Head|1715.77|7715.00|7746.62|8343.00|100.0
51|01|04|2062|Vigilance|00||103||0||03|Director General - Bureau of Investigation|003|Basic Pay-Staff|2062-00-103-0-03|Basic Pay-Staff|C|Data|Object-Head|4444.75||||100.0
51|01|04|2062|Vigilance|00||103||0||03|Director General - Bureau of Investigation|004|Interim Relief|2062-00-103-0-03|Interim Relief|C|Data|Object-Head|397.00||||100.0
51|01|04|2062|Vigilance|00||103||0||03|Director General - Bureau of Investigation|011|Dearness Allowance|2062-00-103-0-03|Dearness Allowance|C|Data|Object-Head|1498.29|1743.00|1743.00|2171.00|100.0
51|01|04|2062|Vigilance|00||103||0||03|Director General - Bureau of Investigation|014|Other Allowance|2062-00-103-0-03|Other Allowance|C|Data|Object-Head|1393.98|1605.00|1615.02|1691.00|100.0
52|01|04|2062|Vigilance|00||103||0||03|Director General - Bureau of Investigation|015|Subsidiary Expenses|2062-00-103-0-03|Subsidiary Expenses|C|Data|Object-Head|654.22|500.00|700.00|700.00|100.0
52|01|04|2062|Vigilance|00||103||0||03|Director General - Bureau of Investigation|020|Medical Allowance|2062-00-103-0-03|Medical Allowance|C|Data|Object-Head|34.55||||100.0
52|01|04|2062|Vigilance|00||103||0||03|Director General - Bureau of Investigation|021|Reimbursement of Medical Expenses|2062-00-103-0-03|Reimbursement of Medical Expenses|C|Data|Object-Head|55.51|71.00|71.00|74.00|100.0
52|01|04|2062|Vigilance|00||103||0||03|Director General - Bureau of Investigation|034|Contract/Outsource|2062-00-103-0-03|Contract/Outsource|C|Data|Object-Head|69.32|74.20|74.20|73.67|100.0
52|01|04|2062|Vigilance|00||103||0||03|Director General - Bureau of Investigation|041|Travel Expenses|2062-00-103-0-03|Travel Expenses|C|Data|Object-Head|92.88|62.00|102.00|80.00|100.0
52|01|04|2062|Vigilance|00||103||0||03|Director General - Bureau of Investigation|050|Office Expenses|2062-00-103-0-03|Office Expenses|C|Data|Object-Head|9.66|35.00|85.00|35.00|100.0
52|01|04|2062|Vigilance|00||103||0||03|Director General - Bureau of Investigation|051|General Expenses|2062-00-103-0-03|General Expenses|C|Data|Object-Head|335.27|208.00|258.00|220.00|100.0
52|01|04|2062|Vigilance|00||103||0||03|Director General - Bureau of Investigation|052|Telephone Charges|2062-00-103-0-03|Telephone Charges|C|Data|Object-Head|16.92||||100.0
52|01|04|2062|Vigilance|00||103||0||03|Director General - Bureau of Investigation|053|Purchase of Furniture and Fixture for Office|2062-00-103-0-03|Purchase of Furniture and Fixture for Office|C|Data|Object-Head|2.08||||100.0
52|01|04|2062|Vigilance|00||103||0||03|Director General - Bureau of Investigation|071|Building Expenses|2062-00-103-0-03|Building Expenses|C|Data|Object-Head|42.36|400.00|400.00|1496.00|100.0
52|01|04|2062|Vigilance|00||103||0||03|Director General - Bureau of Investigation|131|Secret Service Expenses|2062-00-103-0-03|Secret Service Expenses|C|Data|Object-Head|150.00|100.00|100.00|100.00|100.0
52|01|04|2062|Vigilance|00||103||0||03|Director General - Bureau of Investigation|180|Machinery and Equipments|2062-00-103-0-03|Machinery and Equipments|C|Data|Object-Head|185.77||||100.0
52|01|04|2062|Vigilance|00||103||0||03|Director General - Bureau of Investigation|195|Transport Expenses|2062-00-103-0-03|Transport Expenses|C|Data|Object-Head|474.59|482.00|482.00|653.09|100.0
52|01|04|2062|Vigilance|00||103||0||03|Director General - Bureau of Investigation|200|Maintenance Expenditure|2062-00-103-0-03|Maintenance Expenditure|C|Data|Object-Head|4.97|10.00|10.00|5.00|100.0
52|01|04|2062|Vigilance|00||103||0||03|Director General - Bureau of Investigation||||HOA Total :|C|Total|Detailed-Head|11577.89|13005.20|13386.84|15641.76|100.0
52|01|04|2062|Vigilance|00||911|Deduct Recovery of Over Payments of Current Year|0||01|Deduct Recovery of Over Payments of Current Year|||2062-00-911-0-01|Deduct Recovery of Over Payments of Current Year|C|Header|Detailed-Head|||||100.0
52|01|04|2062|Vigilance|00||911|Deduct Recovery of Over Payments of Current Year|0||01|Deduct Recovery of Over Payments of Current Year|364|Deduct - Recoveries|2062-00-911-0-01|Deduct - Recoveries|C|Data|Object-Head|-8.85||||100.0
52|01|04|2062|Vigilance|00||911|Deduct Recovery of Over Payments of Current Year|0||01|Deduct Recovery of Over Payments of Current Year||||HOA Total :|C|Total|Detailed-Head|-8.85|0.00|0.00|0.00|100.0
52|01|04|2062|Vigilance|00|||||||||||2062 - Total :|C|Total|Major-Head|15436.04|16811.25|17793.90|19993.16|
53|01|04|2070|Other Administrative Services|00|||||||||||2070 - Other Administrative Services||Header|Major-Head|||||
53|01|04|2070|Other Administrative Services|00||003|Training|1|Training to IAS Officers|01|Training to IAS Officers|||2070-00-003-1-01|Training to IAS Officers||Header|Detailed-Head|||||100.0
53|01|04|2070|Other Administrative Services|00||003|Training|1|Training to IAS Officers|01|Training to IAS Officers|015|Subsidiary Expenses|2070-00-003-1-01|Subsidiary Expenses||Data|Object-Head|41.33|200.00|200.00|200.00|100.0
53|01|04|2070|Other Administrative Services|00||003|Training|1|Training to IAS Officers|01|Training to IAS Officers|||||HOA Total :|Total|Detailed-Head|41.33|200.00|200.00|200.00|100.0
53|01|04|2070|Other Administrative Services|00||003|Training|3|Administrative Training Institute, Mysore|01|Administrative Training Institute, Mysore|||2070-00-003-3-01|Administrative Training Institute, Mysore||Header|Detailed-Head|||||100.0
53|01|04|2070|Other Administrative Services|00||003|Training|3|Administrative Training Institute, Mysore|01|Administrative Training Institute, Mysore|002|Basic Pay|2070-00-003-3-01|Basic Pay||Data|Object-Head|146.01|307.00|307.00|260.00|100.0
53|01|04|2070|Other Administrative Services|00||003|Training|3|Administrative Training Institute, Mysore|01|Administrative Training Institute, Mysore|003|Basic Pay-Staff|2070-00-003-3-01|Basic Pay-Staff||Data|Object-Head|133.13||||100.0
53|01|04|2070|Other Administrative Services|00||003|Training|3|Administrative Training Institute, Mysore|01|Administrative Training Institute, Mysore|004|Interim Relief|2070-00-003-3-01|Interim Relief||Data|Object-Head|19.38||||100.0
53|01|04|2070|Other Administrative Services|00||003|Training|3|Administrative Training Institute, Mysore|01|Administrative Training Institute, Mysore|011|Dearness Allowance|2070-00-003-3-01|Dearness Allowance||Data|Object-Head|72.80|74.00|74.00|65.00|100.0
53|01|04|2070|Other Administrative Services|00||003|Training|3|Administrative Training Institute, Mysore|01|Administrative Training Institute, Mysore|014|Other Allowance|2070-00-003-3-01|Other Allowance||Data|Object-Head|54.08|59.00|59.00|47.00|100.0
53|01|04|2070|Other Administrative Services|00||003|Training|3|Administrative Training Institute, Mysore|01|Administrative Training Institute, Mysore|015|Subsidiary Expenses|2070-00-003-3-01|Subsidiary Expenses||Data|Object-Head|36.62|50.00|50.00|50.00|100.0
53|01|04|2070|Other Administrative Services|00||003|Training|3|Administrative Training Institute, Mysore|01|Administrative Training Institute, Mysore|020|Medical Allowance|2070-00-003-3-01|Medical Allowance||Data|Object-Head|1.37||||100.0
53|01|04|2070|Other Administrative Services|00||003|Training|3|Administrative Training Institute, Mysore|01|Administrative Training Institute, Mysore|021|Reimbursement of Medical Expenses|2070-00-003-3-01|Reimbursement of Medical Expenses||Data|Object-Head|1.33|15.00|15.00|15.00|100.0
53|01|04|2070|Other Administrative Services|00||003|Training|3|Administrative Training Institute, Mysore|01|Administrative Training Institute, Mysore|034|Contract/Outsource|2070-00-003-3-01|Contract/Outsource||Data|Object-Head|137.88|104.31|104.31|152.43|100.0
53|01|04|2070|Other Administrative Services|00||003|Training|3|Administrative Training Institute, Mysore|01|Administrative Training Institute, Mysore|037|Payment on Service Contract|2070-00-003-3-01|Payment on Service Contract||Data|Object-Head||400.00|400.00|450.00|100.0
53|01|04|2070|Other Administrative Services|00||003|Training|3|Administrative Training Institute, Mysore|01|Administrative Training Institute, Mysore|041|Travel Expenses|2070-00-003-3-01|Travel Expenses||Data|Object-Head|1.15|2.00|2.00|2.00|100.0
53|01|04|2070|Other Administrative Services|00||003|Training|3|Administrative Training Institute, Mysore|01|Administrative Training Institute, Mysore|050|Office Expenses|2070-00-003-3-01|Office Expenses||Data|Object-Head|12.99|22.00|22.00|42.00|100.0
53|01|04|2070|Other Administrative Services|00||003|Training|3|Administrative Training Institute, Mysore|01|Administrative Training Institute, Mysore|051|General Expenses|2070-00-003-3-01|General Expenses||Data|Object-Head|488.71|40.00|40.00|20.00|100.0
53|01|04|2070|Other Administrative Services|00||003|Training|3|Administrative Training Institute, Mysore|01|Administrative Training Institute, Mysore|052|Telephone Charges|2070-00-003-3-01|Telephone Charges||Data|Object-Head|1.50||||100.0
53|01|04|2070|Other Administrative Services|00||003|Training|3|Administrative Training Institute, Mysore|01|Administrative Training Institute, Mysore|071|Building Expenses|2070-00-003-3-01|Building Expenses||Data|Object-Head|80.00|50.00|50.00|75.00|100.0
53|01|04|2070|Other Administrative Services|00||003|Training|3|Administrative Training Institute, Mysore|01|Administrative Training Institute, Mysore|180|Machinery and Equipments|2070-00-003-3-01|Machinery and Equipments||Data|Object-Head|0.53||||100.0
53|01|04|2070|Other Administrative Services|00||003|Training|3|Administrative Training Institute, Mysore|01|Administrative Training Institute, Mysore|182|Repairs and Carriages|2070-00-003-3-01|Repairs and Carriages||Data|Object-Head||1.00|1.00||100.0
53|01|04|2070|Other Administrative Services|00||003|Training|3|Administrative Training Institute, Mysore|01|Administrative Training Institute, Mysore|195|Transport Expenses|2070-00-003-3-01|Transport Expenses||Data|Object-Head|14.11|20.00|20.00|40.34|100.0
53|01|04|2070|Other Administrative Services|00||003|Training|3|Administrative Training Institute, Mysore|01|Administrative Training Institute, Mysore|200|Maintenance Expenditure|2070-00-003-3-01|Maintenance Expenditure||Data|Object-Head|52.24|20.00|20.00|25.00|100.0
53|01|04|2070|Other Administrative Services|00||003|Training|3|Administrative Training Institute, Mysore|01|Administrative Training Institute, Mysore|221|Materials and Supplies|2070-00-003-3-01|Materials and Supplies||Data|Object-Head||4.00|4.00|4.00|100.0
53|01|04|2070|Other Administrative Services|00||003|Training|3|Administrative Training Institute, Mysore|01|Administrative Training Institute, Mysore|222|Drugs and Chemicals|2070-00-003-3-01|Drugs and Chemicals||Data|Object-Head|0.10||||100.0
53|01|04|2070|Other Administrative Services|00||003|Training|3|Administrative Training Institute, Mysore|01|Administrative Training Institute, Mysore|||||HOA Total :|Total|Detailed-Head|1253.93|1168.31|1168.31|1247.77|100.0
54|01|04|2070|Other Administrative Services|00||003|Training|3|Administrative Training Institute, Mysore|02|District Training Institutes|||2070-00-003-3-02|District Training Institutes|V|Header|Detailed-Head|||||100.0
54|01|04|2070|Other Administrative Services|00||003|Training|3|Administrative Training Institute, Mysore|02|District Training Institutes|002|Basic Pay|2070-00-003-3-02|Basic Pay|V|Data|Object-Head|373.34|1091.00|1091.00|1111.00|100.0
54|01|04|2070|Other Administrative Services|00||003|Training|3|Administrative Training Institute, Mysore|02|District Training Institutes|003|Basic Pay-Staff|2070-00-003-3-02|Basic Pay-Staff|V|Data|Object-Head|547.38||||100.0
54|01|04|2070|Other Administrative Services|00||003|Training|3|Administrative Training Institute, Mysore|02|District Training Institutes|004|Interim Relief|2070-00-003-3-02|Interim Relief|V|Data|Object-Head|55.96||||100.0
54|01|04|2070|Other Administrative Services|00||003|Training|3|Administrative Training Institute, Mysore|02|District Training Institutes|011|Dearness Allowance|2070-00-003-3-02|Dearness Allowance|V|Data|Object-Head|206.80|240.00|240.00|278.00|100.0
54|01|04|2070|Other Administrative Services|00||003|Training|3|Administrative Training Institute, Mysore|02|District Training Institutes|014|Other Allowance|2070-00-003-3-02|Other Allowance|V|Data|Object-Head|151.51|175.00|175.00|172.00|100.0
54|01|04|2070|Other Administrative Services|00||003|Training|3|Administrative Training Institute, Mysore|02|District Training Institutes|015|Subsidiary Expenses|2070-00-003-3-02|Subsidiary Expenses|V|Data|Object-Head|30.17|50.00|50.00|80.00|100.0
54|01|04|2070|Other Administrative Services|00||003|Training|3|Administrative Training Institute, Mysore|02|District Training Institutes|020|Medical Allowance|2070-00-003-3-02|Medical Allowance|V|Data|Object-Head|4.06||||100.0
54|01|04|2070|Other Administrative Services|00||003|Training|3|Administrative Training Institute, Mysore|02|District Training Institutes|021|Reimbursement of Medical Expenses|2070-00-003-3-02|Reimbursement of Medical Expenses|V|Data|Object-Head|2.00|15.00|15.00|15.00|100.0
54|01|04|2070|Other Administrative Services|00||003|Training|3|Administrative Training Institute, Mysore|02|District Training Institutes|034|Contract/Outsource|2070-00-003-3-02|Contract/Outsource|V|Data|Object-Head|35.00|108.41|108.41|110.20|100.0
54|01|04|2070|Other Administrative Services|00||003|Training|3|Administrative Training Institute, Mysore|02|District Training Institutes|037|Payment on Service Contract|2070-00-003-3-02|Payment on Service Contract|V|Data|Object-Head||5.00|5.00|6.00|100.0
54|01|04|2070|Other Administrative Services|00||003|Training|3|Administrative Training Institute, Mysore|02|District Training Institutes|041|Travel Expenses|2070-00-003-3-02|Travel Expenses|V|Data|Object-Head|5.81|2.00|2.00|2.00|100.0
54|01|04|2070|Other Administrative Services|00||003|Training|3|Administrative Training Institute, Mysore|02|District Training Institutes|050|Office Expenses|2070-00-003-3-02|Office Expenses|V|Data|Object-Head|10.10|13.00|13.00|10.00|100.0
54|01|04|2070|Other Administrative Services|00||003|Training|3|Administrative Training Institute, Mysore|02|District Training Institutes|051|General Expenses|2070-00-003-3-02|General Expenses|V|Data|Object-Head|23.46|7.00|7.00|10.20|100.0
54|01|04|2070|Other Administrative Services|00||003|Training|3|Administrative Training Institute, Mysore|02|District Training Institutes|052|Telephone Charges|2070-00-003-3-02|Telephone Charges|V|Data|Object-Head|2.88||||100.0
54|01|04|2070|Other Administrative Services|00||003|Training|3|Administrative Training Institute, Mysore|02|District Training Institutes|053|Purchase of Furniture and Fixture for Office|2070-00-003-3-02|Purchase of Furniture and Fixture for Office|V|Data|Object-Head|1.50||||100.0
54|01|04|2070|Other Administrative Services|00||003|Training|3|Administrative Training Institute, Mysore|02|District Training Institutes|071|Building Expenses|2070-00-003-3-02|Building Expenses|V|Data|Object-Head|56.27|50.00|50.00|70.00|100.0
54|01|04|2070|Other Administrative Services|00||003|Training|3|Administrative Training Institute, Mysore|02|District Training Institutes|180|Machinery and Equipments|2070-00-003-3-02|Machinery and Equipments|V|Data|Object-Head|0.77||||100.0
54|01|04|2070|Other Administrative Services|00||003|Training|3|Administrative Training Institute, Mysore|02|District Training Institutes|195|Transport Expenses|2070-00-003-3-02|Transport Expenses|V|Data|Object-Head|0.03|2.00|2.00|2.00|100.0
54|01|04|2070|Other Administrative Services|00||003|Training|3|Administrative Training Institute, Mysore|02|District Training Institutes|200|Maintenance Expenditure|2070-00-003-3-02|Maintenance Expenditure|V|Data|Object-Head|49.72|40.00|40.00|30.00|100.0
54|01|04|2070|Other Administrative Services|00||003|Training|3|Administrative Training Institute, Mysore|02|District Training Institutes|221|Materials and Supplies|2070-00-003-3-02|Materials and Supplies|V|Data|Object-Head||2.00|2.00|2.00|100.0
54|01|04|2070|Other Administrative Services|00||003|Training|3|Administrative Training Institute, Mysore|02|District Training Institutes||||HOA Total :|V|Total|Detailed-Head|1556.76|1800.41|1800.41|1898.40|100.0
54|01|04|2070|Other Administrative Services|00||003|Training|3|Administrative Training Institute, Mysore|03|Secretariat Training Institute|||2070-00-003-3-03|Secretariat Training Institute|V|Header|Detailed-Head|||||100.0
54|01|04|2070|Other Administrative Services|00||003|Training|3|Administrative Training Institute, Mysore|03|Secretariat Training Institute|002|Basic Pay|2070-00-003-3-03|Basic Pay|V|Data|Object-Head|35.32|71.00|71.00|73.00|100.0
54|01|04|2070|Other Administrative Services|00||003|Training|3|Administrative Training Institute, Mysore|03|Secretariat Training Institute|003|Basic Pay-Staff|2070-00-003-3-03|Basic Pay-Staff|V|Data|Object-Head|20.32||||100.0
55|01|04|2070|Other Administrative Services|00||003|Training|3|Administrative Training Institute, Mysore|03|Secretariat Training Institute|004|Interim Relief|2070-00-003-3-03|Interim Relief|V|Data|Object-Head|3.62||||100.0
55|01|04|2070|Other Administrative Services|00||003|Training|3|Administrative Training Institute, Mysore|03|Secretariat Training Institute|011|Dearness Allowance|2070-00-003-3-03|Dearness Allowance|V|Data|Object-Head|13.18|16.00|16.00|19.00|100.0
55|01|04|2070|Other Administrative Services|00||003|Training|3|Administrative Training Institute, Mysore|03|Secretariat Training Institute|014|Other Allowance|2070-00-003-3-03|Other Allowance|V|Data|Object-Head|14.80|18.00|18.00|16.00|100.0
55|01|04|2070|Other Administrative Services|00||003|Training|3|Administrative Training Institute, Mysore|03|Secretariat Training Institute|015|Subsidiary Expenses|2070-00-003-3-03|Subsidiary Expenses|V|Data|Object-Head|41.74|42.00|42.00|44.00|100.0
55|01|04|2070|Other Administrative Services|00||003|Training|3|Administrative Training Institute, Mysore|03|Secretariat Training Institute|020|Medical Allowance|2070-00-003-3-03|Medical Allowance|V|Data|Object-Head|0.19||||100.0
55|01|04|2070|Other Administrative Services|00||003|Training|3|Administrative Training Institute, Mysore|03|Secretariat Training Institute|021|Reimbursement of Medical Expenses|2070-00-003-3-03|Reimbursement of Medical Expenses|V|Data|Object-Head||3.00|3.00|3.00|100.0
55|01|04|2070|Other Administrative Services|00||003|Training|3|Administrative Training Institute, Mysore|03|Secretariat Training Institute|034|Contract/Outsource|2070-00-003-3-03|Contract/Outsource|V|Data|Object-Head|8.29|8.32|8.32|8.62|100.0
55|01|04|2070|Other Administrative Services|00||003|Training|3|Administrative Training Institute, Mysore|03|Secretariat Training Institute|041|Travel Expenses|2070-00-003-3-03|Travel Expenses|V|Data|Object-Head|0.03|1.00|1.00|1.00|100.0
55|01|04|2070|Other Administrative Services|00||003|Training|3|Administrative Training Institute, Mysore|03|Secretariat Training Institute|050|Office Expenses|2070-00-003-3-03|Office Expenses|V|Data|Object-Head||8.00|8.00|10.00|100.0
55|01|04|2070|Other Administrative Services|00||003|Training|3|Administrative Training Institute, Mysore|03|Secretariat Training Institute|051|General Expenses|2070-00-003-3-03|General Expenses|V|Data|Object-Head|8.44|2.00|8.00|2.00|100.0
55|01|04|2070|Other Administrative Services|00||003|Training|3|Administrative Training Institute, Mysore|03|Secretariat Training Institute|052|Telephone Charges|2070-00-003-3-03|Telephone Charges|V|Data|Object-Head|0.72||||100.0
55|01|04|2070|Other Administrative Services|00||003|Training|3|Administrative Training Institute, Mysore|03|Secretariat Training Institute|180|Machinery and Equipments|2070-00-003-3-03|Machinery and Equipments|V|Data|Object-Head|1.48||||100.0
55|01|04|2070|Other Administrative Services|00||003|Training|3|Administrative Training Institute, Mysore|03|Secretariat Training Institute|195|Transport Expenses|2070-00-003-3-03|Transport Expenses|V|Data|Object-Head|4.98|5.66|5.66|5.66|100.0
55|01|04|2070|Other Administrative Services|00||003|Training|3|Administrative Training Institute, Mysore|03|Secretariat Training Institute|200|Maintenance Expenditure|2070-00-003-3-03|Maintenance Expenditure|V|Data|Object-Head||2.00|2.00|2.00|100.0
55|01|04|2070|Other Administrative Services|00||003|Training|3|Administrative Training Institute, Mysore|03|Secretariat Training Institute|221|Materials and Supplies|2070-00-003-3-03|Materials and Supplies|V|Data|Object-Head||2.00|2.00|2.00|100.0
55|01|04|2070|Other Administrative Services|00||003|Training|3|Administrative Training Institute, Mysore|03|Secretariat Training Institute||||HOA Total :|V|Total|Detailed-Head|153.11|178.98|184.98|186.28|100.0
55|01|04|2070|Other Administrative Services|00||003|Training|4||01|Training Under National Training Programme|||2070-00-003-4-01|Training Under National Training Programme|V|Header|Detailed-Head|||||100.0
55|01|04|2070|Other Administrative Services|00||003|Training|4||01|Training Under National Training Programme|015|Subsidiary Expenses|2070-00-003-4-01|Subsidiary Expenses|V|Data|Object-Head|35.00|150.00|150.00|100.00|100.0
55|01|04|2070|Other Administrative Services|00||003|Training|4||01|Training Under National Training Programme||||HOA Total :|V|Total|Detailed-Head|35.00|150.00|150.00|100.00|100.0
55|01|04|2070|Other Administrative Services|00||114||0||01|Operation of Helicopter Services|||2070-00-114-0-01|Operation of Helicopter Services|V|Header|Detailed-Head|||||100.0
55|01|04|2070|Other Administrative Services|00||114||0||01|Operation of Helicopter Services|200|Maintenance Expenditure|2070-00-114-0-01|Maintenance Expenditure|V|Data|Object-Head|2403.90|1450.00|2087.50|2500.00|100.0
55|01|04|2070|Other Administrative Services|00||114||0||01|Operation of Helicopter Services||||HOA Total :|V|Total|Detailed-Head|2403.90|1450.00|2087.50|2500.00|100.0
55|01|04|2070|Other Administrative Services|00||115||1||01|Guest Houses and Government Hostels|||2070-00-115-1-01|Guest Houses and Government Hostels|V|Header|Detailed-Head|||||100.0
55|01|04|2070|Other Administrative Services|00||115||1||01|Guest Houses and Government Hostels|002|Basic Pay|2070-00-115-1-01|Basic Pay|V|Data|Object-Head|27.34|1197.00|1197.00|1160.00|100.0
56|01|04|2070|Other Administrative Services|00||115|Guest Houses and Government Hostels|1||01|Guest Houses and Government Hostels|003|Basic Pay-Staff|2070-00-115-1-01|Basic Pay-Staff|V|Data|Object-Head|1042.47||||100.0
56|01|04|2070|Other Administrative Services|00||115|Guest Houses and Government Hostels|1||01|Guest Houses and Government Hostels|004|Interim Relief|2070-00-115-1-01|Interim Relief|V|Data|Object-Head|72.86||||100.0
56|01|04|2070|Other Administrative Services|00||115|Guest Houses and Government Hostels|1||01|Guest Houses and Government Hostels|011|Dearness Allowance|2070-00-115-1-01|Dearness Allowance|V|Data|Object-Head|256.37|264.00|264.00|290.00|100.0
56|01|04|2070|Other Administrative Services|00||115|Guest Houses and Government Hostels|1||01|Guest Houses and Government Hostels|014|Other Allowance|2070-00-115-1-01|Other Allowance|V|Data|Object-Head|373.36|395.00|395.00|372.00|100.0
56|01|04|2070|Other Administrative Services|00||115|Guest Houses and Government Hostels|1||01|Guest Houses and Government Hostels|015|Subsidiary Expenses|2070-00-115-1-01|Subsidiary Expenses|V|Data|Object-Head|23.70|33.00|33.00|33.00|100.0
56|01|04|2070|Other Administrative Services|00||115|Guest Houses and Government Hostels|1||01|Guest Houses and Government Hostels|020|Medical Allowance|2070-00-115-1-01|Medical Allowance|V|Data|Object-Head|8.41||||100.0
56|01|04|2070|Other Administrative Services|00||115|Guest Houses and Government Hostels|1||01|Guest Houses and Government Hostels|021|Reimbursement of Medical Expenses|2070-00-115-1-01|Reimbursement of Medical Expenses|V|Data|Object-Head|43.58|15.00|15.00|15.00|100.0
56|01|04|2070|Other Administrative Services|00||115|Guest Houses and Government Hostels|1||01|Guest Houses and Government Hostels|034|Contract/Outsource|2070-00-115-1-01|Contract/Outsource|V|Data|Object-Head|273.22|415.56|415.56|427.37|100.0
56|01|04|2070|Other Administrative Services|00||115|Guest Houses and Government Hostels|1||01|Guest Houses and Government Hostels|035|Salary of Board/Corp.Staff working in State Government|2070-00-115-1-01|Salary of Board/Corp.Staff working in State Government|V|Data|Object-Head|18.99|30.07|30.07|33.68|100.0
56|01|04|2070|Other Administrative Services|00||115|Guest Houses and Government Hostels|1||01|Guest Houses and Government Hostels|037|Payment on Service Contract|2070-00-115-1-01|Payment on Service Contract|V|Data|Object-Head||166.04|166.04|166.04|100.0
56|01|04|2070|Other Administrative Services|00||115|Guest Houses and Government Hostels|1||01|Guest Houses and Government Hostels|041|Travel Expenses|2070-00-115-1-01|Travel Expenses|V|Data|Object-Head|2.51|5.00|5.00|3.00|100.0
56|01|04|2070|Other Administrative Services|00||115|Guest Houses and Government Hostels|1||01|Guest Houses and Government Hostels|050|Office Expenses|2070-00-115-1-01|Office Expenses|V|Data|Object-Head||10.00|10.00|10.00|100.0
56|01|04|2070|Other Administrative Services|00||115|Guest Houses and Government Hostels|1||01|Guest Houses and Government Hostels|051|General Expenses|2070-00-115-1-01|General Expenses|V|Data|Object-Head|2496.06|2133.96|2133.96|2219.00|100.0
56|01|04|2070|Other Administrative Services|00||115|Guest Houses and Government Hostels|1||01|Guest Houses and Government Hostels|052|Telephone Charges|2070-00-115-1-01|Telephone Charges|V|Data|Object-Head|5.91||||100.0
56|01|04|2070|Other Administrative Services|00||115|Guest Houses and Government Hostels|1||01|Guest Houses and Government Hostels|071|Building Expenses|2070-00-115-1-01|Building Expenses|V|Data|Object-Head|908.90|624.00|624.00|625.00|100.0
56|01|04|2070|Other Administrative Services|00||115|Guest Houses and Government Hostels|1||01|Guest Houses and Government Hostels|195|Transport Expenses|2070-00-115-1-01|Transport Expenses|V|Data|Object-Head|959.79|1072.42|1072.42|1432.61|100.0
56|01|04|2070|Other Administrative Services|00||115|Guest Houses and Government Hostels|1||01|Guest Houses and Government Hostels||||HOA Total :|V|Total|Detailed-Head|6513.47|6361.05|6361.05|6786.70|100.0
56|01|04|2070|Other Administrative Services|00||800|Other Expenditure|0||16|Karnataka Administrative Reforms Commission-2|||2070-00-800-0-16|Karnataka Administrative Reforms Commission-2|V|Header|Detailed-Head|||||100.0
56|01|04|2070|Other Administrative Services|00||800|Other Expenditure|0||16|Karnataka Administrative Reforms Commission-2|001|Consolidated Salaries|2070-00-800-0-16|Consolidated Salaries|V|Data|Object-Head|74.65|74.66|74.66||100.0
56|01|04|2070|Other Administrative Services|00||800|Other Expenditure|0||16|Karnataka Administrative Reforms Commission-2|002|Basic Pay|2070-00-800-0-16|Basic Pay|V|Data|Object-Head|14.36|31.00|31.00||100.0
56|01|04|2070|Other Administrative Services|00||800|Other Expenditure|0||16|Karnataka Administrative Reforms Commission-2|003|Basic Pay-Staff|2070-00-800-0-16|Basic Pay-Staff|V|Data|Object-Head|2.54||||100.0
56|01|04|2070|Other Administrative Services|00||800|Other Expenditure|0||16|Karnataka Administrative Reforms Commission-2|004|Interim Relief|2070-00-800-0-16|Interim Relief|V|Data|Object-Head|1.30||||100.0
56|01|04|2070|Other Administrative Services|00||800|Other Expenditure|0||16|Karnataka Administrative Reforms Commission-2|011|Dearness Allowance|2070-00-800-0-16|Dearness Allowance|V|Data|Object-Head|4.34|7.00|7.00||100.0
56|01|04|2070|Other Administrative Services|00||800|Other Expenditure|0||16|Karnataka Administrative Reforms Commission-2|014|Other Allowance|2070-00-800-0-16|Other Allowance|V|Data|Object-Head|4.24|8.00|8.00||100.0
56|01|04|2070|Other Administrative Services|00||800|Other Expenditure|0||16|Karnataka Administrative Reforms Commission-2|015|Subsidiary Expenses|2070-00-800-0-16|Subsidiary Expenses|V|Data|Object-Head||6.00|6.00||100.0
56|01|04|2070|Other Administrative Services|00||800|Other Expenditure|0||16|Karnataka Administrative Reforms Commission-2|020|Medical Allowance|2070-00-800-0-16|Medical Allowance|V|Data|Object-Head|0.02||||100.0
57|01|04|2070|Other Administrative Services|00||800|Other Expenditure|0||16|Karnataka Administrative Reforms Commission-2|021|Reimbursement of Medical Expenses|2070-00-800-0-16|Reimbursement of Medical Expenses|V|Data|Object-Head||3.00|3.00||100.0
57|01|04|2070|Other Administrative Services|00||800|Other Expenditure|0||16|Karnataka Administrative Reforms Commission-2|034|Contract/Outsource|2070-00-800-0-16|Contract/Outsource|V|Data|Object-Head|24.09|8.32|32.85||100.0
57|01|04|2070|Other Administrative Services|00||800|Other Expenditure|0||16|Karnataka Administrative Reforms Commission-2|035|Salary of Board/Corp.Staff working in State Government|2070-00-800-0-16|Salary of Board/Corp.Staff working in State Government|V|Data|Object-Head||1.00|1.00||100.0
57|01|04|2070|Other Administrative Services|00||800|Other Expenditure|0||16|Karnataka Administrative Reforms Commission-2|041|Travel Expenses|2070-00-800-0-16|Travel Expenses|V|Data|Object-Head|9.66|10.00|10.00||100.0
57|01|04|2070|Other Administrative Services|00||800|Other Expenditure|0||16|Karnataka Administrative Reforms Commission-2|050|Office Expenses|2070-00-800-0-16|Office Expenses|V|Data|Object-Head|3.30|10.00|10.00||100.0
57|01|04|2070|Other Administrative Services|00||800|Other Expenditure|0||16|Karnataka Administrative Reforms Commission-2|051|General Expenses|2070-00-800-0-16|General Expenses|V|Data|Object-Head|0.32|3.00|3.00||100.0
57|01|04|2070|Other Administrative Services|00||800|Other Expenditure|0||16|Karnataka Administrative Reforms Commission-2|052|Telephone Charges|2070-00-800-0-16|Telephone Charges|V|Data|Object-Head|0.24||||100.0
57|01|04|2070|Other Administrative Services|00||800|Other Expenditure|0||16|Karnataka Administrative Reforms Commission-2|071|Building Expenses|2070-00-800-0-16|Building Expenses|V|Data|Object-Head|81.49|70.00|70.00||100.0
57|01|04|2070|Other Administrative Services|00||800|Other Expenditure|0||16|Karnataka Administrative Reforms Commission-2|195|Transport Expenses|2070-00-800-0-16|Transport Expenses|V|Data|Object-Head|7.04|11.32|11.32||100.0
57|01|04|2070|Other Administrative Services|00||800|Other Expenditure|0||16|Karnataka Administrative Reforms Commission-2||||HOA Total :|V|Total|Detailed-Head|227.59|243.30|267.83|0.00|100.0
57|01|04|2070|Other Administrative Services|00||800|Other Expenditure|0||18|Allowances and Reimbursement of Medical Expenses of Retired AIS Officers in Apex Scale|||2070-00-800-0-18|Allowances and Reimbursement of Medical Expenses of Retired AIS Officers in Apex Scale|V|Header|Detailed-Head|||||100.0
57|01|04|2070|Other Administrative Services|00||800|Other Expenditure|0||18|Allowances and Reimbursement of Medical Expenses of Retired AIS Officers in Apex Scale|015|Subsidiary Expenses|2070-00-800-0-18|Subsidiary Expenses|V|Data|Object-Head|762.48|630.00|630.00|800.00|100.0
57|01|04|2070|Other Administrative Services|00||800|Other Expenditure|0||18|Allowances and Reimbursement of Medical Expenses of Retired AIS Officers in Apex Scale|021|Reimbursement of Medical Expenses|2070-00-800-0-18|Reimbursement of Medical Expenses|V|Data|Object-Head|149.15|200.00|200.00|200.00|100.0
57|01|04|2070|Other Administrative Services|00||800|Other Expenditure|0||18|Allowances and Reimbursement of Medical Expenses of Retired AIS Officers in Apex Scale||||HOA Total :|V|Total|Detailed-Head|911.63|830.00|830.00|1000.00|100.0
57|01|04|2070|Other Administrative Services|00||911|Deduct Recoveries of Overpayments|0||00|Deduct Recoveries of Over Payment|||2070-00-911-0-00|Deduct Recoveries of Over Payment|V|Header|Detailed-Head|||||100.0
57|01|04|2070|Other Administrative Services|00||911|Deduct Recoveries of Overpayments|0||00|Deduct Recoveries of Over Payment|364|Deduct - Recoveries|2070-00-911-0-00|Deduct - Recoveries|V|Data|Object-Head|-40.88||||100.0
57|01|04|2070|Other Administrative Services|00||911|Deduct Recoveries of Overpayments|0||00|Deduct Recoveries of Over Payment||||HOA Total :|V|Total|Detailed-Head|-40.88|0.00|0.00|0.00|100.0
57|01|04|2070|Other Administrative Services|00||911|Deduct Recoveries of Overpayments|0||01|Deduct Recovery of Over Payments of Current Year|||2070-00-911-0-01|Deduct Recovery of Over Payments of Current Year|V|Header|Detailed-Head|||||100.0
57|01|04|2070|Other Administrative Services|00||911|Deduct Recoveries of Overpayments|0||01|Deduct Recovery of Over Payments of Current Year|364|Deduct - Recoveries|2070-00-911-0-01|Deduct - Recoveries|V|Data|Object-Head|-44.27||||100.0
57|01|04|2070|Other Administrative Services|00||911|Deduct Recoveries of Overpayments|0||01|Deduct Recovery of Over Payments of Current Year||||HOA Total :|V|Total|Detailed-Head|-44.27|0.00|0.00|0.00|100.0
58|01|04|2070|Other Administrative Services|00||911|Deduct Recoveries of Overpayments|0||02|Deduct Recoveries of Overpayment of Previous Years|||2070-00-911-0-02|Deduct Recoveries of Overpayment of Previous Years|V|Header|Detailed-Head|||||100.0
58|01|04|2070|Other Administrative Services|00||911|Deduct Recoveries of Overpayments|0||02|Deduct Recoveries of Overpayment of Previous Years|364|Deduct - Recoveries|2070-00-911-0-02|Deduct - Recoveries|V|Data|Object-Head|-21.38||||100.0
58|01|04|2070|Other Administrative Services|00||911|Deduct Recoveries of Overpayments|0||02|Deduct Recoveries of Overpayment of Previous Years||||HOA Total :|V|Total|Detailed-Head|-21.38|0.00|0.00|0.00|100.0
58|01|04|2070|Other Administrative Services|00||911|Deduct Recoveries of Overpayments|0||03|Recovery / Reimbursement of Unspent Balances|||2070-00-911-0-03|Recovery / Reimbursement of Unspent Balances|V|Header|Detailed-Head|||||100.0
58|01|04|2070|Other Administrative Services|00||911|Deduct Recoveries of Overpayments|0||03|Recovery / Reimbursement of Unspent Balances|364|Deduct - Recoveries|2070-00-911-0-03|Deduct - Recoveries|V|Data|Object-Head|-1382.58||||100.0
58|01|04|2070|Other Administrative Services|00||911|Deduct Recoveries of Overpayments|0||03|Recovery / Reimbursement of Unspent Balances||||HOA Total :|V|Total|Detailed-Head|-1382.58|0.00|0.00|0.00|100.0
58|01|04|2070|Other Administrative Services|00||911|Deduct Recoveries of Overpayments|0||04|Recovery of unclaimed deposits of State Government Departments|||2070-00-911-0-04|Recovery of unclaimed deposits of State Government Departments|V|Header|Detailed-Head|||||100.0
58|01|04|2070|Other Administrative Services|00||911|Deduct Recoveries of Overpayments|0||04|Recovery of unclaimed deposits of State Government Departments|364|Deduct - Recoveries|2070-00-911-0-04|Deduct - Recoveries|V|Data|Object-Head|-1929.67||||100.0
58|01|04|2070|Other Administrative Services|00||911|Deduct Recoveries of Overpayments|0||04|Recovery of unclaimed deposits of State Government Departments||||HOA Total :|V|Total|Detailed-Head|-1929.67|0.00|0.00|0.00|100.0
58|01|04|2070|Other Administrative Services|00||911|Deduct Recoveries of Overpayments|0||||||2070|2070 - Total :|V|Total|Major-Head|9677.94|12382.05|13050.08|13919.15|
59|01|04|2205|Art and Culture|00||||||||||2205|Art and Culture|V|Header|Major-Head|||||
59|01|04|2205|Art and Culture|00||101||0||14|Centre for Non-Resident Kannadigas|||2205-00-101-0-14|Centre for Non-Resident Kannadigas|V|Header|Detailed-Head|||||100.0
59|01|04|2205|Art and Culture|00||101||0||14|Centre for Non-Resident Kannadigas|101|Grants-in-Aid-Salaries|2205-00-101-0-14|Grants-in-Aid-Salaries|V|Data|Object-Head|47.60|46.97|46.97|56.41|100.0
59|01|04|2205|Art and Culture|00||101||0||14|Centre for Non-Resident Kannadigas|103|Grants-in-Aid -General|2205-00-101-0-14|Grants-in-Aid -General|V|Data|Object-Head|150.00|100.00|100.00|105.00|100.0
59|01|04|2205|Art and Culture|00||101||0||14|Centre for Non-Resident Kannadigas|115|GIA Contract /Outsource|2205-00-101-0-14|GIA Contract /Outsource|V|Data|Object-Head|41.67|40.40|40.40|41.21|100.0
59|01|04|2205|Art and Culture|00||101||0||14|Centre for Non-Resident Kannadigas||||HOA Total :|V|Total|Detailed-Head|239.27|187.37|187.37|202.62|100.0
59|01|04|2205|Art and Culture|00||||||||||2205|2205 - Total :|V|Total|Major-Head|239.27|187.37|187.37|202.62|
60|01|04|2210|Medical and Public Health|80||||||||||2210|Medical and Public Health|V|Header|Major-Head|||||
60|01|04|2210|Medical and Public Health|80||800||0||28|Karnataka Arogya Sanjivini Yojane- Under Suvarna Arogya Suraksha Trust|||2210-80-800-0-28|Karnataka Arogya Sanjivini Yojane- Under Suvarna Arogya Suraksha Trust|V|Header|Detailed-Head|||||100.0
60|01|04|2210|Medical and Public Health|80||800||0||28|Karnataka Arogya Sanjivini Yojane- Under Suvarna Arogya Suraksha Trust|021|Reimbursement of Medical Expenses|2210-80-800-0-28|Reimbursement of Medical Expenses|V|Data|Object-Head||50000.00|48366.00|30000.00|100.0
60|01|04|2210|Medical and Public Health|80||800||0||28|Karnataka Arogya Sanjivini Yojane- Under Suvarna Arogya Suraksha Trust|101|Grants-in-Aid-Salaries|2210-80-800-0-28|Grants-in-Aid-Salaries|V|Data|Object-Head||||35.20|100.0
60|01|04|2210|Medical and Public Health|80||800||0||28|Karnataka Arogya Sanjivini Yojane- Under Suvarna Arogya Suraksha Trust|103|Grants-in-Aid -General|2210-80-800-0-28|Grants-in-Aid -General|V|Data|Object-Head||117.00|117.00|200.00|100.0
60|01|04|2210|Medical and Public Health|80||800||0||28|Karnataka Arogya Sanjivini Yojane- Under Suvarna Arogya Suraksha Trust|115|GIA Contract /Outsource|2210-80-800-0-28|GIA Contract /Outsource|V|Data|Object-Head||23.99|23.99|55.71|100.0
60|01|04|2210|Medical and Public Health|80||800||0||28|Karnataka Arogya Sanjivini Yojane- Under Suvarna Arogya Suraksha Trust||||HOA Total :|V|Total|Detailed-Head|0.00|50140.99|48506.99|30290.91|100.0
60|01|04|2210|Medical and Public Health|80||||||||||2210|2210 - Total :|V|Total|Major-Head|0.00|50140.99|48506.99|30290.91|
61|01|04|2235|Social Security and Welfare|60||||||||||2235|Social Security and Welfare|V|Header|Major-Head|||||
61|01|04|2235|Social Security and Welfare|60||200||1||07|Karnataka State Government Employees Association|||2235-60-200-1-07|Karnataka State Government Employees Association|V|Header|Detailed-Head|||||100.0
61|01|04|2235|Social Security and Welfare|60||200||1||07|Karnataka State Government Employees Association|103|Grants-in-Aid -General|2235-60-200-1-07|Grants-in-Aid -General|V|Data|Object-Head|300.00|300.00|300.00|310.00|100.0
61|01|04|2235|Social Security and Welfare|60||200||1||07|Karnataka State Government Employees Association||||HOA Total :|V|Total|Detailed-Head|300.00|300.00|300.00|310.00|100.0
61|01|04|2235|Social Security and Welfare|60||200||1||09|All India Service Officers' Association|||2235-60-200-1-09|All India Service Officers' Association|V|Header|Detailed-Head|||||100.0
61|01|04|2235|Social Security and Welfare|60||200||1||09|All India Service Officers' Association|103|Grants-in-Aid -General|2235-60-200-1-09|Grants-in-Aid -General|V|Data|Object-Head|225.00|300.00|300.00|300.00|100.0
61|01|04|2235|Social Security and Welfare|60||200||1||09|All India Service Officers' Association||||HOA Total :|V|Total|Detailed-Head|225.00|300.00|300.00|300.00|100.0
61|01|04|2235|Social Security and Welfare|60||200||1||10|KAS Officers Association|||2235-60-200-1-10|KAS Officers Association|V|Header|Detailed-Head|||||100.0
61|01|04|2235|Social Security and Welfare|60||200||1||10|KAS Officers Association|103|Grants-in-Aid -General|2235-60-200-1-10|Grants-in-Aid -General|V|Data|Object-Head|600.00|300.00|300.00|300.00|100.0
61|01|04|2235|Social Security and Welfare|60||200||1||10|KAS Officers Association||||HOA Total :|V|Total|Detailed-Head|600.00|300.00|300.00|300.00|100.0
61|01|04|2235|Social Security and Welfare|60||||||||||2235|2235 - Total :|V|Total|Major-Head|1125.00|900.00|900.00|910.00|
62|01|04|2251|Secretariat - Social Services|00||||||||||2251|Secretariat - Social Services||Header|Major-Head|||||
62|01|04|2251|Secretariat - Social Services|00||090|Secretariat|||||||2251-00-090|Secretariat||Header|Minor-Head|||||
62|01|04|2251|Secretariat - Social Services|00||090|Secretariat|0||||||2251-00-090-0|||Header|Sub-Head|||||
62|01|04|2251|Secretariat - Social Services|00||090|Secretariat|0||01|Karnataka Government Secretariat|||2251-00-090-0-01|Karnataka Government Secretariat||Header|Detailed-Head|||||100.0
62|01|04|2251|Secretariat - Social Services|00||090|Secretariat|0||01|Karnataka Government Secretariat|002|Basic Pay|2251-00-090-0-01|Basic Pay||Data|Object-Head|2281.54|4880.00|4880.00|5003.00|100.0
62|01|04|2251|Secretariat - Social Services|00||090|Secretariat|0||01|Karnataka Government Secretariat|003|Basic Pay-Staff|2251-00-090-0-01|Basic Pay-Staff||Data|Object-Head|1624.98||||100.0
62|01|04|2251|Secretariat - Social Services|00||090|Secretariat|0||01|Karnataka Government Secretariat|004|Interim Relief|2251-00-090-0-01|Interim Relief||Data|Object-Head|237.53||||100.0
62|01|04|2251|Secretariat - Social Services|00||090|Secretariat|0||01|Karnataka Government Secretariat|011|Dearness Allowance|2251-00-090-0-01|Dearness Allowance||Data|Object-Head|1011.02|1198.00|1198.00|1386.00|100.0
62|01|04|2251|Secretariat - Social Services|00||090|Secretariat|0||01|Karnataka Government Secretariat|014|Other Allowance|2251-00-090-0-01|Other Allowance||Data|Object-Head|1069.77|1256.00|1261.00|1253.00|100.0
62|01|04|2251|Secretariat - Social Services|00||090|Secretariat|0||01|Karnataka Government Secretariat|020|Medical Allowance|2251-00-090-0-01|Medical Allowance||Data|Object-Head|12.82||||100.0
62|01|04|2251|Secretariat - Social Services|00||090|Secretariat|0||01|Karnataka Government Secretariat|021|Reimbursement of Medical Expenses|2251-00-090-0-01|Reimbursement of Medical Expenses||Data|Object-Head|14.87|38.00|38.00|37.00|100.0
62|01|04|2251|Secretariat - Social Services|00||090|Secretariat|0||01|Karnataka Government Secretariat|034|Contract/Outsource|2251-00-090-0-01|Contract/Outsource||Data|Object-Head|226.55|318.74|318.74||100.0
62|01|04|2251|Secretariat - Social Services|00||090|Secretariat|0||01|Karnataka Government Secretariat|035|Salary of Board/Corp.Staff working in State Government|2251-00-090-0-01|Salary of Board/Corp.Staff working in State Government||Data|Object-Head|26.99|31.76|31.76||100.0
62|01|04|2251|Secretariat - Social Services|00||090|Secretariat|0||01|Karnataka Government Secretariat|||||HOA Total :|Total|Detailed-Head|6506.07|7722.50|7727.50|7679.00|100.0
62|01|04|2251|Secretariat - Social Services|00||090|Secretariat|0||03|Karnataka Information Commission|||2251-00-090-0-03|Karnataka Information Commission||Header|Detailed-Head|||||100.0
62|01|04|2251|Secretariat - Social Services|00||090|Secretariat|0||03|Karnataka Information Commission|001|Consolidated Salaries|2251-00-090-0-03|Consolidated Salaries||Data|Object-Head|180.51|548.32|548.32|578.00|100.0
62|01|04|2251|Secretariat - Social Services|00||090|Secretariat|0||03|Karnataka Information Commission|002|Basic Pay|2251-00-090-0-03|Basic Pay||Data|Object-Head|44.00|71.00|71.00|122.00|100.0
62|01|04|2251|Secretariat - Social Services|00||090|Secretariat|0||03|Karnataka Information Commission|003|Basic Pay-Staff|2251-00-090-0-03|Basic Pay-Staff||Data|Object-Head|24.99||||100.0
62|01|04|2251|Secretariat - Social Services|00||090|Secretariat|0||03|Karnataka Information Commission|004|Interim Relief|2251-00-090-0-03|Interim Relief||Data|Object-Head|3.91||||100.0
62|01|04|2251|Secretariat - Social Services|00||090|Secretariat|0||03|Karnataka Information Commission|011|Dearness Allowance|2251-00-090-0-03|Dearness Allowance||Data|Object-Head|21.28|16.00|16.00|40.00|100.0
62|01|04|2251|Secretariat - Social Services|00||090|Secretariat|0||03|Karnataka Information Commission|014|Other Allowance|2251-00-090-0-03|Other Allowance||Data|Object-Head|19.53|15.00|15.00|28.00|100.0
62|01|04|2251|Secretariat - Social Services|00||090|Secretariat|0||03|Karnataka Information Commission|020|Medical Allowance|2251-00-090-0-03|Medical Allowance||Data|Object-Head|0.19||||100.0
62|01|04|2251|Secretariat - Social Services|00||090|Secretariat|0||03|Karnataka Information Commission|021|Reimbursement of Medical Expenses|2251-00-090-0-03|Reimbursement of Medical Expenses||Data|Object-Head|2.52|3.00|3.00|9.00|100.0
62|01|04|2251|Secretariat - Social Services|00||090|Secretariat|0||03|Karnataka Information Commission|034|Contract/Outsource|2251-00-090-0-03|Contract/Outsource||Data|Object-Head|295.72|355.12|355.12|361.33|100.0
62|01|04|2251|Secretariat - Social Services|00||090|Secretariat|0||03|Karnataka Information Commission|035|Salary of Board/Corp.Staff working in State Government|2251-00-090-0-03|Salary of Board/Corp.Staff working in State Government||Data|Object-Head|51.75|23.76|23.76|28.90|100.0
63|01|04|2251|Secretariat - Social Services|00||090|Secretariat|0||03|Karnataka Information Commission|041|Travel Expenses|2251-00-090-0-03|Travel Expenses||Data|Object-Head|5.50|4.00|4.00|5.00|100.0
63|01|04|2251|Secretariat - Social Services|00||090|Secretariat|0||03|Karnataka Information Commission|050|Office Expenses|2251-00-090-0-03|Office Expenses||Data|Object-Head||110.00|110.00|110.00|100.0
63|01|04|2251|Secretariat - Social Services|00||090|Secretariat|0||03|Karnataka Information Commission|051|General Expenses|2251-00-090-0-03|General Expenses||Data|Object-Head|129.37|76.97|76.97|80.00|100.0
63|01|04|2251|Secretariat - Social Services|00||090|Secretariat|0||03|Karnataka Information Commission|052|Telephone Charges|2251-00-090-0-03|Telephone Charges||Data|Object-Head|8.91||||100.0
63|01|04|2251|Secretariat - Social Services|00||090|Secretariat|0||03|Karnataka Information Commission|071|Building Expenses|2251-00-090-0-03|Building Expenses||Data|Object-Head|63.78|80.00|80.00|80.00|100.0
63|01|04|2251|Secretariat - Social Services|00||090|Secretariat|0||03|Karnataka Information Commission|180|Machinery and Equipments|2251-00-090-0-03|Machinery and Equipments||Data|Object-Head|92.43||||100.0
63|01|04|2251|Secretariat - Social Services|00||090|Secretariat|0||03|Karnataka Information Commission|195|Transport Expenses|2251-00-090-0-03|Transport Expenses||Data|Object-Head|21.55|67.43|67.43|68.78|100.0
63|01|04|2251|Secretariat - Social Services|00||090|Secretariat|0||03|Karnataka Information Commission|||||HOA Total :|Total|Detailed-Head|965.94|1370.60|1370.60|1511.01|100.0
63|01|04|2251|Secretariat - Social Services|00||911|Deduct Recoveries|0||01|Deduct Recovery of Over Payments of Current Year|||2251-00-911-0-01|Deduct Recovery of Over Payments of Current Year||Header|Detailed-Head|||||100.0
63|01|04|2251|Secretariat - Social Services|00||911|Deduct Recoveries|0||01|Deduct Recovery of Over Payments of Current Year|364|Deduct - Recoveries|2251-00-911-0-01|Deduct - Recoveries||Data|Object-Head|-1.93||||100.0
63|01|04|2251|Secretariat - Social Services|00||911|Deduct Recoveries|0||01|Deduct Recovery of Over Payments of Current Year|||||HOA Total :|Total|Detailed-Head|-1.93|0.00|0.00|0.00|100.0
63|01|04|2251|Secretariat - Social Services|00|||||||||||2251 - Total :||Total|Major-Head|7470.08|9093.10|9098.10|9190.01|
64|1|04|3451|Secretariat- Economic Services|00||090|Secretariat|1|Karnataka Government Secretariat|01|Karnataka Government Secretariat|||3451-00-090-1-01|Karnataka Government Secretariat|V|Header|Detailed-Head|||||100.0
64|1|04|3451|Secretariat- Economic Services|00||090|Secretariat|1|Karnataka Government Secretariat|01|Karnataka Government Secretariat|002|Basic Pay|3451-00-090-1-01|Basic Pay|V|Data|Object-Head|2972.61|6058.00|6058.00|6272.00|100.0
64|1|04|3451|Secretariat- Economic Services|00||090|Secretariat|1|Karnataka Government Secretariat|01|Karnataka Government Secretariat|003|Basic Pay-Staff|3451-00-090-1-01|Basic Pay-Staff|V|Data|Object-Head|2006.16||||100.0
64|1|04|3451|Secretariat- Economic Services|00||090|Secretariat|1|Karnataka Government Secretariat|01|Karnataka Government Secretariat|004|Interim Relief|3451-00-090-1-01|Interim Relief|V|Data|Object-Head|319.30||||100.0
64|1|04|3451|Secretariat- Economic Services|00||090|Secretariat|1|Karnataka Government Secretariat|01|Karnataka Government Secretariat|011|Dearness Allowance|3451-00-090-1-01|Dearness Allowance|V|Data|Object-Head|1330.73|1493.00|1493.00|1780.00|100.0
64|1|04|3451|Secretariat- Economic Services|00||090|Secretariat|1|Karnataka Government Secretariat|01|Karnataka Government Secretariat|014|Other Allowance|3451-00-090-1-01|Other Allowance|V|Data|Object-Head|1363.01|1549.00|1554.00|1589.00|100.0
64|1|04|3451|Secretariat- Economic Services|00||090|Secretariat|1|Karnataka Government Secretariat|01|Karnataka Government Secretariat|020|Medical Allowance|3451-00-090-1-01|Medical Allowance|V|Data|Object-Head|15.80||||100.0
64|1|04|3451|Secretariat- Economic Services|00||090|Secretariat|1|Karnataka Government Secretariat|01|Karnataka Government Secretariat|021|Reimbursement of Medical Expenses|3451-00-090-1-01|Reimbursement of Medical Expenses|V|Data|Object-Head|21.86|47.00|47.00|45.00|100.0
64|1|04|3451|Secretariat- Economic Services|00||090|Secretariat|1|Karnataka Government Secretariat|01|Karnataka Government Secretariat|034|Contract/Outsource|3451-00-090-1-01|Contract/Outsource|V|Data|Object-Head|441.58|406.67|406.67||100.0
64|1|04|3451|Secretariat- Economic Services|00||090|Secretariat|1|Karnataka Government Secretariat|01|Karnataka Government Secretariat|035|Salary of Board/Corp.Staff working in State Government|3451-00-090-1-01|Salary of Board/Corp.Staff working in State Government|V|Data|Object-Head|139.70|151.53|151.53||100.0
64|1|04|3451|Secretariat- Economic Services|00||090|Secretariat|1|Karnataka Government Secretariat|01|Karnataka Government Secretariat||||HOA Total :|V|Total|Detailed-Head|8610.75|9705.20|9710.20|9686.00|100.0
64|1|04|3451|Secretariat- Economic Services|00||090|Secretariat|2||33|Centre for Innovation and Good Governance|||3451-00-090-2-33|Centre for Innovation and Good Governance|V|Header|Detailed-Head|||||100.0
64|1|04|3451|Secretariat- Economic Services|00||090|Secretariat|2||33|Centre for Innovation and Good Governance|034|Contract/Outsource|3451-00-090-2-33|Contract/Outsource|V|Data|Object-Head||||62.87|100.0
64|1|04|3451|Secretariat- Economic Services|00||090|Secretariat|2||33|Centre for Innovation and Good Governance|051|General Expenses|3451-00-090-2-33|General Expenses|V|Data|Object-Head||||5.00|100.0
64|1|04|3451|Secretariat- Economic Services|00||090|Secretariat|2||33|Centre for Innovation and Good Governance||||HOA Total :|V|Total|Detailed-Head|0.00|0.00|0.00|67.87|100.0
64|1|04|3451|Secretariat- Economic Services|00||090|Secretariat|2||34|Celebration of State Government Employees Day|||3451-00-090-2-34|Celebration of State Government Employees Day|V|Header|Detailed-Head|||||100.0
64|1|04|3451|Secretariat- Economic Services|00||090|Secretariat|2||34|Celebration of State Government Employees Day|015|Subsidiary Expenses|3451-00-090-2-34|Subsidiary Expenses|V|Data|Object-Head||180.00|180.00|180.00|100.0
64|1|04|3451|Secretariat- Economic Services|00||090|Secretariat|2||34|Celebration of State Government Employees Day||||HOA Total :|V|Total|Detailed-Head|0.00|180.00|180.00|180.00|100.0
64|1|04|3451|Secretariat- Economic Services|00||911|Deduct Recoveries|0||01|Recovery of Over Payment|||3451-00-911-0-01|Recovery of Over Payment|V|Header|Detailed-Head|||||100.0
64|1|04|3451|Secretariat- Economic Services|00||911|Deduct Recoveries|0||01|Recovery of Over Payment|364|Deduct - Recoveries|3451-00-911-0-01|Deduct - Recoveries|V|Data|Object-Head|-62.19||||100.0
64|1|04|3451|Secretariat- Economic Services|00||911|Deduct Recoveries|0||01|Recovery of Over Payment||||HOA Total :|V|Total|Detailed-Head|-62.19|0.00|0.00|0.00|100.0
65|1|04|3451|Secretariat- Economic Services|00||911|Deduct Recoveries|0||02|Deduct Recovery of Overpayments of Previous Years|||3451-00-911-0-02|Deduct Recovery of Overpayments of Previous Years|V|Header|Detailed-Head|||||100.0
65|1|04|3451|Secretariat- Economic Services|00||911|Deduct Recoveries|0||02|Deduct Recovery of Overpayments of Previous Years|364|Deduct - Recoveries|3451-00-911-0-02|Deduct - Recoveries|V|Data|Object-Head|-7.97||||100.0
65|1|04|3451|Secretariat- Economic Services|00||911|Deduct Recoveries|0||02|Deduct Recovery of Overpayments of Previous Years||||HOA Total :|V|Total|Detailed-Head|-7.97|0.00|0.00|0.00|100.0
65|1|04|3451|Secretariat- Economic Services|00|||||||||||3451 - Total :|V|Total|Major-Head|8540.59|9885.20|9890.20|9933.87|
66|1|04|4059|Capital Outlay on Public Works|60||||||||||4059|Capital Outlay on Public Works|V|Header|Major-Head|||||
66|1|04|4059|Capital Outlay on Public Works|60||051||0||02|Construction of Warehouse for Storage of EVMs / VVPAT Machines|||4059-60-051-0-02|Construction of Warehouse for Storage of EVMs / VVPAT Machines|V|Header|Detailed-Head|||||100.0
66|1|04|4059|Capital Outlay on Public Works|60||051||0||02|Construction of Warehouse for Storage of EVMs / VVPAT Machines|386|Purchase/Construction of Buildings|4059-60-051-0-02|Purchase/Construction of Buildings|V|Data|Object-Head|251.00|100.00|100.00|300.00|100.0
66|1|04|4059|Capital Outlay on Public Works|60||051||0||02|Construction of Warehouse for Storage of EVMs / VVPAT Machines||||HOA Total :|V|Total|Detailed-Head|251.00|100.00|100.00|300.00|100.0
66|1|04|4059|Capital Outlay on Public Works|60||051||0||04|Repair of Government Guest Houses|||4059-60-051-0-04|Repair of Government Guest Houses|V|Header|Detailed-Head|||||100.0
66|1|04|4059|Capital Outlay on Public Works|60||051||0||04|Repair of Government Guest Houses|132|Other Capital Expenses|4059-60-051-0-04|Other Capital Expenses|V|Data|Object-Head|130.90|1.00|10.95|1.00|100.0
66|1|04|4059|Capital Outlay on Public Works|60||051||0||04|Repair of Government Guest Houses||||HOA Total :|V|Total|Detailed-Head|130.90|1.00|10.95|1.00|100.0
66|1|04|4059|Capital Outlay on Public Works|80||051||0||53|Administrative Research Institute Building|||4059-80-051-0-53|Administrative Research Institute Building|V|Header|Detailed-Head|||||100.0
66|1|04|4059|Capital Outlay on Public Works|80||051||0||53|Administrative Research Institute Building|386|Purchase/Construction of Buildings|4059-80-051-0-53|Purchase/Construction of Buildings|V|Data|Object-Head||75.00|75.00|100.00|100.0
66|1|04|4059|Capital Outlay on Public Works|80||051||0||53|Administrative Research Institute Building||||HOA Total :|V|Total|Detailed-Head|0.00|75.00|75.00|100.00|100.0
66|1|04|4059|Capital Outlay on Public Works|80|||||||||||4059 - Total :|V|Total|Major-Head|381.90|176.00|185.95|401.00|
67|1|04|4070|Capital Outlay on Other Administrative Services|00||||||||||4070|Capital Outlay on Other Administrative Services||Header|Major-Head|||||
67|1|04|4070|Capital Outlay on Other Administrative Services|00||800||0||09|Capital Expenses(DPAR-Charged Expenditure)|||4070-00-800-0-09|Capital Expenses(DPAR-Charged Expenditure)|C|Header|Detailed-Head|||||100.0
67|1|04|4070|Capital Outlay on Other Administrative Services|00||800||0||09|Capital Expenses(DPAR-Charged Expenditure)|053|Purchase of Furniture and Fixture for Office|4070-00-800-0-09|Purchase of Furniture and Fixture for Office|C|Data|Object-Head||1.00|1.00|1.00|100.0
67|1|04|4070|Capital Outlay on Other Administrative Services|00||800||0||09|Capital Expenses(DPAR-Charged Expenditure)|180|Machinery and Equipments|4070-00-800-0-09|Machinery and Equipments|C|Data|Object-Head||30.00|30.00|30.00|100.0
67|1|04|4070|Capital Outlay on Other Administrative Services|00||800||0||09|Capital Expenses(DPAR-Charged Expenditure)|199|Transportation Assets|4070-00-800-0-09|Transportation Assets|C|Data|Object-Head|184.88|50.00|258.57|100.00|100.0
67|1|04|4070|Capital Outlay on Other Administrative Services|00||800||0||09|Capital Expenses(DPAR-Charged Expenditure)||||HOA Total :|C|Total|Detailed-Head|184.88|81.00|289.57|131.00|100.0
67|1|04|4070|Capital Outlay on Other Administrative Services|00||800||0||10|Capital Expenses(Secretariat and other Government Offices)|||4070-00-800-0-10|Capital Expenses(Secretariat and other Government Offices)|V|Header|Detailed-Head|||||100.0
67|1|04|4070|Capital Outlay on Other Administrative Services|00||800||0||10|Capital Expenses(Secretariat and other Government Offices)|053|Purchase of Furniture and Fixture for Office|4070-00-800-0-10|Purchase of Furniture and Fixture for Office|V|Data|Object-Head||14.00|14.00|15.00|100.0
67|1|04|4070|Capital Outlay on Other Administrative Services|00||800||0||10|Capital Expenses(Secretariat and other Government Offices)|180|Machinery and Equipments|4070-00-800-0-10|Machinery and Equipments|V|Data|Object-Head||50.00|50.00|50.00|100.0
67|1|04|4070|Capital Outlay on Other Administrative Services|00||800||0||10|Capital Expenses(Secretariat and other Government Offices)|199|Transportation Assets|4070-00-800-0-10|Transportation Assets|V|Data|Object-Head|1304.68|500.00|841.00|500.00|100.0
67|1|04|4070|Capital Outlay on Other Administrative Services|00||800||0||10|Capital Expenses(Secretariat and other Government Offices)||||HOA Total :|V|Total|Detailed-Head|1304.68|564.00|905.00|565.00|100.0
67|1|04|4070|Capital Outlay on Other Administrative Services|00||800||0||90|Deduct-Receipts and Recoveries on Capital Account|||4070-00-800-0-90|Deduct-Receipts and Recoveries on Capital Account|V|Header|Detailed-Head|||||100.0
67|1|04|4070|Capital Outlay on Other Administrative Services|00||800||0||90|Deduct-Receipts and Recoveries on Capital Account|364|Deduct - Recoveries|4070-00-800-0-90|Deduct - Recoveries|V|Data|Object-Head|-50.00||||100.0
67|1|04|4070|Capital Outlay on Other Administrative Services|00||800||0||90|Deduct-Receipts and Recoveries on Capital Account||||HOA Total :|V|Total|Detailed-Head|-50.00|0.00|0.00|0.00|100.0
67|1|04|4070|Capital Outlay on Other Administrative Services|00|||||||||||4070 - Total :|V+C|Total|Major-Head|1439.56|645.00|1194.57|696.00|
68|1|04|2052|Secretariat-General Services|00||||||||||2052|Secretariat-General Services|V|Header|Major-Head|||||
68|1|04|2052|Secretariat-General Services|00||092||0||19|Court Case Monitoring System(e-gov)|||2052-00-092-0-19|Court Case Monitoring System(e-gov)|V|Header|Detailed-Head|||||100.0
68|1|04|2052|Secretariat-General Services|00||092||0||19|Court Case Monitoring System(e-gov)|015|Subsidiary Expenses|2052-00-092-0-19|Subsidiary Expenses|V|Data|Object-Head||25.00|25.00|25.00|100.0
68|1|04|2052|Secretariat-General Services|00||092||0||19|Court Case Monitoring System(e-gov)|034|Contract/Outsource|2052-00-092-0-19|Contract/Outsource|V|Data|Object-Head|21.00|178.97|178.97|179.15|100.0
68|1|04|2052|Secretariat-General Services|00||092||0||19|Court Case Monitoring System(e-gov)|050|Office Expenses|2052-00-092-0-19|Office Expenses|V|Data|Object-Head||3.00|3.00|3.00|100.0
68|1|04|2052|Secretariat-General Services|00||092||0||19|Court Case Monitoring System(e-gov)|051|General Expenses|2052-00-092-0-19|General Expenses|V|Data|Object-Head|6.00||||100.0
68|1|04|2052|Secretariat-General Services|00||092||0||19|Court Case Monitoring System(e-gov)|195|Transport Expenses|2052-00-092-0-19|Transport Expenses|V|Data|Object-Head||5.66|5.66|5.66|100.0
68|1|04|2052|Secretariat-General Services|00||092||0||19|Court Case Monitoring System(e-gov)||||HOA Total :|V|Total|Detailed-Head|27.00|212.63|212.63|212.81|100.0
68|1|04|2052|Secretariat-General Services|00|||||||||||2052 - Total :|V|Total|Major-Head|27.00|212.63|212.63|212.81|
69|1|04|3451|Secretariat- Economic Services|00||||||||||3451|Secretariat- Economic Services|V|Header|Major-Head|||||
69|1|04|3451|Secretariat- Economic Services|00||090||2||04|e-Governance Project|||3451-00-090-2-04|e-Governance Project|V|Header|Detailed-Head|||||100.0
69|1|04|3451|Secretariat- Economic Services|00||090||2||04|e-Governance Project|034|Contract/Outsource|3451-00-090-2-04|Contract/Outsource|V|Data|Object-Head|803.49|913.45|913.45|929.11|100.0
69|1|04|3451|Secretariat- Economic Services|00||090||2||04|e-Governance Project|059|Other Expenses|3451-00-090-2-04|Other Expenses|V|Data|Object-Head|5699.99|5500.00|5500.00|2100.00|100.0
69|1|04|3451|Secretariat- Economic Services|00||090||2||04|e-Governance Project||||HOA Total :|V|Total|Detailed-Head|6503.48|6413.45|6413.45|3029.11|100.0
69|1|04|3451|Secretariat- Economic Services|00||090||2||08|Karnataka State Remote Sensing Application Centre|||3451-00-090-2-08|Karnataka State Remote Sensing Application Centre|V|Header|Detailed-Head|||||100.0
69|1|04|3451|Secretariat- Economic Services|00||090||2||08|Karnataka State Remote Sensing Application Centre|101|Grants-in-Aid-Salaries|3451-00-090-2-08|Grants-in-Aid-Salaries|V|Data|Object-Head|34.41|37.76|37.76|39.20|100.0
69|1|04|3451|Secretariat- Economic Services|00||090||2||08|Karnataka State Remote Sensing Application Centre|103|Grants-in-Aid -General|3451-00-090-2-08|Grants-in-Aid -General|V|Data|Object-Head|200.00|200.00|200.00|200.00|100.0
69|1|04|3451|Secretariat- Economic Services|00||090||2||08|Karnataka State Remote Sensing Application Centre|115|GIA Contract /Outsource|3451-00-090-2-08|GIA Contract /Outsource|V|Data|Object-Head|511.72|511.73|511.73|524.14|100.0
69|1|04|3451|Secretariat- Economic Services|00||090||2||08|Karnataka State Remote Sensing Application Centre||||HOA Total :|V|Total|Detailed-Head|746.13|749.49|749.49|763.34|100.0
69|1|04|3451|Secretariat- Economic Services|00||090||2||33|Centre for Innovation and Good Governance|||3451-00-090-2-33|Centre for Innovation and Good Governance|V|Header|Detailed-Head|||||100.0
69|1|04|3451|Secretariat- Economic Services|00||090||2||33|Centre for Innovation and Good Governance|034|Contract/Outsource|3451-00-090-2-33|Contract/Outsource|V|Data|Object-Head|16.99|18.85|49.12||100.0
69|1|04|3451|Secretariat- Economic Services|00||090||2||33|Centre for Innovation and Good Governance|051|General Expenses|3451-00-090-2-33|General Expenses|V|Data|Object-Head|2.23|5.00|5.00||100.0
69|1|04|3451|Secretariat- Economic Services|00||090||2||33|Centre for Innovation and Good Governance||||HOA Total :|V|Total|Detailed-Head|19.22|23.85|54.12|0.00|100.0
69|1|04|3451|Secretariat- Economic Services|00||090||2||41|Directorate of e-Governance and Electronic Delivery of Citizen Services (EDCS)|||3451-00-090-2-41|Directorate of e-Governance and Electronic Delivery of Citizen Services (EDCS)|V|Header|Detailed-Head|||||100.0
69|1|04|3451|Secretariat- Economic Services|00||090||2||41|Directorate of e-Governance and Electronic Delivery of Citizen Services (EDCS)|002|Basic Pay|3451-00-090-2-41|Basic Pay|V|Data|Object-Head|10.25|32.00|32.00|26.00|100.0
69|1|04|3451|Secretariat- Economic Services|00||090||2||41|Directorate of e-Governance and Electronic Delivery of Citizen Services (EDCS)|003|Basic Pay-Staff|3451-00-090-2-41|Basic Pay-Staff|V|Data|Object-Head|13.89||||100.0
69|1|04|3451|Secretariat- Economic Services|00||090||2||41|Directorate of e-Governance and Electronic Delivery of Citizen Services (EDCS)|004|Interim Relief|3451-00-090-2-41|Interim Relief|V|Data|Object-Head|2.14||||100.0
69|1|04|3451|Secretariat- Economic Services|00||090||2||41|Directorate of e-Governance and Electronic Delivery of Citizen Services (EDCS)|011|Dearness Allowance|3451-00-090-2-41|Dearness Allowance|V|Data|Object-Head|8.10|7.00|7.00|7.00|100.0
69|1|04|3451|Secretariat- Economic Services|00||090||2||41|Directorate of e-Governance and Electronic Delivery of Citizen Services (EDCS)|014|Other Allowance|3451-00-090-2-41|Other Allowance|V|Data|Object-Head|6.49|8.00|8.00|7.00|100.0
69|1|04|3451|Secretariat- Economic Services|00||090||2||41|Directorate of e-Governance and Electronic Delivery of Citizen Services (EDCS)|020|Medical Allowance|3451-00-090-2-41|Medical Allowance|V|Data|Object-Head|0.11||||100.0
69|1|04|3451|Secretariat- Economic Services|00||090||2||41|Directorate of e-Governance and Electronic Delivery of Citizen Services (EDCS)|021|Reimbursement of Medical Expenses|3451-00-090-2-41|Reimbursement of Medical Expenses|V|Data|Object-Head||3.00|3.00|3.00|100.0
70|01|04|3451|Secretariat- Economic Services|00||090||2||41|Directorate of e-Governance and Electronic Delivery of Citizen Services (EDCS)|035|Salary of Board/Corp.Staff working in State Government|3451-00-090-2-41|Salary of Board/Corp.Staff working in State Government|V|Data|Object-Head|41.69|35.10|42.60|43.07|100.0
70|01|04|3451|Secretariat- Economic Services|00||090||2||41|Directorate of e-Governance and Electronic Delivery of Citizen Services (EDCS)|037|Payment on Service Contract|3451-00-090-2-41|Payment on Service Contract|V|Data|Object-Head||1084.32|1084.32|1128.00|100.0
70|01|04|3451|Secretariat- Economic Services|00||090||2||41|Directorate of e-Governance and Electronic Delivery of Citizen Services (EDCS)|041|Travel Expenses|3451-00-090-2-41|Travel Expenses|V|Data|Object-Head|0.14|1.00|1.00|1.00|100.0
70|01|04|3451|Secretariat- Economic Services|00||090||2||41|Directorate of e-Governance and Electronic Delivery of Citizen Services (EDCS)|050|Office Expenses|3451-00-090-2-41|Office Expenses|V|Data|Object-Head|7.46|10.00|10.00||100.0
70|01|04|3451|Secretariat- Economic Services|00||090||2||41|Directorate of e-Governance and Electronic Delivery of Citizen Services (EDCS)|051|General Expenses|3451-00-090-2-41|General Expenses|V|Data|Object-Head|1599.81|400.00|400.00||100.0
70|01|04|3451|Secretariat- Economic Services|00||090||2||41|Directorate of e-Governance and Electronic Delivery of Citizen Services (EDCS)|071|Building Expenses|3451-00-090-2-41|Building Expenses|V|Data|Object-Head|155.98|250.00|250.00|260.00|100.0
70|01|04|3451|Secretariat- Economic Services|00||090||2||41|Directorate of e-Governance and Electronic Delivery of Citizen Services (EDCS)|195|Transport Expenses|3451-00-090-2-41|Transport Expenses|V|Data|Object-Head|15.24|25.51|25.51|41.44|100.0
70|01|04|3451|Secretariat- Economic Services|00||090||2||41|Directorate of e-Governance and Electronic Delivery of Citizen Services (EDCS)||||HOA Total :|V|Total|Detailed-Head|1861.30|1855.93|1863.43|1516.51|100.0
70|01|04|3451|Secretariat- Economic Services|00||090||2||42|Transaction charges on DBT|||3451-00-090-2-42|Transaction charges on DBT|V|Header|Detailed-Head|||||100.0
70|01|04|3451|Secretariat- Economic Services|00||090||2||42|Transaction charges on DBT|059|Other Expenses|3451-00-090-2-42|Other Expenses|V|Data|Object-Head||1.00|1.00||100.0
70|01|04|3451|Secretariat- Economic Services|00||090||2||42|Transaction charges on DBT||||HOA Total :|V|Total|Detailed-Head|0.00|1.00|1.00|0.00|100.0
70|01|04|3451|Secretariat- Economic Services|00||090||2||44|CSS-State Share-India AI Mission|||3451-00-090-2-44|CSS-State Share-India AI Mission|V|Header|Detailed-Head|||||100.0
70|01|04|3451|Secretariat- Economic Services|00||090||2||44|CSS-State Share-India AI Mission|015|Subsidiary Expenses|3451-00-090-2-44|Subsidiary Expenses|V|Data|Object-Head||||200.00|100.0
70|01|04|3451|Secretariat- Economic Services|00||090||2||44|CSS-State Share-India AI Mission||||HOA Total :|V|Total|Detailed-Head|0.00|0.00|0.00|200.00|100.0
70|01|04|3451|Secretariat- Economic Services|00||090||2||50|Vacant Post Provision|||3451-00-090-2-50|Vacant Post Provision|V|Header|Detailed-Head|||||100.0
70|01|04|3451|Secretariat- Economic Services|00||090||2||50|Vacant Post Provision|014|Other Allowance|3451-00-090-2-50|Other Allowance|V|Data|Object-Head||523.45|515.95|642.45|100.0
70|01|04|3451|Secretariat- Economic Services|00||090||2||50|Vacant Post Provision||||HOA Total :|V|Total|Detailed-Head|0.00|523.45|515.95|642.45|100.0
70|01|04|3451|Secretariat- Economic Services|00||||||||||3451|3451 - Total :|V|Total|Major-Head|9130.13|9567.17|9597.44|6151.41|
71|01|04|4070|Capital Outlay on Other Administrative Services|00|||||||||||4070|Capital Outlay on Other Administrative Services|Header|Sub-Major-Head|||||
71|01|04|4070|Capital Outlay on Other Administrative Services|00||001||0||18|Karnataka Geographical Information System(K-GIS) Version 2.0|||4070-00-001-0-18|Karnataka Geographical Information System(K-GIS) Version 2.0|V|Header|Detailed-Head|||||100.0
71|01|04|4070|Capital Outlay on Other Administrative Services|00||001||0||18|Karnataka Geographical Information System(K-GIS) Version 2.0|177|IT Expenditure|4070-00-001-0-18|IT Expenditure|V|Data|Object-Head||1500.00|1500.00|1500.00|100.0
71|01|04|4070|Capital Outlay on Other Administrative Services|00||001||0||18|Karnataka Geographical Information System(K-GIS) Version 2.0||||HOA Total :|V|Total|Detailed-Head|0.00|1500.00|1500.00|1500.00|100.0
71|01|04|4070|Capital Outlay on Other Administrative Services|00||||||||||4070|4070 - Total :|V|Total|Major-Head|0.00|1500.00|1500.00|1500.00|
72|01|05|2014|Administration of Justice|00|||||||||||2014|Administration of Justice|Header|Sub-Major-Head|||||
72|01|05|2014|Administration of Justice|00||114||0||02|Department of Prosecutions & Government Litigations||||2014-00-114-0-02|Department of Prosecutions & Government Litigations|Header|Detailed-Head|||||100.0
72|01|05|2014|Administration of Justice|00||114||0||02|Department of Prosecutions & Government Litigations|002|Basic Pay|2014-00-114-0-02|Basic Pay|V|Data|Object-Head|4212.95|7812.00|8120.27|7904.00|100.0
72|01|05|2014|Administration of Justice|00||114||0||02|Department of Prosecutions & Government Litigations|003|Basic Pay-Staff|2014-00-114-0-02|Basic Pay-Staff|V|Data|Object-Head|1629.86||||100.0
72|01|05|2014|Administration of Justice|00||114||0||02|Department of Prosecutions & Government Litigations|004|Interim Relief|2014-00-114-0-02|Interim Relief|V|Data|Object-Head|450.50||||100.0
72|01|05|2014|Administration of Justice|00||114||0||02|Department of Prosecutions & Government Litigations|011|Dearness Allowance|2014-00-114-0-02|Dearness Allowance|V|Data|Object-Head|1508.26|1719.00|1775.02|1976.00|100.0
72|01|05|2014|Administration of Justice|00||114||0||02|Department of Prosecutions & Government Litigations|014|Other Allowance|2014-00-114-0-02|Other Allowance|V|Data|Object-Head|1451.78|1700.00|1817.01|1669.00|100.0
72|01|05|2014|Administration of Justice|00||114||0||02|Department of Prosecutions & Government Litigations|015|Subsidiary Expenses|2014-00-114-0-02|Subsidiary Expenses|V|Data|Object-Head||||11.21|100.0
72|01|05|2014|Administration of Justice|00||114||0||02|Department of Prosecutions & Government Litigations|020|Medical Allowance|2014-00-114-0-02|Medical Allowance|V|Data|Object-Head|12.50||||100.0
72|01|05|2014|Administration of Justice|00||114||0||02|Department of Prosecutions & Government Litigations|021|Reimbursement of Medical Expenses|2014-00-114-0-02|Reimbursement of Medical Expenses|V|Data|Object-Head|22.86|57.00|57.00|59.00|100.0
72|01|05|2014|Administration of Justice|00||114||0||02|Department of Prosecutions & Government Litigations|034|Contract/Outsource|2014-00-114-0-02|Contract/Outsource|V|Data|Object-Head|2715.35|2841.15|2841.15|2581.00|100.0
72|01|05|2014|Administration of Justice|00||114||0||02|Department of Prosecutions & Government Litigations|041|Travel Expenses|2014-00-114-0-02|Travel Expenses|V|Data|Object-Head|42.36|35.00|35.00|35.00|100.0
72|01|05|2014|Administration of Justice|00||114||0||02|Department of Prosecutions & Government Litigations|050|Office Expenses|2014-00-114-0-02|Office Expenses|V|Data|Object-Head||12.00|12.00|100.00|100.0
72|01|05|2014|Administration of Justice|00||114||0||02|Department of Prosecutions & Government Litigations|051|General Expenses|2014-00-114-0-02|General Expenses|V|Data|Object-Head|287.97|400.00|400.00|70.00|100.0
72|01|05|2014|Administration of Justice|00||114||0||02|Department of Prosecutions & Government Litigations|052|Telephone Charges|2014-00-114-0-02|Telephone Charges|V|Data|Object-Head|4.14||||100.0
72|01|05|2014|Administration of Justice|00||114||0||02|Department of Prosecutions & Government Litigations|053|Purchase of Furniture and Fixture for Office|2014-00-114-0-02|Purchase of Furniture and Fixture for Office|V|Data|Object-Head|2.19||||100.0
72|01|05|2014|Administration of Justice|00||114||0||02|Department of Prosecutions & Government Litigations|071|Building Expenses|2014-00-114-0-02|Building Expenses|V|Data|Object-Head|136.17|130.00|130.00|135.00|100.0
72|01|05|2014|Administration of Justice|00||114||0||02|Department of Prosecutions & Government Litigations|103|Grants-in-Aid -General|2014-00-114-0-02|Grants-in-Aid -General|V|Data|Object-Head||1.00|1.00|1.00|100.0
72|01|05|2014|Administration of Justice|00||114||0||02|Department of Prosecutions & Government Litigations|195|Transport Expenses|2014-00-114-0-02|Transport Expenses|V|Data|Object-Head|15.57|22.00|22.00|24.72|100.0
72|01|05|2014|Administration of Justice|00||114||0||02|Department of Prosecutions & Government Litigations||||HOA Total :|V|Total|Detailed-Head|12492.46|14729.15|15210.45|14565.93|100.0
72|01|05|2014|Administration of Justice|00||||||||||2014|2014 - Total :|V|Total|Major-Head|12492.46|14729.15|15210.45|14565.93|
73|01|05|2055|Police|00|||||||||||2055|Police|Header|Sub-Major-Head|||||
73|01|05|2055|Police|00||001||0||01|Director General and Inspector General of Police||||2055-00-001-0-01|Director General and Inspector General of Police|Header|Detailed-Head|||||100.0
73|01|05|2055|Police|00||001||0||01|Director General and Inspector General of Police|002|Basic Pay|2055-00-001-0-01|Basic Pay|V|Data|Object-Head|1814.40|11238.00|11238.00|11676.00|100.0
73|01|05|2055|Police|00||001||0||01|Director General and Inspector General of Police|003|Basic Pay-Staff|2055-00-001-0-01|Basic Pay-Staff|V|Data|Object-Head|7208.73||||100.0
73|01|05|2055|Police|00||001||0||01|Director General and Inspector General of Police|004|Interim Relief|2055-00-001-0-01|Interim Relief|V|Data|Object-Head|501.40||||100.0
73|01|05|2055|Police|00||001||0||01|Director General and Inspector General of Police|011|Dearness Allowance|2055-00-001-0-01|Dearness Allowance|V|Data|Object-Head|2138.27|2663.00|2663.00|3159.00|100.0
73|01|05|2055|Police|00||001||0||01|Director General and Inspector General of Police|014|Other Allowance|2055-00-001-0-01|Other Allowance|V|Data|Object-Head|1817.40|2147.00|2147.00|2171.00|100.0
73|01|05|2055|Police|00||001||0||01|Director General and Inspector General of Police|015|Subsidiary Expenses|2055-00-001-0-01|Subsidiary Expenses|V|Data|Object-Head|186.85|176.60|176.60|261.00|100.0
73|01|05|2055|Police|00||001||0||01|Director General and Inspector General of Police|020|Medical Allowance|2055-00-001-0-01|Medical Allowance|V|Data|Object-Head|59.97||||100.0
73|01|05|2055|Police|00||001||0||01|Director General and Inspector General of Police|021|Reimbursement of Medical Expenses|2055-00-001-0-01|Reimbursement of Medical Expenses|V|Data|Object-Head|15.81|20.07|20.07|20.33|100.0
73|01|05|2055|Police|00||001||0||01|Director General and Inspector General of Police|034|Contract/Outsource|2055-00-001-0-01|Contract/Outsource|V|Data|Object-Head|791.14|1003.77|1003.77|1017.64|100.0
73|01|05|2055|Police|00||001||0||01|Director General and Inspector General of Police|041|Travel Expenses|2055-00-001-0-01|Travel Expenses|V|Data|Object-Head|94.07|200.00|150.00|100.00|100.0
73|01|05|2055|Police|00||001||0||01|Director General and Inspector General of Police|050|Office Expenses|2055-00-001-0-01|Office Expenses|V|Data|Object-Head||60.00|360.00|1060.00|100.0
73|01|05|2055|Police|00||001||0||01|Director General and Inspector General of Police|051|General Expenses|2055-00-001-0-01|General Expenses|V|Data|Object-Head|2256.80|2000.00|1700.00|1000.00|100.0
73|01|05|2055|Police|00||001||0||01|Director General and Inspector General of Police|052|Telephone Charges|2055-00-001-0-01|Telephone Charges|V|Data|Object-Head|25.66||||100.0
73|01|05|2055|Police|00||001||0||01|Director General and Inspector General of Police|071|Building Expenses|2055-00-001-0-01|Building Expenses|V|Data|Object-Head|327.78|260.00|330.00|275.00|100.0
73|01|05|2055|Police|00||001||0||01|Director General and Inspector General of Police|103|Grants-in-Aid -General|2055-00-001-0-01|Grants-in-Aid -General|V|Data|Object-Head|64.40|68.64|68.64|70.00|100.0
73|01|05|2055|Police|00||001||0||01|Director General and Inspector General of Police|131|Secret Service Expenses|2055-00-001-0-01|Secret Service Expenses|V|Data|Object-Head|2100.00|2000.00|2000.00|2000.00|100.0
73|01|05|2055|Police|00||001||0||01|Director General and Inspector General of Police|180|Machinery and Equipments|2055-00-001-0-01|Machinery and Equipments|V|Data|Object-Head|1.00||||100.0
73|01|05|2055|Police|00||001||0||01|Director General and Inspector General of Police|195|Transport Expenses|2055-00-001-0-01|Transport Expenses|V|Data|Object-Head|595.34|500.00|580.00|809.87|100.0
73|01|05|2055|Police|00||001||0||01|Director General and Inspector General of Police|221|Materials and Supplies|2055-00-001-0-01|Materials and Supplies|V|Data|Object-Head|16.00|22.00|22.00|22.00|100.0
73|01|05|2055|Police|00||001||0||01|Director General and Inspector General of Police|222|Drugs and Chemicals|2055-00-001-0-01|Drugs and Chemicals|V|Data|Object-Head|9.99||||100.0
73|01|05|2055|Police|00||001||0||01|Director General and Inspector General of Police||||HOA Total :|V|Total|Detailed-Head|20025.01|22359.08|22459.08|23641.84|100.0
73|01|05|2055|Police|00||001||0||05|State Police Complaints Authority||||2055-00-001-0-05|State Police Complaints Authority|Header|Detailed-Head|||||100.0
73|01|05|2055|Police|00||001||0||05|State Police Complaints Authority|002|Basic Pay|2055-00-001-0-05|Basic Pay|V|Data|Object-Head|15.11|52.00|52.00|45.00|100.0
73|01|05|2055|Police|00||001||0||05|State Police Complaints Authority|003|Basic Pay-Staff|2055-00-001-0-05|Basic Pay-Staff|V|Data|Object-Head|16.48||||100.0
73|01|05|2055|Police|00||001||0||05|State Police Complaints Authority|004|Interim Relief|2055-00-001-0-05|Interim Relief|V|Data|Object-Head|1.81||||100.0
74|01|05|2055|Police|00||001||0||05|State Police Complaints Authority|011|Dearness Allowance|2055-00-001-0-05|Dearness Allowance|V|Data|Object-Head|6.88|12.00|12.00|12.00|100.0
74|01|05|2055|Police|00||001||0||05|State Police Complaints Authority|014|Other Allowance|2055-00-001-0-05|Other Allowance|V|Data|Object-Head|7.79|12.00|12.00|10.00|100.0
74|01|05|2055|Police|00||001||0||05|State Police Complaints Authority|015|Subsidiary Expenses|2055-00-001-0-05|Subsidiary Expenses|V|Data|Object-Head|40.00|40.00|40.00|43.72|100.0
74|01|05|2055|Police|00||001||0||05|State Police Complaints Authority|020|Medical Allowance|2055-00-001-0-05|Medical Allowance|V|Data|Object-Head|0.13||||100.0
74|01|05|2055|Police|00||001||0||05|State Police Complaints Authority|021|Reimbursement of Medical Expenses|2055-00-001-0-05|Reimbursement of Medical Expenses|V|Data|Object-Head|6.67|3.00|3.00|3.00|100.0
74|01|05|2055|Police|00||001||0||05|State Police Complaints Authority|034|Contract/Outsource|2055-00-001-0-05|Contract/Outsource|V|Data|Object-Head|24.05|17.72|17.72|30.46|100.0
74|01|05|2055|Police|00||001||0||05|State Police Complaints Authority|035|Salary of Board/Corp.Staff working in State Government|2055-00-001-0-05|Salary of Board/Corp.Staff working in State Government|V|Data|Object-Head|11.59|12.69|12.69|7.45|100.0
74|01|05|2055|Police|00||001||0||05|State Police Complaints Authority|041|Travel Expenses|2055-00-001-0-05|Travel Expenses|V|Data|Object-Head||1.00|1.00|1.00|100.0
74|01|05|2055|Police|00||001||0||05|State Police Complaints Authority|050|Office Expenses|2055-00-001-0-05|Office Expenses|V|Data|Object-Head||2.00|2.00|6.00|100.0
74|01|05|2055|Police|00||001||0||05|State Police Complaints Authority|051|General Expenses|2055-00-001-0-05|General Expenses|V|Data|Object-Head|3.09|10.00|10.00|6.00|100.0
74|01|05|2055|Police|00||001||0||05|State Police Complaints Authority|052|Telephone Charges|2055-00-001-0-05|Telephone Charges|V|Data|Object-Head|0.46||||100.0
74|01|05|2055|Police|00||001||0||05|State Police Complaints Authority|053|Purchase of Furniture and Fixture for Office|2055-00-001-0-05|Purchase of Furniture and Fixture for Office|V|Data|Object-Head|0.36||||100.0
74|01|05|2055|Police|00||001||0||05|State Police Complaints Authority|071|Building Expenses|2055-00-001-0-05|Building Expenses|V|Data|Object-Head|4.20|2.00|2.00|2.00|100.0
74|01|05|2055|Police|00||001||0||05|State Police Complaints Authority|195|Transport Expenses|2055-00-001-0-05|Transport Expenses|V|Data|Object-Head|1.55|8.00|8.00|5.20|100.0
74|01|05|2055|Police|00||001||0||05|State Police Complaints Authority||||HOA Total :|V|Total|Detailed-Head|140.17|172.41|172.41|171.83|100.0
74|01|05|2055|Police|00||001||0||07|Vacant Post Provision||||2055-00-001-0-07|Vacant Post Provision|Header|Detailed-Head|||||100.0
74|01|05|2055|Police|00||001||0||07|Vacant Post Provision|014|Other Allowance|2055-00-001-0-07|Other Allowance|V|Data|Object-Head||42751.79|36720.99|70001.79|100.0
74|01|05|2055|Police|00||001||0||07|Vacant Post Provision||||HOA Total :|V|Total|Detailed-Head|0.00|42751.79|36720.99|70001.79|100.0
74|01|05|2055|Police|00||101||0||01|Criminal Investigation Department||||2055-00-101-0-01|Criminal Investigation Department|Header|Detailed-Head|||||100.0
74|01|05|2055|Police|00||101||0||01|Criminal Investigation Department|002|Basic Pay|2055-00-101-0-01|Basic Pay|V|Data|Object-Head|1802.10|7677.00|7677.00|7854.00|100.0
74|01|05|2055|Police|00||101||0||01|Criminal Investigation Department|003|Basic Pay-Staff|2055-00-101-0-01|Basic Pay-Staff|V|Data|Object-Head|4520.20||||100.0
74|01|05|2055|Police|00||101||0||01|Criminal Investigation Department|004|Interim Relief|2055-00-101-0-01|Interim Relief|V|Data|Object-Head|380.45||||100.0
74|01|05|2055|Police|00||101||0||01|Criminal Investigation Department|011|Dearness Allowance|2055-00-101-0-01|Dearness Allowance|V|Data|Object-Head|1502.59|1764.00|1764.00|2052.00|100.0
74|01|05|2055|Police|00||101||0||01|Criminal Investigation Department|014|Other Allowance|2055-00-101-0-01|Other Allowance|V|Data|Object-Head|1384.79|1545.00|1545.00|1567.00|100.0
74|01|05|2055|Police|00||101||0||01|Criminal Investigation Department|015|Subsidiary Expenses|2055-00-101-0-01|Subsidiary Expenses|V|Data|Object-Head|218.99|223.48|223.48|264.60|100.0
75|01|05|2055|Police|00||101||0||01|Criminal Investigation Department|020|Medical Allowance|2055-00-101-0-01|Medical Allowance|V|Data|Object-Head|32.48||||100.0
75|01|05|2055|Police|00||101||0||01|Criminal Investigation Department|021|Reimbursement of Medical Expenses|2055-00-101-0-01|Reimbursement of Medical Expenses|V|Data|Object-Head|9.44|14.96|14.96|17.73|100.0
75|01|05|2055|Police|00||101||0||01|Criminal Investigation Department|034|Contract/Outsource|2055-00-101-0-01|Contract/Outsource|V|Data|Object-Head|236.98|535.49|535.49|499.77|100.0
75|01|05|2055|Police|00||101||0||01|Criminal Investigation Department|041|Travel Expenses|2055-00-101-0-01|Travel Expenses|V|Data|Object-Head|99.99|60.00|60.00|70.00|100.0
75|01|05|2055|Police|00||101||0||01|Criminal Investigation Department|050|Office Expenses|2055-00-101-0-01|Office Expenses|V|Data|Object-Head||40.00|40.00|80.00|100.0
75|01|05|2055|Police|00||101||0||01|Criminal Investigation Department|051|General Expenses|2055-00-101-0-01|General Expenses|V|Data|Object-Head|299.98|250.00|300.00|210.00|100.0
75|01|05|2055|Police|00||101||0||01|Criminal Investigation Department|052|Telephone Charges|2055-00-101-0-01|Telephone Charges|V|Data|Object-Head|15.68||||100.0
75|01|05|2055|Police|00||101||0||01|Criminal Investigation Department|053|Purchase of Furniture and Fixture for Office|2055-00-101-0-01|Purchase of Furniture and Fixture for Office|V|Data|Object-Head|9.00||||100.0
75|01|05|2055|Police|00||101||0||01|Criminal Investigation Department|071|Building Expenses|2055-00-101-0-01|Building Expenses|V|Data|Object-Head|68.30|80.00|80.00|80.00|100.0
75|01|05|2055|Police|00||101||0||01|Criminal Investigation Department|195|Transport Expenses|2055-00-101-0-01|Transport Expenses|V|Data|Object-Head|400.77|343.00|343.00|729.13|100.0
75|01|05|2055|Police|00||101||0||01|Criminal Investigation Department||||HOA Total :|V|Total|Detailed-Head|10981.74|12532.93|12582.93|13424.23|100.0
75|01|05|2055|Police|00||101||0||03|State Intelligence|||2055-00-101-0-03|State Intelligence|V|Header|Detailed-Head|||||100.0
75|01|05|2055|Police|00||101||0||03|State Intelligence|002|Basic Pay|2055-00-101-0-03|Basic Pay|V|Data|Object-Head|866.16|8775.00|8775.00|9361.00|100.0
75|01|05|2055|Police|00||101||0||03|State Intelligence|003|Basic Pay-Staff|2055-00-101-0-03|Basic Pay-Staff|V|Data|Object-Head|6561.91||||100.0
75|01|05|2055|Police|00||101||0||03|State Intelligence|004|Interim Relief|2055-00-101-0-03|Interim Relief|V|Data|Object-Head|434.02||||100.0
75|01|05|2055|Police|00||101||0||03|State Intelligence|011|Dearness Allowance|2055-00-101-0-03|Dearness Allowance|V|Data|Object-Head|1708.60|1990.00|1990.00|2421.00|100.0
75|01|05|2055|Police|00||101||0||03|State Intelligence|014|Other Allowance|2055-00-101-0-03|Other Allowance|V|Data|Object-Head|1765.26|1987.00|1987.00|2051.00|100.0
75|01|05|2055|Police|00||101||0||03|State Intelligence|015|Subsidiary Expenses|2055-00-101-0-03|Subsidiary Expenses|V|Data|Object-Head|141.30|157.98|157.98|158.40|100.0
75|01|05|2055|Police|00||101||0||03|State Intelligence|020|Medical Allowance|2055-00-101-0-03|Medical Allowance|V|Data|Object-Head|46.95||||100.0
75|01|05|2055|Police|00||101||0||03|State Intelligence|021|Reimbursement of Medical Expenses|2055-00-101-0-03|Reimbursement of Medical Expenses|V|Data|Object-Head|10.84|18.66|18.66|19.50|100.0
75|01|05|2055|Police|00||101||0||03|State Intelligence|034|Contract/Outsource|2055-00-101-0-03|Contract/Outsource|V|Data|Object-Head||18.00|18.00|31.68|100.0
75|01|05|2055|Police|00||101||0||03|State Intelligence|041|Travel Expenses|2055-00-101-0-03|Travel Expenses|V|Data|Object-Head|144.99|100.00|100.00|100.00|100.0
75|01|05|2055|Police|00||101||0||03|State Intelligence|050|Office Expenses|2055-00-101-0-03|Office Expenses|V|Data|Object-Head||35.00|155.00|125.00|100.0
75|01|05|2055|Police|00||101||0||03|State Intelligence|051|General Expenses|2055-00-101-0-03|General Expenses|V|Data|Object-Head|379.91|380.00|260.00|290.00|100.0
75|01|05|2055|Police|00||101||0||03|State Intelligence|052|Telephone Charges|2055-00-101-0-03|Telephone Charges|V|Data|Object-Head|30.23||||100.0
75|01|05|2055|Police|00||101||0||03|State Intelligence|071|Building Expenses|2055-00-101-0-03|Building Expenses|V|Data|Object-Head|327.00|330.00|330.00|343.00|100.0
75|01|05|2055|Police|00||101||0||03|State Intelligence|131|Secret Service Expenses|2055-00-101-0-03|Secret Service Expenses|V|Data|Object-Head|260.00|150.00|150.00|150.00|100.0
76|01|05|2055|Police|00||101||0||03|State Intelligence|180|Machinery and Equipments|2055-00-101-0-03|Machinery and Equipments|V|Data|Object-Head|118.05||||100.0
76|01|05|2055|Police|00||101||0||03|State Intelligence|195|Transport Expenses|2055-00-101-0-03|Transport Expenses|V|Data|Object-Head|490.00|450.00|450.00|941.29|100.0
76|01|05|2055|Police|00||101||0||03|State Intelligence||||HOA Total :|V|Total|Detailed-Head|13285.22|14391.64|14391.64|15991.87|100.0
76|01|05|2055|Police|00||101||0||05|Investigation Expenses|||2055-00-101-0-05|Investigation Expenses|V|Header|Detailed-Head|||||100.0
76|01|05|2055|Police|00||101||0||05|Investigation Expenses|051|General Expenses|2055-00-101-0-05|General Expenses|V|Data|Object-Head|1049.39|1000.00|1000.00|1050.00|100.0
76|01|05|2055|Police|00||101||0||05|Investigation Expenses||||HOA Total :|V|Total|Detailed-Head|1049.39|1000.00|1000.00|1050.00|100.0
76|01|05|2055|Police|00||104||0||01|KSRP, KARP and IRB|||2055-00-104-0-01|KSRP, KARP and IRB|V|Header|Detailed-Head|||||100.0
76|01|05|2055|Police|00||104||0||01|KSRP, KARP and IRB|002|Basic Pay|2055-00-104-0-01|Basic Pay|V|Data|Object-Head|1605.32|75895.00|75895.00|75123.00|100.0
76|01|05|2055|Police|00||104||0||01|KSRP, KARP and IRB|003|Basic Pay-Staff|2055-00-104-0-01|Basic Pay-Staff|V|Data|Object-Head|60326.81||||100.0
76|01|05|2055|Police|00||104||0||01|KSRP, KARP and IRB|004|Interim Relief|2055-00-104-0-01|Interim Relief|V|Data|Object-Head|3636.87||||100.0
76|01|05|2055|Police|00||104||0||01|KSRP, KARP and IRB|011|Dearness Allowance|2055-00-104-0-01|Dearness Allowance|V|Data|Object-Head|13878.68|16723.00|16723.00|19095.00|100.0
76|01|05|2055|Police|00||104||0||01|KSRP, KARP and IRB|014|Other Allowance|2055-00-104-0-01|Other Allowance|V|Data|Object-Head|10133.20|11466.00|11466.00|11115.00|100.0
76|01|05|2055|Police|00||104||0||01|KSRP, KARP and IRB|015|Subsidiary Expenses|2055-00-104-0-01|Subsidiary Expenses|V|Data|Object-Head||50.00|50.00|50.00|100.0
76|01|05|2055|Police|00||104||0||01|KSRP, KARP and IRB|020|Medical Allowance|2055-00-104-0-01|Medical Allowance|V|Data|Object-Head|472.93||||100.0
76|01|05|2055|Police|00||104||0||01|KSRP, KARP and IRB|021|Reimbursement of Medical Expenses|2055-00-104-0-01|Reimbursement of Medical Expenses|V|Data|Object-Head|114.68|207.80|207.80|222.42|100.0
76|01|05|2055|Police|00||104||0||01|KSRP, KARP and IRB|034|Contract/Outsource|2055-00-104-0-01|Contract/Outsource|V|Data|Object-Head||25.20|25.20|340.85|100.0
76|01|05|2055|Police|00||104||0||01|KSRP, KARP and IRB|041|Travel Expenses|2055-00-104-0-01|Travel Expenses|V|Data|Object-Head|1020.55|1200.00|1000.00|1150.00|100.0
76|01|05|2055|Police|00||104||0||01|KSRP, KARP and IRB|050|Office Expenses|2055-00-104-0-01|Office Expenses|V|Data|Object-Head||60.00|210.00|500.00|100.0
76|01|05|2055|Police|00||104||0||01|KSRP, KARP and IRB|051|General Expenses|2055-00-104-0-01|General Expenses|V|Data|Object-Head|1289.50|900.00|585.00|500.00|100.0
76|01|05|2055|Police|00||104||0||01|KSRP, KARP and IRB|052|Telephone Charges|2055-00-104-0-01|Telephone Charges|V|Data|Object-Head|17.25||||100.0
76|01|05|2055|Police|00||104||0||01|KSRP, KARP and IRB|053|Purchase of Furniture and Fixture for Office|2055-00-104-0-01|Purchase of Furniture and Fixture for Office|V|Data|Object-Head|19.10||||100.0
76|01|05|2055|Police|00||104||0||01|KSRP, KARP and IRB|071|Building Expenses|2055-00-104-0-01|Building Expenses|V|Data|Object-Head|479.11|580.00|580.00|600.00|100.0
76|01|05|2055|Police|00||104||0||01|KSRP, KARP and IRB|195|Transport Expenses|2055-00-104-0-01|Transport Expenses|V|Data|Object-Head|1400.76|1700.00|1615.00|1495.96|100.0
76|01|05|2055|Police|00||104||0||01|KSRP, KARP and IRB|221|Materials and Supplies|2055-00-104-0-01|Materials and Supplies|V|Data|Object-Head|60.11|80.00|80.00|100.00|100.0
77|01|05|2055|Police|00||104||0||01|KSRP, KARP and IRB|234|Diet Expenses|2055-00-104-0-01|Diet Expenses|V|Data|Object-Head||200.00|600.00|300.00|100.0
77|01|05|2055|Police|00||104||0||01|KSRP, KARP and IRB||||HOA Total :|V|Total|Detailed-Head|94454.87|109087.00|109037.00|110592.23|100.0
77|01|05|2055|Police|00||104||0||07|CSS-Central Share-India Reserve Battalion(100% GoI)|||2055-00-104-0-07|CSS-Central Share-India Reserve Battalion(100% GoI)|V|Header|Detailed-Head|||||100.0
77|01|05|2055|Police|00||104||0||07|CSS-Central Share-India Reserve Battalion(100% GoI)|051|General Expenses|2055-00-104-0-07|General Expenses|V|Data|Object-Head||3458.46|3458.46|3541.54|100.0
77|01|05|2055|Police|00||104||0||07|CSS-Central Share-India Reserve Battalion(100% GoI)||||HOA Total :|V|Total|Detailed-Head|0.00|3458.46|3458.46|3541.54|100.0
77|01|05|2055|Police|00||108||0||12|Grant to Police Welfare Fund out of Bandobast Receipts|||2055-00-108-0-12|Grant to Police Welfare Fund out of Bandobast Receipts|V|Header|Detailed-Head|||||100.0
77|01|05|2055|Police|00||108||0||12|Grant to Police Welfare Fund out of Bandobast Receipts|103|Grants-in-Aid -General|2055-00-108-0-12|Grants-in-Aid -General|V|Data|Object-Head|1000.00|1000.00|1000.00|1000.00|100.0
77|01|05|2055|Police|00||108||0||12|Grant to Police Welfare Fund out of Bandobast Receipts||||HOA Total :|V|Total|Detailed-Head|1000.00|1000.00|1000.00|1000.00|100.0
77|01|05|2055|Police|00||108||0||13|Grants from Karnataka State Road Safety Fund|||2055-00-108-0-13|Grants from Karnataka State Road Safety Fund|V|Header|Detailed-Head|||||100.0
77|01|05|2055|Police|00||108||0||13|Grants from Karnataka State Road Safety Fund|051|General Expenses|2055-00-108-0-13|General Expenses|V|Data|Object-Head|7899.64||||100.0
77|01|05|2055|Police|00||108||0||13|Grants from Karnataka State Road Safety Fund||||HOA Total :|V|Total|Detailed-Head|7899.64|0.00|0.00|0.00|100.0
77|01|05|2055|Police|00||109||1||01|Police Establishment in Existing Districts|||2055-00-109-1-01|Police Establishment in Existing Districts|V|Header|Detailed-Head|||||100.0
77|01|05|2055|Police|00||109||1||01|Police Establishment in Existing Districts|002|Basic Pay|2055-00-109-1-01|Basic Pay|V|Data|Object-Head|13566.66|538312.00|538312.00|573253.00|100.0
77|01|05|2055|Police|00||109||1||01|Police Establishment in Existing Districts|003|Basic Pay-Staff|2055-00-109-1-01|Basic Pay-Staff|V|Data|Object-Head|422227.34||||100.0
77|01|05|2055|Police|00||109||1||01|Police Establishment in Existing Districts|004|Interim Relief|2055-00-109-1-01|Interim Relief|V|Data|Object-Head|25373.35||||100.0
77|01|05|2055|Police|00||109||1||01|Police Establishment in Existing Districts|011|Dearness Allowance|2055-00-109-1-01|Dearness Allowance|V|Data|Object-Head|96957.29|118793.00|118793.00|146050.00|100.0
77|01|05|2055|Police|00||109||1||01|Police Establishment in Existing Districts|014|Other Allowance|2055-00-109-1-01|Other Allowance|V|Data|Object-Head|80242.74|93374.00|93374.00|100000.00|100.0
77|01|05|2055|Police|00||109||1||01|Police Establishment in Existing Districts|015|Subsidiary Expenses|2055-00-109-1-01|Subsidiary Expenses|V|Data|Object-Head|11479.81|10417.08|15717.08|14201.00|100.0
77|01|05|2055|Police|00||109||1||01|Police Establishment in Existing Districts|020|Medical Allowance|2055-00-109-1-01|Medical Allowance|V|Data|Object-Head|3353.34||||100.0
77|01|05|2055|Police|00||109||1||01|Police Establishment in Existing Districts|021|Reimbursement of Medical Expenses|2055-00-109-1-01|Reimbursement of Medical Expenses|V|Data|Object-Head|811.66|1282.43|1282.43|1284.02|100.0
77|01|05|2055|Police|00||109||1||01|Police Establishment in Existing Districts|034|Contract/Outsource|2055-00-109-1-01|Contract/Outsource|V|Data|Object-Head|597.08|1254.50|1254.50|1210.56|100.0
77|01|05|2055|Police|00||109||1||01|Police Establishment in Existing Districts|041|Travel Expenses|2055-00-109-1-01|Travel Expenses|V|Data|Object-Head|9892.97|9400.00|9400.00|9800.00|100.0
78|01|05|2055|Police|00||109||1||01|Police Establishment in Existing Districts|050|Office Expenses|2055-00-109-1-01|Office Expenses|V|Data|Object-Head||1000.00|6000.00|8500.00|100.0
78|01|05|2055|Police|00||109||1||01|Police Establishment in Existing Districts|051|General Expenses|2055-00-109-1-01|General Expenses|V|Data|Object-Head|19661.82|17000.00|12000.00|9500.00|100.0
78|01|05|2055|Police|00||109||1||01|Police Establishment in Existing Districts|052|Telephone Charges|2055-00-109-1-01|Telephone Charges|V|Data|Object-Head|877.11||||100.0
78|01|05|2055|Police|00||109||1||01|Police Establishment in Existing Districts|071|Building Expenses|2055-00-109-1-01|Building Expenses|V|Data|Object-Head|2841.13|2750.00|2750.00|2860.00|100.0
78|01|05|2055|Police|00||109||1||01|Police Establishment in Existing Districts|180|Machinery and Equipments|2055-00-109-1-01|Machinery and Equipments|V|Data|Object-Head|200.00||||100.0
78|01|05|2055|Police|00||109||1||01|Police Establishment in Existing Districts|195|Transport Expenses|2055-00-109-1-01|Transport Expenses|V|Data|Object-Head|16962.80|20500.00|20335.00|20843.90|100.0
78|01|05|2055|Police|00||109||1||01|Police Establishment in Existing Districts|221|Materials and Supplies|2055-00-109-1-01|Materials and Supplies|V|Data|Object-Head|3799.44|5000.00|5000.00|5200.00|100.0
78|01|05|2055|Police|00||109||1||01|Police Establishment in Existing Districts|222|Drugs and Chemicals|2055-00-109-1-01|Drugs and Chemicals|V|Data|Object-Head|9.98||||100.0
78|01|05|2055|Police|00||109||1||01|Police Establishment in Existing Districts|234|Diet Expenses|2055-00-109-1-01|Diet Expenses|V|Data|Object-Head||2850.00|2850.00|3000.00|100.0
78|01|05|2055|Police|00||109||1||01|Police Establishment in Existing Districts||||HOA Total :|V|Total|Detailed-Head|708854.52|821933.01|827068.01|895702.48|100.0
78|01|05|2055|Police|00||113||0||04|Special Repairs to Police Quarters and Office Buildings|||2055-00-113-0-04|Special Repairs to Police Quarters and Office Buildings|V|Header|Detailed-Head|||||100.0
78|01|05|2055|Police|00||113||0||04|Special Repairs to Police Quarters and Office Buildings|200|Maintenance Expenditure|2055-00-113-0-04|Maintenance Expenditure|V|Data|Object-Head|3198.99|3300.00|3300.00|3400.00|100.0
78|01|05|2055|Police|00||113||0||04|Special Repairs to Police Quarters and Office Buildings||||HOA Total :|V|Total|Detailed-Head|3198.99|3300.00|3300.00|3400.00|100.0
78|01|05|2055|Police|00||113||0||06|Aarogya Bhagya Scheme for Police Forces|||2055-00-113-0-06|Aarogya Bhagya Scheme for Police Forces|V|Header|Detailed-Head|||||100.0
78|01|05|2055|Police|00||113||0||06|Aarogya Bhagya Scheme for Police Forces|021|Reimbursement of Medical Expenses|2055-00-113-0-06|Reimbursement of Medical Expenses|V|Data|Object-Head|9998.62|10000.00|10000.00|10400.00|100.0
78|01|05|2055|Police|00||113||0||06|Aarogya Bhagya Scheme for Police Forces||||HOA Total :|V|Total|Detailed-Head|9998.62|10000.00|10000.00|10400.00|100.0
78|01|05|2055|Police|00||114||0||01|Computer Infrastructure Facilities and CCTNS|||2055-00-114-0-01|Computer Infrastructure Facilities and CCTNS|V|Header|Detailed-Head|||||100.0
78|01|05|2055|Police|00||114||0||01|Computer Infrastructure Facilities and CCTNS|051|General Expenses|2055-00-114-0-01|General Expenses|V|Data|Object-Head|1580.58|1650.00|1650.00|1650.00|100.0
78|01|05|2055|Police|00||114||0||01|Computer Infrastructure Facilities and CCTNS|200|Maintenance Expenditure|2055-00-114-0-01|Maintenance Expenditure|V|Data|Object-Head|250.00|100.00|100.00|100.00|100.0
78|01|05|2055|Police|00||114||0||01|Computer Infrastructure Facilities and CCTNS||||HOA Total :|V|Total|Detailed-Head|1830.58|1750.00|1750.00|1750.00|100.0
79|01|05|2055|Police|00||115||0||01|CSS-Central Share-Modernisation of Police Force|||2055-00-115-0-01|CSS-Central Share-Modernisation of Police Force|V|Header|Detailed-Head|||||100.0
79|01|05|2055|Police|00||115||0||01|CSS-Central Share-Modernisation of Police Force|125|Modernisation|2055-00-115-0-01|Modernisation|V|Data|Object-Head|1062.00||||100.0
79|01|05|2055|Police|00||115||0||01|CSS-Central Share-Modernisation of Police Force||||HOA Total :|V|Total|Detailed-Head|1062.00|0.00|0.00|0.00|100.0
79|01|05|2055|Police|00||115||0||02|CSS-State Share-Modernisation of Police Force|||2055-00-115-0-02|CSS-State Share-Modernisation of Police Force|V|Header|Detailed-Head|||||100.0
79|01|05|2055|Police|00||115||0||02|CSS-State Share-Modernisation of Police Force|125|Modernisation|2055-00-115-0-02|Modernisation|V|Data|Object-Head|708.00||||100.0
79|01|05|2055|Police|00||115||0||02|CSS-State Share-Modernisation of Police Force||||HOA Total :|V|Total|Detailed-Head|708.00|0.00|0.00|0.00|100.0
79|01|05|2055|Police|00||116||0||01|Forensic Science Laboratory, Bangalore|||2055-00-116-0-01|Forensic Science Laboratory, Bangalore|V|Header|Detailed-Head|||||100.0
79|01|05|2055|Police|00||116||0||01|Forensic Science Laboratory, Bangalore|002|Basic Pay|2055-00-116-0-01|Basic Pay|V|Data|Object-Head|2102.01|5022.00|5022.00|5070.00|100.0
79|01|05|2055|Police|00||116||0||01|Forensic Science Laboratory, Bangalore|003|Basic Pay-Staff|2055-00-116-0-01|Basic Pay-Staff|V|Data|Object-Head|1857.30||||100.0
79|01|05|2055|Police|00||116||0||01|Forensic Science Laboratory, Bangalore|004|Interim Relief|2055-00-116-0-01|Interim Relief|V|Data|Object-Head|240.18||||100.0
79|01|05|2055|Police|00||116||0||01|Forensic Science Laboratory, Bangalore|011|Dearness Allowance|2055-00-116-0-01|Dearness Allowance|V|Data|Object-Head|904.93|1117.00|1117.00|1281.00|100.0
79|01|05|2055|Police|00||116||0||01|Forensic Science Laboratory, Bangalore|014|Other Allowance|2055-00-116-0-01|Other Allowance|V|Data|Object-Head|723.50|893.00|893.00|861.00|100.0
79|01|05|2055|Police|00||116||0||01|Forensic Science Laboratory, Bangalore|015|Subsidiary Expenses|2055-00-116-0-01|Subsidiary Expenses|V|Data|Object-Head|84.77|129.54|94.54|149.00|100.0
79|01|05|2055|Police|00||116||0||01|Forensic Science Laboratory, Bangalore|020|Medical Allowance|2055-00-116-0-01|Medical Allowance|V|Data|Object-Head|14.25||||100.0
79|01|05|2055|Police|00||116||0||01|Forensic Science Laboratory, Bangalore|021|Reimbursement of Medical Expenses|2055-00-116-0-01|Reimbursement of Medical Expenses|V|Data|Object-Head|3.93|7.00|7.00|8.12|100.0
79|01|05|2055|Police|00||116||0||01|Forensic Science Laboratory, Bangalore|034|Contract/Outsource|2055-00-116-0-01|Contract/Outsource|V|Data|Object-Head|55.96|371.67|127.67|137.76|100.0
79|01|05|2055|Police|00||116||0||01|Forensic Science Laboratory, Bangalore|041|Travel Expenses|2055-00-116-0-01|Travel Expenses|V|Data|Object-Head|24.29|5.00|5.00|20.00|100.0
79|01|05|2055|Police|00||116||0||01|Forensic Science Laboratory, Bangalore|050|Office Expenses|2055-00-116-0-01|Office Expenses|V|Data|Object-Head||2.50|2.50|100.00|100.0
79|01|05|2055|Police|00||116||0||01|Forensic Science Laboratory, Bangalore|051|General Expenses|2055-00-116-0-01|General Expenses|V|Data|Object-Head|545.11|500.00|744.00|400.00|100.0
79|01|05|2055|Police|00||116||0||01|Forensic Science Laboratory, Bangalore|052|Telephone Charges|2055-00-116-0-01|Telephone Charges|V|Data|Object-Head|2.23||||100.0
79|01|05|2055|Police|00||116||0||01|Forensic Science Laboratory, Bangalore|071|Building Expenses|2055-00-116-0-01|Building Expenses|V|Data|Object-Head|168.89|160.00|160.00|166.00|100.0
79|01|05|2055|Police|00||116||0||01|Forensic Science Laboratory, Bangalore|180|Machinery and Equipments|2055-00-116-0-01|Machinery and Equipments|V|Data|Object-Head|1099.54||||100.0
79|01|05|2055|Police|00||116||0||01|Forensic Science Laboratory, Bangalore|195|Transport Expenses|2055-00-116-0-01|Transport Expenses|V|Data|Object-Head|64.92|21.00|21.00|146.07|100.0
80|01|05|2055|Police|00||116|Forensic Science Laboratory, Bangalore|0||01|Forensic Science Laboratory, Bangalore|221|Materials and Supplies|2055-00-116-0-01|Materials and Supplies|V|Data|Object-Head||50.00|50.00|50.00|100.0
80|01|05|2055|Police|00||116|Forensic Science Laboratory, Bangalore|0||01|Forensic Science Laboratory, Bangalore||||HOA Total :|V|Total|Detailed-Head|7891.81|8278.71|8243.71|8388.95|100.0
80|01|05|2055|Police|00||116|Forensic Science Laboratory, Bangalore|0||03|Setting up of Cyber Forensic Lab cum Training Centre towards implementation of CCPWC and other facilities under Nirbhaya Fund|||2055-00-116-0-03|Setting up of Cyber Forensic Lab cum Training Centre towards implementation of CCPWC and other facilities under Nirbhaya Fund|V|Header|Detailed-Head|||||100.0
80|01|05|2055|Police|00||116|Forensic Science Laboratory, Bangalore|0||03|Setting up of Cyber Forensic Lab cum Training Centre towards implementation of CCPWC and other facilities under Nirbhaya Fund|051|General Expenses|2055-00-116-0-03|General Expenses|V|Data|Object-Head||1.00|1.00|1.00|100.0
80|01|05|2055|Police|00||116|Forensic Science Laboratory, Bangalore|0||03|Setting up of Cyber Forensic Lab cum Training Centre towards implementation of CCPWC and other facilities under Nirbhaya Fund||||HOA Total :|V|Total|Detailed-Head|0.00|1.00|1.00|1.00|100.0
80|01|05|2055|Police|00||116|Forensic Science Laboratory, Bangalore|0||04|CSS-Central Share -Safe City Project|||2055-00-116-0-04|CSS-Central Share -Safe City Project|V|Header|Detailed-Head|||||100.0
80|01|05|2055|Police|00||116|Forensic Science Laboratory, Bangalore|0||04|CSS-Central Share -Safe City Project|051|General Expenses|2055-00-116-0-04|General Expenses|V|Data|Object-Head|2500.00|3000.00|3835.00|1079.00|100.0
80|01|05|2055|Police|00||116|Forensic Science Laboratory, Bangalore|0||04|CSS-Central Share -Safe City Project||||HOA Total :|V|Total|Detailed-Head|2500.00|3000.00|3835.00|1079.00|100.0
80|01|05|2055|Police|00||116|Forensic Science Laboratory, Bangalore|0||05|CSS-State Share -Safe City Project|||2055-00-116-0-05|CSS-State Share -Safe City Project|V|Header|Detailed-Head|||||100.0
80|01|05|2055|Police|00||116|Forensic Science Laboratory, Bangalore|0||05|CSS-State Share -Safe City Project|051|General Expenses|2055-00-116-0-05|General Expenses|V|Data|Object-Head|1648.00|2000.00|2556.67|739.00|100.0
80|01|05|2055|Police|00||116|Forensic Science Laboratory, Bangalore|0||05|CSS-State Share -Safe City Project||||HOA Total :|V|Total|Detailed-Head|1648.00|2000.00|2556.67|739.00|100.0
80|01|05|2055|Police|00||118|Coastal Security|0||01|KSISF-ISD-Coastal Security|||2055-00-118-0-01|KSISF-ISD-Coastal Security|V|Header|Detailed-Head|||||100.0
80|01|05|2055|Police|00||118|Coastal Security|0||01|KSISF-ISD-Coastal Security|002|Basic Pay|2055-00-118-0-01|Basic Pay|V|Data|Object-Head|1296.39|18985.00|18985.00|19538.00|100.0
80|01|05|2055|Police|00||118|Coastal Security|0||01|KSISF-ISD-Coastal Security|003|Basic Pay-Staff|2055-00-118-0-01|Basic Pay-Staff|V|Data|Object-Head|13700.78||||100.0
80|01|05|2055|Police|00||118|Coastal Security|0||01|KSISF-ISD-Coastal Security|004|Interim Relief|2055-00-118-0-01|Interim Relief|V|Data|Object-Head|875.92||||100.0
80|01|05|2055|Police|00||118|Coastal Security|0||01|KSISF-ISD-Coastal Security|011|Dearness Allowance|2055-00-118-0-01|Dearness Allowance|V|Data|Object-Head|3423.23|4246.00|4246.00|5025.00|100.0
80|01|05|2055|Police|00||118|Coastal Security|0||01|KSISF-ISD-Coastal Security|014|Other Allowance|2055-00-118-0-01|Other Allowance|V|Data|Object-Head|3683.58|4320.00|4320.00|4415.00|100.0
80|01|05|2055|Police|00||118|Coastal Security|0||01|KSISF-ISD-Coastal Security|015|Subsidiary Expenses|2055-00-118-0-01|Subsidiary Expenses|V|Data|Object-Head|133.23|205.32|155.32|205.00|100.0
80|01|05|2055|Police|00||118|Coastal Security|0||01|KSISF-ISD-Coastal Security|020|Medical Allowance|2055-00-118-0-01|Medical Allowance|V|Data|Object-Head|119.26||||100.0
80|01|05|2055|Police|00||118|Coastal Security|0||01|KSISF-ISD-Coastal Security|021|Reimbursement of Medical Expenses|2055-00-118-0-01|Reimbursement of Medical Expenses|V|Data|Object-Head|27.63|51.77|51.77|53.88|100.0
81|01|05|2055|Police|00||118|Coastal Security|0||01|KSISF-ISD-Coastal Security|034|Contract/Outsource|2055-00-118-0-01|Contract/Outsource|V|Data|Object-Head||||38.79|100.0
81|01|05|2055|Police|00||118|Coastal Security|0||01|KSISF-ISD-Coastal Security|041|Travel Expenses|2055-00-118-0-01|Travel Expenses|V|Data|Object-Head|151.00|78.00|168.00|100.00|100.0
81|01|05|2055|Police|00||118|Coastal Security|0||01|KSISF-ISD-Coastal Security|050|Office Expenses|2055-00-118-0-01|Office Expenses|V|Data|Object-Head||23.00|23.00|250.00|100.0
81|01|05|2055|Police|00||118|Coastal Security|0||01|KSISF-ISD-Coastal Security|051|General Expenses|2055-00-118-0-01|General Expenses|V|Data|Object-Head|349.93|700.00|760.00|270.00|100.0
81|01|05|2055|Police|00||118|Coastal Security|0||01|KSISF-ISD-Coastal Security|052|Telephone Charges|2055-00-118-0-01|Telephone Charges|V|Data|Object-Head|10.78||||100.0
81|01|05|2055|Police|00||118|Coastal Security|0||01|KSISF-ISD-Coastal Security|053|Purchase of Furniture and Fixture for Office|2055-00-118-0-01|Purchase of Furniture and Fixture for Office|V|Data|Object-Head|9.43||||100.0
81|01|05|2055|Police|00||118|Coastal Security|0||01|KSISF-ISD-Coastal Security|071|Building Expenses|2055-00-118-0-01|Building Expenses|V|Data|Object-Head|39.58|52.00|52.00|52.00|100.0
81|01|05|2055|Police|00||118|Coastal Security|0||01|KSISF-ISD-Coastal Security|195|Transport Expenses|2055-00-118-0-01|Transport Expenses|V|Data|Object-Head|339.94|300.00|300.00|488.51|100.0
81|01|05|2055|Police|00||118|Coastal Security|0||01|KSISF-ISD-Coastal Security|221|Materials and Supplies|2055-00-118-0-01|Materials and Supplies|V|Data|Object-Head|35.99|30.00|30.00|30.00|100.0
81|01|05|2055|Police|00||118|Coastal Security|0||01|KSISF-ISD-Coastal Security|234|Diet Expenses|2055-00-118-0-01|Diet Expenses|V|Data|Object-Head||100.00|100.00|100.00|100.0
81|01|05|2055|Police|00||118|Coastal Security|0||01|KSISF-ISD-Coastal Security||||HOA Total :|V|Total|Detailed-Head|24196.67|29091.09|29191.09|30566.18|100.0
81|01|05|2055|Police|00||797|Transfers to Reserve Funds and Deposit Accounts|0||01|Transfers to Karnataka State Road Safety Fund|||2055-00-797-0-01|Transfers to Karnataka State Road Safety Fund|V|Header|Detailed-Head|||||100.0
81|01|05|2055|Police|00||797|Transfers to Reserve Funds and Deposit Accounts|0||01|Transfers to Karnataka State Road Safety Fund|261|Inter Account Transfers|2055-00-797-0-01|Inter Account Transfers|V|Data|Object-Head|9645.70|15000.00||18000.00|100.0
81|01|05|2055|Police|00||797|Transfers to Reserve Funds and Deposit Accounts|0||01|Transfers to Karnataka State Road Safety Fund||||HOA Total :|V|Total|Detailed-Head|9645.70|15000.00|0.00|18000.00|100.0
81|01|05|2055|Police|00||902|Deduct - Amount met from Reserve Funds and Deposit Accounts|0||01|Deduct - Amount met from Karnataka State Road Safety Fund|||2055-00-902-0-01|Deduct - Amount met from Karnataka State Road Safety Fund|V|Header|Detailed-Head|||||100.0
81|01|05|2055|Police|00||902|Deduct - Amount met from Reserve Funds and Deposit Accounts|0||01|Deduct - Amount met from Karnataka State Road Safety Fund|261|Inter Account Transfers|2055-00-902-0-01|Inter Account Transfers|V|Data|Object-Head|-7899.64||||100.0
81|01|05|2055|Police|00||902|Deduct - Amount met from Reserve Funds and Deposit Accounts|0||01|Deduct - Amount met from Karnataka State Road Safety Fund||||HOA Total :|V|Total|Detailed-Head|-7899.64|0.00|0.00|0.00|100.0
81|01|05|2055|Police|00||911|Deduct Recoveries of Overpayments|0||00|Deduct Recoveries of Over Payment|||2055-00-911-0-00|Deduct Recoveries of Over Payment|V|Header|Detailed-Head|||||100.0
81|01|05|2055|Police|00||911|Deduct Recoveries of Overpayments|0||00|Deduct Recoveries of Over Payment|364|Deduct - Recoveries|2055-00-911-0-00|Deduct - Recoveries|V|Data|Object-Head|-3.03||||100.0
81|01|05|2055|Police|00||911|Deduct Recoveries of Overpayments|0||00|Deduct Recoveries of Over Payment||||HOA Total :|V|Total|Detailed-Head|-3.03|0.00|0.00|0.00|100.0
81|01|05|2055|Police|00||911|Deduct Recoveries of Overpayments|0||01|Deduct Recovery of Overpayments|||2055-00-911-0-01|Deduct Recovery of Overpayments|V|Header|Detailed-Head|||||100.0
81|01|05|2055|Police|00||911|Deduct Recoveries of Overpayments|0||01|Deduct Recovery of Overpayments|364|Deduct - Recoveries|2055-00-911-0-01|Deduct - Recoveries|V|Data|Object-Head|-847.06||||100.0
81|01|05|2055|Police|00||911|Deduct Recoveries of Overpayments|0||01|Deduct Recovery of Overpayments||||HOA Total :|V|Total|Detailed-Head|-847.06|0.00|0.00|0.00|100.0
82|01|05|2055|Police|00||911|Deduct Recoveries of Overpayments|0||02|Deduct Recovery of Overpayments|||2055-00-911-0-02|Deduct Recovery of Overpayments|V|Header|Detailed-Head|||||100.0
82|01|05|2055|Police|00||911|Deduct Recoveries of Overpayments|0||02|Deduct Recovery of Overpayments|364|Deduct - Recoveries|2055-00-911-0-02|Deduct - Recoveries|V|Data|Object-Head|-15.12||||100.0
82|01|05|2055|Police|00||911|Deduct Recoveries of Overpayments|0||02|Deduct Recovery of Overpayments||||HOA Total :|V|Total|Detailed-Head|-15.12|0.00|0.00|0.00|100.0
82|01|05|2055|Police|00|||||||||||2055 - Total :|V|Total|Major-Head|911606.08|1101107.12|1086767.99|1209441.94|
83|01|05|2056|Jails|00||001|Direction and Administration|0||01|Inspector General of Prisons||||2056-00-001-0-01|Inspector General of Prisons.|Header|Detailed-Head|||||100.0
83|01|05|2056|Jails|00||001|Direction and Administration|0||01|Inspector General of Prisons|002|Basic Pay|2056-00-001-0-01|Basic Pay||Data|Object-Head|127.35|681.00|681.00|773.00|100.0
83|01|05|2056|Jails|00||001|Direction and Administration|0||01|Inspector General of Prisons|003|Basic Pay-Staff|2056-00-001-0-01|Basic Pay-Staff||Data|Object-Head|444.73||||100.0
83|01|05|2056|Jails|00||001|Direction and Administration|0||01|Inspector General of Prisons|004|Interim Relief|2056-00-001-0-01|Interim Relief||Data|Object-Head|30.50||||100.0
83|01|05|2056|Jails|00||001|Direction and Administration|0||01|Inspector General of Prisons|011|Dearness Allowance|2056-00-001-0-01|Dearness Allowance||Data|Object-Head|136.57|160.00|160.00|212.00|100.0
83|01|05|2056|Jails|00||001|Direction and Administration|0||01|Inspector General of Prisons|014|Other Allowance|2056-00-001-0-01|Other Allowance||Data|Object-Head|138.44|162.00|162.00|167.00|100.0
83|01|05|2056|Jails|00||001|Direction and Administration|0||01|Inspector General of Prisons|015|Subsidiary Expenses|2056-00-001-0-01|Subsidiary Expenses||Data|Object-Head|2.08|27.64|27.64|17.64|100.0
83|01|05|2056|Jails|00||001|Direction and Administration|0||01|Inspector General of Prisons|020|Medical Allowance|2056-00-001-0-01|Medical Allowance||Data|Object-Head|3.57||||100.0
83|01|05|2056|Jails|00||001|Direction and Administration|0||01|Inspector General of Prisons|021|Reimbursement of Medical Expenses|2056-00-001-0-01|Reimbursement of Medical Expenses||Data|Object-Head|4.17|15.00|15.00|15.00|100.0
83|01|05|2056|Jails|00||001|Direction and Administration|0||01|Inspector General of Prisons|034|Contract/Outsource|2056-00-001-0-01|Contract/Outsource||Data|Object-Head|35.49|27.57|27.57|21.84|100.0
83|01|05|2056|Jails|00||001|Direction and Administration|0||01|Inspector General of Prisons|041|Travel Expenses|2056-00-001-0-01|Travel Expenses||Data|Object-Head|4.79|5.00|5.00|5.00|100.0
83|01|05|2056|Jails|00||001|Direction and Administration|0||01|Inspector General of Prisons|050|Office Expenses|2056-00-001-0-01|Office Expenses||Data|Object-Head||6.00|6.00|100.00|100.0
83|01|05|2056|Jails|00||001|Direction and Administration|0||01|Inspector General of Prisons|051|General Expenses|2056-00-001-0-01|General Expenses||Data|Object-Head|149.99|150.00|150.00|60.00|100.0
83|01|05|2056|Jails|00||001|Direction and Administration|0||01|Inspector General of Prisons|052|Telephone Charges|2056-00-001-0-01|Telephone Charges||Data|Object-Head|4.76||||100.0
83|01|05|2056|Jails|00||001|Direction and Administration|0||01|Inspector General of Prisons|071|Building Expenses|2056-00-001-0-01|Building Expenses||Data|Object-Head|12.09|15.00|15.00|15.00|100.0
83|01|05|2056|Jails|00||001|Direction and Administration|0||01|Inspector General of Prisons|131|Secret Service Expenses|2056-00-001-0-01|Secret Service Expenses||Data|Object-Head|149.00|100.00|100.00|100.00|100.0
83|01|05|2056|Jails|00||001|Direction and Administration|0||01|Inspector General of Prisons|195|Transport Expenses|2056-00-001-0-01|Transport Expenses||Data|Object-Head|62.93|75.00|75.00|47.87|100.0
83|01|05|2056|Jails|00||001|Direction and Administration|0||01|Inspector General of Prisons|||||HOA Total :|Total|Detailed-Head|1306.46|1424.21|1424.21|1534.35|100.0
83|01|05|2056|Jails|00||001|Direction and Administration|0||03|Share on Account of Regional Training Institute for South Zone||||2056-00-001-0-03|Share on Account of Regional Training Institute for South Zone|Header|Detailed-Head|||||100.0
83|01|05|2056|Jails|00||001|Direction and Administration|0||03|Share on Account of Regional Training Institute for South Zone|104|Contributions|2056-00-001-0-03|Contributions||Data|Object-Head|100.00|100.00|100.00|75.00|100.0
83|01|05|2056|Jails|00||001|Direction and Administration|0||03|Share on Account of Regional Training Institute for South Zone|||||HOA Total :|Total|Detailed-Head|100.00|100.00|100.00|75.00|100.0
83|01|05|2056|Jails|00||101|Prisons and Correctional Services|0||01|Prisons and Correctional Services||||2056-00-101-0-01|Prisons and Correctional Services|Header|Detailed-Head|||||100.0
83|01|05|2056|Jails|00||101|Prisons and Correctional Services|0||01|Prisons and Correctional Services|002|Basic Pay|2056-00-101-0-01|Basic Pay||Data|Object-Head|413.88|19407.00|19407.00|19745.00|100.0
83|01|05|2056|Jails|00||101|Prisons and Correctional Services|0||01|Prisons and Correctional Services|003|Basic Pay-Staff|2056-00-101-0-01|Basic Pay-Staff||Data|Object-Head|15074.60||||100.0
83|01|05|2056|Jails|00||101|Prisons and Correctional Services|0||01|Prisons and Correctional Services|004|Interim Relief|2056-00-101-0-01|Interim Relief||Data|Object-Head|909.46||||100.0
83|01|05|2056|Jails|00||101|Prisons and Correctional Services|0||01|Prisons and Correctional Services|011|Dearness Allowance|2056-00-101-0-01|Dearness Allowance||Data|Object-Head|3425.12|4270.00|4270.00|5012.00|100.0
84|01|05|2056|Jails|00||101|Prisons and Correctional Services|0||01|Prisons and Correctional Services|014|Other Allowance|2056-00-101-0-01|Other Allowance||Data|Object-Head|2258.64|2875.00|2875.00|2900.00|100.0
84|01|05|2056|Jails|00||101|Prisons and Correctional Services|0||01|Prisons and Correctional Services|015|Subsidiary Expenses|2056-00-101-0-01|Subsidiary Expenses||Data|Object-Head|339.88|555.36|555.36|555.36|100.0
84|01|05|2056|Jails|00||101|Prisons and Correctional Services|0||01|Prisons and Correctional Services|020|Medical Allowance|2056-00-101-0-01|Medical Allowance||Data|Object-Head|126.69||||100.0
84|01|05|2056|Jails|00||101|Prisons and Correctional Services|0||01|Prisons and Correctional Services|021|Reimbursement of Medical Expenses|2056-00-101-0-01|Reimbursement of Medical Expenses||Data|Object-Head|220.93|217.00|217.00|213.00|100.0
84|01|05|2056|Jails|00||101|Prisons and Correctional Services|0||01|Prisons and Correctional Services|034|Contract/Outsource|2056-00-101-0-01|Contract/Outsource||Data|Object-Head|26.83|19.19|19.19|187.97|100.0
84|01|05|2056|Jails|00||101|Prisons and Correctional Services|0||01|Prisons and Correctional Services|041|Travel Expenses|2056-00-101-0-01|Travel Expenses||Data|Object-Head|64.49|20.00|20.00|25.00|100.0
84|01|05|2056|Jails|00||101|Prisons and Correctional Services|0||01|Prisons and Correctional Services|050|Office Expenses|2056-00-101-0-01|Office Expenses||Data|Object-Head||16.00|16.00|500.00|100.0
84|01|05|2056|Jails|00||101|Prisons and Correctional Services|0||01|Prisons and Correctional Services|051|General Expenses|2056-00-101-0-01|General Expenses||Data|Object-Head|1317.59|1000.00|1000.00|500.00|100.0
84|01|05|2056|Jails|00||101|Prisons and Correctional Services|0||01|Prisons and Correctional Services|052|Telephone Charges|2056-00-101-0-01|Telephone Charges||Data|Object-Head|24.58||||100.0
84|01|05|2056|Jails|00||101|Prisons and Correctional Services|0||01|Prisons and Correctional Services|071|Building Expenses|2056-00-101-0-01|Building Expenses||Data|Object-Head|1157.52|1400.00|1400.00|1400.00|100.0
84|01|05|2056|Jails|00||101|Prisons and Correctional Services|0||01|Prisons and Correctional Services|103|Grants-in-Aid -General|2056-00-101-0-01|Grants-in-Aid -General||Data|Object-Head|9.00|9.00|9.00|10.00|100.0
84|01|05|2056|Jails|00||101|Prisons and Correctional Services|0||01|Prisons and Correctional Services|180|Machinery and Equipments|2056-00-101-0-01|Machinery and Equipments||Data|Object-Head|499.98||||100.0
84|01|05|2056|Jails|00||101|Prisons and Correctional Services|0||01|Prisons and Correctional Services|195|Transport Expenses|2056-00-101-0-01|Transport Expenses||Data|Object-Head|91.94|271.00|271.00|244.75|100.0
84|01|05|2056|Jails|00||101|Prisons and Correctional Services|0||01|Prisons and Correctional Services|200|Maintenance Expenditure|2056-00-101-0-01|Maintenance Expenditure||Data|Object-Head|1058.98|1000.00|1000.00|1000.00|100.0
84|01|05|2056|Jails|00||101|Prisons and Correctional Services|0||01|Prisons and Correctional Services|234|Diet Expenses|2056-00-101-0-01|Diet Expenses||Data|Object-Head|4810.00|4500.00|4500.00|4500.00|100.0
84|01|05|2056|Jails|00||101|Prisons and Correctional Services|0||01|Prisons and Correctional Services|||||HOA Total :|Total|Detailed-Head|31830.11|35559.55|35559.55|36793.08|100.0
84|01|05|2056|Jails|00||101|Prisons and Correctional Services|0||06|Compensation on unnatural death of prisoners in State Prisons||||2056-00-101-0-06|Compensation on unnatural death of prisoners in State Prisons|Header|Detailed-Head|||||100.0
84|01|05|2056|Jails|00||101|Prisons and Correctional Services|0||06|Compensation on unnatural death of prisoners in State Prisons|100|Financial Assistance/Relief|2056-00-101-0-06|Financial Assistance/Relief||Data|Object-Head|74.73|100.00|100.00|300.00|100.0
84|01|05|2056|Jails|00||101|Prisons and Correctional Services|0||06|Compensation on unnatural death of prisoners in State Prisons|||||HOA Total :|Total|Detailed-Head|74.73|100.00|100.00|300.00|100.0
84|01|05|2056|Jails|00||102|Jail Manufacturing Unit|0||01|Jail Manufacturing Unit (Establishment and Administration)||||2056-00-102-0-01|Jail Manufacturing Unit (Establishment and Administration)|Header|Detailed-Head|||||100.0
84|01|05|2056|Jails|00||102|Jail Manufacturing Unit|0||01|Jail Manufacturing Unit (Establishment and Administration)|002|Basic Pay|2056-00-102-0-01|Basic Pay||Data|Object-Head||164.00|164.00|170.00|100.0
84|01|05|2056|Jails|00||102|Jail Manufacturing Unit|0||01|Jail Manufacturing Unit (Establishment and Administration)|003|Basic Pay-Staff|2056-00-102-0-01|Basic Pay-Staff||Data|Object-Head|142.24||||100.0
84|01|05|2056|Jails|00||102|Jail Manufacturing Unit|0||01|Jail Manufacturing Unit (Establishment and Administration)|004|Interim Relief|2056-00-102-0-01|Interim Relief||Data|Object-Head|7.63||||100.0
84|01|05|2056|Jails|00||102|Jail Manufacturing Unit|0||01|Jail Manufacturing Unit (Establishment and Administration)|011|Dearness Allowance|2056-00-102-0-01|Dearness Allowance||Data|Object-Head|30.39|37.00|37.00|43.00|100.0
84|01|05|2056|Jails|00||102|Jail Manufacturing Unit|0||01|Jail Manufacturing Unit (Establishment and Administration)|014|Other Allowance|2056-00-102-0-01|Other Allowance||Data|Object-Head|18.02|23.00|23.00|23.00|100.0
85|01|05|2056|Jails|00||102|Jail Manufacturing Unit|0||01|Jail Manufacturing Unit (Establishment and Administration)|015|Subsidiary Expenses|2056-00-102-0-01|Subsidiary Expenses||Data|Object-Head|810.00|800.00|2550.00|2500.00|100.0
85|01|05|2056|Jails|00||102|Jail Manufacturing Unit|0||01|Jail Manufacturing Unit (Establishment and Administration)|020|Medical Allowance|2056-00-102-0-01|Medical Allowance||Data|Object-Head|0.95||||100.0
85|01|05|2056|Jails|00||102|Jail Manufacturing Unit|0||01|Jail Manufacturing Unit (Establishment and Administration)|021|Reimbursement of Medical Expenses|2056-00-102-0-01|Reimbursement of Medical Expenses||Data|Object-Head|1.51|12.00|12.00|12.00|100.0
85|01|05|2056|Jails|00||102|Jail Manufacturing Unit|0||01|Jail Manufacturing Unit (Establishment and Administration)|041|Travel Expenses|2056-00-102-0-01|Travel Expenses||Data|Object-Head|0.28|1.00|1.00|1.00|100.0
85|01|05|2056|Jails|00||102|Jail Manufacturing Unit|0||01|Jail Manufacturing Unit (Establishment and Administration)|051|General Expenses|2056-00-102-0-01|General Expenses||Data|Object-Head|1.97|2.00|2.00|2.00|100.0
85|01|05|2056|Jails|00||102|Jail Manufacturing Unit|0||01|Jail Manufacturing Unit (Establishment and Administration)|071|Building Expenses|2056-00-102-0-01|Building Expenses||Data|Object-Head|0.48|2.00|2.00|2.00|100.0
85|01|05|2056|Jails|00||102|Jail Manufacturing Unit|0||01|Jail Manufacturing Unit (Establishment and Administration)|180|Machinery and Equipments|2056-00-102-0-01|Machinery and Equipments||Data|Object-Head|99.98||||100.0
85|01|05|2056|Jails|00||102|Jail Manufacturing Unit|0||01|Jail Manufacturing Unit (Establishment and Administration)|221|Materials and Supplies|2056-00-102-0-01|Materials and Supplies||Data|Object-Head|294.70|200.00|200.00|200.00|100.0
85|01|05|2056|Jails|00||102|Jail Manufacturing Unit|0||01|Jail Manufacturing Unit (Establishment and Administration)||||HOA Total :||Total|Detailed-Head|1408.15|1241.00|2991.00|2953.00|100.0
85|01|05|2056|Jails|00||911|Deduct Recoveries of Over Payment|0||00|Deduct Recoveries of Over Payment|||2056-00-911-0-00|Deduct Recoveries of Over Payment||Header|Detailed-Head|||||100.0
85|01|05|2056|Jails|00||911|Deduct Recoveries of Over Payment|0||00|Deduct Recoveries of Over Payment|364|Deduct - Recoveries|2056-00-911-0-00|Deduct - Recoveries||Data|Object-Head|-0.18||||100.0
85|01|05|2056|Jails|00||911|Deduct Recoveries of Over Payment|0||00|Deduct Recoveries of Over Payment||||HOA Total :||Total|Detailed-Head|-0.18|0.00|0.00|0.00|100.0
85|01|05|2056|Jails|00||911|Deduct Recoveries of Over Payment|0||01|Deduct Recovery of Over Payments of Current Year|||2056-00-911-0-01|Deduct Recovery of Over Payments of Current Year||Header|Detailed-Head|||||100.0
85|01|05|2056|Jails|00||911|Deduct Recoveries of Over Payment|0||01|Deduct Recovery of Over Payments of Current Year|364|Deduct - Recoveries|2056-00-911-0-01|Deduct - Recoveries||Data|Object-Head|-6.32||||100.0
85|01|05|2056|Jails|00||911|Deduct Recoveries of Over Payment|0||01|Deduct Recovery of Over Payments of Current Year||||HOA Total :||Total|Detailed-Head|-6.32|0.00|0.00|0.00|100.0
85|01|05|2056|Jails|00|||||||||||2056 - Total :||Total|Major-Head|34712.95|38424.76|40174.76|41655.43|
86|01|05|2059|Public Works|80||051||0||08|Maintenance of Prisons|||2059-80-051-0-08|Maintenance of Prisons||Header|Detailed-Head|||||100.0
86|01|05|2059|Public Works|80||051||0||08|Maintenance of Prisons|200|Maintenance Expenditure|2059-80-051-0-08|Maintenance Expenditure||Data|Object-Head|595.20|430.00|430.00|700.00|100.0
86|01|05|2059|Public Works|80||051||0||08|Maintenance of Prisons||||HOA Total :||Total|Detailed-Head|595.20|430.00|430.00|700.00|100.0
86|01|05|2059|Public Works|80|||||||||||2059 - Total :||Total|Major-Head|595.20|430.00|430.00|700.00|
87|1|05|2070|Other Administrative Services|00||||||||||2070|Other Administrative Services||Header|Major-Head|||||
87|1|05|2070|Other Administrative Services|00||105|Other Commissions of Enquiry|0||02|Other Commissions of Enquiry|||2070-00-105-0-02|Other Commissions of Enquiry||Header|Detailed-Head|||||100.0
87|1|05|2070|Other Administrative Services|00||105|Other Commissions of Enquiry|0||02|Other Commissions of Enquiry|059|Other Expenses|2070-00-105-0-02|Other Expenses||Data|Object-Head|19.53|1.00|1.00|1.00|100.0
87|1|05|2070|Other Administrative Services|00||105|Other Commissions of Enquiry|0||02|Other Commissions of Enquiry||||HOA Total :||Total|Detailed-Head|19.53|1.00|1.00|1.00|100.0
87|1|05|2070|Other Administrative Services|00||106|Directorate of Civil Defence|0||01|Directorate of Civil Defence|||2070-00-106-0-01|Directorate of Civil Defence||Header|Detailed-Head|||||100.0
87|1|05|2070|Other Administrative Services|00||106|Directorate of Civil Defence|0||01|Directorate of Civil Defence|051|General Expenses|2070-00-106-0-01|General Expenses||Data|Object-Head|0.98|1.00|1.00|1.00|100.0
87|1|05|2070|Other Administrative Services|00||106|Directorate of Civil Defence|0||01|Directorate of Civil Defence||||HOA Total :||Total|Detailed-Head|0.98|1.00|1.00|1.00|100.0
87|1|05|2070|Other Administrative Services|00||107|Directorate of Home Guards and Civil Defence|0||01|Directorate of Home Guards and Civil Defence|||2070-00-107-0-01|Directorate of Home Guards and Civil Defence||Header|Detailed-Head|||||100.0
87|1|05|2070|Other Administrative Services|00||107|Directorate of Home Guards and Civil Defence|0||01|Directorate of Home Guards and Civil Defence|002|Basic Pay|2070-00-107-0-01|Basic Pay||Data|Object-Head|201.27|1605.00|1605.00|1677.00|100.0
87|1|05|2070|Other Administrative Services|00||107|Directorate of Home Guards and Civil Defence|0||01|Directorate of Home Guards and Civil Defence|003|Basic Pay-Staff|2070-00-107-0-01|Basic Pay-Staff||Data|Object-Head|1095.77||||100.0
87|1|05|2070|Other Administrative Services|00||107|Directorate of Home Guards and Civil Defence|0||01|Directorate of Home Guards and Civil Defence|004|Interim Relief|2070-00-107-0-01|Interim Relief||Data|Object-Head|68.78||||100.0
87|1|05|2070|Other Administrative Services|00||107|Directorate of Home Guards and Civil Defence|0||01|Directorate of Home Guards and Civil Defence|011|Dearness Allowance|2070-00-107-0-01|Dearness Allowance||Data|Object-Head|289.81|366.00|366.00|440.00|100.0
87|1|05|2070|Other Administrative Services|00||107|Directorate of Home Guards and Civil Defence|0||01|Directorate of Home Guards and Civil Defence|014|Other Allowance|2070-00-107-0-01|Other Allowance||Data|Object-Head|210.40|257.00|257.00|263.00|100.0
87|1|05|2070|Other Administrative Services|00||107|Directorate of Home Guards and Civil Defence|0||01|Directorate of Home Guards and Civil Defence|015|Subsidiary Expenses|2070-00-107-0-01|Subsidiary Expenses||Data|Object-Head|6185.37|3000.00|6170.00|6500.00|100.0
87|1|05|2070|Other Administrative Services|00||107|Directorate of Home Guards and Civil Defence|0||01|Directorate of Home Guards and Civil Defence|020|Medical Allowance|2070-00-107-0-01|Medical Allowance||Data|Object-Head|9.10||||100.0
87|1|05|2070|Other Administrative Services|00||107|Directorate of Home Guards and Civil Defence|0||01|Directorate of Home Guards and Civil Defence|021|Reimbursement of Medical Expenses|2070-00-107-0-01|Reimbursement of Medical Expenses||Data|Object-Head|8.64|17.00|17.00|18.00|100.0
87|1|05|2070|Other Administrative Services|00||107|Directorate of Home Guards and Civil Defence|0||01|Directorate of Home Guards and Civil Defence|041|Travel Expenses|2070-00-107-0-01|Travel Expenses||Data|Object-Head|45.74|27.00|57.00|50.00|100.0
87|1|05|2070|Other Administrative Services|00||107|Directorate of Home Guards and Civil Defence|0||01|Directorate of Home Guards and Civil Defence|050|Office Expenses|2070-00-107-0-01|Office Expenses||Data|Object-Head||11.00|11.00|75.00|100.0
87|1|05|2070|Other Administrative Services|00||107|Directorate of Home Guards and Civil Defence|0||01|Directorate of Home Guards and Civil Defence|051|General Expenses|2070-00-107-0-01|General Expenses||Data|Object-Head|149.98|150.00|150.00|75.00|100.0
87|1|05|2070|Other Administrative Services|00||107|Directorate of Home Guards and Civil Defence|0||01|Directorate of Home Guards and Civil Defence|052|Telephone Charges|2070-00-107-0-01|Telephone Charges||Data|Object-Head|8.83||||100.0
87|1|05|2070|Other Administrative Services|00||107|Directorate of Home Guards and Civil Defence|0||01|Directorate of Home Guards and Civil Defence|071|Building Expenses|2070-00-107-0-01|Building Expenses||Data|Object-Head|55.52|65.00|65.00|65.00|100.0
87|1|05|2070|Other Administrative Services|00||107|Directorate of Home Guards and Civil Defence|0||01|Directorate of Home Guards and Civil Defence|104|Contributions|2070-00-107-0-01|Contributions||Data|Object-Head|5.00|5.00|5.00|5.00|100.0
87|1|05|2070|Other Administrative Services|00||107|Directorate of Home Guards and Civil Defence|0||01|Directorate of Home Guards and Civil Defence|180|Machinery and Equipments|2070-00-107-0-01|Machinery and Equipments||Data|Object-Head|1.00||||100.0
87|1|05|2070|Other Administrative Services|00||107|Directorate of Home Guards and Civil Defence|0||01|Directorate of Home Guards and Civil Defence|195|Transport Expenses|2070-00-107-0-01|Transport Expenses||Data|Object-Head|95.02|170.00|170.00|98.09|100.0
87|1|05|2070|Other Administrative Services|00||107|Directorate of Home Guards and Civil Defence|0||01|Directorate of Home Guards and Civil Defence|200|Maintenance Expenditure|2070-00-107-0-01|Maintenance Expenditure||Data|Object-Head|49.97|52.00|52.00|54.00|100.0
87|1|05|2070|Other Administrative Services|00||107|Directorate of Home Guards and Civil Defence|0||01|Directorate of Home Guards and Civil Defence|221|Materials and Supplies|2070-00-107-0-01|Materials and Supplies||Data|Object-Head|108.00|108.00|108.00|112.00|100.0
87|1|05|2070|Other Administrative Services|00||107|Directorate of Home Guards and Civil Defence|0||01|Directorate of Home Guards and Civil Defence||||HOA Total :||Total|Detailed-Head|8588.20|5833.00|9033.00|9432.09|100.0
88|1|05|2070|Other Administrative Services|00||108||1||01|Director of Fire Force|||2070-00-108-1-01|Director of Fire Force|V|Header|Detailed-Head|||||100.0
88|1|05|2070|Other Administrative Services|00||108||1||01|Director of Fire Force|002|Basic Pay|2070-00-108-1-01|Basic Pay|V|Data|Object-Head|231.54|36472.00|36472.00|35607.00|100.0
88|1|05|2070|Other Administrative Services|00||108||1||01|Director of Fire Force|003|Basic Pay-Staff|2070-00-108-1-01|Basic Pay-Staff|V|Data|Object-Head|29388.52||||100.0
88|1|05|2070|Other Administrative Services|00||108||1||01|Director of Fire Force|004|Interim Relief|2070-00-108-1-01|Interim Relief|V|Data|Object-Head|1835.37||||100.0
88|1|05|2070|Other Administrative Services|00||108||1||01|Director of Fire Force|011|Dearness Allowance|2070-00-108-1-01|Dearness Allowance|V|Data|Object-Head|6795.20|8044.00|8044.00|9059.00|100.0
88|1|05|2070|Other Administrative Services|00||108||1||01|Director of Fire Force|014|Other Allowance|2070-00-108-1-01|Other Allowance|V|Data|Object-Head|5563.87|5915.00|5915.00|5761.00|100.0
88|1|05|2070|Other Administrative Services|00||108||1||01|Director of Fire Force|015|Subsidiary Expenses|2070-00-108-1-01|Subsidiary Expenses|V|Data|Object-Head|21.20|25.00|25.00|25.00|100.0
88|1|05|2070|Other Administrative Services|00||108||1||01|Director of Fire Force|020|Medical Allowance|2070-00-108-1-01|Medical Allowance|V|Data|Object-Head|236.96||||100.0
88|1|05|2070|Other Administrative Services|00||108||1||01|Director of Fire Force|021|Reimbursement of Medical Expenses|2070-00-108-1-01|Reimbursement of Medical Expenses|V|Data|Object-Head|497.59|398.00|398.00|383.00|100.0
88|1|05|2070|Other Administrative Services|00||108||1||01|Director of Fire Force|037|Payment on Service Contract|2070-00-108-1-01|Payment on Service Contract|V|Data|Object-Head||||840.00|100.0
88|1|05|2070|Other Administrative Services|00||108||1||01|Director of Fire Force|041|Travel Expenses|2070-00-108-1-01|Travel Expenses|V|Data|Object-Head|186.75|150.00|180.00|156.00|100.0
88|1|05|2070|Other Administrative Services|00||108||1||01|Director of Fire Force|050|Office Expenses|2070-00-108-1-01|Office Expenses|V|Data|Object-Head||50.00|175.00|175.00|100.0
88|1|05|2070|Other Administrative Services|00||108||1||01|Director of Fire Force|051|General Expenses|2070-00-108-1-01|General Expenses|V|Data|Object-Head|841.64|850.00|725.00|150.00|100.0
88|1|05|2070|Other Administrative Services|00||108||1||01|Director of Fire Force|052|Telephone Charges|2070-00-108-1-01|Telephone Charges|V|Data|Object-Head|49.86||||100.0
88|1|05|2070|Other Administrative Services|00||108||1||01|Director of Fire Force|071|Building Expenses|2070-00-108-1-01|Building Expenses|V|Data|Object-Head|305.00|310.00|380.00|500.00|100.0
88|1|05|2070|Other Administrative Services|00||108||1||01|Director of Fire Force|104|Contributions|2070-00-108-1-01|Contributions|V|Data|Object-Head|25.00|5.00|5.00|5.00|100.0
88|1|05|2070|Other Administrative Services|00||108||1||01|Director of Fire Force|180|Machinery and Equipments|2070-00-108-1-01|Machinery and Equipments|V|Data|Object-Head|235.94||||100.0
88|1|05|2070|Other Administrative Services|00||108||1||01|Director of Fire Force|195|Transport Expenses|2070-00-108-1-01|Transport Expenses|V|Data|Object-Head|1234.62|1200.00|1200.00|1298.53|100.0
88|1|05|2070|Other Administrative Services|00||108||1||01|Director of Fire Force|200|Maintenance Expenditure|2070-00-108-1-01|Maintenance Expenditure|V|Data|Object-Head|250.00|250.00|250.00|250.00|100.0
88|1|05|2070|Other Administrative Services|00||108||1||01|Director of Fire Force|221|Materials and Supplies|2070-00-108-1-01|Materials and Supplies|V|Data|Object-Head|177.85|200.00|200.00|200.00|100.0
88|1|05|2070|Other Administrative Services|00||108||1||01|Director of Fire Force|234|Diet Expenses|2070-00-108-1-01|Diet Expenses|V|Data|Object-Head||||50.00|100.0
88|1|05|2070|Other Administrative Services|00||108||1||01|Director of Fire Force||||HOA Total :|V|Total|Detailed-Head|47876.91|53869.00|53969.00|54459.53|100.0
88|1|05|2070|Other Administrative Services|00||108||1||02|State Disaster Response Force|||2070-00-108-1-02|State Disaster Response Force|V|Header|Detailed-Head|||||100.0
88|1|05|2070|Other Administrative Services|00||108||1||02|State Disaster Response Force|002|Basic Pay|2070-00-108-1-02|Basic Pay|V|Data|Object-Head|73.47|1398.00|1531.00|1541.00|100.0
88|1|05|2070|Other Administrative Services|00||108||1||02|State Disaster Response Force|003|Basic Pay-Staff|2070-00-108-1-02|Basic Pay-Staff|V|Data|Object-Head|979.07||||100.0
88|1|05|2070|Other Administrative Services|00||108||1||02|State Disaster Response Force|004|Interim Relief|2070-00-108-1-02|Interim Relief|V|Data|Object-Head|54.29||||100.0
88|1|05|2070|Other Administrative Services|00||108||1||02|State Disaster Response Force|011|Dearness Allowance|2070-00-108-1-02|Dearness Allowance|V|Data|Object-Head|219.69|308.00|308.00|388.00|100.0
89|1|05|2070|Other Administrative Services|00||108||1||02|State Disaster Response Force|014|Other Allowance|2070-00-108-1-02|Other Allowance|V|Data|Object-Head|226.60|300.00|328.50|324.00|100.0
89|1|05|2070|Other Administrative Services|00||108||1||02|State Disaster Response Force|015|Subsidiary Expenses|2070-00-108-1-02|Subsidiary Expenses|V|Data|Object-Head|198.70|410.00|310.00|263.00|100.0
89|1|05|2070|Other Administrative Services|00||108||1||02|State Disaster Response Force|020|Medical Allowance|2070-00-108-1-02|Medical Allowance|V|Data|Object-Head|8.63||||100.0
89|1|05|2070|Other Administrative Services|00||108||1||02|State Disaster Response Force|021|Reimbursement of Medical Expenses|2070-00-108-1-02|Reimbursement of Medical Expenses|V|Data|Object-Head|2.71|16.00|16.00|17.00|100.0
89|1|05|2070|Other Administrative Services|00||108||1||02|State Disaster Response Force|041|Travel Expenses|2070-00-108-1-02|Travel Expenses|V|Data|Object-Head|14.00|5.00|5.00|6.00|100.0
89|1|05|2070|Other Administrative Services|00||108||1||02|State Disaster Response Force|050|Office Expenses|2070-00-108-1-02|Office Expenses|V|Data|Object-Head||1.00|1.00|10.00|100.0
89|1|05|2070|Other Administrative Services|00||108||1||02|State Disaster Response Force|051|General Expenses|2070-00-108-1-02|General Expenses|V|Data|Object-Head|17.79|15.00|15.00|5.00|100.0
89|1|05|2070|Other Administrative Services|00||108||1||02|State Disaster Response Force|052|Telephone Charges|2070-00-108-1-02|Telephone Charges|V|Data|Object-Head|0.45||||100.0
89|1|05|2070|Other Administrative Services|00||108||1||02|State Disaster Response Force|071|Building Expenses|2070-00-108-1-02|Building Expenses|V|Data|Object-Head|0.47|3.00|3.00|5.00|100.0
89|1|05|2070|Other Administrative Services|00||108||1||02|State Disaster Response Force|195|Transport Expenses|2070-00-108-1-02|Transport Expenses|V|Data|Object-Head|74.70|73.00|73.00|205.37|100.0
89|1|05|2070|Other Administrative Services|00||108||1||02|State Disaster Response Force|200|Maintenance Expenditure|2070-00-108-1-02|Maintenance Expenditure|V|Data|Object-Head||1.00|1.00|1.00|100.0
89|1|05|2070|Other Administrative Services|00||108||1||02|State Disaster Response Force|221|Materials and Supplies|2070-00-108-1-02|Materials and Supplies|V|Data|Object-Head|10.91|10.00|10.00|10.00|100.0
89|1|05|2070|Other Administrative Services|00||108||1||02|State Disaster Response Force||||HOA Total :|V|Total|Detailed-Head|1881.48|2540.00|2601.50|2775.37|100.0
89|1|05|2070|Other Administrative Services|00||108||2||05|XV FCG- Central Share-Expansion and Modernisation of Fire Services (Grants from NDRF)|||2070-00-108-2-05|XV FCG- Central Share-Expansion and Modernisation of Fire Services (Grants from NDRF)|V|Header|Detailed-Head|||||100.0
89|1|05|2070|Other Administrative Services|00||108||2||05|XV FCG- Central Share-Expansion and Modernisation of Fire Services (Grants from NDRF)|059|Other Expenses|2070-00-108-2-05|Other Expenses|V|Data|Object-Head||17319.00|17319.00||100.0
89|1|05|2070|Other Administrative Services|00||108||2||05|XV FCG- Central Share-Expansion and Modernisation of Fire Services (Grants from NDRF)||||HOA Total :|V|Total|Detailed-Head|0.00|17319.00|17319.00|0.00|100.0
89|1|05|2070|Other Administrative Services|00||108||2||06|XV FCG- State Share-Expansion and Modernisation of Fire Services (Grants from NDRF)|||2070-00-108-2-06|XV FCG- State Share-Expansion and Modernisation of Fire Services (Grants from NDRF)|V|Header|Detailed-Head|||||100.0
89|1|05|2070|Other Administrative Services|00||108||2||06|XV FCG- State Share-Expansion and Modernisation of Fire Services (Grants from NDRF)|059|Other Expenses|2070-00-108-2-06|Other Expenses|V|Data|Object-Head||5774.00|5774.00||100.0
89|1|05|2070|Other Administrative Services|00||108||2||06|XV FCG- State Share-Expansion and Modernisation of Fire Services (Grants from NDRF)||||HOA Total :|V|Total|Detailed-Head|0.00|5774.00|5774.00|0.00|100.0
89|1|05|2070|Other Administrative Services|00|||||||||||2070 - Total :|V|Total|Major-Head|58367.10|85337.00|88698.50|66668.99|
90|1|05|2075|Miscellaneous General Services|00|||||||||||Miscellaneous General Services|V|Header|Major-Head|||||
90|1|05|2075|Miscellaneous General Services|00||104||1||01|Allowance to Police Medal Recipients|||2075-00-104-1-01|Allowance to Police Medal Recipients|V|Header|Detailed-Head|||||100.0
90|1|05|2075|Miscellaneous General Services|00||104||1||01|Allowance to Police Medal Recipients|015|Subsidiary Expenses|2075-00-104-1-01|Subsidiary Expenses|V|Data|Object-Head|1.00|1.00|1.00|1.00|100.0
90|1|05|2075|Miscellaneous General Services|00||104||1||01|Allowance to Police Medal Recipients||||HOA Total :|V|Total|Detailed-Head|1.00|1.00|1.00|1.00|100.0
90|1|05|2075|Miscellaneous General Services|00|||||||||||2075 - Total :|V|Total|Major-Head|1.00|1.00|1.00|1.00|
91|1|05|2235|Social Security and Welfare|60|||||||||||Social Security and Welfare|V|Header|Major-Head|||||
91|1|05|2235|Social Security and Welfare|60||200||1||01|Director of Sainik Welfare & Resettlement|||2235-60-200-1-01|Director of Sainik Welfare & Resettlement|V|Header|Detailed-Head|||||100.0
91|1|05|2235|Social Security and Welfare|60||200||1||01|Director of Sainik Welfare & Resettlement|002|Basic Pay|2235-60-200-1-01|Basic Pay|V|Data|Object-Head|38.07|46.00|46.00|29.00|100.0
91|1|05|2235|Social Security and Welfare|60||200||1||01|Director of Sainik Welfare & Resettlement|003|Basic Pay-Staff|2235-60-200-1-01|Basic Pay-Staff|V|Data|Object-Head|8.75||||100.0
91|1|05|2235|Social Security and Welfare|60||200||1||01|Director of Sainik Welfare & Resettlement|004|Interim Relief|2235-60-200-1-01|Interim Relief|V|Data|Object-Head|3.26||||100.0
91|1|05|2235|Social Security and Welfare|60||200||1||01|Director of Sainik Welfare & Resettlement|011|Dearness Allowance|2235-60-200-1-01|Dearness Allowance|V|Data|Object-Head|11.46|11.00|11.00|7.00|100.0
91|1|05|2235|Social Security and Welfare|60||200||1||01|Director of Sainik Welfare & Resettlement|014|Other Allowance|2235-60-200-1-01|Other Allowance|V|Data|Object-Head|11.54|15.00|15.00|6.00|100.0
91|1|05|2235|Social Security and Welfare|60||200||1||01|Director of Sainik Welfare & Resettlement|015|Subsidiary Expenses|2235-60-200-1-01|Subsidiary Expenses|V|Data|Object-Head|20.21|20.00|20.00|20.00|100.0
91|1|05|2235|Social Security and Welfare|60||200||1||01|Director of Sainik Welfare & Resettlement|020|Medical Allowance|2235-60-200-1-01|Medical Allowance|V|Data|Object-Head|0.09||||100.0
91|1|05|2235|Social Security and Welfare|60||200||1||01|Director of Sainik Welfare & Resettlement|021|Reimbursement of Medical Expenses|2235-60-200-1-01|Reimbursement of Medical Expenses|V|Data|Object-Head||3.00|3.00|3.00|100.0
91|1|05|2235|Social Security and Welfare|60||200||1||01|Director of Sainik Welfare & Resettlement|034|Contract/Outsource|2235-60-200-1-01|Contract/Outsource|V|Data|Object-Head|18.76|18.73|18.73|17.44|100.0
91|1|05|2235|Social Security and Welfare|60||200||1||01|Director of Sainik Welfare & Resettlement|041|Travel Expenses|2235-60-200-1-01|Travel Expenses|V|Data|Object-Head|0.42|1.00|1.00|1.00|100.0
91|1|05|2235|Social Security and Welfare|60||200||1||01|Director of Sainik Welfare & Resettlement|050|Office Expenses|2235-60-200-1-01|Office Expenses|V|Data|Object-Head||1.00|1.00|5.00|100.0
91|1|05|2235|Social Security and Welfare|60||200||1||01|Director of Sainik Welfare & Resettlement|051|General Expenses|2235-60-200-1-01|General Expenses|V|Data|Object-Head|4.35|5.00|5.00|2.00|100.0
91|1|05|2235|Social Security and Welfare|60||200||1||01|Director of Sainik Welfare & Resettlement|052|Telephone Charges|2235-60-200-1-01|Telephone Charges|V|Data|Object-Head|0.08||||100.0
91|1|05|2235|Social Security and Welfare|60||200||1||01|Director of Sainik Welfare & Resettlement|071|Building Expenses|2235-60-200-1-01|Building Expenses|V|Data|Object-Head|1.95|3.00|3.00|3.00|100.0
91|1|05|2235|Social Security and Welfare|60||200||1||01|Director of Sainik Welfare & Resettlement|103|Grants-in-Aid -General|2235-60-200-1-01|Grants-in-Aid -General|V|Data|Object-Head|60.00|60.00|60.00|60.00|100.0
91|1|05|2235|Social Security and Welfare|60||200||1||01|Director of Sainik Welfare & Resettlement|195|Transport Expenses|2235-60-200-1-01|Transport Expenses|V|Data|Object-Head|2.59|6.00|6.00|10.44|100.0
91|1|05|2235|Social Security and Welfare|60||200||1||01|Director of Sainik Welfare & Resettlement||||HOA Total :|V|Total|Detailed-Head|181.53|189.73|189.73|163.88|100.0
91|1|05|2235|Social Security and Welfare|60||200||1||99|Sainik Welfare Programmes(Includes assistance to Para Plegic Rehabilitation centre and Ex-gratia to recipients of Gallantry Awards)|||2235-60-200-1-99|Sainik Welfare Programmes(Includes assistance to Para Plegic Rehabilitation centre and Ex-gratia to recipients of Gallantry Awards)|V|Header|Detailed-Head|||||100.0
91|1|05|2235|Social Security and Welfare|60||200||1||99|Sainik Welfare Programmes(Includes assistance to Para Plegic Rehabilitation centre and Ex-gratia to recipients of Gallantry Awards)|100|Financial Assistance/Relief|2235-60-200-1-99|Financial Assistance/Relief|V|Data|Object-Head|155.30|156.00|271.00|500.00|100.0
91|1|05|2235|Social Security and Welfare|60||200||1||99|Sainik Welfare Programmes(Includes assistance to Para Plegic Rehabilitation centre and Ex-gratia to recipients of Gallantry Awards)|117|Scholarships & Incentives|2235-60-200-1-99|Scholarships & Incentives|V|Data|Object-Head|9.15|10.00|10.00|10.00|100.0
91|1|05|2235|Social Security and Welfare|60||200||1||99|Sainik Welfare Programmes(Includes assistance to Para Plegic Rehabilitation centre and Ex-gratia to recipients of Gallantry Awards)|200|Maintenance Expenditure|2235-60-200-1-99|Maintenance Expenditure|V|Data|Object-Head|25.00|25.00|25.00|25.00|100.0
92|1|05|2235|Social Security and Welfare|60|Other Social Security and Welfare Programmes|200|Other Programmes|1|Sainik Welfare|99|Sainik Welfare Programmes(Includes assistance to Para Plegic Rehabilitation centre and Ex-gratia to recipients of Gallantry Awards)|251|Pension & Retirement Benefits|2235-60-200-1-99|Pension & Retirement Benefits|V|Data|Object-Head|194.35|300.00|185.00|200.00|100.0
92|1|05|2235|Social Security and Welfare|60|Other Social Security and Welfare Programmes|200|Other Programmes|1|Sainik Welfare|99|Sainik Welfare Programmes(Includes assistance to Para Plegic Rehabilitation centre and Ex-gratia to recipients of Gallantry Awards)||||HOA Total :|V|Total|Detailed-Head|383.80|491.00|491.00|735.00|100.0
92|1|05|2235|Social Security and Welfare|60|Other Social Security and Welfare Programmes|200|Other Programmes|2||01|Establishment Charges of Sainik Welfare and Resettlement Department|||2235-60-200-2-01|Establishment Charges of Sainik Welfare and Resettlement Department|V|Header|Detailed-Head|||||100.0
92|1|05|2235|Social Security and Welfare|60|Other Social Security and Welfare Programmes|200|Other Programmes|2||01|Establishment Charges of Sainik Welfare and Resettlement Department|002|Basic Pay|2235-60-200-2-01|Basic Pay|V|Data|Object-Head|84.54|250.00|328.00|248.00|100.0
92|1|05|2235|Social Security and Welfare|60|Other Social Security and Welfare Programmes|200|Other Programmes|2||01|Establishment Charges of Sainik Welfare and Resettlement Department|003|Basic Pay-Staff|2235-60-200-2-01|Basic Pay-Staff|V|Data|Object-Head|120.33||||100.0
92|1|05|2235|Social Security and Welfare|60|Other Social Security and Welfare Programmes|200|Other Programmes|2||01|Establishment Charges of Sainik Welfare and Resettlement Department|004|Interim Relief|2235-60-200-2-01|Interim Relief|V|Data|Object-Head|11.06||||100.0
92|1|05|2235|Social Security and Welfare|60|Other Social Security and Welfare Programmes|200|Other Programmes|2||01|Establishment Charges of Sainik Welfare and Resettlement Department|011|Dearness Allowance|2235-60-200-2-01|Dearness Allowance|V|Data|Object-Head|44.06|55.00|55.00|62.00|100.0
92|1|05|2235|Social Security and Welfare|60|Other Social Security and Welfare Programmes|200|Other Programmes|2||01|Establishment Charges of Sainik Welfare and Resettlement Department|014|Other Allowance|2235-60-200-2-01|Other Allowance|V|Data|Object-Head|32.98|44.00|54.00|42.00|100.0
92|1|05|2235|Social Security and Welfare|60|Other Social Security and Welfare Programmes|200|Other Programmes|2||01|Establishment Charges of Sainik Welfare and Resettlement Department|020|Medical Allowance|2235-60-200-2-01|Medical Allowance|V|Data|Object-Head|1.18||||100.0
92|1|05|2235|Social Security and Welfare|60|Other Social Security and Welfare Programmes|200|Other Programmes|2||01|Establishment Charges of Sainik Welfare and Resettlement Department|021|Reimbursement of Medical Expenses|2235-60-200-2-01|Reimbursement of Medical Expenses|V|Data|Object-Head|0.78|15.00|15.00|15.00|100.0
92|1|05|2235|Social Security and Welfare|60|Other Social Security and Welfare Programmes|200|Other Programmes|2||01|Establishment Charges of Sainik Welfare and Resettlement Department|034|Contract/Outsource|2235-60-200-2-01|Contract/Outsource|V|Data|Object-Head|61.88|73.89|73.89|69.48|100.0
92|1|05|2235|Social Security and Welfare|60|Other Social Security and Welfare Programmes|200|Other Programmes|2||01|Establishment Charges of Sainik Welfare and Resettlement Department|041|Travel Expenses|2235-60-200-2-01|Travel Expenses|V|Data|Object-Head|2.38|3.00|3.00|3.00|100.0
92|1|05|2235|Social Security and Welfare|60|Other Social Security and Welfare Programmes|200|Other Programmes|2||01|Establishment Charges of Sainik Welfare and Resettlement Department|050|Office Expenses|2235-60-200-2-01|Office Expenses|V|Data|Object-Head||2.00|2.00|10.00|100.0
92|1|05|2235|Social Security and Welfare|60|Other Social Security and Welfare Programmes|200|Other Programmes|2||01|Establishment Charges of Sainik Welfare and Resettlement Department|051|General Expenses|2235-60-200-2-01|General Expenses|V|Data|Object-Head|11.20|15.00|15.00|5.00|100.0
92|1|05|2235|Social Security and Welfare|60|Other Social Security and Welfare Programmes|200|Other Programmes|2||01|Establishment Charges of Sainik Welfare and Resettlement Department|052|Telephone Charges|2235-60-200-2-01|Telephone Charges|V|Data|Object-Head|1.35||||100.0
92|1|05|2235|Social Security and Welfare|60|Other Social Security and Welfare Programmes|200|Other Programmes|2||01|Establishment Charges of Sainik Welfare and Resettlement Department|071|Building Expenses|2235-60-200-2-01|Building Expenses|V|Data|Object-Head|8.84|10.00|10.00|10.00|100.0
92|1|05|2235|Social Security and Welfare|60|Other Social Security and Welfare Programmes|200|Other Programmes|2||01|Establishment Charges of Sainik Welfare and Resettlement Department|195|Transport Expenses|2235-60-200-2-01|Transport Expenses|V|Data|Object-Head|3.49|10.00|10.00|16.70|100.0
92|1|05|2235|Social Security and Welfare|60|Other Social Security and Welfare Programmes|200|Other Programmes|2||01|Establishment Charges of Sainik Welfare and Resettlement Department|234|Diet Expenses|2235-60-200-2-01|Diet Expenses|V|Data|Object-Head|8.54|5.00|5.00|7.50|100.0
92|1|05|2235|Social Security and Welfare|60|Other Social Security and Welfare Programmes|200|Other Programmes|2||01|Establishment Charges of Sainik Welfare and Resettlement Department||||HOA Total :|V|Total|Detailed-Head|392.61|482.89|570.89|488.68|100.0
92|1|05|2235|Social Security and Welfare|60|Other Social Security and Welfare Programmes|200|Other Programmes|3||01|General Relief|||2235-60-200-3-01|General Relief|V|Header|Detailed-Head|||||100.0
92|1|05|2235|Social Security and Welfare|60|Other Social Security and Welfare Programmes|200|Other Programmes|3||01|General Relief|100|Financial Assistance/Relief|2235-60-200-3-01|Financial Assistance/Relief|V|Data|Object-Head||1.00|1.00|1.00|100.0
92|1|05|2235|Social Security and Welfare|60|Other Social Security and Welfare Programmes|200|Other Programmes|3||01|General Relief||||HOA Total :|V|Total|Detailed-Head|0.00|1.00|1.00|1.00|100.0
93|1|05|2235|Social Security and Welfare|60|Other Social Security and Welfare Programmes|200|Other Programmes|8||01|Karnataka Victim Compensation Scheme, 2011|||2235-60-200-8-01|Karnataka Victim Compensation Scheme, 2011|V|Header|Detailed-Head|||||100.0
93|1|05|2235|Social Security and Welfare|60|Other Social Security and Welfare Programmes|200|Other Programmes|8||01|Karnataka Victim Compensation Scheme, 2011|100|Financial Assistance/Relief|2235-60-200-8-01|Financial Assistance/Relief|V|Data|Object-Head|1000.00|1000.00|4540.71|2500.00|100.0
93|1|05|2235|Social Security and Welfare|60|Other Social Security and Welfare Programmes|200|Other Programmes|8||01|Karnataka Victim Compensation Scheme, 2011||||HOA Total :|V|Total|Detailed-Head|1000.00|1000.00|4540.71|2500.00|100.0
93|1|05|2235|Social Security and Welfare|60|Other Social Security and Welfare Programmes|200|Other Programmes||||||||2235 - Total :|V|Total|Major-Head|1957.94|2164.62|5793.33|3888.56|
94|1|05|4055|Capital Outlay on Police|00||||||||||4055|Capital Outlay on Police||Header|Major-Head|||||
94|1|05|4055|Capital Outlay on Police|00||207||0||03|Infrastructure Facilities to KSRP|||4055-00-207-0-03|Infrastructure Facilities to KSRP||Header|Detailed-Head|||||100.0
94|1|05|4055|Capital Outlay on Police|00||207||0||03|Infrastructure Facilities to KSRP|386|Purchase/Construction of Buildings|4055-00-207-0-03|Purchase/Construction of Buildings||Data|Object-Head||1.00|1.00|300.00|100.0
94|1|05|4055|Capital Outlay on Police|00||207||0||03|Infrastructure Facilities to KSRP|||||HOA Total :|Total|Detailed-Head|0.00|1.00|1.00|300.00|100.0
94|1|05|4055|Capital Outlay on Police|00||207||0||04|Police Infrastructure|||4055-00-207-0-04|Police Infrastructure||Header|Detailed-Head|||||100.0
94|1|05|4055|Capital Outlay on Police|00||207||0||04|Police Infrastructure|180|Machinery and Equipments|4055-00-207-0-04|Machinery and Equipments||Data|Object-Head||1800.00|1800.00|500.00|100.0
94|1|05|4055|Capital Outlay on Police|00||207||0||04|Police Infrastructure|386|Purchase/Construction of Buildings|4055-00-207-0-04|Purchase/Construction of Buildings||Data|Object-Head|1998.67|2000.00|2182.00|4400.00|100.0
94|1|05|4055|Capital Outlay on Police|00||207||0||04|Police Infrastructure|||||HOA Total :|Total|Detailed-Head|1998.67|3800.00|3982.00|4900.00|100.0
94|1|05|4055|Capital Outlay on Police|00||207||0||05|Police Mobility|||4055-00-207-0-05|Police Mobility||Header|Detailed-Head|||||100.0
94|1|05|4055|Capital Outlay on Police|00||207||0||05|Police Mobility|199|Transportation Assets|4055-00-207-0-05|Transportation Assets||Data|Object-Head|3936.39|5000.00|5000.00|7500.00|100.0
94|1|05|4055|Capital Outlay on Police|00||207||0||05|Police Mobility|||||HOA Total :|Total|Detailed-Head|3936.39|5000.00|5000.00|7500.00|100.0
94|1|05|4055|Capital Outlay on Police|00||207||0||06|CSS-Central Share-Modernisation of Police Force|||4055-00-207-0-06|CSS-Central Share-Modernisation of Police Force||Header|Detailed-Head|||||100.0
94|1|05|4055|Capital Outlay on Police|00||207||0||06|CSS-Central Share-Modernisation of Police Force|180|Machinery and Equipments|4055-00-207-0-06|Machinery and Equipments||Data|Object-Head||1000.00|1603.00||100.0
94|1|05|4055|Capital Outlay on Police|00||207||0||06|CSS-Central Share-Modernisation of Police Force|||||HOA Total :|Total|Detailed-Head|0.00|1000.00|1603.00|0.00|100.0
94|1|05|4055|Capital Outlay on Police|00||207||0||07|CSS-State Share-Modernisation of Police Force|||4055-00-207-0-07|CSS-State Share-Modernisation of Police Force||Header|Detailed-Head|||||100.0
94|1|05|4055|Capital Outlay on Police|00||207||0||07|CSS-State Share-Modernisation of Police Force|180|Machinery and Equipments|4055-00-207-0-07|Machinery and Equipments||Data|Object-Head||667.00|1068.67||100.0
94|1|05|4055|Capital Outlay on Police|00||207||0||07|CSS-State Share-Modernisation of Police Force|||||HOA Total :|Total|Detailed-Head|0.00|667.00|1068.67|0.00|100.0
95|1|05|4055|Capital Outlay on Police|00||207||0||09|Grants from Karnataka State Road Safety Fund|||4055-00-207-0-09|Grants from Karnataka State Road Safety Fund||Header|Detailed-Head|||||100.0
95|1|05|4055|Capital Outlay on Police|00||207||0||09|Grants from Karnataka State Road Safety Fund|132|Other Capital Expenses|4055-00-207-0-09|Other Capital Expenses||Data|Object-Head||9000.00|9000.00|9000.00|100.0
95|1|05|4055|Capital Outlay on Police|00||207||0||09|Grants from Karnataka State Road Safety Fund|||||HOA Total :|Total|Detailed-Head|0.00|9000.00|9000.00|9000.00|100.0
95|1|05|4055|Capital Outlay on Police|00||207||0||10|Infrastructure Development in Naxal-Affected Areas|||4055-00-207-0-10|Infrastructure Development in Naxal-Affected Areas||Header|Detailed-Head|||||100.0
95|1|05|4055|Capital Outlay on Police|00||207||0||10|Infrastructure Development in Naxal-Affected Areas|132|Other Capital Expenses|4055-00-207-0-10|Other Capital Expenses||Data|Object-Head|||912.90||100.0
95|1|05|4055|Capital Outlay on Police|00||207||0||10|Infrastructure Development in Naxal-Affected Areas|||||HOA Total :|Total|Detailed-Head|0.00|0.00|912.90|0.00|100.0
95|1|05|4055|Capital Outlay on Police|00||207||1||01|Forensic Science Laboratory, Bangalore|||4055-00-207-1-01|Forensic Science Laboratory, Bangalore||Header|Detailed-Head|||||100.0
95|1|05|4055|Capital Outlay on Police|00||207||1||01|Forensic Science Laboratory, Bangalore|180|Machinery and Equipments|4055-00-207-1-01|Machinery and Equipments||Data|Object-Head||50.00|50.00|100.00|100.0
95|1|05|4055|Capital Outlay on Police|00||207||1||01|Forensic Science Laboratory, Bangalore|||||HOA Total :|Total|Detailed-Head|0.00|50.00|50.00|100.00|100.0
95|1|05|4055|Capital Outlay on Police|00||208||0||02|CSS-Central Share-Indian Reserve Battalion(100% GoI)|||4055-00-208-0-02|CSS-Central Share-Indian Reserve Battalion(100% GoI)||Header|Detailed-Head|||||100.0
95|1|05|4055|Capital Outlay on Police|00||208||0||02|CSS-Central Share-Indian Reserve Battalion(100% GoI)|199|Transportation Assets|4055-00-208-0-02|Transportation Assets||Data|Object-Head||1000.00|1000.00|1000.00|100.0
95|1|05|4055|Capital Outlay on Police|00||208||0||02|CSS-Central Share-Indian Reserve Battalion(100% GoI)|221|Materials and Supplies|4055-00-208-0-02|Materials and Supplies||Data|Object-Head||500.00|500.00|500.00|100.0
95|1|05|4055|Capital Outlay on Police|00||208||0||02|CSS-Central Share-Indian Reserve Battalion(100% GoI)|386|Purchase/Construction of Buildings|4055-00-208-0-02|Purchase/Construction of Buildings||Data|Object-Head||3000.00|3000.00|3000.00|100.0
95|1|05|4055|Capital Outlay on Police|00||208||0||02|CSS-Central Share-Indian Reserve Battalion(100% GoI)|||||HOA Total :|Total|Detailed-Head|0.00|4500.00|4500.00|4500.00|100.0
95|1|05|4055|Capital Outlay on Police|00||211||0||01|KSPHC - Construction of Police Quarters - Mega Police Housing 2025|||4055-00-211-0-01|KSPHC - Construction of Police Quarters - Mega Police Housing 2025||Header|Detailed-Head|||||100.0
95|1|05|4055|Capital Outlay on Police|00||211||0||01|KSPHC - Construction of Police Quarters - Mega Police Housing 2025|132|Other Capital Expenses|4055-00-211-0-01|Other Capital Expenses||Data|Object-Head|25688.55||||100.0
95|1|05|4055|Capital Outlay on Police|00||211||0||01|KSPHC - Construction of Police Quarters - Mega Police Housing 2025|386|Purchase/Construction of Buildings|4055-00-211-0-01|Purchase/Construction of Buildings||Data|Object-Head||20000.00|20000.00|25000.00|100.0
95|1|05|4055|Capital Outlay on Police|00||211||0||01|KSPHC - Construction of Police Quarters - Mega Police Housing 2025|||||HOA Total :|Total|Detailed-Head|25688.55|20000.00|20000.00|25000.00|100.0
96|1|05|4055|Capital Outlay on Police|00||211|Police Housing|0||04|Special Capital Assistance to Police Housing|||4055-00-211-0-04|Special Capital Assistance to Police Housing||Header|Detailed-Head|||||100.0
96|1|05|4055|Capital Outlay on Police|00||211|Police Housing|0||04|Special Capital Assistance to Police Housing|386|Purchase/Construction of Buildings|4055-00-211-0-04|Purchase/Construction of Buildings||Data|Object-Head||10000.00|10000.00||100.0
96|1|05|4055|Capital Outlay on Police|00||211|Police Housing|0||04|Special Capital Assistance to Police Housing|||||HOA Total :|Total|Detailed-Head|0.00|10000.00|10000.00|0.00|100.0
96|1|05|4055|Capital Outlay on Police|00||218|Modernisation of Police Force|0||01|CSS-Central Share-Modernisation of Police Force|||4055-00-218-0-01|CSS-Central Share-Modernisation of Police Force||Header|Detailed-Head|||||100.0
96|1|05|4055|Capital Outlay on Police|00||218|Modernisation of Police Force|0||01|CSS-Central Share-Modernisation of Police Force|180|Machinery and Equipments|4055-00-218-0-01|Machinery and Equipments||Data|Object-Head||||1200.00|100.0
96|1|05|4055|Capital Outlay on Police|00||218|Modernisation of Police Force|0||01|CSS-Central Share-Modernisation of Police Force|||||HOA Total :|Total|Detailed-Head|0.00|0.00|0.00|1200.00|100.0
96|1|05|4055|Capital Outlay on Police|00||218|Modernisation of Police Force|0||02|CSS-State Share-Modernisation of Police Force|||4055-00-218-0-02|CSS-State Share-Modernisation of Police Force||Header|Detailed-Head|||||100.0
96|1|05|4055|Capital Outlay on Police|00||218|Modernisation of Police Force|0||02|CSS-State Share-Modernisation of Police Force|180|Machinery and Equipments|4055-00-218-0-02|Machinery and Equipments||Data|Object-Head||||800.00|100.0
96|1|05|4055|Capital Outlay on Police|00||218|Modernisation of Police Force|0||02|CSS-State Share-Modernisation of Police Force|||||HOA Total :|Total|Detailed-Head|0.00|0.00|0.00|800.00|100.0
96|1|05|4055|Capital Outlay on Police|00||218|Modernisation of Police Force|0||03|CSS-Central Share-Modernisation of Prisons(100% GoI)|||4055-00-218-0-03|CSS-Central Share-Modernisation of Prisons(100% GoI)||Header|Detailed-Head|||||100.0
96|1|05|4055|Capital Outlay on Police|00||218|Modernisation of Police Force|0||03|CSS-Central Share-Modernisation of Prisons(100% GoI)|180|Machinery and Equipments|4055-00-218-0-03|Machinery and Equipments||Data|Object-Head||||1000.00|100.0
96|1|05|4055|Capital Outlay on Police|00||218|Modernisation of Police Force|0||03|CSS-Central Share-Modernisation of Prisons(100% GoI)|||||HOA Total :|Total|Detailed-Head|0.00|0.00|0.00|1000.00|100.0
96|1|05|4055|Capital Outlay on Police|00||902|Deduct-Amount Met from Karnataka State Road Safety Fund|0||01|Deduct-Amount Met from Karnataka State Road Safety Fund|||4055-00-902-0-01|Deduct-Amount Met from Karnataka State Road Safety Fund||Header|Detailed-Head|||||100.0
96|1|05|4055|Capital Outlay on Police|00||902|Deduct-Amount Met from Karnataka State Road Safety Fund|0||01|Deduct-Amount Met from Karnataka State Road Safety Fund|261|Inter Account Transfers|4055-00-902-0-01|Inter Account Transfers||Data|Object-Head||-9000.00|-9000.00|-9000.00|100.0
96|1|05|4055|Capital Outlay on Police|00||902|Deduct-Amount Met from Karnataka State Road Safety Fund|0||01|Deduct-Amount Met from Karnataka State Road Safety Fund|||||HOA Total :|Total|Detailed-Head|0.00|-9000.00|-9000.00|-9000.00|100.0
96|1|05|4055|Capital Outlay on Police|00||||||||||4055-00|4055 - Total :||Total|Major-Head|31623.61|45018.00|47117.57|45300.00|
97|1|05|4059|Capital Outlay on Public Works|80||051||0||13|Construction of Prisons|||4059-80-051-0-13|Construction of Prisons||Header|Detailed-Head|||||100.0
97|1|05|4059|Capital Outlay on Public Works|80||051||0||13|Construction of Prisons|125|Modernisation|4059-80-051-0-13|Modernisation||Data|Object-Head|124.99||||100.0
97|1|05|4059|Capital Outlay on Public Works|80||051||0||13|Construction of Prisons|180|Machinery and Equipments|4059-80-051-0-13|Machinery and Equipments||Data|Object-Head||225.00|225.00|600.00|100.0
97|1|05|4059|Capital Outlay on Public Works|80||051||0||13|Construction of Prisons|386|Purchase/Construction of Buildings|4059-80-051-0-13|Purchase/Construction of Buildings||Data|Object-Head|9999.99|10000.00|10000.00|7500.00|100.0
97|1|05|4059|Capital Outlay on Public Works|80||051||0||13|Construction of Prisons|||||HOA Total :|Total|Detailed-Head|10124.98|10225.00|10225.00|8100.00|100.0
97|1|05|4059|Capital Outlay on Public Works|80||051||0||41|K.S.A.F.E|||4059-80-051-0-41|K.S.A.F.E||Header|Detailed-Head|||||100.0
97|1|05|4059|Capital Outlay on Public Works|80||051||0||41|K.S.A.F.E|132|Other Capital Expenses|4059-80-051-0-41|Other Capital Expenses||Data|Object-Head|3459.16|2500.00|2500.00|2200.00|100.0
97|1|05|4059|Capital Outlay on Public Works|80||051||0||41|K.S.A.F.E|199|Transportation Assets|4059-80-051-0-41|Transportation Assets||Data|Object-Head|711.48|2500.00|2500.00|2500.00|100.0
97|1|05|4059|Capital Outlay on Public Works|80||051||0||41|K.S.A.F.E|||||HOA Total :|Total|Detailed-Head|4170.64|5000.00|5000.00|4700.00|100.0
97|1|05|4059|Capital Outlay on Public Works|80||052||0||02|CSS-Central Share-Modernisation of Prisons(100% GoI)|||4059-80-052-0-02|CSS-Central Share-Modernisation of Prisons(100% GoI)||Header|Detailed-Head|||||100.0
97|1|05|4059|Capital Outlay on Public Works|80||052||0||02|CSS-Central Share-Modernisation of Prisons(100% GoI)|180|Machinery and Equipments|4059-80-052-0-02|Machinery and Equipments||Data|Object-Head||1000.00|1000.00||100.0
97|1|05|4059|Capital Outlay on Public Works|80||052||0||02|CSS-Central Share-Modernisation of Prisons(100% GoI)|||||HOA Total :|Total|Detailed-Head|0.00|1000.00|1000.00|0.00|100.0
97|1|05|4059|Capital Outlay on Public Works|80||||||||||4059-80|4059 - Total :||Total|Major-Head|14295.62|16225.00|16225.00|12800.00|
98|1|05|4070|Capital Outlay on Other Administrative Services|00||||||||||4070|Capital Outlay on Other Administrative Services|V|Header|Major-Head|||||
98|1|05|4070|Capital Outlay on Other Administrative Services|00||001||0||31|Director of Fire Force-Capital Expenses|||4070-00-001-0-31|Director of Fire Force-Capital Expenses|V|Header|Detailed-Head|||||100.0
98|1|05|4070|Capital Outlay on Other Administrative Services|00||001||0||31|Director of Fire Force-Capital Expenses|180|Machinery and Equipments|4070-00-001-0-31|Machinery and Equipments|V|Data|Object-Head||300.00|300.00|300.00|100.0
98|1|05|4070|Capital Outlay on Other Administrative Services|00||001||0||31|Director of Fire Force-Capital Expenses||||HOA Total :|V|Total|Detailed-Head|0.00|300.00|300.00|300.00|100.0
98|1|05|4070|Capital Outlay on Other Administrative Services|00||003||0||01|Home Guards Department|||4070-00-003-0-01|Home Guards Department|V|Header|Detailed-Head|||||100.0
98|1|05|4070|Capital Outlay on Other Administrative Services|00||003||0||01|Home Guards Department|199|Transportation Assets|4070-00-003-0-01|Transportation Assets|V|Data|Object-Head|87.93|300.00|300.00|1.00|100.0
98|1|05|4070|Capital Outlay on Other Administrative Services|00||003||0||01|Home Guards Department|386|Purchase/Construction of Buildings|4070-00-003-0-01|Purchase/Construction of Buildings|V|Data|Object-Head|20.15|200.00|399.80|50.00|100.0
98|1|05|4070|Capital Outlay on Other Administrative Services|00||003||0||01|Home Guards Department||||HOA Total :|V|Total|Detailed-Head|108.08|500.00|699.80|51.00|100.0
98|1|05|4070|Capital Outlay on Other Administrative Services|00||800||0||06|Purchase of Equipment and Other Works-State Disaster Response Force|||4070-00-800-0-06|Purchase of Equipment and Other Works-State Disaster Response Force|V|Header|Detailed-Head|||||100.0
98|1|05|4070|Capital Outlay on Other Administrative Services|00||800||0||06|Purchase of Equipment and Other Works-State Disaster Response Force|386|Purchase/Construction of Buildings|4070-00-800-0-06|Purchase/Construction of Buildings|V|Data|Object-Head||300.00|300.00|300.00|100.0
98|1|05|4070|Capital Outlay on Other Administrative Services|00||800||0||06|Purchase of Equipment and Other Works-State Disaster Response Force||||HOA Total :|V|Total|Detailed-Head|0.00|300.00|300.00|300.00|100.0
98|1|05|4070|Capital Outlay on Other Administrative Services|00|||||||||||4070 - Total :|V|Total|Major-Head|108.08|1100.00|1299.80|651.00|
99|1|05|2041|Taxes on Vehicles|00||||||||||2041|Taxes on Vehicles|V|Header|Major-Head|||||
99|1|05|2041|Taxes on Vehicles|00||001||0||01|Commissioner for Transport|||2041-00-001-0-01|Commissioner for Transport|V|Header|Detailed-Head|||||100.0
99|1|05|2041|Taxes on Vehicles|00||001||0||01|Commissioner for Transport|002|Basic Pay|2041-00-001-0-01|Basic Pay|V|Data|Object-Head|149.22|675.00|675.00|731.00|100.0
99|1|05|2041|Taxes on Vehicles|00||001||0||01|Commissioner for Transport|003|Basic Pay-Staff|2041-00-001-0-01|Basic Pay-Staff|V|Data|Object-Head|406.95||||100.0
99|1|05|2041|Taxes on Vehicles|00||001||0||01|Commissioner for Transport|004|Interim Relief|2041-00-001-0-01|Interim Relief|V|Data|Object-Head|38.40||||100.0
99|1|05|2041|Taxes on Vehicles|00||001||0||01|Commissioner for Transport|011|Dearness Allowance|2041-00-001-0-01|Dearness Allowance|V|Data|Object-Head|141.36|155.00|155.00|190.00|100.0
99|1|05|2041|Taxes on Vehicles|00||001||0||01|Commissioner for Transport|014|Other Allowance|2041-00-001-0-01|Other Allowance|V|Data|Object-Head|135.11|153.00|153.00|160.00|100.0
99|1|05|2041|Taxes on Vehicles|00||001||0||01|Commissioner for Transport|020|Medical Allowance|2041-00-001-0-01|Medical Allowance|V|Data|Object-Head|3.57||||100.0
99|1|05|2041|Taxes on Vehicles|00||001||0||01|Commissioner for Transport|021|Reimbursement of Medical Expenses|2041-00-001-0-01|Reimbursement of Medical Expenses|V|Data|Object-Head|0.78|15.00|15.00|15.00|100.0
99|1|05|2041|Taxes on Vehicles|00||001||0||01|Commissioner for Transport|034|Contract/Outsource|2041-00-001-0-01|Contract/Outsource|V|Data|Object-Head|1201.01|985.96|985.96|1066.58|100.0
99|1|05|2041|Taxes on Vehicles|00||001||0||01|Commissioner for Transport|035|Salary of Board/Corp.Staff working in State Government|2041-00-001-0-01|Salary of Board/Corp.Staff working in State Government|V|Data|Object-Head|75.29|87.05|87.05|87.05|100.0
99|1|05|2041|Taxes on Vehicles|00||001||0||01|Commissioner for Transport|041|Travel Expenses|2041-00-001-0-01|Travel Expenses|V|Data|Object-Head|4.60|5.00|5.00|5.00|100.0
99|1|05|2041|Taxes on Vehicles|00||001||0||01|Commissioner for Transport|050|Office Expenses|2041-00-001-0-01|Office Expenses|V|Data|Object-Head||40.00|40.00|40.00|100.0
99|1|05|2041|Taxes on Vehicles|00||001||0||01|Commissioner for Transport|051|General Expenses|2041-00-001-0-01|General Expenses|V|Data|Object-Head|139.89|130.00|130.00|135.00|100.0
99|1|05|2041|Taxes on Vehicles|00||001||0||01|Commissioner for Transport|052|Telephone Charges|2041-00-001-0-01|Telephone Charges|V|Data|Object-Head|14.12||||100.0
99|1|05|2041|Taxes on Vehicles|00||001||0||01|Commissioner for Transport|071|Building Expenses|2041-00-001-0-01|Building Expenses|V|Data|Object-Head|463.67|600.00|600.00|550.00|100.0
99|1|05|2041|Taxes on Vehicles|00||001||0||01|Commissioner for Transport|180|Machinery and Equipments|2041-00-001-0-01|Machinery and Equipments|V|Data|Object-Head|2.93||||100.0
99|1|05|2041|Taxes on Vehicles|00||001||0||01|Commissioner for Transport|195|Transport Expenses|2041-00-001-0-01|Transport Expenses|V|Data|Object-Head|62.71|75.00|75.00|53.16|100.0
99|1|05|2041|Taxes on Vehicles|00||001||0||01|Commissioner for Transport|200|Maintenance Expenditure|2041-00-001-0-01|Maintenance Expenditure|V|Data|Object-Head|363.29|500.00|500.00|300.00|100.0
99|1|05|2041|Taxes on Vehicles|00||001||0||01|Commissioner for Transport|||2041-00-001-0-01|HOA Total :|V|Total|Detailed-Head|3202.90|3421.01|3421.01|3332.79|100.0
99|1|05|2041|Taxes on Vehicles|00||001||0||03|Karnataka State Transport Appellate Tribunal|||2041-00-001-0-03|Karnataka State Transport Appellate Tribunal|V|Header|Detailed-Head|||||100.0
99|1|05|2041|Taxes on Vehicles|00||001||0||03|Karnataka State Transport Appellate Tribunal|002|Basic Pay|2041-00-001-0-03|Basic Pay|V|Data|Object-Head|27.69|62.00|62.00|59.00|100.0
99|1|05|2041|Taxes on Vehicles|00||001||0||03|Karnataka State Transport Appellate Tribunal|003|Basic Pay-Staff|2041-00-001-0-03|Basic Pay-Staff|V|Data|Object-Head|33.93||||100.0
99|1|05|2041|Taxes on Vehicles|00||001||0||03|Karnataka State Transport Appellate Tribunal|004|Interim Relief|2041-00-001-0-03|Interim Relief|V|Data|Object-Head|1.79||||100.0
99|1|05|2041|Taxes on Vehicles|00||001||0||03|Karnataka State Transport Appellate Tribunal|011|Dearness Allowance|2041-00-001-0-03|Dearness Allowance|V|Data|Object-Head|21.16|26.00|26.00|28.00|100.0
99|1|05|2041|Taxes on Vehicles|00||001||0||03|Karnataka State Transport Appellate Tribunal|014|Other Allowance|2041-00-001-0-03|Other Allowance|V|Data|Object-Head|35.44|13.00|13.00|10.00|100.0
100|1|05|2041|Taxes on Vehicles|00||001|Direction and Administration|0||03|Karnataka State Transport Appellate Tribunal|020|Medical Allowance|2041-00-001-0-03|Medical Allowance|V|Data|Object-Head|5.40||||100.0
100|1|05|2041|Taxes on Vehicles|00||001|Direction and Administration|0||03|Karnataka State Transport Appellate Tribunal|021|Reimbursement of Medical Expenses|2041-00-001-0-03|Reimbursement of Medical Expenses|V|Data|Object-Head||3.00|5.50|3.00|100.0
100|1|05|2041|Taxes on Vehicles|00||001|Direction and Administration|0||03|Karnataka State Transport Appellate Tribunal|041|Travel Expenses|2041-00-001-0-03|Travel Expenses|V|Data|Object-Head|13.43|1.00|1.00|1.00|100.0
100|1|05|2041|Taxes on Vehicles|00||001|Direction and Administration|0||03|Karnataka State Transport Appellate Tribunal|050|Office Expenses|2041-00-001-0-03|Office Expenses|V|Data|Object-Head||1.00|1.00|1.00|100.0
100|1|05|2041|Taxes on Vehicles|00||001|Direction and Administration|0||03|Karnataka State Transport Appellate Tribunal|051|General Expenses|2041-00-001-0-03|General Expenses|V|Data|Object-Head|12.11|4.50|4.50|2.65|100.0
100|1|05|2041|Taxes on Vehicles|00||001|Direction and Administration|0||03|Karnataka State Transport Appellate Tribunal|052|Telephone Charges|2041-00-001-0-03|Telephone Charges|V|Data|Object-Head|0.03||||100.0
100|1|05|2041|Taxes on Vehicles|00||001|Direction and Administration|0||03|Karnataka State Transport Appellate Tribunal|071|Building Expenses|2041-00-001-0-03|Building Expenses|V|Data|Object-Head|0.46|1.00|1.00|1.00|100.0
100|1|05|2041|Taxes on Vehicles|00||001|Direction and Administration|0||03|Karnataka State Transport Appellate Tribunal|195|Transport Expenses|2041-00-001-0-03|Transport Expenses|V|Data|Object-Head|1.25|1.00|1.00|2.14|100.0
100|1|05|2041|Taxes on Vehicles|00||001|Direction and Administration|0||03|Karnataka State Transport Appellate Tribunal|||2041-00-001-0-03|HOA Total :|V|Total|Detailed-Head|152.69|112.50|115.00|107.79|100.0
100|1|05|2041|Taxes on Vehicles|00||001|Direction and Administration|0||06|Unspent SCSP-TSP Amount as per the SCSP-TSPAct 2013|||2041-00-001-0-06|Unspent SCSP-TSP Amount as per the SCSP-TSPAct 2013|V|Header|Detailed-Head|||||100.0
100|1|05|2041|Taxes on Vehicles|00||001|Direction and Administration|0||06|Unspent SCSP-TSP Amount as per the SCSP-TSPAct 2013|423|Tribal Sub Plan|2041-00-001-0-06|Tribal Sub Plan|V|Data|Object-Head||0.47|0.47||100.0
100|1|05|2041|Taxes on Vehicles|00||001|Direction and Administration|0||06|Unspent SCSP-TSP Amount as per the SCSP-TSPAct 2013|||2041-00-001-0-06|HOA Total :|V|Total|Detailed-Head|0.00|0.47|0.47|0.00|100.0
100|1|05|2041|Taxes on Vehicles|00||001|Direction and Administration|0||07|Implementation of Measures to Control Air Pollution and Other Activities|||2041-00-001-0-07|Implementation of Measures to Control Air Pollution and Other Activities|V|Header|Detailed-Head|||||100.0
100|1|05|2041|Taxes on Vehicles|00||001|Direction and Administration|0||07|Implementation of Measures to Control Air Pollution and Other Activities|059|Other Expenses|2041-00-001-0-07|Other Expenses|V|Data|Object-Head|1907.95|2000.00|2000.00|2000.00|100.0
100|1|05|2041|Taxes on Vehicles|00||001|Direction and Administration|0||07|Implementation of Measures to Control Air Pollution and Other Activities|||2041-00-001-0-07|HOA Total :|V|Total|Detailed-Head|1907.95|2000.00|2000.00|2000.00|100.0
100|1|05|2041|Taxes on Vehicles|00||101||0||01|Regional Transport Authority|||2041-00-101-0-01|Regional Transport Authority|V|Header|Detailed-Head|||||100.0
100|1|05|2041|Taxes on Vehicles|00||101||0||01|Regional Transport Authority|002|Basic Pay|2041-00-101-0-01|Basic Pay|V|Data|Object-Head|2144.48|8873.00|8873.00|8727.00|100.0
100|1|05|2041|Taxes on Vehicles|00||101||0||01|Regional Transport Authority|003|Basic Pay-Staff|2041-00-101-0-01|Basic Pay-Staff|V|Data|Object-Head|5349.49||||100.0
100|1|05|2041|Taxes on Vehicles|00||101||0||01|Regional Transport Authority|004|Interim Relief|2041-00-101-0-01|Interim Relief|V|Data|Object-Head|429.62||||100.0
100|1|05|2041|Taxes on Vehicles|00||101||0||01|Regional Transport Authority|011|Dearness Allowance|2041-00-101-0-01|Dearness Allowance|V|Data|Object-Head|1629.64|1952.00|1952.00|2182.00|100.0
100|1|05|2041|Taxes on Vehicles|00||101||0||01|Regional Transport Authority|014|Other Allowance|2041-00-101-0-01|Other Allowance|V|Data|Object-Head|1056.88|1283.00|1283.00|1202.00|100.0
100|1|05|2041|Taxes on Vehicles|00||101||0||01|Regional Transport Authority|015|Subsidiary Expenses|2041-00-101-0-01|Subsidiary Expenses|V|Data|Object-Head|766.18|1044.00|1044.00|1067.00|100.0
100|1|05|2041|Taxes on Vehicles|00||101||0||01|Regional Transport Authority|020|Medical Allowance|2041-00-101-0-01|Medical Allowance|V|Data|Object-Head|41.69||||100.0
100|1|05|2041|Taxes on Vehicles|00||101||0||01|Regional Transport Authority|021|Reimbursement of Medical Expenses|2041-00-101-0-01|Reimbursement of Medical Expenses|V|Data|Object-Head|8.72|85.00|85.00|83.00|100.0
101|1|05|2041|Taxes on Vehicles|00||101||0||01|Regional Transport Authority|041|Travel Expenses|2041-00-101-0-01|Travel Expenses|V|Data|Object-Head|2.72|7.00|7.00|7.00|100.0
101|1|05|2041|Taxes on Vehicles|00||101||0||01|Regional Transport Authority|050|Office Expenses|2041-00-101-0-01|Office Expenses|V|Data|Object-Head||50.00|50.00|50.00|100.0
101|1|05|2041|Taxes on Vehicles|00||101||0||01|Regional Transport Authority|051|General Expenses|2041-00-101-0-01|General Expenses|V|Data|Object-Head|286.46|270.00|270.00|300.00|100.0
101|1|05|2041|Taxes on Vehicles|00||101||0||01|Regional Transport Authority|052|Telephone Charges|2041-00-101-0-01|Telephone Charges|V|Data|Object-Head|20.30||||100.0
101|1|05|2041|Taxes on Vehicles|00||101||0||01|Regional Transport Authority|053|Purchase of Furniture and Fixture for Office|2041-00-101-0-01|Purchase of Furniture and Fixture for Office|V|Data|Object-Head|19.84||||100.0
101|1|05|2041|Taxes on Vehicles|00||101||0||01|Regional Transport Authority|071|Building Expenses|2041-00-101-0-01|Building Expenses|V|Data|Object-Head|920.23|800.00|800.00|1026.59|100.0
101|1|05|2041|Taxes on Vehicles|00||101||0||01|Regional Transport Authority|195|Transport Expenses|2041-00-101-0-01|Transport Expenses|V|Data|Object-Head|341.81|377.45|377.45|632.06|100.0
101|1|05|2041|Taxes on Vehicles|00||101||0||01|Regional Transport Authority|||2041-00-101-0-01|HOA Total :|V|Total|Detailed-Head|13018.06|14741.45|14741.45|15276.65|100.0
101|1|05|2041|Taxes on Vehicles|00||101||0||04|Payment to smart card vendor|||2041-00-101-0-04|Payment to smart card vendor|V|Header|Detailed-Head|||||100.0
101|1|05|2041|Taxes on Vehicles|00||101||0||04|Payment to smart card vendor|051|General Expenses|2041-00-101-0-04|General Expenses|V|Data|Object-Head||4678.00|4678.00|4900.00|100.0
101|1|05|2041|Taxes on Vehicles|00||101||0||04|Payment to smart card vendor|059|Other Expenses|2041-00-101-0-04|Other Expenses|V|Data|Object-Head|4333.28||||100.0
101|1|05|2041|Taxes on Vehicles|00||101||0||04|Payment to smart card vendor|||2041-00-101-0-04|HOA Total :|V|Total|Detailed-Head|4333.28|4678.00|4678.00|4900.00|100.0
101|1|05|2041|Taxes on Vehicles|00||102||0||03|Grants from Karnataka State Road Safety Fund|||2041-00-102-0-03|Grants from Karnataka State Road Safety Fund|V|Header|Detailed-Head|||||100.0
101|1|05|2041|Taxes on Vehicles|00||102||0||03|Grants from Karnataka State Road Safety Fund|051|General Expenses|2041-00-102-0-03|General Expenses|V|Data|Object-Head|8992.09||||100.0
101|1|05|2041|Taxes on Vehicles|00||102||0||03|Grants from Karnataka State Road Safety Fund|||2041-00-102-0-03|HOA Total :|V|Total|Detailed-Head|8992.09|0.00|0.00|0.00|100.0
101|1|05|2041|Taxes on Vehicles|00||797||0||01|Transfers To Karnataka State Road Safety Fund|||2041-00-797-0-01|Transfers To Karnataka State Road Safety Fund|V|Header|Detailed-Head|||||100.0
101|1|05|2041|Taxes on Vehicles|00||797||0||01|Transfers To Karnataka State Road Safety Fund|261|Inter Account Transfers|2041-00-797-0-01|Inter Account Transfers|V|Data|Object-Head|28255.50|30000.00||30000.00|100.0
101|1|05|2041|Taxes on Vehicles|00||797||0||01|Transfers To Karnataka State Road Safety Fund|||2041-00-797-0-01|HOA Total :|V|Total|Detailed-Head|28255.50|30000.00|0.00|30000.00|100.0
101|1|05|2041|Taxes on Vehicles|00||797||0||02|Transfers to Green Tax Fund|||2041-00-797-0-02|Transfers to Green Tax Fund|V|Header|Detailed-Head|||||100.0
101|1|05|2041|Taxes on Vehicles|00||797||0||02|Transfers to Green Tax Fund|261|Inter Account Transfers|2041-00-797-0-02|Inter Account Transfers|V|Data|Object-Head|2093.60|2000.00|2000.00|2369.00|100.0
101|1|05|2041|Taxes on Vehicles|00||797||0||02|Transfers to Green Tax Fund|||2041-00-797-0-02|HOA Total :|V|Total|Detailed-Head|2093.60|2000.00|2000.00|2369.00|100.0
102|01|05|2041|Taxes on Vehicles|00||902||0||01|Deduct - Amount met from Karnataka State Road Safety Fund|||2041-00-902-0-01|Deduct - Amount met from Karnataka State Road Safety Fund|V|Header|Detailed-Head|||||100.0
102|01|05|2041|Taxes on Vehicles|00||902||0||01|Deduct - Amount met from Karnataka State Road Safety Fund|261|Inter Account Transfers|2041-00-902-0-01|Inter Account Transfers|V|Data|Object-Head|-8992.09||||100.0
102|01|05|2041|Taxes on Vehicles|00||902||0||01|Deduct - Amount met from Karnataka State Road Safety Fund|||2041-00-902-0-01|HOA Total :|V|Total|Detailed-Head|-8992.09|0.00|0.00|0.00|100.0
102|01|05|2041|Taxes on Vehicles|00||902||0||02|Deduct - Amount met from Green Tax Fund|||2041-00-902-0-02|Deduct - Amount met from Green Tax Fund|V|Header|Detailed-Head|||||100.0
102|01|05|2041|Taxes on Vehicles|00||902||0||02|Deduct - Amount met from Green Tax Fund|261|Inter Account Transfers|2041-00-902-0-02|Inter Account Transfers|V|Data|Object-Head|-1907.95|-2000.00|-2000.00|-2000.00|100.0
102|01|05|2041|Taxes on Vehicles|00||902||0||02|Deduct - Amount met from Green Tax Fund|||2041-00-902-0-02|HOA Total :|V|Total|Detailed-Head|-1907.95|-2000.00|-2000.00|-2000.00|100.0
102|01|05|2041|Taxes on Vehicles|00||911||0||00|Deduct Recoveries of Over Payment|||2041-00-911-0-00|Deduct Recoveries of Over Payment|V|Header|Detailed-Head|||||100.0
102|01|05|2041|Taxes on Vehicles|00||911||0||00|Deduct Recoveries of Over Payment|364|Deduct - Recoveries|2041-00-911-0-00|Deduct - Recoveries|V|Data|Object-Head|-0.06||||100.0
102|01|05|2041|Taxes on Vehicles|00||911||0||00|Deduct Recoveries of Over Payment|||2041-00-911-0-00|HOA Total :|V|Total|Detailed-Head|-0.06|0.00|0.00|0.00|100.0
102|01|05|2041|Taxes on Vehicles|00||911||0||01|Deduct Recovery of Over Payments of Current Year|||2041-00-911-0-01|Deduct Recovery of Over Payments of Current Year|V|Header|Detailed-Head|||||100.0
102|01|05|2041|Taxes on Vehicles|00||911||0||01|Deduct Recovery of Over Payments of Current Year|364|Deduct - Recoveries|2041-00-911-0-01|Deduct - Recoveries|V|Data|Object-Head|-4.61||||100.0
102|01|05|2041|Taxes on Vehicles|00||911||0||01|Deduct Recovery of Over Payments of Current Year|||2041-00-911-0-01|HOA Total :|V|Total|Detailed-Head|-4.61|0.00|0.00|0.00|100.0
102|01|05|2041|Taxes on Vehicles|00||||||||||2041-00-000-0-00|2041 - Total :|V|Total|Major-Head|51051.36|54953.43|24955.93|55986.23|
103|01|05|2202|General Education|80||107||0||07|Scholarship to Children of Yellow Board Taxi Drivers and Auto Drivers|||2202-80-107-0-07|Scholarship to Children of Yellow Board Taxi Drivers and Auto Drivers|V|Header|Detailed-Head|||||100.0
103|01|05|2202|General Education|80||107||0||07|Scholarship to Children of Yellow Board Taxi Drivers and Auto Drivers|117|Scholarships & Incentives|2202-80-107-0-07|Scholarships & Incentives|V|Data|Object-Head|214.39|151.80|||100.0
103|01|05|2202|General Education|80||107||0||07|Scholarship to Children of Yellow Board Taxi Drivers and Auto Drivers|422|Schedule Caste Sub Plan|2202-80-107-0-07|Schedule Caste Sub Plan|V|Data|Object-Head||34.30|||100.0
103|01|05|2202|General Education|80||107||0||07|Scholarship to Children of Yellow Board Taxi Drivers and Auto Drivers|423|Tribal Sub Plan|2202-80-107-0-07|Tribal Sub Plan|V|Data|Object-Head||13.90|||100.0
103|01|05|2202|General Education|80||107||0||07|Scholarship to Children of Yellow Board Taxi Drivers and Auto Drivers|||2202-80-107-0-07|HOA Total :|V|Total|Detailed-Head|214.39|200.00|0.00|0.00|100.0
103|01|05|2202|General Education|80||||||||||2202-80-000-0-00|2202 - Total :|V|Total|Major-Head|214.39|200.00|0.00|0.00|
104|01|05|3055|Road Transport|00||||||||||3055-00-000-0-00|Road Transport|V|Header|Major-Head|||||
104|01|05|3055|Road Transport|00||001||0||02|Special Assistance from the State Government|||3055-00-001-0-02|Special Assistance from the State Government|V|Header|Detailed-Head|||||100.0
104|01|05|3055|Road Transport|00||001||0||02|Special Assistance from the State Government|100|Financial Assistance/Relief|3055-00-001-0-02|Financial Assistance/Relief|V|Data|Object-Head||||62000.00|100.0
104|01|05|3055|Road Transport|00||001||0||02|Special Assistance from the State Government|422|Schedule Caste Sub Plan|3055-00-001-0-02|Schedule Caste Sub Plan|V|Data|Object-Head||||21700.00|100.0
104|01|05|3055|Road Transport|00||001||0||02|Special Assistance from the State Government|423|Tribal Sub Plan|3055-00-001-0-02|Tribal Sub Plan|V|Data|Object-Head||||6300.00|100.0
104|01|05|3055|Road Transport|00||001||0||02|Special Assistance from the State Government|||3055-00-001-0-02|HOA Total :|V|Total|Detailed-Head|0.00|0.00|0.00|90000.00|100.0
104|01|05|3055|Road Transport|00||001||0||50|Vacant Post Provision|||3055-00-001-0-50|Vacant Post Provision|V|Header|Detailed-Head|||||100.0
104|01|05|3055|Road Transport|00||001||0||50|Vacant Post Provision|014|Other Allowance|3055-00-001-0-50|Other Allowance|V|Data|Object-Head||8817.80|8815.30|10809.80|100.0
104|01|05|3055|Road Transport|00||001||0||50|Vacant Post Provision|||3055-00-001-0-50|HOA Total :|V|Total|Detailed-Head|0.00|8817.80|8815.30|10809.80|100.0
104|01|05|3055|Road Transport|00||190||0||02|Free Bus Pass Facility to Freedom Fighters|||3055-00-190-0-02|Free Bus Pass Facility to Freedom Fighters|V|Header|Detailed-Head|||||100.0
104|01|05|3055|Road Transport|00||190||0||02|Free Bus Pass Facility to Freedom Fighters|106|Subsidies|3055-00-190-0-02|Subsidies|V|Data|Object-Head|43.50|44.00|44.00|46.00|100.0
104|01|05|3055|Road Transport|00||190||0||02|Free Bus Pass Facility to Freedom Fighters|||3055-00-190-0-02|HOA Total :|V|Total|Detailed-Head|43.50|44.00|44.00|46.00|100.0
104|01|05|3055|Road Transport|00||190||0||03|Bangalore Metropolitan Transport Corporation(BMTC)|||3055-00-190-0-03|Bangalore Metropolitan Transport Corporation(BMTC)|V|Header|Detailed-Head|||||100.0
104|01|05|3055|Road Transport|00||190||0||03|Bangalore Metropolitan Transport Corporation(BMTC)|100|Financial Assistance/Relief|3055-00-190-0-03|Financial Assistance/Relief|V|Data|Object-Head|12488.49||||100.0
104|01|05|3055|Road Transport|00||190||0||03|Bangalore Metropolitan Transport Corporation(BMTC)|103|Grants-in-Aid -General|3055-00-190-0-03|Grants-in-Aid -General|V|Data|Object-Head||15000.00|15000.00|20000.00|100.0
104|01|05|3055|Road Transport|00||190||0||03|Bangalore Metropolitan Transport Corporation(BMTC)|106|Subsidies|3055-00-190-0-03|Subsidies|V|Data|Object-Head|17653.72|7663.00|7663.00|7778.00|100.0
104|01|05|3055|Road Transport|00||190||0||03|Bangalore Metropolitan Transport Corporation(BMTC)|422|Schedule Caste Sub Plan|3055-00-190-0-03|Schedule Caste Sub Plan|V|Data|Object-Head|3668.17|3425.00|3425.00|3476.00|100.0
104|01|05|3055|Road Transport|00||190||0||03|Bangalore Metropolitan Transport Corporation(BMTC)|423|Tribal Sub Plan|3055-00-190-0-03|Tribal Sub Plan|V|Data|Object-Head|518.62|484.00|484.00|491.00|100.0
104|01|05|3055|Road Transport|00||190||0||03|Bangalore Metropolitan Transport Corporation(BMTC)|||3055-00-190-0-03|HOA Total :|V|Total|Detailed-Head|34329.00|26572.00|26572.00|31745.00|100.0
104|01|05|3055|Road Transport|00||190||0||04|North West Karnataka Road Transport Corporation(NWKRTC)|||3055-00-190-0-04|North West Karnataka Road Transport Corporation(NWKRTC)|V|Header|Detailed-Head|||||100.0
104|01|05|3055|Road Transport|00||190||0||04|North West Karnataka Road Transport Corporation(NWKRTC)|106|Subsidies|3055-00-190-0-04|Subsidies|V|Data|Object-Head|23233.44|9929.00|9929.00|10078.00|100.0
104|01|05|3055|Road Transport|00||190||0||04|North West Karnataka Road Transport Corporation(NWKRTC)|422|Schedule Caste Sub Plan|3055-00-190-0-04|Schedule Caste Sub Plan|V|Data|Object-Head|3039.04|2837.00|2837.00|2880.00|100.0
105|01|05|3055|Road Transport|00||190||0||04|North West Karnataka Road Transport Corporation(NWKRTC)|423|Tribal Sub Plan|3055-00-190-0-04|Tribal Sub Plan|V|Data|Object-Head|1611.28|1504.00|1504.00|1527.00|100.0
105|01|05|3055|Road Transport|00||190||0||04|North West Karnataka Road Transport Corporation(NWKRTC)|||3055-00-190-0-04|HOA Total :|V|Total|Detailed-Head|27883.76|14270.00|14270.00|14485.00|100.0
105|01|05|3055|Road Transport|00||190||0||05|Kalyana Karnataka Road Transport Corporation(KKRTC)|||3055-00-190-0-05|Kalyana Karnataka Road Transport Corporation(KKRTC)|V|Header|Detailed-Head|||||100.0
105|01|05|3055|Road Transport|00||190||0||05|Kalyana Karnataka Road Transport Corporation(KKRTC)|106|Subsidies|3055-00-190-0-05|Subsidies|V|Data|Object-Head|18876.36|5059.00|5059.00|5134.00|100.0
105|01|05|3055|Road Transport|00||190||0||05|Kalyana Karnataka Road Transport Corporation(KKRTC)|422|Schedule Caste Sub Plan|3055-00-190-0-05|Schedule Caste Sub Plan|V|Data|Object-Head|4957.75|4628.00|4628.00|4698.00|100.0
105|01|05|3055|Road Transport|00||190||0||05|Kalyana Karnataka Road Transport Corporation(KKRTC)|423|Tribal Sub Plan|3055-00-190-0-05|Tribal Sub Plan|V|Data|Object-Head|2379.55|2221.00|2221.00|2255.00|100.0
105|01|05|3055|Road Transport|00||190||0||05|Kalyana Karnataka Road Transport Corporation(KKRTC)|||3055-00-190-0-05|HOA Total :|V|Total|Detailed-Head|26213.66|11908.00|11908.00|12087.00|100.0
105|01|05|3055|Road Transport|00||190||0||06|Free Bus Travel Facility to the Blind|||3055-00-190-0-06|Free Bus Travel Facility to the Blind|V|Header|Detailed-Head|||||100.0
105|01|05|3055|Road Transport|00||190||0||06|Free Bus Travel Facility to the Blind|106|Subsidies|3055-00-190-0-06|Subsidies|V|Data|Object-Head|1547.31|1577.96|1577.96|1624.80|100.0
105|01|05|3055|Road Transport|00||190||0||06|Free Bus Travel Facility to the Blind|422|Schedule Caste Sub Plan|3055-00-190-0-06|Schedule Caste Sub Plan|V|Data|Object-Head|349.62|356.55|356.55|367.40|100.0
105|01|05|3055|Road Transport|00||190||0||06|Free Bus Travel Facility to the Blind|423|Tribal Sub Plan|3055-00-190-0-06|Tribal Sub Plan|V|Data|Object-Head|141.68|144.49|144.49|148.80|100.0
105|01|05|3055|Road Transport|00||190||0||06|Free Bus Travel Facility to the Blind|||3055-00-190-0-06|HOA Total :|V|Total|Detailed-Head|2038.61|2079.00|2079.00|2141.00|100.0
105|01|05|3055|Road Transport|00||190||0||07|Free Bus Travel Facility to the Handicapped|||3055-00-190-0-07|Free Bus Travel Facility to the Handicapped|V|Header|Detailed-Head|||||100.0
105|01|05|3055|Road Transport|00||190||0||07|Free Bus Travel Facility to the Handicapped|106|Subsidies|3055-00-190-0-07|Subsidies|V|Data|Object-Head|1779.47|1814.77|1814.77|1868.66|100.0
105|01|05|3055|Road Transport|00||190||0||07|Free Bus Travel Facility to the Handicapped|422|Schedule Caste Sub Plan|3055-00-190-0-07|Schedule Caste Sub Plan|V|Data|Object-Head|402.08|410.06|410.06|422.24|100.0
105|01|05|3055|Road Transport|00||190||0||07|Free Bus Travel Facility to the Handicapped|423|Tribal Sub Plan|3055-00-190-0-07|Tribal Sub Plan|V|Data|Object-Head|162.95|166.17|166.17|171.10|100.0
105|01|05|3055|Road Transport|00||190||0||07|Free Bus Travel Facility to the Handicapped|||3055-00-190-0-07|HOA Total :|V|Total|Detailed-Head|2344.50|2391.00|2391.00|2462.00|100.0
105|01|05|3055|Road Transport|00||190||0||08|Free Bus Pass To Widows Of Freedom Fighters|||3055-00-190-0-08|Free Bus Pass To Widows Of Freedom Fighters|V|Header|Detailed-Head|||||100.0
105|01|05|3055|Road Transport|00||190||0||08|Free Bus Pass To Widows Of Freedom Fighters|106|Subsidies|3055-00-190-0-08|Subsidies|V|Data|Object-Head|1.65|2.00|2.00|2.00|100.0
105|01|05|3055|Road Transport|00||190||0||08|Free Bus Pass To Widows Of Freedom Fighters|||3055-00-190-0-08|HOA Total :|V|Total|Detailed-Head|1.65|2.00|2.00|2.00|100.0
106|01|05|3055|Road Transport|00||190||0||09|Concessional Bus Travel Facility to Senior Citizens|||3055-00-190-0-09|Concessional Bus Travel Facility to Senior Citizens|V|Header|Detailed-Head|||||100.0
106|01|05|3055|Road Transport|00||190||0||09|Concessional Bus Travel Facility to Senior Citizens|106|Subsidies|3055-00-190-0-09|Subsidies|V|Data|Object-Head|2764.28|2819.69|2819.69|2902.41|100.0
106|01|05|3055|Road Transport|00||190||0||09|Concessional Bus Travel Facility to Senior Citizens|422|Schedule Caste Sub Plan|3055-00-190-0-09|Schedule Caste Sub Plan|V|Data|Object-Head|624.60|637.12|637.12|655.82|100.0
106|01|05|3055|Road Transport|00||190||0||09|Concessional Bus Travel Facility to Senior Citizens|423|Tribal Sub Plan|3055-00-190-0-09|Tribal Sub Plan|V|Data|Object-Head|253.12|258.19|258.19|265.77|100.0
106|01|05|3055|Road Transport|00||190||0||09|Concessional Bus Travel Facility to Senior Citizens|||3055-00-190-0-09|HOA Total :|V|Total|Detailed-Head|3642.00|3715.00|3715.00|3824.00|100.0
106|01|05|3055|Road Transport|00||190||0||10|Karnataka State Road Transport Corporation(KSRTC)|||3055-00-190-0-10|Karnataka State Road Transport Corporation(KSRTC)|V|Header|Detailed-Head|||||100.0
106|01|05|3055|Road Transport|00||190||0||10|Karnataka State Road Transport Corporation(KSRTC)|106|Subsidies|3055-00-190-0-10|Subsidies|V|Data|Object-Head|40680.60|11582.00|11582.00|11755.00|100.0
106|01|05|3055|Road Transport|00||190||0||10|Karnataka State Road Transport Corporation(KSRTC)|422|Schedule Caste Sub Plan|3055-00-190-0-10|Schedule Caste Sub Plan|V|Data|Object-Head|7731.87|7218.00|7218.00|7327.00|100.0
106|01|05|3055|Road Transport|00||190||0||10|Karnataka State Road Transport Corporation(KSRTC)|423|Tribal Sub Plan|3055-00-190-0-10|Tribal Sub Plan|V|Data|Object-Head|3694.47|3449.00|3449.00|3501.00|100.0
106|01|05|3055|Road Transport|00||190||0||10|Karnataka State Road Transport Corporation(KSRTC)|||3055-00-190-0-10|HOA Total :|V|Total|Detailed-Head|52106.94|22249.00|22249.00|22583.00|100.0
106|01|05|3055|Road Transport|00||190||0||11|Issue of Free Bus Passes to the dependents of Martyrs|||3055-00-190-0-11|Issue of Free Bus Passes to the dependents of Martyrs|V|Header|Detailed-Head|||||100.0
106|01|05|3055|Road Transport|00||190||0||11|Issue of Free Bus Passes to the dependents of Martyrs|106|Subsidies|3055-00-190-0-11|Subsidies|V|Data|Object-Head|150.75|151.00|151.00|158.00|100.0
106|01|05|3055|Road Transport|00||190||0||11|Issue of Free Bus Passes to the dependents of Martyrs|||3055-00-190-0-11|HOA Total :|V|Total|Detailed-Head|150.75|151.00|151.00|158.00|100.0
106|01|05|3055|Road Transport|00||190||0||13|Free Bus Travel Facility to Endosulphan affected Victims|||3055-00-190-0-13|Free Bus Travel Facility to Endosulphan affected Victims|V|Header|Detailed-Head|||||100.0
106|01|05|3055|Road Transport|00||190||0||13|Free Bus Travel Facility to Endosulphan affected Victims|106|Subsidies|3055-00-190-0-13|Subsidies|V|Data|Object-Head|804.00|804.00|804.00|844.00|100.0
106|01|05|3055|Road Transport|00||190||0||13|Free Bus Travel Facility to Endosulphan affected Victims|||3055-00-190-0-13|HOA Total :|V|Total|Detailed-Head|804.00|804.00|804.00|844.00|100.0
106|01|05|3055|Road Transport|00||190||0||14|Free Pass Facility to Goa Activists|||3055-00-190-0-14|Free Pass Facility to Goa Activists|V|Header|Detailed-Head|||||100.0
106|01|05|3055|Road Transport|00||190||0||14|Free Pass Facility to Goa Activists|106|Subsidies|3055-00-190-0-14|Subsidies|V|Data|Object-Head|212.00|212.00|212.00|223.00|100.0
106|01|05|3055|Road Transport|00||190||0||14|Free Pass Facility to Goa Activists|||3055-00-190-0-14|HOA Total :|V|Total|Detailed-Head|212.00|212.00|212.00|223.00|100.0
107|01|05|3055|Road Transport|00||190||0||15|Free Bus Pass Facility to Journalists|||3055-00-190-0-15|Free Bus Pass Facility to Journalists|V|Header|Detailed-Head|||||100.0
107|01|05|3055|Road Transport|00||190||0||15|Free Bus Pass Facility to Journalists|106|Subsidies|3055-00-190-0-15|Subsidies|V|Data|Object-Head|50.00|1000.00|1000.00|1050.00|100.0
107|01|05|3055|Road Transport|00||190||0||15|Free Bus Pass Facility to Journalists|||3055-00-190-0-15|HOA Total :|V|Total|Detailed-Head|50.00|1000.00|1000.00|1050.00|100.0
107|01|05|3055|Road Transport|00||190||0||16|Shakthi Scheme|||3055-00-190-0-16|Shakthi Scheme|V|Header|Detailed-Head|||||100.0
107|01|05|3055|Road Transport|00||190||0||16|Shakthi Scheme|106|Subsidies|3055-00-190-0-16|Subsidies|V|Data|Object-Head|398989.70|376300.00|376300.00|376300.00|100.0
107|01|05|3055|Road Transport|00||190||0||16|Shakthi Scheme|422|Schedule Caste Sub Plan|3055-00-190-0-16|Schedule Caste Sub Plan|V|Data|Object-Head|112076.07|106000.00|106000.00|106000.00|100.0
107|01|05|3055|Road Transport|00||190||0||16|Shakthi Scheme|423|Tribal Sub Plan|3055-00-190-0-16|Tribal Sub Plan|V|Data|Object-Head|50434.23|47700.00|47700.00|47700.00|100.0
107|01|05|3055|Road Transport|00||190||0||16|Shakthi Scheme|||3055-00-190-0-16|HOA Total :|V|Total|Detailed-Head|561500.00|530000.00|530000.00|530000.00|100.0
107|01|05|3055|Road Transport|00||||||||||3055|3055 - Total :|V|Total|Major-Head|711320.37|624214.80|624212.30|722459.80|
108|01|05|4059|Capital Outlay on Public Works|80||||||||||4059|Capital Outlay on Public Works|V|Header|Major-Head|||||
108|01|05|4059|Capital Outlay on Public Works|80||051||0||34|RTO Buildings and Test Driving Track|||4059-80-051-0-34|RTO Buildings and Test Driving Track|V|Header|Detailed-Head|||||100.0
108|01|05|4059|Capital Outlay on Public Works|80||051||0||34|RTO Buildings and Test Driving Track|053|Purchase of Furniture and Fixture for Office|4059-80-051-0-34|Purchase of Furniture and Fixture for Office|V|Data|Object-Head||20.00|20.00|21.00|100.0
108|01|05|4059|Capital Outlay on Public Works|80||051||0||34|RTO Buildings and Test Driving Track|180|Machinery and Equipments|4059-80-051-0-34|Machinery and Equipments|V|Data|Object-Head||5.00|5.00|2.00|100.0
108|01|05|4059|Capital Outlay on Public Works|80||051||0||34|RTO Buildings and Test Driving Track|386|Purchase/Construction of Buildings|4059-80-051-0-34|Purchase/Construction of Buildings|V|Data|Object-Head|2000.00|2000.00|2000.00|2000.00|100.0
108|01|05|4059|Capital Outlay on Public Works|80||051||0||34|RTO Buildings and Test Driving Track|||4059-80-051-0-34|HOA Total :|V|Total|Detailed-Head|2000.00|2025.00|2025.00|2023.00|100.0
108|01|05|4059|Capital Outlay on Public Works|80||||||||||4059|4059 - Total :|V|Total|Major-Head|2000.00|2025.00|2025.00|2023.00|
109|01|05|5055|Capital Outlay on Road Transport|00||||||||||5055|Capital Outlay on Road Transport|V|Header|Major-Head|||||
109|01|05|5055|Capital Outlay on Road Transport|00||001||0||01|Grants from Karnataka State Road Safety Fund|||5055-00-001-0-01|Grants from Karnataka State Road Safety Fund|V|Header|Detailed-Head|||||100.0
109|01|05|5055|Capital Outlay on Road Transport|00||001||0||01|Grants from Karnataka State Road Safety Fund|132|Other Capital Expenses|5055-00-001-0-01|Other Capital Expenses|V|Data|Object-Head||9000.00|9000.00|9000.00|100.0
109|01|05|5055|Capital Outlay on Road Transport|00||001||0||01|Grants from Karnataka State Road Safety Fund|||5055-00-001-0-01|HOA Total :|V|Total|Detailed-Head|0.00|9000.00|9000.00|9000.00|100.0
109|01|05|5055|Capital Outlay on Road Transport|00||050||0||05|Purchase of Land for Construction of RTOs|||5055-00-050-0-05|Purchase of Land for Construction of RTOs|V|Header|Detailed-Head|||||100.0
109|01|05|5055|Capital Outlay on Road Transport|00||050||0||05|Purchase of Land for Construction of RTOs|147|Land & Buildings|5055-00-050-0-05|Land & Buildings|V|Data|Object-Head||1.00|1.00|1.00|100.0
109|01|05|5055|Capital Outlay on Road Transport|00||050||0||05|Purchase of Land for Construction of RTOs|180|Machinery and Equipments|5055-00-050-0-05|Machinery and Equipments|V|Data|Object-Head||10.00|10.00||100.0
109|01|05|5055|Capital Outlay on Road Transport|00||050||0||05|Purchase of Land for Construction of RTOs|||5055-00-050-0-05|HOA Total :|V|Total|Detailed-Head|0.00|11.00|11.00|1.00|100.0
109|01|05|5055|Capital Outlay on Road Transport|00||102||0||02|Amount as per the SCSP-TSPAct 2013|||5055-00-102-0-02|Amount as per the SCSP-TSPAct 2013|V|Header|Detailed-Head|||||100.0
109|01|05|5055|Capital Outlay on Road Transport|00||102||0||02|Amount as per the SCSP-TSPAct 2013|422|Schedule Caste Sub Plan|5055-00-102-0-02|Schedule Caste Sub Plan|V|Data|Object-Head||4.77|4.77||100.0
109|01|05|5055|Capital Outlay on Road Transport|00||102||0||02|Amount as per the SCSP-TSPAct 2013|||5055-00-102-0-02|HOA Total :|V|Total|Detailed-Head|0.00|4.77|4.77|0.00|100.0
109|01|05|5055|Capital Outlay on Road Transport|00||102||3||01|Purchase of New Buses|||5055-00-102-3-01|Purchase of New Buses|V|Header|Detailed-Head|||||100.0
109|01|05|5055|Capital Outlay on Road Transport|00||102||3||01|Purchase of New Buses|199|Transportation Assets|5055-00-102-3-01|Transportation Assets|V|Data|Object-Head||||15000.00|100.0
109|01|05|5055|Capital Outlay on Road Transport|00||102||3||01|Purchase of New Buses|||5055-00-102-3-01|HOA Total :|V|Total|Detailed-Head|0.00|0.00|0.00|15000.00|100.0
109|01|05|5055|Capital Outlay on Road Transport|00||102||4||01|KEBP-Karnataka Electric Bus Program-EAP|||5055-00-102-4-01|KEBP-Karnataka Electric Bus Program-EAP|V|Header|Detailed-Head|||||100.0
109|01|05|5055|Capital Outlay on Road Transport|00||102||4||01|KEBP-Karnataka Electric Bus Program-EAP|132|Other Capital Expenses|5055-00-102-4-01|Other Capital Expenses|V|Data|Object-Head||2500.00|2500.00|10000.00|100.0
109|01|05|5055|Capital Outlay on Road Transport|00||102||4||01|KEBP-Karnataka Electric Bus Program-EAP|||5055-00-102-4-01|HOA Total :|V|Total|Detailed-Head|0.00|2500.00|2500.00|10000.00|100.0
109|01|05|5055|Capital Outlay on Road Transport|00||104||0||01|Special Capital Assistance|||5055-00-104-0-01|Special Capital Assistance|V|Header|Detailed-Head|||||100.0
109|01|05|5055|Capital Outlay on Road Transport|00||104||0||01|Special Capital Assistance|132|Other Capital Expenses|5055-00-104-0-01|Other Capital Expenses|V|Data|Object-Head||1.00|1.00||100.0
109|01|05|5055|Capital Outlay on Road Transport|00||104||0||01|Special Capital Assistance|||5055-00-104-0-01|HOA Total :|V|Total|Detailed-Head|0.00|1.00|1.00|0.00|100.0
110|01|05|5055|Capital Outlay on Road Transport|00||||||||||5055|Capital Outlay on Road Transport|V|Header|Major-Head|||||
110|01|05|5055|Capital Outlay on Road Transport|00||190||1||00|Karnataka State Road Transport Corporation(KSRTC)|||5055-00-190-1-00|Karnataka State Road Transport Corporation(KSRTC)|V|Header|Detailed-Head|||||100.0
110|01|05|5055|Capital Outlay on Road Transport|00||190||1||00|Karnataka State Road Transport Corporation(KSRTC)|132|Other Capital Expenses|5055-00-190-1-00|Other Capital Expenses|V|Data|Object-Head|3036.00||||100.0
110|01|05|5055|Capital Outlay on Road Transport|00||190||1||00|Karnataka State Road Transport Corporation(KSRTC)|240|Repayment of Borrowings|5055-00-190-1-00|Repayment of Borrowings|C|Data|Object-Head||14100.00|12600.00|18286.50|100.0
110|01|05|5055|Capital Outlay on Road Transport|00||190||1||00|Karnataka State Road Transport Corporation(KSRTC)|423|Tribal Sub Plan|5055-00-190-1-00|Tribal Sub Plan|V|Data|Object-Head|278.00||||100.0
110|01|05|5055|Capital Outlay on Road Transport|00||190||1||00|Karnataka State Road Transport Corporation(KSRTC)|||5055-00-190-1-00|HOA Total :|V|Total|Detailed-Head|3314.00|14100.00|12600.00|18286.50|100.0
110|01|05|5055|Capital Outlay on Road Transport|00||190||2||00|North West Karnataka Road Transport Corporation(NWKRTC)|||5055-00-190-2-00|North West Karnataka Road Transport Corporation(NWKRTC)|V|Header|Detailed-Head|||||100.0
110|01|05|5055|Capital Outlay on Road Transport|00||190||2||00|North West Karnataka Road Transport Corporation(NWKRTC)|132|Other Capital Expenses|5055-00-190-2-00|Other Capital Expenses|V|Data|Object-Head|3036.00||||100.0
110|01|05|5055|Capital Outlay on Road Transport|00||190||2||00|North West Karnataka Road Transport Corporation(NWKRTC)|240|Repayment of Borrowings|5055-00-190-2-00|Repayment of Borrowings|C|Data|Object-Head||14600.00|14600.00|17443.06|100.0
110|01|05|5055|Capital Outlay on Road Transport|00||190||2||00|North West Karnataka Road Transport Corporation(NWKRTC)|422|Schedule Caste Sub Plan|5055-00-190-2-00|Schedule Caste Sub Plan|V|Data|Object-Head|686.00||||100.0
110|01|05|5055|Capital Outlay on Road Transport|00||190||2||00|North West Karnataka Road Transport Corporation(NWKRTC)|423|Tribal Sub Plan|5055-00-190-2-00|Tribal Sub Plan|V|Data|Object-Head|278.00||||100.0
110|01|05|5055|Capital Outlay on Road Transport|00||190||2||00|North West Karnataka Road Transport Corporation(NWKRTC)|||5055-00-190-2-00|HOA Total :|V|Total|Detailed-Head|4000.00|14600.00|14600.00|17443.06|100.0
110|01|05|5055|Capital Outlay on Road Transport|00||190||3||00|Bangalore Metropolitan Transport Corporation(BMTC)|||5055-00-190-3-00|Bangalore Metropolitan Transport Corporation(BMTC)|V|Header|Detailed-Head|||||100.0
110|01|05|5055|Capital Outlay on Road Transport|00||190||3||00|Bangalore Metropolitan Transport Corporation(BMTC)|132|Other Capital Expenses|5055-00-190-3-00|Other Capital Expenses|V|Data|Object-Head|3036.00||||100.0
110|01|05|5055|Capital Outlay on Road Transport|00||190||3||00|Bangalore Metropolitan Transport Corporation(BMTC)|199|Transportation Assets|5055-00-190-3-00|Transportation Assets|V|Data|Object-Head||||25000.00|100.0
110|01|05|5055|Capital Outlay on Road Transport|00||190||3||00|Bangalore Metropolitan Transport Corporation(BMTC)|211|Investment|5055-00-190-3-00|Investment|V|Data|Object-Head|16143.00||||100.0
110|01|05|5055|Capital Outlay on Road Transport|00||190||3||00|Bangalore Metropolitan Transport Corporation(BMTC)|240|Repayment of Borrowings|5055-00-190-3-00|Repayment of Borrowings|C|Data|Object-Head||22171.00|22171.00|23997.90|100.0
110|01|05|5055|Capital Outlay on Road Transport|00||190||3||00|Bangalore Metropolitan Transport Corporation(BMTC)|422|Schedule Caste Sub Plan|5055-00-190-3-00|Schedule Caste Sub Plan|V|Data|Object-Head|686.00||||100.0
110|01|05|5055|Capital Outlay on Road Transport|00||190||3||00|Bangalore Metropolitan Transport Corporation(BMTC)|423|Tribal Sub Plan|5055-00-190-3-00|Tribal Sub Plan|V|Data|Object-Head|278.00||||100.0
110|01|05|5055|Capital Outlay on Road Transport|00||190||3||00|Bangalore Metropolitan Transport Corporation(BMTC)|||5055-00-190-3-00|HOA Total :|V|Total|Detailed-Head|20143.00|22171.00|22171.00|48997.90|100.0
110|01|05|5055|Capital Outlay on Road Transport|00||190||4||00|Kalyana Karnataka Road Transport Corporation(KKRTC)|||5055-00-190-4-00|Kalyana Karnataka Road Transport Corporation(KKRTC)|V|Header|Detailed-Head|||||100.0
110|01|05|5055|Capital Outlay on Road Transport|00||190||4||00|Kalyana Karnataka Road Transport Corporation(KKRTC)|132|Other Capital Expenses|5055-00-190-4-00|Other Capital Expenses|V|Data|Object-Head|1138.50||||100.0
110|01|05|5055|Capital Outlay on Road Transport|00||190||4||00|Kalyana Karnataka Road Transport Corporation(KKRTC)|240|Repayment of Borrowings|5055-00-190-4-00|Repayment of Borrowings|C|Data|Object-Head||3200.00|3200.00|4154.30|100.0
110|01|05|5055|Capital Outlay on Road Transport|00||190||4||00|Kalyana Karnataka Road Transport Corporation(KKRTC)|422|Schedule Caste Sub Plan|5055-00-190-4-00|Schedule Caste Sub Plan|V|Data|Object-Head|257.25||||100.0
111|01|05|5055|Capital Outlay on Road Transport|00||190||4||00|Kalyana Karnataka Road Transport Corporation(KKRTC)|423|Tribal Sub Plan|5055-00-190-4-00|Tribal Sub Plan|V|Data|Object-Head|104.25||||100.0
111|01|05|5055|Capital Outlay on Road Transport|00||190||4||00|Kalyana Karnataka Road Transport Corporation(KKRTC)|||5055-00-190-4-00|HOA Total :|V|Total|Detailed-Head|1500.00|3200.00|3200.00|4154.30|100.0
111|01|05|5055|Capital Outlay on Road Transport|00||902||0||02|Deduct-Amount Met from Karnataka State Road Safety Fund|||5055-00-902-0-02|Deduct-Amount Met from Karnataka State Road Safety Fund|V|Header|Detailed-Head|||||100.0
111|01|05|5055|Capital Outlay on Road Transport|00||902||0||02|Deduct-Amount Met from Karnataka State Road Safety Fund|261|Inter Account Transfers|5055-00-902-0-02|Inter Account Transfers|V|Data|Object-Head||-9000.00|-9000.00|-9000.00|100.0
111|01|05|5055|Capital Outlay on Road Transport|00||902||0||02|Deduct-Amount Met from Karnataka State Road Safety Fund|||5055-00-902-0-02|HOA Total :|V|Total|Detailed-Head|0.00|-9000.00|-9000.00|-9000.00|100.0
111|01|05|5055|Capital Outlay on Road Transport|00||902||0||03|Deduct-Amount met from SUTF|||5055-00-902-0-03|Deduct-Amount met from SUTF|V|Header|Detailed-Head|||||100.0
111|01|05|5055|Capital Outlay on Road Transport|00||902||0||03|Deduct-Amount met from SUTF|261|Inter Account Transfers|5055-00-902-0-03|Inter Account Transfers|V|Data|Object-Head||||-25000.00|100.0
111|01|05|5055|Capital Outlay on Road Transport|00||902||0||03|Deduct-Amount met from SUTF|||5055-00-902-0-03|HOA Total :|V|Total|Detailed-Head|0.00|0.00|0.00|-25000.00|100.0
111|01|05|5055|Capital Outlay on Road Transport|00||||||||||5055|5055 - Total :|V|Total|Major-Head|28957.00|56587.77|55087.77|88882.76|
112|01|05|7055|Loans to Road Transports|00||||||||||7055|Loans to Road Transports|V|Header|Major-Head|||||
112|01|05|7055|Loans to Road Transports|00||190||1||02|Loan to KSRTC for Establishment of Satellite Bus Terminal|||7055-00-190-1-02|Loan to KSRTC for Establishment of Satellite Bus Terminal|V|Header|Detailed-Head|||||100.0
112|01|05|7055|Loans to Road Transports|00||190||1||02|Loan to KSRTC for Establishment of Satellite Bus Terminal|394|Loans|7055-00-190-1-02|Loans|V|Data|Object-Head|||4700.00||100.0
112|01|05|7055|Loans to Road Transports|00||190||1||02|Loan to KSRTC for Establishment of Satellite Bus Terminal|||7055-00-190-1-02|HOA Total :|V|Total|Detailed-Head|0.00|0.00|4700.00|0.00|100.0
112|01|05|7055|Loans to Road Transports|00||||||||||7055|7055 - Total :|V|Total|Major-Head|0.00|0.00|4700.00|0.00|
113|01|27|2014|Administration of Justice|00||||||||||2014|Administration of Justice||Header|Major-Head|||||
113|01|27|2014|Administration of Justice|00||102|High Courts|0||01|Judges - High Court of Karnataka|||2014-00-102-0-01|Judges - High Court of Karnataka|C|Header|Detailed-Head|||||100.0
113|01|27|2014|Administration of Justice|00||102|High Courts|0||01|Judges - High Court of Karnataka|002|Basic Pay|2014-00-102-0-01|Basic Pay|C|Data|Object-Head|1372.89|1254.00|1254.00|1105.00|100.0
113|01|27|2014|Administration of Justice|00||102|High Courts|0||01|Judges - High Court of Karnataka|011|Dearness Allowance|2014-00-102-0-01|Dearness Allowance|C|Data|Object-Head|724.37|799.00|799.00|754.00|100.0
113|01|27|2014|Administration of Justice|00||102|High Courts|0||01|Judges - High Court of Karnataka|014|Other Allowance|2014-00-102-0-01|Other Allowance|C|Data|Object-Head|351.48|287.00|287.00|226.00|100.0
113|01|27|2014|Administration of Justice|00||102|High Courts|0||01|Judges - High Court of Karnataka|021|Reimbursement of Medical Expenses|2014-00-102-0-01|Reimbursement of Medical Expenses|C|Data|Object-Head|492.12|500.00|500.00|500.00|100.0
113|01|27|2014|Administration of Justice|00||102|High Courts|0||01|Judges - High Court of Karnataka|041|Travel Expenses|2014-00-102-0-01|Travel Expenses|C|Data|Object-Head|457.11|500.00|500.00|500.00|100.0
113|01|27|2014|Administration of Justice|00||102|High Courts|0||01|Judges - High Court of Karnataka|071|Building Expenses|2014-00-102-0-01|Building Expenses|C|Data|Object-Head|333.71|500.00|500.00|500.00|100.0
113|01|27|2014|Administration of Justice|00||102|High Courts|0||01|Judges - High Court of Karnataka|||2014-00-102-0-01|HOA Total :|C|Total|Detailed-Head|3731.68|3840.00|3840.00|3585.00|100.0
113|01|27|2014|Administration of Justice|00||102|High Courts|0||02|Establishment Charges of High Court of Karnataka, Bengaluru - Dharwad Bench - Kalburgi Bench.|||2014-00-102-0-02|Establishment Charges of High Court of Karnataka, Bengaluru - Dharwad Bench - Kalburgi Bench.|C|Header|Detailed-Head|||||100.0
113|01|27|2014|Administration of Justice|00||102|High Courts|0||02|Establishment Charges of High Court of Karnataka, Bengaluru - Dharwad Bench - Kalburgi Bench.|002|Basic Pay|2014-00-102-0-02|Basic Pay|C|Data|Object-Head|5049.86|14484.00|14484.00|14900.00|100.0
113|01|27|2014|Administration of Justice|00||102|High Courts|0||02|Establishment Charges of High Court of Karnataka, Bengaluru - Dharwad Bench - Kalburgi Bench.|003|Basic Pay-Staff|2014-00-102-0-02|Basic Pay-Staff|C|Data|Object-Head|8787.95||||100.0
113|01|27|2014|Administration of Justice|00||102|High Courts|0||02|Establishment Charges of High Court of Karnataka, Bengaluru - Dharwad Bench - Kalburgi Bench.|004|Interim Relief|2014-00-102-0-02|Interim Relief|C|Data|Object-Head|20.61||||100.0
113|01|27|2014|Administration of Justice|00||102|High Courts|0||02|Establishment Charges of High Court of Karnataka, Bengaluru - Dharwad Bench - Kalburgi Bench.|011|Dearness Allowance|2014-00-102-0-02|Dearness Allowance|C|Data|Object-Head|7234.41|9132.00|9132.00|10143.00|100.0
113|01|27|2014|Administration of Justice|00||102|High Courts|0||02|Establishment Charges of High Court of Karnataka, Bengaluru - Dharwad Bench - Kalburgi Bench.|014|Other Allowance|2014-00-102-0-02|Other Allowance|C|Data|Object-Head|6277.36|6137.00|6137.00|8164.00|100.0
113|01|27|2014|Administration of Justice|00||102|High Courts|0||02|Establishment Charges of High Court of Karnataka, Bengaluru - Dharwad Bench - Kalburgi Bench.|020|Medical Allowance|2014-00-102-0-02|Medical Allowance|C|Data|Object-Head|10.11||||100.0
113|01|27|2014|Administration of Justice|00||102|High Courts|0||02|Establishment Charges of High Court of Karnataka, Bengaluru - Dharwad Bench - Kalburgi Bench.|021|Reimbursement of Medical Expenses|2014-00-102-0-02|Reimbursement of Medical Expenses|C|Data|Object-Head|142.06|186.00|186.00|186.00|100.0
113|01|27|2014|Administration of Justice|00||102|High Courts|0||02|Establishment Charges of High Court of Karnataka, Bengaluru - Dharwad Bench - Kalburgi Bench.|034|Contract/Outsource|2014-00-102-0-02|Contract/Outsource|C|Data|Object-Head|331.75|983.76|983.76|1008.42|100.0
113|01|27|2014|Administration of Justice|00||102|High Courts|0||02|Establishment Charges of High Court of Karnataka, Bengaluru - Dharwad Bench - Kalburgi Bench.|035|Salary of Board/Corp.Staff working in State Government|2014-00-102-0-02|Salary of Board/Corp.Staff working in State Government|C|Data|Object-Head|419.50|378.00|378.00|378.00|100.0
113|01|27|2014|Administration of Justice|00||102|High Courts|0||02|Establishment Charges of High Court of Karnataka, Bengaluru - Dharwad Bench - Kalburgi Bench.|037|Payment on Service Contract|2014-00-102-0-02|Payment on Service Contract|C|Data|Object-Head||150.00|150.00|200.00|100.0
113|01|27|2014|Administration of Justice|00||102|High Courts|0||02|Establishment Charges of High Court of Karnataka, Bengaluru - Dharwad Bench - Kalburgi Bench.|041|Travel Expenses|2014-00-102-0-02|Travel Expenses|C|Data|Object-Head|124.10|80.00|125.00|100.00|100.0
113|01|27|2014|Administration of Justice|00||102|High Courts|0||02|Establishment Charges of High Court of Karnataka, Bengaluru - Dharwad Bench - Kalburgi Bench.|050|Office Expenses|2014-00-102-0-02|Office Expenses|C|Data|Object-Head||300.00|300.00|300.00|100.0
113|01|27|2014|Administration of Justice|00||102|High Courts|0||02|Establishment Charges of High Court of Karnataka, Bengaluru - Dharwad Bench - Kalburgi Bench.|051|General Expenses|2014-00-102-0-02|General Expenses|C|Data|Object-Head|1073.34|500.00|1150.00|800.00|100.0
113|01|27|2014|Administration of Justice|00||102|High Courts|0||02|Establishment Charges of High Court of Karnataka, Bengaluru - Dharwad Bench - Kalburgi Bench.|052|Telephone Charges|2014-00-102-0-02|Telephone Charges|C|Data|Object-Head|90.82||||100.0
114|01|27|2014|Administration of Justice|00||102|High Courts|0||02|Establishment Charges of High Court of Karnataka, Bengaluru - Dharwad Bench - Kalburgi Bench.|053|Purchase of Furniture and Fixture for Office|2014-00-102-0-02|Purchase of Furniture and Fixture for Office|C|Data|Object-Head|30.60||||100.0
114|01|27|2014|Administration of Justice|00||102|High Courts|0||02|Establishment Charges of High Court of Karnataka, Bengaluru - Dharwad Bench - Kalburgi Bench.|071|Building Expenses|2014-00-102-0-02|Building Expenses|C|Data|Object-Head|414.42|466.00|466.00|466.00|100.0
114|01|27|2014|Administration of Justice|00||102|High Courts|0||02|Establishment Charges of High Court of Karnataka, Bengaluru - Dharwad Bench - Kalburgi Bench.|131|Secret Service Expenses|2014-00-102-0-02|Secret Service Expenses|C|Data|Object-Head|0.80|3.00|3.00|3.00|100.0
114|01|27|2014|Administration of Justice|00||102|High Courts|0||02|Establishment Charges of High Court of Karnataka, Bengaluru - Dharwad Bench - Kalburgi Bench.|177|IT Expenditure|2014-00-102-0-02|IT Expenditure|C|Data|Object-Head||100.00|100.00|1.00|100.0
114|01|27|2014|Administration of Justice|00||102|High Courts|0||02|Establishment Charges of High Court of Karnataka, Bengaluru - Dharwad Bench - Kalburgi Bench.|180|Machinery and Equipments|2014-00-102-0-02|Machinery and Equipments|C|Data|Object-Head|1123.79||||100.0
114|01|27|2014|Administration of Justice|00||102|High Courts|0||02|Establishment Charges of High Court of Karnataka, Bengaluru - Dharwad Bench - Kalburgi Bench.|195|Transport Expenses|2014-00-102-0-02|Transport Expenses|C|Data|Object-Head|272.26|299.72|299.72|717.68|100.0
114|01|27|2014|Administration of Justice|00||102|High Courts|0||02|Establishment Charges of High Court of Karnataka, Bengaluru - Dharwad Bench - Kalburgi Bench.|200|Maintenance Expenditure|2014-00-102-0-02|Maintenance Expenditure|C|Data|Object-Head|42.32|65.00|65.00|65.00|100.0
114|01|27|2014|Administration of Justice|00||102|High Courts|0||02|Establishment Charges of High Court of Karnataka, Bengaluru - Dharwad Bench - Kalburgi Bench.|324|Honorarium|2014-00-102-0-02|Honorarium|C|Data|Object-Head|52.35|24.50|24.50|24.50|100.0
114|01|27|2014|Administration of Justice|00||102|High Courts|0||02|Establishment Charges of High Court of Karnataka, Bengaluru - Dharwad Bench - Kalburgi Bench.|||2014-00-102-0-02|HOA Total :|C|Total|Detailed-Head|31498.41|33288.98|33983.98|37456.60|100.0
114|01|27|2014|Administration of Justice|00||102|High Courts|0||03|Judicial Academy|||2014-00-102-0-03|Judicial Academy|C|Header|Detailed-Head|||||100.0
114|01|27|2014|Administration of Justice|00||102|High Courts|0||03|Judicial Academy|034|Contract/Outsource|2014-00-102-0-03|Contract/Outsource|C|Data|Object-Head|5.79|13.57|13.57|13.42|100.0
114|01|27|2014|Administration of Justice|00||102|High Courts|0||03|Judicial Academy|037|Payment on Service Contract|2014-00-102-0-03|Payment on Service Contract|C|Data|Object-Head||50.00|155.00|80.00|100.0
114|01|27|2014|Administration of Justice|00||102|High Courts|0||03|Judicial Academy|041|Travel Expenses|2014-00-102-0-03|Travel Expenses|C|Data|Object-Head|15.55|5.00|10.00|7.00|100.0
114|01|27|2014|Administration of Justice|00||102|High Courts|0||03|Judicial Academy|050|Office Expenses|2014-00-102-0-03|Office Expenses|C|Data|Object-Head||18.00|30.00|19.00|100.0
114|01|27|2014|Administration of Justice|00||102|High Courts|0||03|Judicial Academy|051|General Expenses|2014-00-102-0-03|General Expenses|C|Data|Object-Head|196.00|30.00|80.00|155.00|100.0
114|01|27|2014|Administration of Justice|00||102|High Courts|0||03|Judicial Academy|052|Telephone Charges|2014-00-102-0-03|Telephone Charges|C|Data|Object-Head|1.93||||100.0
114|01|27|2014|Administration of Justice|00||102|High Courts|0||03|Judicial Academy|053|Purchase of Furniture and Fixture for Office|2014-00-102-0-03|Purchase of Furniture and Fixture for Office|C|Data|Object-Head|17.00||||100.0
114|01|27|2014|Administration of Justice|00||102|High Courts|0||03|Judicial Academy|071|Building Expenses|2014-00-102-0-03|Building Expenses|C|Data|Object-Head|41.57|55.00|55.00|55.00|100.0
114|01|27|2014|Administration of Justice|00||102|High Courts|0||03|Judicial Academy|180|Machinery and Equipments|2014-00-102-0-03|Machinery and Equipments|C|Data|Object-Head|2.00||||100.0
114|01|27|2014|Administration of Justice|00||102|High Courts|0||03|Judicial Academy|195|Transport Expenses|2014-00-102-0-03|Transport Expenses|C|Data|Object-Head|20.57|53.86|53.86|52.46|100.0
114|01|27|2014|Administration of Justice|00||102|High Courts|0||03|Judicial Academy|200|Maintenance Expenditure|2014-00-102-0-03|Maintenance Expenditure|C|Data|Object-Head|89.76|3.00|5.00|3.00|100.0
114|01|27|2014|Administration of Justice|00||102|High Courts|0||03|Judicial Academy|221|Materials and Supplies|2014-00-102-0-03|Materials and Supplies|C|Data|Object-Head||5.00|5.00|5.00|100.0
114|01|27|2014|Administration of Justice|00||102|High Courts|0||03|Judicial Academy|324|Honorarium|2014-00-102-0-03|Honorarium|C|Data|Object-Head|34.99|50.00|50.00|50.00|100.0
114|01|27|2014|Administration of Justice|00||102|High Courts|0||03|Judicial Academy|||2014-00-102-0-03|HOA Total :|C|Total|Detailed-Head|425.16|283.43|457.43|439.88|100.0
115|01|27|2014|Administration of Justice|00||102|High Courts|0||06|Stipend to Law Graduates|||2014-00-102-0-06|Stipend to Law Graduates||Header|Detailed-Head|||||100.0
115|01|27|2014|Administration of Justice|00||102|High Courts|0||06|Stipend to Law Graduates|117|Scholarships & Incentives|2014-00-102-0-06|Scholarships & Incentives||Data|Object-Head|185.10|200.00|200.00|200.00|100.0
115|01|27|2014|Administration of Justice|00||102|High Courts|0||06|Stipend to Law Graduates|||2014-00-102-0-06|HOA Total :||Total|Detailed-Head|185.10|200.00|200.00|200.00|100.0
115|01|27|2014|Administration of Justice|00||102|High Courts|0||07|Karnataka Mediation Centre|||2014-00-102-0-07|Karnataka Mediation Centre|C|Header|Detailed-Head|||||100.0
115|01|27|2014|Administration of Justice|00||102|High Courts|0||07|Karnataka Mediation Centre|037|Payment on Service Contract|2014-00-102-0-07|Payment on Service Contract|C|Data|Object-Head||11.52|21.02|15.00|100.0
115|01|27|2014|Administration of Justice|00||102|High Courts|0||07|Karnataka Mediation Centre|041|Travel Expenses|2014-00-102-0-07|Travel Expenses|C|Data|Object-Head|2.68|5.00|5.00|5.00|100.0
115|01|27|2014|Administration of Justice|00||102|High Courts|0||07|Karnataka Mediation Centre|050|Office Expenses|2014-00-102-0-07|Office Expenses|C|Data|Object-Head||12.00|12.00|12.00|100.0
115|01|27|2014|Administration of Justice|00||102|High Courts|0||07|Karnataka Mediation Centre|051|General Expenses|2014-00-102-0-07|General Expenses|C|Data|Object-Head|49.35|26.00|26.00|20.00|100.0
115|01|27|2014|Administration of Justice|00||102|High Courts|0||07|Karnataka Mediation Centre|052|Telephone Charges|2014-00-102-0-07|Telephone Charges|C|Data|Object-Head|0.90||||100.0
115|01|27|2014|Administration of Justice|00||102|High Courts|0||07|Karnataka Mediation Centre|053|Purchase of Furniture and Fixture for Office|2014-00-102-0-07|Purchase of Furniture and Fixture for Office|C|Data|Object-Head|0.46||||100.0
115|01|27|2014|Administration of Justice|00||102|High Courts|0||07|Karnataka Mediation Centre|071|Building Expenses|2014-00-102-0-07|Building Expenses|C|Data|Object-Head|15.52|20.00|20.00|18.00|100.0
115|01|27|2014|Administration of Justice|00||102|High Courts|0||07|Karnataka Mediation Centre|180|Machinery and Equipments|2014-00-102-0-07|Machinery and Equipments|C|Data|Object-Head|0.73||||100.0
115|01|27|2014|Administration of Justice|00||102|High Courts|0||07|Karnataka Mediation Centre|195|Transport Expenses|2014-00-102-0-07|Transport Expenses|C|Data|Object-Head|4.20|6.27|6.27|5.58|100.0
115|01|27|2014|Administration of Justice|00||102|High Courts|0||07|Karnataka Mediation Centre|200|Maintenance Expenditure|2014-00-102-0-07|Maintenance Expenditure|C|Data|Object-Head|0.99|1.00|1.00|1.00|100.0
115|01|27|2014|Administration of Justice|00||102|High Courts|0||07|Karnataka Mediation Centre|324|Honorarium|2014-00-102-0-07|Honorarium|C|Data|Object-Head|199.75|160.00|402.00|300.00|100.0
115|01|27|2014|Administration of Justice|00||102|High Courts|0||07|Karnataka Mediation Centre|||2014-00-102-0-07|HOA Total :|C|Total|Detailed-Head|274.58|241.79|493.29|376.58|100.0
115|01|27|2014|Administration of Justice|00||102|High Courts|0||12|Arbitration Centre Karnataka (Domestic & International)|||2014-00-102-0-12|Arbitration Centre Karnataka (Domestic & International)|C|Header|Detailed-Head|||||100.0
115|01|27|2014|Administration of Justice|00||102|High Courts|0||12|Arbitration Centre Karnataka (Domestic & International)|034|Contract/Outsource|2014-00-102-0-12|Contract/Outsource|C|Data|Object-Head||24.00|24.00|24.00|100.0
115|01|27|2014|Administration of Justice|00||102|High Courts|0||12|Arbitration Centre Karnataka (Domestic & International)|037|Payment on Service Contract|2014-00-102-0-12|Payment on Service Contract|C|Data|Object-Head||||9.60|100.0
115|01|27|2014|Administration of Justice|00||102|High Courts|0||12|Arbitration Centre Karnataka (Domestic & International)|041|Travel Expenses|2014-00-102-0-12|Travel Expenses|C|Data|Object-Head|1.75|2.00|2.00|2.00|100.0
115|01|27|2014|Administration of Justice|00||102|High Courts|0||12|Arbitration Centre Karnataka (Domestic & International)|050|Office Expenses|2014-00-102-0-12|Office Expenses|C|Data|Object-Head||11.00|11.00|11.00|100.0
115|01|27|2014|Administration of Justice|00||102|High Courts|0||12|Arbitration Centre Karnataka (Domestic & International)|051|General Expenses|2014-00-102-0-12|General Expenses|C|Data|Object-Head|25.86|7.00|11.87|7.00|100.0
116|01|27|2014|Administration of Justice|00||102|High Courts|0||12|Arbitration Centre Karnataka (Domestic & International)|052|Telephone Charges|2014-00-102-0-12|Telephone Charges|C|Data|Object-Head|0.62||||100.0
116|01|27|2014|Administration of Justice|00||102|High Courts|0||12|Arbitration Centre Karnataka (Domestic & International)|053|Purchase of Furniture and Fixture for Office|2014-00-102-0-12|Purchase of Furniture and Fixture for Office|C|Data|Object-Head|0.27||||100.0
116|01|27|2014|Administration of Justice|00||102|High Courts|0||12|Arbitration Centre Karnataka (Domestic & International)|071|Building Expenses|2014-00-102-0-12|Building Expenses|C|Data|Object-Head|180.24|163.00|163.00|182.64|100.0
116|01|27|2014|Administration of Justice|00||102|High Courts|0||12|Arbitration Centre Karnataka (Domestic & International)|180|Machinery and Equipments|2014-00-102-0-12|Machinery and Equipments|C|Data|Object-Head|1.99||||100.0
116|01|27|2014|Administration of Justice|00||102|High Courts|0||12|Arbitration Centre Karnataka (Domestic & International)|195|Transport Expenses|2014-00-102-0-12|Transport Expenses|C|Data|Object-Head|3.13|8.99|8.99|6.12|100.0
116|01|27|2014|Administration of Justice|00||102|High Courts|0||12|Arbitration Centre Karnataka (Domestic & International)|200|Maintenance Expenditure|2014-00-102-0-12|Maintenance Expenditure|C|Data|Object-Head||||1.00|100.0
116|01|27|2014|Administration of Justice|00||102|High Courts|0||12|Arbitration Centre Karnataka (Domestic & International)|221|Materials and Supplies|2014-00-102-0-12|Materials and Supplies|C|Data|Object-Head||2.00|2.00|2.00|100.0
116|01|27|2014|Administration of Justice|00||102|High Courts|0||12|Arbitration Centre Karnataka (Domestic & International)|324|Honorarium|2014-00-102-0-12|Honorarium|C|Data|Object-Head||1.00|1.00|1.00|100.0
116|01|27|2014|Administration of Justice|00||102|High Courts|0||12|Arbitration Centre Karnataka (Domestic & International)|||2014-00-102-0-12|HOA Total :|C|Total|Detailed-Head|213.86|218.99|223.86|246.36|100.0
116|01|27|2014|Administration of Justice|00||102|High Courts|0||14|Vacant Post Provision|||2014-00-102-0-14|Vacant Post Provision||Header|Detailed-Head|||||100.0
116|01|27|2014|Administration of Justice|00||102|High Courts|0||14|Vacant Post Provision|014|Other Allowance|2014-00-102-0-14|Other Allowance||Data|Object-Head||19007.45|18870.92|22784.85|100.0
116|01|27|2014|Administration of Justice|00||102|High Courts|0||14|Vacant Post Provision|014|Other Allowance|2014-00-102-0-14|Other Allowance|C|Data|Object-Head||3354.25|3354.25|4020.85|100.0
116|01|27|2014|Administration of Justice|00||102|High Courts|0||14|Vacant Post Provision|||2014-00-102-0-14|HOA Total :|V+C|Total|Detailed-Head|0.00|22361.70|22225.17|26805.70|100.0
116|01|27|2014|Administration of Justice|00||103|Special Courts|||||||2014-00-103|Special Courts||Header|Minor-Head|||||
116|01|27|2014|Administration of Justice|00||103|Special Courts|0||03|CSS-Salary-Fast Track Special Courts for disposal of cases pending under Rape and POCSO Act|||2014-00-103-0-03|CSS-Salary-Fast Track Special Courts for disposal of cases pending under Rape and POCSO Act||Header|Detailed-Head|||||100.0
116|01|27|2014|Administration of Justice|00||103|Special Courts|0||03|CSS-Salary-Fast Track Special Courts for disposal of cases pending under Rape and POCSO Act|002|Basic Pay|2014-00-103-0-03|Basic Pay||Data|Object-Head|645.41|849.00|849.00|804.00|100.0
116|01|27|2014|Administration of Justice|00||103|Special Courts|0||03|CSS-Salary-Fast Track Special Courts for disposal of cases pending under Rape and POCSO Act|003|Basic Pay-Staff|2014-00-103-0-03|Basic Pay-Staff||Data|Object-Head|148.08||||100.0
116|01|27|2014|Administration of Justice|00||103|Special Courts|0||03|CSS-Salary-Fast Track Special Courts for disposal of cases pending under Rape and POCSO Act|004|Interim Relief|2014-00-103-0-03|Interim Relief||Data|Object-Head|10.14||||100.0
116|01|27|2014|Administration of Justice|00||103|Special Courts|0||03|CSS-Salary-Fast Track Special Courts for disposal of cases pending under Rape and POCSO Act|011|Dearness Allowance|2014-00-103-0-03|Dearness Allowance||Data|Object-Head|364.07|460.00|460.00|467.00|100.0
116|01|27|2014|Administration of Justice|00||103|Special Courts|0||03|CSS-Salary-Fast Track Special Courts for disposal of cases pending under Rape and POCSO Act|014|Other Allowance|2014-00-103-0-03|Other Allowance||Data|Object-Head|114.10|118.00|118.00|127.00|100.0
116|01|27|2014|Administration of Justice|00||103|Special Courts|0||03|CSS-Salary-Fast Track Special Courts for disposal of cases pending under Rape and POCSO Act|015|Subsidiary Expenses|2014-00-103-0-03|Subsidiary Expenses||Data|Object-Head||2.10|2.10|2.10|100.0
116|01|27|2014|Administration of Justice|00||103|Special Courts|0||03|CSS-Salary-Fast Track Special Courts for disposal of cases pending under Rape and POCSO Act|020|Medical Allowance|2014-00-103-0-03|Medical Allowance||Data|Object-Head|11.88||||100.0
116|01|27|2014|Administration of Justice|00||103|Special Courts|0||03|CSS-Salary-Fast Track Special Courts for disposal of cases pending under Rape and POCSO Act|021|Reimbursement of Medical Expenses|2014-00-103-0-03|Reimbursement of Medical Expenses||Data|Object-Head|7.70|15.00|15.00|15.00|100.0
116|01|27|2014|Administration of Justice|00||103|Special Courts|0||03|CSS-Salary-Fast Track Special Courts for disposal of cases pending under Rape and POCSO Act|034|Contract/Outsource|2014-00-103-0-03|Contract/Outsource||Data|Object-Head|249.04|372.72|372.72|397.24|100.0
116|01|27|2014|Administration of Justice|00||103|Special Courts|0||03|CSS-Salary-Fast Track Special Courts for disposal of cases pending under Rape and POCSO Act|037|Payment on Service Contract|2014-00-103-0-03|Payment on Service Contract||Data|Object-Head||1.00|1.00|1.00|100.0
117|01|27|2014|Administration of Justice|00||103|Special Courts|0||03|CSS-Salary-Fast Track Special Courts for disposal of cases pending under Rape and POCSO Act|041|Travel Expenses|2014-00-103-0-03|Travel Expenses||Data|Object-Head|20.05|50.00|50.00|42.20|100.0
117|01|27|2014|Administration of Justice|00||103|Special Courts|0||03|CSS-Salary-Fast Track Special Courts for disposal of cases pending under Rape and POCSO Act|050|Office Expenses|2014-00-103-0-03|Office Expenses||Data|Object-Head||60.00|60.00|37.47|100.0
117|01|27|2014|Administration of Justice|00||103|Special Courts|0||03|CSS-Salary-Fast Track Special Courts for disposal of cases pending under Rape and POCSO Act|051|General Expenses|2014-00-103-0-03|General Expenses||Data|Object-Head|112.96|206.71|206.71|202.30|100.0
117|01|27|2014|Administration of Justice|00||103|Special Courts|0||03|CSS-Salary-Fast Track Special Courts for disposal of cases pending under Rape and POCSO Act|052|Telephone Charges|2014-00-103-0-03|Telephone Charges||Data|Object-Head|3.74||||100.0
117|01|27|2014|Administration of Justice|00||103|Special Courts|0||03|CSS-Salary-Fast Track Special Courts for disposal of cases pending under Rape and POCSO Act|071|Building Expenses|2014-00-103-0-03|Building Expenses||Data|Object-Head|32.00|36.00|36.00|65.30|100.0
117|01|27|2014|Administration of Justice|00||103|Special Courts|0||03|CSS-Salary-Fast Track Special Courts for disposal of cases pending under Rape and POCSO Act|180|Machinery and Equipments|2014-00-103-0-03|Machinery and Equipments||Data|Object-Head|15.23||||100.0
117|01|27|2014|Administration of Justice|00||103|Special Courts|0||03|CSS-Salary-Fast Track Special Courts for disposal of cases pending under Rape and POCSO Act|195|Transport Expenses|2014-00-103-0-03|Transport Expenses||Data|Object-Head|29.20||||100.0
117|01|27|2014|Administration of Justice|00||103|Special Courts|0||03|CSS-Salary-Fast Track Special Courts for disposal of cases pending under Rape and POCSO Act|200|Maintenance Expenditure|2014-00-103-0-03|Maintenance Expenditure||Data|Object-Head||30.00|30.00|5.00|100.0
117|01|27|2014|Administration of Justice|00||103|Special Courts|0||03|CSS-Salary-Fast Track Special Courts for disposal of cases pending under Rape and POCSO Act|||2014-00-103-0-03|HOA Total :||Total|Detailed-Head|1763.60|2200.53|2200.53|2165.61|100.0
117|01|27|2014|Administration of Justice|00||103|Special Courts|0||04|Special Court for trial of Criminal Cases involving elected MPs and MLAs of Karnataka|||2014-00-103-0-04|Special Court for trial of Criminal Cases involving elected MPs and MLAs of Karnataka||Header|Detailed-Head|||||100.0
117|01|27|2014|Administration of Justice|00||103|Special Courts|0||04|Special Court for trial of Criminal Cases involving elected MPs and MLAs of Karnataka|002|Basic Pay|2014-00-103-0-04|Basic Pay||Data|Object-Head|48.81|93.00|93.00|90.00|100.0
117|01|27|2014|Administration of Justice|00||103|Special Courts|0||04|Special Court for trial of Criminal Cases involving elected MPs and MLAs of Karnataka|003|Basic Pay-Staff|2014-00-103-0-04|Basic Pay-Staff||Data|Object-Head|28.75||||100.0
117|01|27|2014|Administration of Justice|00||103|Special Courts|0||04|Special Court for trial of Criminal Cases involving elected MPs and MLAs of Karnataka|004|Interim Relief|2014-00-103-0-04|Interim Relief||Data|Object-Head|2.47||||100.0
117|01|27|2014|Administration of Justice|00||103|Special Courts|0||04|Special Court for trial of Criminal Cases involving elected MPs and MLAs of Karnataka|011|Dearness Allowance|2014-00-103-0-04|Dearness Allowance||Data|Object-Head|29.83|38.00|38.00|42.00|100.0
117|01|27|2014|Administration of Justice|00||103|Special Courts|0||04|Special Court for trial of Criminal Cases involving elected MPs and MLAs of Karnataka|014|Other Allowance|2014-00-103-0-04|Other Allowance||Data|Object-Head|19.85|25.00|25.00|26.00|100.0
117|01|27|2014|Administration of Justice|00||103|Special Courts|0||04|Special Court for trial of Criminal Cases involving elected MPs and MLAs of Karnataka|015|Subsidiary Expenses|2014-00-103-0-04|Subsidiary Expenses||Data|Object-Head|0.11|1.00|1.00|1.00|100.0
117|01|27|2014|Administration of Justice|00||103|Special Courts|0||04|Special Court for trial of Criminal Cases involving elected MPs and MLAs of Karnataka|020|Medical Allowance|2014-00-103-0-04|Medical Allowance||Data|Object-Head|0.95||||100.0
117|01|27|2014|Administration of Justice|00||103|Special Courts|0||04|Special Court for trial of Criminal Cases involving elected MPs and MLAs of Karnataka|021|Reimbursement of Medical Expenses|2014-00-103-0-04|Reimbursement of Medical Expenses||Data|Object-Head|0.35|3.00|3.00|3.00|100.0
117|01|27|2014|Administration of Justice|00||103|Special Courts|0||04|Special Court for trial of Criminal Cases involving elected MPs and MLAs of Karnataka|034|Contract/Outsource|2014-00-103-0-04|Contract/Outsource||Data|Object-Head|18.97|49.47|49.47|52.64|100.0
117|01|27|2014|Administration of Justice|00||103|Special Courts|0||04|Special Court for trial of Criminal Cases involving elected MPs and MLAs of Karnataka|037|Payment on Service Contract|2014-00-103-0-04|Payment on Service Contract||Data|Object-Head||1.00|1.00|1.00|100.0
117|01|27|2014|Administration of Justice|00||103|Special Courts|0||04|Special Court for trial of Criminal Cases involving elected MPs and MLAs of Karnataka|041|Travel Expenses|2014-00-103-0-04|Travel Expenses||Data|Object-Head|0.28|8.00|8.00|4.00|100.0
117|01|27|2014|Administration of Justice|00||103|Special Courts|0||04|Special Court for trial of Criminal Cases involving elected MPs and MLAs of Karnataka|050|Office Expenses|2014-00-103-0-04|Office Expenses||Data|Object-Head||4.00|4.00|5.00|100.0
117|01|27|2014|Administration of Justice|00||103|Special Courts|0||04|Special Court for trial of Criminal Cases involving elected MPs and MLAs of Karnataka|051|General Expenses|2014-00-103-0-04|General Expenses||Data|Object-Head|4.91|5.00|5.00|17.00|100.0
117|01|27|2014|Administration of Justice|00||103|Special Courts|0||04|Special Court for trial of Criminal Cases involving elected MPs and MLAs of Karnataka|052|Telephone Charges|2014-00-103-0-04|Telephone Charges||Data|Object-Head|0.15||||100.0
117|01|27|2014|Administration of Justice|00||103|Special Courts|0||04|Special Court for trial of Criminal Cases involving elected MPs and MLAs of Karnataka|071|Building Expenses|2014-00-103-0-04|Building Expenses||Data|Object-Head|0.48||||100.0
118|01|27|2014|Administration of Justice|00||103|Special Courts|0||04|Special Court for trial of Criminal Cases involving elected MPs and MLAs of Karnataka|180|Machinery and Equipments|2014-00-103-0-04|Machinery and Equipments|V|Data|Object-Head|0.69||||100.0
118|01|27|2014|Administration of Justice|00||103|Special Courts|0||04|Special Court for trial of Criminal Cases involving elected MPs and MLAs of Karnataka|195|Transport Expenses|2014-00-103-0-04|Transport Expenses|V|Data|Object-Head|2.68|10.28|10.28|5.23|100.0
118|01|27|2014|Administration of Justice|00||103|Special Courts|0||04|Special Court for trial of Criminal Cases involving elected MPs and MLAs of Karnataka|200|Maintenance Expenditure|2014-00-103-0-04|Maintenance Expenditure|V|Data|Object-Head||1.00|1.00|1.00|100.0
118|01|27|2014|Administration of Justice|00||103|Special Courts|0||04|Special Court for trial of Criminal Cases involving elected MPs and MLAs of Karnataka|||2014-00-103-0-04|HOA Total :|V|Total|Detailed-Head|159.28|238.75|238.75|247.87|100.0
118|01|27|2014|Administration of Justice|00||103|Special Courts|0||05|Grama Nyayalayas|||2014-00-103-0-05|Grama Nyayalayas|V|Header|Detailed-Head|||||100.0
118|01|27|2014|Administration of Justice|00||103|Special Courts|0||05|Grama Nyayalayas|014|Other Allowance|2014-00-103-0-05|Other Allowance|V|Data|Object-Head||||3.97|100.0
118|01|27|2014|Administration of Justice|00||103|Special Courts|0||05|Grama Nyayalayas|015|Subsidiary Expenses|2014-00-103-0-05|Subsidiary Expenses|V|Data|Object-Head||1.00|1.00||100.0
118|01|27|2014|Administration of Justice|00||103|Special Courts|0||05|Grama Nyayalayas|041|Travel Expenses|2014-00-103-0-05|Travel Expenses|V|Data|Object-Head|0.79|1.00|1.00||100.0
118|01|27|2014|Administration of Justice|00||103|Special Courts|0||05|Grama Nyayalayas|050|Office Expenses|2014-00-103-0-05|Office Expenses|V|Data|Object-Head||3.00|3.00|1.00|100.0
118|01|27|2014|Administration of Justice|00||103|Special Courts|0||05|Grama Nyayalayas|051|General Expenses|2014-00-103-0-05|General Expenses|V|Data|Object-Head|15.95|1.00|1.00||100.0
118|01|27|2014|Administration of Justice|00||103|Special Courts|0||05|Grama Nyayalayas|071|Building Expenses|2014-00-103-0-05|Building Expenses|V|Data|Object-Head|0.11|1.00|1.00||100.0
118|01|27|2014|Administration of Justice|00||103|Special Courts|0||05|Grama Nyayalayas|195|Transport Expenses|2014-00-103-0-05|Transport Expenses|V|Data|Object-Head||1.00|1.00||100.0
118|01|27|2014|Administration of Justice|00||103|Special Courts|0||05|Grama Nyayalayas|||2014-00-103-0-05|HOA Total :|V|Total|Detailed-Head|16.85|8.00|8.00|4.97|100.0
118|01|27|2014|Administration of Justice|00||105|Civil and Sessions Courts|||||||2014-00-105|Civil and Sessions Courts|V|Header|Minor-Head|||||
118|01|27|2014|Administration of Justice|00||105|Civil and Sessions Courts|0||01|Civil and Sessions Courts|||2014-00-105-0-01|Civil and Sessions Courts|V|Header|Detailed-Head|||||100.0
118|01|27|2014|Administration of Justice|00||105|Civil and Sessions Courts|0||01|Civil and Sessions Courts|002|Basic Pay|2014-00-105-0-01|Basic Pay|V|Data|Object-Head|20588.10|109302.00|109302.00|112673.00|100.0
118|01|27|2014|Administration of Justice|00||105|Civil and Sessions Courts|0||01|Civil and Sessions Courts|003|Basic Pay-Staff|2014-00-105-0-01|Basic Pay-Staff|V|Data|Object-Head|71858.85||||100.0
118|01|27|2014|Administration of Justice|00||105|Civil and Sessions Courts|0||01|Civil and Sessions Courts|004|Interim Relief|2014-00-105-0-01|Interim Relief|V|Data|Object-Head|4188.87||||100.0
118|01|27|2014|Administration of Justice|00||105|Civil and Sessions Courts|0||01|Civil and Sessions Courts|011|Dearness Allowance|2014-00-105-0-01|Dearness Allowance|V|Data|Object-Head|24628.55|30366.00|30366.00|35270.00|100.0
118|01|27|2014|Administration of Justice|00||105|Civil and Sessions Courts|0||01|Civil and Sessions Courts|014|Other Allowance|2014-00-105-0-01|Other Allowance|V|Data|Object-Head|13598.33|15101.00|15101.00|15887.00|100.0
118|01|27|2014|Administration of Justice|00||105|Civil and Sessions Courts|0||01|Civil and Sessions Courts|015|Subsidiary Expenses|2014-00-105-0-01|Subsidiary Expenses|V|Data|Object-Head|7.60|24.00|24.00|24.00|100.0
118|01|27|2014|Administration of Justice|00||105|Civil and Sessions Courts|0||01|Civil and Sessions Courts|020|Medical Allowance|2014-00-105-0-01|Medical Allowance|V|Data|Object-Head|1118.28||||100.0
118|01|27|2014|Administration of Justice|00||105|Civil and Sessions Courts|0||01|Civil and Sessions Courts|021|Reimbursement of Medical Expenses|2014-00-105-0-01|Reimbursement of Medical Expenses|V|Data|Object-Head|1941.11|1500.00|1500.00|1232.00|100.0
118|01|27|2014|Administration of Justice|00||105|Civil and Sessions Courts|0||01|Civil and Sessions Courts|034|Contract/Outsource|2014-00-105-0-01|Contract/Outsource|V|Data|Object-Head|388.20|844.83|844.83|1157.13|100.0
118|01|27|2014|Administration of Justice|00||105|Civil and Sessions Courts|0||01|Civil and Sessions Courts|037|Payment on Service Contract|2014-00-105-0-01|Payment on Service Contract|V|Data|Object-Head||1986.26|1986.26|1986.26|100.0
118|01|27|2014|Administration of Justice|00||105|Civil and Sessions Courts|0||01|Civil and Sessions Courts|041|Travel Expenses|2014-00-105-0-01|Travel Expenses|V|Data|Object-Head|948.40|500.00|700.00|700.00|100.0
118|01|27|2014|Administration of Justice|00||105|Civil and Sessions Courts|0||01|Civil and Sessions Courts|050|Office Expenses|2014-00-105-0-01|Office Expenses|V|Data|Object-Head||500.00|1000.00|800.00|100.0
118|01|27|2014|Administration of Justice|00||105|Civil and Sessions Courts|0||01|Civil and Sessions Courts|051|General Expenses|2014-00-105-0-01|General Expenses|V|Data|Object-Head|6136.94|2600.00|3650.00|3000.00|100.0
119|01|27|2014|Administration of Justice|00||105|Civil and Sessions Courts|0||01|Civil and Sessions Courts|052|Telephone Charges|2014-00-105-0-01|Telephone Charges|V|Data|Object-Head|270.21||||100.0
119|01|27|2014|Administration of Justice|00||105|Civil and Sessions Courts|0||01|Civil and Sessions Courts|053|Purchase of Furniture and Fixture for Office|2014-00-105-0-01|Purchase of Furniture and Fixture for Office|V|Data|Object-Head|77.05||||100.0
119|01|27|2014|Administration of Justice|00||105|Civil and Sessions Courts|0||01|Civil and Sessions Courts|071|Building Expenses|2014-00-105-0-01|Building Expenses|V|Data|Object-Head|2135.24|2000.00|2000.00|2000.00|100.0
119|01|27|2014|Administration of Justice|00||105|Civil and Sessions Courts|0||01|Civil and Sessions Courts|177|IT Expenditure|2014-00-105-0-01|IT Expenditure|V|Data|Object-Head||100.00|100.00||100.0
119|01|27|2014|Administration of Justice|00||105|Civil and Sessions Courts|0||01|Civil and Sessions Courts|180|Machinery and Equipments|2014-00-105-0-01|Machinery and Equipments|V|Data|Object-Head|9134.79||||100.0
119|01|27|2014|Administration of Justice|00||105|Civil and Sessions Courts|0||01|Civil and Sessions Courts|195|Transport Expenses|2014-00-105-0-01|Transport Expenses|V|Data|Object-Head|1022.17|412.73|412.73|318.91|100.0
119|01|27|2014|Administration of Justice|00||105|Civil and Sessions Courts|0||01|Civil and Sessions Courts|200|Maintenance Expenditure|2014-00-105-0-01|Maintenance Expenditure|V|Data|Object-Head|189.09|200.00|200.00|208.00|100.0
119|01|27|2014|Administration of Justice|00||105|Civil and Sessions Courts|0||01|Civil and Sessions Courts|433|Examination Expenses|2014-00-105-0-01|Examination Expenses|V|Data|Object-Head|20.02|42.00|42.00|42.00|100.0
119|01|27|2014|Administration of Justice|00||105|Civil and Sessions Courts|0||01|Civil and Sessions Courts|||2014-00-105-0-01|HOA Total :|V|Total|Detailed-Head|158251.80|165478.82|167228.82|175298.30|100.0
119|01|27|2014|Administration of Justice|00||105|Civil and Sessions Courts|0||12|State Human Rights Commission (Legal Policy)|||2014-00-105-0-12|State Human Rights Commission (Legal Policy)|V|Header|Detailed-Head|||||100.0
119|01|27|2014|Administration of Justice|00||105|Civil and Sessions Courts|0||12|State Human Rights Commission (Legal Policy)|001|Consolidated Salaries|2014-00-105-0-12|Consolidated Salaries|V|Data|Object-Head|85.57|122.27|122.27|126.47|100.0
119|01|27|2014|Administration of Justice|00||105|Civil and Sessions Courts|0||12|State Human Rights Commission (Legal Policy)|002|Basic Pay|2014-00-105-0-12|Basic Pay|V|Data|Object-Head|68.84|238.00|238.00|237.00|100.0
119|01|27|2014|Administration of Justice|00||105|Civil and Sessions Courts|0||12|State Human Rights Commission (Legal Policy)|003|Basic Pay-Staff|2014-00-105-0-12|Basic Pay-Staff|V|Data|Object-Head|112.84||||100.0
119|01|27|2014|Administration of Justice|00||105|Civil and Sessions Courts|0||12|State Human Rights Commission (Legal Policy)|004|Interim Relief|2014-00-105-0-12|Interim Relief|V|Data|Object-Head|11.76||||100.0
119|01|27|2014|Administration of Justice|00||105|Civil and Sessions Courts|0||12|State Human Rights Commission (Legal Policy)|011|Dearness Allowance|2014-00-105-0-12|Dearness Allowance|V|Data|Object-Head|42.54|52.00|52.00|60.00|100.0
119|01|27|2014|Administration of Justice|00||105|Civil and Sessions Courts|0||12|State Human Rights Commission (Legal Policy)|014|Other Allowance|2014-00-105-0-12|Other Allowance|V|Data|Object-Head|48.14|57.00|57.00|56.00|100.0
119|01|27|2014|Administration of Justice|00||105|Civil and Sessions Courts|0||12|State Human Rights Commission (Legal Policy)|020|Medical Allowance|2014-00-105-0-12|Medical Allowance|V|Data|Object-Head|0.83||||100.0
119|01|27|2014|Administration of Justice|00||105|Civil and Sessions Courts|0||12|State Human Rights Commission (Legal Policy)|021|Reimbursement of Medical Expenses|2014-00-105-0-12|Reimbursement of Medical Expenses|V|Data|Object-Head|13.14|12.00|12.00|12.00|100.0
119|01|27|2014|Administration of Justice|00||105|Civil and Sessions Courts|0||12|State Human Rights Commission (Legal Policy)|034|Contract/Outsource|2014-00-105-0-12|Contract/Outsource|V|Data|Object-Head|168.04|166.85|227.76|163.89|100.0
119|01|27|2014|Administration of Justice|00||105|Civil and Sessions Courts|0||12|State Human Rights Commission (Legal Policy)|041|Travel Expenses|2014-00-105-0-12|Travel Expenses|V|Data|Object-Head|20.57|15.00|15.00|15.00|100.0
119|01|27|2014|Administration of Justice|00||105|Civil and Sessions Courts|0||12|State Human Rights Commission (Legal Policy)|050|Office Expenses|2014-00-105-0-12|Office Expenses|V|Data|Object-Head||6.00|6.00|25.00|100.0
119|01|27|2014|Administration of Justice|00||105|Civil and Sessions Courts|0||12|State Human Rights Commission (Legal Policy)|051|General Expenses|2014-00-105-0-12|General Expenses|V|Data|Object-Head|59.97|60.00|60.00|25.00|100.0
119|01|27|2014|Administration of Justice|00||105|Civil and Sessions Courts|0||12|State Human Rights Commission (Legal Policy)|052|Telephone Charges|2014-00-105-0-12|Telephone Charges|V|Data|Object-Head|1.76||||100.0
119|01|27|2014|Administration of Justice|00||105|Civil and Sessions Courts|0||12|State Human Rights Commission (Legal Policy)|053|Purchase of Furniture and Fixture for Office|2014-00-105-0-12|Purchase of Furniture and Fixture for Office|V|Data|Object-Head|5.94||||100.0
119|01|27|2014|Administration of Justice|00||105|Civil and Sessions Courts|0||12|State Human Rights Commission (Legal Policy)|071|Building Expenses|2014-00-105-0-12|Building Expenses|V|Data|Object-Head|30.43|22.50|22.50|22.00|100.0
119|01|27|2014|Administration of Justice|00||105|Civil and Sessions Courts|0||12|State Human Rights Commission (Legal Policy)|195|Transport Expenses|2014-00-105-0-12|Transport Expenses|V|Data|Object-Head|41.30|26.31|26.31|36.02|100.0
120|01|27|2014|Administration of Justice|00||105|Civil and Sessions Courts|0||12|State Human Rights Commission (Legal Policy)|200|Maintenance Expenditure|2014-00-105-0-12|Maintenance Expenditure|V|Data|Object-Head||||10.00|100.0
120|01|27|2014|Administration of Justice|00||105|Civil and Sessions Courts|0||12|State Human Rights Commission (Legal Policy)|||2014-00-105-0-12|HOA Total :|V|Total|Detailed-Head|711.67|777.93|838.84|788.38|100.0
120|01|27|2014|Administration of Justice|00||105|Civil and Sessions Courts|0||13|Karnataka State Law University, Hubballi|||2014-00-105-0-13|Karnataka State Law University, Hubballi|V|Header|Detailed-Head|||||100.0
120|01|27|2014|Administration of Justice|00||105|Civil and Sessions Courts|0||13|Karnataka State Law University, Hubballi|101|Grants-in-Aid-Salaries|2014-00-105-0-13|Grants-in-Aid-Salaries|V|Data|Object-Head|295.18|341.32|341.32|368.50|100.0
120|01|27|2014|Administration of Justice|00||105|Civil and Sessions Courts|0||13|Karnataka State Law University, Hubballi|115|GIA Contract /Outsource|2014-00-105-0-13|GIA Contract /Outsource|V|Data|Object-Head|255.66|267.19|267.19|274.03|100.0
120|01|27|2014|Administration of Justice|00||105|Civil and Sessions Courts|0||13|Karnataka State Law University, Hubballi|||2014-00-105-0-13|HOA Total :|V|Total|Detailed-Head|550.84|608.51|608.51|642.53|100.0
120|01|27|2014|Administration of Justice|00||105|Civil and Sessions Courts|0||15|Private Aided Law Colleges|||2014-00-105-0-15|Private Aided Law Colleges|V|Header|Detailed-Head|||||100.0
120|01|27|2014|Administration of Justice|00||105|Civil and Sessions Courts|0||15|Private Aided Law Colleges|101|Grants-in-Aid-Salaries|2014-00-105-0-15|Grants-in-Aid-Salaries|V|Data|Object-Head|2869.37|3347.21|3347.21|3362.39|100.0
120|01|27|2014|Administration of Justice|00||105|Civil and Sessions Courts|0||15|Private Aided Law Colleges|||2014-00-105-0-15|HOA Total :|V|Total|Detailed-Head|2869.37|3347.21|3347.21|3362.39|100.0
120|01|27|2014|Administration of Justice|00||114|Advocate General|0||01|Advocate General|||2014-00-114-0-01|Advocate General|V|Header|Detailed-Head|||||100.0
120|01|27|2014|Administration of Justice|00||114|Advocate General|0||01|Advocate General|002|Basic Pay|2014-00-114-0-01|Basic Pay|V|Data|Object-Head|161.99|1447.00|1447.00|1455.00|100.0
120|01|27|2014|Administration of Justice|00||114|Advocate General|0||01|Advocate General|003|Basic Pay-Staff|2014-00-114-0-01|Basic Pay-Staff|V|Data|Object-Head|992.46||||100.0
120|01|27|2014|Administration of Justice|00||114|Advocate General|0||01|Advocate General|004|Interim Relief|2014-00-114-0-01|Interim Relief|V|Data|Object-Head|65.03||||100.0
120|01|27|2014|Administration of Justice|00||114|Advocate General|0||01|Advocate General|011|Dearness Allowance|2014-00-114-0-01|Dearness Allowance|V|Data|Object-Head|252.93|319.00|319.00|364.00|100.0
120|01|27|2014|Administration of Justice|00||114|Advocate General|0||01|Advocate General|014|Other Allowance|2014-00-114-0-01|Other Allowance|V|Data|Object-Head|249.58|308.00|308.00|296.00|100.0
120|01|27|2014|Administration of Justice|00||114|Advocate General|0||01|Advocate General|015|Subsidiary Expenses|2014-00-114-0-01|Subsidiary Expenses|V|Data|Object-Head|1317.22|1200.00|1830.00|1300.00|100.0
120|01|27|2014|Administration of Justice|00||114|Advocate General|0||01|Advocate General|020|Medical Allowance|2014-00-114-0-01|Medical Allowance|V|Data|Object-Head|7.96||||100.0
120|01|27|2014|Administration of Justice|00||114|Advocate General|0||01|Advocate General|021|Reimbursement of Medical Expenses|2014-00-114-0-01|Reimbursement of Medical Expenses|V|Data|Object-Head|2.06|15.00|15.00|15.00|100.0
120|01|27|2014|Administration of Justice|00||114|Advocate General|0||01|Advocate General|034|Contract/Outsource|2014-00-114-0-01|Contract/Outsource|V|Data|Object-Head|1942.89|1914.70|1914.70|1850.88|100.0
120|01|27|2014|Administration of Justice|00||114|Advocate General|0||01|Advocate General|041|Travel Expenses|2014-00-114-0-01|Travel Expenses|V|Data|Object-Head|27.55|10.00|18.00|12.00|100.0
120|01|27|2014|Administration of Justice|00||114|Advocate General|0||01|Advocate General|050|Office Expenses|2014-00-114-0-01|Office Expenses|V|Data|Object-Head||31.00|31.00|31.00|100.0
120|01|27|2014|Administration of Justice|00||114|Advocate General|0||01|Advocate General|051|General Expenses|2014-00-114-0-01|General Expenses|V|Data|Object-Head|66.29|80.00|110.00|60.00|100.0
120|01|27|2014|Administration of Justice|00||114|Advocate General|0||01|Advocate General|052|Telephone Charges|2014-00-114-0-01|Telephone Charges|V|Data|Object-Head|9.11||||100.0
121|01|27|2014|Administration of Justice|00||114|Advocate General|0||01|Advocate General|053|Purchase of Furniture and Fixture for Office|2014-00-114-0-01|Purchase of Furniture and Fixture for Office|V|Data|Object-Head|0.47||||100.0
121|01|27|2014|Administration of Justice|00||114|Advocate General|0||01|Advocate General|071|Building Expenses|2014-00-114-0-01|Building Expenses|V|Data|Object-Head|24.53|25.00|40.00|30.00|100.0
121|01|27|2014|Administration of Justice|00||114|Advocate General|0||01|Advocate General|195|Transport Expenses|2014-00-114-0-01|Transport Expenses|V|Data|Object-Head|19.46|50.00|50.00|27.90|100.0
121|01|27|2014|Administration of Justice|00||114|Advocate General|0||01|Advocate General|||2014-00-114-0-01|HOA Total :|V|Total|Detailed-Head|5139.53|5399.70|6082.70|5441.78|100.0
121|01|27|2014|Administration of Justice|00||114|Advocate General|0||03|Lawyers Welfare Fund|||2014-00-114-0-03|Lawyers Welfare Fund|V|Header|Detailed-Head|||||100.0
121|01|27|2014|Administration of Justice|00||114|Advocate General|0||03|Lawyers Welfare Fund|100|Financial Assistance/Relief|2014-00-114-0-03|Financial Assistance/Relief|V|Data|Object-Head||||100.00|100.0
121|01|27|2014|Administration of Justice|00||114|Advocate General|0||03|Lawyers Welfare Fund|104|Contributions|2014-00-114-0-03|Contributions|V|Data|Object-Head|100.00|100.00|100.00||100.0
121|01|27|2014|Administration of Justice|00||114|Advocate General|0||03|Lawyers Welfare Fund|||2014-00-114-0-03|HOA Total :|V|Total|Detailed-Head|100.00|100.00|100.00|100.00|100.0
121|01|27|2014|Administration of Justice|00||114|Advocate General|0||04|Karnataka State Law Commission|||2014-00-114-0-04|Karnataka State Law Commission|V|Header|Detailed-Head|||||100.0
121|01|27|2014|Administration of Justice|00||114|Advocate General|0||04|Karnataka State Law Commission|001|Consolidated Salaries|2014-00-114-0-04|Consolidated Salaries|V|Data|Object-Head|96.79|114.04|114.04|114.20|100.0
121|01|27|2014|Administration of Justice|00||114|Advocate General|0||04|Karnataka State Law Commission|002|Basic Pay|2014-00-114-0-04|Basic Pay|V|Data|Object-Head|10.80|14.00|25.00|10.00|100.0
121|01|27|2014|Administration of Justice|00||114|Advocate General|0||04|Karnataka State Law Commission|004|Interim Relief|2014-00-114-0-04|Interim Relief|V|Data|Object-Head|0.53||||100.0
121|01|27|2014|Administration of Justice|00||114|Advocate General|0||04|Karnataka State Law Commission|011|Dearness Allowance|2014-00-114-0-04|Dearness Allowance|V|Data|Object-Head|2.10|3.00|5.00|3.00|100.0
121|01|27|2014|Administration of Justice|00||114|Advocate General|0||04|Karnataka State Law Commission|014|Other Allowance|2014-00-114-0-04|Other Allowance|V|Data|Object-Head|3.93|3.00|6.00|3.00|100.0
121|01|27|2014|Administration of Justice|00||114|Advocate General|0||04|Karnataka State Law Commission|021|Reimbursement of Medical Expenses|2014-00-114-0-04|Reimbursement of Medical Expenses|V|Data|Object-Head|2.51|3.00|3.00|3.00|100.0
121|01|27|2014|Administration of Justice|00||114|Advocate General|0||04|Karnataka State Law Commission|034|Contract/Outsource|2014-00-114-0-04|Contract/Outsource|V|Data|Object-Head|70.84|81.38|81.38|99.82|100.0
121|01|27|2014|Administration of Justice|00||114|Advocate General|0||04|Karnataka State Law Commission|041|Travel Expenses|2014-00-114-0-04|Travel Expenses|V|Data|Object-Head|5.65|5.00|5.00|5.00|100.0
121|01|27|2014|Administration of Justice|00||114|Advocate General|0||04|Karnataka State Law Commission|050|Office Expenses|2014-00-114-0-04|Office Expenses|V|Data|Object-Head|2.51|5.00|5.00|5.00|100.0
121|01|27|2014|Administration of Justice|00||114|Advocate General|0||04|Karnataka State Law Commission|051|General Expenses|2014-00-114-0-04|General Expenses|V|Data|Object-Head|19.38|15.00|15.00|15.00|100.0
121|01|27|2014|Administration of Justice|00||114|Advocate General|0||04|Karnataka State Law Commission|052|Telephone Charges|2014-00-114-0-04|Telephone Charges|V|Data|Object-Head|0.62||||100.0
121|01|27|2014|Administration of Justice|00||114|Advocate General|0||04|Karnataka State Law Commission|053|Purchase of Furniture and Fixture for Office|2014-00-114-0-04|Purchase of Furniture and Fixture for Office|V|Data|Object-Head|0.83||||100.0
121|01|27|2014|Administration of Justice|00||114|Advocate General|0||04|Karnataka State Law Commission|071|Building Expenses|2014-00-114-0-04|Building Expenses|V|Data|Object-Head|22.59|24.00|24.00|25.00|100.0
121|01|27|2014|Administration of Justice|00||114|Advocate General|0||04|Karnataka State Law Commission|195|Transport Expenses|2014-00-114-0-04|Transport Expenses|V|Data|Object-Head|13.28|25.70|25.70|16.46|100.0
121|01|27|2014|Administration of Justice|00||114|Advocate General|0||04|Karnataka State Law Commission|324|Honorarium|2014-00-114-0-04|Honorarium|V|Data|Object-Head||||1.00|100.0
121|01|27|2014|Administration of Justice|00||114|Advocate General|0||04|Karnataka State Law Commission|||2014-00-114-0-04|HOA Total :|V|Total|Detailed-Head|252.36|293.12|309.12|300.48|100.0
122|01|27|2014|Administration of Justice|00||114|Advocate General|0||05|Karnataka Law Reporting Council|||2014-00-114-0-05|Karnataka Law Reporting Council|V|Header|Detailed-Head|||||100.0
122|01|27|2014|Administration of Justice|00||114|Advocate General|0||05|Karnataka Law Reporting Council|002|Basic Pay|2014-00-114-0-05|Basic Pay|V|Data|Object-Head|54.05|103.00|103.00|106.00|100.0
122|01|27|2014|Administration of Justice|00||114|Advocate General|0||05|Karnataka Law Reporting Council|003|Basic Pay-Staff|2014-00-114-0-05|Basic Pay-Staff|V|Data|Object-Head|20.97||||100.0
122|01|27|2014|Administration of Justice|00||114|Advocate General|0||05|Karnataka Law Reporting Council|004|Interim Relief|2014-00-114-0-05|Interim Relief|V|Data|Object-Head|7.62||||100.0
122|01|27|2014|Administration of Justice|00||114|Advocate General|0||05|Karnataka Law Reporting Council|011|Dearness Allowance|2014-00-114-0-05|Dearness Allowance|V|Data|Object-Head|23.07|23.00|23.00|27.00|100.0
122|01|27|2014|Administration of Justice|00||114|Advocate General|0||05|Karnataka Law Reporting Council|014|Other Allowance|2014-00-114-0-05|Other Allowance|V|Data|Object-Head|19.11|23.00|23.00|23.00|100.0
122|01|27|2014|Administration of Justice|00||114|Advocate General|0||05|Karnataka Law Reporting Council|020|Medical Allowance|2014-00-114-0-05|Medical Allowance|V|Data|Object-Head|0.15||||100.0
122|01|27|2014|Administration of Justice|00||114|Advocate General|0||05|Karnataka Law Reporting Council|021|Reimbursement of Medical Expenses|2014-00-114-0-05|Reimbursement of Medical Expenses|V|Data|Object-Head|0.22|3.00|3.00|3.00|100.0
122|01|27|2014|Administration of Justice|00||114|Advocate General|0||05|Karnataka Law Reporting Council|034|Contract/Outsource|2014-00-114-0-05|Contract/Outsource|V|Data|Object-Head|15.00|15.00|15.00|15.00|100.0
122|01|27|2014|Administration of Justice|00||114|Advocate General|0||05|Karnataka Law Reporting Council|051|General Expenses|2014-00-114-0-05|General Expenses|V|Data|Object-Head|3.85|15.00|15.00|10.00|100.0
122|01|27|2014|Administration of Justice|00||114|Advocate General|0||05|Karnataka Law Reporting Council|221|Materials and Supplies|2014-00-114-0-05|Materials and Supplies|V|Data|Object-Head||2.00|2.00|1.00|100.0
122|01|27|2014|Administration of Justice|00||114|Advocate General|0||05|Karnataka Law Reporting Council|324|Honorarium|2014-00-114-0-05|Honorarium|V|Data|Object-Head||||1.00|100.0
122|01|27|2014|Administration of Justice|00||114|Advocate General|0||05|Karnataka Law Reporting Council|||2014-00-114-0-05|HOA Total :|V|Total|Detailed-Head|144.04|184.00|184.00|186.00|100.0
122|01|27|2014|Administration of Justice|00||114|Advocate General|0||06|Karnataka Institute for Law & Parliamentary Reforms|||2014-00-114-0-06|Karnataka Institute for Law & Parliamentary Reforms|V|Header|Detailed-Head|||||100.0
122|01|27|2014|Administration of Justice|00||114|Advocate General|0||06|Karnataka Institute for Law & Parliamentary Reforms|103|Grants-in-Aid -General|2014-00-114-0-06|Grants-in-Aid -General|V|Data|Object-Head|32.00|32.00|32.00|33.00|100.0
122|01|27|2014|Administration of Justice|00||114|Advocate General|0||06|Karnataka Institute for Law & Parliamentary Reforms|115|GIA Contract /Outsource|2014-00-114-0-06|GIA Contract /Outsource|V|Data|Object-Head|61.67|55.14|68.59|78.36|100.0
122|01|27|2014|Administration of Justice|00||114|Advocate General|0||06|Karnataka Institute for Law & Parliamentary Reforms|||2014-00-114-0-06|HOA Total :|V|Total|Detailed-Head|93.67|87.14|100.59|111.36|100.0
122|01|27|2014|Administration of Justice|00||114|Advocate General|0||08|Karnataka State Legal Services Authority, Bengaluru|||2014-00-114-0-08|Karnataka State Legal Services Authority, Bengaluru|V|Header|Detailed-Head|||||100.0
122|01|27|2014|Administration of Justice|00||114|Advocate General|0||08|Karnataka State Legal Services Authority, Bengaluru|101|Grants-in-Aid-Salaries|2014-00-114-0-08|Grants-in-Aid-Salaries|V|Data|Object-Head|1619.30|2980.92|2980.92|3047.88|100.0
122|01|27|2014|Administration of Justice|00||114|Advocate General|0||08|Karnataka State Legal Services Authority, Bengaluru|103|Grants-in-Aid -General|2014-00-114-0-08|Grants-in-Aid -General|V|Data|Object-Head|520.48|450.00|450.00|450.00|100.0
122|01|27|2014|Administration of Justice|00||114|Advocate General|0||08|Karnataka State Legal Services Authority, Bengaluru|115|GIA Contract /Outsource|2014-00-114-0-08|GIA Contract /Outsource|V|Data|Object-Head|1454.23|1508.73|1508.73|1234.31|100.0
122|01|27|2014|Administration of Justice|00||114|Advocate General|0||08|Karnataka State Legal Services Authority, Bengaluru|118|Grants-in-Aid-Pensions|2014-00-114-0-08|Grants-in-Aid-Pensions|V|Data|Object-Head|25.00|25.00|25.00|25.00|100.0
122|01|27|2014|Administration of Justice|00||114|Advocate General|0||08|Karnataka State Legal Services Authority, Bengaluru|||2014-00-114-0-08|HOA Total :|V|Total|Detailed-Head|3619.01|4964.65|4964.65|4757.19|100.0
123|01|27|2014|Administration of Justice|00||119||0||02|CSS-State Share-Legal Aid Defense Counsel System Scheme|||2014-00-119-0-02|CSS-State Share-Legal Aid Defense Counsel System Scheme|V|Header|Detailed-Head|||||100.0
123|01|27|2014|Administration of Justice|00||119||0||02|CSS-State Share-Legal Aid Defense Counsel System Scheme|051|General Expenses|2014-00-119-0-02|General Expenses|V|Data|Object-Head||||477.00|100.0
123|01|27|2014|Administration of Justice|00||119||0||02|CSS-State Share-Legal Aid Defense Counsel System Scheme|||2014-00-119-0-02|HOA Total :|V|Total|Detailed-Head|0.00|0.00|0.00|477.00|100.0
123|01|27|2014|Administration of Justice|00||800||5||01|Chamarajanagar Government Law College|||2014-00-800-5-01|Chamarajanagar Government Law College|V|Header|Detailed-Head|||||100.0
123|01|27|2014|Administration of Justice|00||800||5||01|Chamarajanagar Government Law College|002|Basic Pay|2014-00-800-5-01|Basic Pay|V|Data|Object-Head|9.73|14.00|40.75|53.00|100.0
123|01|27|2014|Administration of Justice|00||800||5||01|Chamarajanagar Government Law College|003|Basic Pay-Staff|2014-00-800-5-01|Basic Pay-Staff|V|Data|Object-Head|9.35||||100.0
123|01|27|2014|Administration of Justice|00||800||5||01|Chamarajanagar Government Law College|004|Interim Relief|2014-00-800-5-01|Interim Relief|V|Data|Object-Head|0.55||||100.0
123|01|27|2014|Administration of Justice|00||800||5||01|Chamarajanagar Government Law College|011|Dearness Allowance|2014-00-800-5-01|Dearness Allowance|V|Data|Object-Head|7.09|4.00|22.12|31.00|100.0
123|01|27|2014|Administration of Justice|00||800||5||01|Chamarajanagar Government Law College|014|Other Allowance|2014-00-800-5-01|Other Allowance|V|Data|Object-Head|1.48|3.00|4.30|5.00|100.0
123|01|27|2014|Administration of Justice|00||800||5||01|Chamarajanagar Government Law College|020|Medical Allowance|2014-00-800-5-01|Medical Allowance|V|Data|Object-Head|0.08||||100.0
123|01|27|2014|Administration of Justice|00||800||5||01|Chamarajanagar Government Law College|021|Reimbursement of Medical Expenses|2014-00-800-5-01|Reimbursement of Medical Expenses|V|Data|Object-Head||3.00|3.00|3.00|100.0
123|01|27|2014|Administration of Justice|00||800||5||01|Chamarajanagar Government Law College|050|Office Expenses|2014-00-800-5-01|Office Expenses|V|Data|Object-Head||1.00|1.00|1.00|100.0
123|01|27|2014|Administration of Justice|00||800||5||01|Chamarajanagar Government Law College|051|General Expenses|2014-00-800-5-01|General Expenses|V|Data|Object-Head|0.05|3.00|3.00|2.00|100.0
123|01|27|2014|Administration of Justice|00||800||5||01|Chamarajanagar Government Law College|071|Building Expenses|2014-00-800-5-01|Building Expenses|V|Data|Object-Head||2.00|2.00|1.00|100.0
123|01|27|2014|Administration of Justice|00||800||5||01|Chamarajanagar Government Law College|||2014-00-800-5-01|HOA Total :|V|Total|Detailed-Head|28.33|30.00|76.17|96.00|100.0
123|01|27|2014|Administration of Justice|00||911||0||00|Deduct Recoveries of Over Payment|||2014-00-911-0-00|Deduct Recoveries of Over Payment|V|Header|Detailed-Head|||||100.0
123|01|27|2014|Administration of Justice|00||911||0||00|Deduct Recoveries of Over Payment|364|Deduct - Recoveries|2014-00-911-0-00|Deduct - Recoveries|V|Data|Object-Head|-1.90||||100.0
123|01|27|2014|Administration of Justice|00||911||0||00|Deduct Recoveries of Over Payment|||2014-00-911-0-00|HOA Total :|V|Total|Detailed-Head|-1.90|0.00|0.00|0.00|100.0
123|01|27|2014|Administration of Justice|00||911||0||01|Deduct Recovery of Over Payments of Current Year|||2014-00-911-0-01|Deduct Recovery of Over Payments of Current Year|V|Header|Detailed-Head|||||100.0
123|01|27|2014|Administration of Justice|00||911||0||01|Deduct Recovery of Over Payments of Current Year|364|Deduct - Recoveries|2014-00-911-0-01|Deduct - Recoveries|V|Data|Object-Head|-158.76||||100.0
123|01|27|2014|Administration of Justice|00||911||0||01|Deduct Recovery of Over Payments of Current Year|||2014-00-911-0-01|HOA Total :|V|Total|Detailed-Head|-158.76|0.00|0.00|0.00|100.0
124|01|27|2014|Administration of Justice|00||911|Deduct Recoveries of Over Payment|0||02|Deduct Recovery of Over Payments of Previous Year|||2014-00-911-0-02|Deduct Recovery of Over Payments of Previous Year|V|Header|Detailed-Head|||||100.0
124|01|27|2014|Administration of Justice|00||911|Deduct Recoveries of Over Payment|0||02|Deduct Recovery of Over Payments of Previous Year|364|Deduct - Recoveries|2014-00-911-0-02|Deduct - Recoveries|V|Data|Object-Head|-76.95||||100.0
124|01|27|2014|Administration of Justice|00||911|Deduct Recoveries of Over Payment|0||02|Deduct Recovery of Over Payments of Previous Year|||2014-00-911-0-02|HOA Total :|V|Total|Detailed-Head|-76.95|0.00|0.00|0.00|100.0
124|01|27|2014|Administration of Justice|00||||||||||2014|2014 - Total :|V|Total|Major-Head|209791.53|244153.25|247711.62|263089.98|
125|01|27|2059|Public Works|01||053||0||01|Maintenance of Office Buildings and Quarters-all High Courts of Karnataka|||2059-01-053-0-01|Maintenance of Office Buildings and Quarters-all High Courts of Karnataka|C|Header|Detailed-Head|||||100.0
125|01|27|2059|Public Works|01||053||0||01|Maintenance of Office Buildings and Quarters-all High Courts of Karnataka|200|Maintenance Expenditure|2059-01-053-0-01|Maintenance Expenditure|C|Data|Object-Head|179.94|180.00|180.00|3000.00|100.0
125|01|27|2059|Public Works|01||053||0||01|Maintenance of Office Buildings and Quarters-all High Courts of Karnataka|||2059-01-053-0-01|HOA Total :|C|Total|Detailed-Head|179.94|180.00|180.00|3000.00|100.0
125|01|27|2059|Public Works|01||||||||||2059|2059 - Total :|C|Total|Major-Head|179.94|180.00|180.00|3000.00|
126|01|27|4059|Capital Outlay on Public Works|60||051||0||03|Construction of Law College at Haveri|||4059-60-051-0-03|Construction of Law College at Haveri||Header|Detailed-Head|||||100.0
126|01|27|4059|Capital Outlay on Public Works|60||051||0||03|Construction of Law College at Haveri|386|Purchase/Construction of Buildings|4059-60-051-0-03|Purchase/Construction of Buildings||Data|Object-Head|200.00|200.00|200.00||100.0
126|01|27|4059|Capital Outlay on Public Works|60||051||0||03|Construction of Law College at Haveri|||4059-60-051-0-03|HOA Total :||Total|Detailed-Head|200.00|200.00|200.00|0.00|100.0
126|01|27|4059|Capital Outlay on Public Works|60||||||||||4059|4059 - Total :||Total|Major-Head|200.00|200.00|200.00|0.00|
127|01|27|4070|Capital Outlay on Other Administrative Services|00||||||||||4070|Capital Outlay on Other Administrative Services||Header|Major-Head|||||
127|01|27|4070|Capital Outlay on Other Administrative Services|00||001||0||02|Capital Expenses of Civil and Session Courts and other Judiciary Institutions|||4070-00-001-0-02|Capital Expenses of Civil and Session Courts and other Judiciary Institutions||Header|Detailed-Head|||||100.0
127|01|27|4070|Capital Outlay on Other Administrative Services|00||001||0||02|Capital Expenses of Civil and Session Courts and other Judiciary Institutions|053|Purchase of Furniture and Fixture for Office|4070-00-001-0-02|Purchase of Furniture and Fixture for Office|V|Data|Object-Head||172.00|315.16|200.00|100.0
127|01|27|4070|Capital Outlay on Other Administrative Services|00||001||0||02|Capital Expenses of Civil and Session Courts and other Judiciary Institutions|177|IT Expenditure|4070-00-001-0-02|IT Expenditure|V|Data|Object-Head||150.00|150.00|1.00|100.0
127|01|27|4070|Capital Outlay on Other Administrative Services|00||001||0||02|Capital Expenses of Civil and Session Courts and other Judiciary Institutions|180|Machinery and Equipments|4070-00-001-0-02|Machinery and Equipments|V|Data|Object-Head||8020.00|7876.84|6000.00|100.0
127|01|27|4070|Capital Outlay on Other Administrative Services|00||001||0||02|Capital Expenses of Civil and Session Courts and other Judiciary Institutions|199|Transportation Assets|4070-00-001-0-02|Transportation Assets|V|Data|Object-Head||79.28|115.28|100.00|100.0
127|01|27|4070|Capital Outlay on Other Administrative Services|00||001||0||02|Capital Expenses of Civil and Session Courts and other Judiciary Institutions|||4070-00-001-0-02|HOA Total :|V|Total|Detailed-Head|0.00|8421.28|8457.28|6301.00|100.0
127|01|27|4070|Capital Outlay on Other Administrative Services|00||001||0||03|Capital Expenses of High Court of Karnataka, Bengaluru - Dharwad Bench - Kalburgi Bench.|||4070-00-001-0-03|Capital Expenses of High Court of Karnataka, Bengaluru - Dharwad Bench - Kalburgi Bench.||Header|Detailed-Head|||||100.0
127|01|27|4070|Capital Outlay on Other Administrative Services|00||001||0||03|Capital Expenses of High Court of Karnataka, Bengaluru - Dharwad Bench - Kalburgi Bench.|053|Purchase of Furniture and Fixture for Office|4070-00-001-0-03|Purchase of Furniture and Fixture for Office|C|Data|Object-Head||||10.00|100.0
127|01|27|4070|Capital Outlay on Other Administrative Services|00||001||0||03|Capital Expenses of High Court of Karnataka, Bengaluru - Dharwad Bench - Kalburgi Bench.|180|Machinery and Equipments|4070-00-001-0-03|Machinery and Equipments|C|Data|Object-Head||650.00|650.00|300.00|100.0
127|01|27|4070|Capital Outlay on Other Administrative Services|00||001||0||03|Capital Expenses of High Court of Karnataka, Bengaluru - Dharwad Bench - Kalburgi Bench.|199|Transportation Assets|4070-00-001-0-03|Transportation Assets|C|Data|Object-Head||46.00|66.00|100.00|100.0
127|01|27|4070|Capital Outlay on Other Administrative Services|00||001||0||03|Capital Expenses of High Court of Karnataka, Bengaluru - Dharwad Bench - Kalburgi Bench.|||4070-00-001-0-03|HOA Total :|C|Total|Detailed-Head|0.00|696.00|716.00|410.00|100.0
127|01|27|4070|Capital Outlay on Other Administrative Services|00||800||0||11|Purchase of Vehicles|||4070-00-800-0-11|Purchase of Vehicles||Header|Detailed-Head|||||100.0
127|01|27|4070|Capital Outlay on Other Administrative Services|00||800||0||11|Purchase of Vehicles|199|Transportation Assets|4070-00-800-0-11|Transportation Assets|V|Data|Object-Head|163.72||||100.0
127|01|27|4070|Capital Outlay on Other Administrative Services|00||800||0||11|Purchase of Vehicles|199|Transportation Assets|4070-00-800-0-11|Transportation Assets|C|Data|Object-Head|648.05||||100.0
127|01|27|4070|Capital Outlay on Other Administrative Services|00||800||0||11|Purchase of Vehicles|||4070-00-800-0-11|HOA Total :|V+C|Total|Detailed-Head|811.77|0.00|0.00|0.00|100.0
127|01|27|4070|Capital Outlay on Other Administrative Services|00||||||||||4070|4070 - Total :|V+C|Total|Major-Head|811.77|9117.28|9173.28|6711.00|
128|01|28|2011|Parliament/State/Union Territory Legislatures|02||||||||||2011|Parliament/State/Union Territory Legislatures||Header|Major-Head|||||
128|01|28|2011|Parliament/State/Union Territory Legislatures|02||101||0||01|Speaker|||2011-02-101-0-01|Speaker||Header|Detailed-Head|||||100.0
128|01|28|2011|Parliament/State/Union Territory Legislatures|02||101||0||01|Speaker|001|Consolidated Salaries|2011-02-101-0-01|Consolidated Salaries|C|Data|Object-Head|13.00|32.20|32.20|53.00|100.0
128|01|28|2011|Parliament/State/Union Territory Legislatures|02||101||0||01|Speaker|021|Reimbursement of Medical Expenses|2011-02-101-0-01|Reimbursement of Medical Expenses|C|Data|Object-Head||4.00|4.00|4.00|100.0
128|01|28|2011|Parliament/State/Union Territory Legislatures|02||101||0||01|Speaker|041|Travel Expenses|2011-02-101-0-01|Travel Expenses|C|Data|Object-Head|125.96|104.00|204.00|200.00|100.0
128|01|28|2011|Parliament/State/Union Territory Legislatures|02||101||0||01|Speaker|050|Office Expenses|2011-02-101-0-01|Office Expenses|C|Data|Object-Head||2.00|2.00|6.00|100.0
128|01|28|2011|Parliament/State/Union Territory Legislatures|02||101||0||01|Speaker|051|General Expenses|2011-02-101-0-01|General Expenses|C|Data|Object-Head|22.89|30.00|30.00|30.00|100.0
128|01|28|2011|Parliament/State/Union Territory Legislatures|02||101||0||01|Speaker|052|Telephone Charges|2011-02-101-0-01|Telephone Charges|C|Data|Object-Head|1.31||||100.0
128|01|28|2011|Parliament/State/Union Territory Legislatures|02||101||0||01|Speaker|||2011-02-101-0-01|HOA Total :|C|Total|Detailed-Head|163.16|172.20|272.20|293.00|100.0
128|01|28|2011|Parliament/State/Union Territory Legislatures|02||101||0||02|Deputy Speaker|||2011-02-101-0-02|Deputy Speaker||Header|Detailed-Head|||||100.0
128|01|28|2011|Parliament/State/Union Territory Legislatures|02||101||0||02|Deputy Speaker|001|Consolidated Salaries|2011-02-101-0-02|Consolidated Salaries|C|Data|Object-Head|28.90|28.90|41.40|42.60|100.0
128|01|28|2011|Parliament/State/Union Territory Legislatures|02||101||0||02|Deputy Speaker|021|Reimbursement of Medical Expenses|2011-02-101-0-02|Reimbursement of Medical Expenses|C|Data|Object-Head|2.00|4.00|25.00|4.00|100.0
128|01|28|2011|Parliament/State/Union Territory Legislatures|02||101||0||02|Deputy Speaker|041|Travel Expenses|2011-02-101-0-02|Travel Expenses|C|Data|Object-Head|53.92|40.00|40.00|40.00|100.0
128|01|28|2011|Parliament/State/Union Territory Legislatures|02||101||0||02|Deputy Speaker|050|Office Expenses|2011-02-101-0-02|Office Expenses|C|Data|Object-Head||1.00|1.00|1.00|100.0
128|01|28|2011|Parliament/State/Union Territory Legislatures|02||101||0||02|Deputy Speaker|051|General Expenses|2011-02-101-0-02|General Expenses|C|Data|Object-Head|0.30|4.00|4.00|4.00|100.0
128|01|28|2011|Parliament/State/Union Territory Legislatures|02||101||0||02|Deputy Speaker|052|Telephone Charges|2011-02-101-0-02|Telephone Charges|C|Data|Object-Head|0.71||||100.0
128|01|28|2011|Parliament/State/Union Territory Legislatures|02||101||0||02|Deputy Speaker|||2011-02-101-0-02|HOA Total :|C|Total|Detailed-Head|85.83|77.90|111.40|91.60|100.0
128|01|28|2011|Parliament/State/Union Territory Legislatures|02||101||0||03|Leader of Opposition- Legislative Assembly|||2011-02-101-0-03|Leader of Opposition- Legislative Assembly||Header|Detailed-Head|||||100.0
128|01|28|2011|Parliament/State/Union Territory Legislatures|02||101||0||03|Leader of Opposition- Legislative Assembly|001|Consolidated Salaries|2011-02-101-0-03|Consolidated Salaries|V|Data|Object-Head|11.30|28.90|59.00|42.60|100.0
128|01|28|2011|Parliament/State/Union Territory Legislatures|02||101||0||03|Leader of Opposition- Legislative Assembly|021|Reimbursement of Medical Expenses|2011-02-101-0-03|Reimbursement of Medical Expenses|V|Data|Object-Head||2.00|2.00|2.00|100.0
128|01|28|2011|Parliament/State/Union Territory Legislatures|02||101||0||03|Leader of Opposition- Legislative Assembly|041|Travel Expenses|2011-02-101-0-03|Travel Expenses|V|Data|Object-Head|39.83|40.00|40.00|40.00|100.0
128|01|28|2011|Parliament/State/Union Territory Legislatures|02||101||0||03|Leader of Opposition- Legislative Assembly|050|Office Expenses|2011-02-101-0-03|Office Expenses|V|Data|Object-Head||1.00|1.00|1.00|100.0
128|01|28|2011|Parliament/State/Union Territory Legislatures|02||101||0||03|Leader of Opposition- Legislative Assembly|051|General Expenses|2011-02-101-0-03|General Expenses|V|Data|Object-Head|3.48|4.00|4.00|5.00|100.0
128|01|28|2011|Parliament/State/Union Territory Legislatures|02||101||0||03|Leader of Opposition- Legislative Assembly|052|Telephone Charges|2011-02-101-0-03|Telephone Charges|V|Data|Object-Head|0.82||||100.0
128|01|28|2011|Parliament/State/Union Territory Legislatures|02||101||0||03|Leader of Opposition- Legislative Assembly|||2011-02-101-0-03|HOA Total :|V|Total|Detailed-Head|55.43|75.90|106.00|90.60|100.0
129|01|28|2011|Parliament/State/Union Territory Legislatures|02||101||0||04|Government Chief Whip - Legislative Assembly|||2011-02-101-0-04|Government Chief Whip - Legislative Assembly||Header|Detailed-Head|||||100.0
129|01|28|2011|Parliament/State/Union Territory Legislatures|02||101||0||04|Government Chief Whip - Legislative Assembly|001|Consolidated Salaries|2011-02-101-0-04|Consolidated Salaries||Data|Object-Head|27.70|27.70|40.20|41.40|100.0
129|01|28|2011|Parliament/State/Union Territory Legislatures|02||101||0||04|Government Chief Whip - Legislative Assembly|021|Reimbursement of Medical Expenses|2011-02-101-0-04|Reimbursement of Medical Expenses||Data|Object-Head|8.16|6.00|6.00|6.00|100.0
129|01|28|2011|Parliament/State/Union Territory Legislatures|02||101||0||04|Government Chief Whip - Legislative Assembly|041|Travel Expenses|2011-02-101-0-04|Travel Expenses||Data|Object-Head|47.90|30.00|68.00|36.00|100.0
129|01|28|2011|Parliament/State/Union Territory Legislatures|02||101||0||04|Government Chief Whip - Legislative Assembly|050|Office Expenses|2011-02-101-0-04|Office Expenses||Data|Object-Head||1.00|1.00|1.00|100.0
129|01|28|2011|Parliament/State/Union Territory Legislatures|02||101||0||04|Government Chief Whip - Legislative Assembly|051|General Expenses|2011-02-101-0-04|General Expenses||Data|Object-Head|0.30|1.00|1.00|2.00|100.0
129|01|28|2011|Parliament/State/Union Territory Legislatures|02||101||0||04|Government Chief Whip - Legislative Assembly|052|Telephone Charges|2011-02-101-0-04|Telephone Charges||Data|Object-Head|0.74||||100.0
129|01|28|2011|Parliament/State/Union Territory Legislatures|02||101||0||04|Government Chief Whip - Legislative Assembly|||2011-02-101-0-04|HOA Total :||Total|Detailed-Head|84.80|65.70|116.20|86.40|100.0
129|01|28|2011|Parliament/State/Union Territory Legislatures|02||101||0||05|Consolidated Salaries for MLAs|||2011-02-101-0-05|Consolidated Salaries for MLAs||Header|Detailed-Head|||||100.0
129|01|28|2011|Parliament/State/Union Territory Legislatures|02||101||0||05|Consolidated Salaries for MLAs|001|Consolidated Salaries|2011-02-101-0-05|Consolidated Salaries||Data|Object-Head|4428.00|4428.00|4428.00|5416.00|100.0
129|01|28|2011|Parliament/State/Union Territory Legislatures|02||101||0||05|Consolidated Salaries for MLAs|021|Reimbursement of Medical Expenses|2011-02-101-0-05|Reimbursement of Medical Expenses||Data|Object-Head|368.78|500.00|500.00|500.00|100.0
129|01|28|2011|Parliament/State/Union Territory Legislatures|02||101||0||05|Consolidated Salaries for MLAs|041|Travel Expenses|2011-02-101-0-05|Travel Expenses||Data|Object-Head|3095.11|4120.00|4120.00|4120.00|100.0
129|01|28|2011|Parliament/State/Union Territory Legislatures|02||101||0||05|Consolidated Salaries for MLAs|051|General Expenses|2011-02-101-0-05|General Expenses||Data|Object-Head|20.56|50.00|50.00|50.00|100.0
129|01|28|2011|Parliament/State/Union Territory Legislatures|02||101||0||05|Consolidated Salaries for MLAs|||2011-02-101-0-05|HOA Total :||Total|Detailed-Head|7912.45|9098.00|9098.00|10086.00|100.0
129|01|28|2011|Parliament/State/Union Territory Legislatures|02||101||0||08|Commonwealth Parliament Affiliation Fees|||2011-02-101-0-08|Commonwealth Parliament Affiliation Fees||Header|Detailed-Head|||||100.0
129|01|28|2011|Parliament/State/Union Territory Legislatures|02||101||0||08|Commonwealth Parliament Affiliation Fees|051|General Expenses|2011-02-101-0-08|General Expenses||Data|Object-Head|16.37|16.00|16.00|20.00|100.0
129|01|28|2011|Parliament/State/Union Territory Legislatures|02||101||0||08|Commonwealth Parliament Affiliation Fees|||2011-02-101-0-08|HOA Total :||Total|Detailed-Head|16.37|16.00|16.00|20.00|100.0
129|01|28|2011|Parliament/State/Union Territory Legislatures|02||101||0||09|PAs to MLAs|||2011-02-101-0-09|PAs to MLAs||Header|Detailed-Head|||||100.0
129|01|28|2011|Parliament/State/Union Territory Legislatures|02||101||0||09|PAs to MLAs|002|Basic Pay|2011-02-101-0-09|Basic Pay||Data|Object-Head||869.00|869.00|1006.00|100.0
129|01|28|2011|Parliament/State/Union Territory Legislatures|02||101||0||09|PAs to MLAs|003|Basic Pay-Staff|2011-02-101-0-09|Basic Pay-Staff||Data|Object-Head|640.89||||100.0
129|01|28|2011|Parliament/State/Union Territory Legislatures|02||101||0||09|PAs to MLAs|004|Interim Relief|2011-02-101-0-09|Interim Relief||Data|Object-Head|51.83||||100.0
129|01|28|2011|Parliament/State/Union Territory Legislatures|02||101||0||09|PAs to MLAs|011|Dearness Allowance|2011-02-101-0-09|Dearness Allowance||Data|Object-Head|162.68|192.00|192.00|252.00|100.0
129|01|28|2011|Parliament/State/Union Territory Legislatures|02||101||0||09|PAs to MLAs|014|Other Allowance|2011-02-101-0-09|Other Allowance||Data|Object-Head|129.48|219.00|219.00|244.00|100.0
129|01|28|2011|Parliament/State/Union Territory Legislatures|02||101||0||09|PAs to MLAs|020|Medical Allowance|2011-02-101-0-09|Medical Allowance||Data|Object-Head|4.53||||100.0
130|01|28|2011|Parliament/State/Union Territory Legislatures|02||101||0||09|PAs to MLAs|021|Reimbursement of Medical Expenses|2011-02-101-0-09|Reimbursement of Medical Expenses||Data|Object-Head|1.72|15.00|15.00|15.00|100.0
130|01|28|2011|Parliament/State/Union Territory Legislatures|02||101||0||09|PAs to MLAs|034|Contract/Outsource|2011-02-101-0-09|Contract/Outsource||Data|Object-Head|618.57|541.72|876.72|873.87|100.0
130|01|28|2011|Parliament/State/Union Territory Legislatures|02||101||0||09|PAs to MLAs|035|Salary of Board/Corp.Staff working in State Government|2011-02-101-0-09|Salary of Board/Corp.Staff working in State Government||Data|Object-Head|199.84|1069.06|949.67|169.82|100.0
130|01|28|2011|Parliament/State/Union Territory Legislatures|02||101||0||09|PAs to MLAs|||2011-02-101-0-09|HOA Total :||Total|Detailed-Head|1809.54|2905.78|3121.39|2560.69|100.0
130|01|28|2011|Parliament/State/Union Territory Legislatures|02||101||0||10|Chief Whip - Opposition - LA|||2011-02-101-0-10|Chief Whip - Opposition - LA||Header|Detailed-Head|||||100.0
130|01|28|2011|Parliament/State/Union Territory Legislatures|02||101||0||10|Chief Whip - Opposition - LA|001|Consolidated Salaries|2011-02-101-0-10|Consolidated Salaries||Data|Object-Head|27.70|27.70|40.20|41.40|100.0
130|01|28|2011|Parliament/State/Union Territory Legislatures|02||101||0||10|Chief Whip - Opposition - LA|021|Reimbursement of Medical Expenses|2011-02-101-0-10|Reimbursement of Medical Expenses||Data|Object-Head|1.44|5.00|5.00|5.00|100.0
130|01|28|2011|Parliament/State/Union Territory Legislatures|02||101||0||10|Chief Whip - Opposition - LA|041|Travel Expenses|2011-02-101-0-10|Travel Expenses||Data|Object-Head|42.23|40.00|40.00|41.00|100.0
130|01|28|2011|Parliament/State/Union Territory Legislatures|02||101||0||10|Chief Whip - Opposition - LA|050|Office Expenses|2011-02-101-0-10|Office Expenses||Data|Object-Head||1.00|1.00|1.00|100.0
130|01|28|2011|Parliament/State/Union Territory Legislatures|02||101||0||10|Chief Whip - Opposition - LA|051|General Expenses|2011-02-101-0-10|General Expenses||Data|Object-Head|0.30|8.00|8.00|8.00|100.0
130|01|28|2011|Parliament/State/Union Territory Legislatures|02||101||0||10|Chief Whip - Opposition - LA|052|Telephone Charges|2011-02-101-0-10|Telephone Charges||Data|Object-Head|0.69||||100.0
130|01|28|2011|Parliament/State/Union Territory Legislatures|02||101||0||10|Chief Whip - Opposition - LA|||2011-02-101-0-10|HOA Total :||Total|Detailed-Head|72.36|81.70|94.20|96.40|100.0
130|01|28|2011|Parliament/State/Union Territory Legislatures|02||101||0||11|Legislature Session at Belagavi|||2011-02-101-0-11|Legislature Session at Belagavi||Header|Detailed-Head|||||100.0
130|01|28|2011|Parliament/State/Union Territory Legislatures|02||101||0||11|Legislature Session at Belagavi|050|Office Expenses|2011-02-101-0-11|Office Expenses||Data|Object-Head||1.00|1.00|1.00|100.0
130|01|28|2011|Parliament/State/Union Territory Legislatures|02||101||0||11|Legislature Session at Belagavi|051|General Expenses|2011-02-101-0-11|General Expenses||Data|Object-Head|2118.53|1100.00|2722.00|2500.00|100.0
130|01|28|2011|Parliament/State/Union Territory Legislatures|02||101||0||11|Legislature Session at Belagavi|195|Transport Expenses|2011-02-101-0-11|Transport Expenses||Data|Object-Head|175.63|225.00|225.00|234.00|100.0
130|01|28|2011|Parliament/State/Union Territory Legislatures|02||101||0||11|Legislature Session at Belagavi|200|Maintenance Expenditure|2011-02-101-0-11|Maintenance Expenditure||Data|Object-Head|462.83|251.00|251.00|261.00|100.0
130|01|28|2011|Parliament/State/Union Territory Legislatures|02||101||0||11|Legislature Session at Belagavi|||2011-02-101-0-11|HOA Total :||Total|Detailed-Head|2756.99|1577.00|3199.00|2996.00|100.0
130|01|28|2011|Parliament/State/Union Territory Legislatures|02||101||0||15|Concession to Ex-Members of Legislative Assembly|||2011-02-101-0-15|Concession to Ex-Members of Legislative Assembly||Header|Detailed-Head|||||100.0
130|01|28|2011|Parliament/State/Union Territory Legislatures|02||101||0||15|Concession to Ex-Members of Legislative Assembly|021|Reimbursement of Medical Expenses|2011-02-101-0-15|Reimbursement of Medical Expenses||Data|Object-Head|734.63|600.00|600.00|600.00|100.0
130|01|28|2011|Parliament/State/Union Territory Legislatures|02||101||0||15|Concession to Ex-Members of Legislative Assembly|041|Travel Expenses|2011-02-101-0-15|Travel Expenses||Data|Object-Head|451.79|500.00|646.00|750.00|100.0
130|01|28|2011|Parliament/State/Union Territory Legislatures|02||101||0||15|Concession to Ex-Members of Legislative Assembly|||2011-02-101-0-15|HOA Total :||Total|Detailed-Head|1186.42|1100.00|1246.00|1350.00|100.0
131|01|28|2011|Parliament/State/Union Territory Legislatures|02||101||0||16|Computer Grants to New MLAs|||2011-02-101-0-16|Computer Grants to New MLAs||Header|Detailed-Head|||||100.0
131|01|28|2011|Parliament/State/Union Territory Legislatures|02||101||0||16|Computer Grants to New MLAs|051|General Expenses|2011-02-101-0-16|General Expenses|V|Data|Object-Head|6.00|50.00|50.00|10.00|100.0
131|01|28|2011|Parliament/State/Union Territory Legislatures|02||101||0||16|Computer Grants to New MLAs|||2011-02-101-0-16|HOA Total :|V|Total|Detailed-Head|6.00|50.00|50.00|10.00|100.0
131|01|28|2011|Parliament/State/Union Territory Legislatures|02||102||0||01|Chairman|||2011-02-102-0-01|Chairman|C|Header|Detailed-Head|||||100.0
131|01|28|2011|Parliament/State/Union Territory Legislatures|02||102||0||01|Chairman|001|Consolidated Salaries|2011-02-102-0-01|Consolidated Salaries|C|Data|Object-Head|9.00|32.20|32.20|53.00|100.0
131|01|28|2011|Parliament/State/Union Territory Legislatures|02||102||0||01|Chairman|021|Reimbursement of Medical Expenses|2011-02-102-0-01|Reimbursement of Medical Expenses|C|Data|Object-Head|14.66|10.00|10.00|10.00|100.0
131|01|28|2011|Parliament/State/Union Territory Legislatures|02||102||0||01|Chairman|041|Travel Expenses|2011-02-102-0-01|Travel Expenses|C|Data|Object-Head|99.95|100.00|200.00|120.00|100.0
131|01|28|2011|Parliament/State/Union Territory Legislatures|02||102||0||01|Chairman|050|Office Expenses|2011-02-102-0-01|Office Expenses|C|Data|Object-Head||1.00|1.00|1.00|100.0
131|01|28|2011|Parliament/State/Union Territory Legislatures|02||102||0||01|Chairman|051|General Expenses|2011-02-102-0-01|General Expenses|C|Data|Object-Head|7.95|6.00|11.00|6.00|100.0
131|01|28|2011|Parliament/State/Union Territory Legislatures|02||102||0||01|Chairman|052|Telephone Charges|2011-02-102-0-01|Telephone Charges|C|Data|Object-Head|0.80||||100.0
131|01|28|2011|Parliament/State/Union Territory Legislatures|02||102||0||01|Chairman|||2011-02-102-0-01|HOA Total :|C|Total|Detailed-Head|132.36|149.20|254.20|190.00|100.0
131|01|28|2011|Parliament/State/Union Territory Legislatures|02||102||0||02|Deputy Chairman|||2011-02-102-0-02|Deputy Chairman|C|Header|Detailed-Head|||||100.0
131|01|28|2011|Parliament/State/Union Territory Legislatures|02||102||0||02|Deputy Chairman|001|Consolidated Salaries|2011-02-102-0-02|Consolidated Salaries|C|Data|Object-Head|26.40|28.90|38.90|42.60|100.0
131|01|28|2011|Parliament/State/Union Territory Legislatures|02||102||0||02|Deputy Chairman|021|Reimbursement of Medical Expenses|2011-02-102-0-02|Reimbursement of Medical Expenses|C|Data|Object-Head|3.31|5.00|5.00|5.00|100.0
131|01|28|2011|Parliament/State/Union Territory Legislatures|02||102||0||02|Deputy Chairman|041|Travel Expenses|2011-02-102-0-02|Travel Expenses|C|Data|Object-Head|55.03|50.00|92.00|52.00|100.0
131|01|28|2011|Parliament/State/Union Territory Legislatures|02||102||0||02|Deputy Chairman|050|Office Expenses|2011-02-102-0-02|Office Expenses|C|Data|Object-Head||1.00|1.00|1.00|100.0
131|01|28|2011|Parliament/State/Union Territory Legislatures|02||102||0||02|Deputy Chairman|051|General Expenses|2011-02-102-0-02|General Expenses|C|Data|Object-Head|2.86|3.00|5.00|4.00|100.0
131|01|28|2011|Parliament/State/Union Territory Legislatures|02||102||0||02|Deputy Chairman|052|Telephone Charges|2011-02-102-0-02|Telephone Charges|C|Data|Object-Head|0.09||||100.0
131|01|28|2011|Parliament/State/Union Territory Legislatures|02||102||0||02|Deputy Chairman|||2011-02-102-0-02|HOA Total :|C|Total|Detailed-Head|87.69|87.90|141.90|104.60|100.0
131|01|28|2011|Parliament/State/Union Territory Legislatures|02||102||0||03|Leader of Opposition - LC|||2011-02-102-0-03|Leader of Opposition - LC||Header|Detailed-Head|||||100.0
131|01|28|2011|Parliament/State/Union Territory Legislatures|02||102||0||03|Leader of Opposition - LC|001|Consolidated Salaries|2011-02-102-0-03|Consolidated Salaries|V|Data|Object-Head|23.67|28.90|38.90|42.60|100.0
131|01|28|2011|Parliament/State/Union Territory Legislatures|02||102||0||03|Leader of Opposition - LC|021|Reimbursement of Medical Expenses|2011-02-102-0-03|Reimbursement of Medical Expenses|V|Data|Object-Head||5.00|5.00|5.00|100.0
131|01|28|2011|Parliament/State/Union Territory Legislatures|02||102||0||03|Leader of Opposition - LC|041|Travel Expenses|2011-02-102-0-03|Travel Expenses|V|Data|Object-Head|45.92|60.00|60.00|62.00|100.0
132|01|28|2011|Parliament/State/Union Territory Legislatures|02||102||0||03|Leader of Opposition - LC|050|Office Expenses|2011-02-102-0-03|Office Expenses|V|Data|Object-Head||1.00|1.00|1.00|100.0
132|01|28|2011|Parliament/State/Union Territory Legislatures|02||102||0||03|Leader of Opposition - LC|051|General Expenses|2011-02-102-0-03|General Expenses|V|Data|Object-Head|2.53|5.00|5.00|5.00|100.0
132|01|28|2011|Parliament/State/Union Territory Legislatures|02||102||0||03|Leader of Opposition - LC|052|Telephone Charges|2011-02-102-0-03|Telephone Charges|V|Data|Object-Head|0.09||||100.0
132|01|28|2011|Parliament/State/Union Territory Legislatures|02||102||0||03|Leader of Opposition - LC|||2011-02-102-0-03|HOA Total :|V|Total|Detailed-Head|72.21|99.90|109.90|115.60|100.0
132|01|28|2011|Parliament/State/Union Territory Legislatures|02||102||0||04|Government Chief Whip - Legislative Council|||2011-02-102-0-04|Government Chief Whip - Legislative Council|V|Header|Detailed-Head|||||100.0
132|01|28|2011|Parliament/State/Union Territory Legislatures|02||102||0||04|Government Chief Whip - Legislative Council|001|Consolidated Salaries|2011-02-102-0-04|Consolidated Salaries|V|Data|Object-Head|25.20|27.70|37.20|41.40|100.0
132|01|28|2011|Parliament/State/Union Territory Legislatures|02||102||0||04|Government Chief Whip - Legislative Council|021|Reimbursement of Medical Expenses|2011-02-102-0-04|Reimbursement of Medical Expenses|V|Data|Object-Head|2.38|5.00|5.00|5.00|100.0
132|01|28|2011|Parliament/State/Union Territory Legislatures|02||102||0||04|Government Chief Whip - Legislative Council|041|Travel Expenses|2011-02-102-0-04|Travel Expenses|V|Data|Object-Head|57.63|52.00|52.00|54.00|100.0
132|01|28|2011|Parliament/State/Union Territory Legislatures|02||102||0||04|Government Chief Whip - Legislative Council|050|Office Expenses|2011-02-102-0-04|Office Expenses|V|Data|Object-Head||1.00|1.00|1.00|100.0
132|01|28|2011|Parliament/State/Union Territory Legislatures|02||102||0||04|Government Chief Whip - Legislative Council|051|General Expenses|2011-02-102-0-04|General Expenses|V|Data|Object-Head|2.70|3.00|4.00|5.00|100.0
132|01|28|2011|Parliament/State/Union Territory Legislatures|02||102||0||04|Government Chief Whip - Legislative Council|052|Telephone Charges|2011-02-102-0-04|Telephone Charges|V|Data|Object-Head|0.09||||100.0
132|01|28|2011|Parliament/State/Union Territory Legislatures|02||102||0||04|Government Chief Whip - Legislative Council|||2011-02-102-0-04|HOA Total :|V|Total|Detailed-Head|88.00|88.70|99.20|106.40|100.0
132|01|28|2011|Parliament/State/Union Territory Legislatures|02||102||0||05|Consolidated Salaries of MLCs|||2011-02-102-0-05|Consolidated Salaries of MLCs|V|Header|Detailed-Head|||||100.0
132|01|28|2011|Parliament/State/Union Territory Legislatures|02||102||0||05|Consolidated Salaries of MLCs|001|Consolidated Salaries|2011-02-102-0-05|Consolidated Salaries|V|Data|Object-Head|1500.00|1500.00|1500.00|2336.00|100.0
132|01|28|2011|Parliament/State/Union Territory Legislatures|02||102||0||05|Consolidated Salaries of MLCs|021|Reimbursement of Medical Expenses|2011-02-102-0-05|Reimbursement of Medical Expenses|V|Data|Object-Head|160.00|160.00|160.00|160.00|100.0
132|01|28|2011|Parliament/State/Union Territory Legislatures|02||102||0||05|Consolidated Salaries of MLCs|041|Travel Expenses|2011-02-102-0-05|Travel Expenses|V|Data|Object-Head|2000.00|2500.00|2500.00|2500.00|100.0
132|01|28|2011|Parliament/State/Union Territory Legislatures|02||102||0||05|Consolidated Salaries of MLCs|051|General Expenses|2011-02-102-0-05|General Expenses|V|Data|Object-Head|7.79|10.00|10.00|10.00|100.0
132|01|28|2011|Parliament/State/Union Territory Legislatures|02||102||0||05|Consolidated Salaries of MLCs|||2011-02-102-0-05|HOA Total :|V|Total|Detailed-Head|3667.79|4170.00|4170.00|5006.00|100.0
132|01|28|2011|Parliament/State/Union Territory Legislatures|02||102||0||08|Computer Grants to New MLCs|||2011-02-102-0-08|Computer Grants to New MLCs|V|Header|Detailed-Head|||||100.0
132|01|28|2011|Parliament/State/Union Territory Legislatures|02||102||0||08|Computer Grants to New MLCs|051|General Expenses|2011-02-102-0-08|General Expenses|V|Data|Object-Head|15.00|15.00|15.00|15.00|100.0
132|01|28|2011|Parliament/State/Union Territory Legislatures|02||102||0||08|Computer Grants to New MLCs|||2011-02-102-0-08|HOA Total :|V|Total|Detailed-Head|15.00|15.00|15.00|15.00|100.0
132|01|28|2011|Parliament/State/Union Territory Legislatures|02||102||0||09|PAs to MLCs|||2011-02-102-0-09|PAs to MLCs|V|Header|Detailed-Head|||||100.0
132|01|28|2011|Parliament/State/Union Territory Legislatures|02||102||0||09|PAs to MLCs|002|Basic Pay|2011-02-102-0-09|Basic Pay|V|Data|Object-Head||212.00|212.00|237.00|100.0
132|01|28|2011|Parliament/State/Union Territory Legislatures|02||102||0||09|PAs to MLCs|003|Basic Pay-Staff|2011-02-102-0-09|Basic Pay-Staff|V|Data|Object-Head|177.16||||100.0
133|01|28|2011|Parliament/State/Union Territory Legislatures|02|State/Union Territory Legislatures|102|Legislative Council|0||09|PAs to MLCs|004|Interim Relief|2011-02-102-0-09|Interim Relief|V|Data|Object-Head|12.29||||100.0
133|01|28|2011|Parliament/State/Union Territory Legislatures|02|State/Union Territory Legislatures|102|Legislative Council|0||09|PAs to MLCs|011|Dearness Allowance|2011-02-102-0-09|Dearness Allowance|V|Data|Object-Head|42.94|47.00|47.00|60.00|100.0
133|01|28|2011|Parliament/State/Union Territory Legislatures|02|State/Union Territory Legislatures|102|Legislative Council|0||09|PAs to MLCs|014|Other Allowance|2011-02-102-0-09|Other Allowance|V|Data|Object-Head|37.07|53.00|53.00|60.00|100.0
133|01|28|2011|Parliament/State/Union Territory Legislatures|02|State/Union Territory Legislatures|102|Legislative Council|0||09|PAs to MLCs|020|Medical Allowance|2011-02-102-0-09|Medical Allowance|V|Data|Object-Head|1.12||||100.0
133|01|28|2011|Parliament/State/Union Territory Legislatures|02|State/Union Territory Legislatures|102|Legislative Council|0||09|PAs to MLCs|021|Reimbursement of Medical Expenses|2011-02-102-0-09|Reimbursement of Medical Expenses|V|Data|Object-Head|9.18|12.00|12.00|12.00|100.0
133|01|28|2011|Parliament/State/Union Territory Legislatures|02|State/Union Territory Legislatures|102|Legislative Council|0||09|PAs to MLCs|034|Contract/Outsource|2011-02-102-0-09|Contract/Outsource|V|Data|Object-Head|357.33|249.39|474.91|489.36|100.0
133|01|28|2011|Parliament/State/Union Territory Legislatures|02|State/Union Territory Legislatures|102|Legislative Council|0||09|PAs to MLCs|035|Salary of Board/Corp.Staff working in State Government|2011-02-102-0-09|Salary of Board/Corp.Staff working in State Government|V|Data|Object-Head|31.53|36.62|36.62|36.52|100.0
133|01|28|2011|Parliament/State/Union Territory Legislatures|02|State/Union Territory Legislatures|102|Legislative Council|0||09|PAs to MLCs|||2011-02-102-0-09|HOA Total :|V|Total|Detailed-Head|668.62|610.01|835.53|894.88|100.0
133|01|28|2011|Parliament/State/Union Territory Legislatures|02|State/Union Territory Legislatures|102|Legislative Council|0||10|Chief Whip - Opposition.|||2011-02-102-0-10|Chief Whip - Opposition.|V|Header|Detailed-Head|||||100.0
133|01|28|2011|Parliament/State/Union Territory Legislatures|02|State/Union Territory Legislatures|102|Legislative Council|0||10|Chief Whip - Opposition.|001|Consolidated Salaries|2011-02-102-0-10|Consolidated Salaries|V|Data|Object-Head|7.49|28.00|40.00|41.40|100.0
133|01|28|2011|Parliament/State/Union Territory Legislatures|02|State/Union Territory Legislatures|102|Legislative Council|0||10|Chief Whip - Opposition.|021|Reimbursement of Medical Expenses|2011-02-102-0-10|Reimbursement of Medical Expenses|V|Data|Object-Head||1.00|1.00|1.00|100.0
133|01|28|2011|Parliament/State/Union Territory Legislatures|02|State/Union Territory Legislatures|102|Legislative Council|0||10|Chief Whip - Opposition.|041|Travel Expenses|2011-02-102-0-10|Travel Expenses|V|Data|Object-Head|13.21|70.00|70.00|70.00|100.0
133|01|28|2011|Parliament/State/Union Territory Legislatures|02|State/Union Territory Legislatures|102|Legislative Council|0||10|Chief Whip - Opposition.|050|Office Expenses|2011-02-102-0-10|Office Expenses|V|Data|Object-Head||1.00|1.00|1.00|100.0
133|01|28|2011|Parliament/State/Union Territory Legislatures|02|State/Union Territory Legislatures|102|Legislative Council|0||10|Chief Whip - Opposition.|051|General Expenses|2011-02-102-0-10|General Expenses|V|Data|Object-Head|1.10|3.00|5.00|3.00|100.0
133|01|28|2011|Parliament/State/Union Territory Legislatures|02|State/Union Territory Legislatures|102|Legislative Council|0||10|Chief Whip - Opposition.|052|Telephone Charges|2011-02-102-0-10|Telephone Charges|V|Data|Object-Head|0.03||||100.0
133|01|28|2011|Parliament/State/Union Territory Legislatures|02|State/Union Territory Legislatures|102|Legislative Council|0||10|Chief Whip - Opposition.|||2011-02-102-0-10|HOA Total :|V|Total|Detailed-Head|21.83|103.00|117.00|116.40|100.0
133|01|28|2011|Parliament/State/Union Territory Legislatures|02|State/Union Territory Legislatures|102|Legislative Council|0||16|Concession to Ex-members of Council|||2011-02-102-0-16|Concession to Ex-members of Council|V|Header|Detailed-Head|||||100.0
133|01|28|2011|Parliament/State/Union Territory Legislatures|02|State/Union Territory Legislatures|102|Legislative Council|0||16|Concession to Ex-members of Council|021|Reimbursement of Medical Expenses|2011-02-102-0-16|Reimbursement of Medical Expenses|V|Data|Object-Head|240.00|240.00|240.00|240.00|100.0
133|01|28|2011|Parliament/State/Union Territory Legislatures|02|State/Union Territory Legislatures|102|Legislative Council|0||16|Concession to Ex-members of Council|041|Travel Expenses|2011-02-102-0-16|Travel Expenses|V|Data|Object-Head|195.23|197.60|237.60|247.60|100.0
133|01|28|2011|Parliament/State/Union Territory Legislatures|02|State/Union Territory Legislatures|102|Legislative Council|0||16|Concession to Ex-members of Council|||2011-02-102-0-16|HOA Total :|V|Total|Detailed-Head|435.23|437.60|477.60|487.60|100.0
133|01|28|2011|Parliament/State/Union Territory Legislatures|02|State/Union Territory Legislatures|103|Legislative Secretariat|0||50|Vacant Post Provision|||2011-02-103-0-50|Vacant Post Provision||Header|Detailed-Head|||||100.0
133|01|28|2011|Parliament/State/Union Territory Legislatures|02|State/Union Territory Legislatures|103|Legislative Secretariat|0||50|Vacant Post Provision|014|Other Allowance|2011-02-103-0-50|Other Allowance|V|Data|Object-Head||5363.89|1817.45|6539.44|100.0
133|01|28|2011|Parliament/State/Union Territory Legislatures|02|State/Union Territory Legislatures|103|Legislative Secretariat|0||50|Vacant Post Provision|014|Other Allowance|2011-02-103-0-50|Other Allowance|C|Data|Object-Head||946.57|880.07|1154.02|100.0
133|01|28|2011|Parliament/State/Union Territory Legislatures|02|State/Union Territory Legislatures|103|Legislative Secretariat|0||50|Vacant Post Provision|||2011-02-103-0-50|HOA Total :||Total|Detailed-Head|0.00|6310.46|2697.52|7693.46|100.0
134|01|28|2011|Parliament/State/Union Territory Legislatures|02|State/Union Territory Legislatures|103|Legislative Secretariat|1|Legislative Assembly Secretariat|01|Legislative Assembly Secretariat|||2011-02-103-1-01|Legislative Assembly Secretariat||Header|Detailed-Head|||||100.0
134|01|28|2011|Parliament/State/Union Territory Legislatures|02|State/Union Territory Legislatures|103|Legislative Secretariat|1|Legislative Assembly Secretariat|01|Legislative Assembly Secretariat|002|Basic Pay|2011-02-103-1-01|Basic Pay||Data|Object-Head|1242.15|5269.00|5269.00|5332.00|100.0
134|01|28|2011|Parliament/State/Union Territory Legislatures|02|State/Union Territory Legislatures|103|Legislative Secretariat|1|Legislative Assembly Secretariat|01|Legislative Assembly Secretariat|003|Basic Pay-Staff|2011-02-103-1-01|Basic Pay-Staff||Data|Object-Head|3086.90||||100.0
134|01|28|2011|Parliament/State/Union Territory Legislatures|02|State/Union Territory Legislatures|103|Legislative Secretariat|1|Legislative Assembly Secretariat|01|Legislative Assembly Secretariat|004|Interim Relief|2011-02-103-1-01|Interim Relief||Data|Object-Head|281.69||||100.0
134|01|28|2011|Parliament/State/Union Territory Legislatures|02|State/Union Territory Legislatures|103|Legislative Secretariat|1|Legislative Assembly Secretariat|01|Legislative Assembly Secretariat|011|Dearness Allowance|2011-02-103-1-01|Dearness Allowance||Data|Object-Head|1044.83|1159.00|1159.00|1333.00|100.0
134|01|28|2011|Parliament/State/Union Territory Legislatures|02|State/Union Territory Legislatures|103|Legislative Secretariat|1|Legislative Assembly Secretariat|01|Legislative Assembly Secretariat|014|Other Allowance|2011-02-103-1-01|Other Allowance||Data|Object-Head|1236.08|1574.00|1574.00|1581.00|100.0
134|01|28|2011|Parliament/State/Union Territory Legislatures|02|State/Union Territory Legislatures|103|Legislative Secretariat|1|Legislative Assembly Secretariat|01|Legislative Assembly Secretariat|015|Subsidiary Expenses|2011-02-103-1-01|Subsidiary Expenses||Data|Object-Head|137.53|200.00|200.00|220.00|100.0
134|01|28|2011|Parliament/State/Union Territory Legislatures|02|State/Union Territory Legislatures|103|Legislative Secretariat|1|Legislative Assembly Secretariat|01|Legislative Assembly Secretariat|020|Medical Allowance|2011-02-103-1-01|Medical Allowance||Data|Object-Head|30.44||||100.0
134|01|28|2011|Parliament/State/Union Territory Legislatures|02|State/Union Territory Legislatures|103|Legislative Secretariat|1|Legislative Assembly Secretariat|01|Legislative Assembly Secretariat|021|Reimbursement of Medical Expenses|2011-02-103-1-01|Reimbursement of Medical Expenses||Data|Object-Head|82.65|59.00|59.00|58.00|100.0
134|01|28|2011|Parliament/State/Union Territory Legislatures|02|State/Union Territory Legislatures|103|Legislative Secretariat|1|Legislative Assembly Secretariat|01|Legislative Assembly Secretariat|034|Contract/Outsource|2011-02-103-1-01|Contract/Outsource||Data|Object-Head|171.98|184.28|291.83|268.15|100.0
134|01|28|2011|Parliament/State/Union Territory Legislatures|02|State/Union Territory Legislatures|103|Legislative Secretariat|1|Legislative Assembly Secretariat|01|Legislative Assembly Secretariat|035|Salary of Board/Corp.Staff working in State Government|2011-02-103-1-01|Salary of Board/Corp.Staff working in State Government||Data|Object-Head||30.66|56.98|56.50|100.0
134|01|28|2011|Parliament/State/Union Territory Legislatures|02|State/Union Territory Legislatures|103|Legislative Secretariat|1|Legislative Assembly Secretariat|01|Legislative Assembly Secretariat|041|Travel Expenses|2011-02-103-1-01|Travel Expenses||Data|Object-Head|78.40|50.00|50.00|60.00|100.0
134|01|28|2011|Parliament/State/Union Territory Legislatures|02|State/Union Territory Legislatures|103|Legislative Secretariat|1|Legislative Assembly Secretariat|01|Legislative Assembly Secretariat|050|Office Expenses|2011-02-103-1-01|Office Expenses||Data|Object-Head|36.81|125.00|125.00|125.00|100.0
134|01|28|2011|Parliament/State/Union Territory Legislatures|02|State/Union Territory Legislatures|103|Legislative Secretariat|1|Legislative Assembly Secretariat|01|Legislative Assembly Secretariat|051|General Expenses|2011-02-103-1-01|General Expenses||Data|Object-Head|712.91|97.70|1657.70|300.00|100.0
134|01|28|2011|Parliament/State/Union Territory Legislatures|02|State/Union Territory Legislatures|103|Legislative Secretariat|1|Legislative Assembly Secretariat|01|Legislative Assembly Secretariat|052|Telephone Charges|2011-02-103-1-01|Telephone Charges||Data|Object-Head|30.52||||100.0
134|01|28|2011|Parliament/State/Union Territory Legislatures|02|State/Union Territory Legislatures|103|Legislative Secretariat|1|Legislative Assembly Secretariat|01|Legislative Assembly Secretariat|053|Purchase of Furniture and Fixture for Office|2011-02-103-1-01|Purchase of Furniture and Fixture for Office||Data|Object-Head|35.46||||100.0
134|01|28|2011|Parliament/State/Union Territory Legislatures|02|State/Union Territory Legislatures|103|Legislative Secretariat|1|Legislative Assembly Secretariat|01|Legislative Assembly Secretariat|071|Building Expenses|2011-02-103-1-01|Building Expenses||Data|Object-Head||1.00|1.00|1.00|100.0
134|01|28|2011|Parliament/State/Union Territory Legislatures|02|State/Union Territory Legislatures|103|Legislative Secretariat|1|Legislative Assembly Secretariat|01|Legislative Assembly Secretariat|140|Minor Works|2011-02-103-1-01|Minor Works||Data|Object-Head|54.30|100.00|100.00|50.00|100.0
134|01|28|2011|Parliament/State/Union Territory Legislatures|02|State/Union Territory Legislatures|103|Legislative Secretariat|1|Legislative Assembly Secretariat|01|Legislative Assembly Secretariat|200|Maintenance Expenditure|2011-02-103-1-01|Maintenance Expenditure||Data|Object-Head||30.00|30.00|20.00|100.0
134|01|28|2011|Parliament/State/Union Territory Legislatures|02|State/Union Territory Legislatures|103|Legislative Secretariat|1|Legislative Assembly Secretariat|01|Legislative Assembly Secretariat|221|Materials and Supplies|2011-02-103-1-01|Materials and Supplies||Data|Object-Head||30.00|30.00|5.00|100.0
134|01|28|2011|Parliament/State/Union Territory Legislatures|02|State/Union Territory Legislatures|103|Legislative Secretariat|1|Legislative Assembly Secretariat|01|Legislative Assembly Secretariat|||2011-02-103-1-01|HOA Total :||Total|Detailed-Head|8262.65|8909.64|10603.51|9409.65|100.0
134|01|28|2011|Parliament/State/Union Territory Legislatures|02|State/Union Territory Legislatures|103|Legislative Secretariat|2|Legislative Council Secretariat|01|Legislative Council Secretariat|||2011-02-103-2-01|Legislative Council Secretariat||Header|Detailed-Head|||||100.0
134|01|28|2011|Parliament/State/Union Territory Legislatures|02|State/Union Territory Legislatures|103|Legislative Secretariat|2|Legislative Council Secretariat|01|Legislative Council Secretariat|002|Basic Pay|2011-02-103-2-01|Basic Pay||Data|Object-Head|474.84|1530.00|1530.00|1511.00|100.0
134|01|28|2011|Parliament/State/Union Territory Legislatures|02|State/Union Territory Legislatures|103|Legislative Secretariat|2|Legislative Council Secretariat|01|Legislative Council Secretariat|003|Basic Pay-Staff|2011-02-103-2-01|Basic Pay-Staff||Data|Object-Head|825.58||||100.0
134|01|28|2011|Parliament/State/Union Territory Legislatures|02|State/Union Territory Legislatures|103|Legislative Secretariat|2|Legislative Council Secretariat|01|Legislative Council Secretariat|004|Interim Relief|2011-02-103-2-01|Interim Relief||Data|Object-Head|84.30||||100.0
134|01|28|2011|Parliament/State/Union Territory Legislatures|02|State/Union Territory Legislatures|103|Legislative Secretariat|2|Legislative Council Secretariat|01|Legislative Council Secretariat|011|Dearness Allowance|2011-02-103-2-01|Dearness Allowance||Data|Object-Head|315.60|341.00|341.00|383.00|100.0
135|01|28|2011|Parliament/State/Union Territory Legislatures|02|State/Union Territory Legislatures|103|Legislative Secretariat|2|Legislative Council Secretariat|01|Legislative Council Secretariat|014|Other Allowance|2011-02-103-2-01|Other Allowance||Data|Object-Head|316.20|434.00|434.00|428.00|100.0
135|01|28|2011|Parliament/State/Union Territory Legislatures|02|State/Union Territory Legislatures|103|Legislative Secretariat|2|Legislative Council Secretariat|01|Legislative Council Secretariat|015|Subsidiary Expenses|2011-02-103-2-01|Subsidiary Expenses||Data|Object-Head|144.97|200.00|200.00|200.00|100.0
135|01|28|2011|Parliament/State/Union Territory Legislatures|02|State/Union Territory Legislatures|103|Legislative Secretariat|2|Legislative Council Secretariat|01|Legislative Council Secretariat|020|Medical Allowance|2011-02-103-2-01|Medical Allowance||Data|Object-Head|6.82||||100.0
135|01|28|2011|Parliament/State/Union Territory Legislatures|02|State/Union Territory Legislatures|103|Legislative Secretariat|2|Legislative Council Secretariat|01|Legislative Council Secretariat|021|Reimbursement of Medical Expenses|2011-02-103-2-01|Reimbursement of Medical Expenses||Data|Object-Head|17.09|15.00|15.00|15.00|100.0
135|01|28|2011|Parliament/State/Union Territory Legislatures|02|State/Union Territory Legislatures|103|Legislative Secretariat|2|Legislative Council Secretariat|01|Legislative Council Secretariat|034|Contract/Outsource|2011-02-103-2-01|Contract/Outsource||Data|Object-Head|171.24|174.99|255.98|249.01|100.0
135|01|28|2011|Parliament/State/Union Territory Legislatures|02|State/Union Territory Legislatures|103|Legislative Secretariat|2|Legislative Council Secretariat|01|Legislative Council Secretariat|035|Salary of Board/Corp.Staff working in State Government|2011-02-103-2-01|Salary of Board/Corp.Staff working in State Government||Data|Object-Head|4.82|8.61|8.61|11.86|100.0
135|01|28|2011|Parliament/State/Union Territory Legislatures|02|State/Union Territory Legislatures|103|Legislative Secretariat|2|Legislative Council Secretariat|01|Legislative Council Secretariat|041|Travel Expenses|2011-02-103-2-01|Travel Expenses||Data|Object-Head|45.19|20.00|151.00|20.00|100.0
135|01|28|2011|Parliament/State/Union Territory Legislatures|02|State/Union Territory Legislatures|103|Legislative Secretariat|2|Legislative Council Secretariat|01|Legislative Council Secretariat|050|Office Expenses|2011-02-103-2-01|Office Expenses||Data|Object-Head|27.39|32.00|32.00|32.00|100.0
135|01|28|2011|Parliament/State/Union Territory Legislatures|02|State/Union Territory Legislatures|103|Legislative Secretariat|2|Legislative Council Secretariat|01|Legislative Council Secretariat|051|General Expenses|2011-02-103-2-01|General Expenses||Data|Object-Head|320.77|100.00|100.00|100.00|100.0
135|01|28|2011|Parliament/State/Union Territory Legislatures|02|State/Union Territory Legislatures|103|Legislative Secretariat|2|Legislative Council Secretariat|01|Legislative Council Secretariat|052|Telephone Charges|2011-02-103-2-01|Telephone Charges||Data|Object-Head|5.18||||100.0
135|01|28|2011|Parliament/State/Union Territory Legislatures|02|State/Union Territory Legislatures|103|Legislative Secretariat|2|Legislative Council Secretariat|01|Legislative Council Secretariat|071|Building Expenses|2011-02-103-2-01|Building Expenses||Data|Object-Head|2.70|10.00|10.00|10.00|100.0
135|01|28|2011|Parliament/State/Union Territory Legislatures|02|State/Union Territory Legislatures|103|Legislative Secretariat|2|Legislative Council Secretariat|01|Legislative Council Secretariat|180|Machinery and Equipments|2011-02-103-2-01|Machinery and Equipments||Data|Object-Head|16.68||||100.0
135|01|28|2011|Parliament/State/Union Territory Legislatures|02|State/Union Territory Legislatures|103|Legislative Secretariat|2|Legislative Council Secretariat|01|Legislative Council Secretariat|200|Maintenance Expenditure|2011-02-103-2-01|Maintenance Expenditure||Data|Object-Head|8.32|10.00|10.00|10.00|100.0
135|01|28|2011|Parliament/State/Union Territory Legislatures|02|State/Union Territory Legislatures|103|Legislative Secretariat|2|Legislative Council Secretariat|01|Legislative Council Secretariat|||2011-02-103-2-01|HOA Total :||Total|Detailed-Head|2787.69|2875.60|3087.59|2969.87|100.0
135|01|28|2011|Parliament/State/Union Territory Legislatures|02|State/Union Territory Legislatures|104||1||01|L.H for MLA's|||2011-02-104-1-01|L.H for MLA's||Header|Detailed-Head|||||100.0
135|01|28|2011|Parliament/State/Union Territory Legislatures|02|State/Union Territory Legislatures|104||1||01|L.H for MLA's|037|Payment on Service Contract|2011-02-104-1-01|Payment on Service Contract||Data|Object-Head||360.00|288.00|340.00|100.0
135|01|28|2011|Parliament/State/Union Territory Legislatures|02|State/Union Territory Legislatures|104||1||01|L.H for MLA's|050|Office Expenses|2011-02-104-1-01|Office Expenses||Data|Object-Head|11.15|25.00|25.00|25.00|100.0
135|01|28|2011|Parliament/State/Union Territory Legislatures|02|State/Union Territory Legislatures|104||1||01|L.H for MLA's|051|General Expenses|2011-02-104-1-01|General Expenses||Data|Object-Head|148.57|1.00|1.00|1.00|100.0
135|01|28|2011|Parliament/State/Union Territory Legislatures|02|State/Union Territory Legislatures|104||1||01|L.H for MLA's|052|Telephone Charges|2011-02-104-1-01|Telephone Charges||Data|Object-Head|2.73||||100.0
135|01|28|2011|Parliament/State/Union Territory Legislatures|02|State/Union Territory Legislatures|104||1||01|L.H for MLA's|053|Purchase of Furniture and Fixture for Office|2011-02-104-1-01|Purchase of Furniture and Fixture for Office||Data|Object-Head|550.16||||100.0
135|01|28|2011|Parliament/State/Union Territory Legislatures|02|State/Union Territory Legislatures|104||1||01|L.H for MLA's|071|Building Expenses|2011-02-104-1-01|Building Expenses||Data|Object-Head|168.90|160.00|160.00|166.00|100.0
135|01|28|2011|Parliament/State/Union Territory Legislatures|02|State/Union Territory Legislatures|104||1||01|L.H for MLA's|180|Machinery and Equipments|2011-02-104-1-01|Machinery and Equipments||Data|Object-Head|296.17||||100.0
135|01|28|2011|Parliament/State/Union Territory Legislatures|02|State/Union Territory Legislatures|104||1||01|L.H for MLA's|195|Transport Expenses|2011-02-104-1-01|Transport Expenses||Data|Object-Head|188.39|166.32|166.32|166.29|100.0
135|01|28|2011|Parliament/State/Union Territory Legislatures|02|State/Union Territory Legislatures|104||1||01|L.H for MLA's|200|Maintenance Expenditure|2011-02-104-1-01|Maintenance Expenditure||Data|Object-Head|43.33|50.00|122.00|120.00|100.0
136|01|28|2011|Parliament/State/Union Territory Legislatures|02|State/Union Territory Legislatures|104|Legislative Secretariat|1|L.H for MLA's|01|L.H for MLA's|221|Materials and Supplies|2011-02-104-1-01|Materials and Supplies||Data|Object-Head||10.00|10.00|10.00|100.0
136|01|28|2011|Parliament/State/Union Territory Legislatures|02|State/Union Territory Legislatures|104|Legislative Secretariat|1|L.H for MLA's|01|L.H for MLA's|||2011-02-104-1-01|HOA Total :||Total|Detailed-Head|1409.40|772.32|772.32|828.29|100.0
136|01|28|2011|Parliament/State/Union Territory Legislatures|02|State/Union Territory Legislatures|104|Legislative Secretariat|2|L.H for MLC's|01|L.H for MLC's|||2011-02-104-2-01|L.H for MLC's||Header|Detailed-Head|||||100.0
136|01|28|2011|Parliament/State/Union Territory Legislatures|02|State/Union Territory Legislatures|104|Legislative Secretariat|2|L.H for MLC's|01|L.H for MLC's|034|Contract/Outsource|2011-02-104-2-01|Contract/Outsource||Data|Object-Head||6.00|6.00|6.00|100.0
136|01|28|2011|Parliament/State/Union Territory Legislatures|02|State/Union Territory Legislatures|104|Legislative Secretariat|2|L.H for MLC's|01|L.H for MLC's|037|Payment on Service Contract|2011-02-104-2-01|Payment on Service Contract||Data|Object-Head||175.00|175.00|175.00|100.0
136|01|28|2011|Parliament/State/Union Territory Legislatures|02|State/Union Territory Legislatures|104|Legislative Secretariat|2|L.H for MLC's|01|L.H for MLC's|050|Office Expenses|2011-02-104-2-01|Office Expenses||Data|Object-Head||8.00|8.00|8.00|100.0
136|01|28|2011|Parliament/State/Union Territory Legislatures|02|State/Union Territory Legislatures|104|Legislative Secretariat|2|L.H for MLC's|01|L.H for MLC's|051|General Expenses|2011-02-104-2-01|General Expenses||Data|Object-Head|21.60|21.00|21.00|21.00|100.0
136|01|28|2011|Parliament/State/Union Territory Legislatures|02|State/Union Territory Legislatures|104|Legislative Secretariat|2|L.H for MLC's|01|L.H for MLC's|052|Telephone Charges|2011-02-104-2-01|Telephone Charges||Data|Object-Head|2.96||||100.0
136|01|28|2011|Parliament/State/Union Territory Legislatures|02|State/Union Territory Legislatures|104|Legislative Secretariat|2|L.H for MLC's|01|L.H for MLC's|071|Building Expenses|2011-02-104-2-01|Building Expenses||Data|Object-Head|59.50|80.00|80.00|80.00|100.0
136|01|28|2011|Parliament/State/Union Territory Legislatures|02|State/Union Territory Legislatures|104|Legislative Secretariat|2|L.H for MLC's|01|L.H for MLC's|195|Transport Expenses|2011-02-104-2-01|Transport Expenses||Data|Object-Head|77.82|70.00|70.00|76.48|100.0
136|01|28|2011|Parliament/State/Union Territory Legislatures|02|State/Union Territory Legislatures|104|Legislative Secretariat|2|L.H for MLC's|01|L.H for MLC's|||2011-02-104-2-01|HOA Total :||Total|Detailed-Head|161.88|360.00|360.00|366.48|100.0
136|01|28|2011|Parliament/State/Union Territory Legislatures|02|State/Union Territory Legislatures|911|Deduct Recoveries|0||01|Deduct Recovery of Over Payments of Current Year|||2011-02-911-0-01|Deduct Recovery of Over Payments of Current Year||Header|Detailed-Head|||||100.0
136|01|28|2011|Parliament/State/Union Territory Legislatures|02|State/Union Territory Legislatures|911|Deduct Recoveries|0||01|Deduct Recovery of Over Payments of Current Year|364|Deduct - Recoveries|2011-02-911-0-01|Deduct - Recoveries||Data|Object-Head|-22.28||||100.0
136|01|28|2011|Parliament/State/Union Territory Legislatures|02|State/Union Territory Legislatures|911|Deduct Recoveries|0||01|Deduct Recovery of Over Payments of Current Year|||2011-02-911-0-01|HOA Total :||Total|Detailed-Head|-22.28|0.00|0.00|0.00|100.0
136|01|28|2011|Parliament/State/Union Territory Legislatures|02|State/Union Territory Legislatures|911|Deduct Recoveries|0||02|Deduct Recovery of Over Payments of Previous Year|||2011-02-911-0-02|Deduct Recovery of Over Payments of Previous Year||Header|Detailed-Head|||||100.0
136|01|28|2011|Parliament/State/Union Territory Legislatures|02|State/Union Territory Legislatures|911|Deduct Recoveries|0||02|Deduct Recovery of Over Payments of Previous Year|364|Deduct - Recoveries|2011-02-911-0-02|Deduct - Recoveries||Data|Object-Head|-2885.52||||100.0
136|01|28|2011|Parliament/State/Union Territory Legislatures|02|State/Union Territory Legislatures|911|Deduct Recoveries|0||02|Deduct Recovery of Over Payments of Previous Year|||2011-02-911-0-02|HOA Total :||Total|Detailed-Head|-2885.52|0.00|0.00|0.00|100.0
136|01|28|2011|Parliament/State/Union Territory Legislatures|02|State/Union Territory Legislatures|||||||||2011|2011 - Total :||Total|Major-Head|29051.90|40209.51|41171.66|45984.92|
137|01|28|2052|Secretariat-General Services|00||092||0||05|Director of Translations|||2052-00-092-0-05|Director of Translations||Header|Detailed-Head|||||100.0
137|01|28|2052|Secretariat-General Services|00||092||0||05|Director of Translations|002|Basic Pay|2052-00-092-0-05|Basic Pay||Data|Object-Head|293.01|491.00|491.00|499.00|100.0
137|01|28|2052|Secretariat-General Services|00||092||0||05|Director of Translations|003|Basic Pay-Staff|2052-00-092-0-05|Basic Pay-Staff||Data|Object-Head|65.91||||100.0
137|01|28|2052|Secretariat-General Services|00||092||0||05|Director of Translations|004|Interim Relief|2052-00-092-0-05|Interim Relief||Data|Object-Head|24.83||||100.0
137|01|28|2052|Secretariat-General Services|00||092||0||05|Director of Translations|011|Dearness Allowance|2052-00-092-0-05|Dearness Allowance||Data|Object-Head|87.80|108.00|108.00|125.00|100.0
137|01|28|2052|Secretariat-General Services|00||092||0||05|Director of Translations|014|Other Allowance|2052-00-092-0-05|Other Allowance||Data|Object-Head|92.71|108.00|108.00|114.00|100.0
137|01|28|2052|Secretariat-General Services|00||092||0||05|Director of Translations|020|Medical Allowance|2052-00-092-0-05|Medical Allowance||Data|Object-Head|0.64||||100.0
137|01|28|2052|Secretariat-General Services|00||092||0||05|Director of Translations|021|Reimbursement of Medical Expenses|2052-00-092-0-05|Reimbursement of Medical Expenses||Data|Object-Head|3.56|15.00|15.00|15.00|100.0
137|01|28|2052|Secretariat-General Services|00||092||0||05|Director of Translations|034|Contract/Outsource|2052-00-092-0-05|Contract/Outsource||Data|Object-Head|22.72|19.05|19.05|19.66|100.0
137|01|28|2052|Secretariat-General Services|00||092||0||05|Director of Translations|041|Travel Expenses|2052-00-092-0-05|Travel Expenses||Data|Object-Head|0.97|2.00|2.00|2.00|100.0
137|01|28|2052|Secretariat-General Services|00||092||0||05|Director of Translations|050|Office Expenses|2052-00-092-0-05|Office Expenses||Data|Object-Head||3.00|3.00|3.00|100.0
137|01|28|2052|Secretariat-General Services|00||092||0||05|Director of Translations|051|General Expenses|2052-00-092-0-05|General Expenses||Data|Object-Head|12.98|8.00|13.00|9.00|100.0
137|01|28|2052|Secretariat-General Services|00||092||0||05|Director of Translations|052|Telephone Charges|2052-00-092-0-05|Telephone Charges||Data|Object-Head|0.96||||100.0
137|01|28|2052|Secretariat-General Services|00||092||0||05|Director of Translations|053|Purchase of Furniture and Fixture for Office|2052-00-092-0-05|Purchase of Furniture and Fixture for Office||Data|Object-Head|0.98||||100.0
137|01|28|2052|Secretariat-General Services|00||092||0||05|Director of Translations|071|Building Expenses|2052-00-092-0-05|Building Expenses||Data|Object-Head|5.35|10.50|10.50|11.00|100.0
137|01|28|2052|Secretariat-General Services|00||092||0||05|Director of Translations|195|Transport Expenses|2052-00-092-0-05|Transport Expenses||Data|Object-Head|5.01|5.66|5.66|5.66|100.0
137|01|28|2052|Secretariat-General Services|00||092||0||05|Director of Translations||||2052-00-092-0-05|HOA Total :|Total|Detailed-Head|617.43|770.21|775.21|803.32|100.0
137|01|28|2052|Secretariat-General Services|00||092||0||08|Constitution of Official Language (Legislative) Commission|||2052-00-092-0-08|Constitution of Official Language (Legislative) Commission||Header|Detailed-Head|||||100.0
137|01|28|2052|Secretariat-General Services|00||092||0||08|Constitution of Official Language (Legislative) Commission|015|Subsidiary Expenses|2052-00-092-0-08|Subsidiary Expenses||Data|Object-Head||1.00|1.00|101.00|100.0
137|01|28|2052|Secretariat-General Services|00||092||0||08|Constitution of Official Language (Legislative) Commission|041|Travel Expenses|2052-00-092-0-08|Travel Expenses||Data|Object-Head|1.65|2.00|2.00|2.00|100.0
137|01|28|2052|Secretariat-General Services|00||092||0||08|Constitution of Official Language (Legislative) Commission|050|Office Expenses|2052-00-092-0-08|Office Expenses||Data|Object-Head||2.00|2.00|2.00|100.0
137|01|28|2052|Secretariat-General Services|00||092||0||08|Constitution of Official Language (Legislative) Commission|051|General Expenses|2052-00-092-0-08|General Expenses||Data|Object-Head|7.96|2.00|2.00|2.00|100.0
137|01|28|2052|Secretariat-General Services|00||092||0||08|Constitution of Official Language (Legislative) Commission|052|Telephone Charges|2052-00-092-0-08|Telephone Charges||Data|Object-Head|0.80||||100.0
137|01|28|2052|Secretariat-General Services|00||092||0||08|Constitution of Official Language (Legislative) Commission|195|Transport Expenses|2052-00-092-0-08|Transport Expenses||Data|Object-Head|0.21|5.66|5.66|4.65|100.0
137|01|28|2052|Secretariat-General Services|00||092||0||08|Constitution of Official Language (Legislative) Commission||||2052-00-092-0-08|HOA Total :|Total|Detailed-Head|10.62|12.66|12.66|111.65|100.0
137|01|28|2052|Secretariat-General Services|00||092||||||||2052|2052 - Total :||Total|Major-Head|628.05|782.87|787.87|914.97|
138|01|28|2071|Pension & Other Retirement Benefits|01||||||||||2071|Pension & Other Retirement Benefits||Header|Major-Head|||||
138|01|28|2071|Pension & Other Retirement Benefits|01||111||||||||2071-01-111|Pensions to Legislators||Header|Minor-Head|||||
138|01|28|2071|Pension & Other Retirement Benefits|01||111||1|Pension to Members of Legislative Assembly|||||2071-01-111-1|Pension to Members of Legislative Assembly||Header|Sub-Head|||||
138|01|28|2071|Pension & Other Retirement Benefits|01||111||1|Pension to Members of Legislative Assembly|01|Pension to Members of Legislative Assembly|||2071-01-111-1-01|Pension to Members of Legislative Assembly||Header|Detailed-Head|||||100.0
138|01|28|2071|Pension & Other Retirement Benefits|01||111||1|Pension to Members of Legislative Assembly|01|Pension to Members of Legislative Assembly|251|Pension & Retirement Benefits|2071-01-111-1-01|Pension & Retirement Benefits||Data|Object-Head|4200.00|4200.00|5821.80|5821.02|100.0
138|01|28|2071|Pension & Other Retirement Benefits|01||111||1|Pension to Members of Legislative Assembly|01|Pension to Members of Legislative Assembly||||2071-01-111-1-01|HOA Total :|Total|Detailed-Head|4200.00|4200.00|5821.80|5821.02|100.0
138|01|28|2071|Pension & Other Retirement Benefits|01||111||1|Pension to Members of Legislative Assembly|02|Family Pensions to Members of Legislative Assembly|||2071-01-111-1-02|Family Pensions to Members of Legislative Assembly||Header|Detailed-Head|||||100.0
138|01|28|2071|Pension & Other Retirement Benefits|01||111||1|Pension to Members of Legislative Assembly|02|Family Pensions to Members of Legislative Assembly|251|Pension & Retirement Benefits|2071-01-111-1-02|Pension & Retirement Benefits||Data|Object-Head|1092.00|1121.40|1746.00|1830.00|100.0
138|01|28|2071|Pension & Other Retirement Benefits|01||111||1|Pension to Members of Legislative Assembly|02|Family Pensions to Members of Legislative Assembly||||2071-01-111-1-02|HOA Total :|Total|Detailed-Head|1092.00|1121.40|1746.00|1830.00|100.0
138|01|28|2071|Pension & Other Retirement Benefits|01||111||2|Pensions to Members of Legislative Council|||||2071-01-111-2|Pensions to Members of Legislative Council||Header|Sub-Head|||||
138|01|28|2071|Pension & Other Retirement Benefits|01||111||2|Pensions to Members of Legislative Council|01|Pensions to Members of Legislative Council|||2071-01-111-2-01|Pensions to Members of Legislative Council||Header|Detailed-Head|||||100.0
138|01|28|2071|Pension & Other Retirement Benefits|01||111||2|Pensions to Members of Legislative Council|01|Pensions to Members of Legislative Council|251|Pension & Retirement Benefits|2071-01-111-2-01|Pension & Retirement Benefits||Data|Object-Head|800.00|1386.00|1963.00|2499.99|100.0
138|01|28|2071|Pension & Other Retirement Benefits|01||111||2|Pensions to Members of Legislative Council|01|Pensions to Members of Legislative Council||||2071-01-111-2-01|HOA Total :|Total|Detailed-Head|800.00|1386.00|1963.00|2499.99|100.0
138|01|28|2071|Pension & Other Retirement Benefits|01||111||2|Pensions to Members of Legislative Council|02|Family Pension to Members of Legislative Council|||2071-01-111-2-02|Family Pension to Members of Legislative Council||Header|Detailed-Head|||||100.0
138|01|28|2071|Pension & Other Retirement Benefits|01||111||2|Pensions to Members of Legislative Council|02|Family Pension to Members of Legislative Council|251|Pension & Retirement Benefits|2071-01-111-2-02|Pension & Retirement Benefits||Data|Object-Head|252.00|252.00|351.00|500.00|100.0
138|01|28|2071|Pension & Other Retirement Benefits|01||111||2|Pensions to Members of Legislative Council|02|Family Pension to Members of Legislative Council||||2071-01-111-2-02|HOA Total :|Total|Detailed-Head|252.00|252.00|351.00|500.00|100.0
138|01|28|2071|Pension & Other Retirement Benefits|01||111||||||||2071|2071 - Total :||Total|Major-Head|6344.00|6959.40|9881.80|10651.01|
139|01|28|4070|Capital Outlay on Other Administrative Services|00||||||||||4070|Capital Outlay on Other Administrative Services||Header|Major-Head|||||
139|01|28|4070|Capital Outlay on Other Administrative Services|00||001||||||||4070-00-001|001||Header|Minor-Head|||||
139|01|28|4070|Capital Outlay on Other Administrative Services|00||001||0||||||4070-00-001-0|0||Header|Sub-Head|||||
139|01|28|4070|Capital Outlay on Other Administrative Services|00||001||0||01|Capital Expenses- Legislative Assembly|||4070-00-001-0-01|Capital Expenses- Legislative Assembly||Header|Detailed-Head|||||100.0
139|01|28|4070|Capital Outlay on Other Administrative Services|00||001||0||01|Capital Expenses- Legislative Assembly|053|Purchase of Furniture and Fixture for Office|4070-00-001-0-01|Purchase of Furniture and Fixture for Office|V|Data|Object-Head||20.00|20.00|5.00|100.0
139|01|28|4070|Capital Outlay on Other Administrative Services|00||001||0||01|Capital Expenses- Legislative Assembly|132|Other Capital Expenses|4070-00-001-0-01|Other Capital Expenses|V|Data|Object-Head||1000.00|1000.00|1000.00|100.0
139|01|28|4070|Capital Outlay on Other Administrative Services|00||001||0||01|Capital Expenses- Legislative Assembly|180|Machinery and Equipments|4070-00-001-0-01|Machinery and Equipments|V|Data|Object-Head||200.00|200.00|150.00|100.0
139|01|28|4070|Capital Outlay on Other Administrative Services|00||001||0||01|Capital Expenses- Legislative Assembly|199|Transportation Assets|4070-00-001-0-01|Transportation Assets|V|Data|Object-Head||1.00|201.00||100.0
139|01|28|4070|Capital Outlay on Other Administrative Services|00||001||0||01|Capital Expenses- Legislative Assembly|199|Transportation Assets|4070-00-001-0-01|Transportation Assets|C|Data|Object-Head||1.00|1.00|1.00|100.0
139|01|28|4070|Capital Outlay on Other Administrative Services|00||001||0||01|Capital Expenses- Legislative Assembly|||4070-00-001-0-01|HOA Total :||Total|Detailed-Head|0.00|1222.00|1422.00|1156.00|100.0
139|01|28|4070|Capital Outlay on Other Administrative Services|00||800||||||||4070-00-800|800||Header|Minor-Head|||||
139|01|28|4070|Capital Outlay on Other Administrative Services|00||800||0||||||4070-00-800-0|0||Header|Sub-Head|||||
139|01|28|4070|Capital Outlay on Other Administrative Services|00||800||0||12|Purchase of Vehicles (Legislative Assembly)|||4070-00-800-0-12|Purchase of Vehicles (Legislative Assembly)||Header|Detailed-Head|||||100.0
139|01|28|4070|Capital Outlay on Other Administrative Services|00||800||0||12|Purchase of Vehicles (Legislative Assembly)|199|Transportation Assets|4070-00-800-0-12|Transportation Assets|V|Data|Object-Head|26.13||||100.0
139|01|28|4070|Capital Outlay on Other Administrative Services|00||800||0||12|Purchase of Vehicles (Legislative Assembly)|199|Transportation Assets|4070-00-800-0-12|Transportation Assets|C|Data|Object-Head|37.76||||100.0
139|01|28|4070|Capital Outlay on Other Administrative Services|00||800||0||12|Purchase of Vehicles (Legislative Assembly)|||4070-00-800-0-12|HOA Total :||Total|Detailed-Head|63.89|0.00|0.00|0.00|100.0
139|01|28|4070|Capital Outlay on Other Administrative Services|00||800||0||13|Capital Expenses- Legislative Council|||4070-00-800-0-13|Capital Expenses- Legislative Council||Header|Detailed-Head|||||100.0
139|01|28|4070|Capital Outlay on Other Administrative Services|00||800||0||13|Capital Expenses- Legislative Council|180|Machinery and Equipments|4070-00-800-0-13|Machinery and Equipments|V|Data|Object-Head||15.00|22.50|15.00|100.0
139|01|28|4070|Capital Outlay on Other Administrative Services|00||800||0||13|Capital Expenses- Legislative Council|199|Transportation Assets|4070-00-800-0-13|Transportation Assets|V|Data|Object-Head||1.00|62.00||100.0
139|01|28|4070|Capital Outlay on Other Administrative Services|00||800||0||13|Capital Expenses- Legislative Council|199|Transportation Assets|4070-00-800-0-13|Transportation Assets|C|Data|Object-Head||1.00|1.00|1.00|100.0
139|01|28|4070|Capital Outlay on Other Administrative Services|00||800||0||13|Capital Expenses- Legislative Council|||4070-00-800-0-13|HOA Total :||Total|Detailed-Head|0.00|17.00|85.50|16.00|100.0
139|01|28|4070|Capital Outlay on Other Administrative Services|00||||||||||4070|4070 - Total :||Total|Major-Head|63.89|1239.00|1507.50|1172.00|
140|01|29|2048|Appropriation for reduction or avoidance of debt|00||||||||||2048|Appropriation for reduction or avoidance of debt||Header|Major-Head|||||
140|01|29|2048|Appropriation for reduction or avoidance of debt|00||101||||||||2048-00-101|101||Header|Minor-Head|||||
140|01|29|2048|Appropriation for reduction or avoidance of debt|00||101||4||||||2048-00-101-4|4||Header|Sub-Head|||||
140|01|29|2048|Appropriation for reduction or avoidance of debt|00||101||4||01|Contribution to Consolidated Sinking Fund|||2048-00-101-4-01|Contribution to Consolidated Sinking Fund||Header|Detailed-Head|||||100.0
140|01|29|2048|Appropriation for reduction or avoidance of debt|00||101||4||01|Contribution to Consolidated Sinking Fund|240|Repayment of Borrowings|2048-00-101-4-01|Repayment of Borrowings|C|Data|Object-Head|200000.00|300000.00|50000.00||100.0
140|01|29|2048|Appropriation for reduction or avoidance of debt|00||101||4||01|Contribution to Consolidated Sinking Fund|261|Inter Account Transfers|2048-00-101-4-01|Inter Account Transfers|C|Data|Object-Head||||300000.00|100.0
140|01|29|2048|Appropriation for reduction or avoidance of debt|00||101||4||01|Contribution to Consolidated Sinking Fund|||2048-00-101-4-01|HOA Total :|C|Total|Detailed-Head|200000.00|300000.00|50000.00|300000.00|100.0
140|01|29|2048|Appropriation for reduction or avoidance of debt|00||||||||||2048|2048 - Total :|C|Total|Major-Head|200000.00|300000.00|50000.00|300000.00|
141|01|29|2049|Interest Payments|01||||||||||2049|Interest Payments||Header|Major-Head|||||
141|01|29|2049|Interest Payments|01||101||||||||2049-01-101|101||Header|Minor-Head|||||
141|01|29|2049|Interest Payments|01||101||3||||||2049-01-101-3|3||Header|Sub-Head|||||
141|01|29|2049|Interest Payments|01||101||3||11|2013-14 - 9.14% KGS 2024 (DOM 28-05-2024)|||2049-01-101-3-11|2013-14 - 9.14% KGS 2024 (DOM 28-05-2024)||Header|Detailed-Head|||||100.0
141|01|29|2049|Interest Payments|01||101||3||11|2013-14 - 9.14% KGS 2024 (DOM 28-05-2024)|240|Repayment of Borrowings|2049-01-101-3-11|Repayment of Borrowings|C|Data|Object-Head|6855.00||||100.0
141|01|29|2049|Interest Payments|01||101||3||11|2013-14 - 9.14% KGS 2024 (DOM 28-05-2024)|||2049-01-101-3-11|HOA Total :|C|Total|Detailed-Head|6855.00|0.00|0.00|0.00|100.0
141|01|29|2049|Interest Payments|01||101||3||12|2013-14 - 9.01% KGS 2024 (DOM 25-06-2024)|||2049-01-101-3-12|2013-14 - 9.01% KGS 2024 (DOM 25-06-2024)||Header|Detailed-Head|||||100.0
141|01|29|2049|Interest Payments|01||101||3||12|2013-14 - 9.01% KGS 2024 (DOM 25-06-2024)|240|Repayment of Borrowings|2049-01-101-3-12|Repayment of Borrowings|C|Data|Object-Head|4505.00||||100.0
141|01|29|2049|Interest Payments|01||101||3||12|2013-14 - 9.01% KGS 2024 (DOM 25-06-2024)|||2049-01-101-3-12|HOA Total :|C|Total|Detailed-Head|4505.00|0.00|0.00|0.00|100.0
141|01|29|2049|Interest Payments|01||101||3||13|2013-14 - 8.97% KGS 2024 (DOM 23-07-2024)|||2049-01-101-3-13|2013-14 - 8.97% KGS 2024 (DOM 23-07-2024)||Header|Detailed-Head|||||100.0
141|01|29|2049|Interest Payments|01||101||3||13|2013-14 - 8.97% KGS 2024 (DOM 23-07-2024)|240|Repayment of Borrowings|2049-01-101-3-13|Repayment of Borrowings|C|Data|Object-Head|8970.00||||100.0
141|01|29|2049|Interest Payments|01||101||3||13|2013-14 - 8.97% KGS 2024 (DOM 23-07-2024)|||2049-01-101-3-13|HOA Total :|C|Total|Detailed-Head|8970.00|0.00|0.00|0.00|100.0
141|01|29|2049|Interest Payments|01||101||3||14|2013-14 - 9.04% KGS 2024 (DOM 10-09-2024)|||2049-01-101-3-14|2013-14 - 9.04% KGS 2024 (DOM 10-09-2024)||Header|Detailed-Head|||||100.0
141|01|29|2049|Interest Payments|01||101||3||14|2013-14 - 9.04% KGS 2024 (DOM 10-09-2024)|240|Repayment of Borrowings|2049-01-101-3-14|Repayment of Borrowings|C|Data|Object-Head|9040.00||||100.0
141|01|29|2049|Interest Payments|01||101||3||14|2013-14 - 9.04% KGS 2024 (DOM 10-09-2024)|||2049-01-101-3-14|HOA Total :|C|Total|Detailed-Head|9040.00|0.00|0.00|0.00|100.0
141|01|29|2049|Interest Payments|01||101||3||15|2013-14 - 8.73% KGS 2024 (DOM 29-10-2024)|||2049-01-101-3-15|2013-14 - 8.73% KGS 2024 (DOM 29-10-2024)||Header|Detailed-Head|||||100.0
141|01|29|2049|Interest Payments|01||101||3||15|2013-14 - 8.73% KGS 2024 (DOM 29-10-2024)|240|Repayment of Borrowings|2049-01-101-3-15|Repayment of Borrowings|C|Data|Object-Head|17460.00||||100.0
141|01|29|2049|Interest Payments|01||101||3||15|2013-14 - 8.73% KGS 2024 (DOM 29-10-2024)|||2049-01-101-3-15|HOA Total :|C|Total|Detailed-Head|17460.00|0.00|0.00|0.00|100.0
142|01|29|2049|Interest Payments|01|Interest on Internal Debt|101|Interest on Market Loans|3|Interest on Market Loans|16|2013-14 - 8.45% KGS 2024 (DOM 26-11-2024)|||2049-01-101-3-16|2013-14 - 8.45% KGS 2024 (DOM 26-11-2024)||Header|Detailed-Head|||||100.0
142|01|29|2049|Interest Payments|01|Interest on Internal Debt|101|Interest on Market Loans|3|Interest on Market Loans|16|2013-14 - 8.45% KGS 2024 (DOM 26-11-2024)|240|Repayment of Borrowings|2049-01-101-3-16|Repayment of Borrowings|C|Data|Object-Head|21125.00||||100.0
142|01|29|2049|Interest Payments|01|Interest on Internal Debt|101|Interest on Market Loans|3|Interest on Market Loans|16|2013-14 - 8.45% KGS 2024 (DOM 26-11-2024)|||2049-01-101-3-16|HOA Total :|C|Total|Detailed-Head|21125.00|0.00|0.00|0.00|100.0
142|01|29|2049|Interest Payments|01|Interest on Internal Debt|101|Interest on Market Loans|3|Interest on Market Loans|17|2013-14 - 8.24 % KGS 2024 (DOM 24-12-2024)|||2049-01-101-3-17|2013-14 - 8.24 % KGS 2024 (DOM 24-12-2024)||Header|Detailed-Head|||||100.0
142|01|29|2049|Interest Payments|01|Interest on Internal Debt|101|Interest on Market Loans|3|Interest on Market Loans|17|2013-14 - 8.24 % KGS 2024 (DOM 24-12-2024)|240|Repayment of Borrowings|2049-01-101-3-17|Repayment of Borrowings|C|Data|Object-Head|20600.00||||100.0
142|01|29|2049|Interest Payments|01|Interest on Internal Debt|101|Interest on Market Loans|3|Interest on Market Loans|17|2013-14 - 8.24 % KGS 2024 (DOM 24-12-2024)|||2049-01-101-3-17|HOA Total :|C|Total|Detailed-Head|20600.00|0.00|0.00|0.00|100.0
142|01|29|2049|Interest Payments|01|Interest on Internal Debt|101|Interest on Market Loans|3|Interest on Market Loans|19|2014-15 - 8.06% KGS 2025 (DOM 28.01.2025)|||2049-01-101-3-19|2014-15 - 8.06% KGS 2025 (DOM 28.01.2025)||Header|Detailed-Head|||||100.0
142|01|29|2049|Interest Payments|01|Interest on Internal Debt|101|Interest on Market Loans|3|Interest on Market Loans|19|2014-15 - 8.06% KGS 2025 (DOM 28.01.2025)|240|Repayment of Borrowings|2049-01-101-3-19|Repayment of Borrowings|C|Data|Object-Head|8060.00||||100.0
142|01|29|2049|Interest Payments|01|Interest on Internal Debt|101|Interest on Market Loans|3|Interest on Market Loans|19|2014-15 - 8.06% KGS 2025 (DOM 28.01.2025)|||2049-01-101-3-19|HOA Total :|C|Total|Detailed-Head|8060.00|0.00|0.00|0.00|100.0
142|01|29|2049|Interest Payments|01|Interest on Internal Debt|101|Interest on Market Loans|3|Interest on Market Loans|20|2014-15 - 8.06% KGS 2025 (DOM 11.02.2025)|||2049-01-101-3-20|2014-15 - 8.06% KGS 2025 (DOM 11.02.2025)||Header|Detailed-Head|||||100.0
142|01|29|2049|Interest Payments|01|Interest on Internal Debt|101|Interest on Market Loans|3|Interest on Market Loans|20|2014-15 - 8.06% KGS 2025 (DOM 11.02.2025)|240|Repayment of Borrowings|2049-01-101-3-20|Repayment of Borrowings|C|Data|Object-Head|12090.00||||100.0
142|01|29|2049|Interest Payments|01|Interest on Internal Debt|101|Interest on Market Loans|3|Interest on Market Loans|20|2014-15 - 8.06% KGS 2025 (DOM 11.02.2025)|||2049-01-101-3-20|HOA Total :|C|Total|Detailed-Head|12090.00|0.00|0.00|0.00|100.0
142|01|29|2049|Interest Payments|01|Interest on Internal Debt|101|Interest on Market Loans|3|Interest on Market Loans|21|2014-15 - 8.05% KGS 2025 (DOM 25.02.2025)|||2049-01-101-3-21|2014-15 - 8.05% KGS 2025 (DOM 25.02.2025)||Header|Detailed-Head|||||100.0
142|01|29|2049|Interest Payments|01|Interest on Internal Debt|101|Interest on Market Loans|3|Interest on Market Loans|21|2014-15 - 8.05% KGS 2025 (DOM 25.02.2025)|240|Repayment of Borrowings|2049-01-101-3-21|Repayment of Borrowings|C|Data|Object-Head|12075.00||||100.0
142|01|29|2049|Interest Payments|01|Interest on Internal Debt|101|Interest on Market Loans|3|Interest on Market Loans|21|2014-15 - 8.05% KGS 2025 (DOM 25.02.2025)|||2049-01-101-3-21|HOA Total :|C|Total|Detailed-Head|12075.00|0.00|0.00|0.00|100.0
143|01|29|2049|Interest Payments|01|Interest on Internal Debt|101|Interest on Market Loans|3|Interest on Market Loans|22|2014-15 - 8.08% KGS 2025 (DOM 11.03.2025)|||2049-01-101-3-22|2014-15 - 8.08% KGS 2025 (DOM 11.03.2025)||Header|Detailed-Head|||||100.0
143|01|29|2049|Interest Payments|01|Interest on Internal Debt|101|Interest on Market Loans|3|Interest on Market Loans|22|2014-15 - 8.08% KGS 2025 (DOM 11.03.2025)|240|Repayment of Borrowings|2049-01-101-3-22|Repayment of Borrowings|C|Data|Object-Head|8080.00||||100.0
143|01|29|2049|Interest Payments|01|Interest on Internal Debt|101|Interest on Market Loans|3|Interest on Market Loans|22|2014-15 - 8.08% KGS 2025 (DOM 11.03.2025)|||2049-01-101-3-22|HOA Total :|C|Total|Detailed-Head|8080.00|0.00|0.00|0.00|100.0
143|01|29|2049|Interest Payments|01|Interest on Internal Debt|101|Interest on Market Loans|3|Interest on Market Loans|24|2015-16 - 7.98% KGS 2025 (DOM 14.10.2025)|||2049-01-101-3-24|2015-16 - 7.98% KGS 2025 (DOM 14.10.2025)||Header|Detailed-Head|||||100.0
143|01|29|2049|Interest Payments|01|Interest on Internal Debt|101|Interest on Market Loans|3|Interest on Market Loans|24|2015-16 - 7.98% KGS 2025 (DOM 14.10.2025)|240|Repayment of Borrowings|2049-01-101-3-24|Repayment of Borrowings|C|Data|Object-Head|15960.00||||100.0
143|01|29|2049|Interest Payments|01|Interest on Internal Debt|101|Interest on Market Loans|3|Interest on Market Loans|24|2015-16 - 7.98% KGS 2025 (DOM 14.10.2025)|241|Interest Payments|2049-01-101-3-24|Interest Payments|C|Data|Object-Head||15960.00|15960.00||100.0
143|01|29|2049|Interest Payments|01|Interest on Internal Debt|101|Interest on Market Loans|3|Interest on Market Loans|24|2015-16 - 7.98% KGS 2025 (DOM 14.10.2025)|||2049-01-101-3-24|HOA Total :|C|Total|Detailed-Head|15960.00|15960.00|15960.00|0.00|100.0
143|01|29|2049|Interest Payments|01|Interest on Internal Debt|101|Interest on Market Loans|3|Interest on Market Loans|25|2015-16 - 7.99% KGS 2025 (DOM 28.10.2025)|||2049-01-101-3-25|2015-16 - 7.99% KGS 2025 (DOM 28.10.2025)||Header|Detailed-Head|||||100.0
143|01|29|2049|Interest Payments|01|Interest on Internal Debt|101|Interest on Market Loans|3|Interest on Market Loans|25|2015-16 - 7.99% KGS 2025 (DOM 28.10.2025)|240|Repayment of Borrowings|2049-01-101-3-25|Repayment of Borrowings|C|Data|Object-Head|7990.00||||100.0
143|01|29|2049|Interest Payments|01|Interest on Internal Debt|101|Interest on Market Loans|3|Interest on Market Loans|25|2015-16 - 7.99% KGS 2025 (DOM 28.10.2025)|241|Interest Payments|2049-01-101-3-25|Interest Payments|C|Data|Object-Head||7990.00|7990.00||100.0
143|01|29|2049|Interest Payments|01|Interest on Internal Debt|101|Interest on Market Loans|3|Interest on Market Loans|25|2015-16 - 7.99% KGS 2025 (DOM 28.10.2025)|||2049-01-101-3-25|HOA Total :|C|Total|Detailed-Head|7990.00|7990.00|7990.00|0.00|100.0
143|01|29|2049|Interest Payments|01|Interest on Internal Debt|101|Interest on Market Loans|3|Interest on Market Loans|26|2015-16 - 8.14% KGS 2025 (DOM 13.11.2025)|||2049-01-101-3-26|2015-16 - 8.14% KGS 2025 (DOM 13.11.2025)||Header|Detailed-Head|||||100.0
143|01|29|2049|Interest Payments|01|Interest on Internal Debt|101|Interest on Market Loans|3|Interest on Market Loans|26|2015-16 - 8.14% KGS 2025 (DOM 13.11.2025)|240|Repayment of Borrowings|2049-01-101-3-26|Repayment of Borrowings|C|Data|Object-Head|16280.00||||100.0
143|01|29|2049|Interest Payments|01|Interest on Internal Debt|101|Interest on Market Loans|3|Interest on Market Loans|26|2015-16 - 8.14% KGS 2025 (DOM 13.11.2025)|241|Interest Payments|2049-01-101-3-26|Interest Payments|C|Data|Object-Head||16280.00|16280.00||100.0
143|01|29|2049|Interest Payments|01|Interest on Internal Debt|101|Interest on Market Loans|3|Interest on Market Loans|26|2015-16 - 8.14% KGS 2025 (DOM 13.11.2025)|||2049-01-101-3-26|HOA Total :|C|Total|Detailed-Head|16280.00|16280.00|16280.00|0.00|100.0
143|01|29|2049|Interest Payments|01|Interest on Internal Debt|101|Interest on Market Loans|3|Interest on Market Loans|27|2015-16 - 8.16% KGS 2025 (DOM 26.11.2025)|||2049-01-101-3-27|2015-16 - 8.16% KGS 2025 (DOM 26.11.2025)||Header|Detailed-Head|||||100.0
143|01|29|2049|Interest Payments|01|Interest on Internal Debt|101|Interest on Market Loans|3|Interest on Market Loans|27|2015-16 - 8.16% KGS 2025 (DOM 26.11.2025)|240|Repayment of Borrowings|2049-01-101-3-27|Repayment of Borrowings|C|Data|Object-Head|16320.20||||100.0
144|01|29|2049|Interest Payments|01|Interest on Internal Debt|101|Interest on Market Loans|3|Interest on Market Loans|27|2015-16 - 8.16% KGS 2025 (DOM 26.11.2025)|241|Interest Payments|2049-01-101-3-27|Interest Payments|C|Data|Object-Head||16320.00|16320.00||100.0
144|01|29|2049|Interest Payments|01|Interest on Internal Debt|101|Interest on Market Loans|3|Interest on Market Loans|27|2015-16 - 8.16% KGS 2025 (DOM 26.11.2025)|||2049-01-101-3-27|HOA Total :|C|Total|Detailed-Head|16320.20|16320.00|16320.00|0.00|100.0
144|01|29|2049|Interest Payments|01|Interest on Internal Debt|101|Interest on Market Loans|3|Interest on Market Loans|28|2015-16 - 8.22% KGS 2025 (DOM 09.12.2025)|||2049-01-101-3-28|2015-16 - 8.22% KGS 2025 (DOM 09.12.2025)||Header|Detailed-Head|||||100.0
144|01|29|2049|Interest Payments|01|Interest on Internal Debt|101|Interest on Market Loans|3|Interest on Market Loans|28|2015-16 - 8.22% KGS 2025 (DOM 09.12.2025)|240|Repayment of Borrowings|2049-01-101-3-28|Repayment of Borrowings|C|Data|Object-Head|17981.25||||100.0
144|01|29|2049|Interest Payments|01|Interest on Internal Debt|101|Interest on Market Loans|3|Interest on Market Loans|28|2015-16 - 8.22% KGS 2025 (DOM 09.12.2025)|241|Interest Payments|2049-01-101-3-28|Interest Payments|C|Data|Object-Head||17981.50|17981.50||100.0
144|01|29|2049|Interest Payments|01|Interest on Internal Debt|101|Interest on Market Loans|3|Interest on Market Loans|28|2015-16 - 8.22% KGS 2025 (DOM 09.12.2025)|||2049-01-101-3-28|HOA Total :|C|Total|Detailed-Head|17981.25|17981.50|17981.50|0.00|100.0
144|01|29|2049|Interest Payments|01|Interest on Internal Debt|101|Interest on Market Loans|3|Interest on Market Loans|29|2015-16 - 8.27% KGS 2025 (DOM 23.12.2025)|||2049-01-101-3-29|2015-16 - 8.27% KGS 2025 (DOM 23.12.2025)||Header|Detailed-Head|||||100.0
144|01|29|2049|Interest Payments|01|Interest on Internal Debt|101|Interest on Market Loans|3|Interest on Market Loans|29|2015-16 - 8.27% KGS 2025 (DOM 23.12.2025)|240|Repayment of Borrowings|2049-01-101-3-29|Repayment of Borrowings|C|Data|Object-Head|16540.00||||100.0
144|01|29|2049|Interest Payments|01|Interest on Internal Debt|101|Interest on Market Loans|3|Interest on Market Loans|29|2015-16 - 8.27% KGS 2025 (DOM 23.12.2025)|241|Interest Payments|2049-01-101-3-29|Interest Payments|C|Data|Object-Head||16540.00|16540.00||100.0
144|01|29|2049|Interest Payments|01|Interest on Internal Debt|101|Interest on Market Loans|3|Interest on Market Loans|29|2015-16 - 8.27% KGS 2025 (DOM 23.12.2025)|||2049-01-101-3-29|HOA Total :|C|Total|Detailed-Head|16540.00|16540.00|16540.00|0.00|100.0
144|01|29|2049|Interest Payments|01|Interest on Internal Debt|101|Interest on Market Loans|3|Interest on Market Loans|30|2015-16 - 8.27% KGS 2026 (DOM 13.01.2026)|||2049-01-101-3-30|2015-16 - 8.27% KGS 2026 (DOM 13.01.2026)||Header|Detailed-Head|||||100.0
144|01|29|2049|Interest Payments|01|Interest on Internal Debt|101|Interest on Market Loans|3|Interest on Market Loans|30|2015-16 - 8.27% KGS 2026 (DOM 13.01.2026)|240|Repayment of Borrowings|2049-01-101-3-30|Repayment of Borrowings|C|Data|Object-Head|12405.00||||100.0
144|01|29|2049|Interest Payments|01|Interest on Internal Debt|101|Interest on Market Loans|3|Interest on Market Loans|30|2015-16 - 8.27% KGS 2026 (DOM 13.01.2026)|241|Interest Payments|2049-01-101-3-30|Interest Payments|C|Data|Object-Head||12405.00|12405.00||100.0
144|01|29|2049|Interest Payments|01|Interest on Internal Debt|101|Interest on Market Loans|3|Interest on Market Loans|30|2015-16 - 8.27% KGS 2026 (DOM 13.01.2026)|||2049-01-101-3-30|HOA Total :|C|Total|Detailed-Head|12405.00|12405.00|12405.00|0.00|100.0
144|01|29|2049|Interest Payments|01|Interest on Internal Debt|101|Interest on Market Loans|3|Interest on Market Loans|31|2015-16 - 8.38% KGS 2026 (DOM 27.01.2026)|||2049-01-101-3-31|2015-16 - 8.38% KGS 2026 (DOM 27.01.2026)||Header|Detailed-Head|||||100.0
144|01|29|2049|Interest Payments|01|Interest on Internal Debt|101|Interest on Market Loans|3|Interest on Market Loans|31|2015-16 - 8.38% KGS 2026 (DOM 27.01.2026)|240|Repayment of Borrowings|2049-01-101-3-31|Repayment of Borrowings|C|Data|Object-Head|12569.16||||100.0
144|01|29|2049|Interest Payments|01|Interest on Internal Debt|101|Interest on Market Loans|3|Interest on Market Loans|31|2015-16 - 8.38% KGS 2026 (DOM 27.01.2026)|241|Interest Payments|2049-01-101-3-31|Interest Payments|C|Data|Object-Head||12570.00|12570.00||100.0
144|01|29|2049|Interest Payments|01|Interest on Internal Debt|101|Interest on Market Loans|3|Interest on Market Loans|31|2015-16 - 8.38% KGS 2026 (DOM 27.01.2026)|||2049-01-101-3-31|HOA Total :|C|Total|Detailed-Head|12569.16|12570.00|12570.00|0.00|100.0
145|01|29|2049|Interest Payments|01|Interest on Internal Debt|101|Interest on Market Loans|3|Interest on Market Loans|32|2015-16 8.67% KGS 2026 (DOM 24.02.2026)|||2049-01-101-3-32|2015-16 8.67% KGS 2026 (DOM 24.02.2026)|C|Header|Detailed-Head|||||100.0
145|01|29|2049|Interest Payments|01|Interest on Internal Debt|101|Interest on Market Loans|3|Interest on Market Loans|32|2015-16 8.67% KGS 2026 (DOM 24.02.2026)|240|Repayment of Borrowings|2049-01-101-3-32|Repayment of Borrowings|C|Data|Object-Head|17340.00||||100.0
145|01|29|2049|Interest Payments|01|Interest on Internal Debt|101|Interest on Market Loans|3|Interest on Market Loans|32|2015-16 8.67% KGS 2026 (DOM 24.02.2026)|241|Interest Payments|2049-01-101-3-32|Interest Payments|C|Data|Object-Head||17340.00|17340.00||100.0
145|01|29|2049|Interest Payments|01|Interest on Internal Debt|101|Interest on Market Loans|3|Interest on Market Loans|32|2015-16 8.67% KGS 2026 (DOM 24.02.2026)|||2049-01-101-3-32|HOA Total :|C|Total|Detailed-Head|17340.00|17340.00|17340.00|0.00|100.0
145|01|29|2049|Interest Payments|01|Interest on Internal Debt|101|Interest on Market Loans|3|Interest on Market Loans|33|2016-17 7.14% KGS 2026 (DOM 13.10.2026)|||2049-01-101-3-33|2016-17 7.14% KGS 2026 (DOM 13.10.2026)|C|Header|Detailed-Head|||||100.0
145|01|29|2049|Interest Payments|01|Interest on Internal Debt|101|Interest on Market Loans|3|Interest on Market Loans|33|2016-17 7.14% KGS 2026 (DOM 13.10.2026)|240|Repayment of Borrowings|2049-01-101-3-33|Repayment of Borrowings|C|Data|Object-Head|14280.00||||100.0
145|01|29|2049|Interest Payments|01|Interest on Internal Debt|101|Interest on Market Loans|3|Interest on Market Loans|33|2016-17 7.14% KGS 2026 (DOM 13.10.2026)|241|Interest Payments|2049-01-101-3-33|Interest Payments|C|Data|Object-Head||14280.00|14280.00|14280.00|100.0
145|01|29|2049|Interest Payments|01|Interest on Internal Debt|101|Interest on Market Loans|3|Interest on Market Loans|33|2016-17 7.14% KGS 2026 (DOM 13.10.2026)|||2049-01-101-3-33|HOA Total :|C|Total|Detailed-Head|14280.00|14280.00|14280.00|14280.00|100.0
145|01|29|2049|Interest Payments|01|Interest on Internal Debt|101|Interest on Market Loans|3|Interest on Market Loans|34|2016-17 7.22% KGS 2026 (DOM 26.10.2026)|||2049-01-101-3-34|2016-17 7.22% KGS 2026 (DOM 26.10.2026)|C|Header|Detailed-Head|||||100.0
145|01|29|2049|Interest Payments|01|Interest on Internal Debt|101|Interest on Market Loans|3|Interest on Market Loans|34|2016-17 7.22% KGS 2026 (DOM 26.10.2026)|240|Repayment of Borrowings|2049-01-101-3-34|Repayment of Borrowings|C|Data|Object-Head|14440.00||||100.0
145|01|29|2049|Interest Payments|01|Interest on Internal Debt|101|Interest on Market Loans|3|Interest on Market Loans|34|2016-17 7.22% KGS 2026 (DOM 26.10.2026)|241|Interest Payments|2049-01-101-3-34|Interest Payments|C|Data|Object-Head||14440.00|14440.00|14440.00|100.0
145|01|29|2049|Interest Payments|01|Interest on Internal Debt|101|Interest on Market Loans|3|Interest on Market Loans|34|2016-17 7.22% KGS 2026 (DOM 26.10.2026)|||2049-01-101-3-34|HOA Total :|C|Total|Detailed-Head|14440.00|14440.00|14440.00|14440.00|100.0
145|01|29|2049|Interest Payments|01|Interest on Internal Debt|101|Interest on Market Loans|3|Interest on Market Loans|35|2016-17 7.37% KGS 2026 (DOM 09.11.2026)|||2049-01-101-3-35|2016-17 7.37% KGS 2026 (DOM 09.11.2026)|C|Header|Detailed-Head|||||100.0
145|01|29|2049|Interest Payments|01|Interest on Internal Debt|101|Interest on Market Loans|3|Interest on Market Loans|35|2016-17 7.37% KGS 2026 (DOM 09.11.2026)|240|Repayment of Borrowings|2049-01-101-3-35|Repayment of Borrowings|C|Data|Object-Head|14740.00||||100.0
145|01|29|2049|Interest Payments|01|Interest on Internal Debt|101|Interest on Market Loans|3|Interest on Market Loans|35|2016-17 7.37% KGS 2026 (DOM 09.11.2026)|241|Interest Payments|2049-01-101-3-35|Interest Payments|C|Data|Object-Head||14740.00|14740.00|14740.00|100.0
145|01|29|2049|Interest Payments|01|Interest on Internal Debt|101|Interest on Market Loans|3|Interest on Market Loans|35|2016-17 7.37% KGS 2026 (DOM 09.11.2026)|||2049-01-101-3-35|HOA Total :|C|Total|Detailed-Head|14740.00|14740.00|14740.00|14740.00|100.0
145|01|29|2049|Interest Payments|01|Interest on Internal Debt|101|Interest on Market Loans|3|Interest on Market Loans|36|2016-17 6.83% KGS 2026 (DOM 23.11.2026)|||2049-01-101-3-36|2016-17 6.83% KGS 2026 (DOM 23.11.2026)|C|Header|Detailed-Head|||||100.0
145|01|29|2049|Interest Payments|01|Interest on Internal Debt|101|Interest on Market Loans|3|Interest on Market Loans|36|2016-17 6.83% KGS 2026 (DOM 23.11.2026)|240|Repayment of Borrowings|2049-01-101-3-36|Repayment of Borrowings|C|Data|Object-Head|13660.00||||100.0
146|01|29|2049|Interest Payments|01|Interest on Internal Debt|101|Interest on Market Loans|3|Interest on Market Loans|36|2016-17 6.83% KGS 2026 (DOM 23.11.2026)|241|Interest Payments|2049-01-101-3-36|Interest Payments|C|Data|Object-Head||13660.00|13660.00|13660.00|100.0
146|01|29|2049|Interest Payments|01|Interest on Internal Debt|101|Interest on Market Loans|3|Interest on Market Loans|36|2016-17 6.83% KGS 2026 (DOM 23.11.2026)|||2049-01-101-3-36|HOA Total :|C|Total|Detailed-Head|13660.00|13660.00|13660.00|13660.00|100.0
146|01|29|2049|Interest Payments|01|Interest on Internal Debt|101|Interest on Market Loans|3|Interest on Market Loans|38|2016-17 - 7.08% KGS 2026 (DOM: 14.12.2026)|||2049-01-101-3-38|2016-17 - 7.08% KGS 2026 (DOM: 14.12.2026)|C|Header|Detailed-Head|||||100.0
146|01|29|2049|Interest Payments|01|Interest on Internal Debt|101|Interest on Market Loans|3|Interest on Market Loans|38|2016-17 - 7.08% KGS 2026 (DOM: 14.12.2026)|240|Repayment of Borrowings|2049-01-101-3-38|Repayment of Borrowings|C|Data|Object-Head|24780.00||||100.0
146|01|29|2049|Interest Payments|01|Interest on Internal Debt|101|Interest on Market Loans|3|Interest on Market Loans|38|2016-17 - 7.08% KGS 2026 (DOM: 14.12.2026)|241|Interest Payments|2049-01-101-3-38|Interest Payments|C|Data|Object-Head||24780.00|24780.00|24780.00|100.0
146|01|29|2049|Interest Payments|01|Interest on Internal Debt|101|Interest on Market Loans|3|Interest on Market Loans|38|2016-17 - 7.08% KGS 2026 (DOM: 14.12.2026)|||2049-01-101-3-38|HOA Total :|C|Total|Detailed-Head|24780.00|24780.00|24780.00|24780.00|100.0
146|01|29|2049|Interest Payments|01|Interest on Internal Debt|101|Interest on Market Loans|3|Interest on Market Loans|39|2016-17 - 7.27% KGS 2026 (DOM: 28.12.2026)|||2049-01-101-3-39|2016-17 - 7.27% KGS 2026 (DOM: 28.12.2026)|C|Header|Detailed-Head|||||100.0
146|01|29|2049|Interest Payments|01|Interest on Internal Debt|101|Interest on Market Loans|3|Interest on Market Loans|39|2016-17 - 7.27% KGS 2026 (DOM: 28.12.2026)|240|Repayment of Borrowings|2049-01-101-3-39|Repayment of Borrowings|C|Data|Object-Head|25445.36||||100.0
146|01|29|2049|Interest Payments|01|Interest on Internal Debt|101|Interest on Market Loans|3|Interest on Market Loans|39|2016-17 - 7.27% KGS 2026 (DOM: 28.12.2026)|241|Interest Payments|2049-01-101-3-39|Interest Payments|C|Data|Object-Head||25445.00|25445.00|25445.00|100.0
146|01|29|2049|Interest Payments|01|Interest on Internal Debt|101|Interest on Market Loans|3|Interest on Market Loans|39|2016-17 - 7.27% KGS 2026 (DOM: 28.12.2026)|||2049-01-101-3-39|HOA Total :|C|Total|Detailed-Head|25445.36|25445.00|25445.00|25445.00|100.0
146|01|29|2049|Interest Payments|01|Interest on Internal Debt|101|Interest on Market Loans|3|Interest on Market Loans|40|2016-17 - 7.15% KGS 2027 (DOM: 11.01.2027)|||2049-01-101-3-40|2016-17 - 7.15% KGS 2027 (DOM: 11.01.2027)|C|Header|Detailed-Head|||||100.0
146|01|29|2049|Interest Payments|01|Interest on Internal Debt|101|Interest on Market Loans|3|Interest on Market Loans|40|2016-17 - 7.15% KGS 2027 (DOM: 11.01.2027)|240|Repayment of Borrowings|2049-01-101-3-40|Repayment of Borrowings|C|Data|Object-Head|14300.00||||100.0
146|01|29|2049|Interest Payments|01|Interest on Internal Debt|101|Interest on Market Loans|3|Interest on Market Loans|40|2016-17 - 7.15% KGS 2027 (DOM: 11.01.2027)|241|Interest Payments|2049-01-101-3-40|Interest Payments|C|Data|Object-Head||14300.00|14300.00|14300.00|100.0
146|01|29|2049|Interest Payments|01|Interest on Internal Debt|101|Interest on Market Loans|3|Interest on Market Loans|40|2016-17 - 7.15% KGS 2027 (DOM: 11.01.2027)|||2049-01-101-3-40|HOA Total :|C|Total|Detailed-Head|14300.00|14300.00|14300.00|14300.00|100.0
146|01|29|2049|Interest Payments|01|Interest on Internal Debt|101|Interest on Market Loans|3|Interest on Market Loans|41|2016-17 - 7.20% KGS 2027 (DOM: 25.01.2027)|||2049-01-101-3-41|2016-17 - 7.20% KGS 2027 (DOM: 25.01.2027)|C|Header|Detailed-Head|||||100.0
146|01|29|2049|Interest Payments|01|Interest on Internal Debt|101|Interest on Market Loans|3|Interest on Market Loans|41|2016-17 - 7.20% KGS 2027 (DOM: 25.01.2027)|240|Repayment of Borrowings|2049-01-101-3-41|Repayment of Borrowings|C|Data|Object-Head|10800.00||||100.0
146|01|29|2049|Interest Payments|01|Interest on Internal Debt|101|Interest on Market Loans|3|Interest on Market Loans|41|2016-17 - 7.20% KGS 2027 (DOM: 25.01.2027)|241|Interest Payments|2049-01-101-3-41|Interest Payments|C|Data|Object-Head||10800.00|10800.00|10800.00|100.0
146|01|29|2049|Interest Payments|01|Interest on Internal Debt|101|Interest on Market Loans|3|Interest on Market Loans|41|2016-17 - 7.20% KGS 2027 (DOM: 25.01.2027)|||2049-01-101-3-41|HOA Total :|C|Total|Detailed-Head|10800.00|10800.00|10800.00|10800.00|100.0
147|01|29|2049|Interest Payments|01|Interest on Internal Debt|101|Interest on Market Loans|3|Interest on Market Loans|42|2016-17 - 7.59% KGS 2027 (DOM: 15.02.2027)|||2049-01-101-3-42|2016-17 - 7.59% KGS 2027 (DOM: 15.02.2027)|C|Header|Detailed-Head|||||100.0
147|01|29|2049|Interest Payments|01|Interest on Internal Debt|101|Interest on Market Loans|3|Interest on Market Loans|42|2016-17 - 7.59% KGS 2027 (DOM: 15.02.2027)|240|Repayment of Borrowings|2049-01-101-3-42|Repayment of Borrowings|C|Data|Object-Head|15180.00||||100.0
147|01|29|2049|Interest Payments|01|Interest on Internal Debt|101|Interest on Market Loans|3|Interest on Market Loans|42|2016-17 - 7.59% KGS 2027 (DOM: 15.02.2027)|241|Interest Payments|2049-01-101-3-42|Interest Payments|C|Data|Object-Head||15180.00|15180.00|15180.00|100.0
147|01|29|2049|Interest Payments|01|Interest on Internal Debt|101|Interest on Market Loans|3|Interest on Market Loans|42|2016-17 - 7.59% KGS 2027 (DOM: 15.02.2027)|||2049-01-101-3-42|HOA Total :|C|Total|Detailed-Head|15180.00|15180.00|15180.00|15180.00|100.0
147|01|29|2049|Interest Payments|01|Interest on Internal Debt|101|Interest on Market Loans|3|Interest on Market Loans|43|2016-17 - 7.75% KGS 2027 (DOM: 01.03.2027)|||2049-01-101-3-43|2016-17 - 7.75% KGS 2027 (DOM: 01.03.2027)|C|Header|Detailed-Head|||||100.0
147|01|29|2049|Interest Payments|01|Interest on Internal Debt|101|Interest on Market Loans|3|Interest on Market Loans|43|2016-17 - 7.75% KGS 2027 (DOM: 01.03.2027)|240|Repayment of Borrowings|2049-01-101-3-43|Repayment of Borrowings|C|Data|Object-Head|20816.19||||100.0
147|01|29|2049|Interest Payments|01|Interest on Internal Debt|101|Interest on Market Loans|3|Interest on Market Loans|43|2016-17 - 7.75% KGS 2027 (DOM: 01.03.2027)|241|Interest Payments|2049-01-101-3-43|Interest Payments|C|Data|Object-Head||20817.00|20817.00|20817.00|100.0
147|01|29|2049|Interest Payments|01|Interest on Internal Debt|101|Interest on Market Loans|3|Interest on Market Loans|43|2016-17 - 7.75% KGS 2027 (DOM: 01.03.2027)|||2049-01-101-3-43|HOA Total :|C|Total|Detailed-Head|20816.19|20817.00|20817.00|20817.00|100.0
147|01|29|2049|Interest Payments|01|Interest on Internal Debt|101|Interest on Market Loans|3|Interest on Market Loans|44|2016-17 - 7.86% KGS 2027 (DOM: 15.03.2027)|||2049-01-101-3-44|2016-17 - 7.86% KGS 2027 (DOM: 15.03.2027)|C|Header|Detailed-Head|||||100.0
147|01|29|2049|Interest Payments|01|Interest on Internal Debt|101|Interest on Market Loans|3|Interest on Market Loans|44|2016-17 - 7.86% KGS 2027 (DOM: 15.03.2027)|240|Repayment of Borrowings|2049-01-101-3-44|Repayment of Borrowings|C|Data|Object-Head|21111.96||||100.0
147|01|29|2049|Interest Payments|01|Interest on Internal Debt|101|Interest on Market Loans|3|Interest on Market Loans|44|2016-17 - 7.86% KGS 2027 (DOM: 15.03.2027)|241|Interest Payments|2049-01-101-3-44|Interest Payments|C|Data|Object-Head||21112.00|21112.00|21112.00|100.0
147|01|29|2049|Interest Payments|01|Interest on Internal Debt|101|Interest on Market Loans|3|Interest on Market Loans|44|2016-17 - 7.86% KGS 2027 (DOM: 15.03.2027)|||2049-01-101-3-44|HOA Total :|C|Total|Detailed-Head|21111.96|21112.00|21112.00|21112.00|100.0
147|01|29|2049|Interest Payments|01|Interest on Internal Debt|101|Interest on Market Loans|3|Interest on Market Loans|45|2016-17 - 7.59% KGS 2027 (DOM: 29.03.2027)|||2049-01-101-3-45|2016-17 - 7.59% KGS 2027 (DOM: 29.03.2027)|C|Header|Detailed-Head|||||100.0
147|01|29|2049|Interest Payments|01|Interest on Internal Debt|101|Interest on Market Loans|3|Interest on Market Loans|45|2016-17 - 7.59% KGS 2027 (DOM: 29.03.2027)|240|Repayment of Borrowings|2049-01-101-3-45|Repayment of Borrowings|C|Data|Object-Head|16204.65||||100.0
147|01|29|2049|Interest Payments|01|Interest on Internal Debt|101|Interest on Market Loans|3|Interest on Market Loans|45|2016-17 - 7.59% KGS 2027 (DOM: 29.03.2027)|241|Interest Payments|2049-01-101-3-45|Interest Payments|C|Data|Object-Head||16205.00|16205.00|16205.00|100.0
147|01|29|2049|Interest Payments|01|Interest on Internal Debt|101|Interest on Market Loans|3|Interest on Market Loans|45|2016-17 - 7.59% KGS 2027 (DOM: 29.03.2027)|||2049-01-101-3-45|HOA Total :|C|Total|Detailed-Head|16204.65|16205.00|16205.00|16205.00|100.0
147|01|29|2049|Interest Payments|01|Interest on Internal Debt|101|Interest on Market Loans|3|Interest on Market Loans|46|2017-18 - 7.38% KGS 2027 (DOM: 27.09.2027)|||2049-01-101-3-46|2017-18 - 7.38% KGS 2027 (DOM: 27.09.2027)|C|Header|Detailed-Head|||||100.0
147|01|29|2049|Interest Payments|01|Interest on Internal Debt|101|Interest on Market Loans|3|Interest on Market Loans|46|2017-18 - 7.38% KGS 2027 (DOM: 27.09.2027)|240|Repayment of Borrowings|2049-01-101-3-46|Repayment of Borrowings|C|Data|Object-Head|18450.00||||100.0
148|01|29|2049|Interest Payments|01|Interest on Internal Debt|101|Interest on Market Loans|3|Interest on Market Loans|46|2017-18 - 7.38% KGS 2027 (DOM: 27.09.2027)|241|Interest Payments|2049-01-101-3-46|Interest Payments|C|Data|Object-Head||18450.00|18450.00|18450.00|100.0
148|01|29|2049|Interest Payments|01|Interest on Internal Debt|101|Interest on Market Loans|3|Interest on Market Loans|46|2017-18 - 7.38% KGS 2027 (DOM: 27.09.2027)|||2049-01-101-3-46|HOA Total :|C|Total|Detailed-Head|18450.00|18450.00|18450.00|18450.00|100.0
148|01|29|2049|Interest Payments|01|Interest on Internal Debt|101|Interest on Market Loans|3|Interest on Market Loans|47|2017-18 - 7.51% KGS 2027 (DOM: 11.10.2027)|||2049-01-101-3-47|2017-18 - 7.51% KGS 2027 (DOM: 11.10.2027)|C|Header|Detailed-Head|||||100.0
148|01|29|2049|Interest Payments|01|Interest on Internal Debt|101|Interest on Market Loans|3|Interest on Market Loans|47|2017-18 - 7.51% KGS 2027 (DOM: 11.10.2027)|240|Repayment of Borrowings|2049-01-101-3-47|Repayment of Borrowings|C|Data|Object-Head|7510.00||||100.0
148|01|29|2049|Interest Payments|01|Interest on Internal Debt|101|Interest on Market Loans|3|Interest on Market Loans|47|2017-18 - 7.51% KGS 2027 (DOM: 11.10.2027)|241|Interest Payments|2049-01-101-3-47|Interest Payments|C|Data|Object-Head||7510.00|7510.00|7510.00|100.0
148|01|29|2049|Interest Payments|01|Interest on Internal Debt|101|Interest on Market Loans|3|Interest on Market Loans|47|2017-18 - 7.51% KGS 2027 (DOM: 11.10.2027)|||2049-01-101-3-47|HOA Total :|C|Total|Detailed-Head|7510.00|7510.00|7510.00|7510.00|100.0
148|01|29|2049|Interest Payments|01|Interest on Internal Debt|101|Interest on Market Loans|3|Interest on Market Loans|48|2017-18 - 7.55% KGS 2027 (DOM: 25.10.2027)|||2049-01-101-3-48|2017-18 - 7.55% KGS 2027 (DOM: 25.10.2027)|C|Header|Detailed-Head|||||100.0
148|01|29|2049|Interest Payments|01|Interest on Internal Debt|101|Interest on Market Loans|3|Interest on Market Loans|48|2017-18 - 7.55% KGS 2027 (DOM: 25.10.2027)|240|Repayment of Borrowings|2049-01-101-3-48|Repayment of Borrowings|C|Data|Object-Head|7550.00||||100.0
148|01|29|2049|Interest Payments|01|Interest on Internal Debt|101|Interest on Market Loans|3|Interest on Market Loans|48|2017-18 - 7.55% KGS 2027 (DOM: 25.10.2027)|241|Interest Payments|2049-01-101-3-48|Interest Payments|C|Data|Object-Head||7550.00|7550.00|7550.00|100.0
148|01|29|2049|Interest Payments|01|Interest on Internal Debt|101|Interest on Market Loans|3|Interest on Market Loans|48|2017-18 - 7.55% KGS 2027 (DOM: 25.10.2027)|||2049-01-101-3-48|HOA Total :|C|Total|Detailed-Head|7550.00|7550.00|7550.00|7550.00|100.0
148|01|29|2049|Interest Payments|01|Interest on Internal Debt|101|Interest on Market Loans|3|Interest on Market Loans|49|2017-18 - 7.62% KGS 2027 (DOM: 01.11.2027)|||2049-01-101-3-49|2017-18 - 7.62% KGS 2027 (DOM: 01.11.2027)|C|Header|Detailed-Head|||||100.0
148|01|29|2049|Interest Payments|01|Interest on Internal Debt|101|Interest on Market Loans|3|Interest on Market Loans|49|2017-18 - 7.62% KGS 2027 (DOM: 01.11.2027)|240|Repayment of Borrowings|2049-01-101-3-49|Repayment of Borrowings|C|Data|Object-Head|11430.00||||100.0
148|01|29|2049|Interest Payments|01|Interest on Internal Debt|101|Interest on Market Loans|3|Interest on Market Loans|49|2017-18 - 7.62% KGS 2027 (DOM: 01.11.2027)|241|Interest Payments|2049-01-101-3-49|Interest Payments|C|Data|Object-Head||11430.00|11430.00|11430.00|100.0
148|01|29|2049|Interest Payments|01|Interest on Internal Debt|101|Interest on Market Loans|3|Interest on Market Loans|49|2017-18 - 7.62% KGS 2027 (DOM: 01.11.2027)|||2049-01-101-3-49|HOA Total :|C|Total|Detailed-Head|11430.00|11430.00|11430.00|11430.00|100.0
148|01|29|2049|Interest Payments|01|Interest on Internal Debt|101|Interest on Market Loans|3|Interest on Market Loans|50|2017-18 - 7.64% KGS 2027 (DOM: 08.11.2027)|||2049-01-101-3-50|2017-18 - 7.64% KGS 2027 (DOM: 08.11.2027)|C|Header|Detailed-Head|||||100.0
148|01|29|2049|Interest Payments|01|Interest on Internal Debt|101|Interest on Market Loans|3|Interest on Market Loans|50|2017-18 - 7.64% KGS 2027 (DOM: 08.11.2027)|240|Repayment of Borrowings|2049-01-101-3-50|Repayment of Borrowings|C|Data|Object-Head|7640.00||||100.0
148|01|29|2049|Interest Payments|01|Interest on Internal Debt|101|Interest on Market Loans|3|Interest on Market Loans|50|2017-18 - 7.64% KGS 2027 (DOM: 08.11.2027)|241|Interest Payments|2049-01-101-3-50|Interest Payments|C|Data|Object-Head||7640.00|7640.00|7640.00|100.0
148|01|29|2049|Interest Payments|01|Interest on Internal Debt|101|Interest on Market Loans|3|Interest on Market Loans|50|2017-18 - 7.64% KGS 2027 (DOM: 08.11.2027)|||2049-01-101-3-50|HOA Total :|C|Total|Detailed-Head|7640.00|7640.00|7640.00|7640.00|100.0
149|01|29|2049|Interest Payments|01|Interest on Internal Debt|101|Interest on Market Loans|3|Interest on Market Loans|51|2017-18 - 7.70% KGS 2027 (DOM: 15.11.2027)|||2049-01-101-3-51|2017-18 - 7.70% KGS 2027 (DOM: 15.11.2027)|C|Header|Detailed-Head|||||100.0
149|01|29|2049|Interest Payments|01|Interest on Internal Debt|101|Interest on Market Loans|3|Interest on Market Loans|51|2017-18 - 7.70% KGS 2027 (DOM: 15.11.2027)|240|Repayment of Borrowings|2049-01-101-3-51|Repayment of Borrowings|C|Data|Object-Head|7700.00||||100.0
149|01|29|2049|Interest Payments|01|Interest on Internal Debt|101|Interest on Market Loans|3|Interest on Market Loans|51|2017-18 - 7.70% KGS 2027 (DOM: 15.11.2027)|241|Interest Payments|2049-01-101-3-51|Interest Payments|C|Data|Object-Head||7700.00|7700.00|7700.00|100.0
149|01|29|2049|Interest Payments|01|Interest on Internal Debt|101|Interest on Market Loans|3|Interest on Market Loans|51|2017-18 - 7.70% KGS 2027 (DOM: 15.11.2027)|||2049-01-101-3-51|HOA Total :|C|Total|Detailed-Head|7700.00|7700.00|7700.00|7700.00|100.0
149|01|29|2049|Interest Payments|01|Interest on Internal Debt|101|Interest on Market Loans|3|Interest on Market Loans|52|2017-18 - 7.54% KGS 2027 (DOM: 22.11.2027)|||2049-01-101-3-52|2017-18 - 7.54% KGS 2027 (DOM: 22.11.2027)|C|Header|Detailed-Head|||||100.0
149|01|29|2049|Interest Payments|01|Interest on Internal Debt|101|Interest on Market Loans|3|Interest on Market Loans|52|2017-18 - 7.54% KGS 2027 (DOM: 22.11.2027)|240|Repayment of Borrowings|2049-01-101-3-52|Repayment of Borrowings|C|Data|Object-Head|11310.00||||100.0
149|01|29|2049|Interest Payments|01|Interest on Internal Debt|101|Interest on Market Loans|3|Interest on Market Loans|52|2017-18 - 7.54% KGS 2027 (DOM: 22.11.2027)|241|Interest Payments|2049-01-101-3-52|Interest Payments|C|Data|Object-Head||11310.00|11310.00|11310.00|100.0
149|01|29|2049|Interest Payments|01|Interest on Internal Debt|101|Interest on Market Loans|3|Interest on Market Loans|52|2017-18 - 7.54% KGS 2027 (DOM: 22.11.2027)|||2049-01-101-3-52|HOA Total :|C|Total|Detailed-Head|11310.00|11310.00|11310.00|11310.00|100.0
149|01|29|2049|Interest Payments|01|Interest on Internal Debt|101|Interest on Market Loans|3|Interest on Market Loans|53|2017-18 - 7.65% KGS 2027 (DOM: 29.11.2027)|||2049-01-101-3-53|2017-18 - 7.65% KGS 2027 (DOM: 29.11.2027)|C|Header|Detailed-Head|||||100.0
149|01|29|2049|Interest Payments|01|Interest on Internal Debt|101|Interest on Market Loans|3|Interest on Market Loans|53|2017-18 - 7.65% KGS 2027 (DOM: 29.11.2027)|240|Repayment of Borrowings|2049-01-101-3-53|Repayment of Borrowings|C|Data|Object-Head|15300.00||||100.0
149|01|29|2049|Interest Payments|01|Interest on Internal Debt|101|Interest on Market Loans|3|Interest on Market Loans|53|2017-18 - 7.65% KGS 2027 (DOM: 29.11.2027)|241|Interest Payments|2049-01-101-3-53|Interest Payments|C|Data|Object-Head||15300.00|15300.00|15300.00|100.0
149|01|29|2049|Interest Payments|01|Interest on Internal Debt|101|Interest on Market Loans|3|Interest on Market Loans|53|2017-18 - 7.65% KGS 2027 (DOM: 29.11.2027)|||2049-01-101-3-53|HOA Total :|C|Total|Detailed-Head|15300.00|15300.00|15300.00|15300.00|100.0
149|01|29|2049|Interest Payments|01|Interest on Internal Debt|101|Interest on Market Loans|3|Interest on Market Loans|54|2017-18 - 7.65% KGS 2027 (DOM: 06.12.2027)|||2049-01-101-3-54|2017-18 - 7.65% KGS 2027 (DOM: 06.12.2027)|C|Header|Detailed-Head|||||100.0
149|01|29|2049|Interest Payments|01|Interest on Internal Debt|101|Interest on Market Loans|3|Interest on Market Loans|54|2017-18 - 7.65% KGS 2027 (DOM: 06.12.2027)|240|Repayment of Borrowings|2049-01-101-3-54|Repayment of Borrowings|C|Data|Object-Head|11475.00||||100.0
149|01|29|2049|Interest Payments|01|Interest on Internal Debt|101|Interest on Market Loans|3|Interest on Market Loans|54|2017-18 - 7.65% KGS 2027 (DOM: 06.12.2027)|241|Interest Payments|2049-01-101-3-54|Interest Payments|C|Data|Object-Head||11475.00|11475.00|11475.00|100.0
149|01|29|2049|Interest Payments|01|Interest on Internal Debt|101|Interest on Market Loans|3|Interest on Market Loans|54|2017-18 - 7.65% KGS 2027 (DOM: 06.12.2027)|||2049-01-101-3-54|HOA Total :|C|Total|Detailed-Head|11475.00|11475.00|11475.00|11475.00|100.0
149|01|29|2049|Interest Payments|01|Interest on Internal Debt|101|Interest on Market Loans|3|Interest on Market Loans|55|2017-18 - 7.76% KGS 2027 (DOM: 13.12.2027)|||2049-01-101-3-55|2017-18 - 7.76% KGS 2027 (DOM: 13.12.2027)|C|Header|Detailed-Head|||||100.0
149|01|29|2049|Interest Payments|01|Interest on Internal Debt|101|Interest on Market Loans|3|Interest on Market Loans|55|2017-18 - 7.76% KGS 2027 (DOM: 13.12.2027)|240|Repayment of Borrowings|2049-01-101-3-55|Repayment of Borrowings|C|Data|Object-Head|11640.00||||100.0
150|01|29|2049|Interest Payments|01|Interest on Internal Debt|101|Interest on Market Loans|3|Interest on Market Loans|55|2017-18 - 7.76% KGS 2027 (DOM: 13.12.2027)|241|Interest Payments|2049-01-101-3-55|Interest Payments|C|Data|Object-Head||11640.00|11640.00|11640.00|100.0
150|01|29|2049|Interest Payments|01|Interest on Internal Debt|101|Interest on Market Loans|3|Interest on Market Loans|55|2017-18 - 7.76% KGS 2027 (DOM: 13.12.2027)|||2049-01-101-3-55|HOA Total :|C|Total|Detailed-Head|11640.00|11640.00|11640.00|11640.00|100.0
150|01|29|2049|Interest Payments|01|Interest on Internal Debt|101|Interest on Market Loans|3|Interest on Market Loans|57|2017-18 - 7.69% KGS 2027 (DOM: 20.12.2027)|||2049-01-101-3-57|2017-18 - 7.69% KGS 2027 (DOM: 20.12.2027)|C|Header|Detailed-Head|||||100.0
150|01|29|2049|Interest Payments|01|Interest on Internal Debt|101|Interest on Market Loans|3|Interest on Market Loans|57|2017-18 - 7.69% KGS 2027 (DOM: 20.12.2027)|240|Repayment of Borrowings|2049-01-101-3-57|Repayment of Borrowings|C|Data|Object-Head|15380.00||||100.0
150|01|29|2049|Interest Payments|01|Interest on Internal Debt|101|Interest on Market Loans|3|Interest on Market Loans|57|2017-18 - 7.69% KGS 2027 (DOM: 20.12.2027)|241|Interest Payments|2049-01-101-3-57|Interest Payments|C|Data|Object-Head||15380.00|15380.00|15380.00|100.0
150|01|29|2049|Interest Payments|01|Interest on Internal Debt|101|Interest on Market Loans|3|Interest on Market Loans|57|2017-18 - 7.69% KGS 2027 (DOM: 20.12.2027)|||2049-01-101-3-57|HOA Total :|C|Total|Detailed-Head|15380.00|15380.00|15380.00|15380.00|100.0
150|01|29|2049|Interest Payments|01|Interest on Internal Debt|101|Interest on Market Loans|3|Interest on Market Loans|58|2017-18 - 7.82% KGS 2027 (DOM: 27.12.2027)|||2049-01-101-3-58|2017-18 - 7.82% KGS 2027 (DOM: 27.12.2027)|C|Header|Detailed-Head|||||100.0
150|01|29|2049|Interest Payments|01|Interest on Internal Debt|101|Interest on Market Loans|3|Interest on Market Loans|58|2017-18 - 7.82% KGS 2027 (DOM: 27.12.2027)|240|Repayment of Borrowings|2049-01-101-3-58|Repayment of Borrowings|C|Data|Object-Head|12496.36||||100.0
150|01|29|2049|Interest Payments|01|Interest on Internal Debt|101|Interest on Market Loans|3|Interest on Market Loans|58|2017-18 - 7.82% KGS 2027 (DOM: 27.12.2027)|241|Interest Payments|2049-01-101-3-58|Interest Payments|C|Data|Object-Head||12496.50|12496.50|12496.50|100.0
150|01|29|2049|Interest Payments|01|Interest on Internal Debt|101|Interest on Market Loans|3|Interest on Market Loans|58|2017-18 - 7.82% KGS 2027 (DOM: 27.12.2027)|||2049-01-101-3-58|HOA Total :|C|Total|Detailed-Head|12496.36|12496.50|12496.50|12496.50|100.0
150|01|29|2049|Interest Payments|01|Interest on Internal Debt|101|Interest on Market Loans|3|Interest on Market Loans|59|2017-18 - 7.79% KGS 2028 (DOM: 03.01.2028)|||2049-01-101-3-59|2017-18 - 7.79% KGS 2028 (DOM: 03.01.2028)|C|Header|Detailed-Head|||||100.0
150|01|29|2049|Interest Payments|01|Interest on Internal Debt|101|Interest on Market Loans|3|Interest on Market Loans|59|2017-18 - 7.79% KGS 2028 (DOM: 03.01.2028)|240|Repayment of Borrowings|2049-01-101-3-59|Repayment of Borrowings|C|Data|Object-Head|15580.00||||100.0
150|01|29|2049|Interest Payments|01|Interest on Internal Debt|101|Interest on Market Loans|3|Interest on Market Loans|59|2017-18 - 7.79% KGS 2028 (DOM: 03.01.2028)|241|Interest Payments|2049-01-101-3-59|Interest Payments|C|Data|Object-Head||15580.00|15580.00|15580.00|100.0
150|01|29|2049|Interest Payments|01|Interest on Internal Debt|101|Interest on Market Loans|3|Interest on Market Loans|59|2017-18 - 7.79% KGS 2028 (DOM: 03.01.2028)|||2049-01-101-3-59|HOA Total :|C|Total|Detailed-Head|15580.00|15580.00|15580.00|15580.00|100.0
150|01|29|2049|Interest Payments|01|Interest on Internal Debt|101|Interest on Market Loans|3|Interest on Market Loans|60|2017-18 - 8.00% KGS 2028 (DOM: 17.01.2028)|||2049-01-101-3-60|2017-18 - 8.00% KGS 2028 (DOM: 17.01.2028)|C|Header|Detailed-Head|||||100.0
150|01|29|2049|Interest Payments|01|Interest on Internal Debt|101|Interest on Market Loans|3|Interest on Market Loans|60|2017-18 - 8.00% KGS 2028 (DOM: 17.01.2028)|240|Repayment of Borrowings|2049-01-101-3-60|Repayment of Borrowings|C|Data|Object-Head|8000.80||||100.0
150|01|29|2049|Interest Payments|01|Interest on Internal Debt|101|Interest on Market Loans|3|Interest on Market Loans|60|2017-18 - 8.00% KGS 2028 (DOM: 17.01.2028)|241|Interest Payments|2049-01-101-3-60|Interest Payments|C|Data|Object-Head||8000.00|8000.00|8000.00|100.0
150|01|29|2049|Interest Payments|01|Interest on Internal Debt|101|Interest on Market Loans|3|Interest on Market Loans|60|2017-18 - 8.00% KGS 2028 (DOM: 17.01.2028)|||2049-01-101-3-60|HOA Total :|C|Total|Detailed-Head|8000.80|8000.00|8000.00|8000.00|100.0
151|01|29|2049|Interest Payments|01|Interest on Internal Debt|101|Interest on Market Loans|3|Interest on Market Loans|61|2017-18 - 8.03% KGS 2028 (DOM: 31.01.2028)|||2049-01-101-3-61|2017-18 - 8.03% KGS 2028 (DOM: 31.01.2028)|C|Header|Detailed-Head|||||100.0
151|01|29|2049|Interest Payments|01|Interest on Internal Debt|101|Interest on Market Loans|3|Interest on Market Loans|61|2017-18 - 8.03% KGS 2028 (DOM: 31.01.2028)|240|Repayment of Borrowings|2049-01-101-3-61|Repayment of Borrowings|C|Data|Object-Head|16060.00||||100.0
151|01|29|2049|Interest Payments|01|Interest on Internal Debt|101|Interest on Market Loans|3|Interest on Market Loans|61|2017-18 - 8.03% KGS 2028 (DOM: 31.01.2028)|241|Interest Payments|2049-01-101-3-61|Interest Payments|C|Data|Object-Head||16060.00|16060.00|16060.00|100.0
151|01|29|2049|Interest Payments|01|Interest on Internal Debt|101|Interest on Market Loans|3|Interest on Market Loans|61|2017-18 - 8.03% KGS 2028 (DOM: 31.01.2028)|||2049-01-101-3-61|HOA Total :|C|Total|Detailed-Head|16060.00|16060.00|16060.00|16060.00|100.0
151|01|29|2049|Interest Payments|01|Interest on Internal Debt|101|Interest on Market Loans|3|Interest on Market Loans|65|2018-19 - 8.73% KSDL 2033 (DOM: 24.10.2033)|||2049-01-101-3-65|2018-19 - 8.73% KSDL 2033 (DOM: 24.10.2033)|C|Header|Detailed-Head|||||100.0
151|01|29|2049|Interest Payments|01|Interest on Internal Debt|101|Interest on Market Loans|3|Interest on Market Loans|65|2018-19 - 8.73% KSDL 2033 (DOM: 24.10.2033)|240|Repayment of Borrowings|2049-01-101-3-65|Repayment of Borrowings|C|Data|Object-Head|17460.00||||100.0
151|01|29|2049|Interest Payments|01|Interest on Internal Debt|101|Interest on Market Loans|3|Interest on Market Loans|65|2018-19 - 8.73% KSDL 2033 (DOM: 24.10.2033)|241|Interest Payments|2049-01-101-3-65|Interest Payments|C|Data|Object-Head||17460.00|17460.00|17460.00|100.0
151|01|29|2049|Interest Payments|01|Interest on Internal Debt|101|Interest on Market Loans|3|Interest on Market Loans|65|2018-19 - 8.73% KSDL 2033 (DOM: 24.10.2033)|||2049-01-101-3-65|HOA Total :|C|Total|Detailed-Head|17460.00|17460.00|17460.00|17460.00|100.0
151|01|29|2049|Interest Payments|01|Interest on Internal Debt|101|Interest on Market Loans|3|Interest on Market Loans|67|2018-19 - 8.59% KSDL 2025 (DOM: 06.11.2025)|||2049-01-101-3-67|2018-19 - 8.59% KSDL 2025 (DOM: 06.11.2025)|C|Header|Detailed-Head|||||100.0
151|01|29|2049|Interest Payments|01|Interest on Internal Debt|101|Interest on Market Loans|3|Interest on Market Loans|67|2018-19 - 8.59% KSDL 2025 (DOM: 06.11.2025)|240|Repayment of Borrowings|2049-01-101-3-67|Repayment of Borrowings|C|Data|Object-Head|17180.00||||100.0
151|01|29|2049|Interest Payments|01|Interest on Internal Debt|101|Interest on Market Loans|3|Interest on Market Loans|67|2018-19 - 8.59% KSDL 2025 (DOM: 06.11.2025)|241|Interest Payments|2049-01-101-3-67|Interest Payments|C|Data|Object-Head||17180.00|17180.00||100.0
151|01|29|2049|Interest Payments|01|Interest on Internal Debt|101|Interest on Market Loans|3|Interest on Market Loans|67|2018-19 - 8.59% KSDL 2025 (DOM: 06.11.2025)|||2049-01-101-3-67|HOA Total :|C|Total|Detailed-Head|17180.00|17180.00|17180.00|0.00|100.0
151|01|29|2049|Interest Payments|01|Interest on Internal Debt|101|Interest on Market Loans|3|Interest on Market Loans|70|2018-19 - 8.52% KSDL 2028 (DOM: 28.11.2028)|||2049-01-101-3-70|2018-19 - 8.52% KSDL 2028 (DOM: 28.11.2028)|C|Header|Detailed-Head|||||100.0
151|01|29|2049|Interest Payments|01|Interest on Internal Debt|101|Interest on Market Loans|3|Interest on Market Loans|70|2018-19 - 8.52% KSDL 2028 (DOM: 28.11.2028)|240|Repayment of Borrowings|2049-01-101-3-70|Repayment of Borrowings|C|Data|Object-Head|17040.00||||100.0
151|01|29|2049|Interest Payments|01|Interest on Internal Debt|101|Interest on Market Loans|3|Interest on Market Loans|70|2018-19 - 8.52% KSDL 2028 (DOM: 28.11.2028)|241|Interest Payments|2049-01-101-3-70|Interest Payments|C|Data|Object-Head||17040.00|17040.00|17040.00|100.0
151|01|29|2049|Interest Payments|01|Interest on Internal Debt|101|Interest on Market Loans|3|Interest on Market Loans|70|2018-19 - 8.52% KSDL 2028 (DOM: 28.11.2028)|||2049-01-101-3-70|HOA Total :|C|Total|Detailed-Head|17040.00|17040.00|17040.00|17040.00|100.0
151|01|29|2049|Interest Payments|01|Interest on Internal Debt|101|Interest on Market Loans|3|Interest on Market Loans|73|2018-19 - 8.08% KSDL 2028 (DOM: 26-12-2028)|||2049-01-101-3-73|2018-19 - 8.08% KSDL 2028 (DOM: 26-12-2028)|C|Header|Detailed-Head|||||100.0
151|01|29|2049|Interest Payments|01|Interest on Internal Debt|101|Interest on Market Loans|3|Interest on Market Loans|73|2018-19 - 8.08% KSDL 2028 (DOM: 26-12-2028)|240|Repayment of Borrowings|2049-01-101-3-73|Repayment of Borrowings|C|Data|Object-Head|24240.00||||100.0
152|01|29|2049|Interest Payments|01|Interest on Internal Debt|101|Interest on Market Loans|3|Interest on Market Loans|73|2018-19 - 8.08% KSDL 2028 (DOM: 26-12-2028)|241|Interest Payments|2049-01-101-3-73|Interest Payments|C|Data|Object-Head||24240.00|24240.00|24240.00|100.0
152|01|29|2049|Interest Payments|01|Interest on Internal Debt|101|Interest on Market Loans|3|Interest on Market Loans|73|2018-19 - 8.08% KSDL 2028 (DOM: 26-12-2028)|||2049-01-101-3-73|HOA Total :|C|Total|Detailed-Head|24240.00|24240.00|24240.00|24240.00|100.0
152|01|29|2049|Interest Payments|01|Interest on Internal Debt|101|Interest on Market Loans|3|Interest on Market Loans|74|2018-19 - 8.28% KSDL 2029 (DOM: 09-01-2029)|||2049-01-101-3-74|2018-19 - 8.28% KSDL 2029 (DOM: 09-01-2029)|C|Header|Detailed-Head|||||100.0
152|01|29|2049|Interest Payments|01|Interest on Internal Debt|101|Interest on Market Loans|3|Interest on Market Loans|74|2018-19 - 8.28% KSDL 2029 (DOM: 09-01-2029)|240|Repayment of Borrowings|2049-01-101-3-74|Repayment of Borrowings|C|Data|Object-Head|16560.00||||100.0
152|01|29|2049|Interest Payments|01|Interest on Internal Debt|101|Interest on Market Loans|3|Interest on Market Loans|74|2018-19 - 8.28% KSDL 2029 (DOM: 09-01-2029)|241|Interest Payments|2049-01-101-3-74|Interest Payments|C|Data|Object-Head||16560.00|16560.00|16560.00|100.0
152|01|29|2049|Interest Payments|01|Interest on Internal Debt|101|Interest on Market Loans|3|Interest on Market Loans|74|2018-19 - 8.28% KSDL 2029 (DOM: 09-01-2029)|||2049-01-101-3-74|HOA Total :|C|Total|Detailed-Head|16560.00|16560.00|16560.00|16560.00|100.0
152|01|29|2049|Interest Payments|01|Interest on Internal Debt|101|Interest on Market Loans|3|Interest on Market Loans|75|2018-19 - 8.17% KSDL 2029 (DOM: 16-01-2029)|||2049-01-101-3-75|2018-19 - 8.17% KSDL 2029 (DOM: 16-01-2029)|C|Header|Detailed-Head|||||100.0
152|01|29|2049|Interest Payments|01|Interest on Internal Debt|101|Interest on Market Loans|3|Interest on Market Loans|75|2018-19 - 8.17% KSDL 2029 (DOM: 16-01-2029)|240|Repayment of Borrowings|2049-01-101-3-75|Repayment of Borrowings|C|Data|Object-Head|8170.00||||100.0
152|01|29|2049|Interest Payments|01|Interest on Internal Debt|101|Interest on Market Loans|3|Interest on Market Loans|75|2018-19 - 8.17% KSDL 2029 (DOM: 16-01-2029)|241|Interest Payments|2049-01-101-3-75|Interest Payments|C|Data|Object-Head||8170.00|8170.00|8170.00|100.0
152|01|29|2049|Interest Payments|01|Interest on Internal Debt|101|Interest on Market Loans|3|Interest on Market Loans|75|2018-19 - 8.17% KSDL 2029 (DOM: 16-01-2029)|||2049-01-101-3-75|HOA Total :|C|Total|Detailed-Head|8170.00|8170.00|8170.00|8170.00|100.0
152|01|29|2049|Interest Payments|01|Interest on Internal Debt|101|Interest on Market Loans|3|Interest on Market Loans|76|2018-19 - 8.19% KSDL 2029 (DOM: 23-01-2029)|||2049-01-101-3-76|2018-19 - 8.19% KSDL 2029 (DOM: 23-01-2029)|C|Header|Detailed-Head|||||100.0
152|01|29|2049|Interest Payments|01|Interest on Internal Debt|101|Interest on Market Loans|3|Interest on Market Loans|76|2018-19 - 8.19% KSDL 2029 (DOM: 23-01-2029)|240|Repayment of Borrowings|2049-01-101-3-76|Repayment of Borrowings|C|Data|Object-Head|16380.00||||100.0
152|01|29|2049|Interest Payments|01|Interest on Internal Debt|101|Interest on Market Loans|3|Interest on Market Loans|76|2018-19 - 8.19% KSDL 2029 (DOM: 23-01-2029)|241|Interest Payments|2049-01-101-3-76|Interest Payments|C|Data|Object-Head||16380.00|16380.00|16380.00|100.0
152|01|29|2049|Interest Payments|01|Interest on Internal Debt|101|Interest on Market Loans|3|Interest on Market Loans|76|2018-19 - 8.19% KSDL 2029 (DOM: 23-01-2029)|||2049-01-101-3-76|HOA Total :|C|Total|Detailed-Head|16380.00|16380.00|16380.00|16380.00|100.0
152|01|29|2049|Interest Payments|01|Interest on Internal Debt|101|Interest on Market Loans|3|Interest on Market Loans|77|2018-19 - 8.22% KSDL 2031 (DOM: 30-01-2031)|||2049-01-101-3-77|2018-19 - 8.22% KSDL 2031 (DOM: 30-01-2031)|C|Header|Detailed-Head|||||100.0
152|01|29|2049|Interest Payments|01|Interest on Internal Debt|101|Interest on Market Loans|3|Interest on Market Loans|77|2018-19 - 8.22% KSDL 2031 (DOM: 30-01-2031)|240|Repayment of Borrowings|2049-01-101-3-77|Repayment of Borrowings|C|Data|Object-Head|16440.00||||100.0
152|01|29|2049|Interest Payments|01|Interest on Internal Debt|101|Interest on Market Loans|3|Interest on Market Loans|77|2018-19 - 8.22% KSDL 2031 (DOM: 30-01-2031)|241|Interest Payments|2049-01-101-3-77|Interest Payments|C|Data|Object-Head||16440.00|16440.00|16440.00|100.0
152|01|29|2049|Interest Payments|01|Interest on Internal Debt|101|Interest on Market Loans|3|Interest on Market Loans|77|2018-19 - 8.22% KSDL 2031 (DOM: 30-01-2031)|||2049-01-101-3-77|HOA Total :|C|Total|Detailed-Head|16440.00|16440.00|16440.00|16440.00|100.0
153|01|29|2049|Interest Payments|01|Interest on Internal Debt|101|Interest on Market Loans|3|Interest on Market Loans|78|2018-19 - 8.32% KSDL 2029 (DOM: 06-02-2029)|||2049-01-101-3-78|2018-19 - 8.32% KSDL 2029 (DOM: 06-02-2029)|C|Header|Detailed-Head|||||100.0
153|01|29|2049|Interest Payments|01|Interest on Internal Debt|101|Interest on Market Loans|3|Interest on Market Loans|78|2018-19 - 8.32% KSDL 2029 (DOM: 06-02-2029)|240|Repayment of Borrowings|2049-01-101-3-78|Repayment of Borrowings|C|Data|Object-Head|16640.00||||100.0
153|01|29|2049|Interest Payments|01|Interest on Internal Debt|101|Interest on Market Loans|3|Interest on Market Loans|78|2018-19 - 8.32% KSDL 2029 (DOM: 06-02-2029)|241|Interest Payments|2049-01-101-3-78|Interest Payments|C|Data|Object-Head||16640.00|16640.00|16640.00|100.0
153|01|29|2049|Interest Payments|01|Interest on Internal Debt|101|Interest on Market Loans|3|Interest on Market Loans|78|2018-19 - 8.32% KSDL 2029 (DOM: 06-02-2029)|||2049-01-101-3-78|HOA Total :|C|Total|Detailed-Head|16640.00|16640.00|16640.00|16640.00|100.0
153|01|29|2049|Interest Payments|01|Interest on Internal Debt|101|Interest on Market Loans|3|Interest on Market Loans|79|2018-19 - 8.30% KSDL 2029 (DOM: 20-02-2029)|||2049-01-101-3-79|2018-19 - 8.30% KSDL 2029 (DOM: 20-02-2029)|C|Header|Detailed-Head|||||100.0
153|01|29|2049|Interest Payments|01|Interest on Internal Debt|101|Interest on Market Loans|3|Interest on Market Loans|79|2018-19 - 8.30% KSDL 2029 (DOM: 20-02-2029)|240|Repayment of Borrowings|2049-01-101-3-79|Repayment of Borrowings|C|Data|Object-Head|12450.00||||100.0
153|01|29|2049|Interest Payments|01|Interest on Internal Debt|101|Interest on Market Loans|3|Interest on Market Loans|79|2018-19 - 8.30% KSDL 2029 (DOM: 20-02-2029)|241|Interest Payments|2049-01-101-3-79|Interest Payments|C|Data|Object-Head||12450.00|12450.00|12450.00|100.0
153|01|29|2049|Interest Payments|01|Interest on Internal Debt|101|Interest on Market Loans|3|Interest on Market Loans|79|2018-19 - 8.30% KSDL 2029 (DOM: 20-02-2029)|||2049-01-101-3-79|HOA Total :|C|Total|Detailed-Head|12450.00|12450.00|12450.00|12450.00|100.0
153|01|29|2049|Interest Payments|01|Interest on Internal Debt|101|Interest on Market Loans|3|Interest on Market Loans|80|2018-19 - 8.34% KSDL 2029 (DOM: 27-02-2029)|||2049-01-101-3-80|2018-19 - 8.34% KSDL 2029 (DOM: 27-02-2029)|C|Header|Detailed-Head|||||100.0
153|01|29|2049|Interest Payments|01|Interest on Internal Debt|101|Interest on Market Loans|3|Interest on Market Loans|80|2018-19 - 8.34% KSDL 2029 (DOM: 27-02-2029)|240|Repayment of Borrowings|2049-01-101-3-80|Repayment of Borrowings|C|Data|Object-Head|8340.00||||100.0
153|01|29|2049|Interest Payments|01|Interest on Internal Debt|101|Interest on Market Loans|3|Interest on Market Loans|80|2018-19 - 8.34% KSDL 2029 (DOM: 27-02-2029)|241|Interest Payments|2049-01-101-3-80|Interest Payments|C|Data|Object-Head||8340.00|8340.00|8340.00|100.0
153|01|29|2049|Interest Payments|01|Interest on Internal Debt|101|Interest on Market Loans|3|Interest on Market Loans|80|2018-19 - 8.34% KSDL 2029 (DOM: 27-02-2029)|||2049-01-101-3-80|HOA Total :|C|Total|Detailed-Head|8340.00|8340.00|8340.00|8340.00|100.0
153|01|29|2049|Interest Payments|01|Interest on Internal Debt|101|Interest on Market Loans|3|Interest on Market Loans|81|2018-19 -8.28% KSDL 2026 (DOM: 06-03-2026)|||2049-01-101-3-81|2018-19 -8.28% KSDL 2026 (DOM: 06-03-2026)|C|Header|Detailed-Head|||||100.0
153|01|29|2049|Interest Payments|01|Interest on Internal Debt|101|Interest on Market Loans|3|Interest on Market Loans|81|2018-19 -8.28% KSDL 2026 (DOM: 06-03-2026)|240|Repayment of Borrowings|2049-01-101-3-81|Repayment of Borrowings|C|Data|Object-Head|16560.00||||100.0
153|01|29|2049|Interest Payments|01|Interest on Internal Debt|101|Interest on Market Loans|3|Interest on Market Loans|81|2018-19 -8.28% KSDL 2026 (DOM: 06-03-2026)|241|Interest Payments|2049-01-101-3-81|Interest Payments|C|Data|Object-Head||16560.00|16560.00||100.0
153|01|29|2049|Interest Payments|01|Interest on Internal Debt|101|Interest on Market Loans|3|Interest on Market Loans|81|2018-19 -8.28% KSDL 2026 (DOM: 06-03-2026)|||2049-01-101-3-81|HOA Total :|C|Total|Detailed-Head|16560.00|16560.00|16560.00|0.00|100.0
153|01|29|2049|Interest Payments|01|Interest on Internal Debt|101|Interest on Market Loans|3|Interest on Market Loans|82|2018-19 - 8.32% KSDL 2029 (DOM: 13-03-2029)|||2049-01-101-3-82|2018-19 - 8.32% KSDL 2029 (DOM: 13-03-2029)|C|Header|Detailed-Head|||||100.0
153|01|29|2049|Interest Payments|01|Interest on Internal Debt|101|Interest on Market Loans|3|Interest on Market Loans|82|2018-19 - 8.32% KSDL 2029 (DOM: 13-03-2029)|240|Repayment of Borrowings|2049-01-101-3-82|Repayment of Borrowings|C|Data|Object-Head|16637.09||||100.0
154|01|29|2049|Interest Payments|01|Interest on Internal Debt|101|Interest on Market Loans|3|Interest on Market Loans|82|2018-19 - 8.32% KSDL 2029 (DOM: 13-03-2029)|241|Interest Payments|2049-01-101-3-82|Interest Payments|C|Data|Object-Head||16640.00|16640.00|16640.00|100.0
154|01|29|2049|Interest Payments|01|Interest on Internal Debt|101|Interest on Market Loans|3|Interest on Market Loans|82|2018-19 - 8.32% KSDL 2029 (DOM: 13-03-2029)|||2049-01-101-3-82|HOA Total :|C|Total|Detailed-Head|16637.09|16640.00|16640.00|16640.00|100.0
154|01|29|2049|Interest Payments|01|Interest on Internal Debt|101|Interest on Market Loans|3|Interest on Market Loans|83|2018-19 - 8.16% KSDL 2029 (DOM: 20-03-2029)|||2049-01-101-3-83|2018-19 - 8.16% KSDL 2029 (DOM: 20-03-2029)|C|Header|Detailed-Head|||||100.0
154|01|29|2049|Interest Payments|01|Interest on Internal Debt|101|Interest on Market Loans|3|Interest on Market Loans|83|2018-19 - 8.16% KSDL 2029 (DOM: 20-03-2029)|240|Repayment of Borrowings|2049-01-101-3-83|Repayment of Borrowings|C|Data|Object-Head|12240.00||||100.0
154|01|29|2049|Interest Payments|01|Interest on Internal Debt|101|Interest on Market Loans|3|Interest on Market Loans|83|2018-19 - 8.16% KSDL 2029 (DOM: 20-03-2029)|241|Interest Payments|2049-01-101-3-83|Interest Payments|C|Data|Object-Head||12240.00|12240.00|12240.00|100.0
154|01|29|2049|Interest Payments|01|Interest on Internal Debt|101|Interest on Market Loans|3|Interest on Market Loans|83|2018-19 - 8.16% KSDL 2029 (DOM: 20-03-2029)|||2049-01-101-3-83|HOA Total :|C|Total|Detailed-Head|12240.00|12240.00|12240.00|12240.00|100.0
154|01|29|2049|Interest Payments|01|Interest on Internal Debt|101|Interest on Market Loans|3|Interest on Market Loans|84|2018-19 - 8.06% KSDL 2029 (DOM: 27-03-2029)|||2049-01-101-3-84|2018-19 - 8.06% KSDL 2029 (DOM: 27-03-2029)|C|Header|Detailed-Head|||||100.0
154|01|29|2049|Interest Payments|01|Interest on Internal Debt|101|Interest on Market Loans|3|Interest on Market Loans|84|2018-19 - 8.06% KSDL 2029 (DOM: 27-03-2029)|240|Repayment of Borrowings|2049-01-101-3-84|Repayment of Borrowings|C|Data|Object-Head|12092.42||||100.0
154|01|29|2049|Interest Payments|01|Interest on Internal Debt|101|Interest on Market Loans|3|Interest on Market Loans|84|2018-19 - 8.06% KSDL 2029 (DOM: 27-03-2029)|241|Interest Payments|2049-01-101-3-84|Interest Payments|C|Data|Object-Head||12090.00|12090.00|12090.00|100.0
154|01|29|2049|Interest Payments|01|Interest on Internal Debt|101|Interest on Market Loans|3|Interest on Market Loans|84|2018-19 - 8.06% KSDL 2029 (DOM: 27-03-2029)|||2049-01-101-3-84|HOA Total :|C|Total|Detailed-Head|12092.42|12090.00|12090.00|12090.00|100.0
154|01|29|2049|Interest Payments|01|Interest on Internal Debt|101|Interest on Market Loans|3|Interest on Market Loans|86|2019-20 - 6.90% KSDL 2029 (DOM: 17-07-2029)|||2049-01-101-3-86|2019-20 - 6.90% KSDL 2029 (DOM: 17-07-2029)|C|Header|Detailed-Head|||||100.0
154|01|29|2049|Interest Payments|01|Interest on Internal Debt|101|Interest on Market Loans|3|Interest on Market Loans|86|2019-20 - 6.90% KSDL 2029 (DOM: 17-07-2029)|240|Repayment of Borrowings|2049-01-101-3-86|Repayment of Borrowings|C|Data|Object-Head|17250.00||||100.0
154|01|29|2049|Interest Payments|01|Interest on Internal Debt|101|Interest on Market Loans|3|Interest on Market Loans|86|2019-20 - 6.90% KSDL 2029 (DOM: 17-07-2029)|241|Interest Payments|2049-01-101-3-86|Interest Payments|C|Data|Object-Head||27600.00|27600.00|27600.00|100.0
154|01|29|2049|Interest Payments|01|Interest on Internal Debt|101|Interest on Market Loans|3|Interest on Market Loans|86|2019-20 - 6.90% KSDL 2029 (DOM: 17-07-2029)|||2049-01-101-3-86|HOA Total :|C|Total|Detailed-Head|17250.00|27600.00|27600.00|27600.00|100.0
154|01|29|2049|Interest Payments|01|Interest on Internal Debt|101|Interest on Market Loans|3|Interest on Market Loans|87|2019-20 - 7.04% KSDL 2027 (DOM: 7-08-2027)|||2049-01-101-3-87|2019-20 - 7.04% KSDL 2027 (DOM: 7-08-2027)|C|Header|Detailed-Head|||||100.0
154|01|29|2049|Interest Payments|01|Interest on Internal Debt|101|Interest on Market Loans|3|Interest on Market Loans|87|2019-20 - 7.04% KSDL 2027 (DOM: 7-08-2027)|240|Repayment of Borrowings|2049-01-101-3-87|Repayment of Borrowings|C|Data|Object-Head|7040.00||||100.0
154|01|29|2049|Interest Payments|01|Interest on Internal Debt|101|Interest on Market Loans|3|Interest on Market Loans|87|2019-20 - 7.04% KSDL 2027 (DOM: 7-08-2027)|241|Interest Payments|2049-01-101-3-87|Interest Payments|C|Data|Object-Head||7040.00|7040.00|7040.00|100.0
154|01|29|2049|Interest Payments|01|Interest on Internal Debt|101|Interest on Market Loans|3|Interest on Market Loans|87|2019-20 - 7.04% KSDL 2027 (DOM: 7-08-2027)|||2049-01-101-3-87|HOA Total :|C|Total|Detailed-Head|7040.00|7040.00|7040.00|7040.00|100.0
155|01|29|2049|Interest Payments|01|Interest on Internal Debt|101|Interest on Market Loans|3|Interest on Market Loans|88|2019-20 - 7.07% KSDL 2029 (DOM: 28-08-2029)|||2049-01-101-3-88|2019-20 - 7.07% KSDL 2029 (DOM: 28-08-2029)|C|Header|Detailed-Head|||||100.0
155|01|29|2049|Interest Payments|01|Interest on Internal Debt|101|Interest on Market Loans|3|Interest on Market Loans|88|2019-20 - 7.07% KSDL 2029 (DOM: 28-08-2029)|240|Repayment of Borrowings|2049-01-101-3-88|Repayment of Borrowings|C|Data|Object-Head|7070.00||||100.0
155|01|29|2049|Interest Payments|01|Interest on Internal Debt|101|Interest on Market Loans|3|Interest on Market Loans|88|2019-20 - 7.07% KSDL 2029 (DOM: 28-08-2029)|241|Interest Payments|2049-01-101-3-88|Interest Payments|C|Data|Object-Head||7070.00|7070.00|7070.00|100.0
155|01|29|2049|Interest Payments|01|Interest on Internal Debt|101|Interest on Market Loans|3|Interest on Market Loans|88|2019-20 - 7.07% KSDL 2029 (DOM: 28-08-2029)|||2049-01-101-3-88|HOA Total :|C|Total|Detailed-Head|7070.00|7070.00|7070.00|7070.00|100.0
155|01|29|2049|Interest Payments|01|Interest on Internal Debt|101|Interest on Market Loans|3|Interest on Market Loans|89|2019-20 - 7.11% KSDL 2029 (DOM: 18-09-2029)|||2049-01-101-3-89|2019-20 - 7.11% KSDL 2029 (DOM: 18-09-2029)|C|Header|Detailed-Head|||||100.0
155|01|29|2049|Interest Payments|01|Interest on Internal Debt|101|Interest on Market Loans|3|Interest on Market Loans|89|2019-20 - 7.11% KSDL 2029 (DOM: 18-09-2029)|240|Repayment of Borrowings|2049-01-101-3-89|Repayment of Borrowings|C|Data|Object-Head|7110.00||||100.0
155|01|29|2049|Interest Payments|01|Interest on Internal Debt|101|Interest on Market Loans|3|Interest on Market Loans|89|2019-20 - 7.11% KSDL 2029 (DOM: 18-09-2029)|241|Interest Payments|2049-01-101-3-89|Interest Payments|C|Data|Object-Head||7110.00|7110.00|7110.00|100.0
155|01|29|2049|Interest Payments|01|Interest on Internal Debt|101|Interest on Market Loans|3|Interest on Market Loans|89|2019-20 - 7.11% KSDL 2029 (DOM: 18-09-2029)|||2049-01-101-3-89|HOA Total :|C|Total|Detailed-Head|7110.00|7110.00|7110.00|7110.00|100.0
155|01|29|2049|Interest Payments|01|Interest on Internal Debt|101|Interest on Market Loans|3|Interest on Market Loans|90|2019-20 - 7.15% KSDL 2028 (DOM: 09-10-2028)|||2049-01-101-3-90|2019-20 - 7.15% KSDL 2028 (DOM: 09-10-2028)|C|Header|Detailed-Head|||||100.0
155|01|29|2049|Interest Payments|01|Interest on Internal Debt|101|Interest on Market Loans|3|Interest on Market Loans|90|2019-20 - 7.15% KSDL 2028 (DOM: 09-10-2028)|240|Repayment of Borrowings|2049-01-101-3-90|Repayment of Borrowings|C|Data|Object-Head|28600.00||||100.0
155|01|29|2049|Interest Payments|01|Interest on Internal Debt|101|Interest on Market Loans|3|Interest on Market Loans|90|2019-20 - 7.15% KSDL 2028 (DOM: 09-10-2028)|241|Interest Payments|2049-01-101-3-90|Interest Payments|C|Data|Object-Head||28600.00|28600.00|28600.00|100.0
155|01|29|2049|Interest Payments|01|Interest on Internal Debt|101|Interest on Market Loans|3|Interest on Market Loans|90|2019-20 - 7.15% KSDL 2028 (DOM: 09-10-2028)|||2049-01-101-3-90|HOA Total :|C|Total|Detailed-Head|28600.00|28600.00|28600.00|28600.00|100.0
155|01|29|2049|Interest Payments|01|Interest on Internal Debt|101|Interest on Market Loans|3|Interest on Market Loans|91|2019-20 - 7.15% KSDL 2029 (DOM: 09-10-2029)|||2049-01-101-3-91|2019-20 - 7.15% KSDL 2029 (DOM: 09-10-2029)|C|Header|Detailed-Head|||||100.0
155|01|29|2049|Interest Payments|01|Interest on Internal Debt|101|Interest on Market Loans|3|Interest on Market Loans|91|2019-20 - 7.15% KSDL 2029 (DOM: 09-10-2029)|240|Repayment of Borrowings|2049-01-101-3-91|Repayment of Borrowings|C|Data|Object-Head|7150.00||||100.0
155|01|29|2049|Interest Payments|01|Interest on Internal Debt|101|Interest on Market Loans|3|Interest on Market Loans|91|2019-20 - 7.15% KSDL 2029 (DOM: 09-10-2029)|241|Interest Payments|2049-01-101-3-91|Interest Payments|C|Data|Object-Head||7150.00|7150.00|7150.00|100.0
155|01|29|2049|Interest Payments|01|Interest on Internal Debt|101|Interest on Market Loans|3|Interest on Market Loans|91|2019-20 - 7.15% KSDL 2029 (DOM: 09-10-2029)|||2049-01-101-3-91|HOA Total :|C|Total|Detailed-Head|7150.00|7150.00|7150.00|7150.00|100.0
155|01|29|2049|Interest Payments|01|Interest on Internal Debt|101|Interest on Market Loans|3|Interest on Market Loans|92|2019-20 - 7.17% KSDL 2027 (DOM: 16-10-2027)|||2049-01-101-3-92|2019-20 - 7.17% KSDL 2027 (DOM: 16-10-2027)|C|Header|Detailed-Head|||||100.0
155|01|29|2049|Interest Payments|01|Interest on Internal Debt|101|Interest on Market Loans|3|Interest on Market Loans|92|2019-20 - 7.17% KSDL 2027 (DOM: 16-10-2027)|240|Repayment of Borrowings|2049-01-101-3-92|Repayment of Borrowings|C|Data|Object-Head|7170.00||||100.0
156|01|29|2049|Interest Payments|01|Interest on Internal Debt|101|Interest on Market Loans|3|Interest on Market Loans|92|2019-20 - 7.17% KSDL 2027 (DOM: 16-10-2027)|241|Interest Payments|2049-01-101-3-92|Interest Payments|C|Data|Object-Head||7170.00|7170.00|7170.00|100.0
156|01|29|2049|Interest Payments|01|Interest on Internal Debt|101|Interest on Market Loans|3|Interest on Market Loans|92|2019-20 - 7.17% KSDL 2027 (DOM: 16-10-2027)|||2049-01-101-3-92|HOA Total :|C|Total|Detailed-Head|7170.00|7170.00|7170.00|7170.00|100.0
156|01|29|2049|Interest Payments|01|Interest on Internal Debt|101|Interest on Market Loans|3|Interest on Market Loans|93|2019-20 - 7.20% KSDL 2029 (DOM: 23-10-2029)|||2049-01-101-3-93|2019-20 - 7.20% KSDL 2029 (DOM: 23-10-2029)|C|Header|Detailed-Head|||||100.0
156|01|29|2049|Interest Payments|01|Interest on Internal Debt|101|Interest on Market Loans|3|Interest on Market Loans|93|2019-20 - 7.20% KSDL 2029 (DOM: 23-10-2029)|240|Repayment of Borrowings|2049-01-101-3-93|Repayment of Borrowings|C|Data|Object-Head|37440.45||||100.0
156|01|29|2049|Interest Payments|01|Interest on Internal Debt|101|Interest on Market Loans|3|Interest on Market Loans|93|2019-20 - 7.20% KSDL 2029 (DOM: 23-10-2029)|241|Interest Payments|2049-01-101-3-93|Interest Payments|C|Data|Object-Head||37440.00|37440.00|37440.00|100.0
156|01|29|2049|Interest Payments|01|Interest on Internal Debt|101|Interest on Market Loans|3|Interest on Market Loans|93|2019-20 - 7.20% KSDL 2029 (DOM: 23-10-2029)|||2049-01-101-3-93|HOA Total :|C|Total|Detailed-Head|37440.45|37440.00|37440.00|37440.00|100.0
156|01|29|2049|Interest Payments|01|Interest on Internal Debt|101|Interest on Market Loans|3|Interest on Market Loans|94|2019-20 - 7.23% KSDL 2028 (DOM: 06-11-2028)|||2049-01-101-3-94|2019-20 - 7.23% KSDL 2028 (DOM: 06-11-2028)|C|Header|Detailed-Head|||||100.0
156|01|29|2049|Interest Payments|01|Interest on Internal Debt|101|Interest on Market Loans|3|Interest on Market Loans|94|2019-20 - 7.23% KSDL 2028 (DOM: 06-11-2028)|240|Repayment of Borrowings|2049-01-101-3-94|Repayment of Borrowings|C|Data|Object-Head|28932.29||||100.0
156|01|29|2049|Interest Payments|01|Interest on Internal Debt|101|Interest on Market Loans|3|Interest on Market Loans|94|2019-20 - 7.23% KSDL 2028 (DOM: 06-11-2028)|241|Interest Payments|2049-01-101-3-94|Interest Payments|C|Data|Object-Head||28920.00|28920.00|28920.00|100.0
156|01|29|2049|Interest Payments|01|Interest on Internal Debt|101|Interest on Market Loans|3|Interest on Market Loans|94|2019-20 - 7.23% KSDL 2028 (DOM: 06-11-2028)|||2049-01-101-3-94|HOA Total :|C|Total|Detailed-Head|28932.29|28920.00|28920.00|28920.00|100.0
156|01|29|2049|Interest Payments|01|Interest on Internal Debt|101|Interest on Market Loans|3|Interest on Market Loans|95|2019-20 - 7.17% KSDL 2029 (DOM: 27-11-2029)|||2049-01-101-3-95|2019-20 - 7.17% KSDL 2029 (DOM: 27-11-2029)|C|Header|Detailed-Head|||||100.0
156|01|29|2049|Interest Payments|01|Interest on Internal Debt|101|Interest on Market Loans|3|Interest on Market Loans|95|2019-20 - 7.17% KSDL 2029 (DOM: 27-11-2029)|240|Repayment of Borrowings|2049-01-101-3-95|Repayment of Borrowings|C|Data|Object-Head|30114.00||||100.0
156|01|29|2049|Interest Payments|01|Interest on Internal Debt|101|Interest on Market Loans|3|Interest on Market Loans|95|2019-20 - 7.17% KSDL 2029 (DOM: 27-11-2029)|241|Interest Payments|2049-01-101-3-95|Interest Payments|C|Data|Object-Head||30114.00|30114.00|30114.00|100.0
156|01|29|2049|Interest Payments|01|Interest on Internal Debt|101|Interest on Market Loans|3|Interest on Market Loans|95|2019-20 - 7.17% KSDL 2029 (DOM: 27-11-2029)|||2049-01-101-3-95|HOA Total :|C|Total|Detailed-Head|30114.00|30114.00|30114.00|30114.00|100.0
156|01|29|2049|Interest Payments|01|Interest on Internal Debt|101|Interest on Market Loans|3|Interest on Market Loans|96|2019-20 - 7.14% KSDL 2029 (DOM: 04-12-2029)|||2049-01-101-3-96|2019-20 - 7.14% KSDL 2029 (DOM: 04-12-2029)|C|Header|Detailed-Head|||||100.0
156|01|29|2049|Interest Payments|01|Interest on Internal Debt|101|Interest on Market Loans|3|Interest on Market Loans|96|2019-20 - 7.14% KSDL 2029 (DOM: 04-12-2029)|240|Repayment of Borrowings|2049-01-101-3-96|Repayment of Borrowings|C|Data|Object-Head|7140.00||||100.0
156|01|29|2049|Interest Payments|01|Interest on Internal Debt|101|Interest on Market Loans|3|Interest on Market Loans|96|2019-20 - 7.14% KSDL 2029 (DOM: 04-12-2029)|241|Interest Payments|2049-01-101-3-96|Interest Payments|C|Data|Object-Head||7140.00|7140.00|7140.00|100.0
156|01|29|2049|Interest Payments|01|Interest on Internal Debt|101|Interest on Market Loans|3|Interest on Market Loans|96|2019-20 - 7.14% KSDL 2029 (DOM: 04-12-2029)|||2049-01-101-3-96|HOA Total :|C|Total|Detailed-Head|7140.00|7140.00|7140.00|7140.00|100.0
157|01|29|2049|Interest Payments|01|Interest on Internal Debt|101|Interest on Market Loans|3|Interest on Market Loans|99|2019-20 - 7.14% KSDL 2029 (DOM: 24-12-2029)|||2049-01-101-3-99|2019-20 - 7.14% KSDL 2029 (DOM: 24-12-2029)|C|Header|Detailed-Head|||||100.0
157|01|29|2049|Interest Payments|01|Interest on Internal Debt|101|Interest on Market Loans|3|Interest on Market Loans|99|2019-20 - 7.14% KSDL 2029 (DOM: 24-12-2029)|240|Repayment of Borrowings|2049-01-101-3-99|Repayment of Borrowings|C|Data|Object-Head|29988.00||||100.0
157|01|29|2049|Interest Payments|01|Interest on Internal Debt|101|Interest on Market Loans|3|Interest on Market Loans|99|2019-20 - 7.14% KSDL 2029 (DOM: 24-12-2029)|241|Interest Payments|2049-01-101-3-99|Interest Payments|C|Data|Object-Head||29988.00|29988.00|29988.00|100.0
157|01|29|2049|Interest Payments|01|Interest on Internal Debt|101|Interest on Market Loans|3|Interest on Market Loans|99|2019-20 - 7.14% KSDL 2029 (DOM: 24-12-2029)|||2049-01-101-3-99|HOA Total :|C|Total|Detailed-Head|29988.00|29988.00|29988.00|29988.00|100.0
157|01|29|2049|Interest Payments|01|Interest on Internal Debt|101|Interest on Market Loans|4|Interest on Market Loans|01|2019-20 - 7.16% KSDL 2030 (DOM: 08-01-2030)|||2049-01-101-4-01|2019-20 - 7.16% KSDL 2030 (DOM: 08-01-2030)|C|Header|Detailed-Head|||||100.0
157|01|29|2049|Interest Payments|01|Interest on Internal Debt|101|Interest on Market Loans|4|Interest on Market Loans|01|2019-20 - 7.16% KSDL 2030 (DOM: 08-01-2030)|240|Repayment of Borrowings|2049-01-101-4-01|Repayment of Borrowings|C|Data|Object-Head|21480.00||||100.0
157|01|29|2049|Interest Payments|01|Interest on Internal Debt|101|Interest on Market Loans|4|Interest on Market Loans|01|2019-20 - 7.16% KSDL 2030 (DOM: 08-01-2030)|241|Interest Payments|2049-01-101-4-01|Interest Payments|C|Data|Object-Head||21480.00|21480.00|21480.00|100.0
157|01|29|2049|Interest Payments|01|Interest on Internal Debt|101|Interest on Market Loans|4|Interest on Market Loans|01|2019-20 - 7.16% KSDL 2030 (DOM: 08-01-2030)|||2049-01-101-4-01|HOA Total :|C|Total|Detailed-Head|21480.00|21480.00|21480.00|21480.00|100.0
157|01|29|2049|Interest Payments|01|Interest on Internal Debt|101|Interest on Market Loans|4|Interest on Market Loans|02|2019-20 - 7.17% KSDL 2030 (DOM: 29-01-2030)|||2049-01-101-4-02|2019-20 - 7.17% KSDL 2030 (DOM: 29-01-2030)|C|Header|Detailed-Head|||||100.0
157|01|29|2049|Interest Payments|01|Interest on Internal Debt|101|Interest on Market Loans|4|Interest on Market Loans|02|2019-20 - 7.17% KSDL 2030 (DOM: 29-01-2030)|240|Repayment of Borrowings|2049-01-101-4-02|Repayment of Borrowings|C|Data|Object-Head|14340.00||||100.0
157|01|29|2049|Interest Payments|01|Interest on Internal Debt|101|Interest on Market Loans|4|Interest on Market Loans|02|2019-20 - 7.17% KSDL 2030 (DOM: 29-01-2030)|241|Interest Payments|2049-01-101-4-02|Interest Payments|C|Data|Object-Head||14340.00|14340.00|14340.00|100.0
157|01|29|2049|Interest Payments|01|Interest on Internal Debt|101|Interest on Market Loans|4|Interest on Market Loans|02|2019-20 - 7.17% KSDL 2030 (DOM: 29-01-2030)|||2049-01-101-4-02|HOA Total :|C|Total|Detailed-Head|14340.00|14340.00|14340.00|14340.00|100.0
157|01|29|2049|Interest Payments|01|Interest on Internal Debt|101|Interest on Market Loans|4|Interest on Market Loans|03|2019-20 - 7.20% KSDL 2031 (DOM: 05-02-2031)|||2049-01-101-4-03|2019-20 - 7.20% KSDL 2031 (DOM: 05-02-2031)|C|Header|Detailed-Head|||||100.0
157|01|29|2049|Interest Payments|01|Interest on Internal Debt|101|Interest on Market Loans|4|Interest on Market Loans|03|2019-20 - 7.20% KSDL 2031 (DOM: 05-02-2031)|240|Repayment of Borrowings|2049-01-101-4-03|Repayment of Borrowings|C|Data|Object-Head|7200.00||||100.0
157|01|29|2049|Interest Payments|01|Interest on Internal Debt|101|Interest on Market Loans|4|Interest on Market Loans|03|2019-20 - 7.20% KSDL 2031 (DOM: 05-02-2031)|241|Interest Payments|2049-01-101-4-03|Interest Payments|C|Data|Object-Head||7200.00|7200.00|7200.00|100.0
157|01|29|2049|Interest Payments|01|Interest on Internal Debt|101|Interest on Market Loans|4|Interest on Market Loans|03|2019-20 - 7.20% KSDL 2031 (DOM: 05-02-2031)|||2049-01-101-4-03|HOA Total :|C|Total|Detailed-Head|7200.00|7200.00|7200.00|7200.00|100.0
157|01|29|2049|Interest Payments|01|Interest on Internal Debt|101|Interest on Market Loans|4|Interest on Market Loans|04|2019-20 - 6.90% KSDL 2030 (DOM: 18-02-2030)|||2049-01-101-4-04|2019-20 - 6.90% KSDL 2030 (DOM: 18-02-2030)|C|Header|Detailed-Head|||||100.0
157|01|29|2049|Interest Payments|01|Interest on Internal Debt|101|Interest on Market Loans|4|Interest on Market Loans|04|2019-20 - 6.90% KSDL 2030 (DOM: 18-02-2030)|240|Repayment of Borrowings|2049-01-101-4-04|Repayment of Borrowings|C|Data|Object-Head|13800.00||||100.0
158|01|29|2049|Interest Payments|01|Interest on Internal Debt|101|Interest on Market Loans|4|Interest on Market Loans|04|2019-20 - 6.90% KSDL 2030 (DOM: 18-02-2030)|241|Interest Payments|2049-01-101-4-04|Interest Payments|C|Data|Object-Head||13800.00|13800.00|13800.00|100.0
158|01|29|2049|Interest Payments|01|Interest on Internal Debt|101|Interest on Market Loans|4|Interest on Market Loans|04|2019-20 - 6.90% KSDL 2030 (DOM: 18-02-2030)|||2049-01-101-4-04|HOA Total :|C|Total|Detailed-Head|13800.00|13800.00|13800.00|13800.00|100.0
158|01|29|2049|Interest Payments|01|Interest on Internal Debt|101|Interest on Market Loans|4|Interest on Market Loans|05|2019-20 - 6.97% KSDL 2030 (DOM : 26-02-2030)|||2049-01-101-4-05|2019-20 - 6.97% KSDL 2030 (DOM : 26-02-2030)|C|Header|Detailed-Head|||||100.0
158|01|29|2049|Interest Payments|01|Interest on Internal Debt|101|Interest on Market Loans|4|Interest on Market Loans|05|2019-20 - 6.97% KSDL 2030 (DOM : 26-02-2030)|240|Repayment of Borrowings|2049-01-101-4-05|Repayment of Borrowings|C|Data|Object-Head|16728.00||||100.0
158|01|29|2049|Interest Payments|01|Interest on Internal Debt|101|Interest on Market Loans|4|Interest on Market Loans|05|2019-20 - 6.97% KSDL 2030 (DOM : 26-02-2030)|241|Interest Payments|2049-01-101-4-05|Interest Payments|C|Data|Object-Head||16728.00|16728.00|16728.00|100.0
158|01|29|2049|Interest Payments|01|Interest on Internal Debt|101|Interest on Market Loans|4|Interest on Market Loans|05|2019-20 - 6.97% KSDL 2030 (DOM : 26-02-2030)|||2049-01-101-4-05|HOA Total :|C|Total|Detailed-Head|16728.00|16728.00|16728.00|16728.00|100.0
158|01|29|2049|Interest Payments|01|Interest on Internal Debt|101|Interest on Market Loans|4|Interest on Market Loans|06|2019-20 - 6.97% KSDL 2028 (DOM : 26-02-2028)|||2049-01-101-4-06|2019-20 - 6.97% KSDL 2028 (DOM : 26-02-2028)|C|Header|Detailed-Head|||||100.0
158|01|29|2049|Interest Payments|01|Interest on Internal Debt|101|Interest on Market Loans|4|Interest on Market Loans|06|2019-20 - 6.97% KSDL 2028 (DOM : 26-02-2028)|240|Repayment of Borrowings|2049-01-101-4-06|Repayment of Borrowings|C|Data|Object-Head|17425.00||||100.0
158|01|29|2049|Interest Payments|01|Interest on Internal Debt|101|Interest on Market Loans|4|Interest on Market Loans|06|2019-20 - 6.97% KSDL 2028 (DOM : 26-02-2028)|241|Interest Payments|2049-01-101-4-06|Interest Payments|C|Data|Object-Head||17425.00|17425.00|17425.00|100.0
158|01|29|2049|Interest Payments|01|Interest on Internal Debt|101|Interest on Market Loans|4|Interest on Market Loans|06|2019-20 - 6.97% KSDL 2028 (DOM : 26-02-2028)|||2049-01-101-4-06|HOA Total :|C|Total|Detailed-Head|17425.00|17425.00|17425.00|17425.00|100.0
158|01|29|2049|Interest Payments|01|Interest on Internal Debt|101|Interest on Market Loans|4|Interest on Market Loans|07|2019-20 - 7.08% KSDL 2031 (DOM : 04-03-2031)|||2049-01-101-4-07|2019-20 - 7.08% KSDL 2031 (DOM : 04-03-2031)|C|Header|Detailed-Head|||||100.0
158|01|29|2049|Interest Payments|01|Interest on Internal Debt|101|Interest on Market Loans|4|Interest on Market Loans|07|2019-20 - 7.08% KSDL 2031 (DOM : 04-03-2031)|240|Repayment of Borrowings|2049-01-101-4-07|Repayment of Borrowings|C|Data|Object-Head|7080.00||||100.0
158|01|29|2049|Interest Payments|01|Interest on Internal Debt|101|Interest on Market Loans|4|Interest on Market Loans|07|2019-20 - 7.08% KSDL 2031 (DOM : 04-03-2031)|241|Interest Payments|2049-01-101-4-07|Interest Payments|C|Data|Object-Head||7080.00|7080.00|7080.00|100.0
158|01|29|2049|Interest Payments|01|Interest on Internal Debt|101|Interest on Market Loans|4|Interest on Market Loans|07|2019-20 - 7.08% KSDL 2031 (DOM : 04-03-2031)|||2049-01-101-4-07|HOA Total :|C|Total|Detailed-Head|7080.00|7080.00|7080.00|7080.00|100.0
158|01|29|2049|Interest Payments|01|Interest on Internal Debt|101|Interest on Market Loans|4|Interest on Market Loans|08|2019-20 - 7.09% KSDL 2030 (DOM : 18-03-2030)|||2049-01-101-4-08|2019-20 - 7.09% KSDL 2030 (DOM : 18-03-2030)|C|Header|Detailed-Head|||||100.0
158|01|29|2049|Interest Payments|01|Interest on Internal Debt|101|Interest on Market Loans|4|Interest on Market Loans|08|2019-20 - 7.09% KSDL 2030 (DOM : 18-03-2030)|240|Repayment of Borrowings|2049-01-101-4-08|Repayment of Borrowings|C|Data|Object-Head|17725.00||||100.0
158|01|29|2049|Interest Payments|01|Interest on Internal Debt|101|Interest on Market Loans|4|Interest on Market Loans|08|2019-20 - 7.09% KSDL 2030 (DOM : 18-03-2030)|241|Interest Payments|2049-01-101-4-08|Interest Payments|C|Data|Object-Head||17725.00|17725.00|17725.00|100.0
158|01|29|2049|Interest Payments|01|Interest on Internal Debt|101|Interest on Market Loans|4|Interest on Market Loans|08|2019-20 - 7.09% KSDL 2030 (DOM : 18-03-2030)|||2049-01-101-4-08|HOA Total :|C|Total|Detailed-Head|17725.00|17725.00|17725.00|17725.00|100.0
159|01|29|2049|Interest Payments|01|Interest on Internal Debt|101|Interest on Market Loans|4|Interest on Market Loans|09|2020-21 - 7.80% KSDL 2030 (DOM : 08-04-2030)|||2049-01-101-4-09|2020-21 - 7.80% KSDL 2030 (DOM : 08-04-2030)|C|Header|Detailed-Head|||||100.0
159|01|29|2049|Interest Payments|01|Interest on Internal Debt|101|Interest on Market Loans|4|Interest on Market Loans|09|2020-21 - 7.80% KSDL 2030 (DOM : 08-04-2030)|240|Repayment of Borrowings|2049-01-101-4-09|Repayment of Borrowings|C|Data|Object-Head|7800.00||||100.0
159|01|29|2049|Interest Payments|01|Interest on Internal Debt|101|Interest on Market Loans|4|Interest on Market Loans|09|2020-21 - 7.80% KSDL 2030 (DOM : 08-04-2030)|241|Interest Payments|2049-01-101-4-09|Interest Payments|C|Data|Object-Head||7800.00|7800.00|7800.00|100.0
159|01|29|2049|Interest Payments|01|Interest on Internal Debt|101|Interest on Market Loans|4|Interest on Market Loans|09|2020-21 - 7.80% KSDL 2030 (DOM : 08-04-2030)|||2049-01-101-4-09|HOA Total :|C|Total|Detailed-Head|7800.00|7800.00|7800.00|7800.00|100.0
159|01|29|2049|Interest Payments|01|Interest on Internal Debt|101|Interest on Market Loans|4|Interest on Market Loans|10|2020-21 - 7.93% KSDL 2031 (DOM : 08-04-2031)|||2049-01-101-4-10|2020-21 - 7.93% KSDL 2031 (DOM : 08-04-2031)|C|Header|Detailed-Head|||||100.0
159|01|29|2049|Interest Payments|01|Interest on Internal Debt|101|Interest on Market Loans|4|Interest on Market Loans|10|2020-21 - 7.93% KSDL 2031 (DOM : 08-04-2031)|240|Repayment of Borrowings|2049-01-101-4-10|Repayment of Borrowings|C|Data|Object-Head|7930.00||||100.0
159|01|29|2049|Interest Payments|01|Interest on Internal Debt|101|Interest on Market Loans|4|Interest on Market Loans|10|2020-21 - 7.93% KSDL 2031 (DOM : 08-04-2031)|241|Interest Payments|2049-01-101-4-10|Interest Payments|C|Data|Object-Head||7930.00|7930.00|7930.00|100.0
159|01|29|2049|Interest Payments|01|Interest on Internal Debt|101|Interest on Market Loans|4|Interest on Market Loans|10|2020-21 - 7.93% KSDL 2031 (DOM : 08-04-2031)|||2049-01-101-4-10|HOA Total :|C|Total|Detailed-Head|7930.00|7930.00|7930.00|7930.00|100.0
159|01|29|2049|Interest Payments|01|Interest on Internal Debt|101|Interest on Market Loans|4|Interest on Market Loans|11|2020-21 - 6.49% KSDL 2030 (DOM : 27-05-2030)|||2049-01-101-4-11|2020-21 - 6.49% KSDL 2030 (DOM : 27-05-2030)|C|Header|Detailed-Head|||||100.0
159|01|29|2049|Interest Payments|01|Interest on Internal Debt|101|Interest on Market Loans|4|Interest on Market Loans|11|2020-21 - 6.49% KSDL 2030 (DOM : 27-05-2030)|240|Repayment of Borrowings|2049-01-101-4-11|Repayment of Borrowings|C|Data|Object-Head|6490.00||||100.0
159|01|29|2049|Interest Payments|01|Interest on Internal Debt|101|Interest on Market Loans|4|Interest on Market Loans|11|2020-21 - 6.49% KSDL 2030 (DOM : 27-05-2030)|241|Interest Payments|2049-01-101-4-11|Interest Payments|C|Data|Object-Head||6490.00|6490.00|6490.00|100.0
159|01|29|2049|Interest Payments|01|Interest on Internal Debt|101|Interest on Market Loans|4|Interest on Market Loans|11|2020-21 - 6.49% KSDL 2030 (DOM : 27-05-2030)|||2049-01-101-4-11|HOA Total :|C|Total|Detailed-Head|6490.00|6490.00|6490.00|6490.00|100.0
159|01|29|2049|Interest Payments|01|Interest on Internal Debt|101|Interest on Market Loans|4|Interest on Market Loans|12|2020-21 - 6.51% KSDL 2031 (DOM : 27-05-2031)|||2049-01-101-4-12|2020-21 - 6.51% KSDL 2031 (DOM : 27-05-2031)|C|Header|Detailed-Head|||||100.0
159|01|29|2049|Interest Payments|01|Interest on Internal Debt|101|Interest on Market Loans|4|Interest on Market Loans|12|2020-21 - 6.51% KSDL 2031 (DOM : 27-05-2031)|240|Repayment of Borrowings|2049-01-101-4-12|Repayment of Borrowings|C|Data|Object-Head|6510.00||||100.0
159|01|29|2049|Interest Payments|01|Interest on Internal Debt|101|Interest on Market Loans|4|Interest on Market Loans|12|2020-21 - 6.51% KSDL 2031 (DOM : 27-05-2031)|241|Interest Payments|2049-01-101-4-12|Interest Payments|C|Data|Object-Head||6510.00|6510.00|6510.00|100.0
159|01|29|2049|Interest Payments|01|Interest on Internal Debt|101|Interest on Market Loans|4|Interest on Market Loans|12|2020-21 - 6.51% KSDL 2031 (DOM : 27-05-2031)|||2049-01-101-4-12|HOA Total :|C|Total|Detailed-Head|6510.00|6510.00|6510.00|6510.00|100.0
159|01|29|2049|Interest Payments|01|Interest on Internal Debt|101|Interest on Market Loans|4|Interest on Market Loans|13|2020-21 - 6.58% KSDL 2030 (DOM : 03-06-2030)|||2049-01-101-4-13|2020-21 - 6.58% KSDL 2030 (DOM : 03-06-2030)|C|Header|Detailed-Head|||||100.0
159|01|29|2049|Interest Payments|01|Interest on Internal Debt|101|Interest on Market Loans|4|Interest on Market Loans|13|2020-21 - 6.58% KSDL 2030 (DOM : 03-06-2030)|240|Repayment of Borrowings|2049-01-101-4-13|Repayment of Borrowings|C|Data|Object-Head|13160.00||||100.0
160|01|29|2049|Interest Payments|01|Interest on Internal Debt|101|Interest on Market Loans|4|Interest on Market Loans|13|2020-21 - 6.58% KSDL 2030 (DOM : 03-06-2030)|241|Interest Payments|2049-01-101-4-13|Interest Payments|C|Data|Object-Head||26320.00|26320.00|26320.00|100.0
160|01|29|2049|Interest Payments|01|Interest on Internal Debt|101|Interest on Market Loans|4|Interest on Market Loans|13|2020-21 - 6.58% KSDL 2030 (DOM : 03-06-2030)|||2049-01-101-4-13|HOA Total :|C|Total|Detailed-Head|13160.00|26320.00|26320.00|26320.00|100.0
160|01|29|2049|Interest Payments|01|Interest on Internal Debt|101|Interest on Market Loans|4|Interest on Market Loans|14|2020-21 - 5.75% KSDL 2025 (DOM : 10-06-2025)|||2049-01-101-4-14|2020-21 - 5.75% KSDL 2025 (DOM : 10-06-2025)|C|Header|Detailed-Head|||||100.0
160|01|29|2049|Interest Payments|01|Interest on Internal Debt|101|Interest on Market Loans|4|Interest on Market Loans|14|2020-21 - 5.75% KSDL 2025 (DOM : 10-06-2025)|240|Repayment of Borrowings|2049-01-101-4-14|Repayment of Borrowings|C|Data|Object-Head|5750.00||||100.0
160|01|29|2049|Interest Payments|01|Interest on Internal Debt|101|Interest on Market Loans|4|Interest on Market Loans|14|2020-21 - 5.75% KSDL 2025 (DOM : 10-06-2025)|241|Interest Payments|2049-01-101-4-14|Interest Payments|C|Data|Object-Head||2875.00|2875.00||100.0
160|01|29|2049|Interest Payments|01|Interest on Internal Debt|101|Interest on Market Loans|4|Interest on Market Loans|14|2020-21 - 5.75% KSDL 2025 (DOM : 10-06-2025)|||2049-01-101-4-14|HOA Total :|C|Total|Detailed-Head|5750.00|2875.00|2875.00|0.00|100.0
160|01|29|2049|Interest Payments|01|Interest on Internal Debt|101|Interest on Market Loans|4|Interest on Market Loans|15|2020-21 - 5.70% KSDL 2026 (DOM : 15-07-2026)|||2049-01-101-4-15|2020-21 - 5.70% KSDL 2026 (DOM : 15-07-2026)|C|Header|Detailed-Head|||||100.0
160|01|29|2049|Interest Payments|01|Interest on Internal Debt|101|Interest on Market Loans|4|Interest on Market Loans|15|2020-21 - 5.70% KSDL 2026 (DOM : 15-07-2026)|240|Repayment of Borrowings|2049-01-101-4-15|Repayment of Borrowings|C|Data|Object-Head|5700.00||||100.0
160|01|29|2049|Interest Payments|01|Interest on Internal Debt|101|Interest on Market Loans|4|Interest on Market Loans|15|2020-21 - 5.70% KSDL 2026 (DOM : 15-07-2026)|241|Interest Payments|2049-01-101-4-15|Interest Payments|C|Data|Object-Head||5700.00|5700.00|2850.00|100.0
160|01|29|2049|Interest Payments|01|Interest on Internal Debt|101|Interest on Market Loans|4|Interest on Market Loans|15|2020-21 - 5.70% KSDL 2026 (DOM : 15-07-2026)|||2049-01-101-4-15|HOA Total :|C|Total|Detailed-Head|5700.00|5700.00|5700.00|2850.00|100.0
160|01|29|2049|Interest Payments|01|Interest on Internal Debt|101|Interest on Market Loans|4|Interest on Market Loans|16|2020-21 - 6.12% KSDL 2027 (DOM : 22-07-2027)|||2049-01-101-4-16|2020-21 - 6.12% KSDL 2027 (DOM : 22-07-2027)|C|Header|Detailed-Head|||||100.0
160|01|29|2049|Interest Payments|01|Interest on Internal Debt|101|Interest on Market Loans|4|Interest on Market Loans|16|2020-21 - 6.12% KSDL 2027 (DOM : 22-07-2027)|240|Repayment of Borrowings|2049-01-101-4-16|Repayment of Borrowings|C|Data|Object-Head|6120.00||||100.0
160|01|29|2049|Interest Payments|01|Interest on Internal Debt|101|Interest on Market Loans|4|Interest on Market Loans|16|2020-21 - 6.12% KSDL 2027 (DOM : 22-07-2027)|241|Interest Payments|2049-01-101-4-16|Interest Payments|C|Data|Object-Head||6120.00|6120.00|6120.00|100.0
160|01|29|2049|Interest Payments|01|Interest on Internal Debt|101|Interest on Market Loans|4|Interest on Market Loans|16|2020-21 - 6.12% KSDL 2027 (DOM : 22-07-2027)|||2049-01-101-4-16|HOA Total :|C|Total|Detailed-Head|6120.00|6120.00|6120.00|6120.00|100.0
160|01|29|2049|Interest Payments|01|Interest on Internal Debt|101|Interest on Market Loans|4|Interest on Market Loans|17|2020-21 - 6.09% KSDL 2028 (DOM : 22-07-2028)|||2049-01-101-4-17|2020-21 - 6.09% KSDL 2028 (DOM : 22-07-2028)|C|Header|Detailed-Head|||||100.0
160|01|29|2049|Interest Payments|01|Interest on Internal Debt|101|Interest on Market Loans|4|Interest on Market Loans|17|2020-21 - 6.09% KSDL 2028 (DOM : 22-07-2028)|240|Repayment of Borrowings|2049-01-101-4-17|Repayment of Borrowings|C|Data|Object-Head|6090.00||||100.0
160|01|29|2049|Interest Payments|01|Interest on Internal Debt|101|Interest on Market Loans|4|Interest on Market Loans|17|2020-21 - 6.09% KSDL 2028 (DOM : 22-07-2028)|241|Interest Payments|2049-01-101-4-17|Interest Payments|C|Data|Object-Head||6090.00|6090.00|6090.00|100.0
160|01|29|2049|Interest Payments|01|Interest on Internal Debt|101|Interest on Market Loans|4|Interest on Market Loans|17|2020-21 - 6.09% KSDL 2028 (DOM : 22-07-2028)|||2049-01-101-4-17|HOA Total :|C|Total|Detailed-Head|6090.00|6090.00|6090.00|6090.00|100.0
161|01|29|2049|Interest Payments|01|Interest on Internal Debt|101|Interest on Market Loans|4|Interest on Market Loans|18|2020-21 - 6.40% KSDL 2030 (DOM : 29-07-2030)|||2049-01-101-4-18|2020-21 - 6.40% KSDL 2030 (DOM : 29-07-2030)|C|Header|Detailed-Head|||||100.0
161|01|29|2049|Interest Payments|01|Interest on Internal Debt|101|Interest on Market Loans|4|Interest on Market Loans|18|2020-21 - 6.40% KSDL 2030 (DOM : 29-07-2030)|240|Repayment of Borrowings|2049-01-101-4-18|Repayment of Borrowings|C|Data|Object-Head|6400.00||||100.0
161|01|29|2049|Interest Payments|01|Interest on Internal Debt|101|Interest on Market Loans|4|Interest on Market Loans|18|2020-21 - 6.40% KSDL 2030 (DOM : 29-07-2030)|241|Interest Payments|2049-01-101-4-18|Interest Payments|C|Data|Object-Head||6400.00|6400.00|6400.00|100.0
161|01|29|2049|Interest Payments|01|Interest on Internal Debt|101|Interest on Market Loans|4|Interest on Market Loans|18|2020-21 - 6.40% KSDL 2030 (DOM : 29-07-2030)|||2049-01-101-4-18|HOA Total :|C|Total|Detailed-Head|6400.00|6400.00|6400.00|6400.00|100.0
161|01|29|2049|Interest Payments|01|Interest on Internal Debt|101|Interest on Market Loans|4|Interest on Market Loans|19|2020-21 - 6.40% KSDL 2031 (DOM : 29-07-2031)|||2049-01-101-4-19|2020-21 - 6.40% KSDL 2031 (DOM : 29-07-2031)|C|Header|Detailed-Head|||||100.0
161|01|29|2049|Interest Payments|01|Interest on Internal Debt|101|Interest on Market Loans|4|Interest on Market Loans|19|2020-21 - 6.40% KSDL 2031 (DOM : 29-07-2031)|240|Repayment of Borrowings|2049-01-101-4-19|Repayment of Borrowings|C|Data|Object-Head|6400.00||||100.0
161|01|29|2049|Interest Payments|01|Interest on Internal Debt|101|Interest on Market Loans|4|Interest on Market Loans|19|2020-21 - 6.40% KSDL 2031 (DOM : 29-07-2031)|241|Interest Payments|2049-01-101-4-19|Interest Payments|C|Data|Object-Head||6400.00|6400.00|6400.00|100.0
161|01|29|2049|Interest Payments|01|Interest on Internal Debt|101|Interest on Market Loans|4|Interest on Market Loans|19|2020-21 - 6.40% KSDL 2031 (DOM : 29-07-2031)|||2049-01-101-4-19|HOA Total :|C|Total|Detailed-Head|6400.00|6400.00|6400.00|6400.00|100.0
161|01|29|2049|Interest Payments|01|Interest on Internal Debt|101|Interest on Market Loans|4|Interest on Market Loans|20|2020-21 - 6.32% KSDL 2028 (DOM : 05-08-2028)|||2049-01-101-4-20|2020-21 - 6.32% KSDL 2028 (DOM : 05-08-2028)|C|Header|Detailed-Head|||||100.0
161|01|29|2049|Interest Payments|01|Interest on Internal Debt|101|Interest on Market Loans|4|Interest on Market Loans|20|2020-21 - 6.32% KSDL 2028 (DOM : 05-08-2028)|240|Repayment of Borrowings|2049-01-101-4-20|Repayment of Borrowings|C|Data|Object-Head|9480.00||||100.0
161|01|29|2049|Interest Payments|01|Interest on Internal Debt|101|Interest on Market Loans|4|Interest on Market Loans|20|2020-21 - 6.32% KSDL 2028 (DOM : 05-08-2028)|241|Interest Payments|2049-01-101-4-20|Interest Payments|C|Data|Object-Head||12640.00|12640.00|12640.00|100.0
161|01|29|2049|Interest Payments|01|Interest on Internal Debt|101|Interest on Market Loans|4|Interest on Market Loans|20|2020-21 - 6.32% KSDL 2028 (DOM : 05-08-2028)|||2049-01-101-4-20|HOA Total :|C|Total|Detailed-Head|9480.00|12640.00|12640.00|12640.00|100.0
161|01|29|2049|Interest Payments|01|Interest on Internal Debt|101|Interest on Market Loans|4|Interest on Market Loans|21|2020-21 - 6.48% KSDL 2030 (DOM : 12-08-2030)|||2049-01-101-4-21|2020-21 - 6.48% KSDL 2030 (DOM : 12-08-2030)|C|Header|Detailed-Head|||||100.0
161|01|29|2049|Interest Payments|01|Interest on Internal Debt|101|Interest on Market Loans|4|Interest on Market Loans|21|2020-21 - 6.48% KSDL 2030 (DOM : 12-08-2030)|240|Repayment of Borrowings|2049-01-101-4-21|Repayment of Borrowings|C|Data|Object-Head|6480.00||||100.0
161|01|29|2049|Interest Payments|01|Interest on Internal Debt|101|Interest on Market Loans|4|Interest on Market Loans|21|2020-21 - 6.48% KSDL 2030 (DOM : 12-08-2030)|241|Interest Payments|2049-01-101-4-21|Interest Payments|C|Data|Object-Head||6480.00|6480.00|6480.00|100.0
161|01|29|2049|Interest Payments|01|Interest on Internal Debt|101|Interest on Market Loans|4|Interest on Market Loans|21|2020-21 - 6.48% KSDL 2030 (DOM : 12-08-2030)|||2049-01-101-4-21|HOA Total :|C|Total|Detailed-Head|6480.00|6480.00|6480.00|6480.00|100.0
161|01|29|2049|Interest Payments|01|Interest on Internal Debt|101|Interest on Market Loans|4|Interest on Market Loans|22|2020-21 - 6.49% KSDL 2031 (DOM : 12-08-2031)|||2049-01-101-4-22|2020-21 - 6.49% KSDL 2031 (DOM : 12-08-2031)|C|Header|Detailed-Head|||||100.0
161|01|29|2049|Interest Payments|01|Interest on Internal Debt|101|Interest on Market Loans|4|Interest on Market Loans|22|2020-21 - 6.49% KSDL 2031 (DOM : 12-08-2031)|240|Repayment of Borrowings|2049-01-101-4-22|Repayment of Borrowings|C|Data|Object-Head|6490.00||||100.0
162|01|29|2049|Interest Payments|01|Interest on Internal Debt|101|Interest on Market Loans|4|Interest on Market Loans|22|2020-21 - 6.49% KSDL 2031 (DOM : 12-08-2031)|241|Interest Payments|2049-01-101-4-22|Interest Payments|C|Data|Object-Head||6490.00|6490.00|6490.00|100.0
162|01|29|2049|Interest Payments|01|Interest on Internal Debt|101|Interest on Market Loans|4|Interest on Market Loans|22|2020-21 - 6.49% KSDL 2031 (DOM : 12-08-2031)|||2049-01-101-4-22|HOA Total :|C|Total|Detailed-Head|6490.00|6490.00|6490.00|6490.00|100.0
162|01|29|2049|Interest Payments|01|Interest on Internal Debt|101|Interest on Market Loans|4|Interest on Market Loans|23|2020-21 - 6.50% KSDL 2030 (DOM : 19-08-2030)|||2049-01-101-4-23|2020-21 - 6.50% KSDL 2030 (DOM : 19-08-2030)|C|Header|Detailed-Head|||||100.0
162|01|29|2049|Interest Payments|01|Interest on Internal Debt|101|Interest on Market Loans|4|Interest on Market Loans|23|2020-21 - 6.50% KSDL 2030 (DOM : 19-08-2030)|240|Repayment of Borrowings|2049-01-101-4-23|Repayment of Borrowings|C|Data|Object-Head|6500.00||||100.0
162|01|29|2049|Interest Payments|01|Interest on Internal Debt|101|Interest on Market Loans|4|Interest on Market Loans|23|2020-21 - 6.50% KSDL 2030 (DOM : 19-08-2030)|241|Interest Payments|2049-01-101-4-23|Interest Payments|C|Data|Object-Head||6500.00|6500.00|6500.00|100.0
162|01|29|2049|Interest Payments|01|Interest on Internal Debt|101|Interest on Market Loans|4|Interest on Market Loans|23|2020-21 - 6.50% KSDL 2030 (DOM : 19-08-2030)|||2049-01-101-4-23|HOA Total :|C|Total|Detailed-Head|6500.00|6500.00|6500.00|6500.00|100.0
162|01|29|2049|Interest Payments|01|Interest on Internal Debt|101|Interest on Market Loans|4|Interest on Market Loans|24|2020-21 - 6.64% KSDL 2032 (DOM : 19-08-2032)|||2049-01-101-4-24|2020-21 - 6.64% KSDL 2032 (DOM : 19-08-2032)|C|Header|Detailed-Head|||||100.0
162|01|29|2049|Interest Payments|01|Interest on Internal Debt|101|Interest on Market Loans|4|Interest on Market Loans|24|2020-21 - 6.64% KSDL 2032 (DOM : 19-08-2032)|240|Repayment of Borrowings|2049-01-101-4-24|Repayment of Borrowings|C|Data|Object-Head|6640.00||||100.0
162|01|29|2049|Interest Payments|01|Interest on Internal Debt|101|Interest on Market Loans|4|Interest on Market Loans|24|2020-21 - 6.64% KSDL 2032 (DOM : 19-08-2032)|241|Interest Payments|2049-01-101-4-24|Interest Payments|C|Data|Object-Head||6640.00|6640.00|6640.00|100.0
162|01|29|2049|Interest Payments|01|Interest on Internal Debt|101|Interest on Market Loans|4|Interest on Market Loans|24|2020-21 - 6.64% KSDL 2032 (DOM : 19-08-2032)|||2049-01-101-4-24|HOA Total :|C|Total|Detailed-Head|6640.00|6640.00|6640.00|6640.00|100.0
162|01|29|2049|Interest Payments|01|Interest on Internal Debt|101|Interest on Market Loans|4|Interest on Market Loans|25|2020-21 - 6.63% KSDL 2030 (DOM : 26-08-2030)|||2049-01-101-4-25|2020-21 - 6.63% KSDL 2030 (DOM : 26-08-2030)|C|Header|Detailed-Head|||||100.0
162|01|29|2049|Interest Payments|01|Interest on Internal Debt|101|Interest on Market Loans|4|Interest on Market Loans|25|2020-21 - 6.63% KSDL 2030 (DOM : 26-08-2030)|240|Repayment of Borrowings|2049-01-101-4-25|Repayment of Borrowings|C|Data|Object-Head|6630.00||||100.0
162|01|29|2049|Interest Payments|01|Interest on Internal Debt|101|Interest on Market Loans|4|Interest on Market Loans|25|2020-21 - 6.63% KSDL 2030 (DOM : 26-08-2030)|241|Interest Payments|2049-01-101-4-25|Interest Payments|C|Data|Object-Head||6630.00|6630.00|6630.00|100.0
162|01|29|2049|Interest Payments|01|Interest on Internal Debt|101|Interest on Market Loans|4|Interest on Market Loans|25|2020-21 - 6.63% KSDL 2030 (DOM : 26-08-2030)|||2049-01-101-4-25|HOA Total :|C|Total|Detailed-Head|6630.00|6630.00|6630.00|6630.00|100.0
162|01|29|2049|Interest Payments|01|Interest on Internal Debt|101|Interest on Market Loans|4|Interest on Market Loans|26|2020-21 - 6.77% KSDL 2033 (DOM : 26-08-2033)|||2049-01-101-4-26|2020-21 - 6.77% KSDL 2033 (DOM : 26-08-2033)|C|Header|Detailed-Head|||||100.0
162|01|29|2049|Interest Payments|01|Interest on Internal Debt|101|Interest on Market Loans|4|Interest on Market Loans|26|2020-21 - 6.77% KSDL 2033 (DOM : 26-08-2033)|240|Repayment of Borrowings|2049-01-101-4-26|Repayment of Borrowings|C|Data|Object-Head|6770.00||||100.0
162|01|29|2049|Interest Payments|01|Interest on Internal Debt|101|Interest on Market Loans|4|Interest on Market Loans|26|2020-21 - 6.77% KSDL 2033 (DOM : 26-08-2033)|241|Interest Payments|2049-01-101-4-26|Interest Payments|C|Data|Object-Head||6770.00|6770.00|6770.00|100.0
162|01|29|2049|Interest Payments|01|Interest on Internal Debt|101|Interest on Market Loans|4|Interest on Market Loans|26|2020-21 - 6.77% KSDL 2033 (DOM : 26-08-2033)|||2049-01-101-4-26|HOA Total :|C|Total|Detailed-Head|6770.00|6770.00|6770.00|6770.00|100.0
163|01|29|2049|Interest Payments|01|Interest on Internal Debt|101|Interest on Market Loans|4|Interest on Market Loans|27|2020-21 - 6.40% KSDL 2030 (DOM : 02-09-2030)|||2049-01-101-4-27|2020-21 - 6.40% KSDL 2030 (DOM : 02-09-2030)|C|Header|Detailed-Head|||||100.0
163|01|29|2049|Interest Payments|01|Interest on Internal Debt|101|Interest on Market Loans|4|Interest on Market Loans|27|2020-21 - 6.40% KSDL 2030 (DOM : 02-09-2030)|240|Repayment of Borrowings|2049-01-101-4-27|Repayment of Borrowings|C|Data|Object-Head|6400.00||||100.0
163|01|29|2049|Interest Payments|01|Interest on Internal Debt|101|Interest on Market Loans|4|Interest on Market Loans|27|2020-21 - 6.40% KSDL 2030 (DOM : 02-09-2030)|241|Interest Payments|2049-01-101-4-27|Interest Payments|C|Data|Object-Head||6400.00|6400.00|6400.00|100.0
163|01|29|2049|Interest Payments|01|Interest on Internal Debt|101|Interest on Market Loans|4|Interest on Market Loans|27|2020-21 - 6.40% KSDL 2030 (DOM : 02-09-2030)|||2049-01-101-4-27|HOA Total :|C|Total|Detailed-Head|6400.00|6400.00|6400.00|6400.00|100.0
163|01|29|2049|Interest Payments|01|Interest on Internal Debt|101|Interest on Market Loans|4|Interest on Market Loans|28|2020-21 - 6.61% KSDL 2035 (DOM : 02-09-2035)|||2049-01-101-4-28|2020-21 - 6.61% KSDL 2035 (DOM : 02-09-2035)|C|Header|Detailed-Head|||||100.0
163|01|29|2049|Interest Payments|01|Interest on Internal Debt|101|Interest on Market Loans|4|Interest on Market Loans|28|2020-21 - 6.61% KSDL 2035 (DOM : 02-09-2035)|240|Repayment of Borrowings|2049-01-101-4-28|Repayment of Borrowings|C|Data|Object-Head|13220.00||||100.0
163|01|29|2049|Interest Payments|01|Interest on Internal Debt|101|Interest on Market Loans|4|Interest on Market Loans|28|2020-21 - 6.61% KSDL 2035 (DOM : 02-09-2035)|241|Interest Payments|2049-01-101-4-28|Interest Payments|C|Data|Object-Head||19830.00|19830.00|19830.00|100.0
163|01|29|2049|Interest Payments|01|Interest on Internal Debt|101|Interest on Market Loans|4|Interest on Market Loans|28|2020-21 - 6.61% KSDL 2035 (DOM : 02-09-2035)|||2049-01-101-4-28|HOA Total :|C|Total|Detailed-Head|13220.00|19830.00|19830.00|19830.00|100.0
163|01|29|2049|Interest Payments|01|Interest on Internal Debt|101|Interest on Market Loans|4|Interest on Market Loans|29|2020-21 - 6.56% KSDL 2030 (DOM : 09-09-2030)|||2049-01-101-4-29|2020-21 - 6.56% KSDL 2030 (DOM : 09-09-2030)|C|Header|Detailed-Head|||||100.0
163|01|29|2049|Interest Payments|01|Interest on Internal Debt|101|Interest on Market Loans|4|Interest on Market Loans|29|2020-21 - 6.56% KSDL 2030 (DOM : 09-09-2030)|240|Repayment of Borrowings|2049-01-101-4-29|Repayment of Borrowings|C|Data|Object-Head|6560.00||||100.0
163|01|29|2049|Interest Payments|01|Interest on Internal Debt|101|Interest on Market Loans|4|Interest on Market Loans|29|2020-21 - 6.56% KSDL 2030 (DOM : 09-09-2030)|241|Interest Payments|2049-01-101-4-29|Interest Payments|C|Data|Object-Head||6560.00|6560.00|6560.00|100.0
163|01|29|2049|Interest Payments|01|Interest on Internal Debt|101|Interest on Market Loans|4|Interest on Market Loans|29|2020-21 - 6.56% KSDL 2030 (DOM : 09-09-2030)|||2049-01-101-4-29|HOA Total :|C|Total|Detailed-Head|6560.00|6560.00|6560.00|6560.00|100.0
163|01|29|2049|Interest Payments|01|Interest on Internal Debt|101|Interest on Market Loans|4|Interest on Market Loans|30|2020-21 - 6.77% KSDL 2034 (DOM : 09-09-2034)|||2049-01-101-4-30|2020-21 - 6.77% KSDL 2034 (DOM : 09-09-2034)|C|Header|Detailed-Head|||||100.0
163|01|29|2049|Interest Payments|01|Interest on Internal Debt|101|Interest on Market Loans|4|Interest on Market Loans|30|2020-21 - 6.77% KSDL 2034 (DOM : 09-09-2034)|240|Repayment of Borrowings|2049-01-101-4-30|Repayment of Borrowings|C|Data|Object-Head|6768.31||||100.0
163|01|29|2049|Interest Payments|01|Interest on Internal Debt|101|Interest on Market Loans|4|Interest on Market Loans|30|2020-21 - 6.77% KSDL 2034 (DOM : 09-09-2034)|241|Interest Payments|2049-01-101-4-30|Interest Payments|C|Data|Object-Head||6770.00|6770.00|6770.00|100.0
163|01|29|2049|Interest Payments|01|Interest on Internal Debt|101|Interest on Market Loans|4|Interest on Market Loans|30|2020-21 - 6.77% KSDL 2034 (DOM : 09-09-2034)|||2049-01-101-4-30|HOA Total :|C|Total|Detailed-Head|6768.31|6770.00|6770.00|6770.00|100.0
163|01|29|2049|Interest Payments|01|Interest on Internal Debt|101|Interest on Market Loans|4|Interest on Market Loans|31|2020-21 - 6.65% KSDL 2030 (DOM : 16-09-2030)|||2049-01-101-4-31|2020-21 - 6.65% KSDL 2030 (DOM : 16-09-2030)|C|Header|Detailed-Head|||||100.0
163|01|29|2049|Interest Payments|01|Interest on Internal Debt|101|Interest on Market Loans|4|Interest on Market Loans|31|2020-21 - 6.65% KSDL 2030 (DOM : 16-09-2030)|240|Repayment of Borrowings|2049-01-101-4-31|Repayment of Borrowings|C|Data|Object-Head|6650.00||||100.0
164|01|29|2049|Interest Payments|01|Interest on Internal Debt|101|Interest on Market Loans|4|Interest on Market Loans|31|2020-21 - 6.65% KSDL 2030 (DOM : 16-09-2030)|241|Interest Payments|2049-01-101-4-31|Interest Payments|C|Data|Object-Head||6650.00|6650.00|6650.00|100.0
164|01|29|2049|Interest Payments|01|Interest on Internal Debt|101|Interest on Market Loans|4|Interest on Market Loans|31|2020-21 - 6.65% KSDL 2030 (DOM : 16-09-2030)|||2049-01-101-4-31|HOA Total :|C|Total|Detailed-Head|6650.00|6650.00|6650.00|6650.00|100.0
164|01|29|2049|Interest Payments|01|Interest on Internal Debt|101|Interest on Market Loans|4|Interest on Market Loans|32|2020-21 - 6.75% KSDL 2033 (DOM : 16-09-2033)|||2049-01-101-4-32|2020-21 - 6.75% KSDL 2033 (DOM : 16-09-2033)|C|Header|Detailed-Head|||||100.0
164|01|29|2049|Interest Payments|01|Interest on Internal Debt|101|Interest on Market Loans|4|Interest on Market Loans|32|2020-21 - 6.75% KSDL 2033 (DOM : 16-09-2033)|240|Repayment of Borrowings|2049-01-101-4-32|Repayment of Borrowings|C|Data|Object-Head|6750.00||||100.0
164|01|29|2049|Interest Payments|01|Interest on Internal Debt|101|Interest on Market Loans|4|Interest on Market Loans|32|2020-21 - 6.75% KSDL 2033 (DOM : 16-09-2033)|241|Interest Payments|2049-01-101-4-32|Interest Payments|C|Data|Object-Head||6750.00|6750.00|6750.00|100.0
164|01|29|2049|Interest Payments|01|Interest on Internal Debt|101|Interest on Market Loans|4|Interest on Market Loans|32|2020-21 - 6.75% KSDL 2033 (DOM : 16-09-2033)|||2049-01-101-4-32|HOA Total :|C|Total|Detailed-Head|6750.00|6750.00|6750.00|6750.00|100.0
164|01|29|2049|Interest Payments|01|Interest on Internal Debt|101|Interest on Market Loans|4|Interest on Market Loans|33|2020-21 - 6.70% KSDL 2030 (DOM : 23-09-2030)|||2049-01-101-4-33|2020-21 - 6.70% KSDL 2030 (DOM : 23-09-2030)|C|Header|Detailed-Head|||||100.0
164|01|29|2049|Interest Payments|01|Interest on Internal Debt|101|Interest on Market Loans|4|Interest on Market Loans|33|2020-21 - 6.70% KSDL 2030 (DOM : 23-09-2030)|240|Repayment of Borrowings|2049-01-101-4-33|Repayment of Borrowings|C|Data|Object-Head|6700.00||||100.0
164|01|29|2049|Interest Payments|01|Interest on Internal Debt|101|Interest on Market Loans|4|Interest on Market Loans|33|2020-21 - 6.70% KSDL 2030 (DOM : 23-09-2030)|241|Interest Payments|2049-01-101-4-33|Interest Payments|C|Data|Object-Head||6700.00|6700.00|6700.00|100.0
164|01|29|2049|Interest Payments|01|Interest on Internal Debt|101|Interest on Market Loans|4|Interest on Market Loans|33|2020-21 - 6.70% KSDL 2030 (DOM : 23-09-2030)|||2049-01-101-4-33|HOA Total :|C|Total|Detailed-Head|6700.00|6700.00|6700.00|6700.00|100.0
164|01|29|2049|Interest Payments|01|Interest on Internal Debt|101|Interest on Market Loans|4|Interest on Market Loans|34|2020-21 - 6.78% KSDL 2032 (DOM : 23-09-2032)|||2049-01-101-4-34|2020-21 - 6.78% KSDL 2032 (DOM : 23-09-2032)|C|Header|Detailed-Head|||||100.0
164|01|29|2049|Interest Payments|01|Interest on Internal Debt|101|Interest on Market Loans|4|Interest on Market Loans|34|2020-21 - 6.78% KSDL 2032 (DOM : 23-09-2032)|240|Repayment of Borrowings|2049-01-101-4-34|Repayment of Borrowings|C|Data|Object-Head|6780.00||||100.0
164|01|29|2049|Interest Payments|01|Interest on Internal Debt|101|Interest on Market Loans|4|Interest on Market Loans|34|2020-21 - 6.78% KSDL 2032 (DOM : 23-09-2032)|241|Interest Payments|2049-01-101-4-34|Interest Payments|C|Data|Object-Head||6780.00|6780.00|6780.00|100.0
164|01|29|2049|Interest Payments|01|Interest on Internal Debt|101|Interest on Market Loans|4|Interest on Market Loans|34|2020-21 - 6.78% KSDL 2032 (DOM : 23-09-2032)|||2049-01-101-4-34|HOA Total :|C|Total|Detailed-Head|6780.00|6780.00|6780.00|6780.00|100.0
164|01|29|2049|Interest Payments|01|Interest on Internal Debt|101|Interest on Market Loans|4|Interest on Market Loans|35|2020-21 - 6.85% KSDL 2030 (DOM : 30-09-2030)|||2049-01-101-4-35|2020-21 - 6.85% KSDL 2030 (DOM : 30-09-2030)|C|Header|Detailed-Head|||||100.0
164|01|29|2049|Interest Payments|01|Interest on Internal Debt|101|Interest on Market Loans|4|Interest on Market Loans|35|2020-21 - 6.85% KSDL 2030 (DOM : 30-09-2030)|240|Repayment of Borrowings|2049-01-101-4-35|Repayment of Borrowings|C|Data|Object-Head|3425.00||||100.0
164|01|29|2049|Interest Payments|01|Interest on Internal Debt|101|Interest on Market Loans|4|Interest on Market Loans|35|2020-21 - 6.85% KSDL 2030 (DOM : 30-09-2030)|241|Interest Payments|2049-01-101-4-35|Interest Payments|C|Data|Object-Head||6850.00|10275.00|6850.00|100.0
164|01|29|2049|Interest Payments|01|Interest on Internal Debt|101|Interest on Market Loans|4|Interest on Market Loans|35|2020-21 - 6.85% KSDL 2030 (DOM : 30-09-2030)|||2049-01-101-4-35|HOA Total :|C|Total|Detailed-Head|3425.00|6850.00|10275.00|6850.00|100.0
165|01|29|2049|Interest Payments|01|Interest on Internal Debt|101|Interest on Market Loans|4|Interest on Market Loans|36|2020-21 - 6.97% KSDL 2031 (DOM : 30-09-2031)|||2049-01-101-4-36|2020-21 - 6.97% KSDL 2031 (DOM : 30-09-2031)|C|Header|Detailed-Head|||||100.0
165|01|29|2049|Interest Payments|01|Interest on Internal Debt|101|Interest on Market Loans|4|Interest on Market Loans|36|2020-21 - 6.97% KSDL 2031 (DOM : 30-09-2031)|240|Repayment of Borrowings|2049-01-101-4-36|Repayment of Borrowings|C|Data|Object-Head|3485.00||||100.0
165|01|29|2049|Interest Payments|01|Interest on Internal Debt|101|Interest on Market Loans|4|Interest on Market Loans|36|2020-21 - 6.97% KSDL 2031 (DOM : 30-09-2031)|241|Interest Payments|2049-01-101-4-36|Interest Payments|C|Data|Object-Head||6970.00|10455.00|6970.00|100.0
165|01|29|2049|Interest Payments|01|Interest on Internal Debt|101|Interest on Market Loans|4|Interest on Market Loans|36|2020-21 - 6.97% KSDL 2031 (DOM : 30-09-2031)|||2049-01-101-4-36|HOA Total :|C|Total|Detailed-Head|3485.00|6970.00|10455.00|6970.00|100.0
165|01|29|2049|Interest Payments|01|Interest on Internal Debt|101|Interest on Market Loans|4|Interest on Market Loans|37|2020-21 - 6.86% KSDL 2030 (DOM : 07-10-2030)|||2049-01-101-4-37|2020-21 - 6.86% KSDL 2030 (DOM : 07-10-2030)|C|Header|Detailed-Head|||||100.0
165|01|29|2049|Interest Payments|01|Interest on Internal Debt|101|Interest on Market Loans|4|Interest on Market Loans|37|2020-21 - 6.86% KSDL 2030 (DOM : 07-10-2030)|240|Repayment of Borrowings|2049-01-101-4-37|Repayment of Borrowings|C|Data|Object-Head|6860.00||||100.0
165|01|29|2049|Interest Payments|01|Interest on Internal Debt|101|Interest on Market Loans|4|Interest on Market Loans|37|2020-21 - 6.86% KSDL 2030 (DOM : 07-10-2030)|241|Interest Payments|2049-01-101-4-37|Interest Payments|C|Data|Object-Head||6860.00|6860.00|6860.00|100.0
165|01|29|2049|Interest Payments|01|Interest on Internal Debt|101|Interest on Market Loans|4|Interest on Market Loans|37|2020-21 - 6.86% KSDL 2030 (DOM : 07-10-2030)|||2049-01-101-4-37|HOA Total :|C|Total|Detailed-Head|6860.00|6860.00|6860.00|6860.00|100.0
165|01|29|2049|Interest Payments|01|Interest on Internal Debt|101|Interest on Market Loans|4|Interest on Market Loans|38|2020-21 - 7.08% KSDL 2034 (DOM : 07-10-2034)|||2049-01-101-4-38|2020-21 - 7.08% KSDL 2034 (DOM : 07-10-2034)|C|Header|Detailed-Head|||||100.0
165|01|29|2049|Interest Payments|01|Interest on Internal Debt|101|Interest on Market Loans|4|Interest on Market Loans|38|2020-21 - 7.08% KSDL 2034 (DOM : 07-10-2034)|240|Repayment of Borrowings|2049-01-101-4-38|Repayment of Borrowings|C|Data|Object-Head|7080.00||||100.0
165|01|29|2049|Interest Payments|01|Interest on Internal Debt|101|Interest on Market Loans|4|Interest on Market Loans|38|2020-21 - 7.08% KSDL 2034 (DOM : 07-10-2034)|241|Interest Payments|2049-01-101-4-38|Interest Payments|C|Data|Object-Head||7080.00|7080.00|7080.00|100.0
165|01|29|2049|Interest Payments|01|Interest on Internal Debt|101|Interest on Market Loans|4|Interest on Market Loans|38|2020-21 - 7.08% KSDL 2034 (DOM : 07-10-2034)|||2049-01-101-4-38|HOA Total :|C|Total|Detailed-Head|7080.00|7080.00|7080.00|7080.00|100.0
165|01|29|2049|Interest Payments|01|Interest on Internal Debt|101|Interest on Market Loans|4|Interest on Market Loans|39|2020-21 - 6.61% KSDL 2030 (DOM : 14-10-2030)|||2049-01-101-4-39|2020-21 - 6.61% KSDL 2030 (DOM : 14-10-2030)|C|Header|Detailed-Head|||||100.0
165|01|29|2049|Interest Payments|01|Interest on Internal Debt|101|Interest on Market Loans|4|Interest on Market Loans|39|2020-21 - 6.61% KSDL 2030 (DOM : 14-10-2030)|240|Repayment of Borrowings|2049-01-101-4-39|Repayment of Borrowings|C|Data|Object-Head|6610.00||||100.0
165|01|29|2049|Interest Payments|01|Interest on Internal Debt|101|Interest on Market Loans|4|Interest on Market Loans|39|2020-21 - 6.61% KSDL 2030 (DOM : 14-10-2030)|241|Interest Payments|2049-01-101-4-39|Interest Payments|C|Data|Object-Head||6610.00|6610.00|6610.00|100.0
165|01|29|2049|Interest Payments|01|Interest on Internal Debt|101|Interest on Market Loans|4|Interest on Market Loans|39|2020-21 - 6.61% KSDL 2030 (DOM : 14-10-2030)|||2049-01-101-4-39|HOA Total :|C|Total|Detailed-Head|6610.00|6610.00|6610.00|6610.00|100.0
165|01|29|2049|Interest Payments|01|Interest on Internal Debt|101|Interest on Market Loans|4|Interest on Market Loans|40|2020-21 - 6.75% KSDL 2033 (DOM : 14-10-2033)|||2049-01-101-4-40|2020-21 - 6.75% KSDL 2033 (DOM : 14-10-2033)|C|Header|Detailed-Head|||||100.0
165|01|29|2049|Interest Payments|01|Interest on Internal Debt|101|Interest on Market Loans|4|Interest on Market Loans|40|2020-21 - 6.75% KSDL 2033 (DOM : 14-10-2033)|240|Repayment of Borrowings|2049-01-101-4-40|Repayment of Borrowings|C|Data|Object-Head|6750.00||||100.0
166|01|29|2049|Interest Payments|01|Interest on Internal Debt|101|Interest on Market Loans|4|Interest on Market Loans|40|2020-21 - 6.75% KSDL 2033 (DOM : 14-10-2033)|241|Interest Payments|2049-01-101-4-40|Interest Payments|C|Data|Object-Head||6750.00|6750.00|6750.00|100.0
166|01|29|2049|Interest Payments|01|Interest on Internal Debt|101|Interest on Market Loans|4|Interest on Market Loans|40|2020-21 - 6.75% KSDL 2033 (DOM : 14-10-2033)|||2049-01-101-4-40|HOA Total :|C|Total|Detailed-Head|6750.00|6750.00|6750.00|6750.00|100.0
166|01|29|2049|Interest Payments|01|Interest on Internal Debt|101|Interest on Market Loans|4|Interest on Market Loans|41|2020-21 - 6.51% KSDL 2030 (DOM : 21-10-2030)|||2049-01-101-4-41|2020-21 - 6.51% KSDL 2030 (DOM : 21-10-2030)|C|Header|Detailed-Head|||||100.0
166|01|29|2049|Interest Payments|01|Interest on Internal Debt|101|Interest on Market Loans|4|Interest on Market Loans|41|2020-21 - 6.51% KSDL 2030 (DOM : 21-10-2030)|240|Repayment of Borrowings|2049-01-101-4-41|Repayment of Borrowings|C|Data|Object-Head|6510.00||||100.0
166|01|29|2049|Interest Payments|01|Interest on Internal Debt|101|Interest on Market Loans|4|Interest on Market Loans|41|2020-21 - 6.51% KSDL 2030 (DOM : 21-10-2030)|241|Interest Payments|2049-01-101-4-41|Interest Payments|C|Data|Object-Head||6510.00|6510.00|6510.00|100.0
166|01|29|2049|Interest Payments|01|Interest on Internal Debt|101|Interest on Market Loans|4|Interest on Market Loans|41|2020-21 - 6.51% KSDL 2030 (DOM : 21-10-2030)|||2049-01-101-4-41|HOA Total :|C|Total|Detailed-Head|6510.00|6510.00|6510.00|6510.00|100.0
166|01|29|2049|Interest Payments|01|Interest on Internal Debt|101|Interest on Market Loans|4|Interest on Market Loans|42|2020-21 - 6.62% KSDL 2032 (DOM : 21-10-2032)|||2049-01-101-4-42|2020-21 - 6.62% KSDL 2032 (DOM : 21-10-2032)|C|Header|Detailed-Head|||||100.0
166|01|29|2049|Interest Payments|01|Interest on Internal Debt|101|Interest on Market Loans|4|Interest on Market Loans|42|2020-21 - 6.62% KSDL 2032 (DOM : 21-10-2032)|240|Repayment of Borrowings|2049-01-101-4-42|Repayment of Borrowings|C|Data|Object-Head|6620.00||||100.0
166|01|29|2049|Interest Payments|01|Interest on Internal Debt|101|Interest on Market Loans|4|Interest on Market Loans|42|2020-21 - 6.62% KSDL 2032 (DOM : 21-10-2032)|241|Interest Payments|2049-01-101-4-42|Interest Payments|C|Data|Object-Head||6620.00|6620.00|6620.00|100.0
166|01|29|2049|Interest Payments|01|Interest on Internal Debt|101|Interest on Market Loans|4|Interest on Market Loans|42|2020-21 - 6.62% KSDL 2032 (DOM : 21-10-2032)|||2049-01-101-4-42|HOA Total :|C|Total|Detailed-Head|6620.00|6620.00|6620.00|6620.00|100.0
166|01|29|2049|Interest Payments|01|Interest on Internal Debt|101|Interest on Market Loans|4|Interest on Market Loans|43|2020-21 - 6.40% KSDL 2030 (DOM : 28-10-2030)|||2049-01-101-4-43|2020-21 - 6.40% KSDL 2030 (DOM : 28-10-2030)|C|Header|Detailed-Head|||||100.0
166|01|29|2049|Interest Payments|01|Interest on Internal Debt|101|Interest on Market Loans|4|Interest on Market Loans|43|2020-21 - 6.40% KSDL 2030 (DOM : 28-10-2030)|240|Repayment of Borrowings|2049-01-101-4-43|Repayment of Borrowings|C|Data|Object-Head|6400.00||||100.0
166|01|29|2049|Interest Payments|01|Interest on Internal Debt|101|Interest on Market Loans|4|Interest on Market Loans|43|2020-21 - 6.40% KSDL 2030 (DOM : 28-10-2030)|241|Interest Payments|2049-01-101-4-43|Interest Payments|C|Data|Object-Head||6400.00|6400.00|6400.00|100.0
166|01|29|2049|Interest Payments|01|Interest on Internal Debt|101|Interest on Market Loans|4|Interest on Market Loans|43|2020-21 - 6.40% KSDL 2030 (DOM : 28-10-2030)|||2049-01-101-4-43|HOA Total :|C|Total|Detailed-Head|6400.00|6400.00|6400.00|6400.00|100.0
166|01|29|2049|Interest Payments|01|Interest on Internal Debt|101|Interest on Market Loans|4|Interest on Market Loans|44|2020-21 - 6.48% KSDL 2031 (DOM : 28-10-2031)|||2049-01-101-4-44|2020-21 - 6.48% KSDL 2031 (DOM : 28-10-2031)|C|Header|Detailed-Head|||||100.0
166|01|29|2049|Interest Payments|01|Interest on Internal Debt|101|Interest on Market Loans|4|Interest on Market Loans|44|2020-21 - 6.48% KSDL 2031 (DOM : 28-10-2031)|240|Repayment of Borrowings|2049-01-101-4-44|Repayment of Borrowings|C|Data|Object-Head|6480.00||||100.0
166|01|29|2049|Interest Payments|01|Interest on Internal Debt|101|Interest on Market Loans|4|Interest on Market Loans|44|2020-21 - 6.48% KSDL 2031 (DOM : 28-10-2031)|241|Interest Payments|2049-01-101-4-44|Interest Payments|C|Data|Object-Head||6480.00|6480.00|6480.00|100.0
166|01|29|2049|Interest Payments|01|Interest on Internal Debt|101|Interest on Market Loans|4|Interest on Market Loans|44|2020-21 - 6.48% KSDL 2031 (DOM : 28-10-2031)|||2049-01-101-4-44|HOA Total :|C|Total|Detailed-Head|6480.00|6480.00|6480.00|6480.00|100.0
167|01|29|2049|Interest Payments|01|Interest on Internal Debt|101|Interest on Market Loans|4|Interest on Market Loans|45|2020-21 - 6.40% KSDL 2030 (DOM : 04-11-2030)|||2049-01-101-4-45|2020-21 - 6.40% KSDL 2030 (DOM : 04-11-2030)|C|Header|Detailed-Head|||||100.0
167|01|29|2049|Interest Payments|01|Interest on Internal Debt|101|Interest on Market Loans|4|Interest on Market Loans|45|2020-21 - 6.40% KSDL 2030 (DOM : 04-11-2030)|240|Repayment of Borrowings|2049-01-101-4-45|Repayment of Borrowings|C|Data|Object-Head|6400.00||||100.0
167|01|29|2049|Interest Payments|01|Interest on Internal Debt|101|Interest on Market Loans|4|Interest on Market Loans|45|2020-21 - 6.40% KSDL 2030 (DOM : 04-11-2030)|241|Interest Payments|2049-01-101-4-45|Interest Payments|C|Data|Object-Head||6400.00|6400.00|6400.00|100.0
167|01|29|2049|Interest Payments|01|Interest on Internal Debt|101|Interest on Market Loans|4|Interest on Market Loans|45|2020-21 - 6.40% KSDL 2030 (DOM : 04-11-2030)|||2049-01-101-4-45|HOA Total :|C|Total|Detailed-Head|6400.00|6400.00|6400.00|6400.00|100.0
167|01|29|2049|Interest Payments|01|Interest on Internal Debt|101|Interest on Market Loans|4|Interest on Market Loans|46|2020-21 - 6.75% KSDL 2035 (DOM : 04-11-2035)|||2049-01-101-4-46|2020-21 - 6.75% KSDL 2035 (DOM : 04-11-2035)|C|Header|Detailed-Head|||||100.0
167|01|29|2049|Interest Payments|01|Interest on Internal Debt|101|Interest on Market Loans|4|Interest on Market Loans|46|2020-21 - 6.75% KSDL 2035 (DOM : 04-11-2035)|240|Repayment of Borrowings|2049-01-101-4-46|Repayment of Borrowings|C|Data|Object-Head|6750.00||||100.0
167|01|29|2049|Interest Payments|01|Interest on Internal Debt|101|Interest on Market Loans|4|Interest on Market Loans|46|2020-21 - 6.75% KSDL 2035 (DOM : 04-11-2035)|241|Interest Payments|2049-01-101-4-46|Interest Payments|C|Data|Object-Head||20250.00|20250.00|20250.00|100.0
167|01|29|2049|Interest Payments|01|Interest on Internal Debt|101|Interest on Market Loans|4|Interest on Market Loans|46|2020-21 - 6.75% KSDL 2035 (DOM : 04-11-2035)|||2049-01-101-4-46|HOA Total :|C|Total|Detailed-Head|6750.00|20250.00|20250.00|20250.00|100.0
167|01|29|2049|Interest Payments|01|Interest on Internal Debt|101|Interest on Market Loans|4|Interest on Market Loans|47|2020-21 - 6.47% KSDL 2030 (DOM : 11-11-2030)|||2049-01-101-4-47|2020-21 - 6.47% KSDL 2030 (DOM : 11-11-2030)|C|Header|Detailed-Head|||||100.0
167|01|29|2049|Interest Payments|01|Interest on Internal Debt|101|Interest on Market Loans|4|Interest on Market Loans|47|2020-21 - 6.47% KSDL 2030 (DOM : 11-11-2030)|240|Repayment of Borrowings|2049-01-101-4-47|Repayment of Borrowings|C|Data|Object-Head|6470.00||||100.0
167|01|29|2049|Interest Payments|01|Interest on Internal Debt|101|Interest on Market Loans|4|Interest on Market Loans|47|2020-21 - 6.47% KSDL 2030 (DOM : 11-11-2030)|241|Interest Payments|2049-01-101-4-47|Interest Payments|C|Data|Object-Head||6470.00|6470.00|6470.00|100.0
167|01|29|2049|Interest Payments|01|Interest on Internal Debt|101|Interest on Market Loans|4|Interest on Market Loans|47|2020-21 - 6.47% KSDL 2030 (DOM : 11-11-2030)|||2049-01-101-4-47|HOA Total :|C|Total|Detailed-Head|6470.00|6470.00|6470.00|6470.00|100.0
167|01|29|2049|Interest Payments|01|Interest on Internal Debt|101|Interest on Market Loans|4|Interest on Market Loans|48|2020-21 - 6.75% KSDL 2034 (DOM : 11-11-2034)|||2049-01-101-4-48|2020-21 - 6.75% KSDL 2034 (DOM : 11-11-2034)|C|Header|Detailed-Head|||||100.0
167|01|29|2049|Interest Payments|01|Interest on Internal Debt|101|Interest on Market Loans|4|Interest on Market Loans|48|2020-21 - 6.75% KSDL 2034 (DOM : 11-11-2034)|240|Repayment of Borrowings|2049-01-101-4-48|Repayment of Borrowings|C|Data|Object-Head|6750.00||||100.0
167|01|29|2049|Interest Payments|01|Interest on Internal Debt|101|Interest on Market Loans|4|Interest on Market Loans|48|2020-21 - 6.75% KSDL 2034 (DOM : 11-11-2034)|241|Interest Payments|2049-01-101-4-48|Interest Payments|C|Data|Object-Head||6750.00|6750.00|6750.00|100.0
167|01|29|2049|Interest Payments|01|Interest on Internal Debt|101|Interest on Market Loans|4|Interest on Market Loans|48|2020-21 - 6.75% KSDL 2034 (DOM : 11-11-2034)|||2049-01-101-4-48|HOA Total :|C|Total|Detailed-Head|6750.00|6750.00|6750.00|6750.00|100.0
167|01|29|2049|Interest Payments|01|Interest on Internal Debt|101|Interest on Market Loans|4|Interest on Market Loans|49|2020-21 -6.49% ಕೆನಾ೯ಟಕ ಸಕಾ೯ರದ ಪೇರು 2030 (ಪರಿಪಕ್ವತೆಯ ದಿನಾಂಕ:18.11.2030) / 2020-21 - 6.49% KSDL 2030 (DOM : 18-11-2030)|||2049-01-101-4-49|2020-21 -6.49% ಕೆನಾ೯ಟಕ ಸಕಾ೯ರದ ಪೇರು 2030 (ಪರಿಪಕ್ವತೆಯ ದಿನಾಂಕ:18.11.2030) / 2020-21 - 6.49% KSDL 2030 (DOM : 18-11-2030)|C|Header|Detailed-Head|||||100.0
167|01|29|2049|Interest Payments|01|Interest on Internal Debt|101|Interest on Market Loans|4|Interest on Market Loans|49|2020-21 -6.49% ಕೆನಾ೯ಟಕ ಸಕಾ೯ರದ ಪೇರು 2030 (ಪರಿಪಕ್ವತೆಯ ದಿನಾಂಕ:18.11.2030) / 2020-21 - 6.49% KSDL 2030 (DOM : 18-11-2030)|240|Repayment of Borrowings|2049-01-101-4-49|Repayment of Borrowings|C|Data|Object-Head|6490.00||||100.0
168|01|29|2049|Interest Payments|01|Interest on Internal Debt|101|Interest on Market Loans|4|Interest on Market Loans|49|2020-21 - 6.49% KSDL 2030 (DOM : 18-11-2030)|241|Interest Payments|2049-01-101-4-49|Interest Payments|C|Data|Object-Head||6490.00|6490.00|6490.00|100.0
168|01|29|2049|Interest Payments|01|Interest on Internal Debt|101|Interest on Market Loans|4|Interest on Market Loans|49|2020-21 - 6.49% KSDL 2030 (DOM : 18-11-2030)|||2049-01-101-4-49|HOA Total :|C|Total|Detailed-Head|6490.00|6490.00|6490.00|6490.00|100.0
168|01|29|2049|Interest Payments|01|Interest on Internal Debt|101|Interest on Market Loans|4|Interest on Market Loans|50|2020-21 - 6.72% KSDL 2033 (DOM : 18-11-2033)|||2049-01-101-4-50|2020-21 - 6.72% KSDL 2033 (DOM : 18-11-2033)|C|Header|Detailed-Head|||||100.0
168|01|29|2049|Interest Payments|01|Interest on Internal Debt|101|Interest on Market Loans|4|Interest on Market Loans|50|2020-21 - 6.72% KSDL 2033 (DOM : 18-11-2033)|240|Repayment of Borrowings|2049-01-101-4-50|Repayment of Borrowings|C|Data|Object-Head|6720.00||||100.0
168|01|29|2049|Interest Payments|01|Interest on Internal Debt|101|Interest on Market Loans|4|Interest on Market Loans|50|2020-21 - 6.72% KSDL 2033 (DOM : 18-11-2033)|241|Interest Payments|2049-01-101-4-50|Interest Payments|C|Data|Object-Head||6720.00|6720.00|6720.00|100.0
168|01|29|2049|Interest Payments|01|Interest on Internal Debt|101|Interest on Market Loans|4|Interest on Market Loans|50|2020-21 - 6.72% KSDL 2033 (DOM : 18-11-2033)|||2049-01-101-4-50|HOA Total :|C|Total|Detailed-Head|6720.00|6720.00|6720.00|6720.00|100.0
168|01|29|2049|Interest Payments|01|Interest on Internal Debt|101|Interest on Market Loans|4|Interest on Market Loans|51|2020-21 - 6.50% KSDL 2030 (DOM : 25-11-2030)|||2049-01-101-4-51|2020-21 - 6.50% KSDL 2030 (DOM : 25-11-2030)|C|Header|Detailed-Head|||||100.0
168|01|29|2049|Interest Payments|01|Interest on Internal Debt|101|Interest on Market Loans|4|Interest on Market Loans|51|2020-21 - 6.50% KSDL 2030 (DOM : 25-11-2030)|240|Repayment of Borrowings|2049-01-101-4-51|Repayment of Borrowings|C|Data|Object-Head|6500.00||||100.0
168|01|29|2049|Interest Payments|01|Interest on Internal Debt|101|Interest on Market Loans|4|Interest on Market Loans|51|2020-21 - 6.50% KSDL 2030 (DOM : 25-11-2030)|241|Interest Payments|2049-01-101-4-51|Interest Payments|C|Data|Object-Head||6500.00|6500.00|6500.00|100.0
168|01|29|2049|Interest Payments|01|Interest on Internal Debt|101|Interest on Market Loans|4|Interest on Market Loans|51|2020-21 - 6.50% KSDL 2030 (DOM : 25-11-2030)|||2049-01-101-4-51|HOA Total :|C|Total|Detailed-Head|6500.00|6500.00|6500.00|6500.00|100.0
168|01|29|2049|Interest Payments|01|Interest on Internal Debt|101|Interest on Market Loans|4|Interest on Market Loans|52|2020-21 - 6.66% KSDL 2032 (DOM : 25-11-2032)|||2049-01-101-4-52|2020-21 - 6.66% KSDL 2032 (DOM : 25-11-2032)|C|Header|Detailed-Head|||||100.0
168|01|29|2049|Interest Payments|01|Interest on Internal Debt|101|Interest on Market Loans|4|Interest on Market Loans|52|2020-21 - 6.66% KSDL 2032 (DOM : 25-11-2032)|240|Repayment of Borrowings|2049-01-101-4-52|Repayment of Borrowings|C|Data|Object-Head|6660.00||||100.0
168|01|29|2049|Interest Payments|01|Interest on Internal Debt|101|Interest on Market Loans|4|Interest on Market Loans|52|2020-21 - 6.66% KSDL 2032 (DOM : 25-11-2032)|241|Interest Payments|2049-01-101-4-52|Interest Payments|C|Data|Object-Head||6660.00|6660.00|6660.00|100.0
168|01|29|2049|Interest Payments|01|Interest on Internal Debt|101|Interest on Market Loans|4|Interest on Market Loans|52|2020-21 - 6.66% KSDL 2032 (DOM : 25-11-2032)|||2049-01-101-4-52|HOA Total :|C|Total|Detailed-Head|6660.00|6660.00|6660.00|6660.00|100.0
168|01|29|2049|Interest Payments|01|Interest on Internal Debt|101|Interest on Market Loans|4|Interest on Market Loans|53|2020-21 - 6.53% KSDL 2030 (DOM : 02-12-2030)|||2049-01-101-4-53|2020-21 - 6.53% KSDL 2030 (DOM : 02-12-2030)|C|Header|Detailed-Head|||||100.0
168|01|29|2049|Interest Payments|01|Interest on Internal Debt|101|Interest on Market Loans|4|Interest on Market Loans|53|2020-21 - 6.53% KSDL 2030 (DOM : 02-12-2030)|240|Repayment of Borrowings|2049-01-101-4-53|Repayment of Borrowings|C|Data|Object-Head|6530.00||||100.0
168|01|29|2049|Interest Payments|01|Interest on Internal Debt|101|Interest on Market Loans|4|Interest on Market Loans|53|2020-21 - 6.53% KSDL 2030 (DOM : 02-12-2030)|241|Interest Payments|2049-01-101-4-53|Interest Payments|C|Data|Object-Head||6530.00|6530.00|6530.00|100.0
168|01|29|2049|Interest Payments|01|Interest on Internal Debt|101|Interest on Market Loans|4|Interest on Market Loans|53|2020-21 - 6.53% KSDL 2030 (DOM : 02-12-2030)|||2049-01-101-4-53|HOA Total :|C|Total|Detailed-Head|6530.00|6530.00|6530.00|6530.00|100.0
169|01|29|2049|Interest Payments|01|Interest on Internal Debt|101|Interest on Market Loans|4|Interest on Market Loans|54|2020-21 - 6.69% KSDL 2037 (DOM : 02-12-2037)|||2049-01-101-4-54|2020-21 - 6.69% KSDL 2037 (DOM : 02-12-2037)|C|Header|Detailed-Head|||||100.0
169|01|29|2049|Interest Payments|01|Interest on Internal Debt|101|Interest on Market Loans|4|Interest on Market Loans|54|2020-21 - 6.69% KSDL 2037 (DOM : 02-12-2037)|240|Repayment of Borrowings|2049-01-101-4-54|Repayment of Borrowings|C|Data|Object-Head|6690.00||||100.0
169|01|29|2049|Interest Payments|01|Interest on Internal Debt|101|Interest on Market Loans|4|Interest on Market Loans|54|2020-21 - 6.69% KSDL 2037 (DOM : 02-12-2037)|241|Interest Payments|2049-01-101-4-54|Interest Payments|C|Data|Object-Head||6690.00|6690.00|6690.00|100.0
169|01|29|2049|Interest Payments|01|Interest on Internal Debt|101|Interest on Market Loans|4|Interest on Market Loans|54|2020-21 - 6.69% KSDL 2037 (DOM : 02-12-2037)|||2049-01-101-4-54|HOA Total :|C|Total|Detailed-Head|6690.00|6690.00|6690.00|6690.00|100.0
169|01|29|2049|Interest Payments|01|Interest on Internal Debt|101|Interest on Market Loans|4|Interest on Market Loans|56|2020-21 - 6.54% KSDL 2030 (DOM : 09-12-2030)|||2049-01-101-4-56|2020-21 - 6.54% KSDL 2030 (DOM : 09-12-2030)|C|Header|Detailed-Head|||||100.0
169|01|29|2049|Interest Payments|01|Interest on Internal Debt|101|Interest on Market Loans|4|Interest on Market Loans|56|2020-21 - 6.54% KSDL 2030 (DOM : 09-12-2030)|240|Repayment of Borrowings|2049-01-101-4-56|Repayment of Borrowings|C|Data|Object-Head|6540.00||||100.0
169|01|29|2049|Interest Payments|01|Interest on Internal Debt|101|Interest on Market Loans|4|Interest on Market Loans|56|2020-21 - 6.54% KSDL 2030 (DOM : 09-12-2030)|241|Interest Payments|2049-01-101-4-56|Interest Payments|C|Data|Object-Head||6540.00|6540.00|6540.00|100.0
169|01|29|2049|Interest Payments|01|Interest on Internal Debt|101|Interest on Market Loans|4|Interest on Market Loans|56|2020-21 - 6.54% KSDL 2030 (DOM : 09-12-2030)|||2049-01-101-4-56|HOA Total :|C|Total|Detailed-Head|6540.00|6540.00|6540.00|6540.00|100.0
169|01|29|2049|Interest Payments|01|Interest on Internal Debt|101|Interest on Market Loans|4|Interest on Market Loans|57|2020-21 - 6.68% KSDL 2036 (DOM : 09-12-2036)|||2049-01-101-4-57|2020-21 - 6.68% KSDL 2036 (DOM : 09-12-2036)|C|Header|Detailed-Head|||||100.0
169|01|29|2049|Interest Payments|01|Interest on Internal Debt|101|Interest on Market Loans|4|Interest on Market Loans|57|2020-21 - 6.68% KSDL 2036 (DOM : 09-12-2036)|240|Repayment of Borrowings|2049-01-101-4-57|Repayment of Borrowings|C|Data|Object-Head|6680.00||||100.0
169|01|29|2049|Interest Payments|01|Interest on Internal Debt|101|Interest on Market Loans|4|Interest on Market Loans|57|2020-21 - 6.68% KSDL 2036 (DOM : 09-12-2036)|241|Interest Payments|2049-01-101-4-57|Interest Payments|C|Data|Object-Head||6680.00|6680.00|6680.00|100.0
169|01|29|2049|Interest Payments|01|Interest on Internal Debt|101|Interest on Market Loans|4|Interest on Market Loans|57|2020-21 - 6.68% KSDL 2036 (DOM : 09-12-2036)|||2049-01-101-4-57|HOA Total :|C|Total|Detailed-Head|6680.00|6680.00|6680.00|6680.00|100.0
169|01|29|2049|Interest Payments|01|Interest on Internal Debt|101|Interest on Market Loans|4|Interest on Market Loans|58|2020-21 - 6.52% KSDL 2030 (DOM : 16-12-2030)|||2049-01-101-4-58|2020-21 - 6.52% KSDL 2030 (DOM : 16-12-2030)|C|Header|Detailed-Head|||||100.0
169|01|29|2049|Interest Payments|01|Interest on Internal Debt|101|Interest on Market Loans|4|Interest on Market Loans|58|2020-21 - 6.52% KSDL 2030 (DOM : 16-12-2030)|240|Repayment of Borrowings|2049-01-101-4-58|Repayment of Borrowings|C|Data|Object-Head|6520.00||||100.0
169|01|29|2049|Interest Payments|01|Interest on Internal Debt|101|Interest on Market Loans|4|Interest on Market Loans|58|2020-21 - 6.52% KSDL 2030 (DOM : 16-12-2030)|241|Interest Payments|2049-01-101-4-58|Interest Payments|C|Data|Object-Head||6520.00|6520.00|6520.00|100.0
169|01|29|2049|Interest Payments|01|Interest on Internal Debt|101|Interest on Market Loans|4|Interest on Market Loans|58|2020-21 - 6.52% KSDL 2030 (DOM : 16-12-2030)|||2049-01-101-4-58|HOA Total :|C|Total|Detailed-Head|6520.00|6520.00|6520.00|6520.00|100.0
169|01|29|2049|Interest Payments|01|Interest on Internal Debt|101|Interest on Market Loans|4|Interest on Market Loans|59|2020-21 - 6.65% KSDL 2035 (DOM : 16-12-2035)|||2049-01-101-4-59|2020-21 - 6.65% KSDL 2035 (DOM : 16-12-2035)|C|Header|Detailed-Head|||||100.0
169|01|29|2049|Interest Payments|01|Interest on Internal Debt|101|Interest on Market Loans|4|Interest on Market Loans|59|2020-21 - 6.65% KSDL 2035 (DOM : 16-12-2035)|240|Repayment of Borrowings|2049-01-101-4-59|Repayment of Borrowings|C|Data|Object-Head|6650.00||||100.0
170|01|29|2049|Interest Payments|01|Interest on Internal Debt|101|Interest on Market Loans|4|Interest on Market Loans|59|2020-21 - 6.65% KSDL 2035 (DOM : 16-12-2035)|241|Interest Payments|2049-01-101-4-59|Interest Payments|C|Data|Object-Head||6650.00|6650.00|6650.00|100.0
170|01|29|2049|Interest Payments|01|Interest on Internal Debt|101|Interest on Market Loans|4|Interest on Market Loans|59|2020-21 - 6.65% KSDL 2035 (DOM : 16-12-2035)|||2049-01-101-4-59|HOA Total :|C|Total|Detailed-Head|6650.00|6650.00|6650.00|6650.00|100.0
170|01|29|2049|Interest Payments|01|Interest on Internal Debt|101|Interest on Market Loans|4|Interest on Market Loans|60|2020-21 - 6.51% KSDL 2030 (DOM : 23-12-2030)|||2049-01-101-4-60|2020-21 - 6.51% KSDL 2030 (DOM : 23-12-2030)|C|Header|Detailed-Head|||||100.0
170|01|29|2049|Interest Payments|01|Interest on Internal Debt|101|Interest on Market Loans|4|Interest on Market Loans|60|2020-21 - 6.51% KSDL 2030 (DOM : 23-12-2030)|240|Repayment of Borrowings|2049-01-101-4-60|Repayment of Borrowings|C|Data|Object-Head|6510.00||||100.0
170|01|29|2049|Interest Payments|01|Interest on Internal Debt|101|Interest on Market Loans|4|Interest on Market Loans|60|2020-21 - 6.51% KSDL 2030 (DOM : 23-12-2030)|241|Interest Payments|2049-01-101-4-60|Interest Payments|C|Data|Object-Head||6510.00|6510.00|6510.00|100.0
170|01|29|2049|Interest Payments|01|Interest on Internal Debt|101|Interest on Market Loans|4|Interest on Market Loans|60|2020-21 - 6.51% KSDL 2030 (DOM : 23-12-2030)|||2049-01-101-4-60|HOA Total :|C|Total|Detailed-Head|6510.00|6510.00|6510.00|6510.00|100.0
170|01|29|2049|Interest Payments|01|Interest on Internal Debt|101|Interest on Market Loans|4|Interest on Market Loans|61|2020-21 - 6.63% KSDL 2034 (DOM : 23-12-2034)|||2049-01-101-4-61|2020-21 - 6.63% KSDL 2034 (DOM : 23-12-2034)|C|Header|Detailed-Head|||||100.0
170|01|29|2049|Interest Payments|01|Interest on Internal Debt|101|Interest on Market Loans|4|Interest on Market Loans|61|2020-21 - 6.63% KSDL 2034 (DOM : 23-12-2034)|240|Repayment of Borrowings|2049-01-101-4-61|Repayment of Borrowings|C|Data|Object-Head|6630.00||||100.0
170|01|29|2049|Interest Payments|01|Interest on Internal Debt|101|Interest on Market Loans|4|Interest on Market Loans|61|2020-21 - 6.63% KSDL 2034 (DOM : 23-12-2034)|241|Interest Payments|2049-01-101-4-61|Interest Payments|C|Data|Object-Head||6630.00|6630.00|6630.00|100.0
170|01|29|2049|Interest Payments|01|Interest on Internal Debt|101|Interest on Market Loans|4|Interest on Market Loans|61|2020-21 - 6.63% KSDL 2034 (DOM : 23-12-2034)|||2049-01-101-4-61|HOA Total :|C|Total|Detailed-Head|6630.00|6630.00|6630.00|6630.00|100.0
170|01|29|2049|Interest Payments|01|Interest on Internal Debt|101|Interest on Market Loans|4|Interest on Market Loans|62|2020-21 - 6.51% KSDL 2030 (DOM : 30-12-2030)|||2049-01-101-4-62|2020-21 - 6.51% KSDL 2030 (DOM : 30-12-2030)|C|Header|Detailed-Head|||||100.0
170|01|29|2049|Interest Payments|01|Interest on Internal Debt|101|Interest on Market Loans|4|Interest on Market Loans|62|2020-21 - 6.51% KSDL 2030 (DOM : 30-12-2030)|240|Repayment of Borrowings|2049-01-101-4-62|Repayment of Borrowings|C|Data|Object-Head|6510.00||||100.0
170|01|29|2049|Interest Payments|01|Interest on Internal Debt|101|Interest on Market Loans|4|Interest on Market Loans|62|2020-21 - 6.51% KSDL 2030 (DOM : 30-12-2030)|241|Interest Payments|2049-01-101-4-62|Interest Payments|C|Data|Object-Head||6510.00|6510.00|6510.00|100.0
170|01|29|2049|Interest Payments|01|Interest on Internal Debt|101|Interest on Market Loans|4|Interest on Market Loans|62|2020-21 - 6.51% KSDL 2030 (DOM : 30-12-2030)|||2049-01-101-4-62|HOA Total :|C|Total|Detailed-Head|6510.00|6510.00|6510.00|6510.00|100.0
170|01|29|2049|Interest Payments|01|Interest on Internal Debt|101|Interest on Market Loans|4|Interest on Market Loans|63|2020-21 - 6.62% KSDL 2032 (DOM : 30-12-2032)|||2049-01-101-4-63|2020-21 - 6.62% KSDL 2032 (DOM : 30-12-2032)|C|Header|Detailed-Head|||||100.0
170|01|29|2049|Interest Payments|01|Interest on Internal Debt|101|Interest on Market Loans|4|Interest on Market Loans|63|2020-21 - 6.62% KSDL 2032 (DOM : 30-12-2032)|240|Repayment of Borrowings|2049-01-101-4-63|Repayment of Borrowings|C|Data|Object-Head|6620.00||||100.0
170|01|29|2049|Interest Payments|01|Interest on Internal Debt|101|Interest on Market Loans|4|Interest on Market Loans|63|2020-21 - 6.62% KSDL 2032 (DOM : 30-12-2032)|241|Interest Payments|2049-01-101-4-63|Interest Payments|C|Data|Object-Head||6620.00|6620.00|6620.00|100.0
170|01|29|2049|Interest Payments|01|Interest on Internal Debt|101|Interest on Market Loans|4|Interest on Market Loans|63|2020-21 - 6.62% KSDL 2032 (DOM : 30-12-2032)|||2049-01-101-4-63|HOA Total :|C|Total|Detailed-Head|6620.00|6620.00|6620.00|6620.00|100.0
171|01|29|2049|Interest Payments|01|Interest on Internal Debt|101|Interest on Market Loans|4|Interest on Market Loans|64|2020-21 - 6.61% KSDL 2033 (DOM : 20-01-2033)|||2049-01-101-4-64|2020-21 - 6.61% KSDL 2033 (DOM : 20-01-2033)|C|Header|Detailed-Head|||||100.0
171|01|29|2049|Interest Payments|01|Interest on Internal Debt|101|Interest on Market Loans|4|Interest on Market Loans|64|2020-21 - 6.61% KSDL 2033 (DOM : 20-01-2033)|240|Repayment of Borrowings|2049-01-101-4-64|Repayment of Borrowings|C|Data|Object-Head|6610.00||||100.0
171|01|29|2049|Interest Payments|01|Interest on Internal Debt|101|Interest on Market Loans|4|Interest on Market Loans|64|2020-21 - 6.61% KSDL 2033 (DOM : 20-01-2033)|241|Interest Payments|2049-01-101-4-64|Interest Payments|C|Data|Object-Head||6610.00|6610.00|6610.00|100.0
171|01|29|2049|Interest Payments|01|Interest on Internal Debt|101|Interest on Market Loans|4|Interest on Market Loans|64|2020-21 - 6.61% KSDL 2033 (DOM : 20-01-2033)|||2049-01-101-4-64|HOA Total :|C|Total|Detailed-Head|6610.00|6610.00|6610.00|6610.00|100.0
171|01|29|2049|Interest Payments|01|Interest on Internal Debt|101|Interest on Market Loans|4|Interest on Market Loans|65|2020-21 - 6.60% KSDL 2037 (DOM : 20-01-2037)|||2049-01-101-4-65|2020-21 - 6.60% KSDL 2037 (DOM : 20-01-2037)|C|Header|Detailed-Head|||||100.0
171|01|29|2049|Interest Payments|01|Interest on Internal Debt|101|Interest on Market Loans|4|Interest on Market Loans|65|2020-21 - 6.60% KSDL 2037 (DOM : 20-01-2037)|240|Repayment of Borrowings|2049-01-101-4-65|Repayment of Borrowings|C|Data|Object-Head|6600.00||||100.0
171|01|29|2049|Interest Payments|01|Interest on Internal Debt|101|Interest on Market Loans|4|Interest on Market Loans|65|2020-21 - 6.60% KSDL 2037 (DOM : 20-01-2037)|241|Interest Payments|2049-01-101-4-65|Interest Payments|C|Data|Object-Head||6600.00|6600.00|6600.00|100.0
171|01|29|2049|Interest Payments|01|Interest on Internal Debt|101|Interest on Market Loans|4|Interest on Market Loans|65|2020-21 - 6.60% KSDL 2037 (DOM : 20-01-2037)|||2049-01-101-4-65|HOA Total :|C|Total|Detailed-Head|6600.00|6600.00|6600.00|6600.00|100.0
171|01|29|2049|Interest Payments|01|Interest on Internal Debt|101|Interest on Market Loans|4|Interest on Market Loans|66|2020-21 - 7.22% KSDL 2038 (DOM : 24-02-2038)|||2049-01-101-4-66|2020-21 - 7.22% KSDL 2038 (DOM : 24-02-2038)|C|Header|Detailed-Head|||||100.0
171|01|29|2049|Interest Payments|01|Interest on Internal Debt|101|Interest on Market Loans|4|Interest on Market Loans|66|2020-21 - 7.22% KSDL 2038 (DOM : 24-02-2038)|240|Repayment of Borrowings|2049-01-101-4-66|Repayment of Borrowings|C|Data|Object-Head|7220.00||||100.0
171|01|29|2049|Interest Payments|01|Interest on Internal Debt|101|Interest on Market Loans|4|Interest on Market Loans|66|2020-21 - 7.22% KSDL 2038 (DOM : 24-02-2038)|241|Interest Payments|2049-01-101-4-66|Interest Payments|C|Data|Object-Head||7220.00|7220.00|7220.00|100.0
171|01|29|2049|Interest Payments|01|Interest on Internal Debt|101|Interest on Market Loans|4|Interest on Market Loans|66|2020-21 - 7.22% KSDL 2038 (DOM : 24-02-2038)|||2049-01-101-4-66|HOA Total :|C|Total|Detailed-Head|7220.00|7220.00|7220.00|7220.00|100.0
171|01|29|2049|Interest Payments|01|Interest on Internal Debt|101|Interest on Market Loans|4|Interest on Market Loans|67|2020-21 - 7.35% KSDL 2039 (DOM : 24-02-2039)|||2049-01-101-4-67|2020-21 - 7.35% KSDL 2039 (DOM : 24-02-2039)|C|Header|Detailed-Head|||||100.0
171|01|29|2049|Interest Payments|01|Interest on Internal Debt|101|Interest on Market Loans|4|Interest on Market Loans|67|2020-21 - 7.35% KSDL 2039 (DOM : 24-02-2039)|240|Repayment of Borrowings|2049-01-101-4-67|Repayment of Borrowings|C|Data|Object-Head|7350.00||||100.0
171|01|29|2049|Interest Payments|01|Interest on Internal Debt|101|Interest on Market Loans|4|Interest on Market Loans|67|2020-21 - 7.35% KSDL 2039 (DOM : 24-02-2039)|241|Interest Payments|2049-01-101-4-67|Interest Payments|C|Data|Object-Head||7350.00|7350.00|7350.00|100.0
171|01|29|2049|Interest Payments|01|Interest on Internal Debt|101|Interest on Market Loans|4|Interest on Market Loans|67|2020-21 - 7.35% KSDL 2039 (DOM : 24-02-2039)|||2049-01-101-4-67|HOA Total :|C|Total|Detailed-Head|7350.00|7350.00|7350.00|7350.00|100.0
171|01|29|2049|Interest Payments|01|Interest on Internal Debt|101|Interest on Market Loans|4|Interest on Market Loans|68|2020-21 - 7.35% KSDL 2040 (DOM : 24-02-2040)|||2049-01-101-4-68|2020-21 - 7.35% KSDL 2040 (DOM : 24-02-2040)|C|Header|Detailed-Head|||||100.0
171|01|29|2049|Interest Payments|01|Interest on Internal Debt|101|Interest on Market Loans|4|Interest on Market Loans|68|2020-21 - 7.35% KSDL 2040 (DOM : 24-02-2040)|240|Repayment of Borrowings|2049-01-101-4-68|Repayment of Borrowings|C|Data|Object-Head|7350.00||||100.0
172|01|29|2049|Interest Payments|01|Interest on Internal Debt|101|Interest on Market Loans|4|Interest on Market Loans|68|2020-21 - 7.35% KSDL 2040 (DOM : 24-02-2040)|241|Interest Payments|2049-01-101-4-68|Interest Payments|C|Data|Object-Head||7350.00|7350.00|7350.00|100.0
172|01|29|2049|Interest Payments|01|Interest on Internal Debt|101|Interest on Market Loans|4|Interest on Market Loans|68|2020-21 - 7.35% KSDL 2040 (DOM : 24-02-2040)|||2049-01-101-4-68|HOA Total :|C|Total|Detailed-Head|7350.00|7350.00|7350.00|7350.00|100.0
172|01|29|2049|Interest Payments|01|Interest on Internal Debt|101|Interest on Market Loans|4|Interest on Market Loans|69|2020-21 - 7.29% KSDL 2036 (DOM : 03-03-2036)|||2049-01-101-4-69|2020-21 - 7.29% KSDL 2036 (DOM : 03-03-2036)|C|Header|Detailed-Head|||||100.0
172|01|29|2049|Interest Payments|01|Interest on Internal Debt|101|Interest on Market Loans|4|Interest on Market Loans|69|2020-21 - 7.29% KSDL 2036 (DOM : 03-03-2036)|240|Repayment of Borrowings|2049-01-101-4-69|Repayment of Borrowings|C|Data|Object-Head|7289.99||||100.0
172|01|29|2049|Interest Payments|01|Interest on Internal Debt|101|Interest on Market Loans|4|Interest on Market Loans|69|2020-21 - 7.29% KSDL 2036 (DOM : 03-03-2036)|241|Interest Payments|2049-01-101-4-69|Interest Payments|C|Data|Object-Head||7290.00|7290.00|7290.00|100.0
172|01|29|2049|Interest Payments|01|Interest on Internal Debt|101|Interest on Market Loans|4|Interest on Market Loans|69|2020-21 - 7.29% KSDL 2036 (DOM : 03-03-2036)|||2049-01-101-4-69|HOA Total :|C|Total|Detailed-Head|7289.99|7290.00|7290.00|7290.00|100.0
172|01|29|2049|Interest Payments|01|Interest on Internal Debt|101|Interest on Market Loans|4|Interest on Market Loans|70|2020-21 - 7.29% KSDL 2037 (DOM : 03-03-2037)|||2049-01-101-4-70|2020-21 - 7.29% KSDL 2037 (DOM : 03-03-2037)|C|Header|Detailed-Head|||||100.0
172|01|29|2049|Interest Payments|01|Interest on Internal Debt|101|Interest on Market Loans|4|Interest on Market Loans|70|2020-21 - 7.29% KSDL 2037 (DOM : 03-03-2037)|240|Repayment of Borrowings|2049-01-101-4-70|Repayment of Borrowings|C|Data|Object-Head|7284.90||||100.0
172|01|29|2049|Interest Payments|01|Interest on Internal Debt|101|Interest on Market Loans|4|Interest on Market Loans|70|2020-21 - 7.29% KSDL 2037 (DOM : 03-03-2037)|241|Interest Payments|2049-01-101-4-70|Interest Payments|C|Data|Object-Head||7290.00|7290.00|7290.00|100.0
172|01|29|2049|Interest Payments|01|Interest on Internal Debt|101|Interest on Market Loans|4|Interest on Market Loans|70|2020-21 - 7.29% KSDL 2037 (DOM : 03-03-2037)|||2049-01-101-4-70|HOA Total :|C|Total|Detailed-Head|7284.90|7290.00|7290.00|7290.00|100.0
172|01|29|2049|Interest Payments|01|Interest on Internal Debt|101|Interest on Market Loans|4|Interest on Market Loans|71|2020-21 - 7.22% KSDL 2038 (DOM : 03-03-2038)|||2049-01-101-4-71|2020-21 - 7.22% KSDL 2038 (DOM : 03-03-2038)|C|Header|Detailed-Head|||||100.0
172|01|29|2049|Interest Payments|01|Interest on Internal Debt|101|Interest on Market Loans|4|Interest on Market Loans|71|2020-21 - 7.22% KSDL 2038 (DOM : 03-03-2038)|240|Repayment of Borrowings|2049-01-101-4-71|Repayment of Borrowings|C|Data|Object-Head|7220.00||||100.0
172|01|29|2049|Interest Payments|01|Interest on Internal Debt|101|Interest on Market Loans|4|Interest on Market Loans|71|2020-21 - 7.22% KSDL 2038 (DOM : 03-03-2038)|241|Interest Payments|2049-01-101-4-71|Interest Payments|C|Data|Object-Head||7220.00|7220.00|7220.00|100.0
172|01|29|2049|Interest Payments|01|Interest on Internal Debt|101|Interest on Market Loans|4|Interest on Market Loans|71|2020-21 - 7.22% KSDL 2038 (DOM : 03-03-2038)|||2049-01-101-4-71|HOA Total :|C|Total|Detailed-Head|7220.00|7220.00|7220.00|7220.00|100.0
172|01|29|2049|Interest Payments|01|Interest on Internal Debt|101|Interest on Market Loans|4|Interest on Market Loans|72|2020-21 - 7.24% KSDL 2037 (DOM : 10-03-2037)|||2049-01-101-4-72|2020-21 - 7.24% KSDL 2037 (DOM : 10-03-2037)|C|Header|Detailed-Head|||||100.0
172|01|29|2049|Interest Payments|01|Interest on Internal Debt|101|Interest on Market Loans|4|Interest on Market Loans|72|2020-21 - 7.24% KSDL 2037 (DOM : 10-03-2037)|240|Repayment of Borrowings|2049-01-101-4-72|Repayment of Borrowings|C|Data|Object-Head|7240.00||||100.0
172|01|29|2049|Interest Payments|01|Interest on Internal Debt|101|Interest on Market Loans|4|Interest on Market Loans|72|2020-21 - 7.24% KSDL 2037 (DOM : 10-03-2037)|241|Interest Payments|2049-01-101-4-72|Interest Payments|C|Data|Object-Head||7240.00|7240.00|7240.00|100.0
172|01|29|2049|Interest Payments|01|Interest on Internal Debt|101|Interest on Market Loans|4|Interest on Market Loans|72|2020-21 - 7.24% KSDL 2037 (DOM : 10-03-2037)|||2049-01-101-4-72|HOA Total :|C|Total|Detailed-Head|7240.00|7240.00|7240.00|7240.00|100.0
173|01|29|2049|Interest Payments|01|Interest on Internal Debt|101|Interest on Market Loans|4|Interest on Market Loans|73|2020-21 - 7.24% KSDL 2038 (DOM :10-03-2038)|||2049-01-101-4-73|2020-21 - 7.24% KSDL 2038 (DOM :10-03-2038)|C|Header|Detailed-Head|||||100.0
173|01|29|2049|Interest Payments|01|Interest on Internal Debt|101|Interest on Market Loans|4|Interest on Market Loans|73|2020-21 - 7.24% KSDL 2038 (DOM :10-03-2038)|240|Repayment of Borrowings|2049-01-101-4-73|Repayment of Borrowings|C|Data|Object-Head|7240.00||||100.0
173|01|29|2049|Interest Payments|01|Interest on Internal Debt|101|Interest on Market Loans|4|Interest on Market Loans|73|2020-21 - 7.24% KSDL 2038 (DOM :10-03-2038)|241|Interest Payments|2049-01-101-4-73|Interest Payments|C|Data|Object-Head||7240.00|7240.00|7240.00|100.0
173|01|29|2049|Interest Payments|01|Interest on Internal Debt|101|Interest on Market Loans|4|Interest on Market Loans|73|2020-21 - 7.24% KSDL 2038 (DOM :10-03-2038)|||2049-01-101-4-73|HOA Total :|C|Total|Detailed-Head|7240.00|7240.00|7240.00|7240.00|100.0
173|01|29|2049|Interest Payments|01|Interest on Internal Debt|101|Interest on Market Loans|4|Interest on Market Loans|74|2020-21 - 7.29% KSDL 2039 (DOM :10-03-2039)|||2049-01-101-4-74|2020-21 - 7.29% KSDL 2039 (DOM :10-03-2039)|C|Header|Detailed-Head|||||100.0
173|01|29|2049|Interest Payments|01|Interest on Internal Debt|101|Interest on Market Loans|4|Interest on Market Loans|74|2020-21 - 7.29% KSDL 2039 (DOM :10-03-2039)|240|Repayment of Borrowings|2049-01-101-4-74|Repayment of Borrowings|C|Data|Object-Head|7290.00||||100.0
173|01|29|2049|Interest Payments|01|Interest on Internal Debt|101|Interest on Market Loans|4|Interest on Market Loans|74|2020-21 - 7.29% KSDL 2039 (DOM :10-03-2039)|241|Interest Payments|2049-01-101-4-74|Interest Payments|C|Data|Object-Head||7290.00|7290.00|7290.00|100.0
173|01|29|2049|Interest Payments|01|Interest on Internal Debt|101|Interest on Market Loans|4|Interest on Market Loans|74|2020-21 - 7.29% KSDL 2039 (DOM :10-03-2039)|||2049-01-101-4-74|HOA Total :|C|Total|Detailed-Head|7290.00|7290.00|7290.00|7290.00|100.0
173|01|29|2049|Interest Payments|01|Interest on Internal Debt|101|Interest on Market Loans|4|Interest on Market Loans|75|2020-21 - 6.99% KSDL 2028 (DOM :17-03-2028)|||2049-01-101-4-75|2020-21 - 6.99% KSDL 2028 (DOM :17-03-2028)|C|Header|Detailed-Head|||||100.0
173|01|29|2049|Interest Payments|01|Interest on Internal Debt|101|Interest on Market Loans|4|Interest on Market Loans|75|2020-21 - 6.99% KSDL 2028 (DOM :17-03-2028)|240|Repayment of Borrowings|2049-01-101-4-75|Repayment of Borrowings|C|Data|Object-Head|6990.00||||100.0
173|01|29|2049|Interest Payments|01|Interest on Internal Debt|101|Interest on Market Loans|4|Interest on Market Loans|75|2020-21 - 6.99% KSDL 2028 (DOM :17-03-2028)|241|Interest Payments|2049-01-101-4-75|Interest Payments|C|Data|Object-Head||6990.00|6990.00|6990.00|100.0
173|01|29|2049|Interest Payments|01|Interest on Internal Debt|101|Interest on Market Loans|4|Interest on Market Loans|75|2020-21 - 6.99% KSDL 2028 (DOM :17-03-2028)|||2049-01-101-4-75|HOA Total :|C|Total|Detailed-Head|6990.00|6990.00|6990.00|6990.00|100.0
173|01|29|2049|Interest Payments|01|Interest on Internal Debt|101|Interest on Market Loans|4|Interest on Market Loans|76|2020-21 - 7.19% KSDL 2039 (DOM :17-03-2039)|||2049-01-101-4-76|2020-21 - 7.19% KSDL 2039 (DOM :17-03-2039)|C|Header|Detailed-Head|||||100.0
173|01|29|2049|Interest Payments|01|Interest on Internal Debt|101|Interest on Market Loans|4|Interest on Market Loans|76|2020-21 - 7.19% KSDL 2039 (DOM :17-03-2039)|240|Repayment of Borrowings|2049-01-101-4-76|Repayment of Borrowings|C|Data|Object-Head|7190.00||||100.0
173|01|29|2049|Interest Payments|01|Interest on Internal Debt|101|Interest on Market Loans|4|Interest on Market Loans|76|2020-21 - 7.19% KSDL 2039 (DOM :17-03-2039)|241|Interest Payments|2049-01-101-4-76|Interest Payments|C|Data|Object-Head||7190.00|7190.00|7190.00|100.0
173|01|29|2049|Interest Payments|01|Interest on Internal Debt|101|Interest on Market Loans|4|Interest on Market Loans|76|2020-21 - 7.19% KSDL 2039 (DOM :17-03-2039)|||2049-01-101-4-76|HOA Total :|C|Total|Detailed-Head|7190.00|7190.00|7190.00|7190.00|100.0
173|01|29|2049|Interest Payments|01|Interest on Internal Debt|101|Interest on Market Loans|4|Interest on Market Loans|77|2020-21 - 7.19% KSDL 2040 (DOM :17-03-2040)|||2049-01-101-4-77|2020-21 - 7.19% KSDL 2040 (DOM :17-03-2040)|C|Header|Detailed-Head|||||100.0
173|01|29|2049|Interest Payments|01|Interest on Internal Debt|101|Interest on Market Loans|4|Interest on Market Loans|77|2020-21 - 7.19% KSDL 2040 (DOM :17-03-2040)|240|Repayment of Borrowings|2049-01-101-4-77|Repayment of Borrowings|C|Data|Object-Head|7190.00||||100.0
174|01|29|2049|Interest Payments|01|Interest on Internal Debt|101|Interest on Market Loans|4|Interest on Market Loans|77|2020-21 - 7.19% KSDL 2040 (DOM :17-03-2040)|241|Interest Payments|2049-01-101-4-77|Interest Payments|C|Data|Object-Head||7190.00|7190.00|7190.00|100.0
174|01|29|2049|Interest Payments|01|Interest on Internal Debt|101|Interest on Market Loans|4|Interest on Market Loans|77|2020-21 - 7.19% KSDL 2040 (DOM :17-03-2040)|||2049-01-101-4-77|HOA Total :|C|Total|Detailed-Head|7190.00|7190.00|7190.00|7190.00|100.0
174|01|29|2049|Interest Payments|01|Interest on Internal Debt|101|Interest on Market Loans|4|Interest on Market Loans|78|2021-22 - 6.88% KSDL 2031 (DOM :06-10-2031)|||2049-01-101-4-78|2021-22 - 6.88% KSDL 2031 (DOM :06-10-2031)|C|Header|Detailed-Head|||||100.0
174|01|29|2049|Interest Payments|01|Interest on Internal Debt|101|Interest on Market Loans|4|Interest on Market Loans|78|2021-22 - 6.88% KSDL 2031 (DOM :06-10-2031)|240|Repayment of Borrowings|2049-01-101-4-78|Repayment of Borrowings|C|Data|Object-Head|6880.00||||100.0
174|01|29|2049|Interest Payments|01|Interest on Internal Debt|101|Interest on Market Loans|4|Interest on Market Loans|78|2021-22 - 6.88% KSDL 2031 (DOM :06-10-2031)|241|Interest Payments|2049-01-101-4-78|Interest Payments|C|Data|Object-Head||6880.00|6880.00|6880.00|100.0
174|01|29|2049|Interest Payments|01|Interest on Internal Debt|101|Interest on Market Loans|4|Interest on Market Loans|78|2021-22 - 6.88% KSDL 2031 (DOM :06-10-2031)|||2049-01-101-4-78|HOA Total :|C|Total|Detailed-Head|6880.00|6880.00|6880.00|6880.00|100.0
174|01|29|2049|Interest Payments|01|Interest on Internal Debt|101|Interest on Market Loans|4|Interest on Market Loans|79|2021-22 - 6.93% KSDL 2032 (DOM :06-10-2032)|||2049-01-101-4-79|2021-22 - 6.93% KSDL 2032 (DOM :06-10-2032)|C|Header|Detailed-Head|||||100.0
174|01|29|2049|Interest Payments|01|Interest on Internal Debt|101|Interest on Market Loans|4|Interest on Market Loans|79|2021-22 - 6.93% KSDL 2032 (DOM :06-10-2032)|240|Repayment of Borrowings|2049-01-101-4-79|Repayment of Borrowings|C|Data|Object-Head|6929.90||||100.0
174|01|29|2049|Interest Payments|01|Interest on Internal Debt|101|Interest on Market Loans|4|Interest on Market Loans|79|2021-22 - 6.93% KSDL 2032 (DOM :06-10-2032)|241|Interest Payments|2049-01-101-4-79|Interest Payments|C|Data|Object-Head||6930.00|6930.00|6930.00|100.0
174|01|29|2049|Interest Payments|01|Interest on Internal Debt|101|Interest on Market Loans|4|Interest on Market Loans|79|2021-22 - 6.93% KSDL 2032 (DOM :06-10-2032)|||2049-01-101-4-79|HOA Total :|C|Total|Detailed-Head|6929.90|6930.00|6930.00|6930.00|100.0
174|01|29|2049|Interest Payments|01|Interest on Internal Debt|101|Interest on Market Loans|4|Interest on Market Loans|80|2021-22 - 6.96% KSDL 2031 (DOM :13-10-2031)|||2049-01-101-4-80|2021-22 - 6.96% KSDL 2031 (DOM :13-10-2031)|C|Header|Detailed-Head|||||100.0
174|01|29|2049|Interest Payments|01|Interest on Internal Debt|101|Interest on Market Loans|4|Interest on Market Loans|80|2021-22 - 6.96% KSDL 2031 (DOM :13-10-2031)|240|Repayment of Borrowings|2049-01-101-4-80|Repayment of Borrowings|C|Data|Object-Head|6960.00||||100.0
174|01|29|2049|Interest Payments|01|Interest on Internal Debt|101|Interest on Market Loans|4|Interest on Market Loans|80|2021-22 - 6.96% KSDL 2031 (DOM :13-10-2031)|241|Interest Payments|2049-01-101-4-80|Interest Payments|C|Data|Object-Head||6960.00|6960.00|6960.00|100.0
174|01|29|2049|Interest Payments|01|Interest on Internal Debt|101|Interest on Market Loans|4|Interest on Market Loans|80|2021-22 - 6.96% KSDL 2031 (DOM :13-10-2031)|||2049-01-101-4-80|HOA Total :|C|Total|Detailed-Head|6960.00|6960.00|6960.00|6960.00|100.0
174|01|29|2049|Interest Payments|01|Interest on Internal Debt|101|Interest on Market Loans|4|Interest on Market Loans|81|2021-22 - 7.03% KSDL 2032 (DOM :13-10-2032)|||2049-01-101-4-81|2021-22 - 7.03% KSDL 2032 (DOM :13-10-2032)|C|Header|Detailed-Head|||||100.0
174|01|29|2049|Interest Payments|01|Interest on Internal Debt|101|Interest on Market Loans|4|Interest on Market Loans|81|2021-22 - 7.03% KSDL 2032 (DOM :13-10-2032)|240|Repayment of Borrowings|2049-01-101-4-81|Repayment of Borrowings|C|Data|Object-Head|7030.00||||100.0
174|01|29|2049|Interest Payments|01|Interest on Internal Debt|101|Interest on Market Loans|4|Interest on Market Loans|81|2021-22 - 7.03% KSDL 2032 (DOM :13-10-2032)|241|Interest Payments|2049-01-101-4-81|Interest Payments|C|Data|Object-Head||7030.00|7030.00|7030.00|100.0
174|01|29|2049|Interest Payments|01|Interest on Internal Debt|101|Interest on Market Loans|4|Interest on Market Loans|81|2021-22 - 7.03% KSDL 2032 (DOM :13-10-2032)|||2049-01-101-4-81|HOA Total :|C|Total|Detailed-Head|7030.00|7030.00|7030.00|7030.00|100.0
175|01|29|2049|Interest Payments|01|Interest on Internal Debt|101|Interest on Market Loans|4|Interest on Market Loans|82|2021-22 - 6.95% KSDL 2031 (DOM :20-10-2031)|||2049-01-101-4-82|2021-22 - 6.95% KSDL 2031 (DOM :20-10-2031)|C|Header|Detailed-Head|||||100.0
175|01|29|2049|Interest Payments|01|Interest on Internal Debt|101|Interest on Market Loans|4|Interest on Market Loans|82|2021-22 - 6.95% KSDL 2031 (DOM :20-10-2031)|240|Repayment of Borrowings|2049-01-101-4-82|Repayment of Borrowings|C|Data|Object-Head|6950.00||||100.0
175|01|29|2049|Interest Payments|01|Interest on Internal Debt|101|Interest on Market Loans|4|Interest on Market Loans|82|2021-22 - 6.95% KSDL 2031 (DOM :20-10-2031)|241|Interest Payments|2049-01-101-4-82|Interest Payments|C|Data|Object-Head||6950.00|6950.00|6950.00|100.0
175|01|29|2049|Interest Payments|01|Interest on Internal Debt|101|Interest on Market Loans|4|Interest on Market Loans|82|2021-22 - 6.95% KSDL 2031 (DOM :20-10-2031)|||2049-01-101-4-82|HOA Total :|C|Total|Detailed-Head|6950.00|6950.00|6950.00|6950.00|100.0
175|01|29|2049|Interest Payments|01|Interest on Internal Debt|101|Interest on Market Loans|4|Interest on Market Loans|83|2021-22 - 7.08% KSDL 2034 (DOM :20-10-2034)|||2049-01-101-4-83|2021-22 - 7.08% KSDL 2034 (DOM :20-10-2034)|C|Header|Detailed-Head|||||100.0
175|01|29|2049|Interest Payments|01|Interest on Internal Debt|101|Interest on Market Loans|4|Interest on Market Loans|83|2021-22 - 7.08% KSDL 2034 (DOM :20-10-2034)|240|Repayment of Borrowings|2049-01-101-4-83|Repayment of Borrowings|C|Data|Object-Head|7080.00||||100.0
175|01|29|2049|Interest Payments|01|Interest on Internal Debt|101|Interest on Market Loans|4|Interest on Market Loans|83|2021-22 - 7.08% KSDL 2034 (DOM :20-10-2034)|241|Interest Payments|2049-01-101-4-83|Interest Payments|C|Data|Object-Head||7080.00|7080.00|7080.00|100.0
175|01|29|2049|Interest Payments|01|Interest on Internal Debt|101|Interest on Market Loans|4|Interest on Market Loans|83|2021-22 - 7.08% KSDL 2034 (DOM :20-10-2034)|||2049-01-101-4-83|HOA Total :|C|Total|Detailed-Head|7080.00|7080.00|7080.00|7080.00|100.0
175|01|29|2049|Interest Payments|01|Interest on Internal Debt|101|Interest on Market Loans|4|Interest on Market Loans|85|2021-22 - 6.90% KSDL 2031 (DOM :17-11-2031)|||2049-01-101-4-85|2021-22 - 6.90% KSDL 2031 (DOM :17-11-2031)|C|Header|Detailed-Head|||||100.0
175|01|29|2049|Interest Payments|01|Interest on Internal Debt|101|Interest on Market Loans|4|Interest on Market Loans|85|2021-22 - 6.90% KSDL 2031 (DOM :17-11-2031)|240|Repayment of Borrowings|2049-01-101-4-85|Repayment of Borrowings|C|Data|Object-Head|6900.00||||100.0
175|01|29|2049|Interest Payments|01|Interest on Internal Debt|101|Interest on Market Loans|4|Interest on Market Loans|85|2021-22 - 6.90% KSDL 2031 (DOM :17-11-2031)|241|Interest Payments|2049-01-101-4-85|Interest Payments|C|Data|Object-Head||6900.00|6900.00|6900.00|100.0
175|01|29|2049|Interest Payments|01|Interest on Internal Debt|101|Interest on Market Loans|4|Interest on Market Loans|85|2021-22 - 6.90% KSDL 2031 (DOM :17-11-2031)|||2049-01-101-4-85|HOA Total :|C|Total|Detailed-Head|6900.00|6900.00|6900.00|6900.00|100.0
175|01|29|2049|Interest Payments|01|Interest on Internal Debt|101|Interest on Market Loans|4|Interest on Market Loans|87|2021-22 - 6.87% KSDL 2031 (DOM :24-11-2031)|||2049-01-101-4-87|2021-22 - 6.87% KSDL 2031 (DOM :24-11-2031)|C|Header|Detailed-Head|||||100.0
175|01|29|2049|Interest Payments|01|Interest on Internal Debt|101|Interest on Market Loans|4|Interest on Market Loans|87|2021-22 - 6.87% KSDL 2031 (DOM :24-11-2031)|240|Repayment of Borrowings|2049-01-101-4-87|Repayment of Borrowings|C|Data|Object-Head|6870.00||||100.0
175|01|29|2049|Interest Payments|01|Interest on Internal Debt|101|Interest on Market Loans|4|Interest on Market Loans|87|2021-22 - 6.87% KSDL 2031 (DOM :24-11-2031)|241|Interest Payments|2049-01-101-4-87|Interest Payments|C|Data|Object-Head||6870.00|6870.00|6870.00|100.0
175|01|29|2049|Interest Payments|01|Interest on Internal Debt|101|Interest on Market Loans|4|Interest on Market Loans|87|2021-22 - 6.87% KSDL 2031 (DOM :24-11-2031)|||2049-01-101-4-87|HOA Total :|C|Total|Detailed-Head|6870.00|6870.00|6870.00|6870.00|100.0
175|01|29|2049|Interest Payments|01|Interest on Internal Debt|101|Interest on Market Loans|4|Interest on Market Loans|89|2021-22 - 6.83% KSDL 2031 (DOM :01-12-2031)|||2049-01-101-4-89|2021-22 - 6.83% KSDL 2031 (DOM :01-12-2031)|C|Header|Detailed-Head|||||100.0
175|01|29|2049|Interest Payments|01|Interest on Internal Debt|101|Interest on Market Loans|4|Interest on Market Loans|89|2021-22 - 6.83% KSDL 2031 (DOM :01-12-2031)|240|Repayment of Borrowings|2049-01-101-4-89|Repayment of Borrowings|C|Data|Object-Head|6830.00||||100.0
176|01|29|2049|Interest Payments|01|Interest on Internal Debt|101|Interest on Market Loans|4|Interest on Market Loans|89|2021-22 - 6.83% KSDL 2031 (DOM :01-12-2031)|241|Interest Payments|2049-01-101-4-89|Interest Payments|C|Data|Object-Head||6830.00|6830.00|6830.00|100.0
176|01|29|2049|Interest Payments|01|Interest on Internal Debt|101|Interest on Market Loans|4|Interest on Market Loans|89|2021-22 - 6.83% KSDL 2031 (DOM :01-12-2031)|||2049-01-101-4-89|HOA Total :|C|Total|Detailed-Head|6830.00|6830.00|6830.00|6830.00|100.0
176|01|29|2049|Interest Payments|01|Interest on Internal Debt|101|Interest on Market Loans|4|Interest on Market Loans|91|2021-22 - 6.83% KSDL 2031 (DOM :08-12-2031)|||2049-01-101-4-91|2021-22 - 6.83% KSDL 2031 (DOM :08-12-2031)|C|Header|Detailed-Head|||||100.0
176|01|29|2049|Interest Payments|01|Interest on Internal Debt|101|Interest on Market Loans|4|Interest on Market Loans|91|2021-22 - 6.83% KSDL 2031 (DOM :08-12-2031)|240|Repayment of Borrowings|2049-01-101-4-91|Repayment of Borrowings|C|Data|Object-Head|6830.00||||100.0
176|01|29|2049|Interest Payments|01|Interest on Internal Debt|101|Interest on Market Loans|4|Interest on Market Loans|91|2021-22 - 6.83% KSDL 2031 (DOM :08-12-2031)|241|Interest Payments|2049-01-101-4-91|Interest Payments|C|Data|Object-Head||6830.00|6830.00|6830.00|100.0
176|01|29|2049|Interest Payments|01|Interest on Internal Debt|101|Interest on Market Loans|4|Interest on Market Loans|91|2021-22 - 6.83% KSDL 2031 (DOM :08-12-2031)|||2049-01-101-4-91|HOA Total :|C|Total|Detailed-Head|6830.00|6830.00|6830.00|6830.00|100.0
176|01|29|2049|Interest Payments|01|Interest on Internal Debt|101|Interest on Market Loans|4|Interest on Market Loans|92|2021-22 - 6.88% KSDL 2032 (DOM :08-12-2032)|||2049-01-101-4-92|2021-22 - 6.88% KSDL 2032 (DOM :08-12-2032)|C|Header|Detailed-Head|||||100.0
176|01|29|2049|Interest Payments|01|Interest on Internal Debt|101|Interest on Market Loans|4|Interest on Market Loans|92|2021-22 - 6.88% KSDL 2032 (DOM :08-12-2032)|240|Repayment of Borrowings|2049-01-101-4-92|Repayment of Borrowings|C|Data|Object-Head|6880.00||||100.0
176|01|29|2049|Interest Payments|01|Interest on Internal Debt|101|Interest on Market Loans|4|Interest on Market Loans|92|2021-22 - 6.88% KSDL 2032 (DOM :08-12-2032)|241|Interest Payments|2049-01-101-4-92|Interest Payments|C|Data|Object-Head||6880.00|6880.00|6880.00|100.0
176|01|29|2049|Interest Payments|01|Interest on Internal Debt|101|Interest on Market Loans|4|Interest on Market Loans|92|2021-22 - 6.88% KSDL 2032 (DOM :08-12-2032)|||2049-01-101-4-92|HOA Total :|C|Total|Detailed-Head|6880.00|6880.00|6880.00|6880.00|100.0
176|01|29|2049|Interest Payments|01|Interest on Internal Debt|101|Interest on Market Loans|4|Interest on Market Loans|93|2021-22 - 6.83% KSDL 2031 (DOM :15-12-2031)|||2049-01-101-4-93|2021-22 - 6.83% KSDL 2031 (DOM :15-12-2031)|C|Header|Detailed-Head|||||100.0
176|01|29|2049|Interest Payments|01|Interest on Internal Debt|101|Interest on Market Loans|4|Interest on Market Loans|93|2021-22 - 6.83% KSDL 2031 (DOM :15-12-2031)|240|Repayment of Borrowings|2049-01-101-4-93|Repayment of Borrowings|C|Data|Object-Head|6830.00||||100.0
176|01|29|2049|Interest Payments|01|Interest on Internal Debt|101|Interest on Market Loans|4|Interest on Market Loans|93|2021-22 - 6.83% KSDL 2031 (DOM :15-12-2031)|241|Interest Payments|2049-01-101-4-93|Interest Payments|C|Data|Object-Head||6830.00|6830.00|6830.00|100.0
176|01|29|2049|Interest Payments|01|Interest on Internal Debt|101|Interest on Market Loans|4|Interest on Market Loans|93|2021-22 - 6.83% KSDL 2031 (DOM :15-12-2031)|||2049-01-101-4-93|HOA Total :|C|Total|Detailed-Head|6830.00|6830.00|6830.00|6830.00|100.0
176|01|29|2049|Interest Payments|01|Interest on Internal Debt|101|Interest on Market Loans|4|Interest on Market Loans|94|2021-22 - 6.89% KSDL 2033 (DOM :15-12-2033)|||2049-01-101-4-94|2021-22 - 6.89% KSDL 2033 (DOM :15-12-2033)|C|Header|Detailed-Head|||||100.0
176|01|29|2049|Interest Payments|01|Interest on Internal Debt|101|Interest on Market Loans|4|Interest on Market Loans|94|2021-22 - 6.89% KSDL 2033 (DOM :15-12-2033)|240|Repayment of Borrowings|2049-01-101-4-94|Repayment of Borrowings|C|Data|Object-Head|6890.00||||100.0
176|01|29|2049|Interest Payments|01|Interest on Internal Debt|101|Interest on Market Loans|4|Interest on Market Loans|94|2021-22 - 6.89% KSDL 2033 (DOM :15-12-2033)|241|Interest Payments|2049-01-101-4-94|Interest Payments|C|Data|Object-Head||6890.00|6890.00|6890.00|100.0
176|01|29|2049|Interest Payments|01|Interest on Internal Debt|101|Interest on Market Loans|4|Interest on Market Loans|94|2021-22 - 6.89% KSDL 2033 (DOM :15-12-2033)|||2049-01-101-4-94|HOA Total :|C|Total|Detailed-Head|6890.00|6890.00|6890.00|6890.00|100.0
177|01|29|2049|Interest Payments|01|Interest on Internal Debt|101|Interest on Market Loans|4|Interest on Market Loans|95|2021-22 - 6.96% KSDL 2031 (DOM :22-12-2031)|||2049-01-101-4-95|2021-22 - 6.96% KSDL 2031 (DOM :22-12-2031)|C|Header|Detailed-Head|||||100.0
177|01|29|2049|Interest Payments|01|Interest on Internal Debt|101|Interest on Market Loans|4|Interest on Market Loans|95|2021-22 - 6.96% KSDL 2031 (DOM :22-12-2031)|240|Repayment of Borrowings|2049-01-101-4-95|Repayment of Borrowings|C|Data|Object-Head|6960.00||||100.0
177|01|29|2049|Interest Payments|01|Interest on Internal Debt|101|Interest on Market Loans|4|Interest on Market Loans|95|2021-22 - 6.96% KSDL 2031 (DOM :22-12-2031)|241|Interest Payments|2049-01-101-4-95|Interest Payments|C|Data|Object-Head||6960.00|6960.00|6960.00|100.0
177|01|29|2049|Interest Payments|01|Interest on Internal Debt|101|Interest on Market Loans|4|Interest on Market Loans|95|2021-22 - 6.96% KSDL 2031 (DOM :22-12-2031)|||2049-01-101-4-95|HOA Total :|C|Total|Detailed-Head|6960.00|6960.00|6960.00|6960.00|100.0
177|01|29|2049|Interest Payments|01|Interest on Internal Debt|101|Interest on Market Loans|4|Interest on Market Loans|96|2021-22 - 7.02% KSDL 2033 (DOM :22-12-2033)|||2049-01-101-4-96|2021-22 - 7.02% KSDL 2033 (DOM :22-12-2033)|C|Header|Detailed-Head|||||100.0
177|01|29|2049|Interest Payments|01|Interest on Internal Debt|101|Interest on Market Loans|4|Interest on Market Loans|96|2021-22 - 7.02% KSDL 2033 (DOM :22-12-2033)|240|Repayment of Borrowings|2049-01-101-4-96|Repayment of Borrowings|C|Data|Object-Head|7020.00||||100.0
177|01|29|2049|Interest Payments|01|Interest on Internal Debt|101|Interest on Market Loans|4|Interest on Market Loans|96|2021-22 - 7.02% KSDL 2033 (DOM :22-12-2033)|241|Interest Payments|2049-01-101-4-96|Interest Payments|C|Data|Object-Head||7020.00|7020.00|7020.00|100.0
177|01|29|2049|Interest Payments|01|Interest on Internal Debt|101|Interest on Market Loans|4|Interest on Market Loans|96|2021-22 - 7.02% KSDL 2033 (DOM :22-12-2033)|||2049-01-101-4-96|HOA Total :|C|Total|Detailed-Head|7020.00|7020.00|7020.00|7020.00|100.0
177|01|29|2049|Interest Payments|01|Interest on Internal Debt|101|Interest on Market Loans|4|Interest on Market Loans|97|2021-22 - 7.02% KSDL 2031 (DOM :29-12-2031)|||2049-01-101-4-97|2021-22 - 7.02% KSDL 2031 (DOM :29-12-2031)|C|Header|Detailed-Head|||||100.0
177|01|29|2049|Interest Payments|01|Interest on Internal Debt|101|Interest on Market Loans|4|Interest on Market Loans|97|2021-22 - 7.02% KSDL 2031 (DOM :29-12-2031)|240|Repayment of Borrowings|2049-01-101-4-97|Repayment of Borrowings|C|Data|Object-Head|14040.00||||100.0
177|01|29|2049|Interest Payments|01|Interest on Internal Debt|101|Interest on Market Loans|4|Interest on Market Loans|97|2021-22 - 7.02% KSDL 2031 (DOM :29-12-2031)|241|Interest Payments|2049-01-101-4-97|Interest Payments|C|Data|Object-Head||14040.00|14040.00|14040.00|100.0
177|01|29|2049|Interest Payments|01|Interest on Internal Debt|101|Interest on Market Loans|4|Interest on Market Loans|97|2021-22 - 7.02% KSDL 2031 (DOM :29-12-2031)|||2049-01-101-4-97|HOA Total :|C|Total|Detailed-Head|14040.00|14040.00|14040.00|14040.00|100.0
177|01|29|2049|Interest Payments|01|Interest on Internal Debt|101|Interest on Market Loans|4|Interest on Market Loans|98|2021-22 - 7.12% KSDL 2034 (DOM :29-12-2034)|||2049-01-101-4-98|2021-22 - 7.12% KSDL 2034 (DOM :29-12-2034)|C|Header|Detailed-Head|||||100.0
177|01|29|2049|Interest Payments|01|Interest on Internal Debt|101|Interest on Market Loans|4|Interest on Market Loans|98|2021-22 - 7.12% KSDL 2034 (DOM :29-12-2034)|240|Repayment of Borrowings|2049-01-101-4-98|Repayment of Borrowings|C|Data|Object-Head|14240.00||||100.0
177|01|29|2049|Interest Payments|01|Interest on Internal Debt|101|Interest on Market Loans|4|Interest on Market Loans|98|2021-22 - 7.12% KSDL 2034 (DOM :29-12-2034)|241|Interest Payments|2049-01-101-4-98|Interest Payments|C|Data|Object-Head||14240.00|14240.00|14240.00|100.0
177|01|29|2049|Interest Payments|01|Interest on Internal Debt|101|Interest on Market Loans|4|Interest on Market Loans|98|2021-22 - 7.12% KSDL 2034 (DOM :29-12-2034)|||2049-01-101-4-98|HOA Total :|C|Total|Detailed-Head|14240.00|14240.00|14240.00|14240.00|100.0
177|01|29|2049|Interest Payments|01|Interest on Internal Debt|101|Interest on Market Loans|4|Interest on Market Loans|99|2021-22 - 7.10% KSDL 2032 (DOM :05-01-2032)|||2049-01-101-4-99|2021-22 - 7.10% KSDL 2032 (DOM :05-01-2032)|C|Header|Detailed-Head|||||100.0
177|01|29|2049|Interest Payments|01|Interest on Internal Debt|101|Interest on Market Loans|4|Interest on Market Loans|99|2021-22 - 7.10% KSDL 2032 (DOM :05-01-2032)|240|Repayment of Borrowings|2049-01-101-4-99|Repayment of Borrowings|C|Data|Object-Head|14200.00||||100.0
178|01|29|2049|Interest Payments|01|Interest on Internal Debt|101|Interest on Market Loans|4|Interest on Market Loans|99|2021-22 - 7.10% KSDL 2032 (DOM :05-01-2032)|241|Interest Payments|2049-01-101-4-99|Interest Payments|C|Data|Object-Head||14200.00|14200.00|14200.00|100.0
178|01|29|2049|Interest Payments|01|Interest on Internal Debt|101|Interest on Market Loans|4|Interest on Market Loans|99|2021-22 - 7.10% KSDL 2032 (DOM :05-01-2032)|||2049-01-101-4-99|HOA Total :|C|Total|Detailed-Head|14200.00|14200.00|14200.00|14200.00|100.0
178|01|29|2049|Interest Payments|01|Interest on Internal Debt|101|Interest on Market Loans|5|Interest on Market Loans|01|2021-22 - 7.18% KSDL 2033 (DOM :05-01-2033)|||2049-01-101-5-01|2021-22 - 7.18% KSDL 2033 (DOM :05-01-2033)|C|Header|Detailed-Head|||||100.0
178|01|29|2049|Interest Payments|01|Interest on Internal Debt|101|Interest on Market Loans|5|Interest on Market Loans|01|2021-22 - 7.18% KSDL 2033 (DOM :05-01-2033)|240|Repayment of Borrowings|2049-01-101-5-01|Repayment of Borrowings|C|Data|Object-Head|14360.00||||100.0
178|01|29|2049|Interest Payments|01|Interest on Internal Debt|101|Interest on Market Loans|5|Interest on Market Loans|01|2021-22 - 7.18% KSDL 2033 (DOM :05-01-2033)|241|Interest Payments|2049-01-101-5-01|Interest Payments|C|Data|Object-Head||14360.00|14360.00|14360.00|100.0
178|01|29|2049|Interest Payments|01|Interest on Internal Debt|101|Interest on Market Loans|5|Interest on Market Loans|01|2021-22 - 7.18% KSDL 2033 (DOM :05-01-2033)|||2049-01-101-5-01|HOA Total :|C|Total|Detailed-Head|14360.00|14360.00|14360.00|14360.00|100.0
178|01|29|2049|Interest Payments|01|Interest on Internal Debt|101|Interest on Market Loans|5|Interest on Market Loans|02|2021-22 - 7.22% KSDL 2035 (DOM :05-01-2035)|||2049-01-101-5-02|2021-22 - 7.22% KSDL 2035 (DOM :05-01-2035)|C|Header|Detailed-Head|||||100.0
178|01|29|2049|Interest Payments|01|Interest on Internal Debt|101|Interest on Market Loans|5|Interest on Market Loans|02|2021-22 - 7.22% KSDL 2035 (DOM :05-01-2035)|240|Repayment of Borrowings|2049-01-101-5-02|Repayment of Borrowings|C|Data|Object-Head|7220.00||||100.0
178|01|29|2049|Interest Payments|01|Interest on Internal Debt|101|Interest on Market Loans|5|Interest on Market Loans|02|2021-22 - 7.22% KSDL 2035 (DOM :05-01-2035)|241|Interest Payments|2049-01-101-5-02|Interest Payments|C|Data|Object-Head||7220.00|7220.00|7220.00|100.0
178|01|29|2049|Interest Payments|01|Interest on Internal Debt|101|Interest on Market Loans|5|Interest on Market Loans|02|2021-22 - 7.22% KSDL 2035 (DOM :05-01-2035)|||2049-01-101-5-02|HOA Total :|C|Total|Detailed-Head|7220.00|7220.00|7220.00|7220.00|100.0
178|01|29|2049|Interest Payments|01|Interest on Internal Debt|101|Interest on Market Loans|5|Interest on Market Loans|03|2021-22 - 7.14% KSDL 2032 (DOM :12-01-2032)|||2049-01-101-5-03|2021-22 - 7.14% KSDL 2032 (DOM :12-01-2032)|C|Header|Detailed-Head|||||100.0
178|01|29|2049|Interest Payments|01|Interest on Internal Debt|101|Interest on Market Loans|5|Interest on Market Loans|03|2021-22 - 7.14% KSDL 2032 (DOM :12-01-2032)|240|Repayment of Borrowings|2049-01-101-5-03|Repayment of Borrowings|C|Data|Object-Head|14280.00||||100.0
178|01|29|2049|Interest Payments|01|Interest on Internal Debt|101|Interest on Market Loans|5|Interest on Market Loans|03|2021-22 - 7.14% KSDL 2032 (DOM :12-01-2032)|241|Interest Payments|2049-01-101-5-03|Interest Payments|C|Data|Object-Head||14280.00|14280.00|14280.00|100.0
178|01|29|2049|Interest Payments|01|Interest on Internal Debt|101|Interest on Market Loans|5|Interest on Market Loans|03|2021-22 - 7.14% KSDL 2032 (DOM :12-01-2032)|||2049-01-101-5-03|HOA Total :|C|Total|Detailed-Head|14280.00|14280.00|14280.00|14280.00|100.0
178|01|29|2049|Interest Payments|01|Interest on Internal Debt|101|Interest on Market Loans|5|Interest on Market Loans|04|2021-22 - 7.29% KSDL 2034 (DOM :12-01-2034)|||2049-01-101-5-04|2021-22 - 7.29% KSDL 2034 (DOM :12-01-2034)|C|Header|Detailed-Head|||||100.0
178|01|29|2049|Interest Payments|01|Interest on Internal Debt|101|Interest on Market Loans|5|Interest on Market Loans|04|2021-22 - 7.29% KSDL 2034 (DOM :12-01-2034)|240|Repayment of Borrowings|2049-01-101-5-04|Repayment of Borrowings|C|Data|Object-Head|14580.00||||100.0
178|01|29|2049|Interest Payments|01|Interest on Internal Debt|101|Interest on Market Loans|5|Interest on Market Loans|04|2021-22 - 7.29% KSDL 2034 (DOM :12-01-2034)|241|Interest Payments|2049-01-101-5-04|Interest Payments|C|Data|Object-Head||14580.00|14580.00|14580.00|100.0
178|01|29|2049|Interest Payments|01|Interest on Internal Debt|101|Interest on Market Loans|5|Interest on Market Loans|04|2021-22 - 7.29% KSDL 2034 (DOM :12-01-2034)|||2049-01-101-5-04|HOA Total :|C|Total|Detailed-Head|14580.00|14580.00|14580.00|14580.00|100.0
179|01|29|2049|Interest Payments|01|Interest on Internal Debt|101|Interest on Market Loans|5|Interest on Market Loans|05|2021-22 - 7.31% KSDL 2035 (DOM :12-01-2035)|||2049-01-101-5-05|2021-22 - 7.31% KSDL 2035 (DOM :12-01-2035)|C|Header|Detailed-Head|||||100.0
179|01|29|2049|Interest Payments|01|Interest on Internal Debt|101|Interest on Market Loans|5|Interest on Market Loans|05|2021-22 - 7.31% KSDL 2035 (DOM :12-01-2035)|240|Repayment of Borrowings|2049-01-101-5-05|Repayment of Borrowings|C|Data|Object-Head|7310.00||||100.0
179|01|29|2049|Interest Payments|01|Interest on Internal Debt|101|Interest on Market Loans|5|Interest on Market Loans|05|2021-22 - 7.31% KSDL 2035 (DOM :12-01-2035)|241|Interest Payments|2049-01-101-5-05|Interest Payments|C|Data|Object-Head||7310.00|7310.00|7310.00|100.0
179|01|29|2049|Interest Payments|01|Interest on Internal Debt|101|Interest on Market Loans|5|Interest on Market Loans|05|2021-22 - 7.31% KSDL 2035 (DOM :12-01-2035)|||2049-01-101-5-05|HOA Total :|C|Total|Detailed-Head|7310.00|7310.00|7310.00|7310.00|100.0
179|01|29|2049|Interest Payments|01|Interest on Internal Debt|101|Interest on Market Loans|5|Interest on Market Loans|06|2021-22 - 7.35% KSDL 2036 (DOM :19-01-2036)|||2049-01-101-5-06|2021-22 - 7.35% KSDL 2036 (DOM :19-01-2036)|C|Header|Detailed-Head|||||100.0
179|01|29|2049|Interest Payments|01|Interest on Internal Debt|101|Interest on Market Loans|5|Interest on Market Loans|06|2021-22 - 7.35% KSDL 2036 (DOM :19-01-2036)|240|Repayment of Borrowings|2049-01-101-5-06|Repayment of Borrowings|C|Data|Object-Head|14700.00||||100.0
179|01|29|2049|Interest Payments|01|Interest on Internal Debt|101|Interest on Market Loans|5|Interest on Market Loans|06|2021-22 - 7.35% KSDL 2036 (DOM :19-01-2036)|241|Interest Payments|2049-01-101-5-06|Interest Payments|C|Data|Object-Head||14700.00|14700.00|14700.00|100.0
179|01|29|2049|Interest Payments|01|Interest on Internal Debt|101|Interest on Market Loans|5|Interest on Market Loans|06|2021-22 - 7.35% KSDL 2036 (DOM :19-01-2036)|||2049-01-101-5-06|HOA Total :|C|Total|Detailed-Head|14700.00|14700.00|14700.00|14700.00|100.0
179|01|29|2049|Interest Payments|01|Interest on Internal Debt|101|Interest on Market Loans|5|Interest on Market Loans|07|2021-22 - 7.33% KSDL 2037 (DOM :19-01-2037)|||2049-01-101-5-07|2021-22 - 7.33% KSDL 2037 (DOM :19-01-2037)|C|Header|Detailed-Head|||||100.0
179|01|29|2049|Interest Payments|01|Interest on Internal Debt|101|Interest on Market Loans|5|Interest on Market Loans|07|2021-22 - 7.33% KSDL 2037 (DOM :19-01-2037)|240|Repayment of Borrowings|2049-01-101-5-07|Repayment of Borrowings|C|Data|Object-Head|14660.00||||100.0
179|01|29|2049|Interest Payments|01|Interest on Internal Debt|101|Interest on Market Loans|5|Interest on Market Loans|07|2021-22 - 7.33% KSDL 2037 (DOM :19-01-2037)|241|Interest Payments|2049-01-101-5-07|Interest Payments|C|Data|Object-Head||14660.00|14660.00|14660.00|100.0
179|01|29|2049|Interest Payments|01|Interest on Internal Debt|101|Interest on Market Loans|5|Interest on Market Loans|07|2021-22 - 7.33% KSDL 2037 (DOM :19-01-2037)|||2049-01-101-5-07|HOA Total :|C|Total|Detailed-Head|14660.00|14660.00|14660.00|14660.00|100.0
179|01|29|2049|Interest Payments|01|Interest on Internal Debt|101|Interest on Market Loans|5|Interest on Market Loans|08|2021-22 - 7.33% KSDL 2040 (DOM :19-01-2040)|||2049-01-101-5-08|2021-22 - 7.33% KSDL 2040 (DOM :19-01-2040)|C|Header|Detailed-Head|||||100.0
179|01|29|2049|Interest Payments|01|Interest on Internal Debt|101|Interest on Market Loans|5|Interest on Market Loans|08|2021-22 - 7.33% KSDL 2040 (DOM :19-01-2040)|240|Repayment of Borrowings|2049-01-101-5-08|Repayment of Borrowings|C|Data|Object-Head|7330.00||||100.0
179|01|29|2049|Interest Payments|01|Interest on Internal Debt|101|Interest on Market Loans|5|Interest on Market Loans|08|2021-22 - 7.33% KSDL 2040 (DOM :19-01-2040)|241|Interest Payments|2049-01-101-5-08|Interest Payments|C|Data|Object-Head||7330.00|7330.00|7330.00|100.0
179|01|29|2049|Interest Payments|01|Interest on Internal Debt|101|Interest on Market Loans|5|Interest on Market Loans|08|2021-22 - 7.33% KSDL 2040 (DOM :19-01-2040)|||2049-01-101-5-08|HOA Total :|C|Total|Detailed-Head|7330.00|7330.00|7330.00|7330.00|100.0
179|01|29|2049|Interest Payments|01|Interest on Internal Debt|101|Interest on Market Loans|5|Interest on Market Loans|09|2021-22 - 7.37% KSDL 2038 (DOM :25-01-2038)|||2049-01-101-5-09|2021-22 - 7.37% KSDL 2038 (DOM :25-01-2038)|C|Header|Detailed-Head|||||100.0
179|01|29|2049|Interest Payments|01|Interest on Internal Debt|101|Interest on Market Loans|5|Interest on Market Loans|09|2021-22 - 7.37% KSDL 2038 (DOM :25-01-2038)|240|Repayment of Borrowings|2049-01-101-5-09|Repayment of Borrowings|C|Data|Object-Head|18424.98||||100.0
180|01|29|2049|Interest Payments|01|Interest on Internal Debt|101|Interest on Market Loans|5|Interest on Market Loans|09|2021-22 - 7.37% KSDL 2038 (DOM :25-01-2038)|241|Interest Payments|2049-01-101-5-09|Interest Payments|C|Data|Object-Head||18425.00|18425.00|18425.00|100.0
180|01|29|2049|Interest Payments|01|Interest on Internal Debt|101|Interest on Market Loans|5|Interest on Market Loans|09|2021-22 - 7.37% KSDL 2038 (DOM :25-01-2038)|||2049-01-101-5-09|HOA Total :|C|Total|Detailed-Head|18424.98|18425.00|18425.00|18425.00|100.0
180|01|29|2049|Interest Payments|01|Interest on Internal Debt|101|Interest on Market Loans|5|Interest on Market Loans|10|2021-22 - 7.36% KSDL 2039 (DOM :25-01-2039)|||2049-01-101-5-10|2021-22 - 7.36% KSDL 2039 (DOM :25-01-2039)|C|Header|Detailed-Head|||||100.0
180|01|29|2049|Interest Payments|01|Interest on Internal Debt|101|Interest on Market Loans|5|Interest on Market Loans|10|2021-22 - 7.36% KSDL 2039 (DOM :25-01-2039)|240|Repayment of Borrowings|2049-01-101-5-10|Repayment of Borrowings|C|Data|Object-Head|18400.00||||100.0
180|01|29|2049|Interest Payments|01|Interest on Internal Debt|101|Interest on Market Loans|5|Interest on Market Loans|10|2021-22 - 7.36% KSDL 2039 (DOM :25-01-2039)|241|Interest Payments|2049-01-101-5-10|Interest Payments|C|Data|Object-Head||18400.00|18400.00|18400.00|100.0
180|01|29|2049|Interest Payments|01|Interest on Internal Debt|101|Interest on Market Loans|5|Interest on Market Loans|10|2021-22 - 7.36% KSDL 2039 (DOM :25-01-2039)|||2049-01-101-5-10|HOA Total :|C|Total|Detailed-Head|18400.00|18400.00|18400.00|18400.00|100.0
180|01|29|2049|Interest Payments|01|Interest on Internal Debt|101|Interest on Market Loans|5|Interest on Market Loans|11|2021-22 - 7.21% KSDL 2032 (DOM :02-02-2032)|||2049-01-101-5-11|2021-22 - 7.21% KSDL 2032 (DOM :02-02-2032)|C|Header|Detailed-Head|||||100.0
180|01|29|2049|Interest Payments|01|Interest on Internal Debt|101|Interest on Market Loans|5|Interest on Market Loans|11|2021-22 - 7.21% KSDL 2032 (DOM :02-02-2032)|240|Repayment of Borrowings|2049-01-101-5-11|Repayment of Borrowings|C|Data|Object-Head|18025.00||||100.0
180|01|29|2049|Interest Payments|01|Interest on Internal Debt|101|Interest on Market Loans|5|Interest on Market Loans|11|2021-22 - 7.21% KSDL 2032 (DOM :02-02-2032)|241|Interest Payments|2049-01-101-5-11|Interest Payments|C|Data|Object-Head||18025.00|18025.00|18025.00|100.0
180|01|29|2049|Interest Payments|01|Interest on Internal Debt|101|Interest on Market Loans|5|Interest on Market Loans|11|2021-22 - 7.21% KSDL 2032 (DOM :02-02-2032)|||2049-01-101-5-11|HOA Total :|C|Total|Detailed-Head|18025.00|18025.00|18025.00|18025.00|100.0
180|01|29|2049|Interest Payments|01|Interest on Internal Debt|101|Interest on Market Loans|5|Interest on Market Loans|12|2021-22 - 7.32% KSDL 2034 (DOM :02-02-2034)|||2049-01-101-5-12|2021-22 - 7.32% KSDL 2034 (DOM :02-02-2034)|C|Header|Detailed-Head|||||100.0
180|01|29|2049|Interest Payments|01|Interest on Internal Debt|101|Interest on Market Loans|5|Interest on Market Loans|12|2021-22 - 7.32% KSDL 2034 (DOM :02-02-2034)|240|Repayment of Borrowings|2049-01-101-5-12|Repayment of Borrowings|C|Data|Object-Head|18300.00||||100.0
180|01|29|2049|Interest Payments|01|Interest on Internal Debt|101|Interest on Market Loans|5|Interest on Market Loans|12|2021-22 - 7.32% KSDL 2034 (DOM :02-02-2034)|241|Interest Payments|2049-01-101-5-12|Interest Payments|C|Data|Object-Head||18300.00|18300.00|18300.00|100.0
180|01|29|2049|Interest Payments|01|Interest on Internal Debt|101|Interest on Market Loans|5|Interest on Market Loans|12|2021-22 - 7.32% KSDL 2034 (DOM :02-02-2034)|||2049-01-101-5-12|HOA Total :|C|Total|Detailed-Head|18300.00|18300.00|18300.00|18300.00|100.0
180|01|29|2049|Interest Payments|01|Interest on Internal Debt|101|Interest on Market Loans|5|Interest on Market Loans|13|2021-22 - 7.30% KSDL 2032 (DOM :09-02-2032)|||2049-01-101-5-13|2021-22 - 7.30% KSDL 2032 (DOM :09-02-2032)|C|Header|Detailed-Head|||||100.0
180|01|29|2049|Interest Payments|01|Interest on Internal Debt|101|Interest on Market Loans|5|Interest on Market Loans|13|2021-22 - 7.30% KSDL 2032 (DOM :09-02-2032)|240|Repayment of Borrowings|2049-01-101-5-13|Repayment of Borrowings|C|Data|Object-Head|14600.00||||100.0
180|01|29|2049|Interest Payments|01|Interest on Internal Debt|101|Interest on Market Loans|5|Interest on Market Loans|13|2021-22 - 7.30% KSDL 2032 (DOM :09-02-2032)|241|Interest Payments|2049-01-101-5-13|Interest Payments|C|Data|Object-Head||14600.00|14600.00|14600.00|100.0
180|01|29|2049|Interest Payments|01|Interest on Internal Debt|101|Interest on Market Loans|5|Interest on Market Loans|13|2021-22 - 7.30% KSDL 2032 (DOM :09-02-2032)|||2049-01-101-5-13|HOA Total :|C|Total|Detailed-Head|14600.00|14600.00|14600.00|14600.00|100.0
181|01|29|2049|Interest Payments|01|Interest on Internal Debt|101|Interest on Market Loans|5|Interest on Market Loans|14|2021-22 - 7.44% KSDL 2035 (DOM :09-02-2035)|||2049-01-101-5-14|2021-22 - 7.44% KSDL 2035 (DOM :09-02-2035)|C|Header|Detailed-Head|||||100.0
181|01|29|2049|Interest Payments|01|Interest on Internal Debt|101|Interest on Market Loans|5|Interest on Market Loans|14|2021-22 - 7.44% KSDL 2035 (DOM :09-02-2035)|240|Repayment of Borrowings|2049-01-101-5-14|Repayment of Borrowings|C|Data|Object-Head|14880.00||||100.0
181|01|29|2049|Interest Payments|01|Interest on Internal Debt|101|Interest on Market Loans|5|Interest on Market Loans|14|2021-22 - 7.44% KSDL 2035 (DOM :09-02-2035)|241|Interest Payments|2049-01-101-5-14|Interest Payments|C|Data|Object-Head||14880.00|14880.00|14880.00|100.0
181|01|29|2049|Interest Payments|01|Interest on Internal Debt|101|Interest on Market Loans|5|Interest on Market Loans|14|2021-22 - 7.44% KSDL 2035 (DOM :09-02-2035)|||2049-01-101-5-14|HOA Total :|C|Total|Detailed-Head|14880.00|14880.00|14880.00|14880.00|100.0
181|01|29|2049|Interest Payments|01|Interest on Internal Debt|101|Interest on Market Loans|5|Interest on Market Loans|15|2021-22 - 7.16% KSDL 2036 (DOM :16-02-2036)|||2049-01-101-5-15|2021-22 - 7.16% KSDL 2036 (DOM :16-02-2036)|C|Header|Detailed-Head|||||100.0
181|01|29|2049|Interest Payments|01|Interest on Internal Debt|101|Interest on Market Loans|5|Interest on Market Loans|15|2021-22 - 7.16% KSDL 2036 (DOM :16-02-2036)|240|Repayment of Borrowings|2049-01-101-5-15|Repayment of Borrowings|C|Data|Object-Head|14320.00||||100.0
181|01|29|2049|Interest Payments|01|Interest on Internal Debt|101|Interest on Market Loans|5|Interest on Market Loans|15|2021-22 - 7.16% KSDL 2036 (DOM :16-02-2036)|241|Interest Payments|2049-01-101-5-15|Interest Payments|C|Data|Object-Head||14320.00|14320.00|14320.00|100.0
181|01|29|2049|Interest Payments|01|Interest on Internal Debt|101|Interest on Market Loans|5|Interest on Market Loans|15|2021-22 - 7.16% KSDL 2036 (DOM :16-02-2036)|||2049-01-101-5-15|HOA Total :|C|Total|Detailed-Head|14320.00|14320.00|14320.00|14320.00|100.0
181|01|29|2049|Interest Payments|01|Interest on Internal Debt|101|Interest on Market Loans|5|Interest on Market Loans|16|2021-22 - 7.12% KSDL 2037 (DOM :16-02-2037)|||2049-01-101-5-16|2021-22 - 7.12% KSDL 2037 (DOM :16-02-2037)|C|Header|Detailed-Head|||||100.0
181|01|29|2049|Interest Payments|01|Interest on Internal Debt|101|Interest on Market Loans|5|Interest on Market Loans|16|2021-22 - 7.12% KSDL 2037 (DOM :16-02-2037)|240|Repayment of Borrowings|2049-01-101-5-16|Repayment of Borrowings|C|Data|Object-Head|14240.00||||100.0
181|01|29|2049|Interest Payments|01|Interest on Internal Debt|101|Interest on Market Loans|5|Interest on Market Loans|16|2021-22 - 7.12% KSDL 2037 (DOM :16-02-2037)|241|Interest Payments|2049-01-101-5-16|Interest Payments|C|Data|Object-Head||14240.00|14240.00|14240.00|100.0
181|01|29|2049|Interest Payments|01|Interest on Internal Debt|101|Interest on Market Loans|5|Interest on Market Loans|16|2021-22 - 7.12% KSDL 2037 (DOM :16-02-2037)|||2049-01-101-5-16|HOA Total :|C|Total|Detailed-Head|14240.00|14240.00|14240.00|14240.00|100.0
181|01|29|2049|Interest Payments|01|Interest on Internal Debt|101|Interest on Market Loans|5|Interest on Market Loans|17|2021-22 - 7.13% KSDL 2038 (DOM :23-02-2038)|||2049-01-101-5-17|2021-22 - 7.13% KSDL 2038 (DOM :23-02-2038)|C|Header|Detailed-Head|||||100.0
181|01|29|2049|Interest Payments|01|Interest on Internal Debt|101|Interest on Market Loans|5|Interest on Market Loans|17|2021-22 - 7.13% KSDL 2038 (DOM :23-02-2038)|240|Repayment of Borrowings|2049-01-101-5-17|Repayment of Borrowings|C|Data|Object-Head|21390.00||||100.0
181|01|29|2049|Interest Payments|01|Interest on Internal Debt|101|Interest on Market Loans|5|Interest on Market Loans|17|2021-22 - 7.13% KSDL 2038 (DOM :23-02-2038)|241|Interest Payments|2049-01-101-5-17|Interest Payments|C|Data|Object-Head||28520.00|28520.00|28520.00|100.0
181|01|29|2049|Interest Payments|01|Interest on Internal Debt|101|Interest on Market Loans|5|Interest on Market Loans|17|2021-22 - 7.13% KSDL 2038 (DOM :23-02-2038)|||2049-01-101-5-17|HOA Total :|C|Total|Detailed-Head|21390.00|28520.00|28520.00|28520.00|100.0
181|01|29|2049|Interest Payments|01|Interest on Internal Debt|101|Interest on Market Loans|5|Interest on Market Loans|18|2021-22 - 7.13% KSDL 2039 (DOM :23-02-2039)|||2049-01-101-5-18|2021-22 - 7.13% KSDL 2039 (DOM :23-02-2039)|C|Header|Detailed-Head|||||100.0
181|01|29|2049|Interest Payments|01|Interest on Internal Debt|101|Interest on Market Loans|5|Interest on Market Loans|18|2021-22 - 7.13% KSDL 2039 (DOM :23-02-2039)|240|Repayment of Borrowings|2049-01-101-5-18|Repayment of Borrowings|C|Data|Object-Head|14260.00||||100.0
182|01|29|2049|Interest Payments|01|Interest on Internal Debt|101|Interest on Market Loans|5|Interest on Market Loans|18|2021-22 - 7.13% KSDL 2039 (DOM : 23-02-2039)|241|Interest Payments|2049-01-101-5-18|Interest Payments|C|Data|Object-Head||14260.00|14260.00|14260.00|100.0
182|01|29|2049|Interest Payments|01|Interest on Internal Debt|101|Interest on Market Loans|5|Interest on Market Loans|18|2021-22 - 7.13% KSDL 2039 (DOM : 23-02-2039)|||2049-01-101-5-18|HOA Total :|C|Total|Detailed-Head|14260.00|14260.00|14260.00|14260.00|100.0
182|01|29|2049|Interest Payments|01|Interest on Internal Debt|101|Interest on Market Loans|5|Interest on Market Loans|20|2022-23 - 7.68% KGS 2031 (DOM 16-11-2031)|||2049-01-101-5-20|2022-23 - 7.68% KGS 2031 (DOM 16-11-2031)|C|Header|Detailed-Head|||||100.0
182|01|29|2049|Interest Payments|01|Interest on Internal Debt|101|Interest on Market Loans|5|Interest on Market Loans|20|2022-23 - 7.68% KGS 2031 (DOM 16-11-2031)|240|Repayment of Borrowings|2049-01-101-5-20|Repayment of Borrowings|C|Data|Object-Head|15360.00||||100.0
182|01|29|2049|Interest Payments|01|Interest on Internal Debt|101|Interest on Market Loans|5|Interest on Market Loans|20|2022-23 - 7.68% KGS 2031 (DOM 16-11-2031)|241|Interest Payments|2049-01-101-5-20|Interest Payments|C|Data|Object-Head||15360.00|15360.00|15360.00|100.0
182|01|29|2049|Interest Payments|01|Interest on Internal Debt|101|Interest on Market Loans|5|Interest on Market Loans|20|2022-23 - 7.68% KGS 2031 (DOM 16-11-2031)|||2049-01-101-5-20|HOA Total :|C|Total|Detailed-Head|15360.00|15360.00|15360.00|15360.00|100.0
182|01|29|2049|Interest Payments|01|Interest on Internal Debt|101|Interest on Market Loans|5|Interest on Market Loans|21|2022-23 - 7.67% KGS 2032 (DOM 16-11-2032)|||2049-01-101-5-21|2022-23 - 7.67% KGS 2032 (DOM 16-11-2032)|C|Header|Detailed-Head|||||100.0
182|01|29|2049|Interest Payments|01|Interest on Internal Debt|101|Interest on Market Loans|5|Interest on Market Loans|21|2022-23 - 7.67% KGS 2032 (DOM 16-11-2032)|240|Repayment of Borrowings|2049-01-101-5-21|Repayment of Borrowings|C|Data|Object-Head|15340.00||||100.0
182|01|29|2049|Interest Payments|01|Interest on Internal Debt|101|Interest on Market Loans|5|Interest on Market Loans|21|2022-23 - 7.67% KGS 2032 (DOM 16-11-2032)|241|Interest Payments|2049-01-101-5-21|Interest Payments|C|Data|Object-Head||15340.00|15340.00|15340.00|100.0
182|01|29|2049|Interest Payments|01|Interest on Internal Debt|101|Interest on Market Loans|5|Interest on Market Loans|21|2022-23 - 7.67% KGS 2032 (DOM 16-11-2032)|||2049-01-101-5-21|HOA Total :|C|Total|Detailed-Head|15340.00|15340.00|15340.00|15340.00|100.0
182|01|29|2049|Interest Payments|01|Interest on Internal Debt|101|Interest on Market Loans|5|Interest on Market Loans|22|2022-23 - 7.74% KGS 2037 (DOM 23-11-2037)|||2049-01-101-5-22|2022-23 - 7.74% KGS 2037 (DOM 23-11-2037)|C|Header|Detailed-Head|||||100.0
182|01|29|2049|Interest Payments|01|Interest on Internal Debt|101|Interest on Market Loans|5|Interest on Market Loans|22|2022-23 - 7.74% KGS 2037 (DOM 23-11-2037)|240|Repayment of Borrowings|2049-01-101-5-22|Repayment of Borrowings|C|Data|Object-Head|30960.00||||100.0
182|01|29|2049|Interest Payments|01|Interest on Internal Debt|101|Interest on Market Loans|5|Interest on Market Loans|22|2022-23 - 7.74% KGS 2037 (DOM 23-11-2037)|241|Interest Payments|2049-01-101-5-22|Interest Payments|C|Data|Object-Head||30960.00|30960.00|30960.00|100.0
182|01|29|2049|Interest Payments|01|Interest on Internal Debt|101|Interest on Market Loans|5|Interest on Market Loans|22|2022-23 - 7.74% KGS 2037 (DOM 23-11-2037)|||2049-01-101-5-22|HOA Total :|C|Total|Detailed-Head|30960.00|30960.00|30960.00|30960.00|100.0
182|01|29|2049|Interest Payments|01|Interest on Internal Debt|101|Interest on Market Loans|5|Interest on Market Loans|23|2022-23 - 7.66% KGS 2042 (DOM 23-11-2042)|||2049-01-101-5-23|2022-23 - 7.66% KGS 2042 (DOM 23-11-2042)|C|Header|Detailed-Head|||||100.0
182|01|29|2049|Interest Payments|01|Interest on Internal Debt|101|Interest on Market Loans|5|Interest on Market Loans|23|2022-23 - 7.66% KGS 2042 (DOM 23-11-2042)|240|Repayment of Borrowings|2049-01-101-5-23|Repayment of Borrowings|C|Data|Object-Head|30640.00||||100.0
182|01|29|2049|Interest Payments|01|Interest on Internal Debt|101|Interest on Market Loans|5|Interest on Market Loans|23|2022-23 - 7.66% KGS 2042 (DOM 23-11-2042)|241|Interest Payments|2049-01-101-5-23|Interest Payments|C|Data|Object-Head||30640.00|30640.00|30640.00|100.0
182|01|29|2049|Interest Payments|01|Interest on Internal Debt|101|Interest on Market Loans|5|Interest on Market Loans|23|2022-23 - 7.66% KGS 2042 (DOM 23-11-2042)|||2049-01-101-5-23|HOA Total :|C|Total|Detailed-Head|30640.00|30640.00|30640.00|30640.00|100.0
182|01|29|2049|Interest Payments|01|Interest on Internal Debt|101|Interest on Market Loans|5|Interest on Market Loans|24|2022-23 - 7.63% KGS 2037 (DOM 30-11-2037)|||2049-01-101-5-24|2022-23 - 7.63% KGS 2037 (DOM 30-11-2037)|C|Header|Detailed-Head|||||100.0
182|01|29|2049|Interest Payments|01|Interest on Internal Debt|101|Interest on Market Loans|5|Interest on Market Loans|24|2022-23 - 7.63% KGS 2037 (DOM 30-11-2037)|240|Repayment of Borrowings|2049-01-101-5-24|Repayment of Borrowings|C|Data|Object-Head|15260.38||||100.0
183|01|29|2049|Interest Payments|01||101||5||24||241|Interest Payments|2049-01-101-5-24|Interest Payments|C|Data|Object-Head||15260.00|15260.00|15260.00|100.0
183|01|29|2049|Interest Payments|01||101||5||24||||2049-01-101-5-24|HOA Total :|C|Total|Detailed-Head|15260.38|15260.00|15260.00|15260.00|100.0
183|01|29|2049|Interest Payments|01||101||5||25|2022-23 - 7.63% KGS 2042 (DOM 30-11-2042)|||2049-01-101-5-25|2022-23 - 7.63% KGS 2042 (DOM 30-11-2042)|C|Header|Detailed-Head|||||100.0
183|01|29|2049|Interest Payments|01||101||5||25|2022-23 - 7.63% KGS 2042 (DOM 30-11-2042)|240|Repayment of Borrowings|2049-01-101-5-25|Repayment of Borrowings|C|Data|Object-Head|15260.00||||100.0
183|01|29|2049|Interest Payments|01||101||5||25|2022-23 - 7.63% KGS 2042 (DOM 30-11-2042)|241|Interest Payments|2049-01-101-5-25|Interest Payments|C|Data|Object-Head||15260.00|15260.00|15260.00|100.0
183|01|29|2049|Interest Payments|01||101||5||25|2022-23 - 7.63% KGS 2042 (DOM 30-11-2042)|||2049-01-101-5-25|HOA Total :|C|Total|Detailed-Head|15260.00|15260.00|15260.00|15260.00|100.0
183|01|29|2049|Interest Payments|01||101||5||26|2022-23 - 7.59% KGS 2038 (DOM 07-12-2038)|||2049-01-101-5-26|2022-23 - 7.59% KGS 2038 (DOM 07-12-2038)|C|Header|Detailed-Head|||||100.0
183|01|29|2049|Interest Payments|01||101||5||26|2022-23 - 7.59% KGS 2038 (DOM 07-12-2038)|240|Repayment of Borrowings|2049-01-101-5-26|Repayment of Borrowings|C|Data|Object-Head|15260.00||||100.0
183|01|29|2049|Interest Payments|01||101||5||26|2022-23 - 7.59% KGS 2038 (DOM 07-12-2038)|241|Interest Payments|2049-01-101-5-26|Interest Payments|C|Data|Object-Head||15260.00|15260.00|15260.00|100.0
183|01|29|2049|Interest Payments|01||101||5||26|2022-23 - 7.59% KGS 2038 (DOM 07-12-2038)|||2049-01-101-5-26|HOA Total :|C|Total|Detailed-Head|15260.00|15260.00|15260.00|15260.00|100.0
183|01|29|2049|Interest Payments|01||101||5||27|2022-23 - 7.54% KGS 2041 (DOM 07-12-2041)|||2049-01-101-5-27|2022-23 - 7.54% KGS 2041 (DOM 07-12-2041)|C|Header|Detailed-Head|||||100.0
183|01|29|2049|Interest Payments|01||101||5||27|2022-23 - 7.54% KGS 2041 (DOM 07-12-2041)|240|Repayment of Borrowings|2049-01-101-5-27|Repayment of Borrowings|C|Data|Object-Head|15180.00||||100.0
183|01|29|2049|Interest Payments|01||101||5||27|2022-23 - 7.54% KGS 2041 (DOM 07-12-2041)|241|Interest Payments|2049-01-101-5-27|Interest Payments|C|Data|Object-Head||15180.00|15180.00|15180.00|100.0
183|01|29|2049|Interest Payments|01||101||5||27|2022-23 - 7.54% KGS 2041 (DOM 07-12-2041)|||2049-01-101-5-27|HOA Total :|C|Total|Detailed-Head|15180.00|15180.00|15180.00|15180.00|100.0
183|01|29|2049|Interest Payments|01||101||5||28|2022-23 - 7.63% KGS 2039 (DOM 14-12-2039)|||2049-01-101-5-28|2022-23 - 7.63% KGS 2039 (DOM 14-12-2039)|C|Header|Detailed-Head|||||100.0
183|01|29|2049|Interest Payments|01||101||5||28|2022-23 - 7.63% KGS 2039 (DOM 14-12-2039)|240|Repayment of Borrowings|2049-01-101-5-28|Repayment of Borrowings|C|Data|Object-Head|15080.00||||100.0
183|01|29|2049|Interest Payments|01||101||5||28|2022-23 - 7.63% KGS 2039 (DOM 14-12-2039)|241|Interest Payments|2049-01-101-5-28|Interest Payments|C|Data|Object-Head||15080.00|15080.00|15080.00|100.0
183|01|29|2049|Interest Payments|01||101||5||28|2022-23 - 7.63% KGS 2039 (DOM 14-12-2039)|||2049-01-101-5-28|HOA Total :|C|Total|Detailed-Head|15080.00|15080.00|15080.00|15080.00|100.0
183|01|29|2049|Interest Payments|01||101||5||29|2022-23 - 7.63% KGS 2040 (DOM 14-12-2040)|||2049-01-101-5-29|2022-23 - 7.63% KGS 2040 (DOM 14-12-2040)|C|Header|Detailed-Head|||||100.0
183|01|29|2049|Interest Payments|01||101||5||29|2022-23 - 7.63% KGS 2040 (DOM 14-12-2040)|240|Repayment of Borrowings|2049-01-101-5-29|Repayment of Borrowings|C|Data|Object-Head|15260.00||||100.0
184|01|29|2049|Interest Payments|01||101||5||29|2022-23 - 7.63% KGS 2040 (DOM 14-12-2040)|241|Interest Payments|2049-01-101-5-29|Interest Payments|C|Data|Object-Head||15260.00|15260.00|15260.00|100.0
184|01|29|2049|Interest Payments|01||101||5||29|2022-23 - 7.63% KGS 2040 (DOM 14-12-2040)|||2049-01-101-5-29|HOA Total :|C|Total|Detailed-Head|15260.00|15260.00|15260.00|15260.00|100.0
184|01|29|2049|Interest Payments|01||101||5||30|2022-23 - 7.60% KGS 2032 (DOM 21-12-2032)|||2049-01-101-5-30|2022-23 - 7.60% KGS 2032 (DOM 21-12-2032)|C|Header|Detailed-Head|||||100.0
184|01|29|2049|Interest Payments|01||101||5||30|2022-23 - 7.60% KGS 2032 (DOM 21-12-2032)|240|Repayment of Borrowings|2049-01-101-5-30|Repayment of Borrowings|C|Data|Object-Head|15200.00||||100.0
184|01|29|2049|Interest Payments|01||101||5||30|2022-23 - 7.60% KGS 2032 (DOM 21-12-2032)|241|Interest Payments|2049-01-101-5-30|Interest Payments|C|Data|Object-Head||15200.00|15200.00|15200.00|100.0
184|01|29|2049|Interest Payments|01||101||5||30|2022-23 - 7.60% KGS 2032 (DOM 21-12-2032)|||2049-01-101-5-30|HOA Total :|C|Total|Detailed-Head|15200.00|15200.00|15200.00|15200.00|100.0
184|01|29|2049|Interest Payments|01||101||5||31|2022-23 - 7.68% KGS 2034 (DOM 21-12-2034)|||2049-01-101-5-31|2022-23 - 7.68% KGS 2034 (DOM 21-12-2034)|C|Header|Detailed-Head|||||100.0
184|01|29|2049|Interest Payments|01||101||5||31|2022-23 - 7.68% KGS 2034 (DOM 21-12-2034)|240|Repayment of Borrowings|2049-01-101-5-31|Repayment of Borrowings|C|Data|Object-Head|15360.00||||100.0
184|01|29|2049|Interest Payments|01||101||5||31|2022-23 - 7.68% KGS 2034 (DOM 21-12-2034)|241|Interest Payments|2049-01-101-5-31|Interest Payments|C|Data|Object-Head||15360.00|15360.00|15360.00|100.0
184|01|29|2049|Interest Payments|01||101||5||31|2022-23 - 7.68% KGS 2034 (DOM 21-12-2034)|||2049-01-101-5-31|HOA Total :|C|Total|Detailed-Head|15360.00|15360.00|15360.00|15360.00|100.0
184|01|29|2049|Interest Payments|01||101||5||32|2022-23 - 7.60% KGS 2032 (DOM 28-12-2032)|||2049-01-101-5-32|2022-23 - 7.60% KGS 2032 (DOM 28-12-2032)|C|Header|Detailed-Head|||||100.0
184|01|29|2049|Interest Payments|01||101||5||32|2022-23 - 7.60% KGS 2032 (DOM 28-12-2032)|240|Repayment of Borrowings|2049-01-101-5-32|Repayment of Borrowings|C|Data|Object-Head|15200.00||||100.0
184|01|29|2049|Interest Payments|01||101||5||32|2022-23 - 7.60% KGS 2032 (DOM 28-12-2032)|241|Interest Payments|2049-01-101-5-32|Interest Payments|C|Data|Object-Head||15200.00|15200.00|15200.00|100.0
184|01|29|2049|Interest Payments|01||101||5||32|2022-23 - 7.60% KGS 2032 (DOM 28-12-2032)|||2049-01-101-5-32|HOA Total :|C|Total|Detailed-Head|15200.00|15200.00|15200.00|15200.00|100.0
184|01|29|2049|Interest Payments|01||101||5||33|2022-23 - 7.65% KGS 2034 (DOM 28-12-2034)|||2049-01-101-5-33|2022-23 - 7.65% KGS 2034 (DOM 28-12-2034)|C|Header|Detailed-Head|||||100.0
184|01|29|2049|Interest Payments|01||101||5||33|2022-23 - 7.65% KGS 2034 (DOM 28-12-2034)|240|Repayment of Borrowings|2049-01-101-5-33|Repayment of Borrowings|C|Data|Object-Head|15300.00||||100.0
184|01|29|2049|Interest Payments|01||101||5||33|2022-23 - 7.65% KGS 2034 (DOM 28-12-2034)|241|Interest Payments|2049-01-101-5-33|Interest Payments|C|Data|Object-Head||15300.00|15300.00|15300.00|100.0
184|01|29|2049|Interest Payments|01||101||5||33|2022-23 - 7.65% KGS 2034 (DOM 28-12-2034)|||2049-01-101-5-33|HOA Total :|C|Total|Detailed-Head|15300.00|15300.00|15300.00|15300.00|100.0
185|01|29|2049|Interest Payments|01||101||5||34|2022-23 - 7.26% KGS 2025 (DOM 4-01-2025)|||2049-01-101-5-34|2022-23 - 7.26% KGS 2025 (DOM 4-01-2025)|C|Header|Detailed-Head|||||100.0
185|01|29|2049|Interest Payments|01||101||5||34|2022-23 - 7.26% KGS 2025 (DOM 4-01-2025)|240|Repayment of Borrowings|2049-01-101-5-34|Repayment of Borrowings|C|Data|Object-Head|14520.02||||100.0
185|01|29|2049|Interest Payments|01||101||5||34|2022-23 - 7.26% KGS 2025 (DOM 4-01-2025)|||2049-01-101-5-34|HOA Total :|C|Total|Detailed-Head|14520.02|0.00|0.00|0.00|100.0
185|01|29|2049|Interest Payments|01||101||5||35|2022-23 - 7.60% KGS 2033 (DOM 4-01-2033)|||2049-01-101-5-35|2022-23 - 7.60% KGS 2033 (DOM 4-01-2033)|C|Header|Detailed-Head|||||100.0
185|01|29|2049|Interest Payments|01||101||5||35|2022-23 - 7.60% KGS 2033 (DOM 4-01-2033)|240|Repayment of Borrowings|2049-01-101-5-35|Repayment of Borrowings|C|Data|Object-Head|15200.00||||100.0
185|01|29|2049|Interest Payments|01||101||5||35|2022-23 - 7.60% KGS 2033 (DOM 4-01-2033)|241|Interest Payments|2049-01-101-5-35|Interest Payments|C|Data|Object-Head||15200.00|15200.00|15200.00|100.0
185|01|29|2049|Interest Payments|01||101||5||35|2022-23 - 7.60% KGS 2033 (DOM 4-01-2033)|||2049-01-101-5-35|HOA Total :|C|Total|Detailed-Head|15200.00|15200.00|15200.00|15200.00|100.0
185|01|29|2049|Interest Payments|01||101||5||36|2023-24 - 7.64% KGS 2032 (DOM 18-10-2032)|||2049-01-101-5-36|2023-24 - 7.64% KGS 2032 (DOM 18-10-2032)|C|Header|Detailed-Head|||||100.0
185|01|29|2049|Interest Payments|01||101||5||36|2023-24 - 7.64% KGS 2032 (DOM 18-10-2032)|240|Repayment of Borrowings|2049-01-101-5-36|Repayment of Borrowings|C|Data|Object-Head|7640.00||||100.0
185|01|29|2049|Interest Payments|01||101||5||36|2023-24 - 7.64% KGS 2032 (DOM 18-10-2032)|241|Interest Payments|2049-01-101-5-36|Interest Payments|C|Data|Object-Head||7640.00|7640.00|7640.00|100.0
185|01|29|2049|Interest Payments|01||101||5||36|2023-24 - 7.64% KGS 2032 (DOM 18-10-2032)|||2049-01-101-5-36|HOA Total :|C|Total|Detailed-Head|7640.00|7640.00|7640.00|7640.00|100.0
185|01|29|2049|Interest Payments|01||101||5||37|2023-24 - 7.69% KGS 2033 (DOM 25-10-2033)|||2049-01-101-5-37|2023-24 - 7.69% KGS 2033 (DOM 25-10-2033)|C|Header|Detailed-Head|||||100.0
185|01|29|2049|Interest Payments|01||101||5||37|2023-24 - 7.69% KGS 2033 (DOM 25-10-2033)|240|Repayment of Borrowings|2049-01-101-5-37|Repayment of Borrowings|C|Data|Object-Head|7690.00||||100.0
185|01|29|2049|Interest Payments|01||101||5||37|2023-24 - 7.69% KGS 2033 (DOM 25-10-2033)|241|Interest Payments|2049-01-101-5-37|Interest Payments|C|Data|Object-Head||7690.00|7690.00|7690.00|100.0
185|01|29|2049|Interest Payments|01||101||5||37|2023-24 - 7.69% KGS 2033 (DOM 25-10-2033)|||2049-01-101-5-37|HOA Total :|C|Total|Detailed-Head|7690.00|7690.00|7690.00|7690.00|100.0
185|01|29|2049|Interest Payments|01||101||5||38|2023-24 - 7.70% KGS 2034 (DOM 25-10-2034)|||2049-01-101-5-38|2023-24 - 7.70% KGS 2034 (DOM 25-10-2034)|C|Header|Detailed-Head|||||100.0
185|01|29|2049|Interest Payments|01||101||5||38|2023-24 - 7.70% KGS 2034 (DOM 25-10-2034)|240|Repayment of Borrowings|2049-01-101-5-38|Repayment of Borrowings|C|Data|Object-Head|7700.00||||100.0
185|01|29|2049|Interest Payments|01||101||5||38|2023-24 - 7.70% KGS 2034 (DOM 25-10-2034)|241|Interest Payments|2049-01-101-5-38|Interest Payments|C|Data|Object-Head||7700.00|7700.00|7700.00|100.0
185|01|29|2049|Interest Payments|01||101||5||38|2023-24 - 7.70% KGS 2034 (DOM 25-10-2034)|||2049-01-101-5-38|HOA Total :|C|Total|Detailed-Head|7700.00|7700.00|7700.00|7700.00|100.0
186|01|29|2049|Interest Payments|01||101||5||39|2023-24 - 7.73% KGS 2035 (DOM 01-11-2035)|||2049-01-101-5-39|2023-24 - 7.73% KGS 2035 (DOM 01-11-2035)|C|Header|Detailed-Head|||||100.0
186|01|29|2049|Interest Payments|01||101||5||39|2023-24 - 7.73% KGS 2035 (DOM 01-11-2035)|240|Repayment of Borrowings|2049-01-101-5-39|Repayment of Borrowings|C|Data|Object-Head|7730.00||||100.0
186|01|29|2049|Interest Payments|01||101||5||39|2023-24 - 7.73% KGS 2035 (DOM 01-11-2035)|241|Interest Payments|2049-01-101-5-39|Interest Payments|C|Data|Object-Head||7730.00|7730.00|7730.00|100.0
186|01|29|2049|Interest Payments|01||101||5||39|2023-24 - 7.73% KGS 2035 (DOM 01-11-2035)|||2049-01-101-5-39|HOA Total :|C|Total|Detailed-Head|7730.00|7730.00|7730.00|7730.00|100.0
186|01|29|2049|Interest Payments|01||101||5||40|2023-24 - 7.73% KGS 2036 (DOM 01-11-2036)|||2049-01-101-5-40|2023-24 - 7.73% KGS 2036 (DOM 01-11-2036)|C|Header|Detailed-Head|||||100.0
186|01|29|2049|Interest Payments|01||101||5||40|2023-24 - 7.73% KGS 2036 (DOM 01-11-2036)|240|Repayment of Borrowings|2049-01-101-5-40|Repayment of Borrowings|C|Data|Object-Head|7730.00||||100.0
186|01|29|2049|Interest Payments|01||101||5||40|2023-24 - 7.73% KGS 2036 (DOM 01-11-2036)|241|Interest Payments|2049-01-101-5-40|Interest Payments|C|Data|Object-Head||7730.00|7730.00|7730.00|100.0
186|01|29|2049|Interest Payments|01||101||5||40|2023-24 - 7.73% KGS 2036 (DOM 01-11-2036)|||2049-01-101-5-40|HOA Total :|C|Total|Detailed-Head|7730.00|7730.00|7730.00|7730.00|100.0
186|01|29|2049|Interest Payments|01||101||5||41|2023-24 - 7.70% KGS 2033 (DOM 08-11-2033)|||2049-01-101-5-41|2023-24 - 7.70% KGS 2033 (DOM 08-11-2033)|C|Header|Detailed-Head|||||100.0
186|01|29|2049|Interest Payments|01||101||5||41|2023-24 - 7.70% KGS 2033 (DOM 08-11-2033)|240|Repayment of Borrowings|2049-01-101-5-41|Repayment of Borrowings|C|Data|Object-Head|23100.00||||100.0
186|01|29|2049|Interest Payments|01||101||5||41|2023-24 - 7.70% KGS 2033 (DOM 08-11-2033)|241|Interest Payments|2049-01-101-5-41|Interest Payments|C|Data|Object-Head||23100.00|23100.00|23100.00|100.0
186|01|29|2049|Interest Payments|01||101||5||41|2023-24 - 7.70% KGS 2033 (DOM 08-11-2033)|||2049-01-101-5-41|HOA Total :|C|Total|Detailed-Head|23100.00|23100.00|23100.00|23100.00|100.0
186|01|29|2049|Interest Payments|01||101||5||42|New Loans for 2024-25|||2049-01-101-5-42|New Loans for 2024-25|C|Header|Detailed-Head|||||100.0
186|01|29|2049|Interest Payments|01||101||5||42|New Loans for 2024-25|241|Interest Payments|2049-01-101-5-42|Interest Payments|C|Data|Object-Head||235901.36|116036.29||100.0
186|01|29|2049|Interest Payments|01||101||5||42|New Loans for 2024-25|||2049-01-101-5-42|HOA Total :|C|Total|Detailed-Head|0.00|235901.36|116036.29|0.00|100.0
186|01|29|2049|Interest Payments|01||101||5||43|2023-24 - 7.67% KGS 2036 (DOM 22-11-2036)|||2049-01-101-5-43|2023-24 - 7.67% KGS 2036 (DOM 22-11-2036)|C|Header|Detailed-Head|||||100.0
186|01|29|2049|Interest Payments|01||101||5||43|2023-24 - 7.67% KGS 2036 (DOM 22-11-2036)|240|Repayment of Borrowings|2049-01-101-5-43|Repayment of Borrowings|C|Data|Object-Head|7670.00||||100.0
186|01|29|2049|Interest Payments|01||101||5||43|2023-24 - 7.67% KGS 2036 (DOM 22-11-2036)|241|Interest Payments|2049-01-101-5-43|Interest Payments|C|Data|Object-Head||7670.00|7670.00|7670.00|100.0
186|01|29|2049|Interest Payments|01||101||5||43|2023-24 - 7.67% KGS 2036 (DOM 22-11-2036)|||2049-01-101-5-43|HOA Total :|C|Total|Detailed-Head|7670.00|7670.00|7670.00|7670.00|100.0
187|01|29|2049|Interest Payments|01|Interest on Internal Debt|101|Interest on Market Loans|5|Market Loans|44|2023-24 - 7.73% KGS 2034 (DOM 29-11-2034)|||2049-01-101-5-44|2023-24 - 7.73% KGS 2034 (DOM 29-11-2034)|C|Header|Detailed-Head|||||100.0
187|01|29|2049|Interest Payments|01|Interest on Internal Debt|101|Interest on Market Loans|5|Market Loans|44|2023-24 - 7.73% KGS 2034 (DOM 29-11-2034)|240|Repayment of Borrowings|2049-01-101-5-44|Repayment of Borrowings|C|Data|Object-Head|23190.00||||100.0
187|01|29|2049|Interest Payments|01|Interest on Internal Debt|101|Interest on Market Loans|5|Market Loans|44|2023-24 - 7.73% KGS 2034 (DOM 29-11-2034)|241|Interest Payments|2049-01-101-5-44|Interest Payments|C|Data|Object-Head||23190.00|23190.00|23190.00|100.0
187|01|29|2049|Interest Payments|01|Interest on Internal Debt|101|Interest on Market Loans|5|Market Loans|44|2023-24 - 7.73% KGS 2034 (DOM 29-11-2034)|||2049-01-101-5-44|HOA Total :|C|Total|Detailed-Head|23190.00|23190.00|23190.00|23190.00|100.0
187|01|29|2049|Interest Payments|01|Interest on Internal Debt|101|Interest on Market Loans|5|Market Loans|45|2023-24 - 7.69% KGS 2033 (DOM 6-12-2033)|||2049-01-101-5-45|2023-24 - 7.69% KGS 2033 (DOM 6-12-2033)|C|Header|Detailed-Head|||||100.0
187|01|29|2049|Interest Payments|01|Interest on Internal Debt|101|Interest on Market Loans|5|Market Loans|45|2023-24 - 7.69% KGS 2033 (DOM 6-12-2033)|240|Repayment of Borrowings|2049-01-101-5-45|Repayment of Borrowings|C|Data|Object-Head|15380.00||||100.0
187|01|29|2049|Interest Payments|01|Interest on Internal Debt|101|Interest on Market Loans|5|Market Loans|45|2023-24 - 7.69% KGS 2033 (DOM 6-12-2033)|241|Interest Payments|2049-01-101-5-45|Interest Payments|C|Data|Object-Head||15380.00|15380.00|15380.00|100.0
187|01|29|2049|Interest Payments|01|Interest on Internal Debt|101|Interest on Market Loans|5|Market Loans|45|2023-24 - 7.69% KGS 2033 (DOM 6-12-2033)|||2049-01-101-5-45|HOA Total :|C|Total|Detailed-Head|15380.00|15380.00|15380.00|15380.00|100.0
187|01|29|2049|Interest Payments|01|Interest on Internal Debt|101|Interest on Market Loans|5|Market Loans|46|2023-24 - 7.72% KGS 2035 (DOM 6-12-2035)|||2049-01-101-5-46|2023-24 - 7.72% KGS 2035 (DOM 6-12-2035)|C|Header|Detailed-Head|||||100.0
187|01|29|2049|Interest Payments|01|Interest on Internal Debt|101|Interest on Market Loans|5|Market Loans|46|2023-24 - 7.72% KGS 2035 (DOM 6-12-2035)|240|Repayment of Borrowings|2049-01-101-5-46|Repayment of Borrowings|C|Data|Object-Head|15440.00||||100.0
187|01|29|2049|Interest Payments|01|Interest on Internal Debt|101|Interest on Market Loans|5|Market Loans|46|2023-24 - 7.72% KGS 2035 (DOM 6-12-2035)|241|Interest Payments|2049-01-101-5-46|Interest Payments|C|Data|Object-Head||15440.00|15440.00|15440.00|100.0
187|01|29|2049|Interest Payments|01|Interest on Internal Debt|101|Interest on Market Loans|5|Market Loans|46|2023-24 - 7.72% KGS 2035 (DOM 6-12-2035)|||2049-01-101-5-46|HOA Total :|C|Total|Detailed-Head|15440.00|15440.00|15440.00|15440.00|100.0
187|01|29|2049|Interest Payments|01|Interest on Internal Debt|101|Interest on Market Loans|5|Market Loans|47|2023-24 - 7.72% KGS 2035 (DOM 13-12-2035)|||2049-01-101-5-47|2023-24 - 7.72% KGS 2035 (DOM 13-12-2035)|C|Header|Detailed-Head|||||100.0
187|01|29|2049|Interest Payments|01|Interest on Internal Debt|101|Interest on Market Loans|5|Market Loans|47|2023-24 - 7.72% KGS 2035 (DOM 13-12-2035)|240|Repayment of Borrowings|2049-01-101-5-47|Repayment of Borrowings|C|Data|Object-Head|7720.00||||100.0
187|01|29|2049|Interest Payments|01|Interest on Internal Debt|101|Interest on Market Loans|5|Market Loans|47|2023-24 - 7.72% KGS 2035 (DOM 13-12-2035)|241|Interest Payments|2049-01-101-5-47|Interest Payments|C|Data|Object-Head||7720.00|7720.00|7720.00|100.0
187|01|29|2049|Interest Payments|01|Interest on Internal Debt|101|Interest on Market Loans|5|Market Loans|47|2023-24 - 7.72% KGS 2035 (DOM 13-12-2035)|||2049-01-101-5-47|HOA Total :|C|Total|Detailed-Head|7720.00|7720.00|7720.00|7720.00|100.0
187|01|29|2049|Interest Payments|01|Interest on Internal Debt|101|Interest on Market Loans|5|Market Loans|48|2023-24 - 7.71% KGS 2036 (DOM 13-12-2036)|||2049-01-101-5-48|2023-24 - 7.71% KGS 2036 (DOM 13-12-2036)|C|Header|Detailed-Head|||||100.0
187|01|29|2049|Interest Payments|01|Interest on Internal Debt|101|Interest on Market Loans|5|Market Loans|48|2023-24 - 7.71% KGS 2036 (DOM 13-12-2036)|240|Repayment of Borrowings|2049-01-101-5-48|Repayment of Borrowings|C|Data|Object-Head|23130.00||||100.0
187|01|29|2049|Interest Payments|01|Interest on Internal Debt|101|Interest on Market Loans|5|Market Loans|48|2023-24 - 7.71% KGS 2036 (DOM 13-12-2036)|241|Interest Payments|2049-01-101-5-48|Interest Payments|C|Data|Object-Head||23130.00|23130.00|23130.00|100.0
187|01|29|2049|Interest Payments|01|Interest on Internal Debt|101|Interest on Market Loans|5|Market Loans|48|2023-24 - 7.71% KGS 2036 (DOM 13-12-2036)|||2049-01-101-5-48|HOA Total :|C|Total|Detailed-Head|23130.00|23130.00|23130.00|23130.00|100.0
188|01|29|2049|Interest Payments|01|Interest on Internal Debt|101|Interest on Market Loans|5|Market Loans|49|2023-24 - 7.60% KGS 2038 (DOM 20-12-2038)|||2049-01-101-5-49|2023-24 - 7.60% KGS 2038 (DOM 20-12-2038)|C|Header|Detailed-Head|||||100.0
188|01|29|2049|Interest Payments|01|Interest on Internal Debt|101|Interest on Market Loans|5|Market Loans|49|2023-24 - 7.60% KGS 2038 (DOM 20-12-2038)|240|Repayment of Borrowings|2049-01-101-5-49|Repayment of Borrowings|C|Data|Object-Head|15200.00||||100.0
188|01|29|2049|Interest Payments|01|Interest on Internal Debt|101|Interest on Market Loans|5|Market Loans|49|2023-24 - 7.60% KGS 2038 (DOM 20-12-2038)|241|Interest Payments|2049-01-101-5-49|Interest Payments|C|Data|Object-Head||15200.00|15200.00|15200.00|100.0
188|01|29|2049|Interest Payments|01|Interest on Internal Debt|101|Interest on Market Loans|5|Market Loans|49|2023-24 - 7.60% KGS 2038 (DOM 20-12-2038)|||2049-01-101-5-49|HOA Total :|C|Total|Detailed-Head|15200.00|15200.00|15200.00|15200.00|100.0
188|01|29|2049|Interest Payments|01|Interest on Internal Debt|101|Interest on Market Loans|5|Market Loans|50|2023-24 - 7.64% KGS 2039 (DOM 20-12-2039)|||2049-01-101-5-50|2023-24 - 7.64% KGS 2039 (DOM 20-12-2039)|C|Header|Detailed-Head|||||100.0
188|01|29|2049|Interest Payments|01|Interest on Internal Debt|101|Interest on Market Loans|5|Market Loans|50|2023-24 - 7.64% KGS 2039 (DOM 20-12-2039)|240|Repayment of Borrowings|2049-01-101-5-50|Repayment of Borrowings|C|Data|Object-Head|15280.00||||100.0
188|01|29|2049|Interest Payments|01|Interest on Internal Debt|101|Interest on Market Loans|5|Market Loans|50|2023-24 - 7.64% KGS 2039 (DOM 20-12-2039)|241|Interest Payments|2049-01-101-5-50|Interest Payments|C|Data|Object-Head||15280.00|15280.00|15280.00|100.0
188|01|29|2049|Interest Payments|01|Interest on Internal Debt|101|Interest on Market Loans|5|Market Loans|50|2023-24 - 7.64% KGS 2039 (DOM 20-12-2039)|||2049-01-101-5-50|HOA Total :|C|Total|Detailed-Head|15280.00|15280.00|15280.00|15280.00|100.0
188|01|29|2049|Interest Payments|01|Interest on Internal Debt|101|Interest on Market Loans|5|Market Loans|51|2023-24 - 7.68% KGS 2037 (DOM 27-12-2037)|||2049-01-101-5-51|2023-24 - 7.68% KGS 2037 (DOM 27-12-2037)|C|Header|Detailed-Head|||||100.0
188|01|29|2049|Interest Payments|01|Interest on Internal Debt|101|Interest on Market Loans|5|Market Loans|51|2023-24 - 7.68% KGS 2037 (DOM 27-12-2037)|240|Repayment of Borrowings|2049-01-101-5-51|Repayment of Borrowings|C|Data|Object-Head|23039.98||||100.0
188|01|29|2049|Interest Payments|01|Interest on Internal Debt|101|Interest on Market Loans|5|Market Loans|51|2023-24 - 7.68% KGS 2037 (DOM 27-12-2037)|241|Interest Payments|2049-01-101-5-51|Interest Payments|C|Data|Object-Head||23040.00|23040.00|23040.00|100.0
188|01|29|2049|Interest Payments|01|Interest on Internal Debt|101|Interest on Market Loans|5|Market Loans|51|2023-24 - 7.68% KGS 2037 (DOM 27-12-2037)|||2049-01-101-5-51|HOA Total :|C|Total|Detailed-Head|23039.98|23040.00|23040.00|23040.00|100.0
188|01|29|2049|Interest Payments|01|Interest on Internal Debt|101|Interest on Market Loans|5|Market Loans|52|2023-24 - 7.74% KGS 2034 (DOM 03-01-2034)|||2049-01-101-5-52|2023-24 - 7.74% KGS 2034 (DOM 03-01-2034)|C|Header|Detailed-Head|||||100.0
188|01|29|2049|Interest Payments|01|Interest on Internal Debt|101|Interest on Market Loans|5|Market Loans|52|2023-24 - 7.74% KGS 2034 (DOM 03-01-2034)|240|Repayment of Borrowings|2049-01-101-5-52|Repayment of Borrowings|C|Data|Object-Head|23220.00||||100.0
188|01|29|2049|Interest Payments|01|Interest on Internal Debt|101|Interest on Market Loans|5|Market Loans|52|2023-24 - 7.74% KGS 2034 (DOM 03-01-2034)|241|Interest Payments|2049-01-101-5-52|Interest Payments|C|Data|Object-Head||23220.00|23220.00|23220.00|100.0
188|01|29|2049|Interest Payments|01|Interest on Internal Debt|101|Interest on Market Loans|5|Market Loans|52|2023-24 - 7.74% KGS 2034 (DOM 03-01-2034)|||2049-01-101-5-52|HOA Total :|C|Total|Detailed-Head|23220.00|23220.00|23220.00|23220.00|100.0
188|01|29|2049|Interest Payments|01|Interest on Internal Debt|101|Interest on Market Loans|5|Market Loans|53|2023-24 - 7.73% KGS 2035 (DOM 03-01-2035)|||2049-01-101-5-53|2023-24 - 7.73% KGS 2035 (DOM 03-01-2035)|C|Header|Detailed-Head|||||100.0
188|01|29|2049|Interest Payments|01|Interest on Internal Debt|101|Interest on Market Loans|5|Market Loans|53|2023-24 - 7.73% KGS 2035 (DOM 03-01-2035)|240|Repayment of Borrowings|2049-01-101-5-53|Repayment of Borrowings|C|Data|Object-Head|23190.00||||100.0
188|01|29|2049|Interest Payments|01|Interest on Internal Debt|101|Interest on Market Loans|5|Market Loans|53|2023-24 - 7.73% KGS 2035 (DOM 03-01-2035)|241|Interest Payments|2049-01-101-5-53|Interest Payments|C|Data|Object-Head||23190.00|23190.00|23190.00|100.0
188|01|29|2049|Interest Payments|01|Interest on Internal Debt|101|Interest on Market Loans|5|Market Loans|53|2023-24 - 7.73% KGS 2035 (DOM 03-01-2035)|||2049-01-101-5-53|HOA Total :|C|Total|Detailed-Head|23190.00|23190.00|23190.00|23190.00|100.0
189|01|29|2049|Interest Payments|01|Interest on Internal Debt|101|Interest on Market Loans|5|Market Loans|54|2023-24 - 7.74% KGS 2036 (DOM 10-01-2036)|||2049-01-101-5-54|2023-24 - 7.74% KGS 2036 (DOM 10-01-2036)|C|Header|Detailed-Head|||||100.0
189|01|29|2049|Interest Payments|01|Interest on Internal Debt|101|Interest on Market Loans|5|Market Loans|54|2023-24 - 7.74% KGS 2036 (DOM 10-01-2036)|240|Repayment of Borrowings|2049-01-101-5-54|Repayment of Borrowings|C|Data|Object-Head|23220.00||||100.0
189|01|29|2049|Interest Payments|01|Interest on Internal Debt|101|Interest on Market Loans|5|Market Loans|54|2023-24 - 7.74% KGS 2036 (DOM 10-01-2036)|241|Interest Payments|2049-01-101-5-54|Interest Payments|C|Data|Object-Head||23220.00|23220.00|23220.00|100.0
189|01|29|2049|Interest Payments|01|Interest on Internal Debt|101|Interest on Market Loans|5|Market Loans|54|2023-24 - 7.74% KGS 2036 (DOM 10-01-2036)|||2049-01-101-5-54|HOA Total :|C|Total|Detailed-Head|23220.00|23220.00|23220.00|23220.00|100.0
189|01|29|2049|Interest Payments|01|Interest on Internal Debt|101|Interest on Market Loans|5|Market Loans|55|2023-24 - 7.72% KGS 2037 (DOM 10-01-2037)|||2049-01-101-5-55|2023-24 - 7.72% KGS 2037 (DOM 10-01-2037)|C|Header|Detailed-Head|||||100.0
189|01|29|2049|Interest Payments|01|Interest on Internal Debt|101|Interest on Market Loans|5|Market Loans|55|2023-24 - 7.72% KGS 2037 (DOM 10-01-2037)|240|Repayment of Borrowings|2049-01-101-5-55|Repayment of Borrowings|C|Data|Object-Head|15440.00||||100.0
189|01|29|2049|Interest Payments|01|Interest on Internal Debt|101|Interest on Market Loans|5|Market Loans|55|2023-24 - 7.72% KGS 2037 (DOM 10-01-2037)|241|Interest Payments|2049-01-101-5-55|Interest Payments|C|Data|Object-Head||15440.00|15440.00|15440.00|100.0
189|01|29|2049|Interest Payments|01|Interest on Internal Debt|101|Interest on Market Loans|5|Market Loans|55|2023-24 - 7.72% KGS 2037 (DOM 10-01-2037)|||2049-01-101-5-55|HOA Total :|C|Total|Detailed-Head|15440.00|15440.00|15440.00|15440.00|100.0
189|01|29|2049|Interest Payments|01|Interest on Internal Debt|101|Interest on Market Loans|5|Market Loans|56|2023-24 - 7.71% KGS 2038 (DOM 10-01-2038)|||2049-01-101-5-56|2023-24 - 7.71% KGS 2038 (DOM 10-01-2038)|C|Header|Detailed-Head|||||100.0
189|01|29|2049|Interest Payments|01|Interest on Internal Debt|101|Interest on Market Loans|5|Market Loans|56|2023-24 - 7.71% KGS 2038 (DOM 10-01-2038)|240|Repayment of Borrowings|2049-01-101-5-56|Repayment of Borrowings|C|Data|Object-Head|15420.00||||100.0
189|01|29|2049|Interest Payments|01|Interest on Internal Debt|101|Interest on Market Loans|5|Market Loans|56|2023-24 - 7.71% KGS 2038 (DOM 10-01-2038)|241|Interest Payments|2049-01-101-5-56|Interest Payments|C|Data|Object-Head||15420.00|15420.00|15420.00|100.0
189|01|29|2049|Interest Payments|01|Interest on Internal Debt|101|Interest on Market Loans|5|Market Loans|56|2023-24 - 7.71% KGS 2038 (DOM 10-01-2038)|||2049-01-101-5-56|HOA Total :|C|Total|Detailed-Head|15420.00|15420.00|15420.00|15420.00|100.0
189|01|29|2049|Interest Payments|01|Interest on Internal Debt|101|Interest on Market Loans|5|Market Loans|57|2023-24 - 7.68% KGS 2039 (DOM 17-01-2039)|||2049-01-101-5-57|2023-24 - 7.68% KGS 2039 (DOM 17-01-2039)|C|Header|Detailed-Head|||||100.0
189|01|29|2049|Interest Payments|01|Interest on Internal Debt|101|Interest on Market Loans|5|Market Loans|57|2023-24 - 7.68% KGS 2039 (DOM 17-01-2039)|240|Repayment of Borrowings|2049-01-101-5-57|Repayment of Borrowings|C|Data|Object-Head|15360.00||||100.0
189|01|29|2049|Interest Payments|01|Interest on Internal Debt|101|Interest on Market Loans|5|Market Loans|57|2023-24 - 7.68% KGS 2039 (DOM 17-01-2039)|241|Interest Payments|2049-01-101-5-57|Interest Payments|C|Data|Object-Head||15360.00|15360.00|15360.00|100.0
189|01|29|2049|Interest Payments|01|Interest on Internal Debt|101|Interest on Market Loans|5|Market Loans|57|2023-24 - 7.68% KGS 2039 (DOM 17-01-2039)|||2049-01-101-5-57|HOA Total :|C|Total|Detailed-Head|15360.00|15360.00|15360.00|15360.00|100.0
189|01|29|2049|Interest Payments|01|Interest on Internal Debt|101|Interest on Market Loans|5|Market Loans|58|2023-24 - 7.69% KGS 2040 (DOM 17-01-2040)|||2049-01-101-5-58|2023-24 - 7.69% KGS 2040 (DOM 17-01-2040)|C|Header|Detailed-Head|||||100.0
189|01|29|2049|Interest Payments|01|Interest on Internal Debt|101|Interest on Market Loans|5|Market Loans|58|2023-24 - 7.69% KGS 2040 (DOM 17-01-2040)|240|Repayment of Borrowings|2049-01-101-5-58|Repayment of Borrowings|C|Data|Object-Head|23070.00||||100.0
189|01|29|2049|Interest Payments|01|Interest on Internal Debt|101|Interest on Market Loans|5|Market Loans|58|2023-24 - 7.69% KGS 2040 (DOM 17-01-2040)|241|Interest Payments|2049-01-101-5-58|Interest Payments|C|Data|Object-Head||23070.00|23070.00|23070.00|100.0
189|01|29|2049|Interest Payments|01|Interest on Internal Debt|101|Interest on Market Loans|5|Market Loans|58|2023-24 - 7.69% KGS 2040 (DOM 17-01-2040)|||2049-01-101-5-58|HOA Total :|C|Total|Detailed-Head|23070.00|23070.00|23070.00|23070.00|100.0
190|01|29|2049|Interest Payments|01|Interest on Internal Debt|101|Interest on Market Loans|5|Market Loans|59|2023-24 - 7.73% KGS 2041 (DOM 24-01-2041)|||2049-01-101-5-59|2023-24 - 7.73% KGS 2041 (DOM 24-01-2041)|C|Header|Detailed-Head|||||100.0
190|01|29|2049|Interest Payments|01|Interest on Internal Debt|101|Interest on Market Loans|5|Market Loans|59|2023-24 - 7.73% KGS 2041 (DOM 24-01-2041)|240|Repayment of Borrowings|2049-01-101-5-59|Repayment of Borrowings|C|Data|Object-Head|15460.00||||100.0
190|01|29|2049|Interest Payments|01|Interest on Internal Debt|101|Interest on Market Loans|5|Market Loans|59|2023-24 - 7.73% KGS 2041 (DOM 24-01-2041)|241|Interest Payments|2049-01-101-5-59|Interest Payments|C|Data|Object-Head||15460.00|15460.00|15460.00|100.0
190|01|29|2049|Interest Payments|01|Interest on Internal Debt|101|Interest on Market Loans|5|Market Loans|59|2023-24 - 7.73% KGS 2041 (DOM 24-01-2041)|||2049-01-101-5-59|HOA Total :|C|Total|Detailed-Head|15460.00|15460.00|15460.00|15460.00|100.0
190|01|29|2049|Interest Payments|01|Interest on Internal Debt|101|Interest on Market Loans|5|Market Loans|60|2023-24 - 7.67% KGS 2042 (DOM 24-01-2042)|||2049-01-101-5-60|2023-24 - 7.67% KGS 2042 (DOM 24-01-2042)|C|Header|Detailed-Head|||||100.0
190|01|29|2049|Interest Payments|01|Interest on Internal Debt|101|Interest on Market Loans|5|Market Loans|60|2023-24 - 7.67% KGS 2042 (DOM 24-01-2042)|240|Repayment of Borrowings|2049-01-101-5-60|Repayment of Borrowings|C|Data|Object-Head|23010.00||||100.0
190|01|29|2049|Interest Payments|01|Interest on Internal Debt|101|Interest on Market Loans|5|Market Loans|60|2023-24 - 7.67% KGS 2042 (DOM 24-01-2042)|241|Interest Payments|2049-01-101-5-60|Interest Payments|C|Data|Object-Head||23010.00|23010.00|23010.00|100.0
190|01|29|2049|Interest Payments|01|Interest on Internal Debt|101|Interest on Market Loans|5|Market Loans|60|2023-24 - 7.67% KGS 2042 (DOM 24-01-2042)|||2049-01-101-5-60|HOA Total :|C|Total|Detailed-Head|23010.00|23010.00|23010.00|23010.00|100.0
190|01|29|2049|Interest Payments|01|Interest on Internal Debt|101|Interest on Market Loans|5|Market Loans|61|2023-24 - 7.48% KGS 2033 (DOM 21-02-2033)|||2049-01-101-5-61|2023-24 - 7.48% KGS 2033 (DOM 21-02-2033)|C|Header|Detailed-Head|||||100.0
190|01|29|2049|Interest Payments|01|Interest on Internal Debt|101|Interest on Market Loans|5|Market Loans|61|2023-24 - 7.48% KGS 2033 (DOM 21-02-2033)|240|Repayment of Borrowings|2049-01-101-5-61|Repayment of Borrowings|C|Data|Object-Head|29920.00||||100.0
190|01|29|2049|Interest Payments|01|Interest on Internal Debt|101|Interest on Market Loans|5|Market Loans|61|2023-24 - 7.48% KGS 2033 (DOM 21-02-2033)|241|Interest Payments|2049-01-101-5-61|Interest Payments|C|Data|Object-Head||29920.00|29920.00|29920.00|100.0
190|01|29|2049|Interest Payments|01|Interest on Internal Debt|101|Interest on Market Loans|5|Market Loans|61|2023-24 - 7.48% KGS 2033 (DOM 21-02-2033)|||2049-01-101-5-61|HOA Total :|C|Total|Detailed-Head|29920.00|29920.00|29920.00|29920.00|100.0
190|01|29|2049|Interest Payments|01|Interest on Internal Debt|101|Interest on Market Loans|5|Market Loans|62|2023-24 - 7.45% KGS 2040 (DOM 21-02-2040)|||2049-01-101-5-62|2023-24 - 7.45% KGS 2040 (DOM 21-02-2040)|C|Header|Detailed-Head|||||100.0
190|01|29|2049|Interest Payments|01|Interest on Internal Debt|101|Interest on Market Loans|5|Market Loans|62|2023-24 - 7.45% KGS 2040 (DOM 21-02-2040)|240|Repayment of Borrowings|2049-01-101-5-62|Repayment of Borrowings|C|Data|Object-Head|7450.00||||100.0
190|01|29|2049|Interest Payments|01|Interest on Internal Debt|101|Interest on Market Loans|5|Market Loans|62|2023-24 - 7.45% KGS 2040 (DOM 21-02-2040)|241|Interest Payments|2049-01-101-5-62|Interest Payments|C|Data|Object-Head||7450.00|7450.00|7450.00|100.0
190|01|29|2049|Interest Payments|01|Interest on Internal Debt|101|Interest on Market Loans|5|Market Loans|62|2023-24 - 7.45% KGS 2040 (DOM 21-02-2040)|||2049-01-101-5-62|HOA Total :|C|Total|Detailed-Head|7450.00|7450.00|7450.00|7450.00|100.0
190|01|29|2049|Interest Payments|01|Interest on Internal Debt|101|Interest on Market Loans|5|Market Loans|63|2023-24 - 7.44% KGS 2034 (DOM 28-02-2034)|||2049-01-101-5-63|2023-24 - 7.44% KGS 2034 (DOM 28-02-2034)|C|Header|Detailed-Head|||||100.0
190|01|29|2049|Interest Payments|01|Interest on Internal Debt|101|Interest on Market Loans|5|Market Loans|63|2023-24 - 7.44% KGS 2034 (DOM 28-02-2034)|240|Repayment of Borrowings|2049-01-101-5-63|Repayment of Borrowings|C|Data|Object-Head|22320.00||||100.0
190|01|29|2049|Interest Payments|01|Interest on Internal Debt|101|Interest on Market Loans|5|Market Loans|63|2023-24 - 7.44% KGS 2034 (DOM 28-02-2034)|241|Interest Payments|2049-01-101-5-63|Interest Payments|C|Data|Object-Head||22320.00|22320.00|22320.00|100.0
190|01|29|2049|Interest Payments|01|Interest on Internal Debt|101|Interest on Market Loans|5|Market Loans|63|2023-24 - 7.44% KGS 2034 (DOM 28-02-2034)|||2049-01-101-5-63|HOA Total :|C|Total|Detailed-Head|22320.00|22320.00|22320.00|22320.00|100.0
191|01|29|2049|Interest Payments|01|Interest on Internal Debt|101|Interest on Market Loans|5|Market Loans|64|2023-24 - 7.42% KGS 2039 (DOM 28-02-2039)|||2049-01-101-5-64|2023-24 - 7.42% KGS 2039 (DOM 28-02-2039)|C|Header|Detailed-Head|||||100.0
191|01|29|2049|Interest Payments|01|Interest on Internal Debt|101|Interest on Market Loans|5|Market Loans|64|2023-24 - 7.42% KGS 2039 (DOM 28-02-2039)|240|Repayment of Borrowings|2049-01-101-5-64|Repayment of Borrowings|C|Data|Object-Head|14840.00||||100.0
191|01|29|2049|Interest Payments|01|Interest on Internal Debt|101|Interest on Market Loans|5|Market Loans|64|2023-24 - 7.42% KGS 2039 (DOM 28-02-2039)|241|Interest Payments|2049-01-101-5-64|Interest Payments|C|Data|Object-Head||14840.00|14840.00|14840.00|100.0
191|01|29|2049|Interest Payments|01|Interest on Internal Debt|101|Interest on Market Loans|5|Market Loans|64|2023-24 - 7.42% KGS 2039 (DOM 28-02-2039)|||2049-01-101-5-64|HOA Total :|C|Total|Detailed-Head|14840.00|14840.00|14840.00|14840.00|100.0
191|01|29|2049|Interest Payments|01|Interest on Internal Debt|101|Interest on Market Loans|5|Market Loans|65|2023-24 - 7.42% KGS 2035 (DOM 06-03-2035)|||2049-01-101-5-65|2023-24 - 7.42% KGS 2035 (DOM 06-03-2035)|C|Header|Detailed-Head|||||100.0
191|01|29|2049|Interest Payments|01|Interest on Internal Debt|101|Interest on Market Loans|5|Market Loans|65|2023-24 - 7.42% KGS 2035 (DOM 06-03-2035)|240|Repayment of Borrowings|2049-01-101-5-65|Repayment of Borrowings|C|Data|Object-Head|22259.99||||100.0
191|01|29|2049|Interest Payments|01|Interest on Internal Debt|101|Interest on Market Loans|5|Market Loans|65|2023-24 - 7.42% KGS 2035 (DOM 06-03-2035)|241|Interest Payments|2049-01-101-5-65|Interest Payments|C|Data|Object-Head||22260.00|22260.00|22260.00|100.0
191|01|29|2049|Interest Payments|01|Interest on Internal Debt|101|Interest on Market Loans|5|Market Loans|65|2023-24 - 7.42% KGS 2035 (DOM 06-03-2035)|||2049-01-101-5-65|HOA Total :|C|Total|Detailed-Head|22259.99|22260.00|22260.00|22260.00|100.0
191|01|29|2049|Interest Payments|01|Interest on Internal Debt|101|Interest on Market Loans|5|Market Loans|66|2023-24 - 7.41% KGS 2036 (DOM 06-03-2036)|||2049-01-101-5-66|2023-24 - 7.41% KGS 2036 (DOM 06-03-2036)|C|Header|Detailed-Head|||||100.0
191|01|29|2049|Interest Payments|01|Interest on Internal Debt|101|Interest on Market Loans|5|Market Loans|66|2023-24 - 7.41% KGS 2036 (DOM 06-03-2036)|240|Repayment of Borrowings|2049-01-101-5-66|Repayment of Borrowings|C|Data|Object-Head|22229.99||||100.0
191|01|29|2049|Interest Payments|01|Interest on Internal Debt|101|Interest on Market Loans|5|Market Loans|66|2023-24 - 7.41% KGS 2036 (DOM 06-03-2036)|241|Interest Payments|2049-01-101-5-66|Interest Payments|C|Data|Object-Head||22230.00|22230.00|22230.00|100.0
191|01|29|2049|Interest Payments|01|Interest on Internal Debt|101|Interest on Market Loans|5|Market Loans|66|2023-24 - 7.41% KGS 2036 (DOM 06-03-2036)|||2049-01-101-5-66|HOA Total :|C|Total|Detailed-Head|22229.99|22230.00|22230.00|22230.00|100.0
191|01|29|2049|Interest Payments|01|Interest on Internal Debt|101|Interest on Market Loans|5|Market Loans|67|2023-24 - 7.36% KGS 2034 (DOM 13-03-2034)|||2049-01-101-5-67|2023-24 - 7.36% KGS 2034 (DOM 13-03-2034)|C|Header|Detailed-Head|||||100.0
191|01|29|2049|Interest Payments|01|Interest on Internal Debt|101|Interest on Market Loans|5|Market Loans|67|2023-24 - 7.36% KGS 2034 (DOM 13-03-2034)|240|Repayment of Borrowings|2049-01-101-5-67|Repayment of Borrowings|C|Data|Object-Head|7360.00||||100.0
191|01|29|2049|Interest Payments|01|Interest on Internal Debt|101|Interest on Market Loans|5|Market Loans|67|2023-24 - 7.36% KGS 2034 (DOM 13-03-2034)|241|Interest Payments|2049-01-101-5-67|Interest Payments|C|Data|Object-Head||7360.00|7360.00|7360.00|100.0
191|01|29|2049|Interest Payments|01|Interest on Internal Debt|101|Interest on Market Loans|5|Market Loans|67|2023-24 - 7.36% KGS 2034 (DOM 13-03-2034)|||2049-01-101-5-67|HOA Total :|C|Total|Detailed-Head|7360.00|7360.00|7360.00|7360.00|100.0
191|01|29|2049|Interest Payments|01|Interest on Internal Debt|101|Interest on Market Loans|5|Market Loans|68|2023-24 - 7.37% KGS 2037 (DOM 13-03-2037)|||2049-01-101-5-68|2023-24 - 7.37% KGS 2037 (DOM 13-03-2037)|C|Header|Detailed-Head|||||100.0
191|01|29|2049|Interest Payments|01|Interest on Internal Debt|101|Interest on Market Loans|5|Market Loans|68|2023-24 - 7.37% KGS 2037 (DOM 13-03-2037)|240|Repayment of Borrowings|2049-01-101-5-68|Repayment of Borrowings|C|Data|Object-Head|22108.89||||100.0
191|01|29|2049|Interest Payments|01|Interest on Internal Debt|101|Interest on Market Loans|5|Market Loans|68|2023-24 - 7.37% KGS 2037 (DOM 13-03-2037)|241|Interest Payments|2049-01-101-5-68|Interest Payments|C|Data|Object-Head||22110.00|22110.00|22110.00|100.0
191|01|29|2049|Interest Payments|01|Interest on Internal Debt|101|Interest on Market Loans|5|Market Loans|68|2023-24 - 7.37% KGS 2037 (DOM 13-03-2037)|||2049-01-101-5-68|HOA Total :|C|Total|Detailed-Head|22108.89|22110.00|22110.00|22110.00|100.0
192|01|29|2049|Interest Payments|01|Interest on Internal Debt|101|Interest on Market Loans|5|Market Loans|69|2023-24 - 7.37% KGS 2038 (DOM 13-03-2038)|||2049-01-101-5-69|2023-24 - 7.37% KGS 2038 (DOM 13-03-2038)|C|Header|Detailed-Head|||||100.0
192|01|29|2049|Interest Payments|01|Interest on Internal Debt|101|Interest on Market Loans|5|Market Loans|69|2023-24 - 7.37% KGS 2038 (DOM 13-03-2038)|240|Repayment of Borrowings|2049-01-101-5-69|Repayment of Borrowings|C|Data|Object-Head|14737.81||||100.0
192|01|29|2049|Interest Payments|01|Interest on Internal Debt|101|Interest on Market Loans|5|Market Loans|69|2023-24 - 7.37% KGS 2038 (DOM 13-03-2038)|241|Interest Payments|2049-01-101-5-69|Interest Payments|C|Data|Object-Head||14740.00|14740.00|14740.00|100.0
192|01|29|2049|Interest Payments|01|Interest on Internal Debt|101|Interest on Market Loans|5|Market Loans|69|2023-24 - 7.37% KGS 2038 (DOM 13-03-2038)|||2049-01-101-5-69|HOA Total :|C|Total|Detailed-Head|14737.81|14740.00|14740.00|14740.00|100.0
192|01|29|2049|Interest Payments|01|Interest on Internal Debt|101|Interest on Market Loans|5|Market Loans|70|2023-24 - 7.45% KGS 2035 (DOM 20-03-2035)|||2049-01-101-5-70|2023-24 - 7.45% KGS 2035 (DOM 20-03-2035)|C|Header|Detailed-Head|||||100.0
192|01|29|2049|Interest Payments|01|Interest on Internal Debt|101|Interest on Market Loans|5|Market Loans|70|2023-24 - 7.45% KGS 2035 (DOM 20-03-2035)|240|Repayment of Borrowings|2049-01-101-5-70|Repayment of Borrowings|C|Data|Object-Head|14900.00||||100.0
192|01|29|2049|Interest Payments|01|Interest on Internal Debt|101|Interest on Market Loans|5|Market Loans|70|2023-24 - 7.45% KGS 2035 (DOM 20-03-2035)|241|Interest Payments|2049-01-101-5-70|Interest Payments|C|Data|Object-Head||14900.00|14900.00|14900.00|100.0
192|01|29|2049|Interest Payments|01|Interest on Internal Debt|101|Interest on Market Loans|5|Market Loans|70|2023-24 - 7.45% KGS 2035 (DOM 20-03-2035)|||2049-01-101-5-70|HOA Total :|C|Total|Detailed-Head|14900.00|14900.00|14900.00|14900.00|100.0
192|01|29|2049|Interest Payments|01|Interest on Internal Debt|101|Interest on Market Loans|5|Market Loans|71|2023-24 - 7.45% KGS 2037 (DOM 20-03-2037)|||2049-01-101-5-71|2023-24 - 7.45% KGS 2037 (DOM 20-03-2037)|C|Header|Detailed-Head|||||100.0
192|01|29|2049|Interest Payments|01|Interest on Internal Debt|101|Interest on Market Loans|5|Market Loans|71|2023-24 - 7.45% KGS 2037 (DOM 20-03-2037)|240|Repayment of Borrowings|2049-01-101-5-71|Repayment of Borrowings|C|Data|Object-Head|14900.00||||100.0
192|01|29|2049|Interest Payments|01|Interest on Internal Debt|101|Interest on Market Loans|5|Market Loans|71|2023-24 - 7.45% KGS 2037 (DOM 20-03-2037)|241|Interest Payments|2049-01-101-5-71|Interest Payments|C|Data|Object-Head||14900.00|14900.00|14900.00|100.0
192|01|29|2049|Interest Payments|01|Interest on Internal Debt|101|Interest on Market Loans|5|Market Loans|71|2023-24 - 7.45% KGS 2037 (DOM 20-03-2037)|||2049-01-101-5-71|HOA Total :|C|Total|Detailed-Head|14900.00|14900.00|14900.00|14900.00|100.0
192|01|29|2049|Interest Payments|01|Interest on Internal Debt|101|Interest on Market Loans|5|Market Loans|72|2023-24 - 7.46% KGS 2038 (DOM 20-03-2038)|||2049-01-101-5-72|2023-24 - 7.46% KGS 2038 (DOM 20-03-2038)|C|Header|Detailed-Head|||||100.0
192|01|29|2049|Interest Payments|01|Interest on Internal Debt|101|Interest on Market Loans|5|Market Loans|72|2023-24 - 7.46% KGS 2038 (DOM 20-03-2038)|240|Repayment of Borrowings|2049-01-101-5-72|Repayment of Borrowings|C|Data|Object-Head|14920.00||||100.0
192|01|29|2049|Interest Payments|01|Interest on Internal Debt|101|Interest on Market Loans|5|Market Loans|72|2023-24 - 7.46% KGS 2038 (DOM 20-03-2038)|241|Interest Payments|2049-01-101-5-72|Interest Payments|C|Data|Object-Head||14920.00|14920.00|14920.00|100.0
192|01|29|2049|Interest Payments|01|Interest on Internal Debt|101|Interest on Market Loans|5|Market Loans|72|2023-24 - 7.46% KGS 2038 (DOM 20-03-2038)|||2049-01-101-5-72|HOA Total :|C|Total|Detailed-Head|14920.00|14920.00|14920.00|14920.00|100.0
192|01|29|2049|Interest Payments|01|Interest on Internal Debt|101|Interest on Market Loans|5|Market Loans|73|2023-24 - 7.42% KGS 2032 (DOM 27-03-2032)|||2049-01-101-5-73|2023-24 - 7.42% KGS 2032 (DOM 27-03-2032)|C|Header|Detailed-Head|||||100.0
192|01|29|2049|Interest Payments|01|Interest on Internal Debt|101|Interest on Market Loans|5|Market Loans|73|2023-24 - 7.42% KGS 2032 (DOM 27-03-2032)|240|Repayment of Borrowings|2049-01-101-5-73|Repayment of Borrowings|C|Data|Object-Head|7420.00||||100.0
192|01|29|2049|Interest Payments|01|Interest on Internal Debt|101|Interest on Market Loans|5|Market Loans|73|2023-24 - 7.42% KGS 2032 (DOM 27-03-2032)|241|Interest Payments|2049-01-101-5-73|Interest Payments|C|Data|Object-Head||7420.00|7420.00|7420.00|100.0
192|01|29|2049|Interest Payments|01|Interest on Internal Debt|101|Interest on Market Loans|5|Market Loans|73|2023-24 - 7.42% KGS 2032 (DOM 27-03-2032)|||2049-01-101-5-73|HOA Total :|C|Total|Detailed-Head|7420.00|7420.00|7420.00|7420.00|100.0
193|01|29|2049|Interest Payments|01|Interest on Internal Debt|101|Interest on Market Loans|5|Market Loans|74|2023-24 - 7.44% KGS 2033 (DOM 27-03-2033)|||2049-01-101-5-74|2023-24 - 7.44% KGS 2033 (DOM 27-03-2033)|C|Header|Detailed-Head|||||100.0
193|01|29|2049|Interest Payments|01|Interest on Internal Debt|101|Interest on Market Loans|5|Market Loans|74|2023-24 - 7.44% KGS 2033 (DOM 27-03-2033)|240|Repayment of Borrowings|2049-01-101-5-74|Repayment of Borrowings|C|Data|Object-Head|14880.00||||100.0
193|01|29|2049|Interest Payments|01|Interest on Internal Debt|101|Interest on Market Loans|5|Market Loans|74|2023-24 - 7.44% KGS 2033 (DOM 27-03-2033)|241|Interest Payments|2049-01-101-5-74|Interest Payments|C|Data|Object-Head||14880.00|14880.00|14880.00|100.0
193|01|29|2049|Interest Payments|01|Interest on Internal Debt|101|Interest on Market Loans|5|Market Loans|74|2023-24 - 7.44% KGS 2033 (DOM 27-03-2033)|||2049-01-101-5-74|HOA Total :|C|Total|Detailed-Head|14880.00|14880.00|14880.00|14880.00|100.0
193|01|29|2049|Interest Payments|01|Interest on Internal Debt|101|Interest on Market Loans|5|Market Loans|75|2024-25 - 6.95% KGS 2028 (DOM 25.09.2028)|||2049-01-101-5-75|2024-25 - 6.95% KGS 2028 (DOM 25.09.2028)|C|Header|Detailed-Head|||||100.0
193|01|29|2049|Interest Payments|01|Interest on Internal Debt|101|Interest on Market Loans|5|Market Loans|75|2024-25 - 6.95% KGS 2028 (DOM 25.09.2028)|240|Repayment of Borrowings|2049-01-101-5-75|Repayment of Borrowings|C|Data|Object-Head|10425.00||||100.0
193|01|29|2049|Interest Payments|01|Interest on Internal Debt|101|Interest on Market Loans|5|Market Loans|75|2024-25 - 6.95% KGS 2028 (DOM 25.09.2028)|241|Interest Payments|2049-01-101-5-75|Interest Payments|C|Data|Object-Head||20850.00|20850.00|20850.00|100.0
193|01|29|2049|Interest Payments|01|Interest on Internal Debt|101|Interest on Market Loans|5|Market Loans|75|2024-25 - 6.95% KGS 2028 (DOM 25.09.2028)|||2049-01-101-5-75|HOA Total :|C|Total|Detailed-Head|10425.00|20850.00|20850.00|20850.00|100.0
193|01|29|2049|Interest Payments|01|Interest on Internal Debt|101|Interest on Market Loans|5|Market Loans|76|2024-25 - 6.90% KGS 2027 (DOM 03-10-2027)|||2049-01-101-5-76|2024-25 - 6.90% KGS 2027 (DOM 03-10-2027)|C|Header|Detailed-Head|||||100.0
193|01|29|2049|Interest Payments|01|Interest on Internal Debt|101|Interest on Market Loans|5|Market Loans|76|2024-25 - 6.90% KGS 2027 (DOM 03-10-2027)|241|Interest Payments|2049-01-101-5-76|Interest Payments|C|Data|Object-Head||13800.00|13800.00|13800.00|100.0
193|01|29|2049|Interest Payments|01|Interest on Internal Debt|101|Interest on Market Loans|5|Market Loans|76|2024-25 - 6.90% KGS 2027 (DOM 03-10-2027)|||2049-01-101-5-76|HOA Total :|C|Total|Detailed-Head|0.00|13800.00|13800.00|13800.00|100.0
193|01|29|2049|Interest Payments|01|Interest on Internal Debt|101|Interest on Market Loans|5|Market Loans|77|2024-25 - 7.00% KGS 2030 (DOM 03-10-2030)|||2049-01-101-5-77|2024-25 - 7.00% KGS 2030 (DOM 03-10-2030)|C|Header|Detailed-Head|||||100.0
193|01|29|2049|Interest Payments|01|Interest on Internal Debt|101|Interest on Market Loans|5|Market Loans|77|2024-25 - 7.00% KGS 2030 (DOM 03-10-2030)|241|Interest Payments|2049-01-101-5-77|Interest Payments|C|Data|Object-Head||14000.00|14000.00|14000.00|100.0
193|01|29|2049|Interest Payments|01|Interest on Internal Debt|101|Interest on Market Loans|5|Market Loans|77|2024-25 - 7.00% KGS 2030 (DOM 03-10-2030)|||2049-01-101-5-77|HOA Total :|C|Total|Detailed-Head|0.00|14000.00|14000.00|14000.00|100.0
193|01|29|2049|Interest Payments|01|Interest on Internal Debt|101|Interest on Market Loans|5|Market Loans|78|2024-25 - 7.10% KGS 2032 (DOM 09-10-2032)|||2049-01-101-5-78|2024-25 - 7.10% KGS 2032 (DOM 09-10-2032)|C|Header|Detailed-Head|||||100.0
193|01|29|2049|Interest Payments|01|Interest on Internal Debt|101|Interest on Market Loans|5|Market Loans|78|2024-25 - 7.10% KGS 2032 (DOM 09-10-2032)|241|Interest Payments|2049-01-101-5-78|Interest Payments|C|Data|Object-Head||14200.00|14200.00|14200.00|100.0
193|01|29|2049|Interest Payments|01|Interest on Internal Debt|101|Interest on Market Loans|5|Market Loans|78|2024-25 - 7.10% KGS 2032 (DOM 09-10-2032)|||2049-01-101-5-78|HOA Total :|C|Total|Detailed-Head|0.00|14200.00|14200.00|14200.00|100.0
194|01|29|2049|Interest Payments|01|Interest on Internal Debt|101|Interest on Market Loans|5|Market Loans|79|2024-25 - 7.12% KGS 2033(DOM 09-10-2033)|||2049-01-101-5-79|2024-25 - 7.12% KGS 2033(DOM 09-10-2033)|C|Header|Detailed-Head|||||100.0
194|01|29|2049|Interest Payments|01|Interest on Internal Debt|101|Interest on Market Loans|5|Market Loans|79|2024-25 - 7.12% KGS 2033(DOM 09-10-2033)|241|Interest Payments|2049-01-101-5-79|Interest Payments|C|Data|Object-Head||14240.00|14240.00|14240.00|100.0
194|01|29|2049|Interest Payments|01|Interest on Internal Debt|101|Interest on Market Loans|5|Market Loans|79|2024-25 - 7.12% KGS 2033(DOM 09-10-2033)|||2049-01-101-5-79|HOA Total :|C|Total|Detailed-Head|0.00|14240.00|14240.00|14240.00|100.0
194|01|29|2049|Interest Payments|01|Interest on Internal Debt|101|Interest on Market Loans|5|Market Loans|80|2024-25 - 7.08% KGS 2034(DOM 16-10-2034)|||2049-01-101-5-80|2024-25 - 7.08% KGS 2034(DOM 16-10-2034)|C|Header|Detailed-Head|||||100.0
194|01|29|2049|Interest Payments|01|Interest on Internal Debt|101|Interest on Market Loans|5|Market Loans|80|2024-25 - 7.08% KGS 2034(DOM 16-10-2034)|241|Interest Payments|2049-01-101-5-80|Interest Payments|C|Data|Object-Head||14160.00|14160.00|14160.00|100.0
194|01|29|2049|Interest Payments|01|Interest on Internal Debt|101|Interest on Market Loans|5|Market Loans|80|2024-25 - 7.08% KGS 2034(DOM 16-10-2034)|||2049-01-101-5-80|HOA Total :|C|Total|Detailed-Head|0.00|14160.00|14160.00|14160.00|100.0
194|01|29|2049|Interest Payments|01|Interest on Internal Debt|101|Interest on Market Loans|5|Market Loans|81|2024-25 - 7.09% KGS 2035(DOM 16-10-2035)|||2049-01-101-5-81|2024-25 - 7.09% KGS 2035(DOM 16-10-2035)|C|Header|Detailed-Head|||||100.0
194|01|29|2049|Interest Payments|01|Interest on Internal Debt|101|Interest on Market Loans|5|Market Loans|81|2024-25 - 7.09% KGS 2035(DOM 16-10-2035)|241|Interest Payments|2049-01-101-5-81|Interest Payments|C|Data|Object-Head||14180.00|14180.00|14180.00|100.0
194|01|29|2049|Interest Payments|01|Interest on Internal Debt|101|Interest on Market Loans|5|Market Loans|81|2024-25 - 7.09% KGS 2035(DOM 16-10-2035)|||2049-01-101-5-81|HOA Total :|C|Total|Detailed-Head|0.00|14180.00|14180.00|14180.00|100.0
194|01|29|2049|Interest Payments|01|Interest on Internal Debt|101|Interest on Market Loans|5|Market Loans|82|2024-25 - 7.10% KGS 2035(DOM 23-10-2035)|||2049-01-101-5-82|2024-25 - 7.10% KGS 2035(DOM 23-10-2035)|C|Header|Detailed-Head|||||100.0
194|01|29|2049|Interest Payments|01|Interest on Internal Debt|101|Interest on Market Loans|5|Market Loans|82|2024-25 - 7.10% KGS 2035(DOM 23-10-2035)|241|Interest Payments|2049-01-101-5-82|Interest Payments|C|Data|Object-Head||28400.00|28400.00|28400.00|100.0
194|01|29|2049|Interest Payments|01|Interest on Internal Debt|101|Interest on Market Loans|5|Market Loans|82|2024-25 - 7.10% KGS 2035(DOM 23-10-2035)|||2049-01-101-5-82|HOA Total :|C|Total|Detailed-Head|0.00|28400.00|28400.00|28400.00|100.0
194|01|29|2049|Interest Payments|01|Interest on Internal Debt|101|Interest on Market Loans|5|Market Loans|83|2024-25 - 7.15% KGS 2036(DOM 30-10-2036)|||2049-01-101-5-83|2024-25 - 7.15% KGS 2036(DOM 30-10-2036)|C|Header|Detailed-Head|||||100.0
194|01|29|2049|Interest Payments|01|Interest on Internal Debt|101|Interest on Market Loans|5|Market Loans|83|2024-25 - 7.15% KGS 2036(DOM 30-10-2036)|241|Interest Payments|2049-01-101-5-83|Interest Payments|C|Data|Object-Head||28600.00|28600.00|28600.00|100.0
194|01|29|2049|Interest Payments|01|Interest on Internal Debt|101|Interest on Market Loans|5|Market Loans|83|2024-25 - 7.15% KGS 2036(DOM 30-10-2036)|||2049-01-101-5-83|HOA Total :|C|Total|Detailed-Head|0.00|28600.00|28600.00|28600.00|100.0
194|01|29|2049|Interest Payments|01|Interest on Internal Debt|101|Interest on Market Loans|5|Market Loans|84|New Loans for 2025-26|||2049-01-101-5-84|New Loans for 2025-26|C|Header|Detailed-Head|||||100.0
194|01|29|2049|Interest Payments|01|Interest on Internal Debt|101|Interest on Market Loans|5|Market Loans|84|New Loans for 2025-26|241|Interest Payments|2049-01-101-5-84|Interest Payments|C|Data|Object-Head||320000.00|320000.00|346740.00|100.0
194|01|29|2049|Interest Payments|01|Interest on Internal Debt|101|Interest on Market Loans|5|Market Loans|84|New Loans for 2025-26|||2049-01-101-5-84|HOA Total :|C|Total|Detailed-Head|0.00|320000.00|320000.00|346740.00|100.0
195|01|29|2049|Interest Payments|01|Interest on Internal Debt|101|Interest on Market Loans|5|Market Loans|85|2024-25 - 7.07% KGS 2029(DOM 27-11-2029)|||2049-01-101-5-85|2024-25 - 7.07% KGS 2029(DOM 27-11-2029)|C|Header|Detailed-Head|||||100.0
195|01|29|2049|Interest Payments|01|Interest on Internal Debt|101|Interest on Market Loans|5|Market Loans|85|2024-25 - 7.07% KGS 2029(DOM 27-11-2029)|241|Interest Payments|2049-01-101-5-85|Interest Payments|C|Data|Object-Head||14140.00|14140.00|14140.00|100.0
195|01|29|2049|Interest Payments|01|Interest on Internal Debt|101|Interest on Market Loans|5|Market Loans|85|2024-25 - 7.07% KGS 2029(DOM 27-11-2029)|||2049-01-101-5-85|HOA Total :|C|Total|Detailed-Head|0.00|14140.00|14140.00|14140.00|100.0
195|01|29|2049|Interest Payments|01|Interest on Internal Debt|101|Interest on Market Loans|5|Market Loans|86|2024-25 - 7.09% KGS 2030(DOM 27-11-2030)|||2049-01-101-5-86|2024-25 - 7.09% KGS 2030(DOM 27-11-2030)|C|Header|Detailed-Head|||||100.0
195|01|29|2049|Interest Payments|01|Interest on Internal Debt|101|Interest on Market Loans|5|Market Loans|86|2024-25 - 7.09% KGS 2030(DOM 27-11-2030)|241|Interest Payments|2049-01-101-5-86|Interest Payments|C|Data|Object-Head||14180.00|14180.00|14180.00|100.0
195|01|29|2049|Interest Payments|01|Interest on Internal Debt|101|Interest on Market Loans|5|Market Loans|86|2024-25 - 7.09% KGS 2030(DOM 27-11-2030)|||2049-01-101-5-86|HOA Total :|C|Total|Detailed-Head|0.00|14180.00|14180.00|14180.00|100.0
195|01|29|2049|Interest Payments|01|Interest on Internal Debt|101|Interest on Market Loans|5|Market Loans|87|2024-25 - 7.11% KGS 2035(DOM 18-12-2035)|||2049-01-101-5-87|2024-25 - 7.11% KGS 2035(DOM 18-12-2035)|C|Header|Detailed-Head|||||100.0
195|01|29|2049|Interest Payments|01|Interest on Internal Debt|101|Interest on Market Loans|5|Market Loans|87|2024-25 - 7.11% KGS 2035(DOM 18-12-2035)|241|Interest Payments|2049-01-101-5-87|Interest Payments|C|Data|Object-Head||14220.00|14220.00|14220.00|100.0
195|01|29|2049|Interest Payments|01|Interest on Internal Debt|101|Interest on Market Loans|5|Market Loans|87|2024-25 - 7.11% KGS 2035(DOM 18-12-2035)|||2049-01-101-5-87|HOA Total :|C|Total|Detailed-Head|0.00|14220.00|14220.00|14220.00|100.0
195|01|29|2049|Interest Payments|01|Interest on Internal Debt|101|Interest on Market Loans|5|Market Loans|88|2024-25 - 7.12% KGS 2036(DOM 18-12-2036)|||2049-01-101-5-88|2024-25 - 7.12% KGS 2036(DOM 18-12-2036)|C|Header|Detailed-Head|||||100.0
195|01|29|2049|Interest Payments|01|Interest on Internal Debt|101|Interest on Market Loans|5|Market Loans|88|2024-25 - 7.12% KGS 2036(DOM 18-12-2036)|241|Interest Payments|2049-01-101-5-88|Interest Payments|C|Data|Object-Head||14240.00|14240.00|14240.00|100.0
195|01|29|2049|Interest Payments|01|Interest on Internal Debt|101|Interest on Market Loans|5|Market Loans|88|2024-25 - 7.12% KGS 2036(DOM 18-12-2036)|||2049-01-101-5-88|HOA Total :|C|Total|Detailed-Head|0.00|14240.00|14240.00|14240.00|100.0
195|01|29|2049|Interest Payments|01|Interest on Internal Debt|101|Interest on Market Loans|5|Market Loans|89|2024-25 - 7.16% KGS 2040(DOM 26-12-2040)|||2049-01-101-5-89|2024-25 - 7.16% KGS 2040(DOM 26-12-2040)|C|Header|Detailed-Head|||||100.0
195|01|29|2049|Interest Payments|01|Interest on Internal Debt|101|Interest on Market Loans|5|Market Loans|89|2024-25 - 7.16% KGS 2040(DOM 26-12-2040)|241|Interest Payments|2049-01-101-5-89|Interest Payments|C|Data|Object-Head||14320.00|14320.00|14320.00|100.0
195|01|29|2049|Interest Payments|01|Interest on Internal Debt|101|Interest on Market Loans|5|Market Loans|89|2024-25 - 7.16% KGS 2040(DOM 26-12-2040)|||2049-01-101-5-89|HOA Total :|C|Total|Detailed-Head|0.00|14320.00|14320.00|14320.00|100.0
195|01|29|2049|Interest Payments|01|Interest on Internal Debt|101|Interest on Market Loans|5|Market Loans|90|2024-25 - 7.15% KGS 2042(DOM 01-01-2042)|||2049-01-101-5-90|2024-25 - 7.15% KGS 2042(DOM 01-01-2042)|C|Header|Detailed-Head|||||100.0
195|01|29|2049|Interest Payments|01|Interest on Internal Debt|101|Interest on Market Loans|5|Market Loans|90|2024-25 - 7.15% KGS 2042(DOM 01-01-2042)|241|Interest Payments|2049-01-101-5-90|Interest Payments|C|Data|Object-Head||28600.00|28600.00|28600.00|100.0
195|01|29|2049|Interest Payments|01|Interest on Internal Debt|101|Interest on Market Loans|5|Market Loans|90|2024-25 - 7.15% KGS 2042(DOM 01-01-2042)|||2049-01-101-5-90|HOA Total :|C|Total|Detailed-Head|0.00|28600.00|28600.00|28600.00|100.0
196|01|29|2049|Interest Payments|01|Interest on Internal Debt|101|Interest on Market Loans|5|Market Loans|91|2024-25 - 7.15% KGS 2043(DOM 01-01-2043)|||2049-01-101-5-91|2024-25 - 7.15% KGS 2043(DOM 01-01-2043)|C|Header|Detailed-Head|||||100.0
196|01|29|2049|Interest Payments|01|Interest on Internal Debt|101|Interest on Market Loans|5|Market Loans|91|2024-25 - 7.15% KGS 2043(DOM 01-01-2043)|241|Interest Payments|2049-01-101-5-91|Interest Payments|C|Data|Object-Head||14300.00|14300.00|14300.00|100.0
196|01|29|2049|Interest Payments|01|Interest on Internal Debt|101|Interest on Market Loans|5|Market Loans|91|2024-25 - 7.15% KGS 2043(DOM 01-01-2043)|||2049-01-101-5-91|HOA Total :|C|Total|Detailed-Head|0.00|14300.00|14300.00|14300.00|100.0
196|01|29|2049|Interest Payments|01|Interest on Internal Debt|101|Interest on Market Loans|5|Market Loans|92|2024-25 - 7.10% KGS 2032(DOM 08-01-2032)|||2049-01-101-5-92|2024-25 - 7.10% KGS 2032(DOM 08-01-2032)|C|Header|Detailed-Head|||||100.0
196|01|29|2049|Interest Payments|01|Interest on Internal Debt|101|Interest on Market Loans|5|Market Loans|92|2024-25 - 7.10% KGS 2032(DOM 08-01-2032)|241|Interest Payments|2049-01-101-5-92|Interest Payments|C|Data|Object-Head||10367.00|10367.00|17467.00|100.0
196|01|29|2049|Interest Payments|01|Interest on Internal Debt|101|Interest on Market Loans|5|Market Loans|92|2024-25 - 7.10% KGS 2032(DOM 08-01-2032)|||2049-01-101-5-92|HOA Total :|C|Total|Detailed-Head|0.00|10367.00|10367.00|17467.00|100.0
196|01|29|2049|Interest Payments|01|Interest on Internal Debt|101|Interest on Market Loans|5|Market Loans|93|2024-25 - 7.10% KGS 2033(DOM 08-01-2033)|||2049-01-101-5-93|2024-25 - 7.10% KGS 2033(DOM 08-01-2033)|C|Header|Detailed-Head|||||100.0
196|01|29|2049|Interest Payments|01|Interest on Internal Debt|101|Interest on Market Loans|5|Market Loans|93|2024-25 - 7.10% KGS 2033(DOM 08-01-2033)|241|Interest Payments|2049-01-101-5-93|Interest Payments|C|Data|Object-Head||4011.64|4011.64|4011.64|100.0
196|01|29|2049|Interest Payments|01|Interest on Internal Debt|101|Interest on Market Loans|5|Market Loans|93|2024-25 - 7.10% KGS 2033(DOM 08-01-2033)|||2049-01-101-5-93|HOA Total :|C|Total|Detailed-Head|0.00|4011.64|4011.64|4011.64|100.0
196|01|29|2049|Interest Payments|01|Interest on Internal Debt|101|Interest on Market Loans|5|Market Loans|94|2024-25 - 7.22% KGS 2036(DOM 15-01-2036)|||2049-01-101-5-94|2024-25 - 7.22% KGS 2036(DOM 15-01-2036)|C|Header|Detailed-Head|||||100.0
196|01|29|2049|Interest Payments|01|Interest on Internal Debt|101|Interest on Market Loans|5|Market Loans|94|2024-25 - 7.22% KGS 2036(DOM 15-01-2036)|241|Interest Payments|2049-01-101-5-94|Interest Payments|C|Data|Object-Head||14440.00|14440.00|14440.00|100.0
196|01|29|2049|Interest Payments|01|Interest on Internal Debt|101|Interest on Market Loans|5|Market Loans|94|2024-25 - 7.22% KGS 2036(DOM 15-01-2036)|||2049-01-101-5-94|HOA Total :|C|Total|Detailed-Head|0.00|14440.00|14440.00|14440.00|100.0
196|01|29|2049|Interest Payments|01|Interest on Internal Debt|101|Interest on Market Loans|5|Market Loans|95|2024-25 - 7.15% KGS 2038(DOM 22-01-2038)|||2049-01-101-5-95|2024-25 - 7.15% KGS 2038(DOM 22-01-2038)|C|Header|Detailed-Head|||||100.0
196|01|29|2049|Interest Payments|01|Interest on Internal Debt|101|Interest on Market Loans|5|Market Loans|95|2024-25 - 7.15% KGS 2038(DOM 22-01-2038)|241|Interest Payments|2049-01-101-5-95|Interest Payments|C|Data|Object-Head||14300.00|14300.00|14300.00|100.0
196|01|29|2049|Interest Payments|01|Interest on Internal Debt|101|Interest on Market Loans|5|Market Loans|95|2024-25 - 7.15% KGS 2038(DOM 22-01-2038)|||2049-01-101-5-95|HOA Total :|C|Total|Detailed-Head|0.00|14300.00|14300.00|14300.00|100.0
196|01|29|2049|Interest Payments|01|Interest on Internal Debt|101|Interest on Market Loans|5|Market Loans|96|2024-25 - 7.13% KGS 2041(DOM 29-01-2041)|||2049-01-101-5-96|2024-25 - 7.13% KGS 2041(DOM 29-01-2041)|C|Header|Detailed-Head|||||100.0
196|01|29|2049|Interest Payments|01|Interest on Internal Debt|101|Interest on Market Loans|5|Market Loans|96|2024-25 - 7.13% KGS 2041(DOM 29-01-2041)|241|Interest Payments|2049-01-101-5-96|Interest Payments|C|Data|Object-Head||14260.00|14260.00|14260.00|100.0
196|01|29|2049|Interest Payments|01|Interest on Internal Debt|101|Interest on Market Loans|5|Market Loans|96|2024-25 - 7.13% KGS 2041(DOM 29-01-2041)|||2049-01-101-5-96|HOA Total :|C|Total|Detailed-Head|0.00|14260.00|14260.00|14260.00|100.0
197|01|29|2049|Interest Payments|01|Interest on Internal Debt|101|Interest on Market Loans|5|Market Loans|97|2024-25 - 7.11% KGS 2035(DOM 05-08-2035)|||2049-01-101-5-97|2024-25 - 7.11% KGS 2035(DOM 05-08-2035)|C|Header|Detailed-Head|||||100.0
197|01|29|2049|Interest Payments|01|Interest on Internal Debt|101|Interest on Market Loans|5|Market Loans|97|2024-25 - 7.11% KGS 2035(DOM 05-08-2035)|241|Interest Payments|2049-01-101-5-97|Interest Payments|C|Data|Object-Head||7110.00|14220.00|14220.00|100.0
197|01|29|2049|Interest Payments|01|Interest on Internal Debt|101|Interest on Market Loans|5|Market Loans|97|2024-25 - 7.11% KGS 2035(DOM 05-08-2035)|||2049-01-101-5-97|HOA Total :|C|Total|Detailed-Head|0.00|7110.00|14220.00|14220.00|100.0
197|01|29|2049|Interest Payments|01|Interest on Internal Debt|101|Interest on Market Loans|5|Market Loans|98|2024-25 - 7.08% KGS 2031(DOM 12-08-2031)|||2049-01-101-5-98|2024-25 - 7.08% KGS 2031(DOM 12-08-2031)|C|Header|Detailed-Head|||||100.0
197|01|29|2049|Interest Payments|01|Interest on Internal Debt|101|Interest on Market Loans|5|Market Loans|98|2024-25 - 7.08% KGS 2031(DOM 12-08-2031)|241|Interest Payments|2049-01-101-5-98|Interest Payments|C|Data|Object-Head||14160.00|42480.00|42480.00|100.0
197|01|29|2049|Interest Payments|01|Interest on Internal Debt|101|Interest on Market Loans|5|Market Loans|98|2024-25 - 7.08% KGS 2031(DOM 12-08-2031)|||2049-01-101-5-98|HOA Total :|C|Total|Detailed-Head|0.00|14160.00|42480.00|42480.00|100.0
197|01|29|2049|Interest Payments|01|Interest on Internal Debt|101|Interest on Market Loans|5|Market Loans|99|2024-25 - 7.11% KGS 2033(DOM 12-08-2033)|||2049-01-101-5-99|2024-25 - 7.11% KGS 2033(DOM 12-08-2033)|C|Header|Detailed-Head|||||100.0
197|01|29|2049|Interest Payments|01|Interest on Internal Debt|101|Interest on Market Loans|5|Market Loans|99|2024-25 - 7.11% KGS 2033(DOM 12-08-2033)|241|Interest Payments|2049-01-101-5-99|Interest Payments|C|Data|Object-Head||14220.00|28440.00|28440.00|100.0
197|01|29|2049|Interest Payments|01|Interest on Internal Debt|101|Interest on Market Loans|5|Market Loans|99|2024-25 - 7.11% KGS 2033(DOM 12-08-2033)|||2049-01-101-5-99|HOA Total :|C|Total|Detailed-Head|0.00|14220.00|28440.00|28440.00|100.0
197|01|29|2049|Interest Payments|01|Interest on Internal Debt|101|Interest on Market Loans|6|Market Loans|01|2024-25 - 7.13% KGS 2034(DOM 20-08-2034)|||2049-01-101-6-01|2024-25 - 7.13% KGS 2034(DOM 20-08-2034)|C|Header|Detailed-Head|||||100.0
197|01|29|2049|Interest Payments|01|Interest on Internal Debt|101|Interest on Market Loans|6|Market Loans|01|2024-25 - 7.13% KGS 2034(DOM 20-08-2034)|241|Interest Payments|2049-01-101-6-01|Interest Payments|C|Data|Object-Head||14260.00|28520.00|28520.00|100.0
197|01|29|2049|Interest Payments|01|Interest on Internal Debt|101|Interest on Market Loans|6|Market Loans|01|2024-25 - 7.13% KGS 2034(DOM 20-08-2034)|||2049-01-101-6-01|HOA Total :|C|Total|Detailed-Head|0.00|14260.00|28520.00|28520.00|100.0
197|01|29|2049|Interest Payments|01|Interest on Internal Debt|101|Interest on Market Loans|6|Market Loans|02|2024-25 - 7.16% KGS 2036(DOM 20-08-2036)|||2049-01-101-6-02|2024-25 - 7.16% KGS 2036(DOM 20-08-2036)|C|Header|Detailed-Head|||||100.0
197|01|29|2049|Interest Payments|01|Interest on Internal Debt|101|Interest on Market Loans|6|Market Loans|02|2024-25 - 7.16% KGS 2036(DOM 20-08-2036)|241|Interest Payments|2049-01-101-6-02|Interest Payments|C|Data|Object-Head||14320.00|14320.00|14320.00|100.0
197|01|29|2049|Interest Payments|01|Interest on Internal Debt|101|Interest on Market Loans|6|Market Loans|02|2024-25 - 7.16% KGS 2036(DOM 20-08-2036)|||2049-01-101-6-02|HOA Total :|C|Total|Detailed-Head|0.00|14320.00|14320.00|14320.00|100.0
197|01|29|2049|Interest Payments|01|Interest on Internal Debt|101|Interest on Market Loans|6|Market Loans|03|2024-25 - 7.16% KGS 2032(DOM 27-08-2032)|||2049-01-101-6-03|2024-25 - 7.16% KGS 2032(DOM 27-08-2032)|C|Header|Detailed-Head|||||100.0
197|01|29|2049|Interest Payments|01|Interest on Internal Debt|101|Interest on Market Loans|6|Market Loans|03|2024-25 - 7.16% KGS 2032(DOM 27-08-2032)|241|Interest Payments|2049-01-101-6-03|Interest Payments|C|Data|Object-Head||14320.00|14320.00|14320.00|100.0
197|01|29|2049|Interest Payments|01|Interest on Internal Debt|101|Interest on Market Loans|6|Market Loans|03|2024-25 - 7.16% KGS 2032(DOM 27-08-2032)|||2049-01-101-6-03|HOA Total :|C|Total|Detailed-Head|0.00|14320.00|14320.00|14320.00|100.0
198|01|29|2049|Interest Payments|01|Interest on Internal Debt|101|Interest on Market Loans|6|Market Loans|04|2024-25 - 7.20% KGS 2037(DOM 27-08-2037)|||2049-01-101-6-04|2024-25 - 7.20% KGS 2037(DOM 27-08-2037)|C|Header|Detailed-Head|||||100.0
198|01|29|2049|Interest Payments|01|Interest on Internal Debt|101|Interest on Market Loans|6|Market Loans|04|2024-25 - 7.20% KGS 2037(DOM 27-08-2037)|241|Interest Payments|2049-01-101-6-04|Interest Payments|C|Data|Object-Head||14400.00|14400.00|14400.00|100.0
198|01|29|2049|Interest Payments|01|Interest on Internal Debt|101|Interest on Market Loans|6|Market Loans|04|2024-25 - 7.20% KGS 2037(DOM 27-08-2037)|||2049-01-101-6-04|HOA Total :|C|Total|Detailed-Head|0.00|14400.00|14400.00|14400.00|100.0
198|01|29|2049|Interest Payments|01|Interest on Internal Debt|101|Interest on Market Loans|6|Market Loans|05|2024-25 - 7.22% KGS 2032(DOM 05-09-2032)|||2049-01-101-6-05|2024-25 - 7.22% KGS 2032(DOM 05-09-2032)|C|Header|Detailed-Head|||||100.0
198|01|29|2049|Interest Payments|01|Interest on Internal Debt|101|Interest on Market Loans|6|Market Loans|05|2024-25 - 7.22% KGS 2032(DOM 05-09-2032)|241|Interest Payments|2049-01-101-6-05|Interest Payments|C|Data|Object-Head||14440.00|14440.00|14440.00|100.0
198|01|29|2049|Interest Payments|01|Interest on Internal Debt|101|Interest on Market Loans|6|Market Loans|05|2024-25 - 7.22% KGS 2032(DOM 05-09-2032)|||2049-01-101-6-05|HOA Total :|C|Total|Detailed-Head|0.00|14440.00|14440.00|14440.00|100.0
198|01|29|2049|Interest Payments|01|Interest on Internal Debt|101|Interest on Market Loans|6|Market Loans|06|2024-25 - 7.22% KGS 2035(DOM 05-09-2035)|||2049-01-101-6-06|2024-25 - 7.22% KGS 2035(DOM 05-09-2035)|C|Header|Detailed-Head|||||100.0
198|01|29|2049|Interest Payments|01|Interest on Internal Debt|101|Interest on Market Loans|6|Market Loans|06|2024-25 - 7.22% KGS 2035(DOM 05-09-2035)|241|Interest Payments|2049-01-101-6-06|Interest Payments|C|Data|Object-Head||14440.00|14440.00|14440.00|100.0
198|01|29|2049|Interest Payments|01|Interest on Internal Debt|101|Interest on Market Loans|6|Market Loans|06|2024-25 - 7.22% KGS 2035(DOM 05-09-2035)|||2049-01-101-6-06|HOA Total :|C|Total|Detailed-Head|0.00|14440.00|14440.00|14440.00|100.0
198|01|29|2049|Interest Payments|01|Interest on Internal Debt|101|Interest on Market Loans|6|Market Loans|07|2024-25 - 6.96% KGS 2030(DOM 26-09-2030)|||2049-01-101-6-07|2024-25 - 6.96% KGS 2030(DOM 26-09-2030)|C|Header|Detailed-Head|||||100.0
198|01|29|2049|Interest Payments|01|Interest on Internal Debt|101|Interest on Market Loans|6|Market Loans|07|2024-25 - 6.96% KGS 2030(DOM 26-09-2030)|241|Interest Payments|2049-01-101-6-07|Interest Payments|C|Data|Object-Head|||20880.00|20880.00|100.0
198|01|29|2049|Interest Payments|01|Interest on Internal Debt|101|Interest on Market Loans|6|Market Loans|07|2024-25 - 6.96% KGS 2030(DOM 26-09-2030)|||2049-01-101-6-07|HOA Total :|C|Total|Detailed-Head|0.00|0.00|20880.00|20880.00|100.0
198|01|29|2049|Interest Payments|01|Interest on Internal Debt|101|Interest on Market Loans|6|Market Loans|08|2024-25 - 7.04% KGS 2032(DOM 26-09-2032)|||2049-01-101-6-08|2024-25 - 7.04% KGS 2032(DOM 26-09-2032)|C|Header|Detailed-Head|||||100.0
198|01|29|2049|Interest Payments|01|Interest on Internal Debt|101|Interest on Market Loans|6|Market Loans|08|2024-25 - 7.04% KGS 2032(DOM 26-09-2032)|241|Interest Payments|2049-01-101-6-08|Interest Payments|C|Data|Object-Head|||21120.00|21120.00|100.0
198|01|29|2049|Interest Payments|01|Interest on Internal Debt|101|Interest on Market Loans|6|Market Loans|08|2024-25 - 7.04% KGS 2032(DOM 26-09-2032)|||2049-01-101-6-08|HOA Total :|C|Total|Detailed-Head|0.00|0.00|21120.00|21120.00|100.0
198|01|29|2049|Interest Payments|01|Interest on Internal Debt|101|Interest on Market Loans|6|Market Loans|09|2024-25 - 7.03% KGS 2033(DOM 26-09-2033)|||2049-01-101-6-09|2024-25 - 7.03% KGS 2033(DOM 26-09-2033)|C|Header|Detailed-Head|||||100.0
198|01|29|2049|Interest Payments|01|Interest on Internal Debt|101|Interest on Market Loans|6|Market Loans|09|2024-25 - 7.03% KGS 2033(DOM 26-09-2033)|241|Interest Payments|2049-01-101-6-09|Interest Payments|C|Data|Object-Head|||7030.00|14060.00|100.0
198|01|29|2049|Interest Payments|01|Interest on Internal Debt|101|Interest on Market Loans|6|Market Loans|09|2024-25 - 7.03% KGS 2033(DOM 26-09-2033)|||2049-01-101-6-09|HOA Total :|C|Total|Detailed-Head|0.00|0.00|7030.00|14060.00|100.0
199|01|29|2049|Interest Payments|01|Interest on Internal Debt|101|Interest on Market Loans|6|Market Loans|10|New Loans for 2026-27|||2049-01-101-6-10|New Loans for 2026-27|C|Header|Detailed-Head|||||100.0
199|01|29|2049|Interest Payments|01|Interest on Internal Debt|101|Interest on Market Loans|6|Market Loans|10|New Loans for 2026-27|241|Interest Payments|2049-01-101-6-10|Interest Payments|C|Data|Object-Head||||480000.00|100.0
199|01|29|2049|Interest Payments|01|Interest on Internal Debt|101|Interest on Market Loans|6|Market Loans|10|New Loans for 2026-27|||2049-01-101-6-10|HOA Total :|C|Total|Detailed-Head|0.00|0.00|0.00|480000.00|100.0
199|01|29|2049|Interest Payments|01|Interest on Internal Debt|101|Interest on Market Loans|6|Market Loans|11|2025-26 - 7.19% KGS 2032(DOM 24-06-2032)|||2049-01-101-6-11|2025-26 - 7.19% KGS 2032(DOM 24-06-2032)|C|Header|Detailed-Head|||||100.0
199|01|29|2049|Interest Payments|01|Interest on Internal Debt|101|Interest on Market Loans|6|Market Loans|11|2025-26 - 7.19% KGS 2032(DOM 24-06-2032)|241|Interest Payments|2049-01-101-6-11|Interest Payments|C|Data|Object-Head||||14380.00|100.0
199|01|29|2049|Interest Payments|01|Interest on Internal Debt|101|Interest on Market Loans|6|Market Loans|11|2025-26 - 7.19% KGS 2032(DOM 24-06-2032)|||2049-01-101-6-11|HOA Total :|C|Total|Detailed-Head|0.00|0.00|0.00|14380.00|100.0
199|01|29|2049|Interest Payments|01|Interest on Internal Debt|101|Interest on Market Loans|6|Market Loans|12|2025-26 - 7.32% KGS 2033(DOM 24-12-2033)|||2049-01-101-6-12|2025-26 - 7.32% KGS 2033(DOM 24-12-2033)|C|Header|Detailed-Head|||||100.0
199|01|29|2049|Interest Payments|01|Interest on Internal Debt|101|Interest on Market Loans|6|Market Loans|12|2025-26 - 7.32% KGS 2033(DOM 24-12-2033)|241|Interest Payments|2049-01-101-6-12|Interest Payments|C|Data|Object-Head||||14640.00|100.0
199|01|29|2049|Interest Payments|01|Interest on Internal Debt|101|Interest on Market Loans|6|Market Loans|12|2025-26 - 7.32% KGS 2033(DOM 24-12-2033)|||2049-01-101-6-12|HOA Total :|C|Total|Detailed-Head|0.00|0.00|0.00|14640.00|100.0
199|01|29|2049|Interest Payments|01|Interest on Internal Debt|101|Interest on Market Loans|6|Market Loans|13|2025-26 - 7.42% KGS 2035(DOM 24-12-2035)|||2049-01-101-6-13|2025-26 - 7.42% KGS 2035(DOM 24-12-2035)|C|Header|Detailed-Head|||||100.0
199|01|29|2049|Interest Payments|01|Interest on Internal Debt|101|Interest on Market Loans|6|Market Loans|13|2025-26 - 7.42% KGS 2035(DOM 24-12-2035)|241|Interest Payments|2049-01-101-6-13|Interest Payments|C|Data|Object-Head||||7420.00|100.0
199|01|29|2049|Interest Payments|01|Interest on Internal Debt|101|Interest on Market Loans|6|Market Loans|13|2025-26 - 7.42% KGS 2035(DOM 24-12-2035)|||2049-01-101-6-13|HOA Total :|C|Total|Detailed-Head|0.00|0.00|0.00|7420.00|100.0
199|01|29|2049|Interest Payments|01|Interest on Internal Debt|101|Interest on Market Loans|6|Market Loans|14|2025-26 - 7.52% KGS 2037(DOM 24-12-2037)|||2049-01-101-6-14|2025-26 - 7.52% KGS 2037(DOM 24-12-2037)|C|Header|Detailed-Head|||||100.0
199|01|29|2049|Interest Payments|01|Interest on Internal Debt|101|Interest on Market Loans|6|Market Loans|14|2025-26 - 7.52% KGS 2037(DOM 24-12-2037)|241|Interest Payments|2049-01-101-6-14|Interest Payments|C|Data|Object-Head||||15040.00|100.0
199|01|29|2049|Interest Payments|01|Interest on Internal Debt|101|Interest on Market Loans|6|Market Loans|14|2025-26 - 7.52% KGS 2037(DOM 24-12-2037)|||2049-01-101-6-14|HOA Total :|C|Total|Detailed-Head|0.00|0.00|0.00|15040.00|100.0
199|01|29|2049|Interest Payments|01|Interest on Internal Debt|101|Interest on Market Loans|6|Market Loans|15|2025-26 - 7.46% KGS 2036(DOM 31-12-2036)|||2049-01-101-6-15|2025-26 - 7.46% KGS 2036(DOM 31-12-2036)|C|Header|Detailed-Head|||||100.0
199|01|29|2049|Interest Payments|01|Interest on Internal Debt|101|Interest on Market Loans|6|Market Loans|15|2025-26 - 7.46% KGS 2036(DOM 31-12-2036)|241|Interest Payments|2049-01-101-6-15|Interest Payments|C|Data|Object-Head||||14920.00|100.0
199|01|29|2049|Interest Payments|01|Interest on Internal Debt|101|Interest on Market Loans|6|Market Loans|15|2025-26 - 7.46% KGS 2036(DOM 31-12-2036)|||2049-01-101-6-15|HOA Total :|C|Total|Detailed-Head|0.00|0.00|0.00|14920.00|100.0
200|01|29|2049|Interest Payments|01|Interest on Internal Debt|101|Interest on Market Loans|6|Market Loans|16|2025-26 - 7.53% KGS 2038(DOM 31-12-2038)|||2049-01-101-6-16|2025-26 - 7.53% KGS 2038(DOM 31-12-2038)|C|Header|Detailed-Head|||||100.0
200|01|29|2049|Interest Payments|01|Interest on Internal Debt|101|Interest on Market Loans|6|Market Loans|16|2025-26 - 7.53% KGS 2038(DOM 31-12-2038)|241|Interest Payments|2049-01-101-6-16|Interest Payments|C|Data|Object-Head||||15060.00|100.0
200|01|29|2049|Interest Payments|01|Interest on Internal Debt|101|Interest on Market Loans|6|Market Loans|16|2025-26 - 7.53% KGS 2038(DOM 31-12-2038)|||2049-01-101-6-16|HOA Total :|C|Total|Detailed-Head|0.00|0.00|0.00|15060.00|100.0
200|01|29|2049|Interest Payments|01|Interest on Internal Debt|101|Interest on Market Loans|6|Market Loans|17|2025-26 - 7.16% KGS 2031(DOM 07-07-2031)|||2049-01-101-6-17|2025-26 - 7.16% KGS 2031(DOM 07-07-2031)|C|Header|Detailed-Head|||||100.0
200|01|29|2049|Interest Payments|01|Interest on Internal Debt|101|Interest on Market Loans|6|Market Loans|17|2025-26 - 7.16% KGS 2031(DOM 07-07-2031)|241|Interest Payments|2049-01-101-6-17|Interest Payments|C|Data|Object-Head||||28640.00|100.0
200|01|29|2049|Interest Payments|01|Interest on Internal Debt|101|Interest on Market Loans|6|Market Loans|17|2025-26 - 7.16% KGS 2031(DOM 07-07-2031)|||2049-01-101-6-17|HOA Total :|C|Total|Detailed-Head|0.00|0.00|0.00|28640.00|100.0
200|01|29|2049|Interest Payments|01|Interest on Internal Debt|101|Interest on Market Loans|6|Market Loans|18|2025-26 - 7.34% KGS 2034(DOM 07-01-2034)|||2049-01-101-6-18|2025-26 - 7.34% KGS 2034(DOM 07-01-2034)|C|Header|Detailed-Head|||||100.0
200|01|29|2049|Interest Payments|01|Interest on Internal Debt|101|Interest on Market Loans|6|Market Loans|18|2025-26 - 7.34% KGS 2034(DOM 07-01-2034)|241|Interest Payments|2049-01-101-6-18|Interest Payments|C|Data|Object-Head||||7340.00|100.0
200|01|29|2049|Interest Payments|01|Interest on Internal Debt|101|Interest on Market Loans|6|Market Loans|18|2025-26 - 7.34% KGS 2034(DOM 07-01-2034)|||2049-01-101-6-18|HOA Total :|C|Total|Detailed-Head|0.00|0.00|0.00|7340.00|100.0
200|01|29|2049|Interest Payments|01|Interest on Internal Debt|101|Interest on Market Loans|6|Market Loans|19|2025-26 - 7.51% KGS 2036(DOM 07-07-2036)|||2049-01-101-6-19|2025-26 - 7.51% KGS 2036(DOM 07-07-2036)|C|Header|Detailed-Head|||||100.0
200|01|29|2049|Interest Payments|01|Interest on Internal Debt|101|Interest on Market Loans|6|Market Loans|19|2025-26 - 7.51% KGS 2036(DOM 07-07-2036)|241|Interest Payments|2049-01-101-6-19|Interest Payments|C|Data|Object-Head||||30040.00|100.0
200|01|29|2049|Interest Payments|01|Interest on Internal Debt|101|Interest on Market Loans|6|Market Loans|19|2025-26 - 7.51% KGS 2036(DOM 07-07-2036)|||2049-01-101-6-19|HOA Total :|C|Total|Detailed-Head|0.00|0.00|0.00|30040.00|100.0
200|01|29|2049|Interest Payments|01|Interest on Internal Debt|101|Interest on Market Loans|6|Market Loans|20|2025-26 - 7.25% KGS 2032(DOM 14-07-2032)|||2049-01-101-6-20|2025-26 - 7.25% KGS 2032(DOM 14-07-2032)|C|Header|Detailed-Head|||||100.0
200|01|29|2049|Interest Payments|01|Interest on Internal Debt|101|Interest on Market Loans|6|Market Loans|20|2025-26 - 7.25% KGS 2032(DOM 14-07-2032)|241|Interest Payments|2049-01-101-6-20|Interest Payments|C|Data|Object-Head||||29000.00|100.0
200|01|29|2049|Interest Payments|01|Interest on Internal Debt|101|Interest on Market Loans|6|Market Loans|20|2025-26 - 7.25% KGS 2032(DOM 14-07-2032)|||2049-01-101-6-20|HOA Total :|C|Total|Detailed-Head|0.00|0.00|0.00|29000.00|100.0
200|01|29|2049|Interest Payments|01|Interest on Internal Debt|101|Interest on Market Loans|6|Market Loans|21|2025-26 - 7.32% KGS 2033(DOM 21-07-2033)|||2049-01-101-6-21|2025-26 - 7.32% KGS 2033(DOM 21-07-2033)|C|Header|Detailed-Head|||||100.0
200|01|29|2049|Interest Payments|01|Interest on Internal Debt|101|Interest on Market Loans|6|Market Loans|21|2025-26 - 7.32% KGS 2033(DOM 21-07-2033)|241|Interest Payments|2049-01-101-6-21|Interest Payments|C|Data|Object-Head||||29280.00|100.0
200|01|29|2049|Interest Payments|01|Interest on Internal Debt|101|Interest on Market Loans|6|Market Loans|21|2025-26 - 7.32% KGS 2033(DOM 21-07-2033)|||2049-01-101-6-21|HOA Total :|C|Total|Detailed-Head|0.00|0.00|0.00|29280.00|100.0
201|01|29|2049|Interest Payments|01|Interest on Internal Debt|101|Interest on Market Loans|6|Market Loans|22|2025-26 - 7.54% KGS 2037(DOM 21-07-2037)|||2049-01-101-6-22|2025-26 - 7.54% KGS 2037(DOM 21-07-2037)|C|Header|Detailed-Head|||||100.0
201|01|29|2049|Interest Payments|01|Interest on Internal Debt|101|Interest on Market Loans|6|Market Loans|22|2025-26 - 7.54% KGS 2037(DOM 21-07-2037)|241|Interest Payments|2049-01-101-6-22|Interest Payments|C|Data|Object-Head||||15080.00|100.0
201|01|29|2049|Interest Payments|01|Interest on Internal Debt|101|Interest on Market Loans|6|Market Loans|22|2025-26 - 7.54% KGS 2037(DOM 21-07-2037)|||2049-01-101-6-22|HOA Total :|C|Total|Detailed-Head|0.00|0.00|0.00|15080.00|100.0
201|01|29|2049|Interest Payments|01|Interest on Internal Debt|101|Interest on Market Loans|6|Market Loans|23|2025-26 - 7.15% KGS 2031(DOM 28-07-2031)|||2049-01-101-6-23|2025-26 - 7.15% KGS 2031(DOM 28-07-2031)|C|Header|Detailed-Head|||||100.0
201|01|29|2049|Interest Payments|01|Interest on Internal Debt|101|Interest on Market Loans|6|Market Loans|23|2025-26 - 7.15% KGS 2031(DOM 28-07-2031)|241|Interest Payments|2049-01-101-6-23|Interest Payments|C|Data|Object-Head||||28600.00|100.0
201|01|29|2049|Interest Payments|01|Interest on Internal Debt|101|Interest on Market Loans|6|Market Loans|23|2025-26 - 7.15% KGS 2031(DOM 28-07-2031)|||2049-01-101-6-23|HOA Total :|C|Total|Detailed-Head|0.00|0.00|0.00|28600.00|100.0
201|01|29|2049|Interest Payments|01|Interest on Internal Debt|101|Interest on Market Loans|6|Market Loans|24|2025-26 - 7.48% KGS 2035(DOM 28-07-2035)|||2049-01-101-6-24|2025-26 - 7.48% KGS 2035(DOM 28-07-2035)|C|Header|Detailed-Head|||||100.0
201|01|29|2049|Interest Payments|01|Interest on Internal Debt|101|Interest on Market Loans|6|Market Loans|24|2025-26 - 7.48% KGS 2035(DOM 28-07-2035)|241|Interest Payments|2049-01-101-6-24|Interest Payments|C|Data|Object-Head||||14960.00|100.0
201|01|29|2049|Interest Payments|01|Interest on Internal Debt|101|Interest on Market Loans|6|Market Loans|24|2025-26 - 7.48% KGS 2035(DOM 28-07-2035)|||2049-01-101-6-24|HOA Total :|C|Total|Detailed-Head|0.00|0.00|0.00|14960.00|100.0
201|01|29|2049|Interest Payments|01|Interest on Internal Debt|101|Interest on Market Loans|6|Market Loans|25|2025-26 - 7.33% KGS 2033(DOM 04-02-2033)|||2049-01-101-6-25|2025-26 - 7.33% KGS 2033(DOM 04-02-2033)|C|Header|Detailed-Head|||||100.0
201|01|29|2049|Interest Payments|01|Interest on Internal Debt|101|Interest on Market Loans|6|Market Loans|25|2025-26 - 7.33% KGS 2033(DOM 04-02-2033)|241|Interest Payments|2049-01-101-6-25|Interest Payments|C|Data|Object-Head||||14660.00|100.0
201|01|29|2049|Interest Payments|01|Interest on Internal Debt|101|Interest on Market Loans|6|Market Loans|25|2025-26 - 7.33% KGS 2033(DOM 04-02-2033)|||2049-01-101-6-25|HOA Total :|C|Total|Detailed-Head|0.00|0.00|0.00|14660.00|100.0
201|01|29|2049|Interest Payments|01|Interest on Internal Debt|101|Interest on Market Loans|6|Market Loans|26|2025-26 - 7.49% KGS 2035(DOM 04-02-2035)|||2049-01-101-6-26|2025-26 - 7.49% KGS 2035(DOM 04-02-2035)|C|Header|Detailed-Head|||||100.0
201|01|29|2049|Interest Payments|01|Interest on Internal Debt|101|Interest on Market Loans|6|Market Loans|26|2025-26 - 7.49% KGS 2035(DOM 04-02-2035)|241|Interest Payments|2049-01-101-6-26|Interest Payments|C|Data|Object-Head||||29960.00|100.0
201|01|29|2049|Interest Payments|01|Interest on Internal Debt|101|Interest on Market Loans|6|Market Loans|26|2025-26 - 7.49% KGS 2035(DOM 04-02-2035)|||2049-01-101-6-26|HOA Total :|C|Total|Detailed-Head|0.00|0.00|0.00|29960.00|100.0
202|01|29|2049|Interest Payments|01|Interest on Internal Debt|101|Interest on Market Loans|6|Market Loans|27|2025-26 - 7.19% KGS 2032(DOM 11-08-2032)|||2049-01-101-6-27|2025-26 - 7.19% KGS 2032(DOM 11-08-2032)|C|Header|Detailed-Head|||||100.0
202|01|29|2049|Interest Payments|01|Interest on Internal Debt|101|Interest on Market Loans|6|Market Loans|27|2025-26 - 7.19% KGS 2032(DOM 11-08-2032)|241|Interest Payments|2049-01-101-6-27|Interest Payments|C|Data|Object-Head||||28760.00|100.0
202|01|29|2049|Interest Payments|01|Interest on Internal Debt|101|Interest on Market Loans|6|Market Loans|27|2025-26 - 7.19% KGS 2032(DOM 11-08-2032)|||2049-01-101-6-27|HOA Total :|C|Total|Detailed-Head|0.00|0.00|0.00|28760.00|100.0
202|01|29|2049|Interest Payments|01|Interest on Internal Debt|101|Interest on Market Loans|6|Market Loans|28|2025-26 - 7.55% KGS 2035(DOM 11-08-2035)|||2049-01-101-6-28|2025-26 - 7.55% KGS 2035(DOM 11-08-2035)|C|Header|Detailed-Head|||||100.0
202|01|29|2049|Interest Payments|01|Interest on Internal Debt|101|Interest on Market Loans|6|Market Loans|28|2025-26 - 7.55% KGS 2035(DOM 11-08-2035)|241|Interest Payments|2049-01-101-6-28|Interest Payments|C|Data|Object-Head||||30200.00|100.0
202|01|29|2049|Interest Payments|01|Interest on Internal Debt|101|Interest on Market Loans|6|Market Loans|28|2025-26 - 7.55% KGS 2035(DOM 11-08-2035)|||2049-01-101-6-28|HOA Total :|C|Total|Detailed-Head|0.00|0.00|0.00|30200.00|100.0
202|01|29|2049|Interest Payments|01|Interest on Internal Debt|101|Interest on Market Loans|6|Market Loans|29|2025-26 - 7.56% KGS 2036(DOM 11-02-2036)|||2049-01-101-6-29|2025-26 - 7.56% KGS 2036(DOM 11-02-2036)|C|Header|Detailed-Head|||||100.0
202|01|29|2049|Interest Payments|01|Interest on Internal Debt|101|Interest on Market Loans|6|Market Loans|29|2025-26 - 7.56% KGS 2036(DOM 11-02-2036)|241|Interest Payments|2049-01-101-6-29|Interest Payments|C|Data|Object-Head||||15120.00|100.0
202|01|29|2049|Interest Payments|01|Interest on Internal Debt|101|Interest on Market Loans|6|Market Loans|29|2025-26 - 7.56% KGS 2036(DOM 11-02-2036)|||2049-01-101-6-29|HOA Total :|C|Total|Detailed-Head|0.00|0.00|0.00|15120.00|100.0
202|01|29|2049|Interest Payments|01|Interest on Internal Debt|101|Interest on Market Loans|6|Market Loans|30|2025-26 - 7.25% KGS 2033(DOM 18-08-2033)|||2049-01-101-6-30|2025-26 - 7.25% KGS 2033(DOM 18-08-2033)|C|Header|Detailed-Head|||||100.0
202|01|29|2049|Interest Payments|01|Interest on Internal Debt|101|Interest on Market Loans|6|Market Loans|30|2025-26 - 7.25% KGS 2033(DOM 18-08-2033)|241|Interest Payments|2049-01-101-6-30|Interest Payments|C|Data|Object-Head||||21750.00|100.0
202|01|29|2049|Interest Payments|01|Interest on Internal Debt|101|Interest on Market Loans|6|Market Loans|30|2025-26 - 7.25% KGS 2033(DOM 18-08-2033)|||2049-01-101-6-30|HOA Total :|C|Total|Detailed-Head|0.00|0.00|0.00|21750.00|100.0
202|01|29|2049|Interest Payments|01|Interest on Internal Debt|101|Interest on Market Loans|6|Market Loans|31|2025-26 - 7.48% KGS 2037(DOM 18-02-2037)|||2049-01-101-6-31|2025-26 - 7.48% KGS 2037(DOM 18-02-2037)|C|Header|Detailed-Head|||||100.0
202|01|29|2049|Interest Payments|01|Interest on Internal Debt|101|Interest on Market Loans|6|Market Loans|31|2025-26 - 7.48% KGS 2037(DOM 18-02-2037)|241|Interest Payments|2049-01-101-6-31|Interest Payments|C|Data|Object-Head||||14960.00|100.0
202|01|29|2049|Interest Payments|01|Interest on Internal Debt|101|Interest on Market Loans|6|Market Loans|31|2025-26 - 7.48% KGS 2037(DOM 18-02-2037)|||2049-01-101-6-31|HOA Total :|C|Total|Detailed-Head|0.00|0.00|0.00|14960.00|100.0
202|01|29|2049|Interest Payments|01|Interest on Internal Debt|101|Interest on Market Loans|6|Market Loans|32|2025-26 - 7.37% KGS 2034(DOM 25-02-2034)|||2049-01-101-6-32|2025-26 - 7.37% KGS 2034(DOM 25-02-2034)|C|Header|Detailed-Head|||||100.0
202|01|29|2049|Interest Payments|01|Interest on Internal Debt|101|Interest on Market Loans|6|Market Loans|32|2025-26 - 7.37% KGS 2034(DOM 25-02-2034)|241|Interest Payments|2049-01-101-6-32|Interest Payments|C|Data|Object-Head||||14740.00|100.0
202|01|29|2049|Interest Payments|01|Interest on Internal Debt|101|Interest on Market Loans|6|Market Loans|32|2025-26 - 7.37% KGS 2034(DOM 25-02-2034)|||2049-01-101-6-32|HOA Total :|C|Total|Detailed-Head|0.00|0.00|0.00|14740.00|100.0
203|01|29|2049|Interest Payments|01|Interest on Internal Debt|101|Interest on Market Loans|6|Market Loans|33|2025-26 - 7.38% KGS 2034(DOM 25-08-2034)|||2049-01-101-6-33|2025-26 - 7.38% KGS 2034(DOM 25-08-2034)|C|Header|Detailed-Head|||||100.0
203|01|29|2049|Interest Payments|01|Interest on Internal Debt|101|Interest on Market Loans|6|Market Loans|33|2025-26 - 7.38% KGS 2034(DOM 25-08-2034)|241|Interest Payments|2049-01-101-6-33|Interest Payments|C|Data|Object-Head||||14760.00|100.0
203|01|29|2049|Interest Payments|01|Interest on Internal Debt|101|Interest on Market Loans|6|Market Loans|33|2025-26 - 7.38% KGS 2034(DOM 25-08-2034)|||2049-01-101-6-33|HOA Total :|C|Total|Detailed-Head|0.00|0.00|0.00|14760.00|100.0
203|01|29|2049|Interest Payments|01|Interest on Internal Debt|101|Interest on Market Loans|6|Market Loans|34|2025-26 - 7.44% KGS 2036(DOM 25-02-2036)|||2049-01-101-6-34|2025-26 - 7.44% KGS 2036(DOM 25-02-2036)|C|Header|Detailed-Head|||||100.0
203|01|29|2049|Interest Payments|01|Interest on Internal Debt|101|Interest on Market Loans|6|Market Loans|34|2025-26 - 7.44% KGS 2036(DOM 25-02-2036)|241|Interest Payments|2049-01-101-6-34|Interest Payments|C|Data|Object-Head||||14880.00|100.0
203|01|29|2049|Interest Payments|01|Interest on Internal Debt|101|Interest on Market Loans|6|Market Loans|34|2025-26 - 7.44% KGS 2036(DOM 25-02-2036)|||2049-01-101-6-34|HOA Total :|C|Total|Detailed-Head|0.00|0.00|0.00|14880.00|100.0
203|01|29|2049|Interest Payments|01|Interest on Internal Debt|101|Interest on Market Loans|6|Market Loans|35|2025-26 - 7.47% KGS 2036(DOM 25-08-2036)|||2049-01-101-6-35|2025-26 - 7.47% KGS 2036(DOM 25-08-2036)|C|Header|Detailed-Head|||||100.0
203|01|29|2049|Interest Payments|01|Interest on Internal Debt|101|Interest on Market Loans|6|Market Loans|35|2025-26 - 7.47% KGS 2036(DOM 25-08-2036)|241|Interest Payments|2049-01-101-6-35|Interest Payments|C|Data|Object-Head||||14940.00|100.0
203|01|29|2049|Interest Payments|01|Interest on Internal Debt|101|Interest on Market Loans|6|Market Loans|35|2025-26 - 7.47% KGS 2036(DOM 25-08-2036)|||2049-01-101-6-35|HOA Total :|C|Total|Detailed-Head|0.00|0.00|0.00|14940.00|100.0
203|01|29|2049|Interest Payments|01|Interest on Internal Debt|102|Discounts on Market Borrowing Loan|0||01|Discounts on Market Borrowing Loan|||2049-01-102-0-01|Discounts on Market Borrowing Loan|C|Header|Detailed-Head|||||100.0
203|01|29|2049|Interest Payments|01|Interest on Internal Debt|102|Discounts on Market Borrowing Loan|0||01|Discounts on Market Borrowing Loan|240|Repayment of Borrowings|2049-01-102-0-01|Repayment of Borrowings|C|Data|Object-Head|20469.29||||100.0
203|01|29|2049|Interest Payments|01|Interest on Internal Debt|102|Discounts on Market Borrowing Loan|0||01|Discounts on Market Borrowing Loan|241|Interest Payments|2049-01-102-0-01|Interest Payments|C|Data|Object-Head||1.00|1.00|1.00|100.0
203|01|29|2049|Interest Payments|01|Interest on Internal Debt|102|Discounts on Market Borrowing Loan|0||01|Discounts on Market Borrowing Loan|||2049-01-102-0-01|HOA Total :|C|Total|Detailed-Head|20469.29|1.00|1.00|1.00|100.0
203|01|29|2049|Interest Payments|01|Interest on Internal Debt|115|Interest on Ways & Means & Special Ways & Means|0||01|Interest on Ways & Means & Special Ways & Means|||2049-01-115-0-01|Interest on Ways & Means & Special Ways & Means|C|Header|Detailed-Head|||||100.0
203|01|29|2049|Interest Payments|01|Interest on Internal Debt|115|Interest on Ways & Means & Special Ways & Means|0||01|Interest on Ways & Means & Special Ways & Means|241|Interest Payments|2049-01-115-0-01|Interest Payments|C|Data|Object-Head||10000.00|10000.00|20000.00|100.0
203|01|29|2049|Interest Payments|01|Interest on Internal Debt|115|Interest on Ways & Means & Special Ways & Means|0||01|Interest on Ways & Means & Special Ways & Means|||2049-01-115-0-01|HOA Total :|C|Total|Detailed-Head|0.00|10000.00|10000.00|20000.00|100.0
203|01|29|2049|Interest Payments|01|Interest on Internal Debt|123|Interest on Special Securities issued to NSSF of the Central Govt by the State Govt|0||02|Interest on Special Securities issued to NSSF of the Central Govt by the State Govt|||2049-01-123-0-02|Interest on Special Securities issued to NSSF of the Central Govt by the State Govt|C|Header|Detailed-Head|||||100.0
203|01|29|2049|Interest Payments|01|Interest on Internal Debt|123|Interest on Special Securities issued to NSSF of the Central Govt by the State Govt|0||02|Interest on Special Securities issued to NSSF of the Central Govt by the State Govt|240|Repayment of Borrowings|2049-01-123-0-02|Repayment of Borrowings|C|Data|Object-Head|84811.89||||100.0
204|01|29|2049|Interest Payments|01|Interest on Internal Debt|123|Interest on Special Securities issued to NSSF of the Central Govt by the State Govt|0||02|Interest on Special Securities issued to NSSF of the Central Govt by the State Govt|241|Interest Payments|2049-01-123-0-02|Interest Payments|C|Data|Object-Head||69070.00|69070.00|55291.00|100.0
204|01|29|2049|Interest Payments|01|Interest on Internal Debt|123|Interest on Special Securities issued to NSSF of the Central Govt by the State Govt|0||02|Interest on Special Securities issued to NSSF of the Central Govt by the State Govt|||2049-01-123-0-02|HOA Total :|C|Total|Detailed-Head|84811.89|69070.00|69070.00|55291.00|100.0
204|01|29|2049|Interest Payments|01|Interest on Internal Debt|200|Interest on Other Internal Debts|3|Housing Schemes (Interest on LIC Loans)|01|Housing Schemes (Interest on LIC Loans)|||2049-01-200-3-01|Housing Schemes (Interest on LIC Loans)|C|Header|Detailed-Head|||||100.0
204|01|29|2049|Interest Payments|01|Interest on Internal Debt|200|Interest on Other Internal Debts|3|Housing Schemes (Interest on LIC Loans)|01|Housing Schemes (Interest on LIC Loans)|240|Repayment of Borrowings|2049-01-200-3-01|Repayment of Borrowings|C|Data|Object-Head|575.64||||100.0
204|01|29|2049|Interest Payments|01|Interest on Internal Debt|200|Interest on Other Internal Debts|3|Housing Schemes (Interest on LIC Loans)|01|Housing Schemes (Interest on LIC Loans)|241|Interest Payments|2049-01-200-3-01|Interest Payments|C|Data|Object-Head||332.00|335.22|151.00|100.0
204|01|29|2049|Interest Payments|01|Interest on Internal Debt|200|Interest on Other Internal Debts|3|Housing Schemes (Interest on LIC Loans)|01|Housing Schemes (Interest on LIC Loans)|||2049-01-200-3-01|HOA Total :|C|Total|Detailed-Head|575.64|332.00|335.22|151.00|100.0
204|01|29|2049|Interest Payments|01|Interest on Internal Debt|200|Interest on Other Internal Debts|5|Housing Schemes (Interest on GIC and other Subsididry Loans)|01|Housing Schemes (Interest on GIC and other Subsididry Loans)|||2049-01-200-5-01|Housing Schemes (Interest on GIC and other Subsididry Loans)|C|Header|Detailed-Head|||||100.0
204|01|29|2049|Interest Payments|01|Interest on Internal Debt|200|Interest on Other Internal Debts|5|Housing Schemes (Interest on GIC and other Subsididry Loans)|01|Housing Schemes (Interest on GIC and other Subsididry Loans)|240|Repayment of Borrowings|2049-01-200-5-01|Repayment of Borrowings|C|Data|Object-Head|51.99||||100.0
204|01|29|2049|Interest Payments|01|Interest on Internal Debt|200|Interest on Other Internal Debts|5|Housing Schemes (Interest on GIC and other Subsididry Loans)|01|Housing Schemes (Interest on GIC and other Subsididry Loans)|241|Interest Payments|2049-01-200-5-01|Interest Payments|C|Data|Object-Head||26.00|26.00|4.00|100.0
204|01|29|2049|Interest Payments|01|Interest on Internal Debt|200|Interest on Other Internal Debts|5|Housing Schemes (Interest on GIC and other Subsididry Loans)|01|Housing Schemes (Interest on GIC and other Subsididry Loans)|||2049-01-200-5-01|HOA Total :|C|Total|Detailed-Head|51.99|26.00|26.00|4.00|100.0
204|01|29|2049|Interest Payments|01|Interest on Internal Debt|200|Interest on Other Internal Debts|6|Maintenance charges of Bonds Issued under Urban Land Ceiling Act|05|Maintenance charges of Bonds Issued under Urban Land Ceiling Act|||2049-01-200-6-05|Maintenance charges of Bonds Issued under Urban Land Ceiling Act|C|Header|Detailed-Head|||||100.0
204|01|29|2049|Interest Payments|01|Interest on Internal Debt|200|Interest on Other Internal Debts|6|Maintenance charges of Bonds Issued under Urban Land Ceiling Act|05|Maintenance charges of Bonds Issued under Urban Land Ceiling Act|240|Repayment of Borrowings|2049-01-200-6-05|Repayment of Borrowings|C|Data|Object-Head|0.26||||100.0
204|01|29|2049|Interest Payments|01|Interest on Internal Debt|200|Interest on Other Internal Debts|6|Maintenance charges of Bonds Issued under Urban Land Ceiling Act|05|Maintenance charges of Bonds Issued under Urban Land Ceiling Act|241|Interest Payments|2049-01-200-6-05|Interest Payments|C|Data|Object-Head||1.00|1.00|1.00|100.0
204|01|29|2049|Interest Payments|01|Interest on Internal Debt|200|Interest on Other Internal Debts|6|Maintenance charges of Bonds Issued under Urban Land Ceiling Act|05|Maintenance charges of Bonds Issued under Urban Land Ceiling Act|||2049-01-200-6-05|HOA Total :|C|Total|Detailed-Head|0.26|1.00|1.00|1.00|100.0
204|01|29|2049|Interest Payments|01|Interest on Internal Debt|200|Interest on Other Internal Debts|6|Maintenance charges of Bonds Issued under Urban Land Ceiling Act|06|GST Charges on Bonds Issued Under Urban Land Ceiling Act|||2049-01-200-6-06|GST Charges on Bonds Issued Under Urban Land Ceiling Act|C|Header|Detailed-Head|||||100.0
204|01|29|2049|Interest Payments|01|Interest on Internal Debt|200|Interest on Other Internal Debts|6|Maintenance charges of Bonds Issued under Urban Land Ceiling Act|06|GST Charges on Bonds Issued Under Urban Land Ceiling Act|240|Repayment of Borrowings|2049-01-200-6-06|Repayment of Borrowings|C|Data|Object-Head|0.05||||100.0
204|01|29|2049|Interest Payments|01|Interest on Internal Debt|200|Interest on Other Internal Debts|6|Maintenance charges of Bonds Issued under Urban Land Ceiling Act|06|GST Charges on Bonds Issued Under Urban Land Ceiling Act|241|Interest Payments|2049-01-200-6-06|Interest Payments|C|Data|Object-Head||0.50|0.50|0.50|100.0
204|01|29|2049|Interest Payments|01|Interest on Internal Debt|200|Interest on Other Internal Debts|6|Maintenance charges of Bonds Issued under Urban Land Ceiling Act|06|GST Charges on Bonds Issued Under Urban Land Ceiling Act|||2049-01-200-6-06|HOA Total :|C|Total|Detailed-Head|0.05|0.50|0.50|0.50|100.0
205|01|29|2049|Interest Payments|01|Interest on Internal Debt|200|Interest on Other Internal Debts|9|Interest on NABARD Loans|01|Interest on NABARD Loans|||2049-01-200-9-01|Interest on NABARD Loans|C|Header|Detailed-Head|||||100.0
205|01|29|2049|Interest Payments|01|Interest on Internal Debt|200|Interest on Other Internal Debts|9|Interest on NABARD Loans|01|Interest on NABARD Loans|240|Repayment of Borrowings|2049-01-200-9-01|Repayment of Borrowings|C|Data|Object-Head|48499.93||||100.0
205|01|29|2049|Interest Payments|01|Interest on Internal Debt|200|Interest on Other Internal Debts|9|Interest on NABARD Loans|01|Interest on NABARD Loans|241|Interest Payments|2049-01-200-9-01|Interest Payments|C|Data|Object-Head||74319.00|74319.00|102500.00|100.0
205|01|29|2049|Interest Payments|01|Interest on Internal Debt|200|Interest on Other Internal Debts|9|Interest on NABARD Loans|01|Interest on NABARD Loans|||2049-01-200-9-01|HOA Total :|C|Total|Detailed-Head|48499.93|74319.00|74319.00|102500.00|100.0
205|01|29|2049|Interest Payments|01|Interest on Internal Debt|200|Interest on Other Internal Debts|9|Interest on NABARD Loans|04|Interest Payment -UIDF Loans from NHB|||2049-01-200-9-04|Interest Payment -UIDF Loans from NHB|C|Header|Detailed-Head|||||100.0
205|01|29|2049|Interest Payments|01|Interest on Internal Debt|200|Interest on Other Internal Debts|9|Interest on NABARD Loans|04|Interest Payment -UIDF Loans from NHB|240|Repayment of Borrowings|2049-01-200-9-04|Repayment of Borrowings|C|Data|Object-Head|19.06||||100.0
205|01|29|2049|Interest Payments|01|Interest on Internal Debt|200|Interest on Other Internal Debts|9|Interest on NABARD Loans|04|Interest Payment -UIDF Loans from NHB|241|Interest Payments|2049-01-200-9-04|Interest Payments|C|Data|Object-Head||7000.00|7000.00|8500.00|100.0
205|01|29|2049|Interest Payments|01|Interest on Internal Debt|200|Interest on Other Internal Debts|9|Interest on NABARD Loans|04|Interest Payment -UIDF Loans from NHB|||2049-01-200-9-04|HOA Total :|C|Total|Detailed-Head|19.06|7000.00|7000.00|8500.00|100.0
205|01|29|2049|Interest Payments|01|Interest on Internal Debt|305|Management of Debt|0||01|Expenditure Incurred in Connection with the Issue of New Loans and Sale of Securities Held in Cash Balance Investment Account (Floatation Charge)|||2049-01-305-0-01|Expenditure Incurred in Connection with the Issue of New Loans and Sale of Securities Held in Cash Balance Investment Account (Floatation Charge)|C|Header|Detailed-Head|||||100.0
205|01|29|2049|Interest Payments|01|Interest on Internal Debt|305|Management of Debt|0||01|Expenditure Incurred in Connection with the Issue of New Loans and Sale of Securities Held in Cash Balance Investment Account (Floatation Charge)|240|Repayment of Borrowings|2049-01-305-0-01|Repayment of Borrowings|C|Data|Object-Head|1196.33||||100.0
205|01|29|2049|Interest Payments|01|Interest on Internal Debt|305|Management of Debt|0||01|Expenditure Incurred in Connection with the Issue of New Loans and Sale of Securities Held in Cash Balance Investment Account (Floatation Charge)|241|Interest Payments|2049-01-305-0-01|Interest Payments|C|Data|Object-Head||1300.00|1300.00|1365.00|100.0
205|01|29|2049|Interest Payments|01|Interest on Internal Debt|305|Management of Debt|0||01|Expenditure Incurred in Connection with the Issue of New Loans and Sale of Securities Held in Cash Balance Investment Account (Floatation Charge)|||2049-01-305-0-01|HOA Total :|C|Total|Detailed-Head|1196.33|1300.00|1300.00|1365.00|100.0
205|01|29|2049|Interest Payments|01|Interest on Internal Debt|305|Management of Debt|0||02|Commission Charges Payable to the R.B.I. towards the Management of the State Debt|||2049-01-305-0-02|Commission Charges Payable to the R.B.I. towards the Management of the State Debt|C|Header|Detailed-Head|||||100.0
205|01|29|2049|Interest Payments|01|Interest on Internal Debt|305|Management of Debt|0||02|Commission Charges Payable to the R.B.I. towards the Management of the State Debt|240|Repayment of Borrowings|2049-01-305-0-02|Repayment of Borrowings|C|Data|Object-Head|7970.85||||100.0
205|01|29|2049|Interest Payments|01|Interest on Internal Debt|305|Management of Debt|0||02|Commission Charges Payable to the R.B.I. towards the Management of the State Debt|241|Interest Payments|2049-01-305-0-02|Interest Payments|C|Data|Object-Head||9986.00|9986.00|11503.00|100.0
205|01|29|2049|Interest Payments|01|Interest on Internal Debt|305|Management of Debt|0||02|Commission Charges Payable to the R.B.I. towards the Management of the State Debt|||2049-01-305-0-02|HOA Total :|C|Total|Detailed-Head|7970.85|9986.00|9986.00|11503.00|100.0
205|01|29|2049|Interest Payments|01|Interest on Internal Debt|305|Management of Debt|0||03|Consolidated Sinking Fund - Service charge|||2049-01-305-0-03|Consolidated Sinking Fund - Service charge|C|Header|Detailed-Head|||||100.0
205|01|29|2049|Interest Payments|01|Interest on Internal Debt|305|Management of Debt|0||03|Consolidated Sinking Fund - Service charge|240|Repayment of Borrowings|2049-01-305-0-03|Repayment of Borrowings|C|Data|Object-Head|3.93||||100.0
206|01|29|2049|Interest Payments|01|Interest on Internal Debt|305|Management of Debt|0||03|Consolidated Sinking Fund - Service charge|241|Interest Payments|2049-01-305-0-03|Interest Payments|C|Data|Object-Head||10.00|10.00|10.00|100.0
206|01|29|2049|Interest Payments|01|Interest on Internal Debt|305|Management of Debt|0||03|Consolidated Sinking Fund - Service charge|||2049-01-305-0-03|HOA Total :|C|Total|Detailed-Head|3.93|10.00|10.00|10.00|100.0
206|01|29|2049|Interest Payments|01|Interest on Internal Debt|305|Management of Debt|0||04|GST on Floatation Charges of New Loans|||2049-01-305-0-04|GST on Floatation Charges of New Loans|C|Header|Detailed-Head|||||100.0
206|01|29|2049|Interest Payments|01|Interest on Internal Debt|305|Management of Debt|0||04|GST on Floatation Charges of New Loans|240|Repayment of Borrowings|2049-01-305-0-04|Repayment of Borrowings|C|Data|Object-Head|215.34||||100.0
206|01|29|2049|Interest Payments|01|Interest on Internal Debt|305|Management of Debt|0||04|GST on Floatation Charges of New Loans|241|Interest Payments|2049-01-305-0-04|Interest Payments|C|Data|Object-Head||234.00|234.00|246.00|100.0
206|01|29|2049|Interest Payments|01|Interest on Internal Debt|305|Management of Debt|0||04|GST on Floatation Charges of New Loans|||2049-01-305-0-04|HOA Total :|C|Total|Detailed-Head|215.34|234.00|234.00|246.00|100.0
206|01|29|2049|Interest Payments|01|Interest on Internal Debt|305|Management of Debt|0||05|GST Charges on Management Commission of Loans|||2049-01-305-0-05|GST Charges on Management Commission of Loans|C|Header|Detailed-Head|||||100.0
206|01|29|2049|Interest Payments|01|Interest on Internal Debt|305|Management of Debt|0||05|GST Charges on Management Commission of Loans|240|Repayment of Borrowings|2049-01-305-0-05|Repayment of Borrowings|C|Data|Object-Head|1434.75||||100.0
206|01|29|2049|Interest Payments|01|Interest on Internal Debt|305|Management of Debt|0||05|GST Charges on Management Commission of Loans|241|Interest Payments|2049-01-305-0-05|Interest Payments|C|Data|Object-Head||1797.00|1797.00|2071.00|100.0
206|01|29|2049|Interest Payments|01|Interest on Internal Debt|305|Management of Debt|0||05|GST Charges on Management Commission of Loans|||2049-01-305-0-05|HOA Total :|C|Total|Detailed-Head|1434.75|1797.00|1797.00|2071.00|100.0
206|01|29|2049|Interest Payments|01|Interest on Internal Debt|305|Management of Debt|0||06|GST Charges on Consolidated Sinking Fund|||2049-01-305-0-06|GST Charges on Consolidated Sinking Fund|C|Header|Detailed-Head|||||100.0
206|01|29|2049|Interest Payments|01|Interest on Internal Debt|305|Management of Debt|0||06|GST Charges on Consolidated Sinking Fund|240|Repayment of Borrowings|2049-01-305-0-06|Repayment of Borrowings|C|Data|Object-Head|0.71||||100.0
206|01|29|2049|Interest Payments|01|Interest on Internal Debt|305|Management of Debt|0||06|GST Charges on Consolidated Sinking Fund|241|Interest Payments|2049-01-305-0-06|Interest Payments|C|Data|Object-Head||3.00|3.00|3.00|100.0
206|01|29|2049|Interest Payments|01|Interest on Internal Debt|305|Management of Debt|0||06|GST Charges on Consolidated Sinking Fund|||2049-01-305-0-06|HOA Total :|C|Total|Detailed-Head|0.71|3.00|3.00|3.00|100.0
206|01|29|2049|Interest Payments|01|Interest on Internal Debt|305|Management of Debt|0||07|Guarantee Redemption Fund Service Charge|||2049-01-305-0-07|Guarantee Redemption Fund Service Charge|C|Header|Detailed-Head|||||100.0
206|01|29|2049|Interest Payments|01|Interest on Internal Debt|305|Management of Debt|0||07|Guarantee Redemption Fund Service Charge|240|Repayment of Borrowings|2049-01-305-0-07|Repayment of Borrowings|C|Data|Object-Head|0.26||||100.0
206|01|29|2049|Interest Payments|01|Interest on Internal Debt|305|Management of Debt|0||07|Guarantee Redemption Fund Service Charge|241|Interest Payments|2049-01-305-0-07|Interest Payments|C|Data|Object-Head||2.00|2.00|1.00|100.0
206|01|29|2049|Interest Payments|01|Interest on Internal Debt|305|Management of Debt|0||07|Guarantee Redemption Fund Service Charge|||2049-01-305-0-07|HOA Total :|C|Total|Detailed-Head|0.26|2.00|2.00|1.00|100.0
206|01|29|2049|Interest Payments|01|Interest on Internal Debt|305|Management of Debt|0||08|GST Charges on Guarantee Redemption Fund Service Charge|||2049-01-305-0-08|GST Charges on Guarantee Redemption Fund Service Charge|C|Header|Detailed-Head|||||100.0
206|01|29|2049|Interest Payments|01|Interest on Internal Debt|305|Management of Debt|0||08|GST Charges on Guarantee Redemption Fund Service Charge|240|Repayment of Borrowings|2049-01-305-0-08|Repayment of Borrowings|C|Data|Object-Head|0.04||||100.0
207|01|29|2049|Interest Payments|01|Interest on Internal Debt|305|Management of Debt|0||08|GST Charges on Guarantee Redemption Fund Service Charge|241|Interest Payments|2049-01-305-0-08|Interest Payments|C|Data|Object-Head||0.50|0.50|0.50|100.0
207|01|29|2049|Interest Payments|01|Interest on Internal Debt|305|Management of Debt|0||08|GST Charges on Guarantee Redemption Fund Service Charge|||2049-01-305-0-08|HOA Total :|C|Total|Detailed-Head|0.04|0.50|0.50|0.50|100.0
207|01|29|2049|Interest Payments|01|Interest on Internal Debt|911|Deduct - Recoveries of Overpayments|3||93|2019-20 - 7.20% KSDL 2029 (DOM: 23-10-2029)- Non clime amount|||2049-01-911-3-93|2019-20 - 7.20% KSDL 2029 (DOM: 23-10-2029)- Non clime amount|C|Header|Detailed-Head|||||100.0
207|01|29|2049|Interest Payments|01|Interest on Internal Debt|911|Deduct - Recoveries of Overpayments|3||93|2019-20 - 7.20% KSDL 2029 (DOM: 23-10-2029)- Non clime amount|364|Deduct - Recoveries|2049-01-911-3-93|Deduct - Recoveries|C|Data|Object-Head|-0.45||||100.0
207|01|29|2049|Interest Payments|01|Interest on Internal Debt|911|Deduct - Recoveries of Overpayments|3||93|2019-20 - 7.20% KSDL 2029 (DOM: 23-10-2029)- Non clime amount|||2049-01-911-3-93|HOA Total :|C|Total|Detailed-Head|-0.45|0.00|0.00|0.00|100.0
207|01|29|2049|Interest Payments|01|Interest on Internal Debt|911|Deduct - Recoveries of Overpayments|5||24|2022-23 - 7.63% KGS 2037 (DOM 30-11-2037) Non Clime Amount|||2049-01-911-5-24|2022-23 - 7.63% KGS 2037 (DOM 30-11-2037) Non Clime Amount|C|Header|Detailed-Head|||||100.0
207|01|29|2049|Interest Payments|01|Interest on Internal Debt|911|Deduct - Recoveries of Overpayments|5||24|2022-23 - 7.63% KGS 2037 (DOM 30-11-2037) Non Clime Amount|364|Deduct - Recoveries|2049-01-911-5-24|Deduct - Recoveries|C|Data|Object-Head|-0.38||||100.0
207|01|29|2049|Interest Payments|01|Interest on Internal Debt|911|Deduct - Recoveries of Overpayments|5||24|2022-23 - 7.63% KGS 2037 (DOM 30-11-2037) Non Clime Amount|||2049-01-911-5-24|HOA Total :|C|Total|Detailed-Head|-0.38|0.00|0.00|0.00|100.0
207|01|29|2049|Interest Payments|01|Interest on Internal Debt|911|Deduct - Recoveries of Overpayments|5||34|2022-23 - 7.26% KGS 2025 (DOM 4-01-2025)- Non clime amount|||2049-01-911-5-34|2022-23 - 7.26% KGS 2025 (DOM 4-01-2025)- Non clime amount|C|Header|Detailed-Head|||||100.0
207|01|29|2049|Interest Payments|01|Interest on Internal Debt|911|Deduct - Recoveries of Overpayments|5||34|2022-23 - 7.26% KGS 2025 (DOM 4-01-2025)- Non clime amount|364|Deduct - Recoveries|2049-01-911-5-34|Deduct - Recoveries|C|Data|Object-Head|-0.02||||100.0
207|01|29|2049|Interest Payments|01|Interest on Internal Debt|911|Deduct - Recoveries of Overpayments|5||34|2022-23 - 7.26% KGS 2025 (DOM 4-01-2025)- Non clime amount|||2049-01-911-5-34|HOA Total :|C|Total|Detailed-Head|-0.02|0.00|0.00|0.00|100.0
207|01|29|2049|Interest Payments|03|Interest on Small Savings, Provident Funds, etc.|104|State Provident Funds|1|General Provident Fund|00||||2049-03-104-1-00|General Provident Fund|C|Header|Detailed-Head|||||100.0
207|01|29|2049|Interest Payments|03|Interest on Small Savings, Provident Funds, etc.|104|State Provident Funds|1|General Provident Fund|00||240|Repayment of Borrowings|2049-03-104-1-00|Repayment of Borrowings|C|Data|Object-Head|161527.15||||100.0
207|01|29|2049|Interest Payments|03|Interest on Small Savings, Provident Funds, etc.|104|State Provident Funds|1|General Provident Fund|00||241|Interest Payments|2049-03-104-1-00|Interest Payments|C|Data|Object-Head||175000.00|175000.00|181700.00|100.0
207|01|29|2049|Interest Payments|03|Interest on Small Savings, Provident Funds, etc.|104|State Provident Funds|1|General Provident Fund|00||||2049-03-104-1-00|HOA Total :|C|Total|Detailed-Head|161527.15|175000.00|175000.00|181700.00|100.0
207|01|29|2049|Interest Payments|03|Interest on Small Savings, Provident Funds, etc.|104|State Provident Funds|3|All India Services Provident Fund|00||||2049-03-104-3-00|All India Services Provident Fund|C|Header|Detailed-Head|||||100.0
207|01|29|2049|Interest Payments|03|Interest on Small Savings, Provident Funds, etc.|104|State Provident Funds|3|All India Services Provident Fund|00||240|Repayment of Borrowings|2049-03-104-3-00|Repayment of Borrowings|C|Data|Object-Head|541.62||||100.0
207|01|29|2049|Interest Payments|03|Interest on Small Savings, Provident Funds, etc.|104|State Provident Funds|3|All India Services Provident Fund|00||241|Interest Payments|2049-03-104-3-00|Interest Payments|C|Data|Object-Head||800.00|800.00|800.00|100.0
207|01|29|2049|Interest Payments|03|Interest on Small Savings, Provident Funds, etc.|104|State Provident Funds|3|All India Services Provident Fund|00||||2049-03-104-3-00|HOA Total :|C|Total|Detailed-Head|541.62|800.00|800.00|800.00|100.0
208|01|29|2049|Interest Payments|03|Interest on Small Savings, Provident Funds, etc.|107|Endowments for Charitable and Educational Institutions|1||00||||2049-03-107-1-00|Endowments for Charitable and Educational Institutions|C|Header|Detailed-Head|||||100.0
208|01|29|2049|Interest Payments|03|Interest on Small Savings, Provident Funds, etc.|107|Endowments for Charitable and Educational Institutions|1||00||241|Interest Payments|2049-03-107-1-00|Interest Payments|C|Data|Object-Head||3.00|3.00|3.00|100.0
208|01|29|2049|Interest Payments|03|Interest on Small Savings, Provident Funds, etc.|107|Endowments for Charitable and Educational Institutions|1||00||||2049-03-107-1-00|HOA Total :|C|Total|Detailed-Head|0.00|3.00|3.00|3.00|100.0
208|01|29|2049|Interest Payments|03|Interest on Small Savings, Provident Funds, etc.|108|State Provident Funds|1||01|State Life Insurance Fund|||2049-03-108-1-01|State Life Insurance Fund|C|Header|Detailed-Head|||||100.0
208|01|29|2049|Interest Payments|03|Interest on Small Savings, Provident Funds, etc.|108|State Provident Funds|1||01|State Life Insurance Fund|240|Repayment of Borrowings|2049-03-108-1-01|Repayment of Borrowings|C|Data|Object-Head|161456.37||||100.0
208|01|29|2049|Interest Payments|03|Interest on Small Savings, Provident Funds, etc.|108|State Provident Funds|1||01|State Life Insurance Fund|241|Interest Payments|2049-03-108-1-01|Interest Payments|C|Data|Object-Head||172289.00|172289.00|194580.00|100.0
208|01|29|2049|Interest Payments|03|Interest on Small Savings, Provident Funds, etc.|108|State Provident Funds|1||01|State Life Insurance Fund|||2049-03-108-1-01|HOA Total :|C|Total|Detailed-Head|161456.37|172289.00|172289.00|194580.00|100.0
208|01|29|2049|Interest Payments|03|Interest on Small Savings, Provident Funds, etc.|108|State Provident Funds|1||02|Motor Insurance Fund|||2049-03-108-1-02|Motor Insurance Fund|C|Header|Detailed-Head|||||100.0
208|01|29|2049|Interest Payments|03|Interest on Small Savings, Provident Funds, etc.|108|State Provident Funds|1||02|Motor Insurance Fund|240|Repayment of Borrowings|2049-03-108-1-02|Repayment of Borrowings|C|Data|Object-Head|5423.90||||100.0
208|01|29|2049|Interest Payments|03|Interest on Small Savings, Provident Funds, etc.|108|State Provident Funds|1||02|Motor Insurance Fund|241|Interest Payments|2049-03-108-1-02|Interest Payments|C|Data|Object-Head||5883.00|5883.00|6321.00|100.0
208|01|29|2049|Interest Payments|03|Interest on Small Savings, Provident Funds, etc.|108|State Provident Funds|1||02|Motor Insurance Fund|||2049-03-108-1-02|HOA Total :|C|Total|Detailed-Head|5423.90|5883.00|5883.00|6321.00|100.0
208|01|29|2049|Interest Payments|03|Interest on Small Savings, Provident Funds, etc.|108|State Provident Funds|1||03|Hyderabad State Life Insurance Fund|||2049-03-108-1-03|Hyderabad State Life Insurance Fund|C|Header|Detailed-Head|||||100.0
208|01|29|2049|Interest Payments|03|Interest on Small Savings, Provident Funds, etc.|108|State Provident Funds|1||03|Hyderabad State Life Insurance Fund|240|Repayment of Borrowings|2049-03-108-1-03|Repayment of Borrowings|C|Data|Object-Head|106.13||||100.0
208|01|29|2049|Interest Payments|03|Interest on Small Savings, Provident Funds, etc.|108|State Provident Funds|1||03|Hyderabad State Life Insurance Fund|241|Interest Payments|2049-03-108-1-03|Interest Payments|C|Data|Object-Head||114.00|114.00|122.00|100.0
208|01|29|2049|Interest Payments|03|Interest on Small Savings, Provident Funds, etc.|108|State Provident Funds|1||03|Hyderabad State Life Insurance Fund|||2049-03-108-1-03|HOA Total :|C|Total|Detailed-Head|106.13|114.00|114.00|122.00|100.0
208|01|29|2049|Interest Payments|03|Interest on Small Savings, Provident Funds, etc.|108|State Provident Funds|2||00|Government Employees Family Benefit Fund|||2049-03-108-2-00|Government Employees Family Benefit Fund|C|Header|Detailed-Head|||||100.0
208|01|29|2049|Interest Payments|03|Interest on Small Savings, Provident Funds, etc.|108|State Provident Funds|2||00|Government Employees Family Benefit Fund|240|Repayment of Borrowings|2049-03-108-2-00|Repayment of Borrowings|C|Data|Object-Head|2821.30||||100.0
208|01|29|2049|Interest Payments|03|Interest on Small Savings, Provident Funds, etc.|108|State Provident Funds|2||00|Government Employees Family Benefit Fund|241|Interest Payments|2049-03-108-2-00|Interest Payments|C|Data|Object-Head||3114.00|3114.00|3405.00|100.0
208|01|29|2049|Interest Payments|03|Interest on Small Savings, Provident Funds, etc.|108|State Provident Funds|2||00|Government Employees Family Benefit Fund|||2049-03-108-2-00|HOA Total :|C|Total|Detailed-Head|2821.30|3114.00|3114.00|3405.00|100.0
208|01|29|2049|Interest Payments|03|Interest on Small Savings, Provident Funds, etc.|108|State Provident Funds|3||00|State Govt. Employees Group Insurance Fund|||2049-03-108-3-00|State Govt. Employees Group Insurance Fund|C|Header|Detailed-Head|||||100.0
208|01|29|2049|Interest Payments|03|Interest on Small Savings, Provident Funds, etc.|108|State Provident Funds|3||00|State Govt. Employees Group Insurance Fund|240|Repayment of Borrowings|2049-03-108-3-00|Repayment of Borrowings|C|Data|Object-Head|39729.66||||100.0
209|01|29|2049|Interest Payments|03|Interest on Small Savings, Provident Funds, etc.|108|State Provident Funds|3|State Govt. Employees Group Insurance Fund|00|State Govt. Employees Group Insurance Fund|241|Interest Payments|2049-03-108-3-00|Interest Payments|C|Data|Object-Head||45141.00|45141.00|51700.00|100.0
209|01|29|2049|Interest Payments|03|Interest on Small Savings, Provident Funds, etc.|108|State Provident Funds|3|State Govt. Employees Group Insurance Fund|00|State Govt. Employees Group Insurance Fund|||2049-03-108-3-00|HOA Total :|C|Total|Detailed-Head|39729.66|45141.00|45141.00|51700.00|100.0
209|01|29|2049|Interest Payments|03|Interest on Small Savings, Provident Funds, etc.|117||0||01|Interest Paid on Government Backlog Contributions to NPS|||2049-03-117-0-01|Interest Paid on Government Backlog Contributions to NPS|C|Header|Detailed-Head|||||100.0
209|01|29|2049|Interest Payments|03|Interest on Small Savings, Provident Funds, etc.|117||0||01|Interest Paid on Government Backlog Contributions to NPS|241|Interest Payments|2049-03-117-0-01|Interest Payments|C|Data|Object-Head||10.00|10.00|5.00|100.0
209|01|29|2049|Interest Payments|03|Interest on Small Savings, Provident Funds, etc.|117||0||01|Interest Paid on Government Backlog Contributions to NPS|||2049-03-117-0-01|HOA Total :|C|Total|Detailed-Head|0.00|10.00|10.00|5.00|100.0
209|01|29|2049|Interest Payments|04|Interest on Loans for State / Union Territory Plan Schemes|101|Interest on Loans for State / Union Territory Plan Schemes|0||00|Interest on Loans for State / Union Territory Plan Schemes|||2049-04-101-0-00|Interest on Loans for State / Union Territory Plan Schemes|C|Header|Detailed-Head|||||100.0
209|01|29|2049|Interest Payments|04|Interest on Loans for State / Union Territory Plan Schemes|101|Interest on Loans for State / Union Territory Plan Schemes|0||00|Interest on Loans for State / Union Territory Plan Schemes|240|Repayment of Borrowings|2049-04-101-0-00|Repayment of Borrowings|C|Data|Object-Head|12794.41||||100.0
209|01|29|2049|Interest Payments|04|Interest on Loans for State / Union Territory Plan Schemes|101|Interest on Loans for State / Union Territory Plan Schemes|0||00|Interest on Loans for State / Union Territory Plan Schemes|241|Interest Payments|2049-04-101-0-00|Interest Payments|C|Data|Object-Head||9801.00|9801.00|7611.00|100.0
209|01|29|2049|Interest Payments|04|Interest on Loans for State / Union Territory Plan Schemes|101|Interest on Loans for State / Union Territory Plan Schemes|0||00|Interest on Loans for State / Union Territory Plan Schemes|||2049-04-101-0-00|HOA Total :|C|Total|Detailed-Head|12794.41|9801.00|9801.00|7611.00|100.0
209|01|29|2049|Interest Payments|04|Interest on Loans for State / Union Territory Plan Schemes|101|Interest on Loans for State / Union Territory Plan Schemes|0||02|Back to Back External Loans|||2049-04-101-0-02|Back to Back External Loans|C|Header|Detailed-Head|||||100.0
209|01|29|2049|Interest Payments|04|Interest on Loans for State / Union Territory Plan Schemes|101|Interest on Loans for State / Union Territory Plan Schemes|0||02|Back to Back External Loans|240|Repayment of Borrowings|2049-04-101-0-02|Repayment of Borrowings|C|Data|Object-Head|77790.86||||100.0
209|01|29|2049|Interest Payments|04|Interest on Loans for State / Union Territory Plan Schemes|101|Interest on Loans for State / Union Territory Plan Schemes|0||02|Back to Back External Loans|241|Interest Payments|2049-04-101-0-02|Interest Payments|C|Data|Object-Head|1177.28|76100.00|76100.00|81500.00|100.0
209|01|29|2049|Interest Payments|04|Interest on Loans for State / Union Territory Plan Schemes|101|Interest on Loans for State / Union Territory Plan Schemes|0||02|Back to Back External Loans|242|Commitment Charges|2049-04-101-0-02|Commitment Charges|C|Data|Object-Head||||1000.00|100.0
209|01|29|2049|Interest Payments|04|Interest on Loans for State / Union Territory Plan Schemes|101|Interest on Loans for State / Union Territory Plan Schemes|0||02|Back to Back External Loans|||2049-04-101-0-02|HOA Total :|C|Total|Detailed-Head|78968.14|76100.00|76100.00|82500.00|100.0
209|01|29|2049|Interest Payments|04|Interest on Loans for State / Union Territory Plan Schemes|104|Interest on Loans for Non-Plan Schemes|0||00|Interest on Loans for Non-Plan Schemes|||2049-04-104-0-00|Interest on Loans for Non-Plan Schemes|C|Header|Detailed-Head|||||100.0
209|01|29|2049|Interest Payments|04|Interest on Loans for State / Union Territory Plan Schemes|104|Interest on Loans for Non-Plan Schemes|0||00|Interest on Loans for Non-Plan Schemes|240|Repayment of Borrowings|2049-04-104-0-00|Repayment of Borrowings|C|Data|Object-Head|167.05||||100.0
209|01|29|2049|Interest Payments|04|Interest on Loans for State / Union Territory Plan Schemes|104|Interest on Loans for Non-Plan Schemes|0||00|Interest on Loans for Non-Plan Schemes|241|Interest Payments|2049-04-104-0-00|Interest Payments|C|Data|Object-Head||109.50|109.50|53.00|100.0
209|01|29|2049|Interest Payments|04|Interest on Loans for State / Union Territory Plan Schemes|104|Interest on Loans for Non-Plan Schemes|0||00|Interest on Loans for Non-Plan Schemes|||2049-04-104-0-00|HOA Total :|C|Total|Detailed-Head|167.05|109.50|109.50|53.00|100.0
210|01|29|2049|Interest Payments|04|Interest on Loans for State / Union Territory Plan Schemes|109|Interest on State Plan Loans consolidated in terms of recommendations of 12th Finance Commission|0||00|Interest on State Plan Loans consolidated in terms of recommendations of 12th Finance Commission|||2049-04-109-0-00|Interest on State Plan Loans consolidated in terms of recommendations of 12th Finance Commission|C|Header|Detailed-Head|||||100.0
210|01|29|2049|Interest Payments|04|Interest on Loans for State / Union Territory Plan Schemes|109|Interest on State Plan Loans consolidated in terms of recommendations of 12th Finance Commission|0||00|Interest on State Plan Loans consolidated in terms of recommendations of 12th Finance Commission|240|Repayment of Borrowings|2049-04-109-0-00|Repayment of Borrowings|C|Data|Object-Head|162.40||||100.0
210|01|29|2049|Interest Payments|04|Interest on Loans for State / Union Territory Plan Schemes|109|Interest on State Plan Loans consolidated in terms of recommendations of 12th Finance Commission|0||00|Interest on State Plan Loans consolidated in terms of recommendations of 12th Finance Commission|||2049-04-109-0-00|HOA Total :|C|Total|Detailed-Head|162.40|0.00|0.00|0.00|100.0
210|01|29|2049|Interest Payments|04|Interest on Loans for State / Union Territory Plan Schemes|110|Interest on Loans - House Building Advances to All India Services Officers|0||01|Interest on Loans - House Building Advances to All India Services Officers|||2049-04-110-0-01|Interest on Loans - House Building Advances to All India Services Officers|C|Header|Detailed-Head|||||100.0
210|01|29|2049|Interest Payments|04|Interest on Loans for State / Union Territory Plan Schemes|110|Interest on Loans - House Building Advances to All India Services Officers|0||01|Interest on Loans - House Building Advances to All India Services Officers|240|Repayment of Borrowings|2049-04-110-0-01|Repayment of Borrowings|C|Data|Object-Head|0.14||||100.0
210|01|29|2049|Interest Payments|04|Interest on Loans for State / Union Territory Plan Schemes|110|Interest on Loans - House Building Advances to All India Services Officers|0||01|Interest on Loans - House Building Advances to All India Services Officers|241|Interest Payments|2049-04-110-0-01|Interest Payments|C|Data|Object-Head||0.20|0.20|0.10|100.0
210|01|29|2049|Interest Payments|04|Interest on Loans for State / Union Territory Plan Schemes|110|Interest on Loans - House Building Advances to All India Services Officers|0||01|Interest on Loans - House Building Advances to All India Services Officers|||2049-04-110-0-01|HOA Total :|C|Total|Detailed-Head|0.14|0.20|0.20|0.10|100.0
210|01|29|2049|Interest Payments|04|Interest on Loans for State / Union Territory Plan Schemes|112|Interest on Loans for Externally Aided Projects|0||02|Interest on Loans for Externally Aided Projects|||2049-04-112-0-02|Interest on Loans for Externally Aided Projects|C|Header|Detailed-Head|||||100.0
210|01|29|2049|Interest Payments|04|Interest on Loans for State / Union Territory Plan Schemes|112|Interest on Loans for Externally Aided Projects|0||02|Interest on Loans for Externally Aided Projects|240|Repayment of Borrowings|2049-04-112-0-02|Repayment of Borrowings|C|Data|Object-Head|22.96||||100.0
210|01|29|2049|Interest Payments|04|Interest on Loans for State / Union Territory Plan Schemes|112|Interest on Loans for Externally Aided Projects|0||02|Interest on Loans for Externally Aided Projects|241|Interest Payments|2049-04-112-0-02|Interest Payments|C|Data|Object-Head||21.50|21.50|20.00|100.0
210|01|29|2049|Interest Payments|04|Interest on Loans for State / Union Territory Plan Schemes|112|Interest on Loans for Externally Aided Projects|0||02|Interest on Loans for Externally Aided Projects|||2049-04-112-0-02|HOA Total :|C|Total|Detailed-Head|22.96|21.50|21.50|20.00|100.0
210|01|29|2049|Interest Payments|04|Interest on Loans for State / Union Territory Plan Schemes|112|Interest on Loans for Externally Aided Projects|0||03|Interest on Loans for Externally Aided Projects - Back to Back Basis|||2049-04-112-0-03|Interest on Loans for Externally Aided Projects - Back to Back Basis|C|Header|Detailed-Head|||||100.0
210|01|29|2049|Interest Payments|04|Interest on Loans for State / Union Territory Plan Schemes|112|Interest on Loans for Externally Aided Projects|0||03|Interest on Loans for Externally Aided Projects - Back to Back Basis|241|Interest Payments|2049-04-112-0-03|Interest Payments|C|Data|Object-Head||9.00|9.00|5.00|100.0
210|01|29|2049|Interest Payments|04|Interest on Loans for State / Union Territory Plan Schemes|112|Interest on Loans for Externally Aided Projects|0||03|Interest on Loans for Externally Aided Projects - Back to Back Basis|||2049-04-112-0-03|HOA Total :|C|Total|Detailed-Head|0.00|9.00|9.00|5.00|100.0
210|01|29|2049|Interest Payments|05|Interest on Reserve Funds|101|Interest on Reserve Funds|1||04|Govt Silk Filatures, Santhemarahalli|||2049-05-101-1-04|Govt Silk Filatures, Santhemarahalli|C|Header|Detailed-Head|||||100.0
210|01|29|2049|Interest Payments|05|Interest on Reserve Funds|101|Interest on Reserve Funds|1||04|Govt Silk Filatures, Santhemarahalli|240|Repayment of Borrowings|2049-05-101-1-04|Repayment of Borrowings|C|Data|Object-Head|8.37||||100.0
210|01|29|2049|Interest Payments|05|Interest on Reserve Funds|101|Interest on Reserve Funds|1||04|Govt Silk Filatures, Santhemarahalli|241|Interest Payments|2049-05-101-1-04|Interest Payments|C|Data|Object-Head||20.00|20.00|20.00|100.0
210|01|29|2049|Interest Payments|05|Interest on Reserve Funds|101|Interest on Reserve Funds|1||04|Govt Silk Filatures, Santhemarahalli|||2049-05-101-1-04|HOA Total :|C|Total|Detailed-Head|8.37|20.00|20.00|20.00|100.0
211|01|29|2049|Interest Payments|05|Interest on Reserve Funds|105|Interest on SDRF Fund|0||01|Interest on SDRF Fund|||2049-05-105-0-01|Interest on SDRF Fund|C|Header|Detailed-Head|||||100.0
211|01|29|2049|Interest Payments|05|Interest on Reserve Funds|105|Interest on SDRF Fund|0||01|Interest on SDRF Fund|240|Repayment of Borrowings|2049-05-105-0-01|Repayment of Borrowings|C|Data|Object-Head|2015.35||||100.0
211|01|29|2049|Interest Payments|05|Interest on Reserve Funds|105|Interest on SDRF Fund|0||01|Interest on SDRF Fund|241|Interest Payments|2049-05-105-0-01|Interest Payments|C|Data|Object-Head||1.00|1.00|1.00|100.0
211|01|29|2049|Interest Payments|05|Interest on Reserve Funds|105|Interest on SDRF Fund|0||01|Interest on SDRF Fund|||2049-05-105-0-01|HOA Total :|C|Total|Detailed-Head|2015.35|1.00|1.00|1.00|100.0
211|01|29|2049|Interest Payments|05|Interest on Reserve Funds|105|Interest on SDRF Fund|0||02|Interest on CAMPA Fund|||2049-05-105-0-02|Interest on CAMPA Fund|C|Header|Detailed-Head|||||100.0
211|01|29|2049|Interest Payments|05|Interest on Reserve Funds|105|Interest on SDRF Fund|0||02|Interest on CAMPA Fund|240|Repayment of Borrowings|2049-05-105-0-02|Repayment of Borrowings|C|Data|Object-Head|2362.92||||100.0
211|01|29|2049|Interest Payments|05|Interest on Reserve Funds|105|Interest on SDRF Fund|0||02|Interest on CAMPA Fund|241|Interest Payments|2049-05-105-0-02|Interest Payments|C|Data|Object-Head||3407.00|3418.88|4345.00|100.0
211|01|29|2049|Interest Payments|05|Interest on Reserve Funds|105|Interest on SDRF Fund|0||02|Interest on CAMPA Fund|||2049-05-105-0-02|HOA Total :|C|Total|Detailed-Head|2362.92|3407.00|3418.88|4345.00|100.0
211|01|29|2049|Interest Payments|60|Other Interest Payments|101|Interest on Consumer Welfare Fund|1||01|Interest on Consumer Welfare Fund|||2049-60-101-1-01|Interest on Consumer Welfare Fund|C|Header|Detailed-Head|||||100.0
211|01|29|2049|Interest Payments|60|Other Interest Payments|101|Interest on Consumer Welfare Fund|1||01|Interest on Consumer Welfare Fund|241|Interest Payments|2049-60-101-1-01|Interest Payments|C|Data|Object-Head||1.00|1.00|1.00|100.0
211|01|29|2049|Interest Payments|60|Other Interest Payments|101|Interest on Consumer Welfare Fund|1||01|Interest on Consumer Welfare Fund|||2049-60-101-1-01|HOA Total :|C|Total|Detailed-Head|0.00|1.00|1.00|1.00|100.0
211|01|29|2049|Interest Payments|60|Other Interest Payments|701|Interest on Delayed Payments|0||01|Interest on Delayed Payments|||2049-60-701-0-01|Interest on Delayed Payments|C|Header|Detailed-Head|||||100.0
211|01|29|2049|Interest Payments|60|Other Interest Payments|701|Interest on Delayed Payments|0||01|Interest on Delayed Payments|240|Repayment of Borrowings|2049-60-701-0-01|Repayment of Borrowings|C|Data|Object-Head|302.48||||100.0
211|01|29|2049|Interest Payments|60|Other Interest Payments|701|Interest on Delayed Payments|0||01|Interest on Delayed Payments|241|Interest Payments|2049-60-701-0-01|Interest Payments|C|Data|Object-Head||5.00|5.00|13.00|100.0
211|01|29|2049|Interest Payments|60|Other Interest Payments|701|Interest on Delayed Payments|0||01|Interest on Delayed Payments|||2049-60-701-0-01|HOA Total :|C|Total|Detailed-Head|302.48|5.00|5.00|13.00|100.0
211|01|29|2049|Interest Payments|60|Other Interest Payments|701|Interest on Delayed Payments|0||02|Interest on delayed releases of FC Grants|||2049-60-701-0-02|Interest on delayed releases of FC Grants|C|Header|Detailed-Head|||||100.0
211|01|29|2049|Interest Payments|60|Other Interest Payments|701|Interest on Delayed Payments|0||02|Interest on delayed releases of FC Grants|241|Interest Payments|2049-60-701-0-02|Interest Payments|C|Data|Object-Head||100.00|100.00|100.00|100.0
211|01|29|2049|Interest Payments|60|Other Interest Payments|701|Interest on Delayed Payments|0||02|Interest on delayed releases of FC Grants|||2049-60-701-0-02|HOA Total :|C|Total|Detailed-Head|0.00|100.00|100.00|100.00|100.0
212|01|29|2049|Interest Payments|60|Other Interest Payments|701|Interest on Delayed Payments|5||01|Interest on delayed DCRG payment for employees under DWW Act|||2049-60-701-5-01|Interest on delayed DCRG payment for employees under DWW Act|C|Header|Detailed-Head|||||100.0
212|01|29|2049|Interest Payments|60|Other Interest Payments|701|Interest on Delayed Payments|5||01|Interest on delayed DCRG payment for employees under DWW Act|241|Interest Payments|2049-60-701-5-01|Interest Payments|C|Data|Object-Head||1.00|1.00|1.00|100.0
212|01|29|2049|Interest Payments|60|Other Interest Payments|701|Interest on Delayed Payments|5||01|Interest on delayed DCRG payment for employees under DWW Act|||2049-60-701-5-01|HOA Total :|C|Total|Detailed-Head|0.00|1.00|1.00|1.00|100.0
212|01|29|2049|Interest Payments|60|Other Interest Payments|||||||||2049|2049 - Total :|C|Total|Major-Head|3612153.14|4560024.20|4560024.23|5333153.24|
213|01|29|6003|Internal Debt of the State Government|00||||||||||6003|Internal Debt of the State Government||Header|Major-Head|||||
213|01|29|6003|Internal Debt of the State Government|00||101||2||36|14% KSDL 2005|||6003-00-101-2-36|14% KSDL 2005|C|Header|Detailed-Head|||||100.0
213|01|29|6003|Internal Debt of the State Government|00||101||2||36|14% KSDL 2005|240|Repayment of Borrowings|6003-00-101-2-36|Repayment of Borrowings|C|Data|Object-Head||0.50|0.50||100.0
213|01|29|6003|Internal Debt of the State Government|00||101||2||36|14% KSDL 2005|||6003-00-101-2-36|HOA Total :|C|Total|Detailed-Head|0.00|0.50|0.50|0.00|100.0
213|01|29|6003|Internal Debt of the State Government|00||101||2||42|13.05% KSDL 2007|||6003-00-101-2-42|13.05% KSDL 2007|C|Header|Detailed-Head|||||100.0
213|01|29|6003|Internal Debt of the State Government|00||101||2||42|13.05% KSDL 2007|240|Repayment of Borrowings|6003-00-101-2-42|Repayment of Borrowings|C|Data|Object-Head||0.50|0.50|0.50|100.0
213|01|29|6003|Internal Debt of the State Government|00||101||2||42|13.05% KSDL 2007|||6003-00-101-2-42|HOA Total :|C|Total|Detailed-Head|0.00|0.50|0.50|0.50|100.0
213|01|29|6003|Internal Debt of the State Government|00||101||2||49|11.50% KSDL 2010 (i) & (ii) (DOM 23.07.2010)|||6003-00-101-2-49|11.50% KSDL 2010 (i) & (ii) (DOM 23.07.2010)|C|Header|Detailed-Head|||||100.0
213|01|29|6003|Internal Debt of the State Government|00||101||2||49|11.50% KSDL 2010 (i) & (ii) (DOM 23.07.2010)|240|Repayment of Borrowings|6003-00-101-2-49|Repayment of Borrowings|C|Data|Object-Head||0.50|0.50|0.50|100.0
213|01|29|6003|Internal Debt of the State Government|00||101||2||49|11.50% KSDL 2010 (i) & (ii) (DOM 23.07.2010)|||6003-00-101-2-49|HOA Total :|C|Total|Detailed-Head|0.00|0.50|0.50|0.50|100.0
213|01|29|6003|Internal Debt of the State Government|00||101||2||67|11.50% KSDL 2008|||6003-00-101-2-67|11.50% KSDL 2008|C|Header|Detailed-Head|||||100.0
213|01|29|6003|Internal Debt of the State Government|00||101||2||67|11.50% KSDL 2008|240|Repayment of Borrowings|6003-00-101-2-67|Repayment of Borrowings|C|Data|Object-Head||0.50|0.50|0.50|100.0
213|01|29|6003|Internal Debt of the State Government|00||101||2||67|11.50% KSDL 2008|||6003-00-101-2-67|HOA Total :|C|Total|Detailed-Head|0.00|0.50|0.50|0.50|100.0
213|01|29|6003|Internal Debt of the State Government|00||101||2||68|12.50% KSDL 2008|||6003-00-101-2-68|12.50% KSDL 2008|C|Header|Detailed-Head|||||100.0
213|01|29|6003|Internal Debt of the State Government|00||101||2||68|12.50% KSDL 2008|240|Repayment of Borrowings|6003-00-101-2-68|Repayment of Borrowings|C|Data|Object-Head||0.50|0.50|0.50|100.0
213|01|29|6003|Internal Debt of the State Government|00||101||2||68|12.50% KSDL 2008|||6003-00-101-2-68|HOA Total :|C|Total|Detailed-Head|0.00|0.50|0.50|0.50|100.0
213|01|29|6003|Internal Debt of the State Government|00||101||2||80|7.77 % KSDL 2015 ( DOM 19-5-2015)|||6003-00-101-2-80|7.77 % KSDL 2015 ( DOM 19-5-2015)|C|Header|Detailed-Head|||||100.0
213|01|29|6003|Internal Debt of the State Government|00||101||2||80|7.77 % KSDL 2015 ( DOM 19-5-2015)|240|Repayment of Borrowings|6003-00-101-2-80|Repayment of Borrowings|C|Data|Object-Head||0.50|0.50|0.50|100.0
213|01|29|6003|Internal Debt of the State Government|00||101||2||80|7.77 % KSDL 2015 ( DOM 19-5-2015)|||6003-00-101-2-80|HOA Total :|C|Total|Detailed-Head|0.00|0.50|0.50|0.50|100.0
214|01|29|6003|Internal Debt of the State Government|00||101||3||16|2014-15 - 9.14% KSDL 2024(DOM:28-05-2024)|||6003-00-101-3-16|2014-15 - 9.14% KSDL 2024(DOM:28-05-2024)|C|Header|Detailed-Head|||||100.0
214|01|29|6003|Internal Debt of the State Government|00||101||3||16|2014-15 - 9.14% KSDL 2024(DOM:28-05-2024)|240|Repayment of Borrowings|6003-00-101-3-16|Repayment of Borrowings|C|Data|Object-Head|150000.00||||100.0
214|01|29|6003|Internal Debt of the State Government|00||101||3||16|2014-15 - 9.14% KSDL 2024(DOM:28-05-2024)|||6003-00-101-3-16|HOA Total :|C|Total|Detailed-Head|150000.00|0.00|0.00|0.00|100.0
214|01|29|6003|Internal Debt of the State Government|00||101||3||17|2014-15 - 9.01% KSDL 2024(DOM:25-06-2024)|||6003-00-101-3-17|2014-15 - 9.01% KSDL 2024(DOM:25-06-2024)|C|Header|Detailed-Head|||||100.0
214|01|29|6003|Internal Debt of the State Government|00||101||3||17|2014-15 - 9.01% KSDL 2024(DOM:25-06-2024)|240|Repayment of Borrowings|6003-00-101-3-17|Repayment of Borrowings|C|Data|Object-Head|100000.00||||100.0
214|01|29|6003|Internal Debt of the State Government|00||101||3||17|2014-15 - 9.01% KSDL 2024(DOM:25-06-2024)|||6003-00-101-3-17|HOA Total :|C|Total|Detailed-Head|100000.00|0.00|0.00|0.00|100.0
214|01|29|6003|Internal Debt of the State Government|00||101||3||18|2014-15 - 8.97% KSDL 2024(DOM:23-07-2024)|||6003-00-101-3-18|2014-15 - 8.97% KSDL 2024(DOM:23-07-2024)|C|Header|Detailed-Head|||||100.0
214|01|29|6003|Internal Debt of the State Government|00||101||3||18|2014-15 - 8.97% KSDL 2024(DOM:23-07-2024)|240|Repayment of Borrowings|6003-00-101-3-18|Repayment of Borrowings|C|Data|Object-Head|200000.00||||100.0
214|01|29|6003|Internal Debt of the State Government|00||101||3||18|2014-15 - 8.97% KSDL 2024(DOM:23-07-2024)|||6003-00-101-3-18|HOA Total :|C|Total|Detailed-Head|200000.00|0.00|0.00|0.00|100.0
214|01|29|6003|Internal Debt of the State Government|00||101||3||19|2014-15 - 9.04% KSDL 2024(DOM:10-09-2024)|||6003-00-101-3-19|2014-15 - 9.04% KSDL 2024(DOM:10-09-2024)|C|Header|Detailed-Head|||||100.0
214|01|29|6003|Internal Debt of the State Government|00||101||3||19|2014-15 - 9.04% KSDL 2024(DOM:10-09-2024)|240|Repayment of Borrowings|6003-00-101-3-19|Repayment of Borrowings|C|Data|Object-Head|200000.00||||100.0
214|01|29|6003|Internal Debt of the State Government|00||101||3||19|2014-15 - 9.04% KSDL 2024(DOM:10-09-2024)|||6003-00-101-3-19|HOA Total :|C|Total|Detailed-Head|200000.00|0.00|0.00|0.00|100.0
214|01|29|6003|Internal Debt of the State Government|00||101||3||20|2014-15 - 8.73% KSDL 2024(DOM:29-10-2024)|||6003-00-101-3-20|2014-15 - 8.73% KSDL 2024(DOM:29-10-2024)|C|Header|Detailed-Head|||||100.0
214|01|29|6003|Internal Debt of the State Government|00||101||3||20|2014-15 - 8.73% KSDL 2024(DOM:29-10-2024)|240|Repayment of Borrowings|6003-00-101-3-20|Repayment of Borrowings|C|Data|Object-Head|200000.00||||100.0
214|01|29|6003|Internal Debt of the State Government|00||101||3||20|2014-15 - 8.73% KSDL 2024(DOM:29-10-2024)|||6003-00-101-3-20|HOA Total :|C|Total|Detailed-Head|200000.00|0.00|0.00|0.00|100.0
215|01|29|6003|Internal Debt of the State Government|00||101||3||21|2014-15 - 8.45% KSDL 2024(DOM:26-11-2024)|||6003-00-101-3-21|2014-15 - 8.45% KSDL 2024(DOM:26-11-2024)|C|Header|Detailed-Head|||||100.0
215|01|29|6003|Internal Debt of the State Government|00||101||3||21|2014-15 - 8.45% KSDL 2024(DOM:26-11-2024)|240|Repayment of Borrowings|6003-00-101-3-21|Repayment of Borrowings|C|Data|Object-Head|250000.00||||100.0
215|01|29|6003|Internal Debt of the State Government|00||101||3||21|2014-15 - 8.45% KSDL 2024(DOM:26-11-2024)|||6003-00-101-3-21|HOA Total :|C|Total|Detailed-Head|250000.00|0.00|0.00|0.00|100.0
215|01|29|6003|Internal Debt of the State Government|00||101||3||22|2014-15 - 8.24% KSDL 2024(DOM:24-12-2024)|||6003-00-101-3-22|2014-15 - 8.24% KSDL 2024(DOM:24-12-2024)|C|Header|Detailed-Head|||||100.0
215|01|29|6003|Internal Debt of the State Government|00||101||3||22|2014-15 - 8.24% KSDL 2024(DOM:24-12-2024)|240|Repayment of Borrowings|6003-00-101-3-22|Repayment of Borrowings|C|Data|Object-Head|250000.00||||100.0
215|01|29|6003|Internal Debt of the State Government|00||101||3||22|2014-15 - 8.24% KSDL 2024(DOM:24-12-2024)|||6003-00-101-3-22|HOA Total :|C|Total|Detailed-Head|250000.00|0.00|0.00|0.00|100.0
215|01|29|6003|Internal Debt of the State Government|00||101||3||23|2014-15 - 8.06% KSDL 2025(DOM:28-01-2025)|||6003-00-101-3-23|2014-15 - 8.06% KSDL 2025(DOM:28-01-2025)|C|Header|Detailed-Head|||||100.0
215|01|29|6003|Internal Debt of the State Government|00||101||3||23|2014-15 - 8.06% KSDL 2025(DOM:28-01-2025)|240|Repayment of Borrowings|6003-00-101-3-23|Repayment of Borrowings|C|Data|Object-Head|100000.00||||100.0
215|01|29|6003|Internal Debt of the State Government|00||101||3||23|2014-15 - 8.06% KSDL 2025(DOM:28-01-2025)|||6003-00-101-3-23|HOA Total :|C|Total|Detailed-Head|100000.00|0.00|0.00|0.00|100.0
215|01|29|6003|Internal Debt of the State Government|00||101||3||24|2014-15 - 8.06% KSDL 2025(DOM:11-02-2025)|||6003-00-101-3-24|2014-15 - 8.06% KSDL 2025(DOM:11-02-2025)|C|Header|Detailed-Head|||||100.0
215|01|29|6003|Internal Debt of the State Government|00||101||3||24|2014-15 - 8.06% KSDL 2025(DOM:11-02-2025)|240|Repayment of Borrowings|6003-00-101-3-24|Repayment of Borrowings|C|Data|Object-Head|150000.00||||100.0
215|01|29|6003|Internal Debt of the State Government|00||101||3||24|2014-15 - 8.06% KSDL 2025(DOM:11-02-2025)|||6003-00-101-3-24|HOA Total :|C|Total|Detailed-Head|150000.00|0.00|0.00|0.00|100.0
215|01|29|6003|Internal Debt of the State Government|00||101||3||25|2014-15 - 8.05% KSDL 2025(DOM:25-02-2025)|||6003-00-101-3-25|2014-15 - 8.05% KSDL 2025(DOM:25-02-2025)|C|Header|Detailed-Head|||||100.0
215|01|29|6003|Internal Debt of the State Government|00||101||3||25|2014-15 - 8.05% KSDL 2025(DOM:25-02-2025)|240|Repayment of Borrowings|6003-00-101-3-25|Repayment of Borrowings|C|Data|Object-Head|150000.00||||100.0
215|01|29|6003|Internal Debt of the State Government|00||101||3||25|2014-15 - 8.05% KSDL 2025(DOM:25-02-2025)|||6003-00-101-3-25|HOA Total :|C|Total|Detailed-Head|150000.00|0.00|0.00|0.00|100.0
216|01|29|6003|Internal Debt of the State Government|00||101|Market Loans|3||26|2014-15 - 8.08% KSDL 2025(DOM:11-03-2025)|||6003-00-101-3-26|2014-15 - 8.08% KSDL 2025(DOM:11-03-2025)|C|Header|Detailed-Head|||||100.0
216|01|29|6003|Internal Debt of the State Government|00||101|Market Loans|3||26|2014-15 - 8.08% KSDL 2025(DOM:11-03-2025)|240|Repayment of Borrowings|6003-00-101-3-26|Repayment of Borrowings|C|Data|Object-Head|100000.00||||100.0
216|01|29|6003|Internal Debt of the State Government|00||101|Market Loans|3||26|2014-15 - 8.08% KSDL 2025(DOM:11-03-2025)|||6003-00-101-3-26|HOA Total :|C|Total|Detailed-Head|100000.00|0.00|0.00|0.00|100.0
216|01|29|6003|Internal Debt of the State Government|00||101|Market Loans|3||27|2015-16 - 7.98% KSDL 2025(DOM:14-10-2025)|||6003-00-101-3-27|2015-16 - 7.98% KSDL 2025(DOM:14-10-2025)|C|Header|Detailed-Head|||||100.0
216|01|29|6003|Internal Debt of the State Government|00||101|Market Loans|3||27|2015-16 - 7.98% KSDL 2025(DOM:14-10-2025)|240|Repayment of Borrowings|6003-00-101-3-27|Repayment of Borrowings|C|Data|Object-Head||200000.00|200000.00||100.0
216|01|29|6003|Internal Debt of the State Government|00||101|Market Loans|3||27|2015-16 - 7.98% KSDL 2025(DOM:14-10-2025)|||6003-00-101-3-27|HOA Total :|C|Total|Detailed-Head|0.00|200000.00|200000.00|0.00|100.0
216|01|29|6003|Internal Debt of the State Government|00||101|Market Loans|3||28|2015-16 - 7.99% KSDL 2025(DOM:28-10-2025)|||6003-00-101-3-28|2015-16 - 7.99% KSDL 2025(DOM:28-10-2025)|C|Header|Detailed-Head|||||100.0
216|01|29|6003|Internal Debt of the State Government|00||101|Market Loans|3||28|2015-16 - 7.99% KSDL 2025(DOM:28-10-2025)|240|Repayment of Borrowings|6003-00-101-3-28|Repayment of Borrowings|C|Data|Object-Head||100000.00|100000.00||100.0
216|01|29|6003|Internal Debt of the State Government|00||101|Market Loans|3||28|2015-16 - 7.99% KSDL 2025(DOM:28-10-2025)|||6003-00-101-3-28|HOA Total :|C|Total|Detailed-Head|0.00|100000.00|100000.00|0.00|100.0
216|01|29|6003|Internal Debt of the State Government|00||101|Market Loans|3||29|2018-19 - 8.59% KSDL 2025(DOM:06-11-2025)|||6003-00-101-3-29|2018-19 - 8.59% KSDL 2025(DOM:06-11-2025)|C|Header|Detailed-Head|||||100.0
216|01|29|6003|Internal Debt of the State Government|00||101|Market Loans|3||29|2018-19 - 8.59% KSDL 2025(DOM:06-11-2025)|240|Repayment of Borrowings|6003-00-101-3-29|Repayment of Borrowings|C|Data|Object-Head||200000.00|200000.00||100.0
216|01|29|6003|Internal Debt of the State Government|00||101|Market Loans|3||29|2018-19 - 8.59% KSDL 2025(DOM:06-11-2025)|||6003-00-101-3-29|HOA Total :|C|Total|Detailed-Head|0.00|200000.00|200000.00|0.00|100.0
216|01|29|6003|Internal Debt of the State Government|00||101|Market Loans|3||30|2015-16 - 8.14% KSDL 2025(DOM:13-11-2025)|||6003-00-101-3-30|2015-16 - 8.14% KSDL 2025(DOM:13-11-2025)|C|Header|Detailed-Head|||||100.0
216|01|29|6003|Internal Debt of the State Government|00||101|Market Loans|3||30|2015-16 - 8.14% KSDL 2025(DOM:13-11-2025)|240|Repayment of Borrowings|6003-00-101-3-30|Repayment of Borrowings|C|Data|Object-Head||200000.00|200000.00||100.0
216|01|29|6003|Internal Debt of the State Government|00||101|Market Loans|3||30|2015-16 - 8.14% KSDL 2025(DOM:13-11-2025)|||6003-00-101-3-30|HOA Total :|C|Total|Detailed-Head|0.00|200000.00|200000.00|0.00|100.0
217|01|29|6003|Internal Debt of the State Government|00||101|Market Loans|3||31|2015-16 - 8.16% KSDL 2025(DOM:26-11-2025)|||6003-00-101-3-31|2015-16 - 8.16% KSDL 2025(DOM:26-11-2025)|C|Header|Detailed-Head|||||100.0
217|01|29|6003|Internal Debt of the State Government|00||101|Market Loans|3||31|2015-16 - 8.16% KSDL 2025(DOM:26-11-2025)|240|Repayment of Borrowings|6003-00-101-3-31|Repayment of Borrowings|C|Data|Object-Head||200000.00|200000.00||100.0
217|01|29|6003|Internal Debt of the State Government|00||101|Market Loans|3||31|2015-16 - 8.16% KSDL 2025(DOM:26-11-2025)|||6003-00-101-3-31|HOA Total :|C|Total|Detailed-Head|0.00|200000.00|200000.00|0.00|100.0
217|01|29|6003|Internal Debt of the State Government|00||101|Market Loans|3||32|2015-16 - 8.22% KSDL 2025(DOM:09-12-2025)|||6003-00-101-3-32|2015-16 - 8.22% KSDL 2025(DOM:09-12-2025)|C|Header|Detailed-Head|||||100.0
217|01|29|6003|Internal Debt of the State Government|00||101|Market Loans|3||32|2015-16 - 8.22% KSDL 2025(DOM:09-12-2025)|240|Repayment of Borrowings|6003-00-101-3-32|Repayment of Borrowings|C|Data|Object-Head||218750.00|218750.00||100.0
217|01|29|6003|Internal Debt of the State Government|00||101|Market Loans|3||32|2015-16 - 8.22% KSDL 2025(DOM:09-12-2025)|||6003-00-101-3-32|HOA Total :|C|Total|Detailed-Head|0.00|218750.00|218750.00|0.00|100.0
217|01|29|6003|Internal Debt of the State Government|00||101|Market Loans|3||33|2015-16 - 8.27% KSDL 2025(DOM:23-12-2025)|||6003-00-101-3-33|2015-16 - 8.27% KSDL 2025(DOM:23-12-2025)|C|Header|Detailed-Head|||||100.0
217|01|29|6003|Internal Debt of the State Government|00||101|Market Loans|3||33|2015-16 - 8.27% KSDL 2025(DOM:23-12-2025)|240|Repayment of Borrowings|6003-00-101-3-33|Repayment of Borrowings|C|Data|Object-Head||200000.00|200000.00||100.0
217|01|29|6003|Internal Debt of the State Government|00||101|Market Loans|3||33|2015-16 - 8.27% KSDL 2025(DOM:23-12-2025)|||6003-00-101-3-33|HOA Total :|C|Total|Detailed-Head|0.00|200000.00|200000.00|0.00|100.0
217|01|29|6003|Internal Debt of the State Government|00||101|Market Loans|3||34|2015-16 - 8.27% KSDL 2026(DOM:13-01-2026)|||6003-00-101-3-34|2015-16 - 8.27% KSDL 2026(DOM:13-01-2026)|C|Header|Detailed-Head|||||100.0
217|01|29|6003|Internal Debt of the State Government|00||101|Market Loans|3||34|2015-16 - 8.27% KSDL 2026(DOM:13-01-2026)|240|Repayment of Borrowings|6003-00-101-3-34|Repayment of Borrowings|C|Data|Object-Head||150000.00|150000.00||100.0
217|01|29|6003|Internal Debt of the State Government|00||101|Market Loans|3||34|2015-16 - 8.27% KSDL 2026(DOM:13-01-2026)|||6003-00-101-3-34|HOA Total :|C|Total|Detailed-Head|0.00|150000.00|150000.00|0.00|100.0
217|01|29|6003|Internal Debt of the State Government|00||101|Market Loans|3||35|2015-16 - 8.38% KSDL 2026(DOM:27-01-2026)|||6003-00-101-3-35|2015-16 - 8.38% KSDL 2026(DOM:27-01-2026)|C|Header|Detailed-Head|||||100.0
217|01|29|6003|Internal Debt of the State Government|00||101|Market Loans|3||35|2015-16 - 8.38% KSDL 2026(DOM:27-01-2026)|240|Repayment of Borrowings|6003-00-101-3-35|Repayment of Borrowings|C|Data|Object-Head||150000.00|150000.00||100.0
217|01|29|6003|Internal Debt of the State Government|00||101|Market Loans|3||35|2015-16 - 8.38% KSDL 2026(DOM:27-01-2026)|||6003-00-101-3-35|HOA Total :|C|Total|Detailed-Head|0.00|150000.00|150000.00|0.00|100.0
218|01|29|6003|Internal Debt of the State Government|00||101|Market Loans|3||36|2015-16 - 8.67% KSDL 2026(DOM:24-02-2026)|||6003-00-101-3-36|2015-16 - 8.67% KSDL 2026(DOM:24-02-2026)|C|Header|Detailed-Head|||||100.0
218|01|29|6003|Internal Debt of the State Government|00||101|Market Loans|3||36|2015-16 - 8.67% KSDL 2026(DOM:24-02-2026)|240|Repayment of Borrowings|6003-00-101-3-36|Repayment of Borrowings|C|Data|Object-Head||200000.00|200000.00||100.0
218|01|29|6003|Internal Debt of the State Government|00||101|Market Loans|3||36|2015-16 - 8.67% KSDL 2026(DOM:24-02-2026)|||6003-00-101-3-36|HOA Total :|C|Total|Detailed-Head|0.00|200000.00|200000.00|0.00|100.0
218|01|29|6003|Internal Debt of the State Government|00||101|Market Loans|3||37|2018-19 - 8.28% KSDL 2026(DOM:06-03-2026)|||6003-00-101-3-37|2018-19 - 8.28% KSDL 2026(DOM:06-03-2026)|C|Header|Detailed-Head|||||100.0
218|01|29|6003|Internal Debt of the State Government|00||101|Market Loans|3||37|2018-19 - 8.28% KSDL 2026(DOM:06-03-2026)|240|Repayment of Borrowings|6003-00-101-3-37|Repayment of Borrowings|C|Data|Object-Head||200000.00|200000.00||100.0
218|01|29|6003|Internal Debt of the State Government|00||101|Market Loans|3||37|2018-19 - 8.28% KSDL 2026(DOM:06-03-2026)|||6003-00-101-3-37|HOA Total :|C|Total|Detailed-Head|0.00|200000.00|200000.00|0.00|100.0
218|01|29|6003|Internal Debt of the State Government|00||101|Market Loans|3||38|2016-17 - 7.14% KSDL 2026(DOM:13-10-2026)|||6003-00-101-3-38|2016-17 - 7.14% KSDL 2026(DOM:13-10-2026)|C|Header|Detailed-Head|||||100.0
218|01|29|6003|Internal Debt of the State Government|00||101|Market Loans|3||38|2016-17 - 7.14% KSDL 2026(DOM:13-10-2026)|240|Repayment of Borrowings|6003-00-101-3-38|Repayment of Borrowings|C|Data|Object-Head||||200000.00|100.0
218|01|29|6003|Internal Debt of the State Government|00||101|Market Loans|3||38|2016-17 - 7.14% KSDL 2026(DOM:13-10-2026)|||6003-00-101-3-38|HOA Total :|C|Total|Detailed-Head|0.00|0.00|0.00|200000.00|100.0
218|01|29|6003|Internal Debt of the State Government|00||101|Market Loans|3||39|2016-17 - 7.22% KSDL 2026(DOM:26-10-2026)|||6003-00-101-3-39|2016-17 - 7.22% KSDL 2026(DOM:26-10-2026)|C|Header|Detailed-Head|||||100.0
218|01|29|6003|Internal Debt of the State Government|00||101|Market Loans|3||39|2016-17 - 7.22% KSDL 2026(DOM:26-10-2026)|240|Repayment of Borrowings|6003-00-101-3-39|Repayment of Borrowings|C|Data|Object-Head||||200000.00|100.0
218|01|29|6003|Internal Debt of the State Government|00||101|Market Loans|3||39|2016-17 - 7.22% KSDL 2026(DOM:26-10-2026)|||6003-00-101-3-39|HOA Total :|C|Total|Detailed-Head|0.00|0.00|0.00|200000.00|100.0
218|01|29|6003|Internal Debt of the State Government|00||101|Market Loans|3||40|2016-17 - 7.37% KSDL 2026(DOM:09-11-2026)|||6003-00-101-3-40|2016-17 - 7.37% KSDL 2026(DOM:09-11-2026)|C|Header|Detailed-Head|||||100.0
218|01|29|6003|Internal Debt of the State Government|00||101|Market Loans|3||40|2016-17 - 7.37% KSDL 2026(DOM:09-11-2026)|240|Repayment of Borrowings|6003-00-101-3-40|Repayment of Borrowings|C|Data|Object-Head||||200000.00|100.0
218|01|29|6003|Internal Debt of the State Government|00||101|Market Loans|3||40|2016-17 - 7.37% KSDL 2026(DOM:09-11-2026)|||6003-00-101-3-40|HOA Total :|C|Total|Detailed-Head|0.00|0.00|0.00|200000.00|100.0
219|01|29|6003|Internal Debt of the State Government|00||101|Market Loans|3||41|2016-17 - 6.83% KSDL 2026(DOM:23-11-2026)|||6003-00-101-3-41|2016-17 - 6.83% KSDL 2026(DOM:23-11-2026)|C|Header|Detailed-Head|||||100.0
219|01|29|6003|Internal Debt of the State Government|00||101|Market Loans|3||41|2016-17 - 6.83% KSDL 2026(DOM:23-11-2026)|240|Repayment of Borrowings|6003-00-101-3-41|Repayment of Borrowings|C|Data|Object-Head||||200000.00|100.0
219|01|29|6003|Internal Debt of the State Government|00||101|Market Loans|3||41|2016-17 - 6.83% KSDL 2026(DOM:23-11-2026)|||6003-00-101-3-41|HOA Total :|C|Total|Detailed-Head|0.00|0.00|0.00|200000.00|100.0
219|01|29|6003|Internal Debt of the State Government|00||101|Market Loans|3||42|2016-17 - 7.08% KSDL 2026(DOM:14-12-2026)|||6003-00-101-3-42|2016-17 - 7.08% KSDL 2026(DOM:14-12-2026)|C|Header|Detailed-Head|||||100.0
219|01|29|6003|Internal Debt of the State Government|00||101|Market Loans|3||42|2016-17 - 7.08% KSDL 2026(DOM:14-12-2026)|240|Repayment of Borrowings|6003-00-101-3-42|Repayment of Borrowings|C|Data|Object-Head||||350000.00|100.0
219|01|29|6003|Internal Debt of the State Government|00||101|Market Loans|3||42|2016-17 - 7.08% KSDL 2026(DOM:14-12-2026)|||6003-00-101-3-42|HOA Total :|C|Total|Detailed-Head|0.00|0.00|0.00|350000.00|100.0
219|01|29|6003|Internal Debt of the State Government|00||101|Market Loans|3||43|2016-17 - 7.27% KSDL 2026(DOM:28-12-2026)|||6003-00-101-3-43|2016-17 - 7.27% KSDL 2026(DOM:28-12-2026)|C|Header|Detailed-Head|||||100.0
219|01|29|6003|Internal Debt of the State Government|00||101|Market Loans|3||43|2016-17 - 7.27% KSDL 2026(DOM:28-12-2026)|240|Repayment of Borrowings|6003-00-101-3-43|Repayment of Borrowings|C|Data|Object-Head||||350000.00|100.0
219|01|29|6003|Internal Debt of the State Government|00||101|Market Loans|3||43|2016-17 - 7.27% KSDL 2026(DOM:28-12-2026)|||6003-00-101-3-43|HOA Total :|C|Total|Detailed-Head|0.00|0.00|0.00|350000.00|100.0
219|01|29|6003|Internal Debt of the State Government|00||101|Market Loans|3||44|2016-17 - 7.15% KSDL 2027(DOM:11-01-2027)|||6003-00-101-3-44|2016-17 - 7.15% KSDL 2027(DOM:11-01-2027)|C|Header|Detailed-Head|||||100.0
219|01|29|6003|Internal Debt of the State Government|00||101|Market Loans|3||44|2016-17 - 7.15% KSDL 2027(DOM:11-01-2027)|240|Repayment of Borrowings|6003-00-101-3-44|Repayment of Borrowings|C|Data|Object-Head||||200000.00|100.0
219|01|29|6003|Internal Debt of the State Government|00||101|Market Loans|3||44|2016-17 - 7.15% KSDL 2027(DOM:11-01-2027)|||6003-00-101-3-44|HOA Total :|C|Total|Detailed-Head|0.00|0.00|0.00|200000.00|100.0
219|01|29|6003|Internal Debt of the State Government|00||101|Market Loans|3||45|2016-17 - 7.20% KSDL 2027(DOM:25-01-2027)|||6003-00-101-3-45|2016-17 - 7.20% KSDL 2027(DOM:25-01-2027)|C|Header|Detailed-Head|||||100.0
219|01|29|6003|Internal Debt of the State Government|00||101|Market Loans|3||45|2016-17 - 7.20% KSDL 2027(DOM:25-01-2027)|240|Repayment of Borrowings|6003-00-101-3-45|Repayment of Borrowings|C|Data|Object-Head||||150000.00|100.0
219|01|29|6003|Internal Debt of the State Government|00||101|Market Loans|3||45|2016-17 - 7.20% KSDL 2027(DOM:25-01-2027)|||6003-00-101-3-45|HOA Total :|C|Total|Detailed-Head|0.00|0.00|0.00|150000.00|100.0
220|01|29|6003|Internal Debt of the State Government|00||101|Market Loans|3||46|2016-17 - 7.59% KSDL 2027(DOM:15-02-2027)|||6003-00-101-3-46|2016-17 - 7.59% KSDL 2027(DOM:15-02-2027)|C|Header|Detailed-Head|||||100.0
220|01|29|6003|Internal Debt of the State Government|00||101|Market Loans|3||46|2016-17 - 7.59% KSDL 2027(DOM:15-02-2027)|240|Repayment of Borrowings|6003-00-101-3-46|Repayment of Borrowings|C|Data|Object-Head||||200000.00|100.0
220|01|29|6003|Internal Debt of the State Government|00||101|Market Loans|3||46|2016-17 - 7.59% KSDL 2027(DOM:15-02-2027)|||6003-00-101-3-46|HOA Total :|C|Total|Detailed-Head|0.00|0.00|0.00|200000.00|100.0
220|01|29|6003|Internal Debt of the State Government|00||101|Market Loans|3||47|2016-17 - 7.75% KSDL 2027(DOM:01-03-2027)|||6003-00-101-3-47|2016-17 - 7.75% KSDL 2027(DOM:01-03-2027)|C|Header|Detailed-Head|||||100.0
220|01|29|6003|Internal Debt of the State Government|00||101|Market Loans|3||47|2016-17 - 7.75% KSDL 2027(DOM:01-03-2027)|240|Repayment of Borrowings|6003-00-101-3-47|Repayment of Borrowings|C|Data|Object-Head||||268600.00|100.0
220|01|29|6003|Internal Debt of the State Government|00||101|Market Loans|3||47|2016-17 - 7.75% KSDL 2027(DOM:01-03-2027)|||6003-00-101-3-47|HOA Total :|C|Total|Detailed-Head|0.00|0.00|0.00|268600.00|100.0
220|01|29|6003|Internal Debt of the State Government|00||101|Market Loans|3||48|2016-17 - 7.86% KSDL 2027(DOM:15-03-2027)|||6003-00-101-3-48|2016-17 - 7.86% KSDL 2027(DOM:15-03-2027)|C|Header|Detailed-Head|||||100.0
220|01|29|6003|Internal Debt of the State Government|00||101|Market Loans|3||48|2016-17 - 7.86% KSDL 2027(DOM:15-03-2027)|240|Repayment of Borrowings|6003-00-101-3-48|Repayment of Borrowings|C|Data|Object-Head||||268600.00|100.0
220|01|29|6003|Internal Debt of the State Government|00||101|Market Loans|3||48|2016-17 - 7.86% KSDL 2027(DOM:15-03-2027)|||6003-00-101-3-48|HOA Total :|C|Total|Detailed-Head|0.00|0.00|0.00|268600.00|100.0
220|01|29|6003|Internal Debt of the State Government|00||101|Market Loans|3||49|2016-17 - 7.59% KSDL 2027(DOM:29-03-2027)|||6003-00-101-3-49|2016-17 - 7.59% KSDL 2027(DOM:29-03-2027)|C|Header|Detailed-Head|||||100.0
220|01|29|6003|Internal Debt of the State Government|00||101|Market Loans|3||49|2016-17 - 7.59% KSDL 2027(DOM:29-03-2027)|240|Repayment of Borrowings|6003-00-101-3-49|Repayment of Borrowings|C|Data|Object-Head||||213500.00|100.0
220|01|29|6003|Internal Debt of the State Government|00||101|Market Loans|3||49|2016-17 - 7.59% KSDL 2027(DOM:29-03-2027)|||6003-00-101-3-49|HOA Total :|C|Total|Detailed-Head|0.00|0.00|0.00|213500.00|100.0
220|01|29|6003|Internal Debt of the State Government|00||101|Market Loans|4||27|2020-21 - 5.75% KSDL 2025(DOM:10-06-2025)|||6003-00-101-4-27|2020-21 - 5.75% KSDL 2025(DOM:10-06-2025)|C|Header|Detailed-Head|||||100.0
220|01|29|6003|Internal Debt of the State Government|00||101|Market Loans|4||27|2020-21 - 5.75% KSDL 2025(DOM:10-06-2025)|240|Repayment of Borrowings|6003-00-101-4-27|Repayment of Borrowings|C|Data|Object-Head||100000.00|100000.00||100.0
220|01|29|6003|Internal Debt of the State Government|00||101|Market Loans|4||27|2020-21 - 5.75% KSDL 2025(DOM:10-06-2025)|||6003-00-101-4-27|HOA Total :|C|Total|Detailed-Head|0.00|100000.00|100000.00|0.00|100.0
221|01|29|6003|Internal Debt of the State Government|00||101|Market Loans|4||28|2020-21 - 5.70% KSDL 2026(DOM:15-07-2026)|||6003-00-101-4-28|2020-21 - 5.70% KSDL 2026(DOM:15-07-2026)|C|Header|Detailed-Head|||||100.0
221|01|29|6003|Internal Debt of the State Government|00||101|Market Loans|4||28|2020-21 - 5.70% KSDL 2026(DOM:15-07-2026)|240|Repayment of Borrowings|6003-00-101-4-28|Repayment of Borrowings|C|Data|Object-Head||||100000.00|100.0
221|01|29|6003|Internal Debt of the State Government|00||101|Market Loans|4||28|2020-21 - 5.70% KSDL 2026(DOM:15-07-2026)|||6003-00-101-4-28|HOA Total :|C|Total|Detailed-Head|0.00|0.00|0.00|100000.00|100.0
221|01|29|6003|Internal Debt of the State Government|00||101|Market Loans|5||44|2022-23 - 7.26% KGS 2025(DOM:04-01-2025)|||6003-00-101-5-44|2022-23 - 7.26% KGS 2025(DOM:04-01-2025)|C|Header|Detailed-Head|||||100.0
221|01|29|6003|Internal Debt of the State Government|00||101|Market Loans|5||44|2022-23 - 7.26% KGS 2025(DOM:04-01-2025)|240|Repayment of Borrowings|6003-00-101-5-44|Repayment of Borrowings|C|Data|Object-Head|200000.00||||100.0
221|01|29|6003|Internal Debt of the State Government|00||101|Market Loans|5||44|2022-23 - 7.26% KGS 2025(DOM:04-01-2025)|||6003-00-101-5-44|HOA Total :|C|Total|Detailed-Head|200000.00|0.00|0.00|0.00|100.0
221|01|29|6003|Internal Debt of the State Government|00||103|Rural Housing Schems (LIC Loans)|1||01|Rural Housing Schems (LIC Loans)|||6003-00-103-1-01|Rural Housing Schems (LIC Loans)|C|Header|Detailed-Head|||||100.0
221|01|29|6003|Internal Debt of the State Government|00||103|Rural Housing Schems (LIC Loans)|1||01|Rural Housing Schems (LIC Loans)|240|Repayment of Borrowings|6003-00-103-1-01|Repayment of Borrowings|C|Data|Object-Head|2252.96|1702.00|1702.00|1280.00|100.0
221|01|29|6003|Internal Debt of the State Government|00||103|Rural Housing Schems (LIC Loans)|1||01|Rural Housing Schems (LIC Loans)|||6003-00-103-1-01|HOA Total :|C|Total|Detailed-Head|2252.96|1702.00|1702.00|1280.00|100.0
221|01|29|6003|Internal Debt of the State Government|00||104|Housing Scheme (GIC & Other Subsidiary Loans)|0||01|Housing Scheme (GIC & Other Subsidiary Loans)|||6003-00-104-0-01|Housing Scheme (GIC & Other Subsidiary Loans)|C|Header|Detailed-Head|||||100.0
221|01|29|6003|Internal Debt of the State Government|00||104|Housing Scheme (GIC & Other Subsidiary Loans)|0||01|Housing Scheme (GIC & Other Subsidiary Loans)|240|Repayment of Borrowings|6003-00-104-0-01|Repayment of Borrowings|C|Data|Object-Head|203.68|172.00|172.00|33.00|100.0
221|01|29|6003|Internal Debt of the State Government|00||104|Housing Scheme (GIC & Other Subsidiary Loans)|0||01|Housing Scheme (GIC & Other Subsidiary Loans)|||6003-00-104-0-01|HOA Total :|C|Total|Detailed-Head|203.68|172.00|172.00|33.00|100.0
221|01|29|6003|Internal Debt of the State Government|00||105|NABRAD Loans|5||01|NABRAD Loans|||6003-00-105-5-01|NABRAD Loans|C|Header|Detailed-Head|||||100.0
221|01|29|6003|Internal Debt of the State Government|00||105|NABRAD Loans|5||01|NABRAD Loans|240|Repayment of Borrowings|6003-00-105-5-01|Repayment of Borrowings|C|Data|Object-Head|118144.95|175000.00|175000.00|215000.00|100.0
221|01|29|6003|Internal Debt of the State Government|00||105|NABRAD Loans|5||01|NABRAD Loans|||6003-00-105-5-01|HOA Total :|C|Total|Detailed-Head|118144.95|175000.00|175000.00|215000.00|100.0
221|01|29|6003|Internal Debt of the State Government|00||110|Clean and Secured Ways & Means Advances|0||01|Clean and Secured Ways & Means Advances|||6003-00-110-0-01|Clean and Secured Ways & Means Advances|C|Header|Detailed-Head|||||100.0
221|01|29|6003|Internal Debt of the State Government|00||110|Clean and Secured Ways & Means Advances|0||01|Clean and Secured Ways & Means Advances|240|Repayment of Borrowings|6003-00-110-0-01|Repayment of Borrowings|C|Data|Object-Head||100000.00|100000.00|25000.00|100.0
221|01|29|6003|Internal Debt of the State Government|00||110|Clean and Secured Ways & Means Advances|0||01|Clean and Secured Ways & Means Advances|||6003-00-110-0-01|HOA Total :|C|Total|Detailed-Head|0.00|100000.00|100000.00|25000.00|100.0
222|01|29|6003|Internal Debt of the State Government|00||111|Small Savings Loans|0||01|Small Savings Loans|||6003-00-111-0-01|Small Savings Loans|C|Header|Detailed-Head|||||100.0
222|01|29|6003|Internal Debt of the State Government|00||111|Small Savings Loans|0||01|Small Savings Loans|240|Repayment of Borrowings|6003-00-111-0-01|Repayment of Borrowings|C|Data|Object-Head|162791.60|142863.00|142863.00|119585.00|100.0
222|01|29|6003|Internal Debt of the State Government|00||111|Small Savings Loans|0||01|Small Savings Loans|||6003-00-111-0-01|HOA Total :|C|Total|Detailed-Head|162791.60|142863.00|142863.00|119585.00|100.0
222|01|29|6003|Internal Debt of the State Government|00||||||||||6003|6003 - Total :|C|Total|Major-Head|2333393.19|2448490.00|2448490.00|3261600.50|
223|01|29|6004|Loans and Advances from the Central Government|||||||||||6004|Loans and Advances from the Central Government||Header|Major-Head|||||
223|01|29|6004|Loans and Advances from the Central Government|01||218|Modernisation of Police Force|0||01|Modernisation of Police Force|||6004-01-218-0-01|Modernisation of Police Force|C|Header|Detailed-Head|||||100.0
223|01|29|6004|Loans and Advances from the Central Government|01||218|Modernisation of Police Force|0||01|Modernisation of Police Force|240|Repayment of Borrowings|6004-01-218-0-01|Repayment of Borrowings|C|Data|Object-Head|481.31|469.00|469.00|304.00|100.0
223|01|29|6004|Loans and Advances from the Central Government|01||218|Modernisation of Police Force|0||01|Modernisation of Police Force|||6004-01-218-0-01|HOA Total :|C|Total|Detailed-Head|481.31|469.00|469.00|304.00|100.0
223|01|29|6004|Loans and Advances from the Central Government|02||101|Assistance for Externally Aided Projects|0||02|Assistance for Externally Aided Projects|||6004-02-101-0-02|Assistance for Externally Aided Projects|C|Header|Detailed-Head|||||100.0
223|01|29|6004|Loans and Advances from the Central Government|02||101|Assistance for Externally Aided Projects|0||02|Assistance for Externally Aided Projects|240|Repayment of Borrowings|6004-02-101-0-02|Repayment of Borrowings|C|Data|Object-Head|33265.35|24332.00|24332.00|20489.00|100.0
223|01|29|6004|Loans and Advances from the Central Government|02||101|Assistance for Externally Aided Projects|0||02|Assistance for Externally Aided Projects|||6004-02-101-0-02|HOA Total :|C|Total|Detailed-Head|33265.35|24332.00|24332.00|20489.00|100.0
223|01|29|6004|Loans and Advances from the Central Government|02||101|Assistance for Externally Aided Projects|0||03|Additional Plan Assistance(Back to Back External Loans)|||6004-02-101-0-03|Additional Plan Assistance(Back to Back External Loans)|C|Header|Detailed-Head|||||100.0
223|01|29|6004|Loans and Advances from the Central Government|02||101|Assistance for Externally Aided Projects|0||03|Additional Plan Assistance(Back to Back External Loans)|240|Repayment of Borrowings|6004-02-101-0-03|Repayment of Borrowings|C|Data|Object-Head|120178.17|174137.00|174137.00|249200.00|100.0
223|01|29|6004|Loans and Advances from the Central Government|02||101|Assistance for Externally Aided Projects|0||03|Additional Plan Assistance(Back to Back External Loans)|||6004-02-101-0-03|HOA Total :|C|Total|Detailed-Head|120178.17|174137.00|174137.00|249200.00|100.0
223|01|29|6004|Loans and Advances from the Central Government|02||105|State Plan Loans consolidated in Terms of Recommendation of XII Finance Commission|0||00|State Plan Loans consolidated in Terms of Recommendation of XII Finance Commission|||6004-02-105-0-00|State Plan Loans consolidated in Terms of Recommendation of XII Finance Commission|C|Header|Detailed-Head|||||100.0
223|01|29|6004|Loans and Advances from the Central Government|02||105|State Plan Loans consolidated in Terms of Recommendation of XII Finance Commission|0||00|State Plan Loans consolidated in Terms of Recommendation of XII Finance Commission|240|Repayment of Borrowings|6004-02-105-0-00|Repayment of Borrowings|C|Data|Object-Head|2165.36||||100.0
223|01|29|6004|Loans and Advances from the Central Government|02||105|State Plan Loans consolidated in Terms of Recommendation of XII Finance Commission|0||00|State Plan Loans consolidated in Terms of Recommendation of XII Finance Commission|||6004-02-105-0-00|HOA Total :|C|Total|Detailed-Head|2165.36|0.00|0.00|0.00|100.0
223|01|29|6004|Loans and Advances from the Central Government|08||201|House Building Advances to All India Services Officers|0||01|House Building Advances to All India Services Officers|||6004-08-201-0-01|House Building Advances to All India Services Officers|C|Header|Detailed-Head|||||100.0
223|01|29|6004|Loans and Advances from the Central Government|08||201|House Building Advances to All India Services Officers|0||01|House Building Advances to All India Services Officers|240|Repayment of Borrowings|6004-08-201-0-01|Repayment of Borrowings|C|Data|Object-Head|0.40|0.40|0.40|0.40|100.0
223|01|29|6004|Loans and Advances from the Central Government|08||201|House Building Advances to All India Services Officers|0||01|House Building Advances to All India Services Officers|||6004-08-201-0-01|HOA Total :|C|Total|Detailed-Head|0.40|0.40|0.40|0.40|100.0
223|01|29|6004|Loans and Advances from the Central Government|09||101|Loans for Externally Aided Projects|0||02|Loans for Externally Aided Projects|||6004-09-101-0-02|Loans for Externally Aided Projects|C|Header|Detailed-Head|||||100.0
223|01|29|6004|Loans and Advances from the Central Government|09||101|Loans for Externally Aided Projects|0||02|Loans for Externally Aided Projects|240|Repayment of Borrowings|6004-09-101-0-02|Repayment of Borrowings|C|Data|Object-Head|18.22|18.30|18.30|18.30|100.0
223|01|29|6004|Loans and Advances from the Central Government|09||101|Loans for Externally Aided Projects|0||02|Loans for Externally Aided Projects|||6004-09-101-0-02|HOA Total :|C|Total|Detailed-Head|18.22|18.30|18.30|18.30|100.0
223|01|29|6004|Loans and Advances from the Central Government|||||||||||6004|6004 - Total :|C|Total|Major-Head|156108.81|198956.70|198956.70|270011.70|
