Source_Page_Number|Volume_Number|Demand_Number|Major_Head_Code|Major_Head_Name|Sub_Major_Head_Code|Sub_Major_Head_Name|Minor_Head_Code|Minor_Head_Name|Sub_Head_Code|Sub_Head_Name|Detailed_Head_Code|Detailed_Head_Name|Object_Head_Code|Object_Head_Description|Full_Account_Code|Description|Vote_Charge_Marker|Row_Type|Row_Level|Financial_Col_1|Financial_Col_2|Financial_Col_3|Financial_Col_4|Avg_Accuracy_%
1|6|06|3051|Ports and Light Houses|02||||||||||3051|Ports and Light Houses||Header|Major-Head|||||
1|6|06|3051|Ports and Light Houses|02||001||0||50|Vacant Post Provision|||3051-02-001-0-50|Vacant Post Provision||Header|Detailed-Head|||||100.0
1|6|06|3051|Ports and Light Houses|02||001||0||50|Vacant Post Provision|014|Other Allowance|3051-02-001-0-50|Other Allowance||Data|Object-Head||523.45|523.45|642.45|100.0
1|6|06|3051|Ports and Light Houses|02||001||0||50|Vacant Post Provision||||3051-02-001-0-50|HOA Total :|Total|Detailed-Head|0.00|523.45|523.45|642.45|100.0
1|6|06|3051|Ports and Light Houses|02||102||0||08|Karnataka Maritime Board|||3051-02-102-0-08|Karnataka Maritime Board||Header|Detailed-Head|||||100.0
1|6|06|3051|Ports and Light Houses|02||102||0||08|Karnataka Maritime Board|101|Grants-in-Aid-Salaries|3051-02-102-0-08|Grants-in-Aid-Salaries||Data|Object-Head|1204.83|1336.76|1336.76|1365.57|100.0
1|6|06|3051|Ports and Light Houses|02||102||0||08|Karnataka Maritime Board|103|Grants-in-Aid -General|3051-02-102-0-08|Grants-in-Aid -General||Data|Object-Head|2794.44|2400.00|2400.00|500.00|100.0
1|6|06|3051|Ports and Light Houses|02||102||0||08|Karnataka Maritime Board|115|GIA Contract /Outsource|3051-02-102-0-08|GIA Contract /Outsource||Data|Object-Head|252.41|399.06|399.06|182.64|100.0
1|6|06|3051|Ports and Light Houses|02||102||0||08|Karnataka Maritime Board|118|Grants-in-Aid-Pensions|3051-02-102-0-08|Grants-in-Aid-Pensions||Data|Object-Head||28.56|28.56|32.89|100.0
1|6|06|3051|Ports and Light Houses|02||102||0||08|Karnataka Maritime Board||||3051-02-102-0-08|HOA Total :|Total|Detailed-Head|4251.68|4164.38|4164.38|2081.10|100.0
1|6|06|3051|Ports and Light Houses|02||797||0||02|Transfer of Receipts under Ports, Lighthouses & Shipping|||3051-02-797-0-02|Transfer of Receipts under Ports, Lighthouses & Shipping||Header|Detailed-Head|||||100.0
1|6|06|3051|Ports and Light Houses|02||797||0||02|Transfer of Receipts under Ports, Lighthouses & Shipping|261|Inter Account Transfers|3051-02-797-0-02|Inter Account Transfers||Data|Object-Head|2408.39|5355.00|5355.00||100.0
1|6|06|3051|Ports and Light Houses|02||797||0||02|Transfer of Receipts under Ports, Lighthouses & Shipping||||3051-02-797-0-02|HOA Total :|Total|Detailed-Head|2408.39|5355.00|5355.00|0.00|100.0
1|6|06|3051|Ports and Light Houses|02||902||0||03|Deduct amount met from Port Development Fund|||3051-02-902-0-03|Deduct amount met from Port Development Fund||Header|Detailed-Head|||||100.0
1|6|06|3051|Ports and Light Houses|02||902||0||03|Deduct amount met from Port Development Fund|261|Inter Account Transfers|3051-02-902-0-03|Inter Account Transfers||Data|Object-Head|-2794.45|-2400.00|-2400.00|-500.00|100.0
1|6|06|3051|Ports and Light Houses|02||902||0||03|Deduct amount met from Port Development Fund||||3051-02-902-0-03|HOA Total :|Total|Detailed-Head|-2794.45|-2400.00|-2400.00|-500.00|100.0
1|6|06|3051|Ports and Light Houses|02||||||||||3051|3051 - Total :||Total|Major-Head|3865.62|7642.83|7642.83|2223.55|
2|06|06|3451|Secretariat- Economic Services|00||||||||||3451|Secretariat- Economic Services||Header|Major-Head|||||
2|06|06|3451|Secretariat- Economic Services|00||090||1||06|PPP Developmental Activities|||3451-00-090-1-06|PPP Developmental Activities||Header|Detailed-Head|||||100.0
2|06|06|3451|Secretariat- Economic Services|00||090||1||06|PPP Developmental Activities|059|Other Expenses|3451-00-090-1-06|Other Expenses||Data|Object-Head|200.00|500.00|500.00|500.00|100.0
2|06|06|3451|Secretariat- Economic Services|00||090||1||06|PPP Developmental Activities||||3451-00-090-1-06|HOA Total :|Total|Detailed-Head|200.00|500.00|500.00|500.00|100.0
2|06|06|3451|Secretariat- Economic Services|00||090||1||11|Development of Minor Airports|||3451-00-090-1-11|Development of Minor Airports||Header|Detailed-Head|||||100.0
2|06|06|3451|Secretariat- Economic Services|00||090||1||11|Development of Minor Airports|071|Building Expenses|3451-00-090-1-11|Building Expenses||Data|Object-Head|488.00|500.00|500.00|500.00|100.0
2|06|06|3451|Secretariat- Economic Services|00||090||1||11|Development of Minor Airports||||3451-00-090-1-11|HOA Total :|Total|Detailed-Head|488.00|500.00|500.00|500.00|100.0
2|06|06|3451|Secretariat- Economic Services|00||090||1||18|Regional Air Connectivity|||3451-00-090-1-18|Regional Air Connectivity||Header|Detailed-Head|||||100.0
2|06|06|3451|Secretariat- Economic Services|00||090||1||18|Regional Air Connectivity|059|Other Expenses|3451-00-090-1-18|Other Expenses||Data|Object-Head|2499.62|4133.00|4133.00|3940.00|100.0
2|06|06|3451|Secretariat- Economic Services|00||090||1||18|Regional Air Connectivity||||3451-00-090-1-18|HOA Total :|Total|Detailed-Head|2499.62|4133.00|4133.00|3940.00|100.0
2|06|06|3451|Secretariat- Economic Services|00||||||||||3451|3451 - Total :||Total|Major-Head|3187.62|5133.00|5133.00|4940.00|
3|06|06|4711|Capital Outlay on Flood Control Projects|02||||||||||4711|Capital Outlay on Flood Control Projects||Header|Major-Head|||||
3|06|06|4711|Capital Outlay on Flood Control Projects|02||103||2||02|Sea Erosion Control Works|||4711-02-103-2-02|Sea Erosion Control Works||Header|Detailed-Head|||||100.0
3|06|06|4711|Capital Outlay on Flood Control Projects|02||103||2||02|Sea Erosion Control Works|132|Other Capital Expenses|4711-02-103-2-02|Other Capital Expenses||Data|Object-Head||||1500.00|100.0
3|06|06|4711|Capital Outlay on Flood Control Projects|02||103||2||02|Sea Erosion Control Works|139|Major Works|4711-02-103-2-02|Major Works||Data|Object-Head|2857.00|1500.00|1500.00||100.0
3|06|06|4711|Capital Outlay on Flood Control Projects|02||103||2||02|Sea Erosion Control Works||||4711-02-103-2-02|HOA Total :|Total|Detailed-Head|2857.00|1500.00|1500.00|1500.00|100.0
3|06|06|4711|Capital Outlay on Flood Control Projects|02||||||||||4711|4711 - Total :||Total|Major-Head|2857.00|1500.00|1500.00|1500.00|
4|6|06|5051|Capital Outlay on Ports & Light Houses|02||||||||||5051|Capital Outlay on Ports & Light Houses||Header|Major-Head|||||
4|6|06|5051|Capital Outlay on Ports & Light Houses|02||211||0||02|CSS-Central Share(CNA)- Sagarmala Project -Dredging Works and Break Water Works|||5051-02-211-0-02|CSS-Central Share(CNA)- Sagarmala Project -Dredging Works and Break Water Works||Header|Detailed-Head|||||100.0
4|6|06|5051|Capital Outlay on Ports & Light Houses|02||211||0||02|CSS-Central Share(CNA)- Sagarmala Project -Dredging Works and Break Water Works|132|Other Capital Expenses|5051-02-211-0-02|Other Capital Expenses||Data|Object-Head|500.79|3218.00|3218.00|3615.00|100.0
4|6|06|5051|Capital Outlay on Ports & Light Houses|02||211||0||02|CSS-Central Share(CNA)- Sagarmala Project -Dredging Works and Break Water Works|||5051-02-211-0-02|HOA Total :||Total|Detailed-Head|500.79|3218.00|3218.00|3615.00|100.0
4|6|06|5051|Capital Outlay on Ports & Light Houses|02||211||0||03|CSS-State Share (CNA)- Sagarmala Project -Dredging Works and Break Water Works|||5051-02-211-0-03|CSS-State Share (CNA)- Sagarmala Project -Dredging Works and Break Water Works||Header|Detailed-Head|||||100.0
4|6|06|5051|Capital Outlay on Ports & Light Houses|02||211||0||03|CSS-State Share (CNA)- Sagarmala Project -Dredging Works and Break Water Works|132|Other Capital Expenses|5051-02-211-0-03|Other Capital Expenses||Data|Object-Head|200.00|3218.00|2868.00|3615.00|100.0
4|6|06|5051|Capital Outlay on Ports & Light Houses|02||211||0||03|CSS-State Share (CNA)- Sagarmala Project -Dredging Works and Break Water Works|||5051-02-211-0-03|HOA Total :||Total|Detailed-Head|200.00|3218.00|2868.00|3615.00|100.0
4|6|06|5051|Capital Outlay on Ports & Light Houses|80||||||||||5051|Capital Outlay on Ports & Light Houses||Header|Sub-Major-Head|||||
4|6|06|5051|Capital Outlay on Ports & Light Houses|80||001||0||01|Capital Expenses of Karnataka Maritime Board|||5051-80-001-0-01|Capital Expenses of Karnataka Maritime Board||Header|Detailed-Head|||||100.0
4|6|06|5051|Capital Outlay on Ports & Light Houses|80||001||0||01|Capital Expenses of Karnataka Maritime Board|132|Other Capital Expenses|5051-80-001-0-01|Other Capital Expenses||Data|Object-Head|1343.56|1000.00|1000.00|1000.00|100.0
4|6|06|5051|Capital Outlay on Ports & Light Houses|80||001||0||01|Capital Expenses of Karnataka Maritime Board|||5051-80-001-0-01|HOA Total :||Total|Detailed-Head|1343.56|1000.00|1000.00|1000.00|100.0
4|6|06|5051|Capital Outlay on Ports & Light Houses|80||902||0||01|Deduct Amount met from Port Development Fund|||5051-80-902-0-01|Deduct Amount met from Port Development Fund||Header|Detailed-Head|||||100.0
4|6|06|5051|Capital Outlay on Ports & Light Houses|80||902||0||01|Deduct Amount met from Port Development Fund|261|Inter Account Transfers|5051-80-902-0-01|Inter Account Transfers||Data|Object-Head|-1343.56|-1000.00|-1000.00|-1000.00|100.0
4|6|06|5051|Capital Outlay on Ports & Light Houses|80||902||0||01|Deduct Amount met from Port Development Fund|||5051-80-902-0-01|HOA Total :||Total|Detailed-Head|-1343.56|-1000.00|-1000.00|-1000.00|100.0
4|6|06|5051|Capital Outlay on Ports & Light Houses|80||||||||||5051|5051 - Total :||Total|Major-Head|700.79|6436.00|6086.00|7230.00|
5|06|06|5465|Investments in General Financial and Trading Institutions|01||||||||||5465|Investments in General Financial and Trading Institutions|V|Header|Major-Head|||||
5|06|06|5465|Investments in General Financial and Trading Institutions|01||190||1||05|Development of Minor Air Ports|||5465-01-190-1-05|Development of Minor Air Ports|V|Header|Detailed-Head|||||100.0
5|06|06|5465|Investments in General Financial and Trading Institutions|01||190||1||05|Development of Minor Air Ports|132|Other Capital Expenses|5465-01-190-1-05|Other Capital Expenses|V|Data|Object-Head|14999.19|17600.00|17950.00|20000.00|100.0
5|06|06|5465|Investments in General Financial and Trading Institutions|01||190||1||05|Development of Minor Air Ports|||5465-01-190-1-05|HOA Total :|V|Total|Detailed-Head|14999.19|17600.00|17950.00|20000.00|100.0
5|06|06|5465|Investments in General Financial and Trading Institutions|01||190||3||04|Railway Over Bridge / Railway Under-bridge Projects|||5465-01-190-3-04|Railway Over Bridge / Railway Under-bridge Projects|V|Header|Detailed-Head|||||100.0
5|06|06|5465|Investments in General Financial and Trading Institutions|01||190||3||04|Railway Over Bridge / Railway Under-bridge Projects|211|Investment|5465-01-190-3-04|Investment|V|Data|Object-Head|1404.00|5000.00|5000.00|5000.00|100.0
5|06|06|5465|Investments in General Financial and Trading Institutions|01||190||3||04|Railway Over Bridge / Railway Under-bridge Projects|||5465-01-190-3-04|HOA Total :|V|Total|Detailed-Head|1404.00|5000.00|5000.00|5000.00|100.0
5|06|06|5465|Investments in General Financial and Trading Institutions|01||190||3||05|Cost Sharing Railway Projects|||5465-01-190-3-05|Cost Sharing Railway Projects|V|Header|Detailed-Head|||||100.0
5|06|06|5465|Investments in General Financial and Trading Institutions|01||190||3||05|Cost Sharing Railway Projects|132|Other Capital Expenses|5465-01-190-3-05|Other Capital Expenses|V|Data|Object-Head|27096.00|35000.00|35000.00|35000.00|100.0
5|06|06|5465|Investments in General Financial and Trading Institutions|01||190||3||05|Cost Sharing Railway Projects|145|Acquisition of Land|5465-01-190-3-05|Acquisition of Land|V|Data|Object-Head|34980.00|25000.00|25000.00|25000.00|100.0
5|06|06|5465|Investments in General Financial and Trading Institutions|01||190||3||05|Cost Sharing Railway Projects|||5465-01-190-3-05|HOA Total :|V|Total|Detailed-Head|62076.00|60000.00|60000.00|60000.00|100.0
5|06|06|5465|Investments in General Financial and Trading Institutions|01||902||0||00|Deduct -Amount met from Infrastructure Initiative Fund|||5465-01-902-0-00|Deduct -Amount met from Infrastructure Initiative Fund|V|Header|Detailed-Head|||||100.0
5|06|06|5465|Investments in General Financial and Trading Institutions|01||902||0||00|Deduct -Amount met from Infrastructure Initiative Fund|261|Inter Account Transfers|5465-01-902-0-00|Inter Account Transfers|V|Data|Object-Head|-25000.00||||100.0
5|06|06|5465|Investments in General Financial and Trading Institutions|01||902||0||00|Deduct -Amount met from Infrastructure Initiative Fund|||5465-01-902-0-00|HOA Total :|V|Total|Detailed-Head|-25000.00|0.00|0.00|0.00|100.0
5|06|06|5465|Investments in General Financial and Trading Institutions|01||||||||||5465|5465 - Total :|V|Total|Major-Head|53479.19|82600.00|82950.00|85000.00|
6|06|15|3425|Other Scientific Research|60||||||||||3425|Other Scientific Research|V|Header|Major-Head|||||
6|06|15|3425|Other Scientific Research|60||200||0||01|Assistance to Scientific Institutions|||3425-60-200-0-01|Assistance to Scientific Institutions|V|Header|Detailed-Head|||||100.0
6|06|15|3425|Other Scientific Research|60||200||0||01|Assistance to Scientific Institutions|059|Other Expenses|3425-60-200-0-01|Other Expenses|V|Data|Object-Head|3150.00|3480.00|3604.18|3045.00|100.0
6|06|15|3425|Other Scientific Research|60||200||0||01|Assistance to Scientific Institutions|422|Schedule Caste Sub Plan|3425-60-200-0-01|Schedule Caste Sub Plan|V|Data|Object-Head||360.00|||100.0
6|06|15|3425|Other Scientific Research|60||200||0||01|Assistance to Scientific Institutions|423|Tribal Sub Plan|3425-60-200-0-01|Tribal Sub Plan|V|Data|Object-Head||160.00|||100.0
6|06|15|3425|Other Scientific Research|60||200||0||01|Assistance to Scientific Institutions|||3425-60-200-0-01|HOA Total :|V|Total|Detailed-Head|3150.00|4000.00|3604.18|3045.00|100.0
6|06|15|3425|Other Scientific Research|60||200||0||16|Science & Technology Schemes|||3425-60-200-0-16|Science & Technology Schemes|V|Header|Detailed-Head|||||100.0
6|06|15|3425|Other Scientific Research|60||200||0||16|Science & Technology Schemes|059|Other Expenses|3425-60-200-0-16|Other Expenses|V|Data|Object-Head|860.00|595.95|595.95|522.00|100.0
6|06|15|3425|Other Scientific Research|60||200||0||16|Science & Technology Schemes|422|Schedule Caste Sub Plan|3425-60-200-0-16|Schedule Caste Sub Plan|V|Data|Object-Head|103.00|61.65|421.65|369.00|100.0
6|06|15|3425|Other Scientific Research|60||200||0||16|Science & Technology Schemes|423|Tribal Sub Plan|3425-60-200-0-16|Tribal Sub Plan|V|Data|Object-Head|49.00|27.40|187.40|164.00|100.0
6|06|15|3425|Other Scientific Research|60||200||0||16|Science & Technology Schemes|||3425-60-200-0-16|HOA Total :|V|Total|Detailed-Head|1012.00|685.00|1205.00|1055.00|100.0
6|06|15|3425|Other Scientific Research|60||200||0||19|Support to Nano Technology|||3425-60-200-0-19|Support to Nano Technology|V|Header|Detailed-Head|||||100.0
6|06|15|3425|Other Scientific Research|60||200||0||19|Support to Nano Technology|059|Other Expenses|3425-60-200-0-19|Other Expenses|V|Data|Object-Head|200.00|325.00|325.00|900.00|100.0
6|06|15|3425|Other Scientific Research|60||200||0||19|Support to Nano Technology|||3425-60-200-0-19|HOA Total :|V|Total|Detailed-Head|200.00|325.00|325.00|900.00|100.0
6|06|15|3425|Other Scientific Research|60||200||0||20|District Science Centres|||3425-60-200-0-20|District Science Centres|V|Header|Detailed-Head|||||100.0
6|06|15|3425|Other Scientific Research|60||200||0||20|District Science Centres|059|Other Expenses|3425-60-200-0-20|Other Expenses|V|Data|Object-Head|1237.00||||100.0
6|06|15|3425|Other Scientific Research|60||200||0||20|District Science Centres|101|Grants-in-Aid-Salaries|3425-60-200-0-20|Grants-in-Aid-Salaries|V|Data|Object-Head|171.52|226.67|226.67|238.41|100.0
6|06|15|3425|Other Scientific Research|60||200||0||20|District Science Centres|||3425-60-200-0-20|HOA Total :|V|Total|Detailed-Head|1408.52|226.67|226.67|238.41|100.0
6|06|15|3425|Other Scientific Research|60||600||0||02|Science & Technology Mission|||3425-60-600-0-02|Science & Technology Mission|V|Header|Detailed-Head|||||100.0
6|06|15|3425|Other Scientific Research|60||600||0||02|Science & Technology Mission|059|Other Expenses|3425-60-600-0-02|Other Expenses|V|Data|Object-Head|200.00|1.00|1.00|1600.00|100.0
6|06|15|3425|Other Scientific Research|60||600||0||02|Science & Technology Mission|||3425-60-600-0-02|HOA Total :|V|Total|Detailed-Head|200.00|1.00|1.00|1600.00|100.0
6|06|15|3425|Other Scientific Research|60||||||||||3425|3425 - Total :|V|Total|Major-Head|5970.52|5237.67|5361.85|6838.41|
7|6|15|3451|Secretariat- Economic Services|00||||||||||3451|Secretariat- Economic Services|V|Header|Major-Head|||||
7|6|15|3451|Secretariat- Economic Services|00||090||2||01|IT Policy|||3451-00-090-2-01|IT Policy|V|Header|Detailed-Head|||||100.0
7|6|15|3451|Secretariat- Economic Services|00||090||2||01|IT Policy|059|Other Expenses|3451-00-090-2-01|Other Expenses|V|Data|Object-Head|6921.05|11690.00|11690.00|10780.00|100.0
7|6|15|3451|Secretariat- Economic Services|00||090||2||01|IT Policy|422|Schedule Caste Sub Plan|3451-00-090-2-01|Schedule Caste Sub Plan|V|Data|Object-Head|169.29|1080.00|1080.00|1004.50|100.0
7|6|15|3451|Secretariat- Economic Services|00||090||2||01|IT Policy|423|Tribal Sub Plan|3451-00-090-2-01|Tribal Sub Plan|V|Data|Object-Head|9.66|480.00|480.00|465.50|100.0
7|6|15|3451|Secretariat- Economic Services|00||090||2||01|IT Policy|||3451-00-090-2-01|HOA Total :|V|Total|Detailed-Head|7100.00|13250.00|13250.00|12250.00|100.0
7|6|15|3451|Secretariat- Economic Services|00||090||2||05|International Institute for Information Technology|||3451-00-090-2-05|International Institute for Information Technology|V|Header|Detailed-Head|||||100.0
7|6|15|3451|Secretariat- Economic Services|00||090||2||05|International Institute for Information Technology|059|Other Expenses|3451-00-090-2-05|Other Expenses|V|Data|Object-Head|2500.00|2500.00|2500.00|2500.00|100.0
7|6|15|3451|Secretariat- Economic Services|00||090||2||05|International Institute for Information Technology|||3451-00-090-2-05|HOA Total :|V|Total|Detailed-Head|2500.00|2500.00|2500.00|2500.00|100.0
7|6|15|3451|Secretariat- Economic Services|00||090||2||21|IT & BT Directorate|||3451-00-090-2-21|IT & BT Directorate|V|Header|Detailed-Head|||||100.0
7|6|15|3451|Secretariat- Economic Services|00||090||2||21|IT & BT Directorate|002|Basic Pay|3451-00-090-2-21|Basic Pay|V|Data|Object-Head|111.09|175.00|175.00|177.00|100.0
7|6|15|3451|Secretariat- Economic Services|00||090||2||21|IT & BT Directorate|003|Basic Pay-Staff|3451-00-090-2-21|Basic Pay-Staff|V|Data|Object-Head|19.74||||100.0
7|6|15|3451|Secretariat- Economic Services|00||090||2||21|IT & BT Directorate|004|Interim Relief|3451-00-090-2-21|Interim Relief|V|Data|Object-Head|9.88||||100.0
7|6|15|3451|Secretariat- Economic Services|00||090||2||21|IT & BT Directorate|011|Dearness Allowance|3451-00-090-2-21|Dearness Allowance|V|Data|Object-Head|36.89|43.00|43.00|49.00|100.0
7|6|15|3451|Secretariat- Economic Services|00||090||2||21|IT & BT Directorate|014|Other Allowance|3451-00-090-2-21|Other Allowance|V|Data|Object-Head|33.00|39.00|39.00|38.00|100.0
7|6|15|3451|Secretariat- Economic Services|00||090||2||21|IT & BT Directorate|020|Medical Allowance|3451-00-090-2-21|Medical Allowance|V|Data|Object-Head|0.14||||100.0
7|6|15|3451|Secretariat- Economic Services|00||090||2||21|IT & BT Directorate|021|Reimbursement of Medical Expenses|3451-00-090-2-21|Reimbursement of Medical Expenses|V|Data|Object-Head||9.00|9.00|9.00|100.0
7|6|15|3451|Secretariat- Economic Services|00||090||2||21|IT & BT Directorate|041|Travel Expenses|3451-00-090-2-21|Travel Expenses|V|Data|Object-Head|0.61|2.00|2.00|1.00|100.0
7|6|15|3451|Secretariat- Economic Services|00||090||2||21|IT & BT Directorate|050|Office Expenses|3451-00-090-2-21|Office Expenses|V|Data|Object-Head||1.00|1.00|1.00|100.0
7|6|15|3451|Secretariat- Economic Services|00||090||2||21|IT & BT Directorate|051|General Expenses|3451-00-090-2-21|General Expenses|V|Data|Object-Head|1.51|5.00|5.00|4.00|100.0
7|6|15|3451|Secretariat- Economic Services|00||090||2||21|IT & BT Directorate|052|Telephone Charges|3451-00-090-2-21|Telephone Charges|V|Data|Object-Head|0.21||||100.0
7|6|15|3451|Secretariat- Economic Services|00||090||2||21|IT & BT Directorate|071|Building Expenses|3451-00-090-2-21|Building Expenses|V|Data|Object-Head|17.31|60.00|60.00|50.00|100.0
7|6|15|3451|Secretariat- Economic Services|00||090||2||21|IT & BT Directorate|177|IT Expenditure|3451-00-090-2-21|IT Expenditure|V|Data|Object-Head||10.00|10.00|1.00|100.0
7|6|15|3451|Secretariat- Economic Services|00||090||2||21|IT & BT Directorate|195|Transport Expenses|3451-00-090-2-21|Transport Expenses|V|Data|Object-Head|7.23|10.80|10.80|5.66|100.0
7|6|15|3451|Secretariat- Economic Services|00||090||2||21|IT & BT Directorate|200|Maintenance Expenditure|3451-00-090-2-21|Maintenance Expenditure|V|Data|Object-Head||3.00|3.00|1.00|100.0
7|6|15|3451|Secretariat- Economic Services|00||090||2||21|IT & BT Directorate|||3451-00-090-2-21|HOA Total :|V|Total|Detailed-Head|237.61|357.80|357.80|336.66|100.0
8|6|15|3451|Secretariat- Economic Services|00||090|Secretariat|2||24|Bio-Technology Policy|||3451-00-090-2-24|Bio-Technology Policy|V|Header|Detailed-Head|||||100.0
8|6|15|3451|Secretariat- Economic Services|00||090|Secretariat|2||24|Bio-Technology Policy|059|Other Expenses|3451-00-090-2-24|Other Expenses|V|Data|Object-Head|4720.00|8000.00|8000.00|8000.00|100.0
8|6|15|3451|Secretariat- Economic Services|00||090|Secretariat|2||24|Bio-Technology Policy|||3451-00-090-2-24|HOA Total :|V|Total|Detailed-Head|4720.00|8000.00|8000.00|8000.00|100.0
8|6|15|3451|Secretariat- Economic Services|00||090|Secretariat|2||31|Electronics System Design & Manufacturing Policy (ESDM)|||3451-00-090-2-31|Electronics System Design & Manufacturing Policy (ESDM)|V|Header|Detailed-Head|||||100.0
8|6|15|3451|Secretariat- Economic Services|00||090|Secretariat|2||31|Electronics System Design & Manufacturing Policy (ESDM)|059|Other Expenses|3451-00-090-2-31|Other Expenses|V|Data|Object-Head|44252.00|43000.00||52000.00|100.0
8|6|15|3451|Secretariat- Economic Services|00||090|Secretariat|2||31|Electronics System Design & Manufacturing Policy (ESDM)|||3451-00-090-2-31|HOA Total :|V|Total|Detailed-Head|44252.00|43000.00|0.00|52000.00|100.0
8|6|15|3451|Secretariat- Economic Services|00||090|Secretariat|2||36|Karnataka Innovation and Technology Society(KITS) Administration|||3451-00-090-2-36|Karnataka Innovation and Technology Society(KITS) Administration|V|Header|Detailed-Head|||||100.0
8|6|15|3451|Secretariat- Economic Services|00||090|Secretariat|2||36|Karnataka Innovation and Technology Society(KITS) Administration|101|Grants-in-Aid-Salaries|3451-00-090-2-36|Grants-in-Aid-Salaries|V|Data|Object-Head|100.00|1.00|1.00|1.00|100.0
8|6|15|3451|Secretariat- Economic Services|00||090|Secretariat|2||36|Karnataka Innovation and Technology Society(KITS) Administration|103|Grants-in-Aid -General|3451-00-090-2-36|Grants-in-Aid -General|V|Data|Object-Head|200.00|200.00|200.00|208.00|100.0
8|6|15|3451|Secretariat- Economic Services|00||090|Secretariat|2||36|Karnataka Innovation and Technology Society(KITS) Administration|115|GIA Contract /Outsource|3451-00-090-2-36|GIA Contract /Outsource|V|Data|Object-Head|300.00|288.96|288.96|315.75|100.0
8|6|15|3451|Secretariat- Economic Services|00||090|Secretariat|2||36|Karnataka Innovation and Technology Society(KITS) Administration|||3451-00-090-2-36|HOA Total :|V|Total|Detailed-Head|600.00|489.96|489.96|524.75|100.0
8|6|15|3451|Secretariat- Economic Services|00||090|Secretariat|2||37|Animation, Visual Effect, Gaming and Comic Policy|||3451-00-090-2-37|Animation, Visual Effect, Gaming and Comic Policy|V|Header|Detailed-Head|||||100.0
8|6|15|3451|Secretariat- Economic Services|00||090|Secretariat|2||37|Animation, Visual Effect, Gaming and Comic Policy|059|Other Expenses|3451-00-090-2-37|Other Expenses|V|Data|Object-Head|1751.00|2000.00|2000.00|2000.00|100.0
8|6|15|3451|Secretariat- Economic Services|00||090|Secretariat|2||37|Animation, Visual Effect, Gaming and Comic Policy|||3451-00-090-2-37|HOA Total :|V|Total|Detailed-Head|1751.00|2000.00|2000.00|2000.00|100.0
8|6|15|3451|Secretariat- Economic Services|00||090|Secretariat|2||38|Startup Policy|||3451-00-090-2-38|Startup Policy|V|Header|Detailed-Head|||||100.0
8|6|15|3451|Secretariat- Economic Services|00||090|Secretariat|2||38|Startup Policy|059|Other Expenses|3451-00-090-2-38|Other Expenses|V|Data|Object-Head|5977.00|29500.00|29500.00|20000.00|100.0
8|6|15|3451|Secretariat- Economic Services|00||090|Secretariat|2||38|Startup Policy|||3451-00-090-2-38|HOA Total :|V|Total|Detailed-Head|5977.00|29500.00|29500.00|20000.00|100.0
9|6|15|3451|Secretariat- Economic Services|00||090|Secretariat|2||43|Karnataka Digital Economy Mission (KDEM)|||3451-00-090-2-43|Karnataka Digital Economy Mission (KDEM)|V|Header|Detailed-Head|||||100.0
9|6|15|3451|Secretariat- Economic Services|00||090|Secretariat|2||43|Karnataka Digital Economy Mission (KDEM)|059|Other Expenses|3451-00-090-2-43|Other Expenses|V|Data|Object-Head||||1000.00|100.0
9|6|15|3451|Secretariat- Economic Services|00||090|Secretariat|2||43|Karnataka Digital Economy Mission (KDEM)|||3451-00-090-2-43|HOA Total :|V|Total|Detailed-Head|0.00|0.00|0.00|1000.00|100.0
9|6|15|3451|Secretariat- Economic Services|00||092||0||50|Vacant Post Provision|||3451-00-092-0-50|Vacant Post Provision|V|Header|Detailed-Head|||||100.0
9|6|15|3451|Secretariat- Economic Services|00||092||0||50|Vacant Post Provision|014|Other Allowance|3451-00-092-0-50|Other Allowance|V|Data|Object-Head||554.88|554.88|680.88|100.0
9|6|15|3451|Secretariat- Economic Services|00||092||0||50|Vacant Post Provision|||3451-00-092-0-50|HOA Total :|V|Total|Detailed-Head|0.00|554.88|554.88|680.88|100.0
9|6|15|3451|Secretariat- Economic Services|00||||||||||3451|3451 - Total :|V|Total|Major-Head|67137.61|99652.64|56652.64|99292.29|
10|6|15|4415|Capital Outlay on Agricultural Research and Education|||||||||||4415|Capital Outlay on Agricultural Research and Education|V|Header|Major-Head|||||
10|6|15|4415|Capital Outlay on Agricultural Research and Education|01||004||0||01|Bengaluru Bioinnovation Centre(NABARD Works)|||4415-01-004-0-01|Bengaluru Bioinnovation Centre(NABARD Works)|V|Header|Detailed-Head|||||100.0
10|6|15|4415|Capital Outlay on Agricultural Research and Education|01||004||0||01|Bengaluru Bioinnovation Centre(NABARD Works)|436|NABARD Works|4415-01-004-0-01|NABARD Works|V|Data|Object-Head|1000.00|2060.00|2060.00|1500.00|100.0
10|6|15|4415|Capital Outlay on Agricultural Research and Education|01||004||0||01|Bengaluru Bioinnovation Centre(NABARD Works)||||HOA Total :|V|Total|Detailed-Head|1000.00|2060.00|2060.00|1500.00|100.0
10|6|15|4415|Capital Outlay on Agricultural Research and Education|01||||||||||4415|4415 - Total :|V|Total|Major-Head|1000.00|2060.00|2060.00|1500.00|
11|06|15|5425|Capital Outlay on Other Scientific and Environmental Research|00||||||||||5425|Capital Outlay on Other Scientific and Environmental Research|V|Header|Major-Head|||||
11|06|15|5425|Capital Outlay on Other Scientific and Environmental Research|00||600||0||01|District Science Centres|||5425-00-600-0-01|District Science Centres|V|Header|Detailed-Head|||||100.0
11|06|15|5425|Capital Outlay on Other Scientific and Environmental Research|00||600||0||01|District Science Centres|132|Other Capital Expenses|5425-00-600-0-01|Other Capital Expenses|V|Data|Object-Head||900.00|900.00|500.00|100.0
11|06|15|5425|Capital Outlay on Other Scientific and Environmental Research|00||600||0||01|District Science Centres||||HOA Total :|V|Total|Detailed-Head|0.00|900.00|900.00|500.00|100.0
11|06|15|5425|Capital Outlay on Other Scientific and Environmental Research|00||600||0||02|Capital Works of IT and BT Department|||5425-00-600-0-02|Capital Works of IT and BT Department|V|Header|Detailed-Head|||||100.0
11|06|15|5425|Capital Outlay on Other Scientific and Environmental Research|00||600||0||02|Capital Works of IT and BT Department|145|Acquisition of Land|5425-00-600-0-02|Acquisition of Land|V|Data|Object-Head|||415.00||100.0
11|06|15|5425|Capital Outlay on Other Scientific and Environmental Research|00||600||0||02|Capital Works of IT and BT Department||||HOA Total :|V|Total|Detailed-Head|0.00|0.00|415.00|0.00|100.0
11|06|15|5425|Capital Outlay on Other Scientific and Environmental Research|00||||||||||5425|5425 - Total :|V|Total|Major-Head|0.00|900.00|1315.00|500.00|
12|06|18|2851|Village and Small Industries|00||||||||||2851|Village and Small Industries|V|Header|Major-Head|||||
12|06|18|2851|Village and Small Industries|00||001||0||06|Unspent SCSP-TSP Amount as per the SCSP-TSP Act 2013|||2851-00-001-0-06|Unspent SCSP-TSP Amount as per the SCSP-TSP Act 2013|V|Header|Detailed-Head|||||100.0
12|06|18|2851|Village and Small Industries|00||001||0||06|Unspent SCSP-TSP Amount as per the SCSP-TSP Act 2013|422|Schedule Caste Sub Plan|2851-00-001-0-06|Schedule Caste Sub Plan|V|Data|Object-Head||0.01|0.01||100.0
12|06|18|2851|Village and Small Industries|00||001||0||06|Unspent SCSP-TSP Amount as per the SCSP-TSP Act 2013||||HOA Total :|V|Total|Detailed-Head|0.00|0.01|0.01|0.00|100.0
12|06|18|2851|Village and Small Industries|00||001||0||50|Vacant Post Provision|||2851-00-001-0-50|Vacant Post Provision|V|Header|Detailed-Head|||||100.0
12|06|18|2851|Village and Small Industries|00||001||0||50|Vacant Post Provision|014|Other Allowance|2851-00-001-0-50|Other Allowance|V|Data|Object-Head||167.77|165.55|205.77|100.0
12|06|18|2851|Village and Small Industries|00||001||0||50|Vacant Post Provision||||HOA Total :|V|Total|Detailed-Head|0.00|167.77|165.55|205.77|100.0
12|06|18|2851|Village and Small Industries|00||103||0||01|Directorate of Handloom & Textiles|||2851-00-103-0-01|Directorate of Handloom & Textiles|V|Header|Detailed-Head|||||100.0
12|06|18|2851|Village and Small Industries|00||103||0||01|Directorate of Handloom & Textiles|002|Basic Pay|2851-00-103-0-01|Basic Pay|V|Data|Object-Head|192.28|337.00|485.97|433.00|100.0
12|06|18|2851|Village and Small Industries|00||103||0||01|Directorate of Handloom & Textiles|003|Basic Pay-Staff|2851-00-103-0-01|Basic Pay-Staff|V|Data|Object-Head|121.75||||100.0
12|06|18|2851|Village and Small Industries|00||103||0||01|Directorate of Handloom & Textiles|004|Interim Relief|2851-00-103-0-01|Interim Relief|V|Data|Object-Head|23.63||||100.0
12|06|18|2851|Village and Small Industries|00||103||0||01|Directorate of Handloom & Textiles|011|Dearness Allowance|2851-00-103-0-01|Dearness Allowance|V|Data|Object-Head|85.30|81.00|81.00|116.00|100.0
12|06|18|2851|Village and Small Industries|00||103||0||01|Directorate of Handloom & Textiles|014|Other Allowance|2851-00-103-0-01|Other Allowance|V|Data|Object-Head|72.38|74.00|101.88|85.00|100.0
12|06|18|2851|Village and Small Industries|00||103||0||01|Directorate of Handloom & Textiles|020|Medical Allowance|2851-00-103-0-01|Medical Allowance|V|Data|Object-Head|1.00||||100.0
12|06|18|2851|Village and Small Industries|00||103||0||01|Directorate of Handloom & Textiles|021|Reimbursement of Medical Expenses|2851-00-103-0-01|Reimbursement of Medical Expenses|V|Data|Object-Head|5.91|15.00|15.00|15.00|100.0
12|06|18|2851|Village and Small Industries|00||103||0||01|Directorate of Handloom & Textiles|034|Contract/Outsource|2851-00-103-0-01|Contract/Outsource|V|Data|Object-Head|76.67|85.40|85.40|88.15|100.0
12|06|18|2851|Village and Small Industries|00||103||0||01|Directorate of Handloom & Textiles|041|Travel Expenses|2851-00-103-0-01|Travel Expenses|V|Data|Object-Head|6.97|6.00|6.00|7.00|100.0
12|06|18|2851|Village and Small Industries|00||103||0||01|Directorate of Handloom & Textiles|050|Office Expenses|2851-00-103-0-01|Office Expenses|V|Data|Object-Head||35.00|35.00|36.00|100.0
12|06|18|2851|Village and Small Industries|00||103||0||01|Directorate of Handloom & Textiles|051|General Expenses|2851-00-103-0-01|General Expenses|V|Data|Object-Head|29.88|1.00|1.00|1.00|100.0
12|06|18|2851|Village and Small Industries|00||103||0||01|Directorate of Handloom & Textiles|052|Telephone Charges|2851-00-103-0-01|Telephone Charges|V|Data|Object-Head|2.04||||100.0
12|06|18|2851|Village and Small Industries|00||103||0||01|Directorate of Handloom & Textiles|053|Purchase of Furniture and Fixture for Office|2851-00-103-0-01|Purchase of Furniture and Fixture for Office|V|Data|Object-Head|2.00||||100.0
12|06|18|2851|Village and Small Industries|00||103||0||01|Directorate of Handloom & Textiles|071|Building Expenses|2851-00-103-0-01|Building Expenses|V|Data|Object-Head|97.12|104.00|104.00|146.00|100.0
12|06|18|2851|Village and Small Industries|00||103||0||01|Directorate of Handloom & Textiles|195|Transport Expenses|2851-00-103-0-01|Transport Expenses|V|Data|Object-Head|30.65|34.98|34.98|32.51|100.0
12|06|18|2851|Village and Small Industries|00||103||0||01|Directorate of Handloom & Textiles||||HOA Total :|V|Total|Detailed-Head|747.58|773.38|950.23|959.66|100.0
13|06|18|2851|Village and Small Industries|00||103|Handloom Industries|0||03|Weavers Package-Power Subsidy|||2851-00-103-0-03|Weavers Package-Power Subsidy|V|Header|Detailed-Head|||||100.0
13|06|18|2851|Village and Small Industries|00||103|Handloom Industries|0||03|Weavers Package-Power Subsidy|106|Subsidies|2851-00-103-0-03|Subsidies|V|Data|Object-Head|9500.00|9500.00|9500.00|9500.00|100.0
13|06|18|2851|Village and Small Industries|00||103|Handloom Industries|0||03|Weavers Package-Power Subsidy|422|Schedule Caste Sub Plan|2851-00-103-0-03|Schedule Caste Sub Plan|V|Data|Object-Head|325.00|325.00|325.00|325.00|100.0
13|06|18|2851|Village and Small Industries|00||103|Handloom Industries|0||03|Weavers Package-Power Subsidy|423|Tribal Sub Plan|2851-00-103-0-03|Tribal Sub Plan|V|Data|Object-Head|175.00|175.00|175.00|175.00|100.0
13|06|18|2851|Village and Small Industries|00||103|Handloom Industries|0||03|Weavers Package-Power Subsidy||||HOA Total :|V|Total|Detailed-Head|10000.00|10000.00|10000.00|10000.00|100.0
13|06|18|2851|Village and Small Industries|00||103|Handloom Industries|0||53|Nekaar Samman|||2851-00-103-0-53|Nekaar Samman|V|Header|Detailed-Head|||||100.0
13|06|18|2851|Village and Small Industries|00||103|Handloom Industries|0||53|Nekaar Samman|106|Subsidies|2851-00-103-0-53|Subsidies|V|Data|Object-Head|5869.43|6000.00|6000.00|6500.00|100.0
13|06|18|2851|Village and Small Industries|00||103|Handloom Industries|0||53|Nekaar Samman||||HOA Total :|V|Total|Detailed-Head|5869.43|6000.00|6000.00|6500.00|100.0
13|06|18|2851|Village and Small Industries|00||103|Handloom Industries|0||62|Weavers Package|||2851-00-103-0-62|Weavers Package|V|Header|Detailed-Head|||||100.0
13|06|18|2851|Village and Small Industries|00||103|Handloom Industries|0||62|Weavers Package|106|Subsidies|2851-00-103-0-62|Subsidies|V|Data|Object-Head|3011.08|1000.00|1000.00|1000.00|100.0
13|06|18|2851|Village and Small Industries|00||103|Handloom Industries|0||62|Weavers Package||||HOA Total :|V|Total|Detailed-Head|3011.08|1000.00|1000.00|1000.00|100.0
13|06|18|2851|Village and Small Industries|00||103|Handloom Industries|0||69|Assistance to KHDC|||2851-00-103-0-69|Assistance to KHDC|V|Header|Detailed-Head|||||100.0
13|06|18|2851|Village and Small Industries|00||103|Handloom Industries|0||69|Assistance to KHDC|106|Subsidies|2851-00-103-0-69|Subsidies|V|Data|Object-Head|1000.00|1000.00|1000.00|1000.00|100.0
13|06|18|2851|Village and Small Industries|00||103|Handloom Industries|0||69|Assistance to KHDC||||HOA Total :|V|Total|Detailed-Head|1000.00|1000.00|1000.00|1000.00|100.0
13|06|18|2851|Village and Small Industries|00||103|Handloom Industries|0||72|Subsidy for Establishment of SME Units under SCSP-TSP|||2851-00-103-0-72|Subsidy for Establishment of SME Units under SCSP-TSP|V|Header|Detailed-Head|||||100.0
13|06|18|2851|Village and Small Industries|00||103|Handloom Industries|0||72|Subsidy for Establishment of SME Units under SCSP-TSP|422|Schedule Caste Sub Plan|2851-00-103-0-72|Schedule Caste Sub Plan|V|Data|Object-Head|4305.00|3250.00|3250.00|3250.00|100.0
13|06|18|2851|Village and Small Industries|00||103|Handloom Industries|0||72|Subsidy for Establishment of SME Units under SCSP-TSP|423|Tribal Sub Plan|2851-00-103-0-72|Tribal Sub Plan|V|Data|Object-Head|1900.00|1750.00|1750.00|1750.00|100.0
13|06|18|2851|Village and Small Industries|00||103|Handloom Industries|0||72|Subsidy for Establishment of SME Units under SCSP-TSP||||HOA Total :|V|Total|Detailed-Head|6205.00|5000.00|5000.00|5000.00|100.0
13|06|18|2851|Village and Small Industries|00||911|Deduct Recoveries of Overpayments|0||02|Deduct Recoveries of Overpayments of Previous Years|||2851-00-911-0-02|Deduct Recoveries of Overpayments of Previous Years|V|Header|Detailed-Head|||||100.0
13|06|18|2851|Village and Small Industries|00||911|Deduct Recoveries of Overpayments|0||02|Deduct Recoveries of Overpayments of Previous Years|364|Deduct - Recoveries|2851-00-911-0-02|Deduct - Recoveries|V|Data|Object-Head|-84.18||||100.0
13|06|18|2851|Village and Small Industries|00||911|Deduct Recoveries of Overpayments|0||02|Deduct Recoveries of Overpayments of Previous Years||||HOA Total :|V|Total|Detailed-Head|-84.18|0.00|0.00|0.00|100.0
14|06|18|2851|Village and Small Industries|00||911|Deduct Recoveries of Overpayments|0||05|Deduct Recovery of Over Payment of Previous Years-TP|||2851-00-911-0-05|Deduct Recovery of Over Payment of Previous Years-TP|V|Header|Detailed-Head|||||100.0
14|06|18|2851|Village and Small Industries|00||911|Deduct Recoveries of Overpayments|0||05|Deduct Recovery of Over Payment of Previous Years-TP|261|Inter Account Transfers|2851-00-911-0-05|Inter Account Transfers|V|Data|Object-Head||-72.27|-72.27|-55.21|100.0
14|06|18|2851|Village and Small Industries|00||911|Deduct Recoveries of Overpayments|0||05|Deduct Recovery of Over Payment of Previous Years-TP||||HOA Total :|V|Total|Detailed-Head|0.00|-72.27|-72.27|-55.21|100.0
14|06|18|2851|Village and Small Industries|00|||||||||||2851 - Total :|V|Total|Major-Head|26748.91|23868.89|24043.52|24610.22|
15|06|18|2852|Industries|08|Consumer Industries|||||||||2852|Industries|V|Header|Major-Head|||||
15|06|18|2852|Industries|08|Consumer Industries|202|Textiles|7|Implementation of Textile and Garment Policy|01|Implementation of Textile and Garment Policy|||2852-08-202-7-01|Implementation of Textile and Garment Policy|V|Header|Detailed-Head|||||100.0
15|06|18|2852|Industries|08|Consumer Industries|202|Textiles|7|Implementation of Textile and Garment Policy|01|Implementation of Textile and Garment Policy|051|General Expenses|2852-08-202-7-01|General Expenses|V|Data|Object-Head|397.84|500.00|500.00|500.00|100.0
15|06|18|2852|Industries|08|Consumer Industries|202|Textiles|7|Implementation of Textile and Garment Policy|01|Implementation of Textile and Garment Policy|106|Subsidies|2852-08-202-7-01|Subsidies|V|Data|Object-Head|8224.49|7500.00|7500.00|30000.00|100.0
15|06|18|2852|Industries|08|Consumer Industries|202|Textiles|7|Implementation of Textile and Garment Policy|01|Implementation of Textile and Garment Policy|109|Subsidies to Mega Investments|2852-08-202-7-01|Subsidies to Mega Investments|V|Data|Object-Head|3843.63|13000.00|13000.00||100.0
15|06|18|2852|Industries|08|Consumer Industries|202|Textiles|7|Implementation of Textile and Garment Policy|01|Implementation of Textile and Garment Policy||||HOA Total :|V|Total|Detailed-Head|12465.96|21000.00|21000.00|30500.00|100.0
15|06|18|2852|Industries|80|General|911|Deduct - Recoveries of Overpayments|0||00||||2852-80-911-0-00|Deduct - Recoveries of Overpayments|V|Header|Detailed-Head|||||100.0
15|06|18|2852|Industries|80|General|911|Deduct - Recoveries of Overpayments|0||00||364|Deduct - Recoveries|2852-80-911-0-00|Deduct - Recoveries|V|Data|Object-Head|-6.00||||100.0
15|06|18|2852|Industries|80|General|911|Deduct - Recoveries of Overpayments|0||00|||||HOA Total :|V|Total|Detailed-Head|-6.00|0.00|0.00|0.00|100.0
15|06|18|2852|Industries|80|General|||||||||2852|2852 - Total :|V|Total|Major-Head|12459.96|21000.00|21000.00|30500.00|
16|06|18|4851|Capital Outlay on Village & Small Industries|00||||||||||4851|Capital Outlay on Village & Small Industries|V|Header|Major-Head|||||
16|06|18|4851|Capital Outlay on Village & Small Industries|00||103||1||12|PM-MITRA Textile Park|||4851-00-103-1-12|PM-MITRA Textile Park|V|Header|Detailed-Head|||||100.0
16|06|18|4851|Capital Outlay on Village & Small Industries|00||103||1||12|PM-MITRA Textile Park|386|Purchase/Construction of Buildings|4851-00-103-1-12|Purchase/Construction of Buildings|V|Data|Object-Head||5000.00|5000.00|7500.00|100.0
16|06|18|4851|Capital Outlay on Village & Small Industries|00||103||1||12|PM-MITRA Textile Park||||HOA Total :|V|Total|Detailed-Head|0.00|5000.00|5000.00|7500.00|100.0
16|06|18|4851|Capital Outlay on Village & Small Industries|00||||||||||4851|4851 - Total :|V|Total|Major-Head|0.00|5000.00|5000.00|7500.00|
17|06|18|4860|Capital Outlay on Consumer Industries|01||||||||||4860|Capital Outlay on Consumer Industries|V|Header|Major-Head|||||
17|06|18|4860|Capital Outlay on Consumer Industries|01||190||0||03|Equity Share to Shiggaon and PM-MitraTextile Parks|||4860-01-190-0-03|Equity Share to Shiggaon and PM-MitraTextile Parks|V|Header|Detailed-Head|||||100.0
17|06|18|4860|Capital Outlay on Consumer Industries|01||190||0||03|Equity Share to Shiggaon and PM-MitraTextile Parks|211|Investment|4860-01-190-0-03|Investment|V|Data|Object-Head|11.00||||100.0
17|06|18|4860|Capital Outlay on Consumer Industries|01||190||0||03|Equity Share to Shiggaon and PM-MitraTextile Parks||||HOA Total :|V|Total|Detailed-Head|11.00|0.00|0.00|0.00|100.0
17|06|18|4860|Capital Outlay on Consumer Industries|01||||||||||4860|4860 - Total :|V|Total|Major-Head|11.00|0.00|0.00|0.00|
18|06|18|2852|Industries|08|Consumer Industries|||||||||2852|Industries|V|Header|Major-Head|||||
18|06|18|2852|Industries|08|Consumer Industries|201|Sugar|0||01|Directorate of Sugar|||2852-08-201-0-01|Directorate of Sugar|V|Header|Detailed-Head|||||100.0
18|06|18|2852|Industries|08|Consumer Industries|201|Sugar|0||01|Directorate of Sugar|002|Basic Pay|2852-08-201-0-01|Basic Pay|V|Data|Object-Head|27.73|83.00|83.00|102.00|100.0
18|06|18|2852|Industries|08|Consumer Industries|201|Sugar|0||01|Directorate of Sugar|003|Basic Pay-Staff|2852-08-201-0-01|Basic Pay-Staff|V|Data|Object-Head|45.58||||100.0
18|06|18|2852|Industries|08|Consumer Industries|201|Sugar|0||01|Directorate of Sugar|004|Interim Relief|2852-08-201-0-01|Interim Relief|V|Data|Object-Head|3.94||||100.0
18|06|18|2852|Industries|08|Consumer Industries|201|Sugar|0||01|Directorate of Sugar|011|Dearness Allowance|2852-08-201-0-01|Dearness Allowance|V|Data|Object-Head|19.83|25.00|25.00|32.00|100.0
18|06|18|2852|Industries|08|Consumer Industries|201|Sugar|0||01|Directorate of Sugar|014|Other Allowance|2852-08-201-0-01|Other Allowance|V|Data|Object-Head|18.85|21.00|21.00|24.00|100.0
18|06|18|2852|Industries|08|Consumer Industries|201|Sugar|0||01|Directorate of Sugar|020|Medical Allowance|2852-08-201-0-01|Medical Allowance|V|Data|Object-Head|0.30||||100.0
18|06|18|2852|Industries|08|Consumer Industries|201|Sugar|0||01|Directorate of Sugar|021|Reimbursement of Medical Expenses|2852-08-201-0-01|Reimbursement of Medical Expenses|V|Data|Object-Head|1.50|3.00|3.00|3.00|100.0
18|06|18|2852|Industries|08|Consumer Industries|201|Sugar|0||01|Directorate of Sugar|034|Contract/Outsource|2852-08-201-0-01|Contract/Outsource|V|Data|Object-Head|19.82|20.70|20.70|21.40|100.0
18|06|18|2852|Industries|08|Consumer Industries|201|Sugar|0||01|Directorate of Sugar|041|Travel Expenses|2852-08-201-0-01|Travel Expenses|V|Data|Object-Head|4.81|3.00|3.00|4.00|100.0
18|06|18|2852|Industries|08|Consumer Industries|201|Sugar|0||01|Directorate of Sugar|050|Office Expenses|2852-08-201-0-01|Office Expenses|V|Data|Object-Head||22.00|22.00|20.00|100.0
18|06|18|2852|Industries|08|Consumer Industries|201|Sugar|0||01|Directorate of Sugar|051|General Expenses|2852-08-201-0-01|General Expenses|V|Data|Object-Head|18.50||||100.0
18|06|18|2852|Industries|08|Consumer Industries|201|Sugar|0||01|Directorate of Sugar|052|Telephone Charges|2852-08-201-0-01|Telephone Charges|V|Data|Object-Head|0.49||||100.0
18|06|18|2852|Industries|08|Consumer Industries|201|Sugar|0||01|Directorate of Sugar|071|Building Expenses|2852-08-201-0-01|Building Expenses|V|Data|Object-Head|97.68|103.00|103.00|105.00|100.0
18|06|18|2852|Industries|08|Consumer Industries|201|Sugar|0||01|Directorate of Sugar|195|Transport Expenses|2852-08-201-0-01|Transport Expenses|V|Data|Object-Head|12.48|8.74|8.74|7.05|100.0
18|06|18|2852|Industries|08|Consumer Industries|201|Sugar|0||01|Directorate of Sugar||||HOA Total :|V|Total|Detailed-Head|271.51|289.44|289.44|318.45|100.0
18|06|18|2852|Industries|08|Consumer Industries|201|Sugar|0||07|Special Incentives to Sugarcane Growers.|||2852-08-201-0-07|Special Incentives to Sugarcane Growers.|V|Header|Detailed-Head|||||100.0
18|06|18|2852|Industries|08|Consumer Industries|201|Sugar|0||07|Special Incentives to Sugarcane Growers.|100|Financial Assistance/Relief|2852-08-201-0-07|Financial Assistance/Relief|V|Data|Object-Head|||30000.00||100.0
18|06|18|2852|Industries|08|Consumer Industries|201|Sugar|0||07|Special Incentives to Sugarcane Growers.||||HOA Total :|V|Total|Detailed-Head|0.00|0.00|30000.00|0.00|100.0
18|06|18|2852|Industries|08|Consumer Industries|201|Sugar|0||09|Sir M.V. and Sri Nijalingappa Sugarcane Research Institute|||2852-08-201-0-09|Sir M.V. and Sri Nijalingappa Sugarcane Research Institute|V|Header|Detailed-Head|||||100.0
18|06|18|2852|Industries|08|Consumer Industries|201|Sugar|0||09|Sir M.V. and Sri Nijalingappa Sugarcane Research Institute|059|Other Expenses|2852-08-201-0-09|Other Expenses|V|Data|Object-Head|50.00|200.00|200.00|200.00|100.0
18|06|18|2852|Industries|08|Consumer Industries|201|Sugar|0||09|Sir M.V. and Sri Nijalingappa Sugarcane Research Institute||||HOA Total :|V|Total|Detailed-Head|50.00|200.00|200.00|200.00|100.0
19|06|18|2852|Industries|08|Consumer Industries|911|Deduct- Recovery of Overpayments|0||00|Deduct- Recovery of Overpayments|||2852-08-911-0-00|Deduct- Recovery of Overpayments|V|Header|Detailed-Head|||||100.0
19|06|18|2852|Industries|08|Consumer Industries|911|Deduct- Recovery of Overpayments|0||00|Deduct- Recovery of Overpayments|364|Deduct - Recoveries|2852-08-911-0-00|Deduct - Recoveries|V|Data|Object-Head|-0.01||||100.0
19|06|18|2852|Industries|08|Consumer Industries|911|Deduct- Recovery of Overpayments|0||00|Deduct- Recovery of Overpayments||||HOA Total :|V|Total|Detailed-Head|-0.01|0.00|0.00|0.00|100.0
19|06|18|2852|Industries|08|Consumer Industries|911|Deduct- Recovery of Overpayments|0||01|Deduct-Recovery of Overpayments|||2852-08-911-0-01|Deduct-Recovery of Overpayments|V|Header|Detailed-Head|||||100.0
19|06|18|2852|Industries|08|Consumer Industries|911|Deduct- Recovery of Overpayments|0||01|Deduct-Recovery of Overpayments|364|Deduct - Recoveries|2852-08-911-0-01|Deduct - Recoveries|V|Data|Object-Head|-0.37||||100.0
19|06|18|2852|Industries|08|Consumer Industries|911|Deduct- Recovery of Overpayments|0||01|Deduct-Recovery of Overpayments||||HOA Total :|V|Total|Detailed-Head|-0.37|0.00|0.00|0.00|100.0
19|06|18|2852|Industries|80|General|001|Direction and Administration|0||50|Vacant Post Provision|||2852-80-001-0-50|Vacant Post Provision|V|Header|Detailed-Head|||||100.0
19|06|18|2852|Industries|80|General|001|Direction and Administration|0||50|Vacant Post Provision|014|Other Allowance|2852-80-001-0-50|Other Allowance|V|Data|Object-Head||1107.22|1107.22|1358.22|100.0
19|06|18|2852|Industries|80|General|001|Direction and Administration|0||50|Vacant Post Provision||||HOA Total :|V|Total|Detailed-Head|0.00|1107.22|1107.22|1358.22|100.0
19|06|18|2852|Industries|80|General|001|Direction and Administration|1|Director of Industries and Commerce|01|Director of Industries and Commerce|||2852-80-001-1-01|Director of Industries and Commerce|V|Header|Detailed-Head|||||100.0
19|06|18|2852|Industries|80|General|001|Direction and Administration|1|Director of Industries and Commerce|01|Director of Industries and Commerce|002|Basic Pay|2852-80-001-1-01|Basic Pay|V|Data|Object-Head|922.27|2502.00|2502.00|2304.00|100.0
19|06|18|2852|Industries|80|General|001|Direction and Administration|1|Director of Industries and Commerce|01|Director of Industries and Commerce|003|Basic Pay-Staff|2852-80-001-1-01|Basic Pay-Staff|V|Data|Object-Head|1005.98||||100.0
19|06|18|2852|Industries|80|General|001|Direction and Administration|1|Director of Industries and Commerce|01|Director of Industries and Commerce|004|Interim Relief|2852-80-001-1-01|Interim Relief|V|Data|Object-Head|131.55||||100.0
19|06|18|2852|Industries|80|General|001|Direction and Administration|1|Director of Industries and Commerce|01|Director of Industries and Commerce|011|Dearness Allowance|2852-80-001-1-01|Dearness Allowance|V|Data|Object-Head|479.09|566.00|566.00|594.00|100.0
19|06|18|2852|Industries|80|General|001|Direction and Administration|1|Director of Industries and Commerce|01|Director of Industries and Commerce|014|Other Allowance|2852-80-001-1-01|Other Allowance|V|Data|Object-Head|378.41|461.00|461.00|420.00|100.0
19|06|18|2852|Industries|80|General|001|Direction and Administration|1|Director of Industries and Commerce|01|Director of Industries and Commerce|020|Medical Allowance|2852-80-001-1-01|Medical Allowance|V|Data|Object-Head|7.06||||100.0
19|06|18|2852|Industries|80|General|001|Direction and Administration|1|Director of Industries and Commerce|01|Director of Industries and Commerce|021|Reimbursement of Medical Expenses|2852-80-001-1-01|Reimbursement of Medical Expenses|V|Data|Object-Head|25.39|18.00|18.00|16.00|100.0
19|06|18|2852|Industries|80|General|001|Direction and Administration|1|Director of Industries and Commerce|01|Director of Industries and Commerce|033|Daily-wages|2852-80-001-1-01|Daily-wages|V|Data|Object-Head|3.49||||100.0
19|06|18|2852|Industries|80|General|001|Direction and Administration|1|Director of Industries and Commerce|01|Director of Industries and Commerce|034|Contract/Outsource|2852-80-001-1-01|Contract/Outsource|V|Data|Object-Head|329.19|399.01|399.01|412.78|100.0
19|06|18|2852|Industries|80|General|001|Direction and Administration|1|Director of Industries and Commerce|01|Director of Industries and Commerce|041|Travel Expenses|2852-80-001-1-01|Travel Expenses|V|Data|Object-Head|24.33|15.60|15.60|17.00|100.0
19|06|18|2852|Industries|80|General|001|Direction and Administration|1|Director of Industries and Commerce|01|Director of Industries and Commerce|050|Office Expenses|2852-80-001-1-01|Office Expenses|V|Data|Object-Head||93.00|93.00|93.00|100.0
19|06|18|2852|Industries|80|General|001|Direction and Administration|1|Director of Industries and Commerce|01|Director of Industries and Commerce|051|General Expenses|2852-80-001-1-01|General Expenses|V|Data|Object-Head|103.01||||100.0
19|06|18|2852|Industries|80|General|001|Direction and Administration|1|Director of Industries and Commerce|01|Director of Industries and Commerce|052|Telephone Charges|2852-80-001-1-01|Telephone Charges|V|Data|Object-Head|8.13||||100.0
20|06|18|2852|Industries|80|General|001|Direction and Administration|1|Director of Industries and Commerce|01|Director of Industries and Commerce|071|Building Expenses|2852-80-001-1-01|Building Expenses|V|Data|Object-Head|33.46|42.00|42.00|40.00|100.0
20|06|18|2852|Industries|80|General|001|Direction and Administration|1|Director of Industries and Commerce|01|Director of Industries and Commerce|195|Transport Expenses|2852-80-001-1-01|Transport Expenses|V|Data|Object-Head|151.77|197.06|197.06|190.46|100.0
20|06|18|2852|Industries|80|General|001|Direction and Administration|1|Director of Industries and Commerce|01|Director of Industries and Commerce|200|Maintenance Expenditure|2852-80-001-1-01|Maintenance Expenditure|V|Data|Object-Head|30.93|40.00|40.00|40.00|100.0
20|06|18|2852|Industries|80|General|001|Direction and Administration|1|Director of Industries and Commerce|01|Director of Industries and Commerce|251|Pension & Retirement Benefits|2852-80-001-1-01|Pension & Retirement Benefits|V|Data|Object-Head|7.41||||100.0
20|06|18|2852|Industries|80|General|001|Direction and Administration|1|Director of Industries and Commerce|01|Director of Industries and Commerce||||HOA Total :|V|Total|Detailed-Head|3641.47|4333.67|4333.67|4127.24|100.0
20|06|18|2852|Industries|80|General|102|Export Promotion|0||02|Export and Trade Promotion|||2852-80-102-0-02|Export and Trade Promotion|V|Header|Detailed-Head|||||100.0
20|06|18|2852|Industries|80|General|102|Export Promotion|0||02|Export and Trade Promotion|050|Office Expenses|2852-80-102-0-02|Office Expenses|V|Data|Object-Head||1053.00|1053.00|877.00|100.0
20|06|18|2852|Industries|80|General|102|Export Promotion|0||02|Export and Trade Promotion|059|Other Expenses|2852-80-102-0-02|Other Expenses|V|Data|Object-Head|9060.00|1647.00|2647.00|2200.00|100.0
20|06|18|2852|Industries|80|General|102|Export Promotion|0||02|Export and Trade Promotion|125|Modernisation|2852-80-102-0-02|Modernisation|V|Data|Object-Head|800.00||||100.0
20|06|18|2852|Industries|80|General|102|Export Promotion|0||02|Export and Trade Promotion||||HOA Total :|V|Total|Detailed-Head|9860.00|2700.00|3700.00|3077.00|100.0
20|06|18|2852|Industries|80|General|102|Export Promotion|0||03|Assistance to Institutions and Other Expenses|||2852-80-102-0-03|Assistance to Institutions and Other Expenses|V|Header|Detailed-Head|||||100.0
20|06|18|2852|Industries|80|General|102|Export Promotion|0||03|Assistance to Institutions and Other Expenses|051|General Expenses|2852-80-102-0-03|General Expenses|V|Data|Object-Head|349.98|400.00|400.00|400.00|100.0
20|06|18|2852|Industries|80|General|102|Export Promotion|0||03|Assistance to Institutions and Other Expenses||||HOA Total :|V|Total|Detailed-Head|349.98|400.00|400.00|400.00|100.0
20|06|18|2852|Industries|80|General|103|Assistance to Custodial Industries/Small Scale Industries|0||01|Incentives to Industries|||2852-80-103-0-01|Incentives to Industries|V|Header|Detailed-Head|||||100.0
20|06|18|2852|Industries|80|General|103|Assistance to Custodial Industries/Small Scale Industries|0||01|Incentives to Industries|100|Financial Assistance/Relief|2852-80-103-0-01|Financial Assistance/Relief|V|Data|Object-Head|10000.00|8500.00|18500.00|30000.00|100.0
20|06|18|2852|Industries|80|General|103|Assistance to Custodial Industries/Small Scale Industries|0||01|Incentives to Industries|133|Regional Imbalance Redressal Program|2852-80-103-0-01|Regional Imbalance Redressal Program|V|Data|Object-Head||||10000.00|100.0
20|06|18|2852|Industries|80|General|103|Assistance to Custodial Industries/Small Scale Industries|0||01|Incentives to Industries||||HOA Total :|V|Total|Detailed-Head|10000.00|8500.00|18500.00|40000.00|100.0
20|06|18|2852|Industries|80|General|196|Assistance to Zilla Parishads/District Level Panchayats|1|Artisan Training Institutes|01|Artisan Training Institutes|||2852-80-196-1-01|Artisan Training Institutes|V|Header|Detailed-Head|||||100.0
20|06|18|2852|Industries|80|General|196|Assistance to Zilla Parishads/District Level Panchayats|1|Artisan Training Institutes|01|Artisan Training Institutes|403|Chitradurga|2852-80-196-1-01|Chitradurga|V|Data|Object-Head|2.08|2.00|2.00||100.0
20|06|18|2852|Industries|80|General|196|Assistance to Zilla Parishads/District Level Panchayats|1|Artisan Training Institutes|01|Artisan Training Institutes|405|Shivamogga|2852-80-196-1-01|Shivamogga|V|Data|Object-Head|4.16|4.00|4.00||100.0
20|06|18|2852|Industries|80|General|196|Assistance to Zilla Parishads/District Level Panchayats|1|Artisan Training Institutes|01|Artisan Training Institutes|413|Belagavi|2852-80-196-1-01|Belagavi|V|Data|Object-Head|4.16|4.00|4.00||100.0
20|06|18|2852|Industries|80|General|196|Assistance to Zilla Parishads/District Level Panchayats|1|Artisan Training Institutes|01|Artisan Training Institutes|414|Vijayapura|2852-80-196-1-01|Vijayapura|V|Data|Object-Head|2.08|2.00|2.00||100.0
20|06|18|2852|Industries|80|General|196|Assistance to Zilla Parishads/District Level Panchayats|1|Artisan Training Institutes|01|Artisan Training Institutes|418|Ballari|2852-80-196-1-01|Ballari|V|Data|Object-Head|4.16|4.00|4.00||100.0
20|06|18|2852|Industries|80|General|196|Assistance to Zilla Parishads/District Level Panchayats|1|Artisan Training Institutes|01|Artisan Training Institutes|420|Raichur|2852-80-196-1-01|Raichur|V|Data|Object-Head|10.40|10.00|10.00||100.0
21|06|18|2852|Industries|80|General|196|Assistance to Zilla Parishads/District Level Panchayats|1|Artisan Training Institutes|01|Artisan Training Institutes|451|Davanagere|2852-80-196-1-01|Davanagere|V|Data|Object-Head|1.04|1.04|1.04||100.0
21|06|18|2852|Industries|80|General|196|Assistance to Zilla Parishads/District Level Panchayats|1|Artisan Training Institutes|01|Artisan Training Institutes|452|Bengaluru South|2852-80-196-1-01|Bengaluru South|V|Data|Object-Head|2.08|2.00|2.00||100.0
21|06|18|2852|Industries|80|General|196|Assistance to Zilla Parishads/District Level Panchayats|1|Artisan Training Institutes|01|Artisan Training Institutes|462|Gadag|2852-80-196-1-01|Gadag|V|Data|Object-Head|4.16|4.00|4.00||100.0
21|06|18|2852|Industries|80|General|196|Assistance to Zilla Parishads/District Level Panchayats|1|Artisan Training Institutes|01|Artisan Training Institutes||||HOA Total :|V|Total|Detailed-Head|34.32|33.04|33.04|0.00|100.0
21|06|18|2852|Industries|80|General|911|Deduct Recovery of Over Payments of Current Year|0||01|Deduct Recovery of Over Payments of Current Year|||2852-80-911-0-01|Deduct Recovery of Over Payments of Current Year|V|Header|Detailed-Head|||||100.0
21|06|18|2852|Industries|80|General|911|Deduct Recovery of Over Payments of Current Year|0||01|Deduct Recovery of Over Payments of Current Year|364|Deduct - Recoveries|2852-80-911-0-01|Deduct - Recoveries|V|Data|Object-Head|-4.31||||100.0
21|06|18|2852|Industries|80|General|911|Deduct Recovery of Over Payments of Current Year|0||01|Deduct Recovery of Over Payments of Current Year||||HOA Total :|V|Total|Detailed-Head|-4.31|0.00|0.00|0.00|100.0
21|06|18|2852|Industries|80|General|||||||||2852 - Total :|2852 - Total :|V|Total|Major-Head|24202.59|17563.37|58563.37|49480.91|
22|06|18|4852|Capital Outlay on Iron and Steel Industries|80|||||||||||4852 - Capital Outlay on Iron and Steel Industries|V|Header|Major-Head|||||
22|06|18|4852|Capital Outlay on Iron and Steel Industries|80||004||0||01|Industrial Infrastructure for Institutions|||4852-80-004-0-01|Industrial Infrastructure for Institutions|V|Header|Detailed-Head|||||100.0
22|06|18|4852|Capital Outlay on Iron and Steel Industries|80||004||0||01|Industrial Infrastructure for Institutions|132|Other Capital Expenses|4852-80-004-0-01|Other Capital Expenses|V|Data|Object-Head|12738.00|2500.00|2500.00|1000.00|100.0
22|06|18|4852|Capital Outlay on Iron and Steel Industries|80||004||0||01|Industrial Infrastructure for Institutions|145|Acquisition of Land|4852-80-004-0-01|Acquisition of Land|V|Data|Object-Head||||20000.00|100.0
22|06|18|4852|Capital Outlay on Iron and Steel Industries|80||004||0||01|Industrial Infrastructure for Institutions||||HOA Total :|V|Total|Detailed-Head|12738.00|2500.00|2500.00|21000.00|100.0
22|06|18|4852|Capital Outlay on Iron and Steel Industries|80|||||||||||4852 - Total :|V|Total|Major-Head|12738.00|2500.00|2500.00|21000.00|
23|06|18|4860|Capital Outlay on Consumer Industries|04|||||||||||4860|Capital Outlay on Consumer Industries|Header|Sub-Major-Head|||||
23|06|18|4860|Capital Outlay on Consumer Industries|04||004||0||01|Development of Roads in Sugar Factory Areas|||4860-04-004-0-01|Development of Roads in Sugar Factory Areas|V|Header|Detailed-Head|||||100.0
23|06|18|4860|Capital Outlay on Consumer Industries|04||004||0||01|Development of Roads in Sugar Factory Areas|172|Roads|4860-04-004-0-01|Roads|V|Data|Object-Head|160.73|2000.00|2000.00|2300.00|100.0
23|06|18|4860|Capital Outlay on Consumer Industries|04||004||0||01|Development of Roads in Sugar Factory Areas||||HOA Total :|V|Total|Detailed-Head|160.73|2000.00|2000.00|2300.00|100.0
23|06|18|4860|Capital Outlay on Consumer Industries|04|||||||||||4860 - Total :|V|Total|Major-Head|160.73|2000.00|2000.00|2300.00|
24|06|18|6852|Loans for Iron and Steel Industries|02||||||||||6852|Loans for Iron and Steel Industries|V|Header|Major-Head|||||
24|06|18|6852|Loans for Iron and Steel Industries|02||800||0||01|Loan against VAT Payment to Industrial Units|||6852-02-800-0-01|Loan against VAT Payment to Industrial Units|V|Header|Detailed-Head|||||100.0
24|06|18|6852|Loans for Iron and Steel Industries|02||800||0||01|Loan against VAT Payment to Industrial Units|133|Regional Imbalance Redressal Program|6852-02-800-0-01|Regional Imbalance Redressal Program|V|Data|Object-Head||||20000.00|100.0
24|06|18|6852|Loans for Iron and Steel Industries|02||800||0||01|Loan against VAT Payment to Industrial Units|394|Loans|6852-02-800-0-01|Loans|V|Data|Object-Head|90000.00|99000.00|89000.00|60000.00|100.0
24|06|18|6852|Loans for Iron and Steel Industries|02||800||0||01|Loan against VAT Payment to Industrial Units||||HOA Total :|V|Total|Detailed-Head|90000.00|99000.00|89000.00|80000.00|100.0
24|06|18|6852|Loans for Iron and Steel Industries|02|||||||||||6852 - Total :|V|Total|Major-Head|90000.00|99000.00|89000.00|80000.00|
25|06|18|6858|Loans for Engineering Industries|01||||||||||6858|Loans for Engineering Industries|V|Header|Major-Head|||||
25|06|18|6858|Loans for Engineering Industries|01||190||6||00|Loans to Mysore Lamp Works Ltd.|||6858-01-190-6-00|Loans to Mysore Lamp Works Ltd.|V|Header|Detailed-Head|||||100.0
25|06|18|6858|Loans for Engineering Industries|01||190||6||00|Loans to Mysore Lamp Works Ltd.|394|Loans|6858-01-190-6-00|Loans|V|Data|Object-Head|275.00||1000.00||100.0
25|06|18|6858|Loans for Engineering Industries|01||190||6||00|Loans to Mysore Lamp Works Ltd.||||HOA Total :|V|Total|Detailed-Head|275.00|0.00|1000.00|0.00|100.0
25|06|18|6858|Loans for Engineering Industries|01|||||||||||6858 - Total :|V|Total|Major-Head|275.00|0.00|1000.00|0.00|
26|06|18|6860|Loans for Consumer Industries|04||||||||||6860|Loans for Consumer Industries|V|Header|Major-Head|||||
26|06|18|6860|Loans for Consumer Industries|04||190||2||01|Loans to Mysore Sugar(MYSUGAR) Company|||6860-04-190-2-01|Loans to Mysore Sugar(MYSUGAR) Company|V|Header|Detailed-Head|||||100.0
26|06|18|6860|Loans for Consumer Industries|04||190||2||01|Loans to Mysore Sugar(MYSUGAR) Company|394|Loans|6860-04-190-2-01|Loans|V|Data|Object-Head||1888.00|2888.00||100.0
26|06|18|6860|Loans for Consumer Industries|04||190||2||01|Loans to Mysore Sugar(MYSUGAR) Company||||HOA Total :|V|Total|Detailed-Head|0.00|1888.00|2888.00|0.00|100.0
26|06|18|6860|Loans for Consumer Industries|04|||||||||||6860 - Total :|V|Total|Major-Head|0.00|1888.00|2888.00|0.00|
27|06|18|2851|Village and Small Industries|00||||||||||2851|Village and Small Industries|V|Header|Major-Head|||||
27|06|18|2851|Village and Small Industries|00||001|Direction and Administration|0||51|Vacant Post Provision|||2851-00-001-0-51|Vacant Post Provision|V|Header|Detailed-Head|||||100.0
27|06|18|2851|Village and Small Industries|00||001|Direction and Administration|0||51|Vacant Post Provision|014|Other Allowance|2851-00-001-0-51|Other Allowance|V|Data|Object-Head||2722.96|2515.34|3443.96|100.0
27|06|18|2851|Village and Small Industries|00||001|Direction and Administration|0||51|Vacant Post Provision||||HOA Total :|V|Total|Detailed-Head|0.00|2722.96|2515.34|3443.96|100.0
27|06|18|2851|Village and Small Industries|00||102|Small Scale Industries|0||74|Assistance to Khadi Sector|||2851-00-102-0-74|Assistance to Khadi Sector|V|Header|Detailed-Head|||||100.0
27|06|18|2851|Village and Small Industries|00||102|Small Scale Industries|0||74|Assistance to Khadi Sector|106|Subsidies|2851-00-102-0-74|Subsidies|V|Data|Object-Head|3700.00|3700.00|3700.00|3900.00|100.0
27|06|18|2851|Village and Small Industries|00||102|Small Scale Industries|0||74|Assistance to Khadi Sector||||HOA Total :|V|Total|Detailed-Head|3700.00|3700.00|3700.00|3900.00|100.0
27|06|18|2851|Village and Small Industries|00||102|Small Scale Industries|0||76|Subsidized Industrial Plots for SC and STs|||2851-00-102-0-76|Subsidized Industrial Plots for SC and STs|V|Header|Detailed-Head|||||100.0
27|06|18|2851|Village and Small Industries|00||102|Small Scale Industries|0||76|Subsidized Industrial Plots for SC and STs|422|Schedule Caste Sub Plan|2851-00-102-0-76|Schedule Caste Sub Plan|V|Data|Object-Head|32000.00|30000.00|30000.00|45000.00|100.0
27|06|18|2851|Village and Small Industries|00||102|Small Scale Industries|0||76|Subsidized Industrial Plots for SC and STs|423|Tribal Sub Plan|2851-00-102-0-76|Tribal Sub Plan|V|Data|Object-Head|8000.00|10000.00|10000.00|15000.00|100.0
27|06|18|2851|Village and Small Industries|00||102|Small Scale Industries|0||76|Subsidized Industrial Plots for SC and STs||||HOA Total :|V|Total|Detailed-Head|40000.00|40000.00|40000.00|60000.00|100.0
27|06|18|2851|Village and Small Industries|00||102|Small Scale Industries|0||81|Unspent SCSP-TSP Amount as per the SCSP-TSP Act 2013|||2851-00-102-0-81|Unspent SCSP-TSP Amount as per the SCSP-TSP Act 2013|V|Header|Detailed-Head|||||100.0
27|06|18|2851|Village and Small Industries|00||102|Small Scale Industries|0||81|Unspent SCSP-TSP Amount as per the SCSP-TSP Act 2013|422|Schedule Caste Sub Plan|2851-00-102-0-81|Schedule Caste Sub Plan|V|Data|Object-Head|2.42|||3.25|100.0
27|06|18|2851|Village and Small Industries|00||102|Small Scale Industries|0||81|Unspent SCSP-TSP Amount as per the SCSP-TSP Act 2013|423|Tribal Sub Plan|2851-00-102-0-81|Tribal Sub Plan|V|Data|Object-Head|1.43|||2.00|100.0
27|06|18|2851|Village and Small Industries|00||102|Small Scale Industries|0||81|Unspent SCSP-TSP Amount as per the SCSP-TSP Act 2013||||HOA Total :|V|Total|Detailed-Head|3.85|0.00|0.00|5.25|100.0
27|06|18|2851|Village and Small Industries|00||102|Small Scale Industries|0||83|Assistance to MSMEs and other Expenses|||2851-00-102-0-83|Assistance to MSMEs and other Expenses|V|Header|Detailed-Head|||||100.0
27|06|18|2851|Village and Small Industries|00||102|Small Scale Industries|0||83|Assistance to MSMEs and other Expenses|051|General Expenses|2851-00-102-0-83|General Expenses|V|Data|Object-Head|800.00|500.00|500.00|500.00|100.0
27|06|18|2851|Village and Small Industries|00||102|Small Scale Industries|0||83|Assistance to MSMEs and other Expenses|106|Subsidies|2851-00-102-0-83|Subsidies|V|Data|Object-Head|18509.79|18500.00|18500.00|25000.00|100.0
27|06|18|2851|Village and Small Industries|00||102|Small Scale Industries|0||83|Assistance to MSMEs and other Expenses|422|Schedule Caste Sub Plan|2851-00-102-0-83|Schedule Caste Sub Plan|V|Data|Object-Head|1032.00|53.00|53.00|53.00|100.0
27|06|18|2851|Village and Small Industries|00||102|Small Scale Industries|0||83|Assistance to MSMEs and other Expenses|423|Tribal Sub Plan|2851-00-102-0-83|Tribal Sub Plan|V|Data|Object-Head||5.00|5.00|5.00|100.0
27|06|18|2851|Village and Small Industries|00||102|Small Scale Industries|0||83|Assistance to MSMEs and other Expenses||||HOA Total :|V|Total|Detailed-Head|20341.79|19058.00|19058.00|25558.00|100.0
28|06|18|2851|Village and Small Industries|00||102|Small Scale Industries|0||84|CSS-CNA-State Contribution under MSE-CDP|||2851-00-102-0-84|CSS-CNA-State Contribution under MSE-CDP|V|Header|Detailed-Head|||||100.0
28|06|18|2851|Village and Small Industries|00||102|Small Scale Industries|0||84|CSS-CNA-State Contribution under MSE-CDP|102|Grants-in-Aid-Assets Creation|2851-00-102-0-84|Grants-in-Aid-Assets Creation|V|Data|Object-Head|253.27|459.00|459.00||100.0
28|06|18|2851|Village and Small Industries|00||102|Small Scale Industries|0||84|CSS-CNA-State Contribution under MSE-CDP|103|Grants-in-Aid -General|2851-00-102-0-84|Grants-in-Aid -General|V|Data|Object-Head||||1785.00|100.0
28|06|18|2851|Village and Small Industries|00||102|Small Scale Industries|0||84|CSS-CNA-State Contribution under MSE-CDP||||HOA Total :|V|Total|Detailed-Head|253.27|459.00|459.00|1785.00|100.0
28|06|18|2851|Village and Small Industries|00||102|Small Scale Industries|0||86|CSS-CNA-Central Contribution under MSE-CDP|||2851-00-102-0-86|CSS-CNA-Central Contribution under MSE-CDP|V|Header|Detailed-Head|||||100.0
28|06|18|2851|Village and Small Industries|00||102|Small Scale Industries|0||86|CSS-CNA-Central Contribution under MSE-CDP|102|Grants-in-Aid-Assets Creation|2851-00-102-0-86|Grants-in-Aid-Assets Creation|V|Data|Object-Head||2251.00|2251.00||100.0
28|06|18|2851|Village and Small Industries|00||102|Small Scale Industries|0||86|CSS-CNA-Central Contribution under MSE-CDP|103|Grants-in-Aid -General|2851-00-102-0-86|Grants-in-Aid -General|V|Data|Object-Head||||9805.00|100.0
28|06|18|2851|Village and Small Industries|00||102|Small Scale Industries|0||86|CSS-CNA-Central Contribution under MSE-CDP||||HOA Total :|V|Total|Detailed-Head|0.00|2251.00|2251.00|9805.00|100.0
28|06|18|2851|Village and Small Industries|00||104|Handicraft Industries|0||19|Support to Handicrafts|||2851-00-104-0-19|Support to Handicrafts|V|Header|Detailed-Head|||||100.0
28|06|18|2851|Village and Small Industries|00||104|Handicraft Industries|0||19|Support to Handicrafts|106|Subsidies|2851-00-104-0-19|Subsidies|V|Data|Object-Head|39.15|175.00|215.00|87.50|100.0
28|06|18|2851|Village and Small Industries|00||104|Handicraft Industries|0||19|Support to Handicrafts|422|Schedule Caste Sub Plan|2851-00-104-0-19|Schedule Caste Sub Plan|V|Data|Object-Head||19.00|19.00|9.50|100.0
28|06|18|2851|Village and Small Industries|00||104|Handicraft Industries|0||19|Support to Handicrafts|423|Tribal Sub Plan|2851-00-104-0-19|Tribal Sub Plan|V|Data|Object-Head||6.00|6.00|3.00|100.0
28|06|18|2851|Village and Small Industries|00||104|Handicraft Industries|0||19|Support to Handicrafts||||HOA Total :|V|Total|Detailed-Head|39.15|200.00|240.00|100.00|100.0
28|06|18|2851|Village and Small Industries|00||105|Khadi and Village Industries|0||01|Karnataka State Khadi Village Industries Board|||2851-00-105-0-01|Karnataka State Khadi Village Industries Board|V|Header|Detailed-Head|||||100.0
28|06|18|2851|Village and Small Industries|00||105|Khadi and Village Industries|0||01|Karnataka State Khadi Village Industries Board|101|Grants-in-Aid-Salaries|2851-00-105-0-01|Grants-in-Aid-Salaries|V|Data|Object-Head|879.37|1166.60|1194.05|1051.93|100.0
28|06|18|2851|Village and Small Industries|00||105|Khadi and Village Industries|0||01|Karnataka State Khadi Village Industries Board|103|Grants-in-Aid -General|2851-00-105-0-01|Grants-in-Aid -General|V|Data|Object-Head|343.59|300.00|300.00|315.00|100.0
28|06|18|2851|Village and Small Industries|00||105|Khadi and Village Industries|0||01|Karnataka State Khadi Village Industries Board|115|GIA Contract /Outsource|2851-00-105-0-01|GIA Contract /Outsource|V|Data|Object-Head|203.54|206.71|206.71|213.85|100.0
28|06|18|2851|Village and Small Industries|00||105|Khadi and Village Industries|0||01|Karnataka State Khadi Village Industries Board|118|Grants-in-Aid-Pensions|2851-00-105-0-01|Grants-in-Aid-Pensions|V|Data|Object-Head|1935.46|2100.00|2103.32|2143.00|100.0
28|06|18|2851|Village and Small Industries|00||105|Khadi and Village Industries|0||01|Karnataka State Khadi Village Industries Board||||HOA Total :|V|Total|Detailed-Head|3361.96|3773.31|3804.08|3723.78|100.0
29|06|18|2851|Village and Small Industries|00||106|Coir Industries|0||12|Wage Incentive to Coir Sector|||2851-00-106-0-12|Wage Incentive to Coir Sector|V|Header|Detailed-Head|||||100.0
29|06|18|2851|Village and Small Industries|00||106|Coir Industries|0||12|Wage Incentive to Coir Sector|015|Subsidiary Expenses|2851-00-106-0-12|Subsidiary Expenses|V|Data|Object-Head|1483.79||||100.0
29|06|18|2851|Village and Small Industries|00||106|Coir Industries|0||12|Wage Incentive to Coir Sector|100|Financial Assistance/Relief|2851-00-106-0-12|Financial Assistance/Relief|V|Data|Object-Head||100.00|100.00|100.00|100.0
29|06|18|2851|Village and Small Industries|00||106|Coir Industries|0||12|Wage Incentive to Coir Sector||||HOA Total :|V|Total|Detailed-Head|1483.79|100.00|100.00|100.00|100.0
29|06|18|2851|Village and Small Industries|00||106|Coir Industries|0||13|CSS-Central Share-Assistance to Coir MDA|||2851-00-106-0-13|CSS-Central Share-Assistance to Coir MDA|V|Header|Detailed-Head|||||100.0
29|06|18|2851|Village and Small Industries|00||106|Coir Industries|0||13|CSS-Central Share-Assistance to Coir MDA|100|Financial Assistance/Relief|2851-00-106-0-13|Financial Assistance/Relief|V|Data|Object-Head||100.00|100.00|100.00|100.0
29|06|18|2851|Village and Small Industries|00||106|Coir Industries|0||13|CSS-Central Share-Assistance to Coir MDA||||HOA Total :|V|Total|Detailed-Head|0.00|100.00|100.00|100.00|100.0
29|06|18|2851|Village and Small Industries|00||106|Coir Industries|0||14|CSS-State Share-Assistance to Coir MDA|||2851-00-106-0-14|CSS-State Share-Assistance to Coir MDA|V|Header|Detailed-Head|||||100.0
29|06|18|2851|Village and Small Industries|00||106|Coir Industries|0||14|CSS-State Share-Assistance to Coir MDA|100|Financial Assistance/Relief|2851-00-106-0-14|Financial Assistance/Relief|V|Data|Object-Head|200.00|100.00|100.00|100.00|100.0
29|06|18|2851|Village and Small Industries|00||106|Coir Industries|0||14|CSS-State Share-Assistance to Coir MDA||||HOA Total :|V|Total|Detailed-Head|200.00|100.00|100.00|100.00|100.0
29|06|18|2851|Village and Small Industries|00||106|Coir Industries|0||15|CSS-State Top up-Coir MDA to MSME|||2851-00-106-0-15|CSS-State Top up-Coir MDA to MSME|V|Header|Detailed-Head|||||100.0
29|06|18|2851|Village and Small Industries|00||106|Coir Industries|0||15|CSS-State Top up-Coir MDA to MSME|100|Financial Assistance/Relief|2851-00-106-0-15|Financial Assistance/Relief|V|Data|Object-Head||200.00|200.00|200.00|100.0
29|06|18|2851|Village and Small Industries|00||106|Coir Industries|0||15|CSS-State Top up-Coir MDA to MSME||||HOA Total :|V|Total|Detailed-Head|0.00|200.00|200.00|200.00|100.0
29|06|18|2851|Village and Small Industries|00||196|Assistance to Zilla Panchayats|2|Grants to District Handloom and Textiles Development Establishments|01|Grants to District Handloom and Textiles Development Establishments|||2851-00-196-2-01|Grants to District Handloom and Textiles Development Establishments|V|Header|Detailed-Head|||||100.0
29|06|18|2851|Village and Small Industries|00||196|Assistance to Zilla Panchayats|2|Grants to District Handloom and Textiles Development Establishments|01|Grants to District Handloom and Textiles Development Establishments|401|Bengaluru (Urban)|2851-00-196-2-01|Bengaluru (Urban)|V|Data|Object-Head|213.86|242.75|242.75|72.30|100.0
29|06|18|2851|Village and Small Industries|00||196|Assistance to Zilla Panchayats|2|Grants to District Handloom and Textiles Development Establishments|01|Grants to District Handloom and Textiles Development Establishments|402|Bengaluru (Rural)|2851-00-196-2-01|Bengaluru (Rural)|V|Data|Object-Head|213.30|184.51|184.51|52.73|100.0
29|06|18|2851|Village and Small Industries|00||196|Assistance to Zilla Panchayats|2|Grants to District Handloom and Textiles Development Establishments|01|Grants to District Handloom and Textiles Development Establishments|403|Chitradurga|2851-00-196-2-01|Chitradurga|V|Data|Object-Head|196.41|212.06|212.06|74.39|100.0
29|06|18|2851|Village and Small Industries|00||196|Assistance to Zilla Panchayats|2|Grants to District Handloom and Textiles Development Establishments|01|Grants to District Handloom and Textiles Development Establishments|404|Kolar|2851-00-196-2-01|Kolar|V|Data|Object-Head|195.70|201.83|201.83|57.08|100.0
29|06|18|2851|Village and Small Industries|00||196|Assistance to Zilla Panchayats|2|Grants to District Handloom and Textiles Development Establishments|01|Grants to District Handloom and Textiles Development Establishments|405|Shivamogga|2851-00-196-2-01|Shivamogga|V|Data|Object-Head|182.11|197.18|197.18|68.78|100.0
30|06|18|2851|Village and Small Industries|00||196|Assistance to Zilla Panchayats|2|Grants to District Handloom and Textiles Development Establishments|01|Grants to District Handloom and Textiles Development Establishments|406|Tumakuru|2851-00-196-2-01|Tumakuru|V|Data|Object-Head|230.73|183.03|183.03|42.94|100.0
30|06|18|2851|Village and Small Industries|00||196|Assistance to Zilla Panchayats|2|Grants to District Handloom and Textiles Development Establishments|01|Grants to District Handloom and Textiles Development Establishments|407|Mysuru|2851-00-196-2-01|Mysuru|V|Data|Object-Head|257.30|219.55|219.55|59.75|100.0
30|06|18|2851|Village and Small Industries|00||196|Assistance to Zilla Panchayats|2|Grants to District Handloom and Textiles Development Establishments|01|Grants to District Handloom and Textiles Development Establishments|408|Chikkamagaluru|2851-00-196-2-01|Chikkamagaluru|V|Data|Object-Head|105.89|93.30|93.30|30.50|100.0
30|06|18|2851|Village and Small Industries|00||196|Assistance to Zilla Panchayats|2|Grants to District Handloom and Textiles Development Establishments|01|Grants to District Handloom and Textiles Development Establishments|409|Dakshina Kannada|2851-00-196-2-01|Dakshina Kannada|V|Data|Object-Head|158.81|136.13|136.13|18.73|100.0
30|06|18|2851|Village and Small Industries|00||196|Assistance to Zilla Panchayats|2|Grants to District Handloom and Textiles Development Establishments|01|Grants to District Handloom and Textiles Development Establishments|410|Hassan|2851-00-196-2-01|Hassan|V|Data|Object-Head|128.90|175.82|175.82|23.54|100.0
30|06|18|2851|Village and Small Industries|00||196|Assistance to Zilla Panchayats|2|Grants to District Handloom and Textiles Development Establishments|01|Grants to District Handloom and Textiles Development Establishments|411|Kodagu|2851-00-196-2-01|Kodagu|V|Data|Object-Head|94.69|111.53|111.53|29.74|100.0
30|06|18|2851|Village and Small Industries|00||196|Assistance to Zilla Panchayats|2|Grants to District Handloom and Textiles Development Establishments|01|Grants to District Handloom and Textiles Development Establishments|412|Mandya|2851-00-196-2-01|Mandya|V|Data|Object-Head|170.41|168.08|168.08|23.59|100.0
30|06|18|2851|Village and Small Industries|00||196|Assistance to Zilla Panchayats|2|Grants to District Handloom and Textiles Development Establishments|01|Grants to District Handloom and Textiles Development Establishments|413|Belagavi|2851-00-196-2-01|Belagavi|V|Data|Object-Head|178.18|220.57|220.57|62.47|100.0
30|06|18|2851|Village and Small Industries|00||196|Assistance to Zilla Panchayats|2|Grants to District Handloom and Textiles Development Establishments|01|Grants to District Handloom and Textiles Development Establishments|414|Vijayapura|2851-00-196-2-01|Vijayapura|V|Data|Object-Head|196.35|156.98|156.98|49.46|100.0
30|06|18|2851|Village and Small Industries|00||196|Assistance to Zilla Panchayats|2|Grants to District Handloom and Textiles Development Establishments|01|Grants to District Handloom and Textiles Development Establishments|415|Dharwad|2851-00-196-2-01|Dharwad|V|Data|Object-Head|237.99|240.82|240.82|51.39|100.0
30|06|18|2851|Village and Small Industries|00||196|Assistance to Zilla Panchayats|2|Grants to District Handloom and Textiles Development Establishments|01|Grants to District Handloom and Textiles Development Establishments|416|Uttara Kannada|2851-00-196-2-01|Uttara Kannada|V|Data|Object-Head|114.78|125.17|125.17|30.74|100.0
30|06|18|2851|Village and Small Industries|00||196|Assistance to Zilla Panchayats|2|Grants to District Handloom and Textiles Development Establishments|01|Grants to District Handloom and Textiles Development Establishments|417|Kalaburagi|2851-00-196-2-01|Kalaburagi|V|Data|Object-Head|272.15|237.67|237.67|73.31|100.0
30|06|18|2851|Village and Small Industries|00||196|Assistance to Zilla Panchayats|2|Grants to District Handloom and Textiles Development Establishments|01|Grants to District Handloom and Textiles Development Establishments|418|Ballari|2851-00-196-2-01|Ballari|V|Data|Object-Head|206.57|216.08|216.08|88.50|100.0
30|06|18|2851|Village and Small Industries|00||196|Assistance to Zilla Panchayats|2|Grants to District Handloom and Textiles Development Establishments|01|Grants to District Handloom and Textiles Development Establishments|419|Bidar|2851-00-196-2-01|Bidar|V|Data|Object-Head|197.63|230.13|230.13|18.36|100.0
30|06|18|2851|Village and Small Industries|00||196|Assistance to Zilla Panchayats|2|Grants to District Handloom and Textiles Development Establishments|01|Grants to District Handloom and Textiles Development Establishments|420|Raichur|2851-00-196-2-01|Raichur|V|Data|Object-Head|223.04|199.64|199.64|34.19|100.0
30|06|18|2851|Village and Small Industries|00||196|Assistance to Zilla Panchayats|2|Grants to District Handloom and Textiles Development Establishments|01|Grants to District Handloom and Textiles Development Establishments|421|Yadgiri|2851-00-196-2-01|Yadgiri|V|Data|Object-Head|200.89|239.25|239.25|44.68|100.0
30|06|18|2851|Village and Small Industries|00||196|Assistance to Zilla Panchayats|2|Grants to District Handloom and Textiles Development Establishments|01|Grants to District Handloom and Textiles Development Establishments|451|Davanagere|2851-00-196-2-01|Davanagere|V|Data|Object-Head|225.63|244.93|244.93|67.74|100.0
30|06|18|2851|Village and Small Industries|00||196|Assistance to Zilla Panchayats|2|Grants to District Handloom and Textiles Development Establishments|01|Grants to District Handloom and Textiles Development Establishments|452|Bengaluru South|2851-00-196-2-01|Bengaluru South|V|Data|Object-Head|235.97|230.69|232.91|27.86|100.0
30|06|18|2851|Village and Small Industries|00||196|Assistance to Zilla Panchayats|2|Grants to District Handloom and Textiles Development Establishments|01|Grants to District Handloom and Textiles Development Establishments|453|Chikkaballapura|2851-00-196-2-01|Chikkaballapura|V|Data|Object-Head|230.31|217.08|217.08|81.95|100.0
30|06|18|2851|Village and Small Industries|00||196|Assistance to Zilla Panchayats|2|Grants to District Handloom and Textiles Development Establishments|01|Grants to District Handloom and Textiles Development Establishments|456|Chamarajanagar|2851-00-196-2-01|Chamarajanagar|V|Data|Object-Head|193.50|212.06|212.06|75.45|100.0
30|06|18|2851|Village and Small Industries|00||196|Assistance to Zilla Panchayats|2|Grants to District Handloom and Textiles Development Establishments|01|Grants to District Handloom and Textiles Development Establishments|457|Udupi|2851-00-196-2-01|Udupi|V|Data|Object-Head|95.48|122.22|122.22|13.95|100.0
30|06|18|2851|Village and Small Industries|00||196|Assistance to Zilla Panchayats|2|Grants to District Handloom and Textiles Development Establishments|01|Grants to District Handloom and Textiles Development Establishments|461|Bagalkot|2851-00-196-2-01|Bagalkot|V|Data|Object-Head|181.92|204.51|204.51|78.27|100.0
30|06|18|2851|Village and Small Industries|00||196|Assistance to Zilla Panchayats|2|Grants to District Handloom and Textiles Development Establishments|01|Grants to District Handloom and Textiles Development Establishments|462|Gadag|2851-00-196-2-01|Gadag|V|Data|Object-Head|168.45|191.28|191.28|67.05|100.0
30|06|18|2851|Village and Small Industries|00||196|Assistance to Zilla Panchayats|2|Grants to District Handloom and Textiles Development Establishments|01|Grants to District Handloom and Textiles Development Establishments|463|Haveri|2851-00-196-2-01|Haveri|V|Data|Object-Head|101.20|152.35|152.35|57.60|100.0
30|06|18|2851|Village and Small Industries|00||196|Assistance to Zilla Panchayats|2|Grants to District Handloom and Textiles Development Establishments|01|Grants to District Handloom and Textiles Development Establishments|466|Koppal|2851-00-196-2-01|Koppal|V|Data|Object-Head|173.21|183.85|183.85|60.95|100.0
30|06|18|2851|Village and Small Industries|00||196|Assistance to Zilla Panchayats|2|Grants to District Handloom and Textiles Development Establishments|01|Grants to District Handloom and Textiles Development Establishments|467|Vijayanagara|2851-00-196-2-01|Vijayanagara|V|Data|Object-Head|11.99|||1.00|100.0
30|06|18|2851|Village and Small Industries|00||196|Assistance to Zilla Panchayats|2|Grants to District Handloom and Textiles Development Establishments|01|Grants to District Handloom and Textiles Development Establishments||||HOA Total :|V|Total|Detailed-Head|5593.35|5751.05|5753.27|1538.99|100.0
30|06|18|2851|Village and Small Industries|00||196|Assistance to Zilla Panchayats|2|Grants to District Handloom and Textiles Development Establishments|02|Assistance to Handloom Industries|||2851-00-196-2-02|Assistance to Handloom Industries|V|Header|Detailed-Head|||||100.0
30|06|18|2851|Village and Small Industries|00||196|Assistance to Zilla Panchayats|2|Grants to District Handloom and Textiles Development Establishments|02|Assistance to Handloom Industries|401|Bengaluru (Urban)|2851-00-196-2-02|Bengaluru (Urban)|V|Data|Object-Head||||157.43|100.0
31|06|18|2851|Village and Small Industries|00||196|Assistance to Zilla Panchayats|2|Grants to District Handloom and Textiles Development Establishments|02|Assistance to Handloom Industries|402|Bengaluru (Rural)|2851-00-196-2-02|Bengaluru (Rural)|V|Data|Object-Head||||125.33|100.0
31|06|18|2851|Village and Small Industries|00||196|Assistance to Zilla Panchayats|2|Grants to District Handloom and Textiles Development Establishments|02|Assistance to Handloom Industries|403|Chitradurga|2851-00-196-2-02|Chitradurga|V|Data|Object-Head||||146.55|100.0
31|06|18|2851|Village and Small Industries|00||196|Assistance to Zilla Panchayats|2|Grants to District Handloom and Textiles Development Establishments|02|Assistance to Handloom Industries|404|Kolar|2851-00-196-2-02|Kolar|V|Data|Object-Head||||141.53|100.0
31|06|18|2851|Village and Small Industries|00||196|Assistance to Zilla Panchayats|2|Grants to District Handloom and Textiles Development Establishments|02|Assistance to Handloom Industries|405|Shivamogga|2851-00-196-2-02|Shivamogga|V|Data|Object-Head||||175.69|100.0
31|06|18|2851|Village and Small Industries|00||196|Assistance to Zilla Panchayats|2|Grants to District Handloom and Textiles Development Establishments|02|Assistance to Handloom Industries|406|Tumakuru|2851-00-196-2-02|Tumakuru|V|Data|Object-Head||||170.23|100.0
31|06|18|2851|Village and Small Industries|00||196|Assistance to Zilla Panchayats|2|Grants to District Handloom and Textiles Development Establishments|02|Assistance to Handloom Industries|407|Mysuru|2851-00-196-2-02|Mysuru|V|Data|Object-Head||||180.12|100.0
31|06|18|2851|Village and Small Industries|00||196|Assistance to Zilla Panchayats|2|Grants to District Handloom and Textiles Development Establishments|02|Assistance to Handloom Industries|408|Chikkamagaluru|2851-00-196-2-02|Chikkamagaluru|V|Data|Object-Head||||123.64|100.0
31|06|18|2851|Village and Small Industries|00||196|Assistance to Zilla Panchayats|2|Grants to District Handloom and Textiles Development Establishments|02|Assistance to Handloom Industries|409|Dakshina Kannada|2851-00-196-2-02|Dakshina Kannada|V|Data|Object-Head||||134.27|100.0
31|06|18|2851|Village and Small Industries|00||196|Assistance to Zilla Panchayats|2|Grants to District Handloom and Textiles Development Establishments|02|Assistance to Handloom Industries|410|Hassan|2851-00-196-2-02|Hassan|V|Data|Object-Head||||152.66|100.0
31|06|18|2851|Village and Small Industries|00||196|Assistance to Zilla Panchayats|2|Grants to District Handloom and Textiles Development Establishments|02|Assistance to Handloom Industries|411|Kodagu|2851-00-196-2-02|Kodagu|V|Data|Object-Head||||117.53|100.0
31|06|18|2851|Village and Small Industries|00||196|Assistance to Zilla Panchayats|2|Grants to District Handloom and Textiles Development Establishments|02|Assistance to Handloom Industries|412|Mandya|2851-00-196-2-02|Mandya|V|Data|Object-Head||||142.80|100.0
31|06|18|2851|Village and Small Industries|00||196|Assistance to Zilla Panchayats|2|Grants to District Handloom and Textiles Development Establishments|02|Assistance to Handloom Industries|413|Belagavi|2851-00-196-2-02|Belagavi|V|Data|Object-Head||||119.81|100.0
31|06|18|2851|Village and Small Industries|00||196|Assistance to Zilla Panchayats|2|Grants to District Handloom and Textiles Development Establishments|02|Assistance to Handloom Industries|414|Vijayapura|2851-00-196-2-02|Vijayapura|V|Data|Object-Head||||152.99|100.0
31|06|18|2851|Village and Small Industries|00||196|Assistance to Zilla Panchayats|2|Grants to District Handloom and Textiles Development Establishments|02|Assistance to Handloom Industries|415|Dharwad|2851-00-196-2-02|Dharwad|V|Data|Object-Head||||196.49|100.0
31|06|18|2851|Village and Small Industries|00||196|Assistance to Zilla Panchayats|2|Grants to District Handloom and Textiles Development Establishments|02|Assistance to Handloom Industries|416|Uttara Kannada|2851-00-196-2-02|Uttara Kannada|V|Data|Object-Head||||116.06|100.0
31|06|18|2851|Village and Small Industries|00||196|Assistance to Zilla Panchayats|2|Grants to District Handloom and Textiles Development Establishments|02|Assistance to Handloom Industries|417|Kalaburagi|2851-00-196-2-02|Kalaburagi|V|Data|Object-Head||||193.91|100.0
31|06|18|2851|Village and Small Industries|00||196|Assistance to Zilla Panchayats|2|Grants to District Handloom and Textiles Development Establishments|02|Assistance to Handloom Industries|418|Ballari|2851-00-196-2-02|Ballari|V|Data|Object-Head||||174.41|100.0
31|06|18|2851|Village and Small Industries|00||196|Assistance to Zilla Panchayats|2|Grants to District Handloom and Textiles Development Establishments|02|Assistance to Handloom Industries|419|Bidar|2851-00-196-2-02|Bidar|V|Data|Object-Head||||129.88|100.0
31|06|18|2851|Village and Small Industries|00||196|Assistance to Zilla Panchayats|2|Grants to District Handloom and Textiles Development Establishments|02|Assistance to Handloom Industries|420|Raichur|2851-00-196-2-02|Raichur|V|Data|Object-Head||||142.66|100.0
31|06|18|2851|Village and Small Industries|00||196|Assistance to Zilla Panchayats|2|Grants to District Handloom and Textiles Development Establishments|02|Assistance to Handloom Industries|421|Yadgiri|2851-00-196-2-02|Yadgiri|V|Data|Object-Head||||143.86|100.0
31|06|18|2851|Village and Small Industries|00||196|Assistance to Zilla Panchayats|2|Grants to District Handloom and Textiles Development Establishments|02|Assistance to Handloom Industries|451|Davanagere|2851-00-196-2-02|Davanagere|V|Data|Object-Head||||142.78|100.0
31|06|18|2851|Village and Small Industries|00||196|Assistance to Zilla Panchayats|2|Grants to District Handloom and Textiles Development Establishments|02|Assistance to Handloom Industries|452|Bengaluru South|2851-00-196-2-02|Bengaluru South|V|Data|Object-Head||||166.39|100.0
31|06|18|2851|Village and Small Industries|00||196|Assistance to Zilla Panchayats|2|Grants to District Handloom and Textiles Development Establishments|02|Assistance to Handloom Industries|453|Chikkaballapura|2851-00-196-2-02|Chikkaballapura|V|Data|Object-Head||||167.86|100.0
31|06|18|2851|Village and Small Industries|00||196|Assistance to Zilla Panchayats|2|Grants to District Handloom and Textiles Development Establishments|02|Assistance to Handloom Industries|456|Chamarajanagar|2851-00-196-2-02|Chamarajanagar|V|Data|Object-Head||||151.41|100.0
31|06|18|2851|Village and Small Industries|00||196|Assistance to Zilla Panchayats|2|Grants to District Handloom and Textiles Development Establishments|02|Assistance to Handloom Industries|457|Udupi|2851-00-196-2-02|Udupi|V|Data|Object-Head||||146.64|100.0
31|06|18|2851|Village and Small Industries|00||196|Assistance to Zilla Panchayats|2|Grants to District Handloom and Textiles Development Establishments|02|Assistance to Handloom Industries|461|Bagalkot|2851-00-196-2-02|Bagalkot|V|Data|Object-Head||||160.27|100.0
31|06|18|2851|Village and Small Industries|00||196|Assistance to Zilla Panchayats|2|Grants to District Handloom and Textiles Development Establishments|02|Assistance to Handloom Industries|462|Gadag|2851-00-196-2-02|Gadag|V|Data|Object-Head||||157.43|100.0
31|06|18|2851|Village and Small Industries|00||196|Assistance to Zilla Panchayats|2|Grants to District Handloom and Textiles Development Establishments|02|Assistance to Handloom Industries|463|Haveri|2851-00-196-2-02|Haveri|V|Data|Object-Head||||134.93|100.0
31|06|18|2851|Village and Small Industries|00||196|Assistance to Zilla Panchayats|2|Grants to District Handloom and Textiles Development Establishments|02|Assistance to Handloom Industries|466|Koppal|2851-00-196-2-02|Koppal|V|Data|Object-Head||||143.57|100.0
32|06|18|2851|Village and Small Industries|00||196|Assistance to Zilla Panchayats|2|Grants to District Handloom and Textiles Development Establishments|02|Assistance to Handloom Industries|467|Vijayanagara|2851-00-196-2-02|Vijayanagara|V|Data|Object-Head||||6.00|100.0
32|06|18|2851|Village and Small Industries|00||196|Assistance to Zilla Panchayats|2|Grants to District Handloom and Textiles Development Establishments|02|Assistance to Handloom Industries|||2851-00-196-2-02|HOA Total :|V|Total|Detailed-Head|0.00|0.00|0.00|4515.13|100.0
32|06|18|2851|Village and Small Industries|00||911|Deduct Recoveries of Over Payments|0||00|Deduct Recoveries of Over Payments|||2851-00-911-0-00|Deduct Recoveries of Over Payments|V|Header|Detailed-Head|||||100.0
32|06|18|2851|Village and Small Industries|00||911|Deduct Recoveries of Over Payments|0||00|Deduct Recoveries of Over Payments|364|Deduct - Recoveries|2851-00-911-0-00|Deduct - Recoveries|V|Data|Object-Head|-5.19||||100.0
32|06|18|2851|Village and Small Industries|00||911|Deduct Recoveries of Over Payments|0||00|Deduct Recoveries of Over Payments|||2851-00-911-0-00|HOA Total :|V|Total|Detailed-Head|-5.19|0.00|0.00|0.00|100.0
32|06|18|2851|Village and Small Industries|00||911|Deduct Recoveries of Over Payments|0||01|Deduct Recovery of Over Payments of Current Year|||2851-00-911-0-01|Deduct Recovery of Over Payments of Current Year|V|Header|Detailed-Head|||||100.0
32|06|18|2851|Village and Small Industries|00||911|Deduct Recoveries of Over Payments|0||01|Deduct Recovery of Over Payments of Current Year|364|Deduct - Recoveries|2851-00-911-0-01|Deduct - Recoveries|V|Data|Object-Head|-4.56||||100.0
32|06|18|2851|Village and Small Industries|00||911|Deduct Recoveries of Over Payments|0||01|Deduct Recovery of Over Payments of Current Year|||2851-00-911-0-01|HOA Total :|V|Total|Detailed-Head|-4.56|0.00|0.00|0.00|100.0
32|06|18|2851|Village and Small Industries|00||911|Deduct Recoveries of Over Payments|0||04|Deduct Recovery of Over Payment of Previous years-ZP|||2851-00-911-0-04|Deduct Recovery of Over Payment of Previous years-ZP|V|Header|Detailed-Head|||||100.0
32|06|18|2851|Village and Small Industries|00||911|Deduct Recoveries of Over Payments|0||04|Deduct Recovery of Over Payment of Previous years-ZP|261|Inter Account Transfers|2851-00-911-0-04|Inter Account Transfers|V|Data|Object-Head||-4220.16|-4220.16|-6192.53|100.0
32|06|18|2851|Village and Small Industries|00||911|Deduct Recoveries of Over Payments|0||04|Deduct Recovery of Over Payment of Previous years-ZP|||2851-00-911-0-04|HOA Total :|V|Total|Detailed-Head|0.00|-4220.16|-4220.16|-6192.53|100.0
32|06|18|2851|Village and Small Industries|00||||||||||2851|2851 - Total :|V|Total|Major-Head|74967.41|74195.16|74060.53|108682.58|
33|06|18|2852|Industries|08||911|Deduct-Recovery of Overpayments|0||02|Deduct-Recovery of Overpayments|||2852-08-911-0-02|Deduct-Recovery of Overpayments|V|Header|Detailed-Head|||||100.0
33|06|18|2852|Industries|08||911|Deduct-Recovery of Overpayments|0||02|Deduct-Recovery of Overpayments|364|Deduct - Recoveries|2852-08-911-0-02|Deduct - Recoveries|V|Data|Object-Head|-83.68||||100.0
33|06|18|2852|Industries|08||911|Deduct-Recovery of Overpayments|0||02|Deduct-Recovery of Overpayments|||2852-08-911-0-02|HOA Total :|V|Total|Detailed-Head|-83.68|0.00|0.00|0.00|100.0
33|06|18|2852|Industries|80||911|Deduct Recovery of Over Payment of Previous years-ZP|0||04|Deduct Recovery of Over Payment of Previous years-ZP|||2852-80-911-0-04|Deduct Recovery of Over Payment of Previous years-ZP|V|Header|Detailed-Head|||||100.0
33|06|18|2852|Industries|80||911|Deduct Recovery of Over Payment of Previous years-ZP|0||04|Deduct Recovery of Over Payment of Previous years-ZP|261|Inter Account Transfers|2852-80-911-0-04|Inter Account Transfers|V|Data|Object-Head||-41.67|-41.67|-9541.16|100.0
33|06|18|2852|Industries|80||911|Deduct Recovery of Over Payment of Previous years-ZP|0||04|Deduct Recovery of Over Payment of Previous years-ZP|||2852-80-911-0-04|HOA Total :|V|Total|Detailed-Head|0.00|-41.67|-41.67|-9541.16|100.0
33|06|18|2852|Industries|80||||||||||2852|2852 - Total :|V|Total|Major-Head|-83.68|-41.67|-41.67|-9541.16|
34|06|18|4851|Capital Outlay on Village & Small Industries|00||||||||||4851|Capital Outlay on Village & Small Industries|V|Header|Major-Head|||||
34|06|18|4851|Capital Outlay on Village & Small Industries|00||102||0||12|Construction of DIC/TIC/Quarters and Special Technical Training Institution Buildings|||4851-00-102-0-12|Construction of DIC/TIC/Quarters and Special Technical Training Institution Buildings|V|Header|Detailed-Head|||||100.0
34|06|18|4851|Capital Outlay on Village & Small Industries|00||102||0||12|Construction of DIC/TIC/Quarters and Special Technical Training Institution Buildings|132|Other Capital Expenses|4851-00-102-0-12|Other Capital Expenses|V|Data|Object-Head||50.00|50.00|50.00|100.0
34|06|18|4851|Capital Outlay on Village & Small Industries|00||102||0||12|Construction of DIC/TIC/Quarters and Special Technical Training Institution Buildings|||4851-00-102-0-12|HOA Total :|V|Total|Detailed-Head|0.00|50.00|50.00|50.00|100.0
34|06|18|4851|Capital Outlay on Village & Small Industries|00||190||0||20|Development of Industrial Infrastructure for MSMEs /Industrial Infrastructure for Peenya Industrial Area|||4851-00-190-0-20|Development of Industrial Infrastructure for MSMEs /Industrial Infrastructure for Peenya Industrial Area|V|Header|Detailed-Head|||||100.0
34|06|18|4851|Capital Outlay on Village & Small Industries|00||190||0||20|Development of Industrial Infrastructure for MSMEs /Industrial Infrastructure for Peenya Industrial Area|211|Investment|4851-00-190-0-20|Investment|V|Data|Object-Head||1500.00|1500.00|2500.00|100.0
34|06|18|4851|Capital Outlay on Village & Small Industries|00||190||0||20|Development of Industrial Infrastructure for MSMEs /Industrial Infrastructure for Peenya Industrial Area|||4851-00-190-0-20|HOA Total :|V|Total|Detailed-Head|0.00|1500.00|1500.00|2500.00|100.0
34|06|18|4851|Capital Outlay on Village & Small Industries|00||||||||||4851|4851 - Total :|V|Total|Major-Head|0.00|1550.00|1550.00|2550.00|
35|06|18|2853|Non Ferrous Mining and Metallurgical Industries|02||||||||||2853|Non Ferrous Mining and Metallurgical Industries|V|Header|Major-Head|||||
35|06|18|2853|Non Ferrous Mining and Metallurgical Industries|02||001||0||01|Director of Geology|||2853-02-001-0-01|Director of Geology|V|Header|Detailed-Head|||||100.0
35|06|18|2853|Non Ferrous Mining and Metallurgical Industries|02||001||0||01|Director of Geology|002|Basic Pay|2853-02-001-0-01|Basic Pay|V|Data|Object-Head|2037.56|4457.00|4457.00|4632.00|100.0
35|06|18|2853|Non Ferrous Mining and Metallurgical Industries|02||001||0||01|Director of Geology|003|Basic Pay-Staff|2853-02-001-0-01|Basic Pay-Staff|V|Data|Object-Head|1520.52||||100.0
35|06|18|2853|Non Ferrous Mining and Metallurgical Industries|02||001||0||01|Director of Geology|004|Interim Relief|2853-02-001-0-01|Interim Relief|V|Data|Object-Head|219.51||||100.0
35|06|18|2853|Non Ferrous Mining and Metallurgical Industries|02||001||0||01|Director of Geology|011|Dearness Allowance|2853-02-001-0-01|Dearness Allowance|V|Data|Object-Head|810.89|989.00|989.00|1163.00|100.0
35|06|18|2853|Non Ferrous Mining and Metallurgical Industries|02||001||0||01|Director of Geology|014|Other Allowance|2853-02-001-0-01|Other Allowance|V|Data|Object-Head|477.10|599.00|599.00|604.00|100.0
35|06|18|2853|Non Ferrous Mining and Metallurgical Industries|02||001||0||01|Director of Geology|015|Subsidiary Expenses|2853-02-001-0-01|Subsidiary Expenses|V|Data|Object-Head||||15.50|100.0
35|06|18|2853|Non Ferrous Mining and Metallurgical Industries|02||001||0||01|Director of Geology|020|Medical Allowance|2853-02-001-0-01|Medical Allowance|V|Data|Object-Head|12.29||||100.0
35|06|18|2853|Non Ferrous Mining and Metallurgical Industries|02||001||0||01|Director of Geology|021|Reimbursement of Medical Expenses|2853-02-001-0-01|Reimbursement of Medical Expenses|V|Data|Object-Head|12.20|38.00|38.00|37.00|100.0
35|06|18|2853|Non Ferrous Mining and Metallurgical Industries|02||001||0||01|Director of Geology|033|Daily-wages|2853-02-001-0-01|Daily-wages|V|Data|Object-Head|49.73|55.08|55.08|47.30|100.0
35|06|18|2853|Non Ferrous Mining and Metallurgical Industries|02||001||0||01|Director of Geology|034|Contract/Outsource|2853-02-001-0-01|Contract/Outsource|V|Data|Object-Head|525.49|548.32|548.32|567.38|100.0
35|06|18|2853|Non Ferrous Mining and Metallurgical Industries|02||001||0||01|Director of Geology|041|Travel Expenses|2853-02-001-0-01|Travel Expenses|V|Data|Object-Head|20.63|25.00|25.00|25.00|100.0
35|06|18|2853|Non Ferrous Mining and Metallurgical Industries|02||001||0||01|Director of Geology|050|Office Expenses|2853-02-001-0-01|Office Expenses|V|Data|Object-Head|299.01|145.00|145.00|151.00|100.0
35|06|18|2853|Non Ferrous Mining and Metallurgical Industries|02||001||0||01|Director of Geology|051|General Expenses|2853-02-001-0-01|General Expenses|V|Data|Object-Head|639.55|475.00|475.00|250.00|100.0
35|06|18|2853|Non Ferrous Mining and Metallurgical Industries|02||001||0||01|Director of Geology|052|Telephone Charges|2853-02-001-0-01|Telephone Charges|V|Data|Object-Head|12.27||||100.0
35|06|18|2853|Non Ferrous Mining and Metallurgical Industries|02||001||0||01|Director of Geology|071|Building Expenses|2853-02-001-0-01|Building Expenses|V|Data|Object-Head|199.61|180.00|180.00|187.00|100.0
35|06|18|2853|Non Ferrous Mining and Metallurgical Industries|02||001||0||01|Director of Geology|177|IT Expenditure|2853-02-001-0-01|IT Expenditure|V|Data|Object-Head||213.00|213.00|124.00|100.0
35|06|18|2853|Non Ferrous Mining and Metallurgical Industries|02||001||0||01|Director of Geology|195|Transport Expenses|2853-02-001-0-01|Transport Expenses|V|Data|Object-Head|279.25|386.40|386.40|384.36|100.0
35|06|18|2853|Non Ferrous Mining and Metallurgical Industries|02||001||0||01|Director of Geology|200|Maintenance Expenditure|2853-02-001-0-01|Maintenance Expenditure|V|Data|Object-Head||14.39|14.39|14.39|100.0
35|06|18|2853|Non Ferrous Mining and Metallurgical Industries|02||001||0||01|Director of Geology|251|Pension & Retirement Benefits|2853-02-001-0-01|Pension & Retirement Benefits|V|Data|Object-Head|15.73|15.00|15.00|34.00|100.0
35|06|18|2853|Non Ferrous Mining and Metallurgical Industries|02||001||0||01|Director of Geology|||2853-02-001-0-01|HOA Total :|V|Total|Detailed-Head|7131.34|8140.19|8140.19|8235.93|100.0
35|06|18|2853|Non Ferrous Mining and Metallurgical Industries|02||001||0||50|Vacant Post Provision|||2853-02-001-0-50|Vacant Post Provision|V|Header|Detailed-Head|||||100.0
35|06|18|2853|Non Ferrous Mining and Metallurgical Industries|02||001||0||50|Vacant Post Provision|014|Other Allowance|2853-02-001-0-50|Other Allowance|V|Data|Object-Head||1771.45|1771.45|2173.45|100.0
35|06|18|2853|Non Ferrous Mining and Metallurgical Industries|02||001||0||50|Vacant Post Provision|||2853-02-001-0-50|HOA Total :|V|Total|Detailed-Head|0.00|1771.45|1771.45|2173.45|100.0
36|06|18|2853|Non Ferrous Mining and Metallurgical Industries|02||||||||||2853|Non Ferrous Mining and Metallurgical Industries|V|Header|Major-Head|||||
36|06|18|2853|Non Ferrous Mining and Metallurgical Industries|02||102||0||10|Scheme for Training of Officers and Staff|||2853-02-102-0-10|Scheme for Training of Officers and Staff|V|Header|Detailed-Head|||||100.0
36|06|18|2853|Non Ferrous Mining and Metallurgical Industries|02||102||0||10|Scheme for Training of Officers and Staff|015|Subsidiary Expenses|2853-02-102-0-10|Subsidiary Expenses|V|Data|Object-Head|16.40|20.00|20.00|20.00|100.0
36|06|18|2853|Non Ferrous Mining and Metallurgical Industries|02||102||0||10|Scheme for Training of Officers and Staff|||2853-02-102-0-10|HOA Total :|V|Total|Detailed-Head|16.40|20.00|20.00|20.00|100.0
36|06|18|2853|Non Ferrous Mining and Metallurgical Industries|02||102||0||15|Exploration Research and Development|||2853-02-102-0-15|Exploration Research and Development|V|Header|Detailed-Head|||||100.0
36|06|18|2853|Non Ferrous Mining and Metallurgical Industries|02||102||0||15|Exploration Research and Development|034|Contract/Outsource|2853-02-102-0-15|Contract/Outsource|V|Data|Object-Head|74.23|134.95|134.95|152.87|100.0
36|06|18|2853|Non Ferrous Mining and Metallurgical Industries|02||102||0||15|Exploration Research and Development|059|Other Expenses|2853-02-102-0-15|Other Expenses|V|Data|Object-Head|596.80|1050.00|1050.00|1000.00|100.0
36|06|18|2853|Non Ferrous Mining and Metallurgical Industries|02||102||0||15|Exploration Research and Development|||2853-02-102-0-15|HOA Total :|V|Total|Detailed-Head|671.03|1184.95|1184.95|1152.87|100.0
36|06|18|2853|Non Ferrous Mining and Metallurgical Industries|02||102||0||17|Conservation Works in Mining Areas|||2853-02-102-0-17|Conservation Works in Mining Areas|V|Header|Detailed-Head|||||100.0
36|06|18|2853|Non Ferrous Mining and Metallurgical Industries|02||102||0||17|Conservation Works in Mining Areas|059|Other Expenses|2853-02-102-0-17|Other Expenses|V|Data|Object-Head|190.00|200.00|200.00|200.00|100.0
36|06|18|2853|Non Ferrous Mining and Metallurgical Industries|02||102||0||17|Conservation Works in Mining Areas|||2853-02-102-0-17|HOA Total :|V|Total|Detailed-Head|190.00|200.00|200.00|200.00|100.0
36|06|18|2853|Non Ferrous Mining and Metallurgical Industries|02||797||0||01|Transfer of EPF to Fund Account|||2853-02-797-0-01|Transfer of EPF to Fund Account|V|Header|Detailed-Head|||||100.0
36|06|18|2853|Non Ferrous Mining and Metallurgical Industries|02||797||0||01|Transfer of EPF to Fund Account|261|Inter Account Transfers|2853-02-797-0-01|Inter Account Transfers|V|Data|Object-Head|276.22|747.00|747.00|630.09|100.0
36|06|18|2853|Non Ferrous Mining and Metallurgical Industries|02||797||0||01|Transfer of EPF to Fund Account|||2853-02-797-0-01|HOA Total :|V|Total|Detailed-Head|276.22|747.00|747.00|630.09|100.0
36|06|18|2853|Non Ferrous Mining and Metallurgical Industries|02||902||0||00|Deduct Expenditure Met From EPF|||2853-02-902-0-00|Deduct Expenditure Met From EPF|V|Header|Detailed-Head|||||100.0
36|06|18|2853|Non Ferrous Mining and Metallurgical Industries|02||902||0||00|Deduct Expenditure Met From EPF|261|Inter Account Transfers|2853-02-902-0-00|Inter Account Transfers|V|Data|Object-Head|-190.00|-200.00|-200.00|-200.00|100.0
36|06|18|2853|Non Ferrous Mining and Metallurgical Industries|02||902||0||00|Deduct Expenditure Met From EPF|||2853-02-902-0-00|HOA Total :|V|Total|Detailed-Head|-190.00|-200.00|-200.00|-200.00|100.0
37|06|18|2853|Non Ferrous Mining and Metallurgical Industries|02||911|Deduct Recovery of Over Payments of Current Year|0||01|Deduct Recovery of Over Payments of Current Year|||2853-02-911-0-01|Deduct Recovery of Over Payments of Current Year|V|Header|Detailed-Head|||||100.0
37|06|18|2853|Non Ferrous Mining and Metallurgical Industries|02||911|Deduct Recovery of Over Payments of Current Year|0||01|Deduct Recovery of Over Payments of Current Year|364|Deduct - Recoveries|2853-02-911-0-01|Deduct - Recoveries|V|Data|Object-Head|-0.37||||100.0
37|06|18|2853|Non Ferrous Mining and Metallurgical Industries|02||911|Deduct Recovery of Over Payments of Current Year|0||01|Deduct Recovery of Over Payments of Current Year|||2853-02-911-0-01|HOA Total :|V|Total|Detailed-Head|-0.37|0.00|0.00|0.00|100.0
37|06|18|2853|Non Ferrous Mining and Metallurgical Industries|02||||||||||2853|2853 - Total :|V|Total|Major-Head|8094.62|11863.59|11863.59|12212.34|
38|06|26|2217|Urban Development|80||001||1|Karavali Abhivrudhi Board|06|Karavali Abhivrudhi Board|||2217-80-001-1-06|Karavali Abhivrudhi Board||Header|Detailed-Head|||||100.0
38|06|26|2217|Urban Development|80||001||1|Karavali Abhivrudhi Board|06|Karavali Abhivrudhi Board|001|Consolidated Salaries|2217-80-001-1-06|Consolidated Salaries||Data|Object-Head||84.00|84.00||100.0
38|06|26|2217|Urban Development|80||001||1|Karavali Abhivrudhi Board|06|Karavali Abhivrudhi Board|002|Basic Pay|2217-80-001-1-06|Basic Pay||Data|Object-Head|22.50|28.00|28.00||100.0
38|06|26|2217|Urban Development|80||001||1|Karavali Abhivrudhi Board|06|Karavali Abhivrudhi Board|004|Interim Relief|2217-80-001-1-06|Interim Relief||Data|Object-Head|2.28||||100.0
38|06|26|2217|Urban Development|80||001||1|Karavali Abhivrudhi Board|06|Karavali Abhivrudhi Board|011|Dearness Allowance|2217-80-001-1-06|Dearness Allowance||Data|Object-Head|6.58|7.00|7.00||100.0
38|06|26|2217|Urban Development|80||001||1|Karavali Abhivrudhi Board|06|Karavali Abhivrudhi Board|014|Other Allowance|2217-80-001-1-06|Other Allowance||Data|Object-Head|3.73|5.00|5.00||100.0
38|06|26|2217|Urban Development|80||001||1|Karavali Abhivrudhi Board|06|Karavali Abhivrudhi Board|021|Reimbursement of Medical Expenses|2217-80-001-1-06|Reimbursement of Medical Expenses||Data|Object-Head|3.76|3.00|3.00||100.0
38|06|26|2217|Urban Development|80||001||1|Karavali Abhivrudhi Board|06|Karavali Abhivrudhi Board|034|Contract/Outsource|2217-80-001-1-06|Contract/Outsource||Data|Object-Head|35.12|40.01|40.01||100.0
38|06|26|2217|Urban Development|80||001||1|Karavali Abhivrudhi Board|06|Karavali Abhivrudhi Board|041|Travel Expenses|2217-80-001-1-06|Travel Expenses||Data|Object-Head|0.65|5.00|5.00||100.0
38|06|26|2217|Urban Development|80||001||1|Karavali Abhivrudhi Board|06|Karavali Abhivrudhi Board|050|Office Expenses|2217-80-001-1-06|Office Expenses||Data|Object-Head|1.00|2.00|2.00||100.0
38|06|26|2217|Urban Development|80||001||1|Karavali Abhivrudhi Board|06|Karavali Abhivrudhi Board|051|General Expenses|2217-80-001-1-06|General Expenses||Data|Object-Head|13.80|15.00|15.00||100.0
38|06|26|2217|Urban Development|80||001||1|Karavali Abhivrudhi Board|06|Karavali Abhivrudhi Board|052|Telephone Charges|2217-80-001-1-06|Telephone Charges||Data|Object-Head|0.33||||100.0
38|06|26|2217|Urban Development|80||001||1|Karavali Abhivrudhi Board|06|Karavali Abhivrudhi Board|071|Building Expenses|2217-80-001-1-06|Building Expenses||Data|Object-Head|4.62|5.00|5.00||100.0
38|06|26|2217|Urban Development|80||001||1|Karavali Abhivrudhi Board|06|Karavali Abhivrudhi Board|101|Grants-in-Aid-Salaries|2217-80-001-1-06|Grants-in-Aid-Salaries||Data|Object-Head||||33.55|100.0
38|06|26|2217|Urban Development|80||001||1|Karavali Abhivrudhi Board|06|Karavali Abhivrudhi Board|103|Grants-in-Aid -General|2217-80-001-1-06|Grants-in-Aid -General||Data|Object-Head||||123.80|100.0
38|06|26|2217|Urban Development|80||001||1|Karavali Abhivrudhi Board|06|Karavali Abhivrudhi Board|115|GIA Contract /Outsource|2217-80-001-1-06|GIA Contract /Outsource||Data|Object-Head||||48.23|100.0
38|06|26|2217|Urban Development|80||001||1|Karavali Abhivrudhi Board|06|Karavali Abhivrudhi Board|195|Transport Expenses|2217-80-001-1-06|Transport Expenses||Data|Object-Head|3.13|8.94|8.94||100.0
38|06|26|2217|Urban Development|80||001||1|Karavali Abhivrudhi Board|06|Karavali Abhivrudhi Board||||2217-80-001-1-06|HOA Total :|Total|Detailed-Head|97.50|202.95|202.95|205.58|100.0
38|06|26|2217|Urban Development|80||||||||||2217|2217 - Total :||Total|Major-Head|97.50|202.95|202.95|205.58|
39|06|26|2515|Other Rural Development Programmes|00||||||||||2515|Other Rural Development Programmes||Header|Major-Head|||||
39|06|26|2515|Other Rural Development Programmes|00||003||0||01|Data Mining and Analytics Centres|||2515-00-003-0-01|Data Mining and Analytics Centres||Header|Detailed-Head|||||100.0
39|06|26|2515|Other Rural Development Programmes|00||003||0||01|Data Mining and Analytics Centres|059|Other Expenses|2515-00-003-0-01|Other Expenses||Data|Object-Head|92.87||||100.0
39|06|26|2515|Other Rural Development Programmes|00||003||0||01|Data Mining and Analytics Centres|200|Maintenance Expenditure|2515-00-003-0-01|Maintenance Expenditure||Data|Object-Head||52.00|52.00|29.00|100.0
39|06|26|2515|Other Rural Development Programmes|00||003||0||01|Data Mining and Analytics Centres|||2515-00-003-0-01|HOA Total :||Total|Detailed-Head|92.87|52.00|52.00|29.00|100.0
39|06|26|2515|Other Rural Development Programmes|00||103||0||02|Malnad Area Development Board|||2515-00-103-0-02|Malnad Area Development Board||Header|Detailed-Head|||||100.0
39|06|26|2515|Other Rural Development Programmes|00||103||0||02|Malnad Area Development Board|101|Grants-in-Aid-Salaries|2515-00-103-0-02|Grants-in-Aid-Salaries||Data|Object-Head|100.98|151.70|151.70|147.50|100.0
39|06|26|2515|Other Rural Development Programmes|00||103||0||02|Malnad Area Development Board|103|Grants-in-Aid -General|2515-00-103-0-02|Grants-in-Aid -General||Data|Object-Head|90.00|40.00|40.00|45.00|100.0
39|06|26|2515|Other Rural Development Programmes|00||103||0||02|Malnad Area Development Board|115|GIA Contract /Outsource|2515-00-103-0-02|GIA Contract /Outsource||Data|Object-Head|16.58|16.57|16.57|17.20|100.0
39|06|26|2515|Other Rural Development Programmes|00||103||0||02|Malnad Area Development Board|||2515-00-103-0-02|HOA Total :||Total|Detailed-Head|207.56|208.27|208.27|209.70|100.0
39|06|26|2515|Other Rural Development Programmes|00||103||0||03|Bayaluseeme Development Board|||2515-00-103-0-03|Bayaluseeme Development Board||Header|Detailed-Head|||||100.0
39|06|26|2515|Other Rural Development Programmes|00||103||0||03|Bayaluseeme Development Board|101|Grants-in-Aid-Salaries|2515-00-103-0-03|Grants-in-Aid-Salaries||Data|Object-Head|55.54|144.39|144.39|154.99|100.0
39|06|26|2515|Other Rural Development Programmes|00||103||0||03|Bayaluseeme Development Board|103|Grants-in-Aid -General|2515-00-103-0-03|Grants-in-Aid -General||Data|Object-Head|40.00|50.00|50.00|50.00|100.0
39|06|26|2515|Other Rural Development Programmes|00||103||0||03|Bayaluseeme Development Board|115|GIA Contract /Outsource|2515-00-103-0-03|GIA Contract /Outsource||Data|Object-Head|30.20|37.22|37.22|35.68|100.0
39|06|26|2515|Other Rural Development Programmes|00||103||0||03|Bayaluseeme Development Board|||2515-00-103-0-03|HOA Total :||Total|Detailed-Head|125.74|231.61|231.61|240.67|100.0
39|06|26|2515|Other Rural Development Programmes|00||||||||||2515|2515 - Total :||Total|Major-Head|426.17|491.88|491.88|479.37|
40|06|26|2575|Other Special Area Programme|06||||||||||2575|Other Special Area Programme||Header|Major-Head|||||
40|06|26|2575|Other Special Area Programme|06||101||0||01|Karnataka Border Area Development Authority|||2575-06-101-0-01|Karnataka Border Area Development Authority||Header|Detailed-Head|||||100.0
40|06|26|2575|Other Special Area Programme|06||101||0||01|Karnataka Border Area Development Authority|101|Grants-in-Aid-Salaries|2575-06-101-0-01|Grants-in-Aid-Salaries||Data|Object-Head||57.73|57.73|46.31|100.0
40|06|26|2575|Other Special Area Programme|06||101||0||01|Karnataka Border Area Development Authority|103|Grants-in-Aid -General|2575-06-101-0-01|Grants-in-Aid -General||Data|Object-Head||759.00|759.00|759.00|100.0
40|06|26|2575|Other Special Area Programme|06||101||0||01|Karnataka Border Area Development Authority|115|GIA Contract /Outsource|2575-06-101-0-01|GIA Contract /Outsource||Data|Object-Head||126.49|126.49|75.81|100.0
40|06|26|2575|Other Special Area Programme|06||101||0||01|Karnataka Border Area Development Authority|422|Schedule Caste Sub Plan|2575-06-101-0-01|Schedule Caste Sub Plan||Data|Object-Head||172.00|172.00|172.00|100.0
40|06|26|2575|Other Special Area Programme|06||101||0||01|Karnataka Border Area Development Authority|423|Tribal Sub Plan|2575-06-101-0-01|Tribal Sub Plan||Data|Object-Head||69.00|69.00|69.00|100.0
40|06|26|2575|Other Special Area Programme|06||101||0||01|Karnataka Border Area Development Authority||||HOA Total :||Total|Detailed-Head|0.00|1184.22|1184.22|1122.12|100.0
40|06|26|2575|Other Special Area Programme|60||265||0||02|Legislator's Constituency Development Fund|||2575-60-265-0-02|Legislator's Constituency Development Fund||Header|Detailed-Head|||||100.0
40|06|26|2575|Other Special Area Programme|60||265||0||02|Legislator's Constituency Development Fund|034|Contract/Outsource|2575-60-265-0-02|Contract/Outsource||Data|Object-Head|192.37|205.17|205.17|249.27|100.0
40|06|26|2575|Other Special Area Programme|60||265||0||02|Legislator's Constituency Development Fund|051|General Expenses|2575-60-265-0-02|General Expenses||Data|Object-Head|13.90|20.00|20.00|20.00|100.0
40|06|26|2575|Other Special Area Programme|60||265||0||02|Legislator's Constituency Development Fund||||HOA Total :||Total|Detailed-Head|206.27|225.17|225.17|269.27|100.0
40|06|26|2575|Other Special Area Programme|60||||||||||2575|2575 - Total :||Total|Major-Head|206.27|1409.39|1409.39|1391.39|
41|06|26|3425|Other Scientific Research|60||||||||||3425|Other Scientific Research||Header|Major-Head|||||
41|06|26|3425|Other Scientific Research|60||196||1||01|Natural Resources Data Management System|||3425-60-196-1-01|Natural Resources Data Management System||Header|Detailed-Head|||||100.0
41|06|26|3425|Other Scientific Research|60||196||1||01|Natural Resources Data Management System|401|Bengaluru (Urban)|3425-60-196-1-01|Bengaluru (Urban)||Data|Object-Head|6.24|9.44|9.44|9.00|100.0
41|06|26|3425|Other Scientific Research|60||196||1||01|Natural Resources Data Management System|402|Bengaluru (Rural)|3425-60-196-1-01|Bengaluru (Rural)||Data|Object-Head|6.24|7.13|7.13|8.00|100.0
41|06|26|3425|Other Scientific Research|60||196||1||01|Natural Resources Data Management System|403|Chitradurga|3425-60-196-1-01|Chitradurga||Data|Object-Head|7.28|7.50|7.50|7.00|100.0
41|06|26|3425|Other Scientific Research|60||196||1||01|Natural Resources Data Management System|404|Kolar|3425-60-196-1-01|Kolar||Data|Object-Head|6.24|6.50|6.50|6.05|100.0
41|06|26|3425|Other Scientific Research|60||196||1||01|Natural Resources Data Management System|405|Shivamogga|3425-60-196-1-01|Shivamogga||Data|Object-Head|6.24|7.08|7.08|7.28|100.0
41|06|26|3425|Other Scientific Research|60||196||1||01|Natural Resources Data Management System|406|Tumakuru|3425-60-196-1-01|Tumakuru||Data|Object-Head|6.24|6.50|6.50|6.05|100.0
41|06|26|3425|Other Scientific Research|60||196||1||01|Natural Resources Data Management System|407|Mysuru|3425-60-196-1-01|Mysuru||Data|Object-Head|8.32|9.44|9.44|9.87|100.0
41|06|26|3425|Other Scientific Research|60||196||1||01|Natural Resources Data Management System|408|Chikkamagaluru|3425-60-196-1-01|Chikkamagaluru||Data|Object-Head|6.24|7.73|7.73|8.00|100.0
41|06|26|3425|Other Scientific Research|60||196||1||01|Natural Resources Data Management System|409|Dakshina Kannada|3425-60-196-1-01|Dakshina Kannada||Data|Object-Head|8.32|9.44|9.44|9.87|100.0
41|06|26|3425|Other Scientific Research|60||196||1||01|Natural Resources Data Management System|410|Hassan|3425-60-196-1-01|Hassan||Data|Object-Head|6.24|7.13|7.13|7.34|100.0
41|06|26|3425|Other Scientific Research|60||196||1||01|Natural Resources Data Management System|411|Kodagu|3425-60-196-1-01|Kodagu||Data|Object-Head|5.20|5.96|5.96|5.72|100.0
41|06|26|3425|Other Scientific Research|60||196||1||01|Natural Resources Data Management System|412|Mandya|3425-60-196-1-01|Mandya||Data|Object-Head|8.32|9.44|9.44|9.87|100.0
41|06|26|3425|Other Scientific Research|60||196||1||01|Natural Resources Data Management System|413|Belagavi|3425-60-196-1-01|Belagavi||Data|Object-Head|8.32|9.14|9.14|9.54|100.0
41|06|26|3425|Other Scientific Research|60||196||1||01|Natural Resources Data Management System|414|Vijayapura|3425-60-196-1-01|Vijayapura||Data|Object-Head|8.32|8.50|8.50|8.00|100.0
41|06|26|3425|Other Scientific Research|60||196||1||01|Natural Resources Data Management System|415|Dharwad|3425-60-196-1-01|Dharwad||Data|Object-Head|8.32|9.68|9.68|10.14|100.0
41|06|26|3425|Other Scientific Research|60||196||1||01|Natural Resources Data Management System|416|Uttara Kannada|3425-60-196-1-01|Uttara Kannada||Data|Object-Head|17.68|7.72|7.72|7.21|100.0
41|06|26|3425|Other Scientific Research|60||196||1||01|Natural Resources Data Management System|417|Kalaburagi|3425-60-196-1-01|Kalaburagi||Data|Object-Head|7.28|8.85|8.85|9.23|100.0
41|06|26|3425|Other Scientific Research|60||196||1||01|Natural Resources Data Management System|418|Ballari|3425-60-196-1-01|Ballari||Data|Object-Head|8.32|9.44|9.44|9.87|100.0
41|06|26|3425|Other Scientific Research|60||196||1||01|Natural Resources Data Management System|419|Bidar|3425-60-196-1-01|Bidar||Data|Object-Head|7.28|8.54|8.54|8.58|100.0
41|06|26|3425|Other Scientific Research|60||196||1||01|Natural Resources Data Management System|420|Raichur|3425-60-196-1-01|Raichur||Data|Object-Head|6.24|7.08|7.08|7.28|100.0
41|06|26|3425|Other Scientific Research|60||196||1||01|Natural Resources Data Management System|421|Yadgiri|3425-60-196-1-01|Yadgiri||Data|Object-Head|8.32|9.44|9.44|9.87|100.0
41|06|26|3425|Other Scientific Research|60||196||1||01|Natural Resources Data Management System|451|Davanagere|3425-60-196-1-01|Davanagere||Data|Object-Head|8.32|8.00|8.00|8.58|100.0
41|06|26|3425|Other Scientific Research|60||196||1||01|Natural Resources Data Management System|452|Bengaluru South|3425-60-196-1-01|Bengaluru South||Data|Object-Head|7.28|8.26|8.26|8.58|100.0
41|06|26|3425|Other Scientific Research|60||196||1||01|Natural Resources Data Management System|453|Chikkaballapura|3425-60-196-1-01|Chikkaballapura||Data|Object-Head|8.32|9.44|9.44|9.87|100.0
41|06|26|3425|Other Scientific Research|60||196||1||01|Natural Resources Data Management System|456|Chamarajanagar|3425-60-196-1-01|Chamarajanagar||Data|Object-Head|8.32|9.72|9.72|10.19|100.0
41|06|26|3425|Other Scientific Research|60||196||1||01|Natural Resources Data Management System|457|Udupi|3425-60-196-1-01|Udupi||Data|Object-Head|8.32|9.44|9.44|9.87|100.0
41|06|26|3425|Other Scientific Research|60||196||1||01|Natural Resources Data Management System|461|Bagalkot|3425-60-196-1-01|Bagalkot||Data|Object-Head|8.32|9.25|9.25|9.99|100.0
41|06|26|3425|Other Scientific Research|60||196||1||01|Natural Resources Data Management System|462|Gadag|3425-60-196-1-01|Gadag||Data|Object-Head|7.28|9.44|9.44|9.87|100.0
42|06|26|3425|Other Scientific Research|60||196||1||01|Natural Resources Data Management System|463|Haveri|3425-60-196-1-01|Haveri|V|Data|Object-Head|7.28|8.85|8.85|9.23|100.0
42|06|26|3425|Other Scientific Research|60||196||1||01|Natural Resources Data Management System|466|Koppal|3425-60-196-1-01|Koppal|V|Data|Object-Head|7.28|9.14|9.14|9.54|100.0
42|06|26|3425|Other Scientific Research|60||196||1||01|Natural Resources Data Management System|467|Vijayanagara|3425-60-196-1-01|Vijayanagara|V|Data|Object-Head|10.40|10.00|10.00|8.30|100.0
42|06|26|3425|Other Scientific Research|60||196||1||01|Natural Resources Data Management System|||3425-60-196-1-01|HOA Total :|V|Total|Detailed-Head|242.32|263.22|263.22|267.79|100.0
42|06|26|3425|Other Scientific Research|60||911|Deduct Recoveries|0||04|Deduct Recovery of Over Payment of Previous years-ZP|||3425-60-911-0-04|Deduct Recovery of Over Payment of Previous years-ZP|V|Header|Detailed-Head|||||100.0
42|06|26|3425|Other Scientific Research|60||911|Deduct Recoveries|0||04|Deduct Recovery of Over Payment of Previous years-ZP|261|Inter Account Transfers|3425-60-911-0-04|Inter Account Transfers|V|Data|Object-Head||-62.67|-62.67|-85.83|100.0
42|06|26|3425|Other Scientific Research|60||911|Deduct Recoveries|0||04|Deduct Recovery of Over Payment of Previous years-ZP|||3425-60-911-0-04|HOA Total :|V|Total|Detailed-Head|0.00|-62.67|-62.67|-85.83|100.0
42|06|26|3425|Other Scientific Research|60||||||||||3425|3425 - Total :|V|Total|Major-Head|242.32|200.55|200.55|181.96|
43|06|26|3451|Secretariat- Economic Services|00||||||||||3451|Secretariat- Economic Services|V|Header|Major-Head|||||
43|06|26|3451|Secretariat- Economic Services|00||092||0||05|Karnataka Evaluation Authority|||3451-00-092-0-05|Karnataka Evaluation Authority|V|Header|Detailed-Head|||||100.0
43|06|26|3451|Secretariat- Economic Services|00||092||0||05|Karnataka Evaluation Authority|101|Grants-in-Aid-Salaries|3451-00-092-0-05|Grants-in-Aid-Salaries|V|Data|Object-Head|167.81|227.22|227.22|270.99|100.0
43|06|26|3451|Secretariat- Economic Services|00||092||0||05|Karnataka Evaluation Authority|103|Grants-in-Aid -General|3451-00-092-0-05|Grants-in-Aid -General|V|Data|Object-Head||1.00|1.00|1.00|100.0
43|06|26|3451|Secretariat- Economic Services|00||092||0||05|Karnataka Evaluation Authority|115|GIA Contract /Outsource|3451-00-092-0-05|GIA Contract /Outsource|V|Data|Object-Head|91.91|46.64|46.64|131.21|100.0
43|06|26|3451|Secretariat- Economic Services|00||092||0||05|Karnataka Evaluation Authority|||3451-00-092-0-05|HOA Total :|V|Total|Detailed-Head|259.72|274.86|274.86|403.20|100.0
43|06|26|3451|Secretariat- Economic Services|00||092||0||06|Karnataka Regional Imbalance Redressal Committee|||3451-00-092-0-06|Karnataka Regional Imbalance Redressal Committee|V|Header|Detailed-Head|||||100.0
43|06|26|3451|Secretariat- Economic Services|00||092||0||06|Karnataka Regional Imbalance Redressal Committee|103|Grants-in-Aid -General|3451-00-092-0-06|Grants-in-Aid -General|V|Data|Object-Head||250.00|250.00|1.00|100.0
43|06|26|3451|Secretariat- Economic Services|00||092||0||06|Karnataka Regional Imbalance Redressal Committee|||3451-00-092-0-06|HOA Total :|V|Total|Detailed-Head|0.00|250.00|250.00|1.00|100.0
43|06|26|3451|Secretariat- Economic Services|00||101||1||01|Establishment Charges of Planning Committee|||3451-00-101-1-01|Establishment Charges of Planning Committee|V|Header|Detailed-Head|||||100.0
43|06|26|3451|Secretariat- Economic Services|00||101||1||01|Establishment Charges of Planning Committee|002|Basic Pay|3451-00-101-1-01|Basic Pay|V|Data|Object-Head|397.78|563.00|563.00|578.00|100.0
43|06|26|3451|Secretariat- Economic Services|00||101||1||01|Establishment Charges of Planning Committee|003|Basic Pay-Staff|3451-00-101-1-01|Basic Pay-Staff|V|Data|Object-Head|29.90||||100.0
43|06|26|3451|Secretariat- Economic Services|00||101||1||01|Establishment Charges of Planning Committee|004|Interim Relief|3451-00-101-1-01|Interim Relief|V|Data|Object-Head|38.72||||100.0
43|06|26|3451|Secretariat- Economic Services|00||101||1||01|Establishment Charges of Planning Committee|011|Dearness Allowance|3451-00-101-1-01|Dearness Allowance|V|Data|Object-Head|122.45|124.00|124.00|145.00|100.0
43|06|26|3451|Secretariat- Economic Services|00||101||1||01|Establishment Charges of Planning Committee|014|Other Allowance|3451-00-101-1-01|Other Allowance|V|Data|Object-Head|120.94|126.00|126.00|132.00|100.0
43|06|26|3451|Secretariat- Economic Services|00||101||1||01|Establishment Charges of Planning Committee|020|Medical Allowance|3451-00-101-1-01|Medical Allowance|V|Data|Object-Head|0.18||||100.0
43|06|26|3451|Secretariat- Economic Services|00||101||1||01|Establishment Charges of Planning Committee|021|Reimbursement of Medical Expenses|3451-00-101-1-01|Reimbursement of Medical Expenses|V|Data|Object-Head||15.00|15.00|15.00|100.0
43|06|26|3451|Secretariat- Economic Services|00||101||1||01|Establishment Charges of Planning Committee|034|Contract/Outsource|3451-00-101-1-01|Contract/Outsource|V|Data|Object-Head|18.96|27.64|27.64|31.21|100.0
43|06|26|3451|Secretariat- Economic Services|00||101||1||01|Establishment Charges of Planning Committee|041|Travel Expenses|3451-00-101-1-01|Travel Expenses|V|Data|Object-Head||1.00|1.00|1.00|100.0
43|06|26|3451|Secretariat- Economic Services|00||101||1||01|Establishment Charges of Planning Committee|051|General Expenses|3451-00-101-1-01|General Expenses|V|Data|Object-Head|40.85|30.00|30.00|16.00|100.0
43|06|26|3451|Secretariat- Economic Services|00||101||1||01|Establishment Charges of Planning Committee|195|Transport Expenses|3451-00-101-1-01|Transport Expenses|V|Data|Object-Head|43.16|62.26|62.26|62.26|100.0
43|06|26|3451|Secretariat- Economic Services|00||101||1||01|Establishment Charges of Planning Committee|||3451-00-101-1-01|HOA Total :|V|Total|Detailed-Head|812.94|948.90|948.90|980.47|100.0
43|06|26|3451|Secretariat- Economic Services|00||101||4||00|Karnataka State Policy and Planning Commission|||3451-00-101-4-00|Karnataka State Policy and Planning Commission|V|Header|Detailed-Head|||||100.0
43|06|26|3451|Secretariat- Economic Services|00||101||4||00|Karnataka State Policy and Planning Commission|001|Consolidated Salaries|3451-00-101-4-00|Consolidated Salaries|V|Data|Object-Head|2.48|30.00|56.80|77.66|100.0
44|06|26|3451|Secretariat- Economic Services|00||101|Planning Commission/Planning Board|4|Karnataka State Policy and Planning Commission|00|Karnataka State Policy and Planning Commission|015|Subsidiary Expenses|3451-00-101-4-00|Subsidiary Expenses|V|Data|Object-Head||1.00|1.00|1.00|100.0
44|06|26|3451|Secretariat- Economic Services|00||101|Planning Commission/Planning Board|4|Karnataka State Policy and Planning Commission|00|Karnataka State Policy and Planning Commission|034|Contract/Outsource|3451-00-101-4-00|Contract/Outsource|V|Data|Object-Head|64.72|40.82|40.82|59.78|100.0
44|06|26|3451|Secretariat- Economic Services|00||101|Planning Commission/Planning Board|4|Karnataka State Policy and Planning Commission|00|Karnataka State Policy and Planning Commission|041|Travel Expenses|3451-00-101-4-00|Travel Expenses|V|Data|Object-Head|1.36|5.00|5.00|20.00|100.0
44|06|26|3451|Secretariat- Economic Services|00||101|Planning Commission/Planning Board|4|Karnataka State Policy and Planning Commission|00|Karnataka State Policy and Planning Commission|050|Office Expenses|3451-00-101-4-00|Office Expenses|V|Data|Object-Head|1.86|6.00|6.00|8.00|100.0
44|06|26|3451|Secretariat- Economic Services|00||101|Planning Commission/Planning Board|4|Karnataka State Policy and Planning Commission|00|Karnataka State Policy and Planning Commission|051|General Expenses|3451-00-101-4-00|General Expenses|V|Data|Object-Head|4.81|100.00|100.00|285.00|100.0
44|06|26|3451|Secretariat- Economic Services|00||101|Planning Commission/Planning Board|4|Karnataka State Policy and Planning Commission|00|Karnataka State Policy and Planning Commission|071|Building Expenses|3451-00-101-4-00|Building Expenses|V|Data|Object-Head||10.00|10.00|1.00|100.0
44|06|26|3451|Secretariat- Economic Services|00||101|Planning Commission/Planning Board|4|Karnataka State Policy and Planning Commission|00|Karnataka State Policy and Planning Commission|195|Transport Expenses|3451-00-101-4-00|Transport Expenses|V|Data|Object-Head|5.13|23.14|23.14|5.21|100.0
44|06|26|3451|Secretariat- Economic Services|00||101|Planning Commission/Planning Board|4|Karnataka State Policy and Planning Commission|00|Karnataka State Policy and Planning Commission|||3451-00-101-4-00|HOA Total :|V|Total|Detailed-Head|80.36|215.96|242.76|457.65|100.0
44|06|26|3451|Secretariat- Economic Services|00||196||1||01|Grants to District Planning Committees, Audit Fee to AG and Publication Expenses|||3451-00-196-1-01|Grants to District Planning Committees, Audit Fee to AG and Publication Expenses|V|Header|Detailed-Head|||||100.0
44|06|26|3451|Secretariat- Economic Services|00||196||1||01|Grants to District Planning Committees, Audit Fee to AG and Publication Expenses|401|Bengaluru (Urban)|3451-00-196-1-01|Bengaluru (Urban)|V|Data|Object-Head|118.07|134.42|134.42|158.13|100.0
44|06|26|3451|Secretariat- Economic Services|00||196||1||01|Grants to District Planning Committees, Audit Fee to AG and Publication Expenses|402|Bengaluru (Rural)|3451-00-196-1-01|Bengaluru (Rural)|V|Data|Object-Head|96.63|119.84|119.84|112.61|100.0
44|06|26|3451|Secretariat- Economic Services|00||196||1||01|Grants to District Planning Committees, Audit Fee to AG and Publication Expenses|403|Chitradurga|3451-00-196-1-01|Chitradurga|V|Data|Object-Head|161.42|189.02|189.02|238.51|100.0
44|06|26|3451|Secretariat- Economic Services|00||196||1||01|Grants to District Planning Committees, Audit Fee to AG and Publication Expenses|404|Kolar|3451-00-196-1-01|Kolar|V|Data|Object-Head|46.60|79.61|79.61|73.41|100.0
44|06|26|3451|Secretariat- Economic Services|00||196||1||01|Grants to District Planning Committees, Audit Fee to AG and Publication Expenses|405|Shivamogga|3451-00-196-1-01|Shivamogga|V|Data|Object-Head|111.01|163.97|163.97|176.12|100.0
44|06|26|3451|Secretariat- Economic Services|00||196||1||01|Grants to District Planning Committees, Audit Fee to AG and Publication Expenses|406|Tumakuru|3451-00-196-1-01|Tumakuru|V|Data|Object-Head|184.63|218.37|218.37|211.37|100.0
44|06|26|3451|Secretariat- Economic Services|00||196||1||01|Grants to District Planning Committees, Audit Fee to AG and Publication Expenses|407|Mysuru|3451-00-196-1-01|Mysuru|V|Data|Object-Head|101.22|140.98|140.98|112.28|100.0
44|06|26|3451|Secretariat- Economic Services|00||196||1||01|Grants to District Planning Committees, Audit Fee to AG and Publication Expenses|408|Chikkamagaluru|3451-00-196-1-01|Chikkamagaluru|V|Data|Object-Head|111.49|109.32|109.32|123.69|100.0
44|06|26|3451|Secretariat- Economic Services|00||196||1||01|Grants to District Planning Committees, Audit Fee to AG and Publication Expenses|409|Dakshina Kannada|3451-00-196-1-01|Dakshina Kannada|V|Data|Object-Head|73.12|86.44|86.44|84.85|100.0
44|06|26|3451|Secretariat- Economic Services|00||196||1||01|Grants to District Planning Committees, Audit Fee to AG and Publication Expenses|410|Hassan|3451-00-196-1-01|Hassan|V|Data|Object-Head|117.71|164.29|164.29|179.04|100.0
44|06|26|3451|Secretariat- Economic Services|00||196||1||01|Grants to District Planning Committees, Audit Fee to AG and Publication Expenses|411|Kodagu|3451-00-196-1-01|Kodagu|V|Data|Object-Head|43.39|45.05|45.05|71.38|100.0
44|06|26|3451|Secretariat- Economic Services|00||196||1||01|Grants to District Planning Committees, Audit Fee to AG and Publication Expenses|412|Mandya|3451-00-196-1-01|Mandya|V|Data|Object-Head|168.40|210.44|210.44|245.71|100.0
44|06|26|3451|Secretariat- Economic Services|00||196||1||01|Grants to District Planning Committees, Audit Fee to AG and Publication Expenses|413|Belagavi|3451-00-196-1-01|Belagavi|V|Data|Object-Head|75.49|81.54|81.54|107.14|100.0
44|06|26|3451|Secretariat- Economic Services|00||196||1||01|Grants to District Planning Committees, Audit Fee to AG and Publication Expenses|414|Vijayapura|3451-00-196-1-01|Vijayapura|V|Data|Object-Head|163.68|181.91|181.91|229.58|100.0
44|06|26|3451|Secretariat- Economic Services|00||196||1||01|Grants to District Planning Committees, Audit Fee to AG and Publication Expenses|415|Dharwad|3451-00-196-1-01|Dharwad|V|Data|Object-Head|148.43|161.91|161.91|201.41|100.0
44|06|26|3451|Secretariat- Economic Services|00||196||1||01|Grants to District Planning Committees, Audit Fee to AG and Publication Expenses|416|Uttara Kannada|3451-00-196-1-01|Uttara Kannada|V|Data|Object-Head|73.23|80.76|80.76|85.97|100.0
44|06|26|3451|Secretariat- Economic Services|00||196||1||01|Grants to District Planning Committees, Audit Fee to AG and Publication Expenses|417|Kalaburagi|3451-00-196-1-01|Kalaburagi|V|Data|Object-Head|230.20|271.45|271.45|232.76|100.0
44|06|26|3451|Secretariat- Economic Services|00||196||1||01|Grants to District Planning Committees, Audit Fee to AG and Publication Expenses|418|Ballari|3451-00-196-1-01|Ballari|V|Data|Object-Head|106.85|141.64|141.64|147.36|100.0
44|06|26|3451|Secretariat- Economic Services|00||196||1||01|Grants to District Planning Committees, Audit Fee to AG and Publication Expenses|419|Bidar|3451-00-196-1-01|Bidar|V|Data|Object-Head|140.79|142.28|142.28|160.63|100.0
45|06|26|3451|Secretariat- Economic Services|00||196||1||01|Grants to District Planning Committees, Audit Fee to AG and Publication Expenses|420|Raichur|3451-00-196-1-01|Raichur|V|Data|Object-Head|98.08|134.57|134.57|138.56|100.0
45|06|26|3451|Secretariat- Economic Services|00||196||1||01|Grants to District Planning Committees, Audit Fee to AG and Publication Expenses|421|Yadgiri|3451-00-196-1-01|Yadgiri|V|Data|Object-Head|59.40|120.83|120.83|134.65|100.0
45|06|26|3451|Secretariat- Economic Services|00||196||1||01|Grants to District Planning Committees, Audit Fee to AG and Publication Expenses|451|Davanagere|3451-00-196-1-01|Davanagere|V|Data|Object-Head|126.13|153.63|153.63|165.40|100.0
45|06|26|3451|Secretariat- Economic Services|00||196||1||01|Grants to District Planning Committees, Audit Fee to AG and Publication Expenses|452|Bengaluru South|3451-00-196-1-01|Bengaluru South|V|Data|Object-Head|113.43|140.13|140.13|155.89|100.0
45|06|26|3451|Secretariat- Economic Services|00||196||1||01|Grants to District Planning Committees, Audit Fee to AG and Publication Expenses|453|Chikkaballapura|3451-00-196-1-01|Chikkaballapura|V|Data|Object-Head|44.95|43.89|43.89|55.45|100.0
45|06|26|3451|Secretariat- Economic Services|00||196||1||01|Grants to District Planning Committees, Audit Fee to AG and Publication Expenses|456|Chamarajanagar|3451-00-196-1-01|Chamarajanagar|V|Data|Object-Head|129.64|119.78|119.78|170.20|100.0
45|06|26|3451|Secretariat- Economic Services|00||196||1||01|Grants to District Planning Committees, Audit Fee to AG and Publication Expenses|457|Udupi|3451-00-196-1-01|Udupi|V|Data|Object-Head|70.14|81.16|81.16|96.24|100.0
45|06|26|3451|Secretariat- Economic Services|00||196||1||01|Grants to District Planning Committees, Audit Fee to AG and Publication Expenses|461|Bagalkot|3451-00-196-1-01|Bagalkot|V|Data|Object-Head|71.95|93.33|93.33|81.80|100.0
45|06|26|3451|Secretariat- Economic Services|00||196||1||01|Grants to District Planning Committees, Audit Fee to AG and Publication Expenses|462|Gadag|3451-00-196-1-01|Gadag|V|Data|Object-Head|66.43|111.07|111.07|155.30|100.0
45|06|26|3451|Secretariat- Economic Services|00||196||1||01|Grants to District Planning Committees, Audit Fee to AG and Publication Expenses|463|Haveri|3451-00-196-1-01|Haveri|V|Data|Object-Head|122.69|166.63|166.63|194.26|100.0
45|06|26|3451|Secretariat- Economic Services|00||196||1||01|Grants to District Planning Committees, Audit Fee to AG and Publication Expenses|466|Koppal|3451-00-196-1-01|Koppal|V|Data|Object-Head|89.03|96.02|96.02|119.73|100.0
45|06|26|3451|Secretariat- Economic Services|00||196||1||01|Grants to District Planning Committees, Audit Fee to AG and Publication Expenses|467|Vijayanagara|3451-00-196-1-01|Vijayanagara|V|Data|Object-Head|108.90|145.93|145.93|162.05|100.0
45|06|26|3451|Secretariat- Economic Services|00||196||1||01|Grants to District Planning Committees, Audit Fee to AG and Publication Expenses||||HOA Total :|V|Total|Detailed-Head|3373.13|4130.21|4130.21|4581.48|100.0
45|06|26|3451|Secretariat- Economic Services|00||911|Deduct Recovery of Over Payment of Previous years-ZP|0||04|Deduct Recovery of Over Payment of Previous years-ZP|||3451-00-911-0-04|Deduct Recovery of Over Payment of Previous years-ZP|V|Header|Detailed-Head|||||100.0
45|06|26|3451|Secretariat- Economic Services|00||911|Deduct Recovery of Over Payment of Previous years-ZP|0||04|Deduct Recovery of Over Payment of Previous years-ZP|261|Inter Account Transfers|3451-00-911-0-04|Inter Account Transfers|V|Data|Object-Head||-1624.48|-1624.48|-1865.66|100.0
45|06|26|3451|Secretariat- Economic Services|00||911|Deduct Recovery of Over Payment of Previous years-ZP|0||04|Deduct Recovery of Over Payment of Previous years-ZP||||HOA Total :|V|Total|Detailed-Head|0.00|-1624.48|-1624.48|-1865.66|100.0
45|06|26|3451|Secretariat- Economic Services|00|||||||||||3451 - Total :|V|Total|Major-Head|4526.15|4195.45|4222.25|4558.14|
46|06|26|3454|Census Surveys & Statistics|02|Surveys and Statistics|||||||||3454|Census Surveys & Statistics|V|Header|Major-Head|||||
46|06|26|3454|Census Surveys & Statistics|02|Surveys and Statistics|205|Special Programme|0||01|Directorate of Economics and Statistics|||3454-02-205-0-01|Directorate of Economics and Statistics|V|Header|Detailed-Head|||||100.0
46|06|26|3454|Census Surveys & Statistics|02|Surveys and Statistics|205|Special Programme|0||01|Directorate of Economics and Statistics|002|Basic Pay|3454-02-205-0-01|Basic Pay|V|Data|Object-Head|776.05|3489.00|3971.50|4115.00|100.0
46|06|26|3454|Census Surveys & Statistics|02|Surveys and Statistics|205|Special Programme|0||01|Directorate of Economics and Statistics|003|Basic Pay-Staff|3454-02-205-0-01|Basic Pay-Staff|V|Data|Object-Head|1954.16||||100.0
46|06|26|3454|Census Surveys & Statistics|02|Surveys and Statistics|205|Special Programme|0||01|Directorate of Economics and Statistics|004|Interim Relief|3454-02-205-0-01|Interim Relief|V|Data|Object-Head|185.77||||100.0
46|06|26|3454|Census Surveys & Statistics|02|Surveys and Statistics|205|Special Programme|0||01|Directorate of Economics and Statistics|011|Dearness Allowance|3454-02-205-0-01|Dearness Allowance|V|Data|Object-Head|658.99|768.00|768.00|1029.00|100.0
46|06|26|3454|Census Surveys & Statistics|02|Surveys and Statistics|205|Special Programme|0||01|Directorate of Economics and Statistics|014|Other Allowance|3454-02-205-0-01|Other Allowance|V|Data|Object-Head|398.73|485.00|579.15|541.00|100.0
46|06|26|3454|Census Surveys & Statistics|02|Surveys and Statistics|205|Special Programme|0||01|Directorate of Economics and Statistics|015|Subsidiary Expenses|3454-02-205-0-01|Subsidiary Expenses|V|Data|Object-Head|9.22|10.00|10.00|12.00|100.0
46|06|26|3454|Census Surveys & Statistics|02|Surveys and Statistics|205|Special Programme|0||01|Directorate of Economics and Statistics|020|Medical Allowance|3454-02-205-0-01|Medical Allowance|V|Data|Object-Head|16.35||||100.0
46|06|26|3454|Census Surveys & Statistics|02|Surveys and Statistics|205|Special Programme|0||01|Directorate of Economics and Statistics|021|Reimbursement of Medical Expenses|3454-02-205-0-01|Reimbursement of Medical Expenses|V|Data|Object-Head|9.24|41.00|41.00|39.00|100.0
46|06|26|3454|Census Surveys & Statistics|02|Surveys and Statistics|205|Special Programme|0||01|Directorate of Economics and Statistics|034|Contract/Outsource|3454-02-205-0-01|Contract/Outsource|V|Data|Object-Head|717.32|1066.27|1066.27|778.43|100.0
46|06|26|3454|Census Surveys & Statistics|02|Surveys and Statistics|205|Special Programme|0||01|Directorate of Economics and Statistics|037|Payment on Service Contract|3454-02-205-0-01|Payment on Service Contract|V|Data|Object-Head||||200.00|100.0
46|06|26|3454|Census Surveys & Statistics|02|Surveys and Statistics|205|Special Programme|0||01|Directorate of Economics and Statistics|041|Travel Expenses|3454-02-205-0-01|Travel Expenses|V|Data|Object-Head|43.70|45.00|45.00|45.00|100.0
46|06|26|3454|Census Surveys & Statistics|02|Surveys and Statistics|205|Special Programme|0||01|Directorate of Economics and Statistics|050|Office Expenses|3454-02-205-0-01|Office Expenses|V|Data|Object-Head|19.95|35.00|35.00|35.00|100.0
46|06|26|3454|Census Surveys & Statistics|02|Surveys and Statistics|205|Special Programme|0||01|Directorate of Economics and Statistics|051|General Expenses|3454-02-205-0-01|General Expenses|V|Data|Object-Head|252.19|230.00|230.00|35.00|100.0
46|06|26|3454|Census Surveys & Statistics|02|Surveys and Statistics|205|Special Programme|0||01|Directorate of Economics and Statistics|052|Telephone Charges|3454-02-205-0-01|Telephone Charges|V|Data|Object-Head|8.59||||100.0
46|06|26|3454|Census Surveys & Statistics|02|Surveys and Statistics|205|Special Programme|0||01|Directorate of Economics and Statistics|053|Purchase of Furniture and Fixture for Office|3454-02-205-0-01|Purchase of Furniture and Fixture for Office|V|Data|Object-Head|25.22||||100.0
46|06|26|3454|Census Surveys & Statistics|02|Surveys and Statistics|205|Special Programme|0||01|Directorate of Economics and Statistics|071|Building Expenses|3454-02-205-0-01|Building Expenses|V|Data|Object-Head|69.40|73.00|73.00|76.00|100.0
46|06|26|3454|Census Surveys & Statistics|02|Surveys and Statistics|205|Special Programme|0||01|Directorate of Economics and Statistics|180|Machinery and Equipments|3454-02-205-0-01|Machinery and Equipments|V|Data|Object-Head|25.00||||100.0
46|06|26|3454|Census Surveys & Statistics|02|Surveys and Statistics|205|Special Programme|0||01|Directorate of Economics and Statistics|195|Transport Expenses|3454-02-205-0-01|Transport Expenses|V|Data|Object-Head|146.14|191.90|191.90|191.14|100.0
46|06|26|3454|Census Surveys & Statistics|02|Surveys and Statistics|205|Special Programme|0||01|Directorate of Economics and Statistics|200|Maintenance Expenditure|3454-02-205-0-01|Maintenance Expenditure|V|Data|Object-Head|196.50|200.00|200.00|308.00|100.0
46|06|26|3454|Census Surveys & Statistics|02|Surveys and Statistics|205|Special Programme|0||01|Directorate of Economics and Statistics|221|Materials and Supplies|3454-02-205-0-01|Materials and Supplies|V|Data|Object-Head||25.00|25.00|20.00|100.0
46|06|26|3454|Census Surveys & Statistics|02|Surveys and Statistics|205|Special Programme|0||01|Directorate of Economics and Statistics|324|Honorarium|3454-02-205-0-01|Honorarium|V|Data|Object-Head|535.69|600.00|600.00|625.00|100.0
46|06|26|3454|Census Surveys & Statistics|02|Surveys and Statistics|205|Special Programme|0||01|Directorate of Economics and Statistics||||HOA Total :|V|Total|Detailed-Head|6048.21|7259.17|7835.82|8049.57|100.0
46|06|26|3454|Census Surveys & Statistics|02|Surveys and Statistics|205|Special Programme|0||03|Agricultural Census|||3454-02-205-0-03|Agricultural Census|V|Header|Detailed-Head|||||100.0
46|06|26|3454|Census Surveys & Statistics|02|Surveys and Statistics|205|Special Programme|0||03|Agricultural Census|002|Basic Pay|3454-02-205-0-03|Basic Pay|V|Data|Object-Head|20.63|71.00|86.13|112.00|100.0
47|06|26|3454|Census Surveys & Statistics|02|Surveys and Statistics|205|Special Programme|0||03|Agricultural Census|003|Basic Pay-Staff|3454-02-205-0-03|Basic Pay-Staff|V|Data|Object-Head|43.58||||100.0
47|06|26|3454|Census Surveys & Statistics|02|Surveys and Statistics|205|Special Programme|0||03|Agricultural Census|004|Interim Relief|3454-02-205-0-03|Interim Relief|V|Data|Object-Head|3.68||||100.0
47|06|26|3454|Census Surveys & Statistics|02|Surveys and Statistics|205|Special Programme|0||03|Agricultural Census|011|Dearness Allowance|3454-02-205-0-03|Dearness Allowance|V|Data|Object-Head|14.03|16.00|16.00|28.00|100.0
47|06|26|3454|Census Surveys & Statistics|02|Surveys and Statistics|205|Special Programme|0||03|Agricultural Census|014|Other Allowance|3454-02-205-0-03|Other Allowance|V|Data|Object-Head|14.84|16.00|20.60|24.00|100.0
47|06|26|3454|Census Surveys & Statistics|02|Surveys and Statistics|205|Special Programme|0||03|Agricultural Census|020|Medical Allowance|3454-02-205-0-03|Medical Allowance|V|Data|Object-Head|0.30||||100.0
47|06|26|3454|Census Surveys & Statistics|02|Surveys and Statistics|205|Special Programme|0||03|Agricultural Census|021|Reimbursement of Medical Expenses|3454-02-205-0-03|Reimbursement of Medical Expenses|V|Data|Object-Head|1.39|3.00|3.00|9.00|100.0
47|06|26|3454|Census Surveys & Statistics|02|Surveys and Statistics|205|Special Programme|0||03|Agricultural Census|041|Travel Expenses|3454-02-205-0-03|Travel Expenses|V|Data|Object-Head|0.95|2.00|2.00|2.00|100.0
47|06|26|3454|Census Surveys & Statistics|02|Surveys and Statistics|205|Special Programme|0||03|Agricultural Census|050|Office Expenses|3454-02-205-0-03|Office Expenses|V|Data|Object-Head||5.00|5.00|5.00|100.0
47|06|26|3454|Census Surveys & Statistics|02|Surveys and Statistics|205|Special Programme|0||03|Agricultural Census|051|General Expenses|3454-02-205-0-03|General Expenses|V|Data|Object-Head|3.92|7.00|7.00|7.00|100.0
47|06|26|3454|Census Surveys & Statistics|02|Surveys and Statistics|205|Special Programme|0||03|Agricultural Census|195|Transport Expenses|3454-02-205-0-03|Transport Expenses|V|Data|Object-Head||5.66|5.66|5.66|100.0
47|06|26|3454|Census Surveys & Statistics|02|Surveys and Statistics|205|Special Programme|0||03|Agricultural Census|324|Honorarium|3454-02-205-0-03|Honorarium|V|Data|Object-Head||25.00|25.00|476.00|100.0
47|06|26|3454|Census Surveys & Statistics|02|Surveys and Statistics|205|Special Programme|0||03|Agricultural Census||||HOA Total :|V|Total|Detailed-Head|103.32|150.66|170.39|668.66|100.0
47|06|26|3454|Census Surveys & Statistics|02|Surveys and Statistics|205|Special Programme|0||04|Estimates of Area and Production of Crops|||3454-02-205-0-04|Estimates of Area and Production of Crops|V|Header|Detailed-Head|||||100.0
47|06|26|3454|Census Surveys & Statistics|02|Surveys and Statistics|205|Special Programme|0||04|Estimates of Area and Production of Crops|002|Basic Pay|3454-02-205-0-04|Basic Pay|V|Data|Object-Head||656.00|752.12|813.00|100.0
47|06|26|3454|Census Surveys & Statistics|02|Surveys and Statistics|205|Special Programme|0||04|Estimates of Area and Production of Crops|003|Basic Pay-Staff|3454-02-205-0-04|Basic Pay-Staff|V|Data|Object-Head|496.55||||100.0
47|06|26|3454|Census Surveys & Statistics|02|Surveys and Statistics|205|Special Programme|0||04|Estimates of Area and Production of Crops|004|Interim Relief|3454-02-205-0-04|Interim Relief|V|Data|Object-Head|31.65||||100.0
47|06|26|3454|Census Surveys & Statistics|02|Surveys and Statistics|205|Special Programme|0||04|Estimates of Area and Production of Crops|011|Dearness Allowance|3454-02-205-0-04|Dearness Allowance|V|Data|Object-Head|115.76|145.00|145.00|203.00|100.0
47|06|26|3454|Census Surveys & Statistics|02|Surveys and Statistics|205|Special Programme|0||04|Estimates of Area and Production of Crops|014|Other Allowance|3454-02-205-0-04|Other Allowance|V|Data|Object-Head|55.71|76.00|98.45|94.00|100.0
47|06|26|3454|Census Surveys & Statistics|02|Surveys and Statistics|205|Special Programme|0||04|Estimates of Area and Production of Crops|015|Subsidiary Expenses|3454-02-205-0-04|Subsidiary Expenses|V|Data|Object-Head|0.97|1.00|1.00|10.20|100.0
47|06|26|3454|Census Surveys & Statistics|02|Surveys and Statistics|205|Special Programme|0||04|Estimates of Area and Production of Crops|020|Medical Allowance|3454-02-205-0-04|Medical Allowance|V|Data|Object-Head|3.74||||100.0
47|06|26|3454|Census Surveys & Statistics|02|Surveys and Statistics|205|Special Programme|0||04|Estimates of Area and Production of Crops|021|Reimbursement of Medical Expenses|3454-02-205-0-04|Reimbursement of Medical Expenses|V|Data|Object-Head|2.81|15.00|15.00|15.00|100.0
47|06|26|3454|Census Surveys & Statistics|02|Surveys and Statistics|205|Special Programme|0||04|Estimates of Area and Production of Crops|041|Travel Expenses|3454-02-205-0-04|Travel Expenses|V|Data|Object-Head|11.99|14.00|14.00|26.94|100.0
47|06|26|3454|Census Surveys & Statistics|02|Surveys and Statistics|205|Special Programme|0||04|Estimates of Area and Production of Crops|051|General Expenses|3454-02-205-0-04|General Expenses|V|Data|Object-Head|20.00|26.00|26.00|45.50|100.0
47|06|26|3454|Census Surveys & Statistics|02|Surveys and Statistics|205|Special Programme|0||04|Estimates of Area and Production of Crops||||HOA Total :|V|Total|Detailed-Head|739.18|933.00|1051.57|1207.64|100.0
47|06|26|3454|Census Surveys & Statistics|02|Surveys and Statistics|205|Special Programme|0||05|Improvement of Crops Statistics|||3454-02-205-0-05|Improvement of Crops Statistics|V|Header|Detailed-Head|||||100.0
47|06|26|3454|Census Surveys & Statistics|02|Surveys and Statistics|205|Special Programme|0||05|Improvement of Crops Statistics|002|Basic Pay|3454-02-205-0-05|Basic Pay|V|Data|Object-Head|28.60|94.00|94.00||100.0
48|06|26|3454|Census Surveys & Statistics|02|Surveys and Statistics|205|Special Programme|0||05|Improvement of Crops Statistics|003|Basic Pay-Staff|3454-02-205-0-05|Basic Pay-Staff|V|Data|Object-Head|41.77||||100.0
48|06|26|3454|Census Surveys & Statistics|02|Surveys and Statistics|205|Special Programme|0||05|Improvement of Crops Statistics|004|Interim Relief|3454-02-205-0-05|Interim Relief|V|Data|Object-Head|5.55||||100.0
48|06|26|3454|Census Surveys & Statistics|02|Surveys and Statistics|205|Special Programme|0||05|Improvement of Crops Statistics|011|Dearness Allowance|3454-02-205-0-05|Dearness Allowance|V|Data|Object-Head|18.71|21.00|21.00||100.0
48|06|26|3454|Census Surveys & Statistics|02|Surveys and Statistics|205|Special Programme|0||05|Improvement of Crops Statistics|014|Other Allowance|3454-02-205-0-05|Other Allowance|V|Data|Object-Head|17.54|21.00|21.00||100.0
48|06|26|3454|Census Surveys & Statistics|02|Surveys and Statistics|205|Special Programme|0||05|Improvement of Crops Statistics|015|Subsidiary Expenses|3454-02-205-0-05|Subsidiary Expenses|V|Data|Object-Head|0.56||||100.0
48|06|26|3454|Census Surveys & Statistics|02|Surveys and Statistics|205|Special Programme|0||05|Improvement of Crops Statistics|020|Medical Allowance|3454-02-205-0-05|Medical Allowance|V|Data|Object-Head|0.34||||100.0
48|06|26|3454|Census Surveys & Statistics|02|Surveys and Statistics|205|Special Programme|0||05|Improvement of Crops Statistics|021|Reimbursement of Medical Expenses|3454-02-205-0-05|Reimbursement of Medical Expenses|V|Data|Object-Head|0.02|9.00|9.00||100.0
48|06|26|3454|Census Surveys & Statistics|02|Surveys and Statistics|205|Special Programme|0||05|Improvement of Crops Statistics|041|Travel Expenses|3454-02-205-0-05|Travel Expenses|V|Data|Object-Head|0.36||||100.0
48|06|26|3454|Census Surveys & Statistics|02|Surveys and Statistics|205|Special Programme|0||05|Improvement of Crops Statistics|051|General Expenses|3454-02-205-0-05|General Expenses|V|Data|Object-Head|4.86||||100.0
48|06|26|3454|Census Surveys & Statistics|02|Surveys and Statistics|205|Special Programme|0||05|Improvement of Crops Statistics||||HOA Total :|V|Total|Detailed-Head|118.31|145.00|145.00|0.00|100.0
48|06|26|3454|Census Surveys & Statistics|02|Surveys and Statistics|205|Special Programme|0||50|Vacant Post Provision|||3454-02-205-0-50|Vacant Post Provision|V|Header|Detailed-Head|||||100.0
48|06|26|3454|Census Surveys & Statistics|02|Surveys and Statistics|205|Special Programme|0||50|Vacant Post Provision|014|Other Allowance|3454-02-205-0-50|Other Allowance|V|Data|Object-Head||6323.43|5581.68|7759.43|100.0
48|06|26|3454|Census Surveys & Statistics|02|Surveys and Statistics|205|Special Programme|0||50|Vacant Post Provision||||HOA Total :|V|Total|Detailed-Head|0.00|6323.43|5581.68|7759.43|100.0
48|06|26|3454|Census Surveys & Statistics|02|Surveys and Statistics|911|Deduct Recoveries of Overpayments|0||00|Deduct Recoveries of Over Payment|||3454-02-911-0-00|Deduct Recoveries of Over Payment|V|Header|Detailed-Head|||||100.0
48|06|26|3454|Census Surveys & Statistics|02|Surveys and Statistics|911|Deduct Recoveries of Overpayments|0||00|Deduct Recoveries of Over Payment|364|Deduct - Recoveries|3454-02-911-0-00|Deduct - Recoveries|V|Data|Object-Head|-0.01||||100.0
48|06|26|3454|Census Surveys & Statistics|02|Surveys and Statistics|911|Deduct Recoveries of Overpayments|0||00|Deduct Recoveries of Over Payment||||HOA Total :|V|Total|Detailed-Head|-0.01|0.00|0.00|0.00|100.0
48|06|26|3454|Census Surveys & Statistics|02|Surveys and Statistics|911|Deduct Recoveries of Overpayments|0||01|Deduct Recoveries of Over Payment of Current Year|||3454-02-911-0-01|Deduct Recoveries of Over Payment of Current Year|V|Header|Detailed-Head|||||100.0
48|06|26|3454|Census Surveys & Statistics|02|Surveys and Statistics|911|Deduct Recoveries of Overpayments|0||01|Deduct Recoveries of Over Payment of Current Year|364|Deduct - Recoveries|3454-02-911-0-01|Deduct - Recoveries|V|Data|Object-Head|-0.38||||100.0
48|06|26|3454|Census Surveys & Statistics|02|Surveys and Statistics|911|Deduct Recoveries of Overpayments|0||01|Deduct Recoveries of Over Payment of Current Year||||HOA Total :|V|Total|Detailed-Head|-0.38|0.00|0.00|0.00|100.0
48|06|26|3454|Census Surveys & Statistics|02|Surveys and Statistics|911|Deduct Recoveries of Overpayments|0||02|Recoveries of Over Payments of Previous Years|||3454-02-911-0-02|Recoveries of Over Payments of Previous Years|V|Header|Detailed-Head|||||100.0
48|06|26|3454|Census Surveys & Statistics|02|Surveys and Statistics|911|Deduct Recoveries of Overpayments|0||02|Recoveries of Over Payments of Previous Years|364|Deduct - Recoveries|3454-02-911-0-02|Deduct - Recoveries|V|Data|Object-Head|-0.33||||100.0
48|06|26|3454|Census Surveys & Statistics|02|Surveys and Statistics|911|Deduct Recoveries of Overpayments|0||02|Recoveries of Over Payments of Previous Years||||HOA Total :|V|Total|Detailed-Head|-0.33|0.00|0.00|0.00|100.0
49|06|26|3454|Census Surveys & Statistics|02|Surveys and Statistics|911|Deduct Recoveries of Overpayments|0||04|Deduct- Refund of Central Grants(Agriculture Census,TRS,ICS)|||3454-02-911-0-04|Deduct- Refund of Central Grants(Agriculture Census,TRS,ICS)|V|Header|Detailed-Head|||||100.0
49|06|26|3454|Census Surveys & Statistics|02|Surveys and Statistics|911|Deduct Recoveries of Overpayments|0||04|Deduct- Refund of Central Grants(Agriculture Census,TRS,ICS)|366|Refund from SNA bank account|3454-02-911-0-04|Refund from SNA bank account|V|Data|Object-Head|-70.41||||100.0
49|06|26|3454|Census Surveys & Statistics|02|Surveys and Statistics|911|Deduct Recoveries of Overpayments|0||04|Deduct- Refund of Central Grants(Agriculture Census,TRS,ICS)||||HOA Total :|V|Total|Detailed-Head|-70.41|0.00|0.00|0.00|100.0
49|06|26|3454|Census Surveys & Statistics|02|Surveys and Statistics||||||||||3454 - Total :|V|Total|Major-Head|6937.89|14811.26|14784.46|17685.30|
50|06|26|3456|Civil Supplies|00||911|Deduct Recovery of Over Payment of Previous years-ZP|0||04||||3456-00-911-0-04|Deduct Recovery of Over Payment of Previous years-ZP|V|Header|Detailed-Head|||||100.0
50|06|26|3456|Civil Supplies|00||911|Deduct Recovery of Over Payment of Previous years-ZP|0||04||261|Inter Account Transfers|3456-00-911-0-04|Inter Account Transfers|V|Data|Object-Head||||-3.00|100.0
50|06|26|3456|Civil Supplies|00||911|Deduct Recovery of Over Payment of Previous years-ZP|0||04|||||HOA Total :|V|Total|Detailed-Head|0.00|0.00|0.00|-3.00|100.0
50|06|26|3456|Civil Supplies|00|||||||||||3456 - Total :|V|Total|Major-Head|0.00|0.00|0.00|-3.00|
51|06|26|4217|Capital Outlay on Urban Development|60||||||||||4217|Capital Outlay on Urban Development|V|Header|Major-Head|||||
51|06|26|4217|Capital Outlay on Urban Development|60||051||0||03|Karavali Abhivrudhi Board|||4217-60-051-0-03|Karavali Abhivrudhi Board|V|Header|Detailed-Head|||||100.0
51|06|26|4217|Capital Outlay on Urban Development|60||051||0||03|Karavali Abhivrudhi Board|132|Other Capital Expenses|4217-60-051-0-03|Other Capital Expenses|V|Data|Object-Head|796.95|796.95|796.95|796.95|100.0
51|06|26|4217|Capital Outlay on Urban Development|60||051||0||03|Karavali Abhivrudhi Board|422|Schedule Caste Sub Plan|4217-60-051-0-03|Schedule Caste Sub Plan|V|Data|Object-Head|180.08|180.08|180.08|180.08|100.0
51|06|26|4217|Capital Outlay on Urban Development|60||051||0||03|Karavali Abhivrudhi Board|423|Tribal Sub Plan|4217-60-051-0-03|Tribal Sub Plan|V|Data|Object-Head|72.97|72.97|72.97|72.97|100.0
51|06|26|4217|Capital Outlay on Urban Development|60||051||0||03|Karavali Abhivrudhi Board||||HOA Total :|V|Total|Detailed-Head|1050.00|1050.00|1050.00|1050.00|100.0
51|06|26|4217|Capital Outlay on Urban Development|60|||||||||||4217 - Total :|V|Total|Major-Head|1050.00|1050.00|1050.00|1050.00|
52|06|26|4515|Capital Outlay on Other Rural Development Programmes|00||||||||||4515|Capital Outlay on Other Rural Development Programmes|V|Header|Major-Head|||||
52|06|26|4515|Capital Outlay on Other Rural Development Programmes|00||101||0||02|Unspent SCSP-TSP Amount as per the SCSP-TSP Act 2013|||4515-00-101-0-02|Unspent SCSP-TSP Amount as per the SCSP-TSP Act 2013|V|Header|Detailed-Head|||||100.0
52|06|26|4515|Capital Outlay on Other Rural Development Programmes|00||101||0||02|Unspent SCSP-TSP Amount as per the SCSP-TSP Act 2013|422|Schedule Caste Sub Plan|4515-00-101-0-02|Schedule Caste Sub Plan|V|Data|Object-Head||116.42|116.42||100.0
52|06|26|4515|Capital Outlay on Other Rural Development Programmes|00||101||0||02|Unspent SCSP-TSP Amount as per the SCSP-TSP Act 2013|423|Tribal Sub Plan|4515-00-101-0-02|Tribal Sub Plan|V|Data|Object-Head||59.61|59.61||100.0
52|06|26|4515|Capital Outlay on Other Rural Development Programmes|00||101||0||02|Unspent SCSP-TSP Amount as per the SCSP-TSP Act 2013||||HOA Total :|V|Total|Detailed-Head|0.00|176.03|176.03|0.00|100.0
52|06|26|4515|Capital Outlay on Other Rural Development Programmes|00||103||0||02|Bayaluseeme Development Board|||4515-00-103-0-02|Bayaluseeme Development Board|V|Header|Detailed-Head|||||100.0
52|06|26|4515|Capital Outlay on Other Rural Development Programmes|00||103||0||02|Bayaluseeme Development Board|132|Other Capital Expenses|4515-00-103-0-02|Other Capital Expenses|V|Data|Object-Head|2998.05|2998.05|2998.05|2998.05|100.0
52|06|26|4515|Capital Outlay on Other Rural Development Programmes|00||103||0||02|Bayaluseeme Development Board|422|Schedule Caste Sub Plan|4515-00-103-0-02|Schedule Caste Sub Plan|V|Data|Object-Head|677.43|677.43|677.43|677.43|100.0
52|06|26|4515|Capital Outlay on Other Rural Development Programmes|00||103||0||02|Bayaluseeme Development Board|423|Tribal Sub Plan|4515-00-103-0-02|Tribal Sub Plan|V|Data|Object-Head|274.52|274.52|274.52|274.52|100.0
52|06|26|4515|Capital Outlay on Other Rural Development Programmes|00||103||0||02|Bayaluseeme Development Board||||HOA Total :|V|Total|Detailed-Head|3950.00|3950.00|3950.00|3950.00|100.0
52|06|26|4515|Capital Outlay on Other Rural Development Programmes|00||103||0||03|Malnad Area Development Board|||4515-00-103-0-03|Malnad Area Development Board|V|Header|Detailed-Head|||||100.0
52|06|26|4515|Capital Outlay on Other Rural Development Programmes|00||103||0||03|Malnad Area Development Board|132|Other Capital Expenses|4515-00-103-0-03|Other Capital Expenses|V|Data|Object-Head|2504.70|2504.70|2504.70|2504.70|100.0
52|06|26|4515|Capital Outlay on Other Rural Development Programmes|00||103||0||03|Malnad Area Development Board|422|Schedule Caste Sub Plan|4515-00-103-0-03|Schedule Caste Sub Plan|V|Data|Object-Head|565.95|565.95|565.95|565.95|100.0
52|06|26|4515|Capital Outlay on Other Rural Development Programmes|00||103||0||03|Malnad Area Development Board|423|Tribal Sub Plan|4515-00-103-0-03|Tribal Sub Plan|V|Data|Object-Head|229.35|229.35|229.35|229.35|100.0
52|06|26|4515|Capital Outlay on Other Rural Development Programmes|00||103||0||03|Malnad Area Development Board||||HOA Total :|V|Total|Detailed-Head|3300.00|3300.00|3300.00|3300.00|100.0
52|06|26|4515|Capital Outlay on Other Rural Development Programmes|00|||||||||||4515 - Total :|V|Total|Major-Head|7250.00|7426.03|7426.03|7250.00|
53|06|26|4575|Capital Outlay on Other Special Area Programmes|60||||||||||4575|Capital Outlay on Other Special Area Programmes|V|Header|Major-Head|||||
53|06|26|4575|Capital Outlay on Other Special Area Programmes|60||001||0||01|Capital Expenses- Planning Dept|||4575-60-001-0-01|Capital Expenses- Planning Dept|V|Header|Detailed-Head|||||100.0
53|06|26|4575|Capital Outlay on Other Special Area Programmes|60||001||0||01|Capital Expenses- Planning Dept|199|Transportation Assets|4575-60-001-0-01|Transportation Assets|V|Data|Object-Head||30.00|30.00|1.00|100.0
53|06|26|4575|Capital Outlay on Other Special Area Programmes|60||001||0||01|Capital Expenses- Planning Dept||||HOA Total :|V|Total|Detailed-Head|0.00|30.00|30.00|1.00|100.0
53|06|26|4575|Capital Outlay on Other Special Area Programmes|60||101||0||02|Karnataka Border Area Development Authority|||4575-60-101-0-02|Karnataka Border Area Development Authority|V|Header|Detailed-Head|||||100.0
53|06|26|4575|Capital Outlay on Other Special Area Programmes|60||101||0||02|Karnataka Border Area Development Authority|132|Other Capital Expenses|4575-60-101-0-02|Other Capital Expenses|V|Data|Object-Head||500.00|600.00|500.00|100.0
53|06|26|4575|Capital Outlay on Other Special Area Programmes|60||101||0||02|Karnataka Border Area Development Authority||||HOA Total :|V|Total|Detailed-Head|0.00|500.00|600.00|500.00|100.0
53|06|26|4575|Capital Outlay on Other Special Area Programmes|60||800||0||01|Legislator's Constituency Development Fund|||4575-60-800-0-01|Legislator's Constituency Development Fund|V|Header|Detailed-Head|||||100.0
53|06|26|4575|Capital Outlay on Other Special Area Programmes|60||800||0||01|Legislator's Constituency Development Fund|132|Other Capital Expenses|4575-60-800-0-01|Other Capital Expenses|V|Data|Object-Head|43956.88|44500.00|44500.00|44352.00|100.0
53|06|26|4575|Capital Outlay on Other Special Area Programmes|60||800||0||01|Legislator's Constituency Development Fund|422|Schedule Caste Sub Plan|4575-60-800-0-01|Schedule Caste Sub Plan|V|Data|Object-Head|10996.60|11000.00|11000.00|10963.00|100.0
53|06|26|4575|Capital Outlay on Other Special Area Programmes|60||800||0||01|Legislator's Constituency Development Fund|423|Tribal Sub Plan|4575-60-800-0-01|Tribal Sub Plan|V|Data|Object-Head|4538.51|4500.00|4500.00|4485.00|100.0
53|06|26|4575|Capital Outlay on Other Special Area Programmes|60||800||0||01|Legislator's Constituency Development Fund||||HOA Total :|V|Total|Detailed-Head|59491.99|60000.00|60000.00|59800.00|100.0
53|06|26|4575|Capital Outlay on Other Special Area Programmes|60||800||0||02|Article 371J- Kalyana Karnataka Region Development Board|||4575-60-800-0-02|Article 371J- Kalyana Karnataka Region Development Board|V|Header|Detailed-Head|||||100.0
53|06|26|4575|Capital Outlay on Other Special Area Programmes|60||800||0||02|Article 371J- Kalyana Karnataka Region Development Board|186|Kalyana Karnataka Region Development Plan|4575-60-800-0-02|Kalyana Karnataka Region Development Plan|V|Data|Object-Head|208928.00|208928.00|208928.00|208928.00|100.0
53|06|26|4575|Capital Outlay on Other Special Area Programmes|60||800||0||02|Article 371J- Kalyana Karnataka Region Development Board|187|Kalyana Karnataka Region Development Plan - SCSP|4575-60-800-0-02|Kalyana Karnataka Region Development Plan - SCSP|V|Data|Object-Head|64286.00|64286.00|64286.00|64286.00|100.0
53|06|26|4575|Capital Outlay on Other Special Area Programmes|60||800||0||02|Article 371J- Kalyana Karnataka Region Development Board|188|Kalyana Karnataka Region Development Plan - TSP|4575-60-800-0-02|Kalyana Karnataka Region Development Plan - TSP|V|Data|Object-Head|26786.00|26786.00|26786.00|26786.00|100.0
53|06|26|4575|Capital Outlay on Other Special Area Programmes|60||800||0||02|Article 371J- Kalyana Karnataka Region Development Board||||HOA Total :|V|Total|Detailed-Head|300000.00|300000.00|300000.00|300000.00|100.0
53|06|26|4575|Capital Outlay on Other Special Area Programmes|60|||||||||||4575 - Total :|V|Total|Major-Head|359491.99|360530.00|360630.00|360301.00|
