File_Name,Page_Number,Row_Number,Has_Error
page_0015_object.csv,15,2,No
page_0015_object.csv,15,3,No
page_0015_object.csv,15,4,No
page_0015_object.csv,15,5,No
page_0015_object.csv,15,6,No
page_0015_object.csv,15,7,No
page_0015_object.csv,15,8,No
page_0015_object.csv,15,9,No
page_0015_object.csv,15,10,No
page_0015_object.csv,15,11,No
page_0015_object.csv,15,12,No
page_0015_object.csv,15,13,No
page_0015_object.csv,15,14,No
page_0015_object.csv,15,15,No
page_0015_object.csv,15,16,No
page_0015_object.csv,15,17,No
page_0015_object.csv,15,18,No
page_0015_object.csv,15,19,No
page_0015_object.csv,15,20,No
page_0015_object.csv,15,21,No
page_0015_object.csv,15,22,No
page_0015_object.csv,15,23,No
page_0016_object.csv,16,2,No
page_0016_object.csv,16,3,No
page_0016_object.csv,16,4,No
page_0016_object.csv,16,5,No
page_0016_object.csv,16,6,No
page_0016_object.csv,16,7,No
page_0016_object.csv,16,8,No
page_0017_object.csv,17,2,No
page_0017_object.csv,17,3,No
page_0017_object.csv,17,4,No
page_0017_object.csv,17,5,No
page_0017_object.csv,17,6,No
page_0017_object.csv,17,7,No
page_0017_object.csv,17,8,No
page_0017_object.csv,17,9,No
page_0017_object.csv,17,10,No
page_0017_object.csv,17,11,No
page_0017_object.csv,17,12,No
page_0017_object.csv,17,13,No
page_0017_object.csv,17,14,No
page_0017_object.csv,17,15,No
page_0017_object.csv,17,16,No
page_0017_object.csv,17,17,No
page_0017_object.csv,17,18,No
page_0017_object.csv,17,19,No
page_0017_object.csv,17,20,No
page_0017_object.csv,17,21,No
page_0017_object.csv,17,22,No
page_0017_object.csv,17,23,No
page_0017_object.csv,17,24,No
page_0017_object.csv,17,25,No
page_0017_object.csv,17,26,No
page_0017_object.csv,17,27,No
page_0017_object.csv,17,28,No
page_0017_object.csv,17,29,No
page_0018_object.csv,18,2,No
page_0018_object.csv,18,3,No
page_0018_object.csv,18,4,No
page_0018_object.csv,18,5,No
page_0018_object.csv,18,6,No
page_0018_object.csv,18,7,No
page_0018_object.csv,18,8,No
page_0018_object.csv,18,9,No
page_0018_object.csv,18,10,No
page_0018_object.csv,18,11,No
page_0018_object.csv,18,12,No
page_0018_object.csv,18,13,No
page_0018_object.csv,18,14,No
page_0018_object.csv,18,15,No
page_0018_object.csv,18,16,No
page_0018_object.csv,18,17,No
page_0018_object.csv,18,18,No
page_0018_object.csv,18,19,No
page_0018_object.csv,18,20,No
page_0018_object.csv,18,21,No
page_0018_object.csv,18,22,No
page_0019_object.csv,19,2,No
page_0019_object.csv,19,3,No
page_0019_object.csv,19,4,No
page_0019_object.csv,19,5,No
page_0020_object.csv,20,2,No
page_0020_object.csv,20,3,No
page_0020_object.csv,20,4,No
page_0020_object.csv,20,5,No
page_0020_object.csv,20,6,No
page_0021_object.csv,21,2,No
page_0021_object.csv,21,3,No
page_0021_object.csv,21,4,No
page_0021_object.csv,21,5,No
page_0021_object.csv,21,6,No
page_0021_object.csv,21,7,No
page_0021_object.csv,21,8,No
page_0021_object.csv,21,9,No
page_0021_object.csv,21,10,No
page_0021_object.csv,21,11,No
page_0021_object.csv,21,12,No
page_0021_object.csv,21,13,No
page_0021_object.csv,21,14,No
page_0021_object.csv,21,15,No
page_0021_object.csv,21,16,No
page_0021_object.csv,21,17,No
page_0021_object.csv,21,18,No
page_0021_object.csv,21,19,No
page_0021_object.csv,21,20,No
page_0021_object.csv,21,21,No
page_0021_object.csv,21,22,No
page_0021_object.csv,21,23,No
page_0021_object.csv,21,24,No
page_0022_object.csv,22,2,No
page_0022_object.csv,22,3,No
page_0022_object.csv,22,4,No
page_0022_object.csv,22,5,No
page_0022_object.csv,22,6,No
page_0022_object.csv,22,7,No
page_0022_object.csv,22,8,No
page_0022_object.csv,22,9,No
page_0022_object.csv,22,10,No
page_0022_object.csv,22,11,No
page_0022_object.csv,22,12,No
page_0022_object.csv,22,13,No
page_0022_object.csv,22,14,No
page_0022_object.csv,22,15,No
page_0022_object.csv,22,16,No
page_0022_object.csv,22,17,No
page_0022_object.csv,22,18,No
page_0022_object.csv,22,19,No
page_0022_object.csv,22,20,No
page_0022_object.csv,22,21,No
page_0022_object.csv,22,22,No
page_0022_object.csv,22,23,No
page_0022_object.csv,22,24,No
page_0022_object.csv,22,25,No
page_0022_object.csv,22,26,No
page_0022_object.csv,22,27,No
page_0022_object.csv,22,28,No
page_0022_object.csv,22,29,No
page_0022_object.csv,22,30,No
page_0023_object.csv,23,2,No
page_0023_object.csv,23,3,No
page_0023_object.csv,23,4,No
page_0023_object.csv,23,5,No
page_0023_object.csv,23,6,No
page_0023_object.csv,23,7,No
page_0023_object.csv,23,8,No
page_0023_object.csv,23,9,No
page_0023_object.csv,23,10,No
page_0023_object.csv,23,11,No
page_0023_object.csv,23,12,No
page_0023_object.csv,23,13,No
page_0023_object.csv,23,14,No
page_0023_object.csv,23,15,No
page_0023_object.csv,23,16,No
page_0024_object.csv,24,2,No
page_0024_object.csv,24,3,No
page_0024_object.csv,24,4,No
page_0024_object.csv,24,5,No
page_0024_object.csv,24,6,No
page_0024_object.csv,24,7,No
page_0024_object.csv,24,8,No
page_0024_object.csv,24,9,No
page_0024_object.csv,24,10,No
page_0024_object.csv,24,11,No
page_0024_object.csv,24,12,No
page_0024_object.csv,24,13,No
page_0024_object.csv,24,14,No
page_0024_object.csv,24,15,No
page_0024_object.csv,24,16,No
page_0024_object.csv,24,17,No
page_0024_object.csv,24,18,No
page_0024_object.csv,24,19,No
page_0024_object.csv,24,20,No
page_0024_object.csv,24,21,No
page_0024_object.csv,24,22,No
page_0024_object.csv,24,23,No
page_0024_object.csv,24,24,No
page_0024_object.csv,24,25,No
page_0024_object.csv,24,26,No
page_0024_object.csv,24,27,No
page_0024_object.csv,24,28,No
page_0025_object.csv,25,2,No
page_0025_object.csv,25,3,No
page_0025_object.csv,25,4,No
page_0025_object.csv,25,5,No
page_0025_object.csv,25,6,No
page_0025_object.csv,25,7,No
page_0025_object.csv,25,8,No
page_0025_object.csv,25,9,No
page_0025_object.csv,25,10,No
page_0025_object.csv,25,11,No
page_0025_object.csv,25,12,No
page_0025_object.csv,25,13,No
page_0025_object.csv,25,14,No
page_0025_object.csv,25,15,No
page_0025_object.csv,25,16,No
page_0025_object.csv,25,17,No
page_0025_object.csv,25,18,No
page_0025_object.csv,25,19,No
page_0025_object.csv,25,20,No
page_0025_object.csv,25,21,No
page_0025_object.csv,25,22,No
page_0025_object.csv,25,23,No
page_0025_object.csv,25,24,No
page_0025_object.csv,25,25,No
page_0025_object.csv,25,26,No
page_0025_object.csv,25,27,No
page_0025_object.csv,25,28,No
page_0026_object.csv,26,2,No
page_0026_object.csv,26,3,No
page_0026_object.csv,26,4,No
page_0026_object.csv,26,5,No
page_0026_object.csv,26,6,No
page_0026_object.csv,26,7,No
page_0026_object.csv,26,8,No
page_0026_object.csv,26,9,No
page_0026_object.csv,26,10,No
page_0026_object.csv,26,11,No
page_0026_object.csv,26,12,No
page_0026_object.csv,26,13,No
page_0026_object.csv,26,14,No
page_0026_object.csv,26,15,No
page_0026_object.csv,26,16,No
page_0026_object.csv,26,17,No
page_0026_object.csv,26,18,No
page_0027_object.csv,27,2,No
page_0027_object.csv,27,3,No
page_0027_object.csv,27,4,No
page_0027_object.csv,27,5,No
page_0027_object.csv,27,6,No
page_0027_object.csv,27,7,No
page_0027_object.csv,27,8,No
page_0027_object.csv,27,9,No
page_0027_object.csv,27,10,No
page_0027_object.csv,27,11,No
page_0027_object.csv,27,12,No
page_0027_object.csv,27,13,No
page_0027_object.csv,27,14,No
page_0027_object.csv,27,15,No
page_0027_object.csv,27,16,No
page_0027_object.csv,27,17,No
page_0028_object.csv,28,2,No
page_0028_object.csv,28,3,No
page_0028_object.csv,28,4,No
page_0028_object.csv,28,5,No
page_0028_object.csv,28,6,No
page_0028_object.csv,28,7,No
page_0028_object.csv,28,8,No
page_0028_object.csv,28,9,No
page_0028_object.csv,28,10,No
page_0028_object.csv,28,11,No
page_0028_object.csv,28,12,No
page_0028_object.csv,28,13,No
page_0028_object.csv,28,14,No
page_0029_object.csv,29,2,No
page_0029_object.csv,29,3,No
page_0029_object.csv,29,4,No
page_0029_object.csv,29,5,No
page_0029_object.csv,29,6,No
page_0029_object.csv,29,7,No
page_0029_object.csv,29,8,No
page_0029_object.csv,29,9,No
page_0029_object.csv,29,10,No
page_0029_object.csv,29,11,No
page_0029_object.csv,29,12,No
page_0029_object.csv,29,13,No
page_0030_object.csv,30,2,No
page_0030_object.csv,30,3,No
page_0030_object.csv,30,4,No
page_0030_object.csv,30,5,No
page_0030_object.csv,30,6,No
page_0030_object.csv,30,7,No
page_0030_object.csv,30,8,No
page_0030_object.csv,30,9,No
page_0030_object.csv,30,10,No
page_0030_object.csv,30,11,No
page_0030_object.csv,30,12,No
page_0030_object.csv,30,13,No
page_0030_object.csv,30,14,No
page_0030_object.csv,30,15,No
page_0030_object.csv,30,16,No
page_0031_object.csv,31,2,No
page_0031_object.csv,31,3,No
page_0031_object.csv,31,4,No
page_0031_object.csv,31,5,No
page_0031_object.csv,31,6,No
page_0031_object.csv,31,7,No
page_0031_object.csv,31,8,No
page_0031_object.csv,31,9,No
page_0031_object.csv,31,10,No
page_0031_object.csv,31,11,No
page_0031_object.csv,31,12,No
page_0031_object.csv,31,13,No
page_0031_object.csv,31,14,No
page_0031_object.csv,31,15,No
page_0031_object.csv,31,16,No
page_0032_object.csv,32,2,No
page_0032_object.csv,32,3,No
page_0032_object.csv,32,4,No
page_0032_object.csv,32,5,No
page_0032_object.csv,32,6,No
page_0032_object.csv,32,7,No
page_0032_object.csv,32,8,No
page_0032_object.csv,32,9,No
page_0032_object.csv,32,10,No
page_0032_object.csv,32,11,No
page_0032_object.csv,32,12,No
page_0032_object.csv,32,13,No
page_0032_object.csv,32,14,No
page_0032_object.csv,32,15,No
page_0032_object.csv,32,16,No
page_0033_object.csv,33,2,No
page_0033_object.csv,33,3,No
page_0033_object.csv,33,4,No
page_0033_object.csv,33,5,No
page_0033_object.csv,33,6,No
page_0033_object.csv,33,7,No
page_0033_object.csv,33,8,No
page_0033_object.csv,33,9,No
page_0033_object.csv,33,10,No
page_0033_object.csv,33,11,No
page_0034_object.csv,34,2,No
page_0034_object.csv,34,3,No
page_0034_object.csv,34,4,No
page_0034_object.csv,34,5,No
page_0035_object.csv,35,2,No
page_0035_object.csv,35,3,No
page_0035_object.csv,35,4,No
page_0035_object.csv,35,5,No
page_0035_object.csv,35,6,No
page_0036_object.csv,36,2,No
page_0036_object.csv,36,3,No
page_0036_object.csv,36,4,No
page_0036_object.csv,36,5,No
page_0036_object.csv,36,6,No
page_0036_object.csv,36,7,No
page_0036_object.csv,36,8,No
page_0036_object.csv,36,9,No
page_0036_object.csv,36,10,No
page_0036_object.csv,36,11,No
page_0036_object.csv,36,12,No
page_0036_object.csv,36,13,No
page_0036_object.csv,36,14,No
page_0036_object.csv,36,15,No
page_0036_object.csv,36,16,No
page_0036_object.csv,36,17,No
page_0036_object.csv,36,18,No
page_0036_object.csv,36,19,No
page_0036_object.csv,36,20,No
page_0036_object.csv,36,21,No
page_0036_object.csv,36,22,No
page_0036_object.csv,36,23,No
page_0036_object.csv,36,24,No
page_0036_object.csv,36,25,No
page_0037_object.csv,37,2,No
page_0037_object.csv,37,3,No
page_0037_object.csv,37,4,No
page_0037_object.csv,37,5,No
page_0038_object.csv,38,2,No
page_0038_object.csv,38,3,No
page_0038_object.csv,38,4,No
page_0038_object.csv,38,5,No
page_0038_object.csv,38,6,No
page_0038_object.csv,38,7,No
page_0038_object.csv,38,8,No
page_0038_object.csv,38,9,No
page_0039_object.csv,39,2,No
page_0039_object.csv,39,3,No
page_0039_object.csv,39,4,No
page_0039_object.csv,39,5,No
page_0039_object.csv,39,6,No
page_0040_object.csv,40,2,No
page_0040_object.csv,40,3,No
page_0040_object.csv,40,4,No
page_0040_object.csv,40,5,No
page_0040_object.csv,40,6,No
page_0040_object.csv,40,7,No
page_0040_object.csv,40,8,No
page_0041_object.csv,41,2,No
page_0041_object.csv,41,3,No
page_0041_object.csv,41,4,No
page_0041_object.csv,41,5,No
page_0041_object.csv,41,6,No
page_0041_object.csv,41,7,No
page_0041_object.csv,41,8,No
page_0041_object.csv,41,9,No
page_0041_object.csv,41,10,No
page_0041_object.csv,41,11,No
page_0041_object.csv,41,12,No
page_0041_object.csv,41,13,No
page_0041_object.csv,41,14,No
page_0041_object.csv,41,15,No
page_0041_object.csv,41,16,No
page_0041_object.csv,41,17,No
page_0041_object.csv,41,18,No
page_0041_object.csv,41,19,No
page_0042_object.csv,42,2,No
page_0042_object.csv,42,3,No
page_0042_object.csv,42,4,No
page_0042_object.csv,42,5,No
page_0042_object.csv,42,6,No
page_0042_object.csv,42,7,No
page_0042_object.csv,42,8,No
page_0042_object.csv,42,9,No
page_0042_object.csv,42,10,No
page_0042_object.csv,42,11,No
page_0042_object.csv,42,12,No
page_0042_object.csv,42,13,No
page_0042_object.csv,42,14,No
page_0042_object.csv,42,15,No
page_0042_object.csv,42,16,No
page_0042_object.csv,42,17,No
page_0043_object.csv,43,2,No
page_0043_object.csv,43,3,No
page_0043_object.csv,43,4,No
page_0043_object.csv,43,5,No
page_0043_object.csv,43,6,No
page_0043_object.csv,43,7,No
page_0043_object.csv,43,8,No
page_0043_object.csv,43,9,No
page_0043_object.csv,43,10,No
page_0043_object.csv,43,11,No
page_0044_object.csv,44,2,No
page_0044_object.csv,44,3,No
page_0044_object.csv,44,4,No
page_0044_object.csv,44,5,No
page_0044_object.csv,44,6,No
page_0044_object.csv,44,7,No
page_0044_object.csv,44,8,No
page_0044_object.csv,44,9,No
page_0044_object.csv,44,10,No
page_0044_object.csv,44,11,No
page_0044_object.csv,44,12,No
page_0044_object.csv,44,13,No
page_0045_object.csv,45,2,No
page_0045_object.csv,45,3,No
page_0045_object.csv,45,4,No
page_0045_object.csv,45,5,No
page_0045_object.csv,45,6,No
page_0045_object.csv,45,7,No
page_0045_object.csv,45,8,No
page_0045_object.csv,45,9,No
page_0045_object.csv,45,10,No
page_0045_object.csv,45,11,No
page_0045_object.csv,45,12,No
page_0045_object.csv,45,13,No
page_0046_object.csv,46,2,No
page_0046_object.csv,46,3,No
page_0046_object.csv,46,4,No
page_0046_object.csv,46,5,No
page_0046_object.csv,46,6,No
page_0046_object.csv,46,7,No
page_0046_object.csv,46,8,No
page_0046_object.csv,46,9,No
page_0046_object.csv,46,10,No
page_0046_object.csv,46,11,No
page_0046_object.csv,46,12,No
page_0046_object.csv,46,13,No
page_0047_object.csv,47,2,No
page_0047_object.csv,47,3,No
page_0047_object.csv,47,4,No
page_0047_object.csv,47,5,No
page_0047_object.csv,47,6,No
page_0047_object.csv,47,7,No
page_0047_object.csv,47,8,No
page_0047_object.csv,47,9,No
page_0047_object.csv,47,10,No
page_0047_object.csv,47,11,No
page_0047_object.csv,47,12,No
page_0047_object.csv,47,13,No
page_0047_object.csv,47,14,No
page_0047_object.csv,47,15,No
page_0047_object.csv,47,16,No
page_0047_object.csv,47,17,No
page_0047_object.csv,47,18,No
page_0047_object.csv,47,19,No
page_0047_object.csv,47,20,No
page_0047_object.csv,47,21,No
page_0047_object.csv,47,22,No
page_0047_object.csv,47,23,No
page_0047_object.csv,47,24,No
page_0047_object.csv,47,25,No
page_0047_object.csv,47,26,No
page_0048_object.csv,48,2,No
page_0048_object.csv,48,3,No
page_0048_object.csv,48,4,No
page_0048_object.csv,48,5,No
page_0048_object.csv,48,6,No
page_0048_object.csv,48,7,No
page_0048_object.csv,48,8,No
page_0048_object.csv,48,9,No
page_0048_object.csv,48,10,No
page_0048_object.csv,48,11,No
page_0048_object.csv,48,12,No
page_0049_object.csv,49,2,No
page_0049_object.csv,49,3,No
page_0049_object.csv,49,4,No
page_0049_object.csv,49,5,No
page_0049_object.csv,49,6,No
page_0049_object.csv,49,7,No
page_0049_object.csv,49,8,No
page_0049_object.csv,49,9,No
page_0049_object.csv,49,10,No
page_0049_object.csv,49,11,No
page_0049_object.csv,49,12,No
page_0049_object.csv,49,13,No
page_0049_object.csv,49,14,No
page_0049_object.csv,49,15,No
page_0049_object.csv,49,16,No
page_0049_object.csv,49,17,No
page_0049_object.csv,49,18,No
page_0049_object.csv,49,19,No
page_0049_object.csv,49,20,No
page_0049_object.csv,49,21,No
page_0049_object.csv,49,22,No
page_0049_object.csv,49,23,No
page_0049_object.csv,49,24,No
page_0049_object.csv,49,25,No
page_0049_object.csv,49,26,No
page_0049_object.csv,49,27,No
page_0049_object.csv,49,28,No
page_0049_object.csv,49,29,No
page_0050_object.csv,50,2,No
page_0050_object.csv,50,3,No
page_0050_object.csv,50,4,No
page_0050_object.csv,50,5,No
page_0050_object.csv,50,6,No
page_0050_object.csv,50,7,No
page_0050_object.csv,50,8,No
page_0050_object.csv,50,9,No
page_0050_object.csv,50,10,No
page_0050_object.csv,50,11,No
page_0050_object.csv,50,12,No
page_0050_object.csv,50,13,No
page_0050_object.csv,50,14,No
page_0050_object.csv,50,15,No
page_0050_object.csv,50,16,No
page_0050_object.csv,50,17,No
page_0050_object.csv,50,18,No
page_0050_object.csv,50,19,No
page_0050_object.csv,50,20,No
page_0050_object.csv,50,21,No
page_0050_object.csv,50,22,No
page_0050_object.csv,50,23,No
page_0051_object.csv,51,2,No
page_0051_object.csv,51,3,No
page_0051_object.csv,51,4,No
page_0051_object.csv,51,5,No
page_0051_object.csv,51,6,No
page_0051_object.csv,51,7,No
page_0051_object.csv,51,8,No
page_0051_object.csv,51,9,No
page_0051_object.csv,51,10,No
page_0051_object.csv,51,11,No
page_0051_object.csv,51,12,No
page_0051_object.csv,51,13,No
page_0051_object.csv,51,14,No
page_0051_object.csv,51,15,No
page_0051_object.csv,51,16,No
page_0051_object.csv,51,17,No
page_0051_object.csv,51,18,No
page_0051_object.csv,51,19,No
page_0051_object.csv,51,20,No
page_0051_object.csv,51,21,No
page_0051_object.csv,51,22,No
page_0051_object.csv,51,23,No
page_0051_object.csv,51,24,No
page_0051_object.csv,51,25,No
page_0051_object.csv,51,26,No
page_0051_object.csv,51,27,No
page_0051_object.csv,51,28,No
page_0052_object.csv,52,2,No
page_0052_object.csv,52,3,No
page_0052_object.csv,52,4,No
page_0052_object.csv,52,5,No
page_0052_object.csv,52,6,No
page_0052_object.csv,52,7,No
page_0052_object.csv,52,8,No
page_0052_object.csv,52,9,No
page_0052_object.csv,52,10,No
page_0052_object.csv,52,11,No
page_0052_object.csv,52,12,No
page_0052_object.csv,52,13,No
page_0052_object.csv,52,14,No
page_0052_object.csv,52,15,No
page_0052_object.csv,52,16,No
page_0052_object.csv,52,17,No
page_0052_object.csv,52,18,No
page_0052_object.csv,52,19,No
page_0052_object.csv,52,20,No
page_0052_object.csv,52,21,No
page_0052_object.csv,52,22,No
page_0052_object.csv,52,23,No
page_0052_object.csv,52,24,No
page_0052_object.csv,52,25,No
page_0052_object.csv,52,26,No
page_0052_object.csv,52,27,No
page_0052_object.csv,52,28,No
page_0052_object.csv,52,29,No
page_0052_object.csv,52,30,No
page_0052_object.csv,52,31,No
page_0053_object.csv,53,2,No
page_0053_object.csv,53,3,No
page_0053_object.csv,53,4,No
page_0053_object.csv,53,5,No
page_0053_object.csv,53,6,No
page_0053_object.csv,53,7,No
page_0053_object.csv,53,8,No
page_0053_object.csv,53,9,No
page_0053_object.csv,53,10,No
page_0053_object.csv,53,11,No
page_0053_object.csv,53,12,No
page_0053_object.csv,53,13,No
page_0053_object.csv,53,14,No
page_0053_object.csv,53,15,No
page_0053_object.csv,53,16,No
page_0053_object.csv,53,17,No
page_0053_object.csv,53,18,No
page_0053_object.csv,53,19,No
page_0053_object.csv,53,20,No
page_0053_object.csv,53,21,No
page_0054_object.csv,54,2,No
page_0054_object.csv,54,3,No
page_0054_object.csv,54,4,No
page_0054_object.csv,54,5,No
page_0054_object.csv,54,6,No
page_0054_object.csv,54,7,No
page_0054_object.csv,54,8,No
page_0054_object.csv,54,9,No
page_0054_object.csv,54,10,No
page_0054_object.csv,54,11,No
page_0054_object.csv,54,12,No
page_0054_object.csv,54,13,No
page_0054_object.csv,54,14,No
page_0054_object.csv,54,15,No
page_0054_object.csv,54,16,No
page_0054_object.csv,54,17,No
page_0054_object.csv,54,18,No
page_0054_object.csv,54,19,No
page_0054_object.csv,54,20,No
page_0054_object.csv,54,21,No
page_0054_object.csv,54,22,No
page_0054_object.csv,54,23,No
page_0054_object.csv,54,24,No
page_0054_object.csv,54,25,No
page_0055_object.csv,55,2,No
page_0055_object.csv,55,3,No
page_0055_object.csv,55,4,No
page_0055_object.csv,55,5,No
page_0055_object.csv,55,6,No
page_0055_object.csv,55,7,No
page_0055_object.csv,55,8,No
page_0055_object.csv,55,9,No
page_0055_object.csv,55,10,No
page_0055_object.csv,55,11,No
page_0055_object.csv,55,12,No
page_0055_object.csv,55,13,No
page_0055_object.csv,55,14,No
page_0055_object.csv,55,15,No
page_0055_object.csv,55,16,No
page_0055_object.csv,55,17,No
page_0055_object.csv,55,18,No
page_0055_object.csv,55,19,No
page_0055_object.csv,55,20,No
page_0056_object.csv,56,2,No
page_0056_object.csv,56,3,No
page_0056_object.csv,56,4,No
page_0056_object.csv,56,5,No
page_0056_object.csv,56,6,No
page_0056_object.csv,56,7,No
page_0056_object.csv,56,8,No
page_0056_object.csv,56,9,No
page_0056_object.csv,56,10,No
page_0056_object.csv,56,11,No
page_0056_object.csv,56,12,No
page_0056_object.csv,56,13,No
page_0056_object.csv,56,14,No
page_0056_object.csv,56,15,No
page_0056_object.csv,56,16,No
page_0056_object.csv,56,17,No
page_0056_object.csv,56,18,No
page_0056_object.csv,56,19,No
page_0056_object.csv,56,20,No
page_0056_object.csv,56,21,No
page_0057_object.csv,57,2,No
page_0057_object.csv,57,3,No
page_0057_object.csv,57,4,No
page_0057_object.csv,57,5,No
page_0057_object.csv,57,6,No
page_0057_object.csv,57,7,No
page_0057_object.csv,57,8,No
page_0057_object.csv,57,9,No
page_0057_object.csv,57,10,No
page_0057_object.csv,57,11,No
page_0058_object.csv,58,2,No
page_0058_object.csv,58,3,No
page_0058_object.csv,58,4,No
page_0058_object.csv,58,5,No
page_0058_object.csv,58,6,No
page_0058_object.csv,58,7,No
page_0058_object.csv,58,8,No
page_0058_object.csv,58,9,No
page_0058_object.csv,58,10,No
page_0058_object.csv,58,11,No
page_0058_object.csv,58,12,No
page_0058_object.csv,58,13,No
page_0058_object.csv,58,14,No
page_0058_object.csv,58,15,No
page_0058_object.csv,58,16,No
page_0058_object.csv,58,17,No
page_0058_object.csv,58,18,No
page_0058_object.csv,58,19,No
page_0058_object.csv,58,20,No
page_0058_object.csv,58,21,No
page_0058_object.csv,58,22,No
page_0058_object.csv,58,23,No
page_0058_object.csv,58,24,No
page_0059_object.csv,59,2,No
page_0059_object.csv,59,3,No
page_0059_object.csv,59,4,No
page_0059_object.csv,59,5,No
page_0059_object.csv,59,6,No
page_0059_object.csv,59,7,No
page_0059_object.csv,59,8,No
page_0060_object.csv,60,2,No
page_0060_object.csv,60,3,No
page_0060_object.csv,60,4,No
page_0060_object.csv,60,5,No
page_0060_object.csv,60,6,No
page_0060_object.csv,60,7,No
page_0060_object.csv,60,8,No
page_0060_object.csv,60,9,No
page_0060_object.csv,60,10,No
page_0060_object.csv,60,11,No
page_0060_object.csv,60,12,No
page_0060_object.csv,60,13,No
page_0060_object.csv,60,14,No
page_0060_object.csv,60,15,No
page_0060_object.csv,60,16,No
page_0060_object.csv,60,17,No
page_0060_object.csv,60,18,No
page_0060_object.csv,60,19,No
page_0060_object.csv,60,20,No
page_0060_object.csv,60,21,No
page_0060_object.csv,60,22,No
page_0060_object.csv,60,23,No
page_0061_object.csv,61,2,No
page_0061_object.csv,61,3,No
page_0061_object.csv,61,4,No
page_0061_object.csv,61,5,No
page_0061_object.csv,61,6,No
page_0061_object.csv,61,7,No
page_0061_object.csv,61,8,No
page_0061_object.csv,61,9,No
page_0061_object.csv,61,10,No
page_0061_object.csv,61,11,No
page_0061_object.csv,61,12,No
page_0061_object.csv,61,13,No
page_0061_object.csv,61,14,No
page_0061_object.csv,61,15,No
page_0061_object.csv,61,16,No
page_0061_object.csv,61,17,No
page_0061_object.csv,61,18,No
page_0061_object.csv,61,19,No
page_0061_object.csv,61,20,No
page_0061_object.csv,61,21,No
page_0062_object.csv,62,2,No
page_0062_object.csv,62,3,No
page_0062_object.csv,62,4,No
page_0062_object.csv,62,5,No
page_0062_object.csv,62,6,No
page_0062_object.csv,62,7,No
page_0062_object.csv,62,8,No
page_0062_object.csv,62,9,No
page_0062_object.csv,62,10,No
page_0062_object.csv,62,11,No
page_0062_object.csv,62,12,No
page_0062_object.csv,62,13,No
page_0062_object.csv,62,14,No
page_0062_object.csv,62,15,No
page_0062_object.csv,62,16,No
page_0062_object.csv,62,17,No
page_0062_object.csv,62,18,No
page_0062_object.csv,62,19,No
page_0062_object.csv,62,20,No
page_0062_object.csv,62,21,No
page_0062_object.csv,62,22,No
page_0062_object.csv,62,23,No
page_0063_object.csv,63,2,No
page_0063_object.csv,63,3,No
page_0063_object.csv,63,4,No
page_0063_object.csv,63,5,No
page_0063_object.csv,63,6,No
page_0063_object.csv,63,7,No
page_0063_object.csv,63,8,No
page_0063_object.csv,63,9,No
page_0063_object.csv,63,10,No
page_0063_object.csv,63,11,No
page_0063_object.csv,63,12,No
page_0063_object.csv,63,13,No
page_0063_object.csv,63,14,No
page_0063_object.csv,63,15,No
page_0063_object.csv,63,16,No
page_0063_object.csv,63,17,No
page_0063_object.csv,63,18,No
page_0063_object.csv,63,19,No
page_0064_object.csv,64,2,No
page_0064_object.csv,64,3,No
page_0064_object.csv,64,4,No
page_0064_object.csv,64,5,No
page_0065_object.csv,65,2,No
page_0065_object.csv,65,3,No
page_0065_object.csv,65,4,No
page_0065_object.csv,65,5,No
page_0065_object.csv,65,6,No
page_0065_object.csv,65,7,No
page_0065_object.csv,65,8,No
page_0065_object.csv,65,9,No
page_0065_object.csv,65,10,No
page_0065_object.csv,65,11,No
page_0065_object.csv,65,12,No
page_0065_object.csv,65,13,No
page_0065_object.csv,65,14,No
page_0065_object.csv,65,15,No
page_0065_object.csv,65,16,No
page_0065_object.csv,65,17,No
page_0065_object.csv,65,18,No
page_0065_object.csv,65,19,No
page_0065_object.csv,65,20,No
page_0065_object.csv,65,21,No
page_0065_object.csv,65,22,No
page_0065_object.csv,65,23,No
page_0065_object.csv,65,24,No
page_0065_object.csv,65,25,No
page_0065_object.csv,65,26,No
page_0065_object.csv,65,27,No
page_0066_object.csv,66,2,No
page_0066_object.csv,66,3,No
page_0066_object.csv,66,4,No
page_0066_object.csv,66,5,No
page_0066_object.csv,66,6,No
page_0066_object.csv,66,7,No
page_0066_object.csv,66,8,No
page_0066_object.csv,66,9,No
page_0066_object.csv,66,10,No
page_0066_object.csv,66,11,No
page_0066_object.csv,66,12,No
page_0066_object.csv,66,13,No
page_0066_object.csv,66,14,No
page_0066_object.csv,66,15,No
page_0066_object.csv,66,16,No
page_0066_object.csv,66,17,No
page_0066_object.csv,66,18,No
page_0066_object.csv,66,19,No
page_0066_object.csv,66,20,No
page_0067_object.csv,67,2,No
page_0067_object.csv,67,3,No
page_0067_object.csv,67,4,No
page_0067_object.csv,67,5,No
page_0067_object.csv,67,6,No
page_0067_object.csv,67,7,No
page_0067_object.csv,67,8,No
page_0067_object.csv,67,9,No
page_0067_object.csv,67,10,No
page_0067_object.csv,67,11,No
page_0067_object.csv,67,12,No
page_0067_object.csv,67,13,No
page_0067_object.csv,67,14,No
page_0067_object.csv,67,15,No
page_0067_object.csv,67,16,No
page_0067_object.csv,67,17,No
page_0067_object.csv,67,18,No
page_0067_object.csv,67,19,No
page_0067_object.csv,67,20,No
page_0067_object.csv,67,21,No
page_0067_object.csv,67,22,No
page_0067_object.csv,67,23,No
page_0067_object.csv,67,24,No
page_0067_object.csv,67,25,No
page_0067_object.csv,67,26,No
page_0067_object.csv,67,27,No
page_0067_object.csv,67,28,No
page_0068_object.csv,68,2,No
page_0068_object.csv,68,3,No
page_0068_object.csv,68,4,No
page_0068_object.csv,68,5,No
page_0068_object.csv,68,6,No
page_0068_object.csv,68,7,No
page_0068_object.csv,68,8,No
page_0068_object.csv,68,9,No
page_0068_object.csv,68,10,No
page_0068_object.csv,68,11,No
page_0068_object.csv,68,12,No
page_0068_object.csv,68,13,No
page_0068_object.csv,68,14,No
page_0068_object.csv,68,15,No
page_0068_object.csv,68,16,No
page_0068_object.csv,68,17,No
page_0068_object.csv,68,18,No
page_0068_object.csv,68,19,No
page_0068_object.csv,68,20,No
page_0068_object.csv,68,21,No
page_0068_object.csv,68,22,No
page_0068_object.csv,68,23,No
page_0068_object.csv,68,24,No
page_0068_object.csv,68,25,No
page_0068_object.csv,68,26,No
page_0069_object.csv,69,2,No
page_0069_object.csv,69,3,No
page_0069_object.csv,69,4,No
page_0069_object.csv,69,5,No
page_0069_object.csv,69,6,No
page_0069_object.csv,69,7,No
page_0069_object.csv,69,8,No
page_0069_object.csv,69,9,No
page_0069_object.csv,69,10,No
page_0069_object.csv,69,11,No
page_0069_object.csv,69,12,No
page_0069_object.csv,69,13,No
page_0069_object.csv,69,14,No
page_0069_object.csv,69,15,No
page_0069_object.csv,69,16,No
page_0069_object.csv,69,17,No
page_0069_object.csv,69,18,No
page_0069_object.csv,69,19,No
page_0069_object.csv,69,20,No
page_0069_object.csv,69,21,No
page_0069_object.csv,69,22,No
page_0069_object.csv,69,23,No
page_0069_object.csv,69,24,No
page_0069_object.csv,69,25,No
page_0070_object.csv,70,2,No
page_0070_object.csv,70,3,No
page_0070_object.csv,70,4,No
page_0070_object.csv,70,5,No
page_0070_object.csv,70,6,No
page_0070_object.csv,70,7,No
page_0070_object.csv,70,8,No
page_0070_object.csv,70,9,No
page_0070_object.csv,70,10,No
page_0070_object.csv,70,11,No
page_0070_object.csv,70,12,No
page_0070_object.csv,70,13,No
page_0070_object.csv,70,14,No
page_0070_object.csv,70,15,No
page_0070_object.csv,70,16,No
page_0070_object.csv,70,17,No
page_0070_object.csv,70,18,No
page_0070_object.csv,70,19,No
page_0070_object.csv,70,20,No
page_0070_object.csv,70,21,No
page_0070_object.csv,70,22,No
page_0070_object.csv,70,23,No
page_0070_object.csv,70,24,No
page_0070_object.csv,70,25,No
page_0070_object.csv,70,26,No
page_0070_object.csv,70,27,No
page_0071_object.csv,71,2,No
page_0071_object.csv,71,3,No
page_0071_object.csv,71,4,No
page_0071_object.csv,71,5,No
page_0071_object.csv,71,6,No
page_0071_object.csv,71,7,No
page_0071_object.csv,71,8,No
page_0071_object.csv,71,9,No
page_0071_object.csv,71,10,No
page_0071_object.csv,71,11,No
page_0071_object.csv,71,12,No
page_0071_object.csv,71,13,No
page_0071_object.csv,71,14,No
page_0071_object.csv,71,15,No
page_0071_object.csv,71,16,No
page_0071_object.csv,71,17,No
page_0071_object.csv,71,18,No
page_0071_object.csv,71,19,No
page_0071_object.csv,71,20,No
page_0071_object.csv,71,21,No
page_0072_object.csv,72,2,No
page_0072_object.csv,72,3,No
page_0072_object.csv,72,4,No
page_0072_object.csv,72,5,No
page_0072_object.csv,72,6,No
page_0072_object.csv,72,7,No
page_0072_object.csv,72,8,No
page_0072_object.csv,72,9,No
page_0072_object.csv,72,10,No
page_0072_object.csv,72,11,No
page_0073_object.csv,73,2,No
page_0073_object.csv,73,3,No
page_0073_object.csv,73,4,No
page_0073_object.csv,73,5,No
page_0073_object.csv,73,6,No
page_0073_object.csv,73,7,No
page_0073_object.csv,73,8,No
page_0074_object.csv,74,2,No
page_0074_object.csv,74,3,No
page_0074_object.csv,74,4,No
page_0074_object.csv,74,5,No
page_0074_object.csv,74,6,No
page_0074_object.csv,74,7,No
page_0074_object.csv,74,8,No
page_0074_object.csv,74,9,No
page_0075_object.csv,75,2,No
page_0075_object.csv,75,3,No
page_0075_object.csv,75,4,No
page_0075_object.csv,75,5,No
page_0075_object.csv,75,6,No
page_0075_object.csv,75,7,No
page_0075_object.csv,75,8,No
page_0075_object.csv,75,9,No
page_0075_object.csv,75,10,No
page_0075_object.csv,75,11,No
page_0075_object.csv,75,12,No
page_0076_object.csv,76,2,No
page_0076_object.csv,76,3,No
page_0076_object.csv,76,4,No
page_0076_object.csv,76,5,No
page_0076_object.csv,76,6,No
page_0076_object.csv,76,7,No
page_0076_object.csv,76,8,No
page_0076_object.csv,76,9,No
page_0076_object.csv,76,10,No
page_0076_object.csv,76,11,No
page_0076_object.csv,76,12,No
page_0076_object.csv,76,13,No
page_0076_object.csv,76,14,No
page_0076_object.csv,76,15,No
page_0076_object.csv,76,16,No
page_0076_object.csv,76,17,No
page_0076_object.csv,76,18,No
page_0076_object.csv,76,19,No
page_0076_object.csv,76,20,No
page_0076_object.csv,76,21,No
page_0076_object.csv,76,22,No
page_0076_object.csv,76,23,No
page_0076_object.csv,76,24,No
page_0076_object.csv,76,25,No
page_0076_object.csv,76,26,No
page_0077_object.csv,77,2,No
page_0077_object.csv,77,3,No
page_0077_object.csv,77,4,No
page_0077_object.csv,77,5,No
page_0077_object.csv,77,6,No
page_0077_object.csv,77,7,No
page_0077_object.csv,77,8,No
page_0077_object.csv,77,9,No
page_0077_object.csv,77,10,No
page_0077_object.csv,77,11,No
page_0077_object.csv,77,12,No
page_0077_object.csv,77,13,No
page_0078_object.csv,78,2,No
page_0078_object.csv,78,3,No
page_0078_object.csv,78,4,No
page_0078_object.csv,78,5,No
page_0078_object.csv,78,6,No
page_0078_object.csv,78,7,No
page_0078_object.csv,78,8,No
page_0078_object.csv,78,9,No
page_0078_object.csv,78,10,No
page_0078_object.csv,78,11,No
page_0078_object.csv,78,12,No
page_0078_object.csv,78,13,No
page_0078_object.csv,78,14,No
page_0078_object.csv,78,15,No
page_0078_object.csv,78,16,No
page_0078_object.csv,78,17,No
page_0078_object.csv,78,18,No
page_0078_object.csv,78,19,No
page_0078_object.csv,78,20,No
page_0078_object.csv,78,21,No
page_0078_object.csv,78,22,No
page_0079_object.csv,79,2,No
page_0079_object.csv,79,3,No
page_0079_object.csv,79,4,No
page_0079_object.csv,79,5,No
page_0080_object.csv,80,2,No
page_0080_object.csv,80,3,No
page_0080_object.csv,80,4,No
page_0080_object.csv,80,5,No
page_0080_object.csv,80,6,No
page_0080_object.csv,80,7,No
page_0080_object.csv,80,8,No
page_0080_object.csv,80,9,No
page_0080_object.csv,80,10,No
page_0080_object.csv,80,11,No
page_0080_object.csv,80,12,No
page_0081_object.csv,81,2,No
page_0081_object.csv,81,3,No
page_0081_object.csv,81,4,No
page_0081_object.csv,81,5,No
page_0081_object.csv,81,6,No
page_0081_object.csv,81,7,No
page_0081_object.csv,81,8,No
page_0081_object.csv,81,9,No
page_0081_object.csv,81,10,No
page_0081_object.csv,81,11,No
page_0081_object.csv,81,12,No
page_0081_object.csv,81,13,No
page_0081_object.csv,81,14,No
page_0081_object.csv,81,15,No
page_0081_object.csv,81,16,No
page_0082_object.csv,82,2,No
page_0082_object.csv,82,3,No
page_0082_object.csv,82,4,No
page_0082_object.csv,82,5,No
page_0082_object.csv,82,6,No
page_0082_object.csv,82,7,No
page_0082_object.csv,82,8,No
page_0082_object.csv,82,9,No
page_0082_object.csv,82,10,No
page_0083_object.csv,83,2,No
page_0083_object.csv,83,3,No
page_0083_object.csv,83,4,No
page_0083_object.csv,83,5,No
page_0083_object.csv,83,6,No
page_0083_object.csv,83,7,No
page_0083_object.csv,83,8,No
page_0083_object.csv,83,9,No
page_0083_object.csv,83,10,No
page_0083_object.csv,83,11,No
page_0083_object.csv,83,12,No
page_0083_object.csv,83,13,No
page_0083_object.csv,83,14,No
page_0083_object.csv,83,15,No
page_0083_object.csv,83,16,No
page_0083_object.csv,83,17,No
page_0083_object.csv,83,18,No
page_0083_object.csv,83,19,No
page_0083_object.csv,83,20,No
page_0083_object.csv,83,21,No
page_0083_object.csv,83,22,No
page_0083_object.csv,83,23,No
page_0084_object.csv,84,2,No
page_0084_object.csv,84,3,No
page_0084_object.csv,84,4,No
page_0084_object.csv,84,5,No
page_0084_object.csv,84,6,No
page_0084_object.csv,84,7,No
page_0084_object.csv,84,8,No
page_0084_object.csv,84,9,No
page_0084_object.csv,84,10,No
page_0084_object.csv,84,11,No
page_0084_object.csv,84,12,No
page_0084_object.csv,84,13,No
page_0084_object.csv,84,14,No
page_0084_object.csv,84,15,No
page_0084_object.csv,84,16,No
page_0084_object.csv,84,17,No
page_0084_object.csv,84,18,No
page_0084_object.csv,84,19,No
page_0085_object.csv,85,2,No
page_0085_object.csv,85,3,No
page_0085_object.csv,85,4,No
page_0085_object.csv,85,5,No
page_0085_object.csv,85,6,No
page_0086_object.csv,86,2,No
page_0086_object.csv,86,3,No
page_0086_object.csv,86,4,No
page_0086_object.csv,86,5,No
page_0086_object.csv,86,6,No
page_0086_object.csv,86,7,No
page_0086_object.csv,86,8,No
page_0086_object.csv,86,9,No
page_0086_object.csv,86,10,No
page_0086_object.csv,86,11,No
page_0086_object.csv,86,12,No
page_0086_object.csv,86,13,No
page_0086_object.csv,86,14,No
page_0086_object.csv,86,15,No
page_0086_object.csv,86,16,No
page_0086_object.csv,86,17,No
page_0086_object.csv,86,18,No
page_0086_object.csv,86,19,No
page_0086_object.csv,86,20,No
page_0086_object.csv,86,21,No
page_0086_object.csv,86,22,No
page_0087_object.csv,87,2,No
page_0087_object.csv,87,3,No
page_0087_object.csv,87,4,No
page_0087_object.csv,87,5,No
page_0087_object.csv,87,6,No
page_0087_object.csv,87,7,No
page_0087_object.csv,87,8,No
page_0087_object.csv,87,9,No
page_0087_object.csv,87,10,No
page_0087_object.csv,87,11,No
page_0087_object.csv,87,12,No
page_0087_object.csv,87,13,No
page_0087_object.csv,87,14,No
page_0087_object.csv,87,15,No
page_0087_object.csv,87,16,No
page_0087_object.csv,87,17,No
page_0087_object.csv,87,18,No
page_0087_object.csv,87,19,No
page_0087_object.csv,87,20,No
page_0087_object.csv,87,21,No
page_0087_object.csv,87,22,No
page_0087_object.csv,87,23,No
page_0087_object.csv,87,24,No
page_0087_object.csv,87,25,No
page_0087_object.csv,87,26,No
page_0087_object.csv,87,27,No
page_0087_object.csv,87,28,No
page_0088_object.csv,88,2,No
page_0088_object.csv,88,3,No
page_0088_object.csv,88,4,No
page_0088_object.csv,88,5,No
page_0088_object.csv,88,6,No
page_0088_object.csv,88,7,No
page_0088_object.csv,88,8,No
page_0088_object.csv,88,9,No
page_0088_object.csv,88,10,No
page_0088_object.csv,88,11,No
page_0088_object.csv,88,12,No
page_0088_object.csv,88,13,No
page_0088_object.csv,88,14,No
page_0088_object.csv,88,15,No
page_0088_object.csv,88,16,No
page_0088_object.csv,88,17,No
page_0088_object.csv,88,18,No
page_0088_object.csv,88,19,No
page_0088_object.csv,88,20,No
page_0088_object.csv,88,21,No
page_0088_object.csv,88,22,No
page_0088_object.csv,88,23,No
page_0088_object.csv,88,24,No
page_0088_object.csv,88,25,No
page_0088_object.csv,88,26,No
page_0089_object.csv,89,2,No
page_0089_object.csv,89,3,No
page_0089_object.csv,89,4,No
page_0089_object.csv,89,5,No
page_0089_object.csv,89,6,No
page_0089_object.csv,89,7,No
page_0089_object.csv,89,8,No
page_0089_object.csv,89,9,No
page_0089_object.csv,89,10,No
page_0089_object.csv,89,11,No
page_0089_object.csv,89,12,No
page_0089_object.csv,89,13,No
page_0089_object.csv,89,14,No
page_0089_object.csv,89,15,No
page_0089_object.csv,89,16,No
page_0089_object.csv,89,17,No
page_0089_object.csv,89,18,No
page_0089_object.csv,89,19,No
page_0089_object.csv,89,20,No
page_0089_object.csv,89,21,No
page_0089_object.csv,89,22,No
page_0089_object.csv,89,23,No
page_0089_object.csv,89,24,No
page_0089_object.csv,89,25,No
page_0089_object.csv,89,26,No
page_0089_object.csv,89,27,No
page_0089_object.csv,89,28,No
page_0090_object.csv,90,2,No
page_0090_object.csv,90,3,No
page_0090_object.csv,90,4,No
page_0090_object.csv,90,5,No
page_0090_object.csv,90,6,No
page_0090_object.csv,90,7,No
page_0090_object.csv,90,8,No
page_0090_object.csv,90,9,No
page_0090_object.csv,90,10,No
page_0090_object.csv,90,11,No
page_0090_object.csv,90,12,No
page_0090_object.csv,90,13,No
page_0090_object.csv,90,14,No
page_0090_object.csv,90,15,No
page_0090_object.csv,90,16,No
page_0090_object.csv,90,17,No
page_0090_object.csv,90,18,No
page_0090_object.csv,90,19,No
page_0090_object.csv,90,20,No
page_0090_object.csv,90,21,No
page_0090_object.csv,90,22,No
page_0090_object.csv,90,23,No
page_0090_object.csv,90,24,No
page_0090_object.csv,90,25,No
page_0091_object.csv,91,2,No
page_0091_object.csv,91,3,No
page_0091_object.csv,91,4,No
page_0091_object.csv,91,5,No
page_0091_object.csv,91,6,No
page_0091_object.csv,91,7,No
page_0091_object.csv,91,8,No
page_0091_object.csv,91,9,No
page_0091_object.csv,91,10,No
page_0091_object.csv,91,11,No
page_0091_object.csv,91,12,No
page_0091_object.csv,91,13,No
page_0091_object.csv,91,14,No
page_0091_object.csv,91,15,No
page_0091_object.csv,91,16,No
page_0091_object.csv,91,17,No
page_0091_object.csv,91,18,No
page_0091_object.csv,91,19,No
page_0091_object.csv,91,20,No
page_0091_object.csv,91,21,No
page_0091_object.csv,91,22,No
page_0091_object.csv,91,23,No
page_0092_object.csv,92,2,No
page_0092_object.csv,92,3,No
page_0092_object.csv,92,4,No
page_0092_object.csv,92,5,No
page_0092_object.csv,92,6,No
page_0092_object.csv,92,7,No
page_0092_object.csv,92,8,No
page_0092_object.csv,92,9,No
page_0092_object.csv,92,10,No
page_0092_object.csv,92,11,No
page_0092_object.csv,92,12,No
page_0092_object.csv,92,13,No
page_0092_object.csv,92,14,No
page_0092_object.csv,92,15,No
page_0092_object.csv,92,16,No
page_0092_object.csv,92,17,No
page_0092_object.csv,92,18,No
page_0092_object.csv,92,19,No
page_0092_object.csv,92,20,No
page_0092_object.csv,92,21,No
page_0093_object.csv,93,2,No
page_0093_object.csv,93,3,No
page_0093_object.csv,93,4,No
page_0093_object.csv,93,5,No
page_0093_object.csv,93,6,No
page_0093_object.csv,93,7,No
page_0093_object.csv,93,8,No
page_0093_object.csv,93,9,No
page_0093_object.csv,93,10,No
page_0093_object.csv,93,11,No
page_0093_object.csv,93,12,No
page_0093_object.csv,93,13,No
page_0093_object.csv,93,14,No
page_0093_object.csv,93,15,No
page_0093_object.csv,93,16,No
page_0093_object.csv,93,17,No
page_0093_object.csv,93,18,No
page_0093_object.csv,93,19,No
page_0093_object.csv,93,20,No
page_0093_object.csv,93,21,No
page_0093_object.csv,93,22,No
page_0093_object.csv,93,23,No
page_0093_object.csv,93,24,No
page_0094_object.csv,94,2,No
page_0094_object.csv,94,3,No
page_0094_object.csv,94,4,No
page_0094_object.csv,94,5,No
page_0094_object.csv,94,6,No
page_0094_object.csv,94,7,No
page_0094_object.csv,94,8,No
page_0094_object.csv,94,9,No
page_0094_object.csv,94,10,No
page_0094_object.csv,94,11,No
page_0094_object.csv,94,12,No
page_0094_object.csv,94,13,No
page_0094_object.csv,94,14,No
page_0094_object.csv,94,15,No
page_0094_object.csv,94,16,No
page_0094_object.csv,94,17,No
page_0094_object.csv,94,18,No
page_0094_object.csv,94,19,No
page_0094_object.csv,94,20,No
page_0094_object.csv,94,21,No
page_0095_object.csv,95,2,No
page_0095_object.csv,95,3,No
page_0095_object.csv,95,4,No
page_0095_object.csv,95,5,No
page_0095_object.csv,95,6,No
page_0095_object.csv,95,7,No
page_0095_object.csv,95,8,No
page_0095_object.csv,95,9,No
page_0095_object.csv,95,10,No
page_0095_object.csv,95,11,No
page_0095_object.csv,95,12,No
page_0095_object.csv,95,13,No
page_0095_object.csv,95,14,No
page_0095_object.csv,95,15,No
page_0095_object.csv,95,16,No
page_0095_object.csv,95,17,No
page_0095_object.csv,95,18,No
page_0095_object.csv,95,19,No
page_0095_object.csv,95,20,No
page_0095_object.csv,95,21,No
page_0095_object.csv,95,22,No
page_0095_object.csv,95,23,No
page_0095_object.csv,95,24,No
page_0096_object.csv,96,2,No
page_0096_object.csv,96,3,No
page_0096_object.csv,96,4,No
page_0096_object.csv,96,5,No
page_0097_object.csv,97,2,No
page_0097_object.csv,97,3,No
page_0097_object.csv,97,4,No
page_0097_object.csv,97,5,No
page_0097_object.csv,97,6,No
page_0097_object.csv,97,7,No
page_0097_object.csv,97,8,No
page_0097_object.csv,97,9,No
page_0097_object.csv,97,10,No
page_0097_object.csv,97,11,No
page_0097_object.csv,97,12,No
page_0097_object.csv,97,13,No
page_0097_object.csv,97,14,No
page_0097_object.csv,97,15,No
page_0097_object.csv,97,16,No
page_0097_object.csv,97,17,No
page_0097_object.csv,97,18,No
page_0097_object.csv,97,19,No
page_0097_object.csv,97,20,No
page_0097_object.csv,97,21,No
page_0097_object.csv,97,22,No
page_0097_object.csv,97,23,No
page_0097_object.csv,97,24,No
page_0097_object.csv,97,25,No
page_0097_object.csv,97,26,No
page_0097_object.csv,97,27,No
page_0098_object.csv,98,2,No
page_0098_object.csv,98,3,No
page_0098_object.csv,98,4,No
page_0098_object.csv,98,5,No
page_0098_object.csv,98,6,No
page_0098_object.csv,98,7,No
page_0098_object.csv,98,8,No
page_0098_object.csv,98,9,No
page_0098_object.csv,98,10,No
page_0098_object.csv,98,11,No
page_0098_object.csv,98,12,No
page_0098_object.csv,98,13,No
page_0098_object.csv,98,14,No
page_0098_object.csv,98,15,No
page_0098_object.csv,98,16,No
page_0098_object.csv,98,17,No
page_0098_object.csv,98,18,No
page_0098_object.csv,98,19,No
page_0098_object.csv,98,20,No
page_0098_object.csv,98,21,No
page_0098_object.csv,98,22,No
page_0098_object.csv,98,23,No
page_0098_object.csv,98,24,No
page_0098_object.csv,98,25,No
page_0098_object.csv,98,26,No
page_0099_object.csv,99,2,No
page_0099_object.csv,99,3,No
page_0099_object.csv,99,4,No
page_0099_object.csv,99,5,No
page_0099_object.csv,99,6,No
page_0099_object.csv,99,7,No
page_0099_object.csv,99,8,No
page_0099_object.csv,99,9,No
page_0099_object.csv,99,10,No
page_0099_object.csv,99,11,No
page_0099_object.csv,99,12,No
page_0099_object.csv,99,13,No
page_0099_object.csv,99,14,No
page_0099_object.csv,99,15,No
page_0099_object.csv,99,16,No
page_0099_object.csv,99,17,No
page_0100_object.csv,100,2,No
page_0100_object.csv,100,3,No
page_0100_object.csv,100,4,No
page_0100_object.csv,100,5,No
page_0101_object.csv,101,2,No
page_0101_object.csv,101,3,No
page_0101_object.csv,101,4,No
page_0101_object.csv,101,5,No
page_0101_object.csv,101,6,No
page_0101_object.csv,101,7,No
page_0101_object.csv,101,8,No
page_0101_object.csv,101,9,No
page_0101_object.csv,101,10,No
page_0101_object.csv,101,11,No
page_0101_object.csv,101,12,No
page_0101_object.csv,101,13,No
page_0101_object.csv,101,14,No
page_0101_object.csv,101,15,No
page_0101_object.csv,101,16,No
page_0101_object.csv,101,17,No
page_0101_object.csv,101,18,No
page_0101_object.csv,101,19,No
page_0101_object.csv,101,20,No
page_0101_object.csv,101,21,No
page_0101_object.csv,101,22,No
page_0101_object.csv,101,23,No
page_0101_object.csv,101,24,No
page_0101_object.csv,101,25,No
page_0101_object.csv,101,26,No
page_0101_object.csv,101,27,No
page_0101_object.csv,101,28,No
page_0102_object.csv,102,2,No
page_0102_object.csv,102,3,No
page_0102_object.csv,102,4,No
page_0102_object.csv,102,5,No
page_0102_object.csv,102,6,No
page_0102_object.csv,102,7,No
page_0102_object.csv,102,8,No
page_0102_object.csv,102,9,No
page_0102_object.csv,102,10,No
page_0102_object.csv,102,11,No
page_0102_object.csv,102,12,No
page_0102_object.csv,102,13,No
page_0102_object.csv,102,14,No
page_0102_object.csv,102,15,No
page_0102_object.csv,102,16,No
page_0102_object.csv,102,17,No
page_0102_object.csv,102,18,No
page_0102_object.csv,102,19,No
page_0102_object.csv,102,20,No
page_0102_object.csv,102,21,No
page_0102_object.csv,102,22,No
page_0102_object.csv,102,23,No
page_0102_object.csv,102,24,No
page_0102_object.csv,102,25,No
page_0102_object.csv,102,26,No
page_0102_object.csv,102,27,No
page_0102_object.csv,102,28,No
page_0103_object.csv,103,2,No
page_0103_object.csv,103,3,No
page_0103_object.csv,103,4,No
page_0103_object.csv,103,5,No
page_0103_object.csv,103,6,No
page_0103_object.csv,103,7,No
page_0103_object.csv,103,8,No
page_0103_object.csv,103,9,No
page_0103_object.csv,103,10,No
page_0103_object.csv,103,11,No
page_0103_object.csv,103,12,No
page_0103_object.csv,103,13,No
page_0103_object.csv,103,14,No
page_0103_object.csv,103,15,No
page_0103_object.csv,103,16,No
page_0103_object.csv,103,17,No
page_0103_object.csv,103,18,No
page_0103_object.csv,103,19,No
page_0103_object.csv,103,20,No
page_0103_object.csv,103,21,No
page_0104_object.csv,104,2,No
page_0104_object.csv,104,3,No
page_0104_object.csv,104,4,No
page_0104_object.csv,104,5,No
page_0104_object.csv,104,6,No
page_0105_object.csv,105,2,No
page_0105_object.csv,105,3,No
page_0105_object.csv,105,4,No
page_0105_object.csv,105,5,No
page_0105_object.csv,105,6,No
page_0105_object.csv,105,7,No
page_0105_object.csv,105,8,No
page_0105_object.csv,105,9,No
page_0105_object.csv,105,10,No
page_0105_object.csv,105,11,No
page_0105_object.csv,105,12,No
page_0105_object.csv,105,13,No
page_0105_object.csv,105,14,No
page_0105_object.csv,105,15,No
page_0105_object.csv,105,16,No
page_0105_object.csv,105,17,No
page_0105_object.csv,105,18,No
page_0105_object.csv,105,19,No
page_0105_object.csv,105,20,No
page_0105_object.csv,105,21,No
page_0105_object.csv,105,22,No
page_0105_object.csv,105,23,No
page_0105_object.csv,105,24,No
page_0106_object.csv,106,2,No
page_0106_object.csv,106,3,No
page_0106_object.csv,106,4,No
page_0106_object.csv,106,5,No
page_0106_object.csv,106,6,No
page_0106_object.csv,106,7,No
page_0106_object.csv,106,8,No
page_0106_object.csv,106,9,No
page_0106_object.csv,106,10,No
page_0106_object.csv,106,11,No
page_0106_object.csv,106,12,No
page_0106_object.csv,106,13,No
page_0106_object.csv,106,14,No
page_0106_object.csv,106,15,No
page_0106_object.csv,106,16,No
page_0106_object.csv,106,17,No
page_0106_object.csv,106,18,No
page_0106_object.csv,106,19,No
page_0106_object.csv,106,20,No
page_0106_object.csv,106,21,No
page_0106_object.csv,106,22,No
page_0106_object.csv,106,23,No
page_0107_object.csv,107,2,No
page_0107_object.csv,107,3,No
page_0107_object.csv,107,4,No
page_0107_object.csv,107,5,No
page_0108_object.csv,108,2,No
page_0108_object.csv,108,3,No
page_0108_object.csv,108,4,No
page_0108_object.csv,108,5,No
page_0108_object.csv,108,6,No
page_0108_object.csv,108,7,No
page_0108_object.csv,108,8,No
page_0108_object.csv,108,9,No
page_0108_object.csv,108,10,No
page_0108_object.csv,108,11,No
page_0108_object.csv,108,12,No
page_0108_object.csv,108,13,No
page_0108_object.csv,108,14,No
page_0108_object.csv,108,15,No
page_0108_object.csv,108,16,No
page_0108_object.csv,108,17,No
page_0108_object.csv,108,18,No
page_0109_object.csv,109,2,No
page_0109_object.csv,109,3,No
page_0109_object.csv,109,4,No
page_0109_object.csv,109,5,No
page_0109_object.csv,109,6,No
page_0109_object.csv,109,7,No
page_0109_object.csv,109,8,No
page_0109_object.csv,109,9,No
page_0109_object.csv,109,10,No
page_0109_object.csv,109,11,No
page_0109_object.csv,109,12,No
page_0109_object.csv,109,13,No
page_0109_object.csv,109,14,No
page_0109_object.csv,109,15,No
page_0109_object.csv,109,16,No
page_0109_object.csv,109,17,No
page_0109_object.csv,109,18,No
page_0109_object.csv,109,19,No
page_0110_object.csv,110,2,No
page_0110_object.csv,110,3,No
page_0110_object.csv,110,4,No
page_0110_object.csv,110,5,No
page_0110_object.csv,110,6,No
page_0110_object.csv,110,7,No
page_0110_object.csv,110,8,No
page_0110_object.csv,110,9,No
page_0110_object.csv,110,10,No
page_0110_object.csv,110,11,No
page_0110_object.csv,110,12,No
page_0110_object.csv,110,13,No
page_0110_object.csv,110,14,No
page_0110_object.csv,110,15,No
page_0110_object.csv,110,16,No
page_0110_object.csv,110,17,No
page_0111_object.csv,111,2,No
page_0111_object.csv,111,3,No
page_0111_object.csv,111,4,No
page_0111_object.csv,111,5,No
page_0111_object.csv,111,6,No
page_0111_object.csv,111,7,No
page_0111_object.csv,111,8,No
page_0111_object.csv,111,9,No
page_0111_object.csv,111,10,No
page_0111_object.csv,111,11,No
page_0111_object.csv,111,12,No
page_0111_object.csv,111,13,No
page_0111_object.csv,111,14,No
page_0112_object.csv,112,2,No
page_0112_object.csv,112,3,No
page_0112_object.csv,112,4,No
page_0112_object.csv,112,5,No
page_0112_object.csv,112,6,No
page_0112_object.csv,112,7,No
page_0112_object.csv,112,8,No
page_0112_object.csv,112,9,No
page_0112_object.csv,112,10,No
page_0112_object.csv,112,11,No
page_0112_object.csv,112,12,No
page_0112_object.csv,112,13,No
page_0113_object.csv,113,2,No
page_0113_object.csv,113,3,No
page_0113_object.csv,113,4,No
page_0113_object.csv,113,5,No
page_0113_object.csv,113,6,No
page_0113_object.csv,113,7,No
page_0113_object.csv,113,8,No
page_0113_object.csv,113,9,No
page_0113_object.csv,113,10,No
page_0113_object.csv,113,11,No
page_0113_object.csv,113,12,No
page_0113_object.csv,113,13,No
page_0113_object.csv,113,14,No
page_0113_object.csv,113,15,No
page_0113_object.csv,113,16,No
page_0113_object.csv,113,17,No
page_0113_object.csv,113,18,No
page_0113_object.csv,113,19,No
page_0113_object.csv,113,20,No
page_0113_object.csv,113,21,No
page_0113_object.csv,113,22,No
page_0113_object.csv,113,23,No
page_0113_object.csv,113,24,No
page_0113_object.csv,113,25,No
page_0113_object.csv,113,26,No
page_0113_object.csv,113,27,No
page_0114_object.csv,114,2,No
page_0114_object.csv,114,3,No
page_0114_object.csv,114,4,No
page_0114_object.csv,114,5,No
page_0114_object.csv,114,6,No
page_0114_object.csv,114,7,No
page_0114_object.csv,114,8,No
page_0114_object.csv,114,9,No
page_0114_object.csv,114,10,No
page_0114_object.csv,114,11,No
page_0114_object.csv,114,12,No
page_0114_object.csv,114,13,No
page_0114_object.csv,114,14,No
page_0114_object.csv,114,15,No
page_0114_object.csv,114,16,No
page_0114_object.csv,114,17,No
page_0114_object.csv,114,18,No
page_0114_object.csv,114,19,No
page_0114_object.csv,114,20,No
page_0114_object.csv,114,21,No
page_0114_object.csv,114,22,No
page_0114_object.csv,114,23,No
page_0114_object.csv,114,24,No
page_0114_object.csv,114,25,No
page_0115_object.csv,115,2,No
page_0115_object.csv,115,3,No
page_0115_object.csv,115,4,No
page_0115_object.csv,115,5,No
page_0115_object.csv,115,6,No
page_0115_object.csv,115,7,No
page_0115_object.csv,115,8,No
page_0115_object.csv,115,9,No
page_0115_object.csv,115,10,No
page_0115_object.csv,115,11,No
page_0115_object.csv,115,12,No
page_0115_object.csv,115,13,No
page_0115_object.csv,115,14,No
page_0115_object.csv,115,15,No
page_0115_object.csv,115,16,No
page_0115_object.csv,115,17,No
page_0115_object.csv,115,18,No
page_0115_object.csv,115,19,No
page_0115_object.csv,115,20,No
page_0115_object.csv,115,21,No
page_0115_object.csv,115,22,No
page_0116_object.csv,116,2,No
page_0116_object.csv,116,3,No
page_0116_object.csv,116,4,No
page_0116_object.csv,116,5,No
page_0116_object.csv,116,6,No
page_0116_object.csv,116,7,No
page_0116_object.csv,116,8,No
page_0116_object.csv,116,9,No
page_0116_object.csv,116,10,No
page_0116_object.csv,116,11,No
page_0116_object.csv,116,12,No
page_0116_object.csv,116,13,No
page_0116_object.csv,116,14,No
page_0117_object.csv,117,2,No
page_0117_object.csv,117,3,No
page_0117_object.csv,117,4,No
page_0117_object.csv,117,5,No
page_0117_object.csv,117,6,No
page_0117_object.csv,117,7,No
page_0118_object.csv,118,2,No
page_0118_object.csv,118,3,No
page_0118_object.csv,118,4,No
page_0118_object.csv,118,5,No
page_0118_object.csv,118,6,No
page_0118_object.csv,118,7,No
page_0118_object.csv,118,8,No
page_0118_object.csv,118,9,No
page_0118_object.csv,118,10,No
page_0118_object.csv,118,11,No
page_0118_object.csv,118,12,No
page_0118_object.csv,118,13,No
page_0118_object.csv,118,14,No
page_0118_object.csv,118,15,No
page_0118_object.csv,118,16,No
page_0118_object.csv,118,17,No
page_0118_object.csv,118,18,No
page_0118_object.csv,118,19,No
page_0118_object.csv,118,20,No
page_0118_object.csv,118,21,No
page_0118_object.csv,118,22,No
page_0118_object.csv,118,23,No
page_0119_object.csv,119,2,No
page_0119_object.csv,119,3,No
page_0119_object.csv,119,4,No
page_0119_object.csv,119,5,No
page_0119_object.csv,119,6,No
page_0119_object.csv,119,7,No
page_0119_object.csv,119,8,No
page_0119_object.csv,119,9,No
page_0119_object.csv,119,10,No
page_0119_object.csv,119,11,No
page_0119_object.csv,119,12,No
page_0119_object.csv,119,13,No
page_0119_object.csv,119,14,No
page_0119_object.csv,119,15,No
page_0119_object.csv,119,16,No
page_0119_object.csv,119,17,No
page_0119_object.csv,119,18,No
page_0119_object.csv,119,19,No
page_0119_object.csv,119,20,No
page_0119_object.csv,119,21,No
page_0120_object.csv,120,2,No
page_0120_object.csv,120,3,No
page_0120_object.csv,120,4,No
page_0120_object.csv,120,5,No
page_0120_object.csv,120,6,No
page_0120_object.csv,120,7,No
page_0120_object.csv,120,8,No
page_0120_object.csv,120,9,No
page_0120_object.csv,120,10,No
page_0120_object.csv,120,11,No
page_0120_object.csv,120,12,No
page_0120_object.csv,120,13,No
page_0120_object.csv,120,14,No
page_0120_object.csv,120,15,No
page_0120_object.csv,120,16,No
page_0120_object.csv,120,17,No
page_0120_object.csv,120,18,No
page_0120_object.csv,120,19,No
page_0120_object.csv,120,20,No
page_0121_object.csv,121,2,No
page_0121_object.csv,121,3,No
page_0121_object.csv,121,4,No
page_0121_object.csv,121,5,No
page_0121_object.csv,121,6,No
page_0121_object.csv,121,7,No
page_0121_object.csv,121,8,No
page_0121_object.csv,121,9,No
page_0121_object.csv,121,10,No
page_0122_object.csv,122,2,No
page_0122_object.csv,122,3,No
page_0122_object.csv,122,4,No
page_0122_object.csv,122,5,No
page_0122_object.csv,122,6,No
page_0122_object.csv,122,7,No
page_0122_object.csv,122,8,No
page_0123_object.csv,123,2,No
page_0123_object.csv,123,3,No
page_0123_object.csv,123,4,No
page_0123_object.csv,123,5,No
page_0123_object.csv,123,6,No
page_0123_object.csv,123,7,No
page_0123_object.csv,123,8,No
page_0123_object.csv,123,9,No
page_0123_object.csv,123,10,No
page_0123_object.csv,123,11,No
page_0123_object.csv,123,12,No
page_0123_object.csv,123,13,No
page_0123_object.csv,123,14,No
page_0123_object.csv,123,15,No
page_0123_object.csv,123,16,No
page_0123_object.csv,123,17,No
page_0123_object.csv,123,18,No
page_0123_object.csv,123,19,No
page_0123_object.csv,123,20,No
page_0123_object.csv,123,21,No
page_0124_object.csv,124,2,No
page_0124_object.csv,124,3,No
page_0124_object.csv,124,4,No
page_0124_object.csv,124,5,No
page_0124_object.csv,124,6,No
page_0124_object.csv,124,7,No
page_0124_object.csv,124,8,No
page_0124_object.csv,124,9,No
page_0124_object.csv,124,10,No
page_0124_object.csv,124,11,No
page_0124_object.csv,124,12,No
page_0124_object.csv,124,13,No
page_0124_object.csv,124,14,No
page_0124_object.csv,124,15,No
page_0124_object.csv,124,16,No
page_0124_object.csv,124,17,No
page_0124_object.csv,124,18,No
page_0124_object.csv,124,19,No
page_0124_object.csv,124,20,No
page_0124_object.csv,124,21,No
page_0124_object.csv,124,22,No
page_0124_object.csv,124,23,No
page_0124_object.csv,124,24,No
page_0124_object.csv,124,25,No
page_0125_object.csv,125,2,No
page_0125_object.csv,125,3,No
page_0125_object.csv,125,4,No
page_0125_object.csv,125,5,No
page_0125_object.csv,125,6,No
page_0125_object.csv,125,7,No
page_0125_object.csv,125,8,No
page_0125_object.csv,125,9,No
page_0125_object.csv,125,10,No
page_0126_object.csv,126,2,No
page_0126_object.csv,126,3,No
page_0126_object.csv,126,4,No
page_0126_object.csv,126,5,No
page_0126_object.csv,126,6,No
page_0127_object.csv,127,2,No
page_0127_object.csv,127,3,No
page_0127_object.csv,127,4,No
page_0127_object.csv,127,5,No
page_0127_object.csv,127,6,No
page_0127_object.csv,127,7,No
page_0127_object.csv,127,8,No
page_0127_object.csv,127,9,No
page_0127_object.csv,127,10,No
page_0127_object.csv,127,11,No
page_0127_object.csv,127,12,No
page_0127_object.csv,127,13,No
page_0127_object.csv,127,14,No
page_0127_object.csv,127,15,No
page_0127_object.csv,127,16,No
page_0127_object.csv,127,17,No
page_0127_object.csv,127,18,No
page_0127_object.csv,127,19,No
page_0127_object.csv,127,20,No
page_0127_object.csv,127,21,No
page_0127_object.csv,127,22,No
page_0127_object.csv,127,23,No
page_0127_object.csv,127,24,No
page_0127_object.csv,127,25,No
page_0128_object.csv,128,2,No
page_0128_object.csv,128,3,No
page_0128_object.csv,128,4,No
page_0128_object.csv,128,5,No
page_0128_object.csv,128,6,No
page_0128_object.csv,128,7,No
page_0128_object.csv,128,8,No
page_0128_object.csv,128,9,No
page_0128_object.csv,128,10,No
page_0128_object.csv,128,11,No
page_0128_object.csv,128,12,No
page_0128_object.csv,128,13,No
page_0128_object.csv,128,14,No
page_0128_object.csv,128,15,No
page_0128_object.csv,128,16,No
page_0128_object.csv,128,17,No
page_0128_object.csv,128,18,No
page_0128_object.csv,128,19,No
page_0128_object.csv,128,20,No
page_0128_object.csv,128,21,No
page_0128_object.csv,128,22,No
page_0128_object.csv,128,23,No
page_0128_object.csv,128,24,No
page_0128_object.csv,128,25,No
page_0129_object.csv,129,2,No
page_0129_object.csv,129,3,No
page_0129_object.csv,129,4,No
page_0129_object.csv,129,5,No
page_0129_object.csv,129,6,No
page_0129_object.csv,129,7,No
page_0129_object.csv,129,8,No
page_0129_object.csv,129,9,No
page_0129_object.csv,129,10,No
page_0129_object.csv,129,11,No
page_0129_object.csv,129,12,No
page_0129_object.csv,129,13,No
page_0129_object.csv,129,14,No
page_0129_object.csv,129,15,No
page_0129_object.csv,129,16,No
page_0129_object.csv,129,17,No
page_0129_object.csv,129,18,No
page_0129_object.csv,129,19,No
page_0129_object.csv,129,20,No
page_0129_object.csv,129,21,No
page_0129_object.csv,129,22,No
page_0129_object.csv,129,23,No
page_0130_object.csv,130,2,No
page_0130_object.csv,130,3,No
page_0130_object.csv,130,4,No
page_0130_object.csv,130,5,No
page_0130_object.csv,130,6,No
page_0130_object.csv,130,7,No
page_0130_object.csv,130,8,No
page_0130_object.csv,130,9,No
page_0130_object.csv,130,10,No
page_0130_object.csv,130,11,No
page_0130_object.csv,130,12,No
page_0130_object.csv,130,13,No
page_0130_object.csv,130,14,No
page_0130_object.csv,130,15,No
page_0130_object.csv,130,16,No
page_0130_object.csv,130,17,No
page_0130_object.csv,130,18,No
page_0130_object.csv,130,19,No
page_0130_object.csv,130,20,No
page_0130_object.csv,130,21,No
page_0130_object.csv,130,22,No
page_0130_object.csv,130,23,No
page_0130_object.csv,130,24,No
page_0130_object.csv,130,25,No
page_0130_object.csv,130,26,No
page_0131_object.csv,131,2,No
page_0131_object.csv,131,3,No
page_0131_object.csv,131,4,No
page_0131_object.csv,131,5,No
page_0131_object.csv,131,6,No
page_0131_object.csv,131,7,No
page_0131_object.csv,131,8,No
page_0131_object.csv,131,9,No
page_0131_object.csv,131,10,No
page_0131_object.csv,131,11,No
page_0131_object.csv,131,12,No
page_0131_object.csv,131,13,No
page_0131_object.csv,131,14,No
page_0131_object.csv,131,15,No
page_0131_object.csv,131,16,No
page_0131_object.csv,131,17,No
page_0131_object.csv,131,18,No
page_0131_object.csv,131,19,No
page_0131_object.csv,131,20,No
page_0131_object.csv,131,21,No
page_0131_object.csv,131,22,No
page_0131_object.csv,131,23,No
page_0131_object.csv,131,24,No
page_0131_object.csv,131,25,No
page_0131_object.csv,131,26,No
page_0132_object.csv,132,2,No
page_0132_object.csv,132,3,No
page_0132_object.csv,132,4,No
page_0132_object.csv,132,5,No
page_0132_object.csv,132,6,No
page_0132_object.csv,132,7,No
page_0132_object.csv,132,8,No
page_0132_object.csv,132,9,No
page_0132_object.csv,132,10,No
page_0132_object.csv,132,11,No
page_0132_object.csv,132,12,No
page_0132_object.csv,132,13,No
page_0132_object.csv,132,14,No
page_0132_object.csv,132,15,No
page_0132_object.csv,132,16,No
page_0132_object.csv,132,17,No
page_0132_object.csv,132,18,No
page_0132_object.csv,132,19,No
page_0132_object.csv,132,20,No
page_0132_object.csv,132,21,No
page_0132_object.csv,132,22,No
page_0132_object.csv,132,23,No
page_0132_object.csv,132,24,No
page_0132_object.csv,132,25,No
page_0132_object.csv,132,26,No
page_0132_object.csv,132,27,No
page_0132_object.csv,132,28,No
page_0132_object.csv,132,29,No
page_0133_object.csv,133,2,No
page_0133_object.csv,133,3,No
page_0133_object.csv,133,4,No
page_0133_object.csv,133,5,No
page_0133_object.csv,133,6,No
page_0133_object.csv,133,7,No
page_0133_object.csv,133,8,No
page_0133_object.csv,133,9,No
page_0133_object.csv,133,10,No
page_0133_object.csv,133,11,No
page_0133_object.csv,133,12,No
page_0133_object.csv,133,13,No
page_0133_object.csv,133,14,No
page_0133_object.csv,133,15,No
page_0133_object.csv,133,16,No
page_0133_object.csv,133,17,No
page_0133_object.csv,133,18,No
page_0133_object.csv,133,19,No
page_0133_object.csv,133,20,No
page_0133_object.csv,133,21,No
page_0133_object.csv,133,22,No
page_0133_object.csv,133,23,No
page_0133_object.csv,133,24,No
page_0133_object.csv,133,25,No
page_0133_object.csv,133,26,No
page_0133_object.csv,133,27,No
page_0134_object.csv,134,2,No
page_0134_object.csv,134,3,No
page_0134_object.csv,134,4,No
page_0134_object.csv,134,5,No
page_0134_object.csv,134,6,No
page_0134_object.csv,134,7,No
page_0134_object.csv,134,8,No
page_0134_object.csv,134,9,No
page_0134_object.csv,134,10,No
page_0134_object.csv,134,11,No
page_0134_object.csv,134,12,No
page_0134_object.csv,134,13,No
page_0134_object.csv,134,14,No
page_0134_object.csv,134,15,No
page_0134_object.csv,134,16,No
page_0134_object.csv,134,17,No
page_0134_object.csv,134,18,No
page_0134_object.csv,134,19,No
page_0134_object.csv,134,20,No
page_0134_object.csv,134,21,No
page_0134_object.csv,134,22,No
page_0134_object.csv,134,23,No
page_0134_object.csv,134,24,No
page_0135_object.csv,135,2,No
page_0135_object.csv,135,3,No
page_0135_object.csv,135,4,No
page_0135_object.csv,135,5,No
page_0135_object.csv,135,6,No
page_0135_object.csv,135,7,No
page_0135_object.csv,135,8,No
page_0135_object.csv,135,9,No
page_0135_object.csv,135,10,No
page_0135_object.csv,135,11,No
page_0135_object.csv,135,12,No
page_0135_object.csv,135,13,No
page_0135_object.csv,135,14,No
page_0135_object.csv,135,15,No
page_0135_object.csv,135,16,No
page_0135_object.csv,135,17,No
page_0135_object.csv,135,18,No
page_0135_object.csv,135,19,No
page_0135_object.csv,135,20,No
page_0135_object.csv,135,21,No
page_0135_object.csv,135,22,No
page_0135_object.csv,135,23,No
page_0135_object.csv,135,24,No
page_0135_object.csv,135,25,No
page_0135_object.csv,135,26,No
page_0136_object.csv,136,2,No
page_0136_object.csv,136,3,No
page_0136_object.csv,136,4,No
page_0136_object.csv,136,5,No
page_0136_object.csv,136,6,No
page_0136_object.csv,136,7,No
page_0136_object.csv,136,8,No
page_0136_object.csv,136,9,No
page_0136_object.csv,136,10,No
page_0136_object.csv,136,11,No
page_0136_object.csv,136,12,No
page_0136_object.csv,136,13,No
page_0136_object.csv,136,14,No
page_0136_object.csv,136,15,No
page_0136_object.csv,136,16,No
page_0136_object.csv,136,17,No
page_0136_object.csv,136,18,No
page_0136_object.csv,136,19,No
page_0136_object.csv,136,20,No
page_0136_object.csv,136,21,No
page_0136_object.csv,136,22,No
page_0136_object.csv,136,23,No
page_0136_object.csv,136,24,No
page_0137_object.csv,137,2,No
page_0137_object.csv,137,3,No
page_0137_object.csv,137,4,No
page_0137_object.csv,137,5,No
page_0137_object.csv,137,6,No
page_0137_object.csv,137,7,No
page_0137_object.csv,137,8,No
page_0137_object.csv,137,9,No
page_0137_object.csv,137,10,No
page_0137_object.csv,137,11,No
page_0137_object.csv,137,12,No
page_0137_object.csv,137,13,No
page_0137_object.csv,137,14,No
page_0137_object.csv,137,15,No
page_0137_object.csv,137,16,No
page_0137_object.csv,137,17,No
page_0137_object.csv,137,18,No
page_0137_object.csv,137,19,No
page_0137_object.csv,137,20,No
page_0137_object.csv,137,21,No
page_0137_object.csv,137,22,No
page_0138_object.csv,138,2,No
page_0138_object.csv,138,3,No
page_0138_object.csv,138,4,No
page_0138_object.csv,138,5,No
page_0139_object.csv,139,2,No
page_0139_object.csv,139,3,No
page_0139_object.csv,139,4,No
page_0139_object.csv,139,5,No
page_0140_object.csv,140,2,No
page_0140_object.csv,140,3,No
page_0140_object.csv,140,4,No
page_0140_object.csv,140,5,No
page_0141_object.csv,141,2,No
page_0141_object.csv,141,3,No
page_0141_object.csv,141,4,No
page_0141_object.csv,141,5,No
page_0141_object.csv,141,6,No
page_0141_object.csv,141,7,No
page_0141_object.csv,141,8,No
page_0141_object.csv,141,9,No
page_0141_object.csv,141,10,No
page_0141_object.csv,141,11,No
page_0141_object.csv,141,12,No
page_0141_object.csv,141,13,No
page_0141_object.csv,141,14,No
page_0141_object.csv,141,15,No
page_0141_object.csv,141,16,No
page_0141_object.csv,141,17,No
page_0141_object.csv,141,18,No
page_0142_object.csv,142,2,No
page_0142_object.csv,142,3,No
page_0142_object.csv,142,4,No
page_0142_object.csv,142,5,No
page_0142_object.csv,142,6,No
page_0142_object.csv,142,7,No
page_0142_object.csv,142,8,No
page_0142_object.csv,142,9,No
page_0142_object.csv,142,10,No
page_0142_object.csv,142,11,No
page_0142_object.csv,142,12,No
page_0142_object.csv,142,13,No
page_0142_object.csv,142,14,No
page_0142_object.csv,142,15,No
page_0142_object.csv,142,16,No
page_0142_object.csv,142,17,No
page_0142_object.csv,142,18,No
page_0142_object.csv,142,19,No
page_0142_object.csv,142,20,No
page_0142_object.csv,142,21,No
page_0142_object.csv,142,22,No
page_0142_object.csv,142,23,No
page_0142_object.csv,142,24,No
page_0142_object.csv,142,25,No
page_0142_object.csv,142,26,No
page_0143_object.csv,143,2,No
page_0143_object.csv,143,3,No
page_0143_object.csv,143,4,No
page_0143_object.csv,143,5,No
page_0143_object.csv,143,6,No
page_0143_object.csv,143,7,No
page_0143_object.csv,143,8,No
page_0143_object.csv,143,9,No
page_0143_object.csv,143,10,No
page_0143_object.csv,143,11,No
page_0143_object.csv,143,12,No
page_0143_object.csv,143,13,No
page_0143_object.csv,143,14,No
page_0143_object.csv,143,15,No
page_0143_object.csv,143,16,No
page_0143_object.csv,143,17,No
page_0143_object.csv,143,18,No
page_0143_object.csv,143,19,No
page_0143_object.csv,143,20,No
page_0143_object.csv,143,21,No
page_0143_object.csv,143,22,No
page_0143_object.csv,143,23,No
page_0143_object.csv,143,24,No
page_0143_object.csv,143,25,No
page_0144_object.csv,144,2,No
page_0144_object.csv,144,3,No
page_0144_object.csv,144,4,No
page_0144_object.csv,144,5,No
page_0144_object.csv,144,6,No
page_0144_object.csv,144,7,No
page_0144_object.csv,144,8,No
page_0144_object.csv,144,9,No
page_0144_object.csv,144,10,No
page_0144_object.csv,144,11,No
page_0144_object.csv,144,12,No
page_0144_object.csv,144,13,No
page_0144_object.csv,144,14,No
page_0144_object.csv,144,15,No
page_0144_object.csv,144,16,No
page_0144_object.csv,144,17,No
page_0144_object.csv,144,18,No
page_0144_object.csv,144,19,No
page_0144_object.csv,144,20,No
page_0144_object.csv,144,21,No
page_0144_object.csv,144,22,No
page_0144_object.csv,144,23,No
page_0145_object.csv,145,2,No
page_0145_object.csv,145,3,No
page_0145_object.csv,145,4,No
page_0145_object.csv,145,5,No
page_0145_object.csv,145,6,No
page_0145_object.csv,145,7,No
page_0145_object.csv,145,8,No
page_0145_object.csv,145,9,No
page_0145_object.csv,145,10,No
page_0145_object.csv,145,11,No
page_0145_object.csv,145,12,No
page_0145_object.csv,145,13,No
page_0145_object.csv,145,14,No
page_0145_object.csv,145,15,No
page_0145_object.csv,145,16,No
page_0145_object.csv,145,17,No
page_0145_object.csv,145,18,No
page_0145_object.csv,145,19,No
page_0145_object.csv,145,20,No
page_0145_object.csv,145,21,No
page_0145_object.csv,145,22,No
page_0145_object.csv,145,23,No
page_0145_object.csv,145,24,No
page_0146_object.csv,146,2,No
page_0146_object.csv,146,3,No
page_0146_object.csv,146,4,No
page_0146_object.csv,146,5,No
page_0146_object.csv,146,6,No
page_0146_object.csv,146,7,No
page_0146_object.csv,146,8,No
page_0146_object.csv,146,9,No
page_0146_object.csv,146,10,No
page_0146_object.csv,146,11,No
page_0146_object.csv,146,12,No
page_0146_object.csv,146,13,No
page_0146_object.csv,146,14,No
page_0146_object.csv,146,15,No
page_0146_object.csv,146,16,No
page_0146_object.csv,146,17,No
page_0146_object.csv,146,18,No
page_0146_object.csv,146,19,No
page_0146_object.csv,146,20,No
page_0146_object.csv,146,21,No
page_0146_object.csv,146,22,No
page_0146_object.csv,146,23,No
page_0146_object.csv,146,24,No
page_0146_object.csv,146,25,No
page_0147_object.csv,147,2,No
page_0147_object.csv,147,3,No
page_0147_object.csv,147,4,No
page_0147_object.csv,147,5,No
page_0147_object.csv,147,6,No
page_0147_object.csv,147,7,No
page_0147_object.csv,147,8,No
page_0147_object.csv,147,9,No
page_0147_object.csv,147,10,No
page_0147_object.csv,147,11,No
page_0147_object.csv,147,12,No
page_0147_object.csv,147,13,No
page_0147_object.csv,147,14,No
page_0147_object.csv,147,15,No
page_0147_object.csv,147,16,No
page_0147_object.csv,147,17,No
page_0147_object.csv,147,18,No
page_0147_object.csv,147,19,No
page_0147_object.csv,147,20,No
page_0147_object.csv,147,21,No
page_0147_object.csv,147,22,No
page_0147_object.csv,147,23,No
page_0147_object.csv,147,24,No
page_0147_object.csv,147,25,No
page_0148_object.csv,148,2,No
page_0148_object.csv,148,3,No
page_0148_object.csv,148,4,No
page_0148_object.csv,148,5,No
page_0148_object.csv,148,6,No
page_0148_object.csv,148,7,No
page_0148_object.csv,148,8,No
page_0148_object.csv,148,9,No
page_0148_object.csv,148,10,No
page_0148_object.csv,148,11,No
page_0148_object.csv,148,12,No
page_0148_object.csv,148,13,No
page_0148_object.csv,148,14,No
page_0148_object.csv,148,15,No
page_0148_object.csv,148,16,No
page_0148_object.csv,148,17,No
page_0148_object.csv,148,18,No
page_0148_object.csv,148,19,No
page_0148_object.csv,148,20,No
page_0148_object.csv,148,21,No
page_0148_object.csv,148,22,No
page_0148_object.csv,148,23,No
page_0148_object.csv,148,24,No
page_0148_object.csv,148,25,No
page_0148_object.csv,148,26,No
page_0148_object.csv,148,27,No
page_0149_object.csv,149,2,No
page_0149_object.csv,149,3,No
page_0149_object.csv,149,4,No
page_0149_object.csv,149,5,No
page_0149_object.csv,149,6,No
page_0149_object.csv,149,7,No
page_0149_object.csv,149,8,No
page_0149_object.csv,149,9,No
page_0149_object.csv,149,10,No
page_0149_object.csv,149,11,No
page_0149_object.csv,149,12,No
page_0149_object.csv,149,13,No
page_0149_object.csv,149,14,No
page_0149_object.csv,149,15,No
page_0149_object.csv,149,16,No
page_0149_object.csv,149,17,No
page_0149_object.csv,149,18,No
page_0149_object.csv,149,19,No
page_0149_object.csv,149,20,No
page_0149_object.csv,149,21,No
page_0149_object.csv,149,22,No
page_0149_object.csv,149,23,No
page_0149_object.csv,149,24,No
page_0149_object.csv,149,25,No
page_0150_object.csv,150,2,No
page_0150_object.csv,150,3,No
page_0150_object.csv,150,4,No
page_0150_object.csv,150,5,No
page_0150_object.csv,150,6,No
page_0150_object.csv,150,7,No
page_0150_object.csv,150,8,No
page_0150_object.csv,150,9,No
page_0150_object.csv,150,10,No
page_0150_object.csv,150,11,No
page_0150_object.csv,150,12,No
page_0150_object.csv,150,13,No
page_0150_object.csv,150,14,No
page_0150_object.csv,150,15,No
page_0150_object.csv,150,16,No
page_0150_object.csv,150,17,No
page_0150_object.csv,150,18,No
page_0150_object.csv,150,19,No
page_0151_object.csv,151,2,No
page_0151_object.csv,151,3,No
page_0151_object.csv,151,4,No
page_0151_object.csv,151,5,No
page_0151_object.csv,151,6,No
page_0151_object.csv,151,7,No
page_0151_object.csv,151,8,No
page_0151_object.csv,151,9,No
page_0151_object.csv,151,10,No
page_0151_object.csv,151,11,No
page_0151_object.csv,151,12,No
page_0151_object.csv,151,13,No
page_0151_object.csv,151,14,No
page_0151_object.csv,151,15,No
page_0151_object.csv,151,16,No
page_0151_object.csv,151,17,No
page_0151_object.csv,151,18,No
page_0151_object.csv,151,19,No
page_0151_object.csv,151,20,No
page_0151_object.csv,151,21,No
page_0151_object.csv,151,22,No
page_0151_object.csv,151,23,No
page_0151_object.csv,151,24,No
page_0151_object.csv,151,25,No
page_0151_object.csv,151,26,No
page_0151_object.csv,151,27,No
page_0152_object.csv,152,2,No
page_0152_object.csv,152,3,No
page_0152_object.csv,152,4,No
page_0152_object.csv,152,5,No
page_0152_object.csv,152,6,No
page_0152_object.csv,152,7,No
page_0152_object.csv,152,8,No
page_0152_object.csv,152,9,No
page_0152_object.csv,152,10,No
page_0152_object.csv,152,11,No
page_0152_object.csv,152,12,No
page_0152_object.csv,152,13,No
page_0152_object.csv,152,14,No
page_0152_object.csv,152,15,No
page_0152_object.csv,152,16,No
page_0152_object.csv,152,17,No
page_0152_object.csv,152,18,No
page_0153_object.csv,153,2,No
page_0153_object.csv,153,3,No
page_0153_object.csv,153,4,No
page_0153_object.csv,153,5,No
page_0153_object.csv,153,6,No
page_0153_object.csv,153,7,No
page_0153_object.csv,153,8,No
page_0153_object.csv,153,9,No
page_0153_object.csv,153,10,No
page_0153_object.csv,153,11,No
page_0153_object.csv,153,12,No
page_0153_object.csv,153,13,No
page_0153_object.csv,153,14,No
page_0153_object.csv,153,15,No
page_0153_object.csv,153,16,No
page_0153_object.csv,153,17,No
page_0153_object.csv,153,18,No
page_0153_object.csv,153,19,No
page_0153_object.csv,153,20,No
page_0153_object.csv,153,21,No
page_0153_object.csv,153,22,No
page_0153_object.csv,153,23,No
page_0154_object.csv,154,2,No
page_0154_object.csv,154,3,No
page_0154_object.csv,154,4,No
page_0154_object.csv,154,5,No
page_0154_object.csv,154,6,No
page_0154_object.csv,154,7,No
page_0154_object.csv,154,8,No
page_0154_object.csv,154,9,No
page_0155_object.csv,155,2,No
page_0155_object.csv,155,3,No
page_0155_object.csv,155,4,No
page_0155_object.csv,155,5,No
page_0155_object.csv,155,6,No
page_0155_object.csv,155,7,No
page_0155_object.csv,155,8,No
page_0155_object.csv,155,9,No
page_0155_object.csv,155,10,No
page_0155_object.csv,155,11,No
page_0155_object.csv,155,12,No
page_0155_object.csv,155,13,No
page_0155_object.csv,155,14,No
page_0155_object.csv,155,15,No
page_0155_object.csv,155,16,No
page_0155_object.csv,155,17,No
page_0155_object.csv,155,18,No
page_0155_object.csv,155,19,No
page_0156_object.csv,156,2,No
page_0156_object.csv,156,3,No
page_0156_object.csv,156,4,No
page_0156_object.csv,156,5,No
page_0156_object.csv,156,6,No
page_0156_object.csv,156,7,No
page_0156_object.csv,156,8,No
page_0156_object.csv,156,9,No
page_0156_object.csv,156,10,No
page_0156_object.csv,156,11,No
page_0156_object.csv,156,12,No
page_0156_object.csv,156,13,No
page_0156_object.csv,156,14,No
page_0156_object.csv,156,15,No
page_0156_object.csv,156,16,No
page_0157_object.csv,157,2,No
page_0157_object.csv,157,3,No
page_0157_object.csv,157,4,No
page_0157_object.csv,157,5,No
page_0157_object.csv,157,6,No
page_0157_object.csv,157,7,No
page_0157_object.csv,157,8,No
page_0157_object.csv,157,9,No
page_0157_object.csv,157,10,No
page_0157_object.csv,157,11,No
page_0157_object.csv,157,12,No
page_0157_object.csv,157,13,No
page_0157_object.csv,157,14,No
page_0157_object.csv,157,15,No
page_0157_object.csv,157,16,No
page_0157_object.csv,157,17,No
page_0157_object.csv,157,18,No
page_0158_object.csv,158,2,No
page_0158_object.csv,158,3,No
page_0158_object.csv,158,4,No
page_0158_object.csv,158,5,No
page_0158_object.csv,158,6,No
page_0158_object.csv,158,7,No
page_0158_object.csv,158,8,No
page_0158_object.csv,158,9,No
page_0158_object.csv,158,10,No
page_0158_object.csv,158,11,No
page_0158_object.csv,158,12,No
page_0158_object.csv,158,13,No
page_0158_object.csv,158,14,No
page_0158_object.csv,158,15,No
page_0158_object.csv,158,16,No
page_0158_object.csv,158,17,No
page_0158_object.csv,158,18,No
page_0158_object.csv,158,19,No
page_0159_object.csv,159,2,No
page_0159_object.csv,159,3,No
page_0159_object.csv,159,4,No
page_0159_object.csv,159,5,No
page_0159_object.csv,159,6,No
page_0159_object.csv,159,7,No
page_0159_object.csv,159,8,No
page_0159_object.csv,159,9,No
page_0159_object.csv,159,10,No
page_0159_object.csv,159,11,No
page_0159_object.csv,159,12,No
page_0159_object.csv,159,13,No
page_0159_object.csv,159,14,No
page_0159_object.csv,159,15,No
page_0159_object.csv,159,16,No
page_0159_object.csv,159,17,No
page_0159_object.csv,159,18,No
page_0159_object.csv,159,19,No
page_0160_object.csv,160,2,No
page_0160_object.csv,160,3,No
page_0160_object.csv,160,4,No
page_0160_object.csv,160,5,No
page_0160_object.csv,160,6,No
page_0160_object.csv,160,7,No
page_0160_object.csv,160,8,No
page_0160_object.csv,160,9,No
page_0160_object.csv,160,10,No
page_0160_object.csv,160,11,No
page_0160_object.csv,160,12,No
page_0160_object.csv,160,13,No
page_0160_object.csv,160,14,No
page_0160_object.csv,160,15,No
page_0160_object.csv,160,16,No
page_0160_object.csv,160,17,No
page_0160_object.csv,160,18,No
page_0160_object.csv,160,19,No
page_0161_object.csv,161,2,No
page_0161_object.csv,161,3,No
page_0161_object.csv,161,4,No
page_0161_object.csv,161,5,No
page_0161_object.csv,161,6,No
page_0161_object.csv,161,7,No
page_0161_object.csv,161,8,No
page_0161_object.csv,161,9,No
page_0161_object.csv,161,10,No
page_0161_object.csv,161,11,No
page_0161_object.csv,161,12,No
page_0161_object.csv,161,13,No
page_0161_object.csv,161,14,No
page_0161_object.csv,161,15,No
page_0161_object.csv,161,16,No
page_0161_object.csv,161,17,No
page_0161_object.csv,161,18,No
page_0161_object.csv,161,19,No
page_0162_object.csv,162,2,No
page_0162_object.csv,162,3,No
page_0162_object.csv,162,4,No
page_0162_object.csv,162,5,No
page_0162_object.csv,162,6,No
page_0162_object.csv,162,7,No
page_0162_object.csv,162,8,No
page_0162_object.csv,162,9,No
page_0162_object.csv,162,10,No
page_0162_object.csv,162,11,No
page_0162_object.csv,162,12,No
page_0162_object.csv,162,13,No
page_0162_object.csv,162,14,No
page_0162_object.csv,162,15,No
page_0162_object.csv,162,16,No
page_0162_object.csv,162,17,No
page_0162_object.csv,162,18,No
page_0162_object.csv,162,19,No
page_0163_object.csv,163,2,No
page_0163_object.csv,163,3,No
page_0163_object.csv,163,4,No
page_0163_object.csv,163,5,No
page_0163_object.csv,163,6,No
page_0163_object.csv,163,7,No
page_0163_object.csv,163,8,No
page_0163_object.csv,163,9,No
page_0163_object.csv,163,10,No
page_0163_object.csv,163,11,No
page_0163_object.csv,163,12,No
page_0163_object.csv,163,13,No
page_0163_object.csv,163,14,No
page_0163_object.csv,163,15,No
page_0163_object.csv,163,16,No
page_0163_object.csv,163,17,No
page_0163_object.csv,163,18,No
page_0163_object.csv,163,19,No
page_0164_object.csv,164,2,No
page_0164_object.csv,164,3,No
page_0164_object.csv,164,4,No
page_0164_object.csv,164,5,No
page_0164_object.csv,164,6,No
page_0164_object.csv,164,7,No
page_0164_object.csv,164,8,No
page_0164_object.csv,164,9,No
page_0164_object.csv,164,10,No
page_0164_object.csv,164,11,No
page_0164_object.csv,164,12,No
page_0164_object.csv,164,13,No
page_0164_object.csv,164,14,No
page_0164_object.csv,164,15,No
page_0164_object.csv,164,16,No
page_0164_object.csv,164,17,No
page_0164_object.csv,164,18,No
page_0164_object.csv,164,19,No
page_0165_object.csv,165,2,No
page_0165_object.csv,165,3,No
page_0165_object.csv,165,4,No
page_0165_object.csv,165,5,No
page_0165_object.csv,165,6,No
page_0165_object.csv,165,7,No
page_0165_object.csv,165,8,No
page_0165_object.csv,165,9,No
page_0165_object.csv,165,10,No
page_0165_object.csv,165,11,No
page_0165_object.csv,165,12,No
page_0165_object.csv,165,13,No
page_0165_object.csv,165,14,No
page_0165_object.csv,165,15,No
page_0165_object.csv,165,16,No
page_0165_object.csv,165,17,No
page_0165_object.csv,165,18,No
page_0165_object.csv,165,19,No
page_0166_object.csv,166,2,No
page_0166_object.csv,166,3,No
page_0166_object.csv,166,4,No
page_0166_object.csv,166,5,No
page_0166_object.csv,166,6,No
page_0166_object.csv,166,7,No
page_0166_object.csv,166,8,No
page_0166_object.csv,166,9,No
page_0166_object.csv,166,10,No
page_0166_object.csv,166,11,No
page_0166_object.csv,166,12,No
page_0166_object.csv,166,13,No
page_0166_object.csv,166,14,No
page_0166_object.csv,166,15,No
page_0166_object.csv,166,16,No
page_0166_object.csv,166,17,No
page_0166_object.csv,166,18,No
page_0166_object.csv,166,19,No
page_0167_object.csv,167,2,No
page_0167_object.csv,167,3,No
page_0167_object.csv,167,4,No
page_0167_object.csv,167,5,No
page_0167_object.csv,167,6,No
page_0167_object.csv,167,7,No
page_0167_object.csv,167,8,No
page_0167_object.csv,167,9,No
page_0167_object.csv,167,10,No
page_0167_object.csv,167,11,No
page_0167_object.csv,167,12,No
page_0167_object.csv,167,13,No
page_0167_object.csv,167,14,No
page_0167_object.csv,167,15,No
page_0167_object.csv,167,16,No
page_0167_object.csv,167,17,No
page_0167_object.csv,167,18,No
page_0167_object.csv,167,19,No
page_0168_object.csv,168,2,No
page_0168_object.csv,168,3,No
page_0168_object.csv,168,4,No
page_0168_object.csv,168,5,No
page_0168_object.csv,168,6,No
page_0168_object.csv,168,7,No
page_0168_object.csv,168,8,No
page_0168_object.csv,168,9,No
page_0168_object.csv,168,10,No
page_0168_object.csv,168,11,No
page_0168_object.csv,168,12,No
page_0168_object.csv,168,13,No
page_0168_object.csv,168,14,No
page_0168_object.csv,168,15,No
page_0168_object.csv,168,16,No
page_0168_object.csv,168,17,No
page_0168_object.csv,168,18,No
page_0168_object.csv,168,19,No
page_0169_object.csv,169,2,No
page_0169_object.csv,169,3,No
page_0169_object.csv,169,4,No
page_0169_object.csv,169,5,No
page_0169_object.csv,169,6,No
page_0169_object.csv,169,7,No
page_0169_object.csv,169,8,No
page_0169_object.csv,169,9,No
page_0169_object.csv,169,10,No
page_0169_object.csv,169,11,No
page_0169_object.csv,169,12,No
page_0169_object.csv,169,13,No
page_0169_object.csv,169,14,No
page_0169_object.csv,169,15,No
page_0169_object.csv,169,16,No
page_0169_object.csv,169,17,No
page_0169_object.csv,169,18,No
page_0169_object.csv,169,19,No
page_0170_object.csv,170,2,No
page_0170_object.csv,170,3,No
page_0170_object.csv,170,4,No
page_0170_object.csv,170,5,No
page_0170_object.csv,170,6,No
page_0170_object.csv,170,7,No
page_0170_object.csv,170,8,No
page_0170_object.csv,170,9,No
page_0170_object.csv,170,10,No
page_0170_object.csv,170,11,No
page_0170_object.csv,170,12,No
page_0170_object.csv,170,13,No
page_0170_object.csv,170,14,No
page_0170_object.csv,170,15,No
page_0170_object.csv,170,16,No
page_0170_object.csv,170,17,No
page_0170_object.csv,170,18,No
page_0170_object.csv,170,19,No
page_0171_object.csv,171,2,No
page_0171_object.csv,171,3,No
page_0171_object.csv,171,4,No
page_0171_object.csv,171,5,No
page_0171_object.csv,171,6,No
page_0171_object.csv,171,7,No
page_0171_object.csv,171,8,No
page_0171_object.csv,171,9,No
page_0171_object.csv,171,10,No
page_0171_object.csv,171,11,No
page_0171_object.csv,171,12,No
page_0171_object.csv,171,13,No
page_0171_object.csv,171,14,No
page_0171_object.csv,171,15,No
page_0171_object.csv,171,16,No
page_0171_object.csv,171,17,No
page_0171_object.csv,171,18,No
page_0171_object.csv,171,19,No
page_0172_object.csv,172,2,No
page_0172_object.csv,172,3,No
page_0172_object.csv,172,4,No
page_0172_object.csv,172,5,No
page_0172_object.csv,172,6,No
page_0172_object.csv,172,7,No
page_0172_object.csv,172,8,No
page_0172_object.csv,172,9,No
page_0172_object.csv,172,10,No
page_0172_object.csv,172,11,No
page_0172_object.csv,172,12,No
page_0172_object.csv,172,13,No
page_0172_object.csv,172,14,No
page_0172_object.csv,172,15,No
page_0172_object.csv,172,16,No
page_0172_object.csv,172,17,No
page_0172_object.csv,172,18,No
page_0172_object.csv,172,19,No
page_0173_object.csv,173,2,No
page_0173_object.csv,173,3,No
page_0173_object.csv,173,4,No
page_0173_object.csv,173,5,No
page_0173_object.csv,173,6,No
page_0173_object.csv,173,7,No
page_0173_object.csv,173,8,No
page_0173_object.csv,173,9,No
page_0173_object.csv,173,10,No
page_0173_object.csv,173,11,No
page_0173_object.csv,173,12,No
page_0173_object.csv,173,13,No
page_0173_object.csv,173,14,No
page_0173_object.csv,173,15,No
page_0173_object.csv,173,16,No
page_0173_object.csv,173,17,No
page_0173_object.csv,173,18,No
page_0173_object.csv,173,19,No
page_0174_object.csv,174,2,No
page_0174_object.csv,174,3,No
page_0174_object.csv,174,4,No
page_0174_object.csv,174,5,No
page_0174_object.csv,174,6,No
page_0174_object.csv,174,7,No
page_0174_object.csv,174,8,No
page_0174_object.csv,174,9,No
page_0174_object.csv,174,10,No
page_0174_object.csv,174,11,No
page_0174_object.csv,174,12,No
page_0174_object.csv,174,13,No
page_0174_object.csv,174,14,No
page_0174_object.csv,174,15,No
page_0174_object.csv,174,16,No
page_0174_object.csv,174,17,No
page_0174_object.csv,174,18,No
page_0174_object.csv,174,19,No
page_0175_object.csv,175,2,No
page_0175_object.csv,175,3,No
page_0175_object.csv,175,4,No
page_0175_object.csv,175,5,No
page_0175_object.csv,175,6,No
page_0175_object.csv,175,7,No
page_0175_object.csv,175,8,No
page_0175_object.csv,175,9,No
page_0175_object.csv,175,10,No
page_0175_object.csv,175,11,No
page_0175_object.csv,175,12,No
page_0175_object.csv,175,13,No
page_0175_object.csv,175,14,No
page_0175_object.csv,175,15,No
page_0175_object.csv,175,16,No
page_0175_object.csv,175,17,No
page_0175_object.csv,175,18,No
page_0175_object.csv,175,19,No
page_0176_object.csv,176,2,No
page_0176_object.csv,176,3,No
page_0176_object.csv,176,4,No
page_0176_object.csv,176,5,No
page_0176_object.csv,176,6,No
page_0176_object.csv,176,7,No
page_0176_object.csv,176,8,No
page_0176_object.csv,176,9,No
page_0176_object.csv,176,10,No
page_0176_object.csv,176,11,No
page_0176_object.csv,176,12,No
page_0176_object.csv,176,13,No
page_0176_object.csv,176,14,No
page_0176_object.csv,176,15,No
page_0176_object.csv,176,16,No
page_0176_object.csv,176,17,No
page_0176_object.csv,176,18,No
page_0176_object.csv,176,19,No
page_0177_object.csv,177,2,No
page_0177_object.csv,177,3,No
page_0177_object.csv,177,4,No
page_0177_object.csv,177,5,No
page_0177_object.csv,177,6,No
page_0177_object.csv,177,7,No
page_0177_object.csv,177,8,No
page_0177_object.csv,177,9,No
page_0177_object.csv,177,10,No
page_0177_object.csv,177,11,No
page_0177_object.csv,177,12,No
page_0177_object.csv,177,13,No
page_0177_object.csv,177,14,No
page_0177_object.csv,177,15,No
page_0177_object.csv,177,16,No
page_0177_object.csv,177,17,No
page_0177_object.csv,177,18,No
page_0177_object.csv,177,19,No
page_0178_object.csv,178,2,No
page_0178_object.csv,178,3,No
page_0178_object.csv,178,4,No
page_0178_object.csv,178,5,No
page_0178_object.csv,178,6,No
page_0178_object.csv,178,7,No
page_0178_object.csv,178,8,No
page_0178_object.csv,178,9,No
page_0178_object.csv,178,10,No
page_0178_object.csv,178,11,No
page_0178_object.csv,178,12,No
page_0178_object.csv,178,13,No
page_0178_object.csv,178,14,No
page_0178_object.csv,178,15,No
page_0178_object.csv,178,16,No
page_0178_object.csv,178,17,No
page_0178_object.csv,178,18,No
page_0178_object.csv,178,19,No
page_0179_object.csv,179,2,No
page_0179_object.csv,179,3,No
page_0179_object.csv,179,4,No
page_0179_object.csv,179,5,No
page_0179_object.csv,179,6,No
page_0179_object.csv,179,7,No
page_0179_object.csv,179,8,No
page_0179_object.csv,179,9,No
page_0179_object.csv,179,10,No
page_0179_object.csv,179,11,No
page_0179_object.csv,179,12,No
page_0179_object.csv,179,13,No
page_0179_object.csv,179,14,No
page_0179_object.csv,179,15,No
page_0179_object.csv,179,16,No
page_0179_object.csv,179,17,No
page_0179_object.csv,179,18,No
page_0179_object.csv,179,19,No
page_0180_object.csv,180,2,No
page_0180_object.csv,180,3,No
page_0180_object.csv,180,4,No
page_0180_object.csv,180,5,No
page_0180_object.csv,180,6,No
page_0180_object.csv,180,7,No
page_0180_object.csv,180,8,No
page_0180_object.csv,180,9,No
page_0180_object.csv,180,10,No
page_0180_object.csv,180,11,No
page_0180_object.csv,180,12,No
page_0180_object.csv,180,13,No
page_0180_object.csv,180,14,No
page_0180_object.csv,180,15,No
page_0180_object.csv,180,16,No
page_0180_object.csv,180,17,No
page_0180_object.csv,180,18,No
page_0180_object.csv,180,19,No
page_0181_object.csv,181,2,No
page_0181_object.csv,181,3,No
page_0181_object.csv,181,4,No
page_0181_object.csv,181,5,No
page_0181_object.csv,181,6,No
page_0181_object.csv,181,7,No
page_0181_object.csv,181,8,No
page_0181_object.csv,181,9,No
page_0181_object.csv,181,10,No
page_0181_object.csv,181,11,No
page_0181_object.csv,181,12,No
page_0181_object.csv,181,13,No
page_0181_object.csv,181,14,No
page_0181_object.csv,181,15,No
page_0181_object.csv,181,16,No
page_0181_object.csv,181,17,No
page_0181_object.csv,181,18,No
page_0181_object.csv,181,19,No
page_0182_object.csv,182,2,No
page_0182_object.csv,182,3,No
page_0182_object.csv,182,4,No
page_0182_object.csv,182,5,No
page_0182_object.csv,182,6,No
page_0182_object.csv,182,7,No
page_0182_object.csv,182,8,No
page_0182_object.csv,182,9,No
page_0182_object.csv,182,10,No
page_0182_object.csv,182,11,No
page_0182_object.csv,182,12,No
page_0182_object.csv,182,13,No
page_0182_object.csv,182,14,No
page_0182_object.csv,182,15,No
page_0182_object.csv,182,16,No
page_0182_object.csv,182,17,No
page_0182_object.csv,182,18,No
page_0182_object.csv,182,19,No
page_0183_object.csv,183,2,No
page_0183_object.csv,183,3,No
page_0183_object.csv,183,4,No
page_0183_object.csv,183,5,No
page_0183_object.csv,183,6,No
page_0183_object.csv,183,7,No
page_0183_object.csv,183,8,No
page_0183_object.csv,183,9,No
page_0183_object.csv,183,10,No
page_0183_object.csv,183,11,No
page_0183_object.csv,183,12,No
page_0183_object.csv,183,13,No
page_0183_object.csv,183,14,No
page_0183_object.csv,183,15,No
page_0183_object.csv,183,16,No
page_0183_object.csv,183,17,No
page_0183_object.csv,183,18,No
page_0183_object.csv,183,19,No
page_0184_object.csv,184,2,No
page_0184_object.csv,184,3,No
page_0184_object.csv,184,4,No
page_0184_object.csv,184,5,No
page_0184_object.csv,184,6,No
page_0184_object.csv,184,7,No
page_0184_object.csv,184,8,No
page_0184_object.csv,184,9,No
page_0184_object.csv,184,10,No
page_0184_object.csv,184,11,No
page_0184_object.csv,184,12,No
page_0184_object.csv,184,13,No
page_0184_object.csv,184,14,No
page_0184_object.csv,184,15,No
page_0184_object.csv,184,16,No
page_0184_object.csv,184,17,No
page_0184_object.csv,184,18,No
page_0184_object.csv,184,19,No
page_0185_object.csv,185,2,No
page_0185_object.csv,185,3,No
page_0185_object.csv,185,4,No
page_0185_object.csv,185,5,No
page_0185_object.csv,185,6,No
page_0185_object.csv,185,7,No
page_0185_object.csv,185,8,No
page_0185_object.csv,185,9,No
page_0185_object.csv,185,10,No
page_0185_object.csv,185,11,No
page_0185_object.csv,185,12,No
page_0185_object.csv,185,13,No
page_0185_object.csv,185,14,No
page_0185_object.csv,185,15,No
page_0185_object.csv,185,16,No
page_0185_object.csv,185,17,No
page_0185_object.csv,185,18,No
page_0185_object.csv,185,19,No
page_0186_object.csv,186,2,No
page_0186_object.csv,186,3,No
page_0186_object.csv,186,4,No
page_0186_object.csv,186,5,No
page_0186_object.csv,186,6,No
page_0186_object.csv,186,7,No
page_0186_object.csv,186,8,No
page_0186_object.csv,186,9,No
page_0186_object.csv,186,10,No
page_0186_object.csv,186,11,No
page_0186_object.csv,186,12,No
page_0186_object.csv,186,13,No
page_0186_object.csv,186,14,No
page_0186_object.csv,186,15,No
page_0186_object.csv,186,16,No
page_0186_object.csv,186,17,No
page_0186_object.csv,186,18,No
page_0186_object.csv,186,19,No
page_0187_object.csv,187,2,No
page_0187_object.csv,187,3,No
page_0187_object.csv,187,4,No
page_0187_object.csv,187,5,No
page_0187_object.csv,187,6,No
page_0187_object.csv,187,7,No
page_0187_object.csv,187,8,No
page_0187_object.csv,187,9,No
page_0187_object.csv,187,10,No
page_0187_object.csv,187,11,No
page_0187_object.csv,187,12,No
page_0187_object.csv,187,13,No
page_0187_object.csv,187,14,No
page_0187_object.csv,187,15,No
page_0187_object.csv,187,16,No
page_0187_object.csv,187,17,No
page_0187_object.csv,187,18,No
page_0187_object.csv,187,19,No
page_0188_object.csv,188,2,No
page_0188_object.csv,188,3,No
page_0188_object.csv,188,4,No
page_0188_object.csv,188,5,No
page_0188_object.csv,188,6,No
page_0188_object.csv,188,7,No
page_0188_object.csv,188,8,No
page_0188_object.csv,188,9,No
page_0188_object.csv,188,10,No
page_0188_object.csv,188,11,No
page_0188_object.csv,188,12,No
page_0188_object.csv,188,13,No
page_0188_object.csv,188,14,No
page_0188_object.csv,188,15,No
page_0188_object.csv,188,16,No
page_0188_object.csv,188,17,No
page_0188_object.csv,188,18,No
page_0188_object.csv,188,19,No
page_0189_object.csv,189,2,No
page_0189_object.csv,189,3,No
page_0189_object.csv,189,4,No
page_0189_object.csv,189,5,No
page_0189_object.csv,189,6,No
page_0189_object.csv,189,7,No
page_0189_object.csv,189,8,No
page_0189_object.csv,189,9,No
page_0189_object.csv,189,10,No
page_0189_object.csv,189,11,No
page_0189_object.csv,189,12,No
page_0189_object.csv,189,13,No
page_0189_object.csv,189,14,No
page_0189_object.csv,189,15,No
page_0189_object.csv,189,16,No
page_0189_object.csv,189,17,No
page_0189_object.csv,189,18,No
page_0189_object.csv,189,19,No
page_0190_object.csv,190,2,No
page_0190_object.csv,190,3,No
page_0190_object.csv,190,4,No
page_0190_object.csv,190,5,No
page_0190_object.csv,190,6,No
page_0190_object.csv,190,7,No
page_0190_object.csv,190,8,No
page_0190_object.csv,190,9,No
page_0190_object.csv,190,10,No
page_0190_object.csv,190,11,No
page_0190_object.csv,190,12,No
page_0190_object.csv,190,13,No
page_0190_object.csv,190,14,No
page_0190_object.csv,190,15,No
page_0190_object.csv,190,16,No
page_0190_object.csv,190,17,No
page_0190_object.csv,190,18,No
page_0190_object.csv,190,19,No
page_0191_object.csv,191,2,No
page_0191_object.csv,191,3,No
page_0191_object.csv,191,4,No
page_0191_object.csv,191,5,No
page_0191_object.csv,191,6,No
page_0191_object.csv,191,7,No
page_0191_object.csv,191,8,No
page_0191_object.csv,191,9,No
page_0191_object.csv,191,10,No
page_0191_object.csv,191,11,No
page_0191_object.csv,191,12,No
page_0191_object.csv,191,13,No
page_0191_object.csv,191,14,No
page_0191_object.csv,191,15,No
page_0191_object.csv,191,16,No
page_0191_object.csv,191,17,No
page_0191_object.csv,191,18,No
page_0191_object.csv,191,19,No
page_0192_object.csv,192,2,No
page_0192_object.csv,192,3,No
page_0192_object.csv,192,4,No
page_0192_object.csv,192,5,No
page_0192_object.csv,192,6,No
page_0192_object.csv,192,7,No
page_0192_object.csv,192,8,No
page_0192_object.csv,192,9,No
page_0192_object.csv,192,10,No
page_0192_object.csv,192,11,No
page_0192_object.csv,192,12,No
page_0192_object.csv,192,13,No
page_0192_object.csv,192,14,No
page_0192_object.csv,192,15,No
page_0192_object.csv,192,16,No
page_0192_object.csv,192,17,No
page_0192_object.csv,192,18,No
page_0192_object.csv,192,19,No
page_0193_object.csv,193,2,No
page_0193_object.csv,193,3,No
page_0193_object.csv,193,4,No
page_0193_object.csv,193,5,No
page_0193_object.csv,193,6,No
page_0193_object.csv,193,7,No
page_0193_object.csv,193,8,No
page_0193_object.csv,193,9,No
page_0193_object.csv,193,10,No
page_0193_object.csv,193,11,No
page_0193_object.csv,193,12,No
page_0193_object.csv,193,13,No
page_0193_object.csv,193,14,No
page_0193_object.csv,193,15,No
page_0193_object.csv,193,16,No
page_0193_object.csv,193,17,No
page_0193_object.csv,193,18,No
page_0193_object.csv,193,19,No
page_0194_object.csv,194,2,No
page_0194_object.csv,194,3,No
page_0194_object.csv,194,4,No
page_0194_object.csv,194,5,No
page_0194_object.csv,194,6,No
page_0194_object.csv,194,7,No
page_0194_object.csv,194,8,No
page_0194_object.csv,194,9,No
page_0194_object.csv,194,10,No
page_0194_object.csv,194,11,No
page_0194_object.csv,194,12,No
page_0194_object.csv,194,13,No
page_0194_object.csv,194,14,No
page_0194_object.csv,194,15,No
page_0194_object.csv,194,16,No
page_0194_object.csv,194,17,No
page_0194_object.csv,194,18,No
page_0194_object.csv,194,19,No
page_0195_object.csv,195,2,No
page_0195_object.csv,195,3,No
page_0195_object.csv,195,4,No
page_0195_object.csv,195,5,No
page_0195_object.csv,195,6,No
page_0195_object.csv,195,7,No
page_0195_object.csv,195,8,No
page_0195_object.csv,195,9,No
page_0195_object.csv,195,10,No
page_0195_object.csv,195,11,No
page_0195_object.csv,195,12,No
page_0195_object.csv,195,13,No
page_0195_object.csv,195,14,No
page_0195_object.csv,195,15,No
page_0195_object.csv,195,16,No
page_0195_object.csv,195,17,No
page_0195_object.csv,195,18,No
page_0195_object.csv,195,19,No
page_0196_object.csv,196,2,No
page_0196_object.csv,196,3,No
page_0196_object.csv,196,4,No
page_0196_object.csv,196,5,No
page_0196_object.csv,196,6,No
page_0196_object.csv,196,7,No
page_0196_object.csv,196,8,No
page_0196_object.csv,196,9,No
page_0196_object.csv,196,10,No
page_0196_object.csv,196,11,No
page_0196_object.csv,196,12,No
page_0196_object.csv,196,13,No
page_0196_object.csv,196,14,No
page_0196_object.csv,196,15,No
page_0196_object.csv,196,16,No
page_0196_object.csv,196,17,No
page_0196_object.csv,196,18,No
page_0196_object.csv,196,19,No
page_0196_object.csv,196,20,No
page_0196_object.csv,196,21,No
page_0197_object.csv,197,2,No
page_0197_object.csv,197,3,No
page_0197_object.csv,197,4,No
page_0197_object.csv,197,5,No
page_0197_object.csv,197,6,No
page_0197_object.csv,197,7,No
page_0197_object.csv,197,8,No
page_0197_object.csv,197,9,No
page_0197_object.csv,197,10,No
page_0197_object.csv,197,11,No
page_0197_object.csv,197,12,No
page_0197_object.csv,197,13,No
page_0197_object.csv,197,14,No
page_0197_object.csv,197,15,No
page_0197_object.csv,197,16,No
page_0197_object.csv,197,17,No
page_0197_object.csv,197,18,No
page_0197_object.csv,197,19,No
page_0197_object.csv,197,20,No
page_0197_object.csv,197,21,No
page_0198_object.csv,198,2,No
page_0198_object.csv,198,3,No
page_0198_object.csv,198,4,No
page_0198_object.csv,198,5,No
page_0198_object.csv,198,6,No
page_0198_object.csv,198,7,No
page_0198_object.csv,198,8,No
page_0198_object.csv,198,9,No
page_0198_object.csv,198,10,No
page_0198_object.csv,198,11,No
page_0198_object.csv,198,12,No
page_0198_object.csv,198,13,No
page_0198_object.csv,198,14,No
page_0198_object.csv,198,15,No
page_0198_object.csv,198,16,No
page_0198_object.csv,198,17,No
page_0198_object.csv,198,18,No
page_0198_object.csv,198,19,No
page_0199_object.csv,199,2,No
page_0199_object.csv,199,3,No
page_0199_object.csv,199,4,No
page_0199_object.csv,199,5,No
page_0199_object.csv,199,6,No
page_0199_object.csv,199,7,No
page_0199_object.csv,199,8,No
page_0199_object.csv,199,9,No
page_0199_object.csv,199,10,No
page_0199_object.csv,199,11,No
page_0199_object.csv,199,12,No
page_0199_object.csv,199,13,No
page_0199_object.csv,199,14,No
page_0199_object.csv,199,15,No
page_0199_object.csv,199,16,No
page_0199_object.csv,199,17,No
page_0199_object.csv,199,18,No
page_0199_object.csv,199,19,No
page_0199_object.csv,199,20,No
page_0200_object.csv,200,2,No
page_0200_object.csv,200,3,No
page_0200_object.csv,200,4,No
page_0200_object.csv,200,5,No
page_0200_object.csv,200,6,No
page_0200_object.csv,200,7,No
page_0200_object.csv,200,8,No
page_0200_object.csv,200,9,No
page_0200_object.csv,200,10,No
page_0200_object.csv,200,11,No
page_0200_object.csv,200,12,No
page_0200_object.csv,200,13,No
page_0200_object.csv,200,14,No
page_0200_object.csv,200,15,No
page_0200_object.csv,200,16,No
page_0200_object.csv,200,17,No
page_0200_object.csv,200,18,No
page_0200_object.csv,200,19,No
page_0200_object.csv,200,20,No
page_0201_object.csv,201,2,No
page_0201_object.csv,201,3,No
page_0201_object.csv,201,4,No
page_0201_object.csv,201,5,No
page_0201_object.csv,201,6,No
page_0201_object.csv,201,7,No
page_0201_object.csv,201,8,No
page_0201_object.csv,201,9,No
page_0201_object.csv,201,10,No
page_0201_object.csv,201,11,No
page_0201_object.csv,201,12,No
page_0201_object.csv,201,13,No
page_0201_object.csv,201,14,No
page_0201_object.csv,201,15,No
page_0201_object.csv,201,16,No
page_0201_object.csv,201,17,No
page_0201_object.csv,201,18,No
page_0201_object.csv,201,19,No
page_0201_object.csv,201,20,No
page_0201_object.csv,201,21,No
page_0202_object.csv,202,2,No
page_0202_object.csv,202,3,No
page_0202_object.csv,202,4,No
page_0202_object.csv,202,5,No
page_0202_object.csv,202,6,No
page_0202_object.csv,202,7,No
page_0202_object.csv,202,8,No
page_0202_object.csv,202,9,No
page_0202_object.csv,202,10,No
page_0202_object.csv,202,11,No
page_0202_object.csv,202,12,No
page_0202_object.csv,202,13,No
page_0202_object.csv,202,14,No
page_0202_object.csv,202,15,No
page_0202_object.csv,202,16,No
page_0202_object.csv,202,17,No
page_0202_object.csv,202,18,No
page_0202_object.csv,202,19,No
page_0202_object.csv,202,20,No
page_0202_object.csv,202,21,No
page_0203_object.csv,203,2,No
page_0203_object.csv,203,3,No
page_0203_object.csv,203,4,No
page_0203_object.csv,203,5,No
page_0203_object.csv,203,6,No
page_0203_object.csv,203,7,No
page_0203_object.csv,203,8,No
page_0203_object.csv,203,9,No
page_0203_object.csv,203,10,No
page_0203_object.csv,203,11,No
page_0203_object.csv,203,12,No
page_0203_object.csv,203,13,No
page_0203_object.csv,203,14,No
page_0203_object.csv,203,15,No
page_0203_object.csv,203,16,No
page_0203_object.csv,203,17,No
page_0203_object.csv,203,18,No
page_0203_object.csv,203,19,No
page_0203_object.csv,203,20,No
page_0203_object.csv,203,21,No
page_0204_object.csv,204,2,No
page_0204_object.csv,204,3,No
page_0204_object.csv,204,4,No
page_0204_object.csv,204,5,No
page_0204_object.csv,204,6,No
page_0204_object.csv,204,7,No
page_0204_object.csv,204,8,No
page_0204_object.csv,204,9,No
page_0204_object.csv,204,10,No
page_0204_object.csv,204,11,No
page_0204_object.csv,204,12,No
page_0204_object.csv,204,13,No
page_0204_object.csv,204,14,No
page_0204_object.csv,204,15,No
page_0204_object.csv,204,16,No
page_0204_object.csv,204,17,No
page_0204_object.csv,204,18,No
page_0204_object.csv,204,19,No
page_0204_object.csv,204,20,No
page_0204_object.csv,204,21,No
page_0205_object.csv,205,2,No
page_0205_object.csv,205,3,No
page_0205_object.csv,205,4,No
page_0205_object.csv,205,5,No
page_0205_object.csv,205,6,No
page_0205_object.csv,205,7,No
page_0205_object.csv,205,8,No
page_0205_object.csv,205,9,No
page_0205_object.csv,205,10,No
page_0205_object.csv,205,11,No
page_0205_object.csv,205,12,No
page_0205_object.csv,205,13,No
page_0205_object.csv,205,14,No
page_0205_object.csv,205,15,No
page_0205_object.csv,205,16,No
page_0205_object.csv,205,17,No
page_0205_object.csv,205,18,No
page_0205_object.csv,205,19,No
page_0205_object.csv,205,20,No
page_0205_object.csv,205,21,No
page_0206_object.csv,206,2,No
page_0206_object.csv,206,3,No
page_0206_object.csv,206,4,No
page_0206_object.csv,206,5,No
page_0206_object.csv,206,6,No
page_0206_object.csv,206,7,No
page_0206_object.csv,206,8,No
page_0206_object.csv,206,9,No
page_0206_object.csv,206,10,No
page_0206_object.csv,206,11,No
page_0206_object.csv,206,12,No
page_0206_object.csv,206,13,No
page_0206_object.csv,206,14,No
page_0206_object.csv,206,15,No
page_0206_object.csv,206,16,No
page_0206_object.csv,206,17,No
page_0206_object.csv,206,18,No
page_0206_object.csv,206,19,No
page_0206_object.csv,206,20,No
page_0206_object.csv,206,21,No
page_0207_object.csv,207,2,No
page_0207_object.csv,207,3,No
page_0207_object.csv,207,4,No
page_0207_object.csv,207,5,No
page_0207_object.csv,207,6,No
page_0207_object.csv,207,7,No
page_0207_object.csv,207,8,No
page_0207_object.csv,207,9,No
page_0207_object.csv,207,10,No
page_0207_object.csv,207,11,No
page_0207_object.csv,207,12,No
page_0207_object.csv,207,13,No
page_0207_object.csv,207,14,No
page_0207_object.csv,207,15,No
page_0207_object.csv,207,16,No
page_0207_object.csv,207,17,No
page_0207_object.csv,207,18,No
page_0208_object.csv,208,2,No
page_0208_object.csv,208,3,No
page_0208_object.csv,208,4,No
page_0208_object.csv,208,5,No
page_0208_object.csv,208,6,No
page_0208_object.csv,208,7,No
page_0208_object.csv,208,8,No
page_0208_object.csv,208,9,No
page_0208_object.csv,208,10,No
page_0208_object.csv,208,11,No
page_0208_object.csv,208,12,No
page_0208_object.csv,208,13,No
page_0208_object.csv,208,14,No
page_0208_object.csv,208,15,No
page_0208_object.csv,208,16,No
page_0208_object.csv,208,17,No
page_0208_object.csv,208,18,No
page_0208_object.csv,208,19,No
page_0209_object.csv,209,2,No
page_0209_object.csv,209,3,No
page_0209_object.csv,209,4,No
page_0209_object.csv,209,5,No
page_0209_object.csv,209,6,No
page_0209_object.csv,209,7,No
page_0209_object.csv,209,8,No
page_0209_object.csv,209,9,No
page_0209_object.csv,209,10,No
page_0209_object.csv,209,11,No
page_0209_object.csv,209,12,No
page_0209_object.csv,209,13,No
page_0209_object.csv,209,14,No
page_0209_object.csv,209,15,No
page_0209_object.csv,209,16,No
page_0209_object.csv,209,17,No
page_0209_object.csv,209,18,No
page_0209_object.csv,209,19,No
page_0210_object.csv,210,2,No
page_0210_object.csv,210,3,No
page_0210_object.csv,210,4,No
page_0210_object.csv,210,5,No
page_0210_object.csv,210,6,No
page_0210_object.csv,210,7,No
page_0210_object.csv,210,8,No
page_0210_object.csv,210,9,No
page_0210_object.csv,210,10,No
page_0210_object.csv,210,11,No
page_0210_object.csv,210,12,No
page_0210_object.csv,210,13,No
page_0210_object.csv,210,14,No
page_0210_object.csv,210,15,No
page_0210_object.csv,210,16,No
page_0210_object.csv,210,17,No
page_0210_object.csv,210,18,No
page_0210_object.csv,210,19,No
page_0211_object.csv,211,2,No
page_0211_object.csv,211,3,No
page_0211_object.csv,211,4,No
page_0211_object.csv,211,5,No
page_0211_object.csv,211,6,No
page_0211_object.csv,211,7,No
page_0211_object.csv,211,8,No
page_0211_object.csv,211,9,No
page_0211_object.csv,211,10,No
page_0211_object.csv,211,11,No
page_0211_object.csv,211,12,No
page_0211_object.csv,211,13,No
page_0211_object.csv,211,14,No
page_0211_object.csv,211,15,No
page_0211_object.csv,211,16,No
page_0211_object.csv,211,17,No
page_0211_object.csv,211,18,No
page_0211_object.csv,211,19,No
page_0212_object.csv,212,2,No
page_0212_object.csv,212,3,No
page_0212_object.csv,212,4,No
page_0212_object.csv,212,5,No
page_0212_object.csv,212,6,No
page_0212_object.csv,212,7,No
page_0212_object.csv,212,8,No
page_0212_object.csv,212,9,No
page_0212_object.csv,212,10,No
page_0212_object.csv,212,11,No
page_0212_object.csv,212,12,No
page_0212_object.csv,212,13,No
page_0212_object.csv,212,14,No
page_0212_object.csv,212,15,No
page_0212_object.csv,212,16,No
page_0212_object.csv,212,17,No
page_0212_object.csv,212,18,No
page_0212_object.csv,212,19,No
page_0213_object.csv,213,2,No
page_0213_object.csv,213,3,No
page_0213_object.csv,213,4,No
page_0213_object.csv,213,5,No
page_0213_object.csv,213,6,No
page_0213_object.csv,213,7,No
page_0213_object.csv,213,8,No
page_0213_object.csv,213,9,No
page_0213_object.csv,213,10,No
page_0213_object.csv,213,11,No
page_0213_object.csv,213,12,No
page_0213_object.csv,213,13,No
page_0213_object.csv,213,14,No
page_0213_object.csv,213,15,No
page_0213_object.csv,213,16,No
page_0213_object.csv,213,17,No
page_0213_object.csv,213,18,No
page_0213_object.csv,213,19,No
page_0214_object.csv,214,2,No
page_0214_object.csv,214,3,No
page_0214_object.csv,214,4,No
page_0214_object.csv,214,5,No
page_0214_object.csv,214,6,No
page_0214_object.csv,214,7,No
page_0214_object.csv,214,8,No
page_0214_object.csv,214,9,No
page_0214_object.csv,214,10,No
page_0214_object.csv,214,11,No
page_0214_object.csv,214,12,No
page_0214_object.csv,214,13,No
page_0214_object.csv,214,14,No
page_0214_object.csv,214,15,No
page_0214_object.csv,214,16,No
page_0214_object.csv,214,17,No
page_0214_object.csv,214,18,No
page_0214_object.csv,214,19,No
page_0215_object.csv,215,2,No
page_0215_object.csv,215,3,No
page_0215_object.csv,215,4,No
page_0215_object.csv,215,5,No
page_0215_object.csv,215,6,No
page_0215_object.csv,215,7,No
page_0215_object.csv,215,8,No
page_0215_object.csv,215,9,No
page_0215_object.csv,215,10,No
page_0215_object.csv,215,11,No
page_0215_object.csv,215,12,No
page_0215_object.csv,215,13,No
page_0215_object.csv,215,14,No
page_0215_object.csv,215,15,No
page_0215_object.csv,215,16,No
page_0216_object.csv,216,2,No
page_0216_object.csv,216,3,No
page_0216_object.csv,216,4,No
page_0216_object.csv,216,5,No
page_0216_object.csv,216,6,No
page_0216_object.csv,216,7,No
page_0216_object.csv,216,8,No
page_0216_object.csv,216,9,No
page_0216_object.csv,216,10,No
page_0216_object.csv,216,11,No
page_0216_object.csv,216,12,No
page_0216_object.csv,216,13,No
page_0216_object.csv,216,14,No
page_0216_object.csv,216,15,No
page_0216_object.csv,216,16,No
page_0216_object.csv,216,17,No
page_0216_object.csv,216,18,No
page_0216_object.csv,216,19,No
page_0217_object.csv,217,2,No
page_0217_object.csv,217,3,No
page_0217_object.csv,217,4,No
page_0217_object.csv,217,5,No
page_0217_object.csv,217,6,No
page_0217_object.csv,217,7,No
page_0217_object.csv,217,8,No
page_0217_object.csv,217,9,No
page_0217_object.csv,217,10,No
page_0217_object.csv,217,11,No
page_0217_object.csv,217,12,No
page_0217_object.csv,217,13,No
page_0217_object.csv,217,14,No
page_0217_object.csv,217,15,No
page_0217_object.csv,217,16,No
page_0217_object.csv,217,17,No
page_0217_object.csv,217,18,No
page_0217_object.csv,217,19,No
page_0218_object.csv,218,2,No
page_0218_object.csv,218,3,No
page_0218_object.csv,218,4,No
page_0218_object.csv,218,5,No
page_0218_object.csv,218,6,No
page_0218_object.csv,218,7,No
page_0218_object.csv,218,8,No
page_0218_object.csv,218,9,No
page_0218_object.csv,218,10,No
page_0218_object.csv,218,11,No
page_0218_object.csv,218,12,No
page_0218_object.csv,218,13,No
page_0218_object.csv,218,14,No
page_0218_object.csv,218,15,No
page_0218_object.csv,218,16,No
page_0218_object.csv,218,17,No
page_0218_object.csv,218,18,No
page_0218_object.csv,218,19,No
page_0219_object.csv,219,2,No
page_0219_object.csv,219,3,No
page_0219_object.csv,219,4,No
page_0219_object.csv,219,5,No
page_0219_object.csv,219,6,No
page_0219_object.csv,219,7,No
page_0219_object.csv,219,8,No
page_0219_object.csv,219,9,No
page_0219_object.csv,219,10,No
page_0219_object.csv,219,11,No
page_0219_object.csv,219,12,No
page_0219_object.csv,219,13,No
page_0219_object.csv,219,14,No
page_0219_object.csv,219,15,No
page_0219_object.csv,219,16,No
page_0219_object.csv,219,17,No
page_0219_object.csv,219,18,No
page_0219_object.csv,219,19,No
page_0220_object.csv,220,2,No
page_0220_object.csv,220,3,No
page_0220_object.csv,220,4,No
page_0220_object.csv,220,5,No
page_0220_object.csv,220,6,No
page_0220_object.csv,220,7,No
page_0220_object.csv,220,8,No
page_0220_object.csv,220,9,No
page_0220_object.csv,220,10,No
page_0220_object.csv,220,11,No
page_0220_object.csv,220,12,No
page_0220_object.csv,220,13,No
page_0220_object.csv,220,14,No
page_0220_object.csv,220,15,No
page_0220_object.csv,220,16,No
page_0220_object.csv,220,17,No
page_0220_object.csv,220,18,No
page_0220_object.csv,220,19,No
page_0220_object.csv,220,20,No
page_0220_object.csv,220,21,No
page_0221_object.csv,221,2,No
page_0221_object.csv,221,3,No
page_0221_object.csv,221,4,No
page_0221_object.csv,221,5,No
page_0221_object.csv,221,6,No
page_0221_object.csv,221,7,No
page_0221_object.csv,221,8,No
page_0221_object.csv,221,9,No
page_0221_object.csv,221,10,No
page_0221_object.csv,221,11,No
page_0221_object.csv,221,12,No
page_0221_object.csv,221,13,No
page_0221_object.csv,221,14,No
page_0221_object.csv,221,15,No
page_0221_object.csv,221,16,No
page_0221_object.csv,221,17,No
page_0221_object.csv,221,18,No
page_0221_object.csv,221,19,No
page_0221_object.csv,221,20,No
page_0222_object.csv,222,2,No
page_0222_object.csv,222,3,No
page_0222_object.csv,222,4,No
page_0222_object.csv,222,5,No
page_0222_object.csv,222,6,No
page_0222_object.csv,222,7,No
page_0222_object.csv,222,8,No
page_0222_object.csv,222,9,No
page_0222_object.csv,222,10,No
page_0222_object.csv,222,11,No
page_0222_object.csv,222,12,No
page_0222_object.csv,222,13,No
page_0222_object.csv,222,14,No
page_0222_object.csv,222,15,No
page_0222_object.csv,222,16,No
page_0222_object.csv,222,17,No
page_0222_object.csv,222,18,No
page_0222_object.csv,222,19,No
page_0222_object.csv,222,20,No
page_0222_object.csv,222,21,No
page_0222_object.csv,222,22,No
page_0223_object.csv,223,2,No
page_0223_object.csv,223,3,No
page_0223_object.csv,223,4,No
page_0223_object.csv,223,5,No
page_0223_object.csv,223,6,No
page_0223_object.csv,223,7,No
page_0223_object.csv,223,8,No
page_0223_object.csv,223,9,No
page_0223_object.csv,223,10,No
page_0223_object.csv,223,11,No
page_0223_object.csv,223,12,No
page_0223_object.csv,223,13,No
page_0223_object.csv,223,14,No
page_0223_object.csv,223,15,No
page_0223_object.csv,223,16,No
page_0223_object.csv,223,17,No
page_0223_object.csv,223,18,No
page_0223_object.csv,223,19,No
page_0224_object.csv,224,2,No
page_0224_object.csv,224,3,No
page_0224_object.csv,224,4,No
page_0224_object.csv,224,5,No
page_0224_object.csv,224,6,No
page_0224_object.csv,224,7,No
page_0224_object.csv,224,8,No
page_0224_object.csv,224,9,No
page_0224_object.csv,224,10,No
page_0224_object.csv,224,11,No
page_0224_object.csv,224,12,No
page_0224_object.csv,224,13,No
page_0224_object.csv,224,14,No
page_0224_object.csv,224,15,No
page_0224_object.csv,224,16,No
page_0224_object.csv,224,17,No
page_0224_object.csv,224,18,No
page_0224_object.csv,224,19,No
page_0225_object.csv,225,2,No
page_0225_object.csv,225,3,No
page_0225_object.csv,225,4,No
page_0225_object.csv,225,5,No
page_0225_object.csv,225,6,No
page_0225_object.csv,225,7,No
page_0225_object.csv,225,8,No
page_0225_object.csv,225,9,No
page_0225_object.csv,225,10,No
page_0225_object.csv,225,11,No
page_0225_object.csv,225,12,No
page_0225_object.csv,225,13,No
page_0225_object.csv,225,14,No
page_0225_object.csv,225,15,No
page_0225_object.csv,225,16,No
page_0225_object.csv,225,17,No
page_0225_object.csv,225,18,No
page_0225_object.csv,225,19,No
page_0226_object.csv,226,2,No
page_0226_object.csv,226,3,No
page_0226_object.csv,226,4,No
page_0226_object.csv,226,5,No
page_0227_object.csv,227,2,No
page_0227_object.csv,227,3,No
page_0227_object.csv,227,4,No
page_0227_object.csv,227,5,No
page_0227_object.csv,227,6,No
page_0227_object.csv,227,7,No
page_0227_object.csv,227,8,No
page_0227_object.csv,227,9,No
page_0227_object.csv,227,10,No
page_0227_object.csv,227,11,No
page_0227_object.csv,227,12,No
page_0227_object.csv,227,13,No
page_0227_object.csv,227,14,No
page_0227_object.csv,227,15,No
page_0227_object.csv,227,16,No
page_0227_object.csv,227,17,No
page_0227_object.csv,227,18,No
page_0227_object.csv,227,19,No
page_0227_object.csv,227,20,No
page_0228_object.csv,228,2,No
page_0228_object.csv,228,3,No
page_0228_object.csv,228,4,No
page_0228_object.csv,228,5,No
page_0228_object.csv,228,6,No
page_0228_object.csv,228,7,No
page_0228_object.csv,228,8,No
page_0228_object.csv,228,9,No
page_0228_object.csv,228,10,No
page_0228_object.csv,228,11,No
page_0228_object.csv,228,12,No
page_0228_object.csv,228,13,No
page_0228_object.csv,228,14,No
page_0228_object.csv,228,15,No
page_0228_object.csv,228,16,No
page_0229_object.csv,229,2,No
page_0229_object.csv,229,3,No
page_0229_object.csv,229,4,No
page_0229_object.csv,229,5,No
page_0229_object.csv,229,6,No
page_0229_object.csv,229,7,No
page_0229_object.csv,229,8,No
page_0229_object.csv,229,9,No
page_0229_object.csv,229,10,No
page_0229_object.csv,229,11,No
page_0229_object.csv,229,12,No
page_0229_object.csv,229,13,No
page_0229_object.csv,229,14,No
page_0229_object.csv,229,15,No
page_0229_object.csv,229,16,No
page_0230_object.csv,230,2,No
page_0230_object.csv,230,3,No
page_0230_object.csv,230,4,No
page_0230_object.csv,230,5,No
page_0230_object.csv,230,6,No
page_0230_object.csv,230,7,No
page_0230_object.csv,230,8,No
page_0230_object.csv,230,9,No
page_0230_object.csv,230,10,No
page_0230_object.csv,230,11,No
page_0230_object.csv,230,12,No
page_0230_object.csv,230,13,No
page_0230_object.csv,230,14,No
page_0230_object.csv,230,15,No
page_0230_object.csv,230,16,No
page_0231_object.csv,231,2,No
page_0231_object.csv,231,3,No
page_0231_object.csv,231,4,No
page_0231_object.csv,231,5,No
page_0231_object.csv,231,6,No
page_0231_object.csv,231,7,No
page_0231_object.csv,231,8,No
page_0231_object.csv,231,9,No
page_0231_object.csv,231,10,No
page_0231_object.csv,231,11,No
page_0231_object.csv,231,12,No
page_0231_object.csv,231,13,No
page_0231_object.csv,231,14,No
page_0231_object.csv,231,15,No
page_0231_object.csv,231,16,No
page_0232_object.csv,232,2,No
page_0232_object.csv,232,3,No
page_0232_object.csv,232,4,No
page_0232_object.csv,232,5,No
page_0232_object.csv,232,6,No
page_0232_object.csv,232,7,No
page_0232_object.csv,232,8,No
page_0232_object.csv,232,9,No
page_0232_object.csv,232,10,No
page_0232_object.csv,232,11,No
page_0232_object.csv,232,12,No
page_0232_object.csv,232,13,No
page_0232_object.csv,232,14,No
page_0232_object.csv,232,15,No
page_0232_object.csv,232,16,No
page_0233_object.csv,233,2,No
page_0233_object.csv,233,3,No
page_0233_object.csv,233,4,No
page_0233_object.csv,233,5,No
page_0233_object.csv,233,6,No
page_0233_object.csv,233,7,No
page_0233_object.csv,233,8,No
page_0233_object.csv,233,9,No
page_0233_object.csv,233,10,No
page_0233_object.csv,233,11,No
page_0233_object.csv,233,12,No
page_0233_object.csv,233,13,No
page_0233_object.csv,233,14,No
page_0233_object.csv,233,15,No
page_0233_object.csv,233,16,No
page_0234_object.csv,234,2,No
page_0234_object.csv,234,3,No
page_0234_object.csv,234,4,No
page_0234_object.csv,234,5,No
page_0234_object.csv,234,6,No
page_0234_object.csv,234,7,No
page_0234_object.csv,234,8,No
page_0234_object.csv,234,9,No
page_0234_object.csv,234,10,No
page_0234_object.csv,234,11,No
page_0234_object.csv,234,12,No
page_0234_object.csv,234,13,No
page_0234_object.csv,234,14,No
page_0234_object.csv,234,15,No
page_0234_object.csv,234,16,No
page_0235_object.csv,235,2,No
page_0235_object.csv,235,3,No
page_0235_object.csv,235,4,No
page_0235_object.csv,235,5,No
page_0235_object.csv,235,6,No
page_0235_object.csv,235,7,No
page_0235_object.csv,235,8,No
page_0235_object.csv,235,9,No
page_0235_object.csv,235,10,No
page_0235_object.csv,235,11,No
page_0235_object.csv,235,12,No
page_0235_object.csv,235,13,No
page_0235_object.csv,235,14,No
page_0235_object.csv,235,15,No
page_0235_object.csv,235,16,No
page_0235_object.csv,235,17,No
page_0235_object.csv,235,18,No
page_0235_object.csv,235,19,No
page_0236_object.csv,236,2,No
page_0236_object.csv,236,3,No
page_0236_object.csv,236,4,No
page_0236_object.csv,236,5,No
page_0237_object.csv,237,2,No
page_0237_object.csv,237,3,No
page_0237_object.csv,237,4,No
page_0237_object.csv,237,5,No
page_0237_object.csv,237,6,No
page_0237_object.csv,237,7,No
page_0237_object.csv,237,8,No
page_0237_object.csv,237,9,No
page_0237_object.csv,237,10,No
page_0237_object.csv,237,11,No
page_0237_object.csv,237,12,No
page_0237_object.csv,237,13,No
page_0237_object.csv,237,14,No
page_0237_object.csv,237,15,No
page_0237_object.csv,237,16,No
page_0237_object.csv,237,17,No
page_0237_object.csv,237,18,No
page_0237_object.csv,237,19,No
page_0237_object.csv,237,20,No
page_0237_object.csv,237,21,No
