Source_Page_Number|Volume_Number|Demand_Number|Major_Head_Code|Major_Head_Name|Sub_Major_Head_Code|Sub_Major_Head_Name|Minor_Head_Code|Minor_Head_Name|Sub_Head_Code|Sub_Head_Name|Detailed_Head_Code|Detailed_Head_Name|Object_Head_Code|Object_Head_Description|Full_Account_Code|Description|Vote_Charge_Marker|Row_Type|Row_Level|Financial_Col_1|Financial_Col_2|Financial_Col_3|Financial_Col_4|Avg_Accuracy_%
1|05|10|2225|Welfare of Scheduled Castes, Scheduled Tribes, Other Backward Classes and Minorities|01||001||0|||||||||Header|Major-Head|||||
1|05|10|2225|Welfare of Scheduled Castes, Scheduled Tribes, Other Backward Classes and Minorities|01||001||0||01|Commissionerate of Social Welfare Department|||2225-01-001-0-01|Commissionerate of Social Welfare Department||Header|Detailed-Head|||||100.0
1|05|10|2225|Welfare of Scheduled Castes, Scheduled Tribes, Other Backward Classes and Minorities|01||001||0||01|Commissionerate of Social Welfare Department|002|Basic Pay|2225-01-001-0-01|Basic Pay||Data|Object-Head|245.57|967.00|975.73|972.00|100.0
1|05|10|2225|Welfare of Scheduled Castes, Scheduled Tribes, Other Backward Classes and Minorities|01||001||0||01|Commissionerate of Social Welfare Department|003|Basic Pay-Staff|2225-01-001-0-01|Basic Pay-Staff||Data|Object-Head|447.37||||100.0
1|05|10|2225|Welfare of Scheduled Castes, Scheduled Tribes, Other Backward Classes and Minorities|01||001||0||01|Commissionerate of Social Welfare Department|004|Interim Relief|2225-01-001-0-01|Interim Relief||Data|Object-Head|45.27||||100.0
1|05|10|2225|Welfare of Scheduled Castes, Scheduled Tribes, Other Backward Classes and Minorities|01||001||0||01|Commissionerate of Social Welfare Department|011|Dearness Allowance|2225-01-001-0-01|Dearness Allowance||Data|Object-Head|168.60|219.00|219.00|251.00|100.0
1|05|10|2225|Welfare of Scheduled Castes, Scheduled Tribes, Other Backward Classes and Minorities|01||001||0||01|Commissionerate of Social Welfare Department|014|Other Allowance|2225-01-001-0-01|Other Allowance||Data|Object-Head|177.09|228.00|230.11|225.00|100.0
1|05|10|2225|Welfare of Scheduled Castes, Scheduled Tribes, Other Backward Classes and Minorities|01||001||0||01|Commissionerate of Social Welfare Department|020|Medical Allowance|2225-01-001-0-01|Medical Allowance||Data|Object-Head|3.95||||100.0
1|05|10|2225|Welfare of Scheduled Castes, Scheduled Tribes, Other Backward Classes and Minorities|01||001||0||01|Commissionerate of Social Welfare Department|021|Reimbursement of Medical Expenses|2225-01-001-0-01|Reimbursement of Medical Expenses||Data|Object-Head|9.01|15.00|15.00|15.00|100.0
1|05|10|2225|Welfare of Scheduled Castes, Scheduled Tribes, Other Backward Classes and Minorities|01||001||0||01|Commissionerate of Social Welfare Department|034|Contract/Outsource|2225-01-001-0-01|Contract/Outsource||Data|Object-Head|147.20|170.68|170.68|126.49|100.0
1|05|10|2225|Welfare of Scheduled Castes, Scheduled Tribes, Other Backward Classes and Minorities|01||001||0||01|Commissionerate of Social Welfare Department|041|Travel Expenses|2225-01-001-0-01|Travel Expenses||Data|Object-Head|14.28|10.00|10.00|13.00|100.0
1|05|10|2225|Welfare of Scheduled Castes, Scheduled Tribes, Other Backward Classes and Minorities|01||001||0||01|Commissionerate of Social Welfare Department|050|Office Expenses|2225-01-001-0-01|Office Expenses||Data|Object-Head||10.40|10.40|12.00|100.0
1|05|10|2225|Welfare of Scheduled Castes, Scheduled Tribes, Other Backward Classes and Minorities|01||001||0||01|Commissionerate of Social Welfare Department|051|General Expenses|2225-01-001-0-01|General Expenses||Data|Object-Head|189.95|200.00|200.00|200.00|100.0
1|05|10|2225|Welfare of Scheduled Castes, Scheduled Tribes, Other Backward Classes and Minorities|01||001||0||01|Commissionerate of Social Welfare Department|052|Telephone Charges|2225-01-001-0-01|Telephone Charges||Data|Object-Head|10.00||||100.0
1|05|10|2225|Welfare of Scheduled Castes, Scheduled Tribes, Other Backward Classes and Minorities|01||001||0||01|Commissionerate of Social Welfare Department|140|Minor Works|2225-01-001-0-01|Minor Works||Data|Object-Head|10.00|5.00|5.00|5.00|100.0
1|05|10|2225|Welfare of Scheduled Castes, Scheduled Tribes, Other Backward Classes and Minorities|01||001||0||01|Commissionerate of Social Welfare Department|195|Transport Expenses|2225-01-001-0-01|Transport Expenses||Data|Object-Head|41.21|37.26|37.26|88.86|100.0
1|05|10|2225|Welfare of Scheduled Castes, Scheduled Tribes, Other Backward Classes and Minorities|01||001||0||01|Commissionerate of Social Welfare Department|||2225-01-001-0-01|HOA Total :||Total|Detailed-Head|1509.50|1862.34|1873.18|1908.35|100.0
1|05|10|2225|Welfare of Scheduled Castes, Scheduled Tribes, Other Backward Classes and Minorities|01||001||0||05|Directorate of Civil Rights Enforcement|||2225-01-001-0-05|Directorate of Civil Rights Enforcement||Header|Detailed-Head|||||100.0
1|05|10|2225|Welfare of Scheduled Castes, Scheduled Tribes, Other Backward Classes and Minorities|01||001||0||05|Directorate of Civil Rights Enforcement|002|Basic Pay|2225-01-001-0-05|Basic Pay||Data|Object-Head|369.05|4508.00|4508.00|4355.00|100.0
1|05|10|2225|Welfare of Scheduled Castes, Scheduled Tribes, Other Backward Classes and Minorities|01||001||0||05|Directorate of Civil Rights Enforcement|003|Basic Pay-Staff|2225-01-001-0-05|Basic Pay-Staff||Data|Object-Head|1235.62||||100.0
1|05|10|2225|Welfare of Scheduled Castes, Scheduled Tribes, Other Backward Classes and Minorities|01||001||0||05|Directorate of Civil Rights Enforcement|004|Interim Relief|2225-01-001-0-05|Interim Relief||Data|Object-Head|98.32||||100.0
1|05|10|2225|Welfare of Scheduled Castes, Scheduled Tribes, Other Backward Classes and Minorities|01||001||0||05|Directorate of Civil Rights Enforcement|011|Dearness Allowance|2225-01-001-0-05|Dearness Allowance||Data|Object-Head|387.21|1027.00|1027.00|1147.00|100.0
1|05|10|2225|Welfare of Scheduled Castes, Scheduled Tribes, Other Backward Classes and Minorities|01||001||0||05|Directorate of Civil Rights Enforcement|014|Other Allowance|2225-01-001-0-05|Other Allowance||Data|Object-Head|257.84|748.00|748.00|623.00|100.0
1|05|10|2225|Welfare of Scheduled Castes, Scheduled Tribes, Other Backward Classes and Minorities|01||001||0||05|Directorate of Civil Rights Enforcement|015|Subsidiary Expenses|2225-01-001-0-05|Subsidiary Expenses||Data|Object-Head|8.10|8.00|8.00|8.00|100.0
1|05|10|2225|Welfare of Scheduled Castes, Scheduled Tribes, Other Backward Classes and Minorities|01||001||0||05|Directorate of Civil Rights Enforcement|020|Medical Allowance|2225-01-001-0-05|Medical Allowance||Data|Object-Head|9.39||||100.0
1|05|10|2225|Welfare of Scheduled Castes, Scheduled Tribes, Other Backward Classes and Minorities|01||001||0||05|Directorate of Civil Rights Enforcement|021|Reimbursement of Medical Expenses|2225-01-001-0-05|Reimbursement of Medical Expenses||Data|Object-Head|16.05|20.00|20.00|43.00|100.0
1|05|10|2225|Welfare of Scheduled Castes, Scheduled Tribes, Other Backward Classes and Minorities|01||001||0||05|Directorate of Civil Rights Enforcement|034|Contract/Outsource|2225-01-001-0-05|Contract/Outsource||Data|Object-Head|55.92|56.39|56.39|58.32|100.0
1|05|10|2225|Welfare of Scheduled Castes, Scheduled Tribes, Other Backward Classes and Minorities|01||001||0||05|Directorate of Civil Rights Enforcement|041|Travel Expenses|2225-01-001-0-05|Travel Expenses||Data|Object-Head|37.51|43.00|43.00|45.00|100.0
2|05|10|2225|Welfare of Scheduled Castes, Scheduled Tribes, Other Backward Classes and Minorities|01|Welfare of Scheduled Castes|001|Direction and Administration|0||05|Directorate of Civil Rights Enforcement|050|Office Expenses|2225-01-001-0-05|Office Expenses|V|Data|Object-Head|6.91|21.52|21.52|25.00|100.0
2|05|10|2225|Welfare of Scheduled Castes, Scheduled Tribes, Other Backward Classes and Minorities|01|Welfare of Scheduled Castes|001|Direction and Administration|0||05|Directorate of Civil Rights Enforcement|051|General Expenses|2225-01-001-0-05|General Expenses|V|Data|Object-Head|116.14|526.00|526.00|150.00|100.0
2|05|10|2225|Welfare of Scheduled Castes, Scheduled Tribes, Other Backward Classes and Minorities|01|Welfare of Scheduled Castes|001|Direction and Administration|0||05|Directorate of Civil Rights Enforcement|052|Telephone Charges|2225-01-001-0-05|Telephone Charges|V|Data|Object-Head|11.37||||100.0
2|05|10|2225|Welfare of Scheduled Castes, Scheduled Tribes, Other Backward Classes and Minorities|01|Welfare of Scheduled Castes|001|Direction and Administration|0||05|Directorate of Civil Rights Enforcement|053|Purchase of Furniture and Fixture for Office|2225-01-001-0-05|Purchase of Furniture and Fixture for Office|V|Data|Object-Head|14.96||||100.0
2|05|10|2225|Welfare of Scheduled Castes, Scheduled Tribes, Other Backward Classes and Minorities|01|Welfare of Scheduled Castes|001|Direction and Administration|0||05|Directorate of Civil Rights Enforcement|071|Building Expenses|2225-01-001-0-05|Building Expenses|V|Data|Object-Head|117.06|230.50|230.50|235.00|100.0
2|05|10|2225|Welfare of Scheduled Castes, Scheduled Tribes, Other Backward Classes and Minorities|01|Welfare of Scheduled Castes|001|Direction and Administration|0||05|Directorate of Civil Rights Enforcement|125|Modernisation|2225-01-001-0-05|Modernisation|V|Data|Object-Head|51.83||||100.0
2|05|10|2225|Welfare of Scheduled Castes, Scheduled Tribes, Other Backward Classes and Minorities|01|Welfare of Scheduled Castes|001|Direction and Administration|0||05|Directorate of Civil Rights Enforcement|131|Secret Service Expenses|2225-01-001-0-05|Secret Service Expenses|V|Data|Object-Head|15.00|15.00|15.00|15.00|100.0
2|05|10|2225|Welfare of Scheduled Castes, Scheduled Tribes, Other Backward Classes and Minorities|01|Welfare of Scheduled Castes|001|Direction and Administration|0||05|Directorate of Civil Rights Enforcement|140|Minor Works|2225-01-001-0-05|Minor Works|V|Data|Object-Head||94.00|94.00|90.00|100.0
2|05|10|2225|Welfare of Scheduled Castes, Scheduled Tribes, Other Backward Classes and Minorities|01|Welfare of Scheduled Castes|001|Direction and Administration|0||05|Directorate of Civil Rights Enforcement|180|Machinery and Equipments|2225-01-001-0-05|Machinery and Equipments|V|Data|Object-Head|76.69||||100.0
2|05|10|2225|Welfare of Scheduled Castes, Scheduled Tribes, Other Backward Classes and Minorities|01|Welfare of Scheduled Castes|001|Direction and Administration|0||05|Directorate of Civil Rights Enforcement|195|Transport Expenses|2225-01-001-0-05|Transport Expenses|V|Data|Object-Head|201.81|117.65|117.65|295.26|100.0
2|05|10|2225|Welfare of Scheduled Castes, Scheduled Tribes, Other Backward Classes and Minorities|01|Welfare of Scheduled Castes|001|Direction and Administration|0||05|Directorate of Civil Rights Enforcement|221|Materials and Supplies|2225-01-001-0-05|Materials and Supplies|V|Data|Object-Head|1.38|2.00|2.00|2.00|100.0
2|05|10|2225|Welfare of Scheduled Castes, Scheduled Tribes, Other Backward Classes and Minorities|01|Welfare of Scheduled Castes|001|Direction and Administration|0||05|Directorate of Civil Rights Enforcement|||2225-01-001-0-05|HOA Total :|V|Total|Detailed-Head|3088.16|7417.06|7417.06|7091.58|100.0
2|05|10|2225|Welfare of Scheduled Castes, Scheduled Tribes, Other Backward Classes and Minorities|01|Welfare of Scheduled Castes|001|Direction and Administration|0||06|Research Institute under Dr.B.R.Ambedkar Birth Centenary Programme|||2225-01-001-0-06|Research Institute under Dr.B.R.Ambedkar Birth Centenary Programme|V|Header|Detailed-Head|||||100.0
2|05|10|2225|Welfare of Scheduled Castes, Scheduled Tribes, Other Backward Classes and Minorities|01|Welfare of Scheduled Castes|001|Direction and Administration|0||06|Research Institute under Dr.B.R.Ambedkar Birth Centenary Programme|002|Basic Pay|2225-01-001-0-06|Basic Pay|V|Data|Object-Head|32.26||50.27|111.00|100.0
2|05|10|2225|Welfare of Scheduled Castes, Scheduled Tribes, Other Backward Classes and Minorities|01|Welfare of Scheduled Castes|001|Direction and Administration|0||06|Research Institute under Dr.B.R.Ambedkar Birth Centenary Programme|003|Basic Pay-Staff|2225-01-001-0-06|Basic Pay-Staff|V|Data|Object-Head|41.90||||100.0
2|05|10|2225|Welfare of Scheduled Castes, Scheduled Tribes, Other Backward Classes and Minorities|01|Welfare of Scheduled Castes|001|Direction and Administration|0||06|Research Institute under Dr.B.R.Ambedkar Birth Centenary Programme|004|Interim Relief|2225-01-001-0-06|Interim Relief|V|Data|Object-Head|5.29||||100.0
2|05|10|2225|Welfare of Scheduled Castes, Scheduled Tribes, Other Backward Classes and Minorities|01|Welfare of Scheduled Castes|001|Direction and Administration|0||06|Research Institute under Dr.B.R.Ambedkar Birth Centenary Programme|011|Dearness Allowance|2225-01-001-0-06|Dearness Allowance|V|Data|Object-Head|18.37||16.68|28.00|100.0
2|05|10|2225|Welfare of Scheduled Castes, Scheduled Tribes, Other Backward Classes and Minorities|01|Welfare of Scheduled Castes|001|Direction and Administration|0||06|Research Institute under Dr.B.R.Ambedkar Birth Centenary Programme|014|Other Allowance|2225-01-001-0-06|Other Allowance|V|Data|Object-Head|17.45||13.16|24.00|100.0
2|05|10|2225|Welfare of Scheduled Castes, Scheduled Tribes, Other Backward Classes and Minorities|01|Welfare of Scheduled Castes|001|Direction and Administration|0||06|Research Institute under Dr.B.R.Ambedkar Birth Centenary Programme|020|Medical Allowance|2225-01-001-0-06|Medical Allowance|V|Data|Object-Head|0.31||||100.0
2|05|10|2225|Welfare of Scheduled Castes, Scheduled Tribes, Other Backward Classes and Minorities|01|Welfare of Scheduled Castes|001|Direction and Administration|0||06|Research Institute under Dr.B.R.Ambedkar Birth Centenary Programme|021|Reimbursement of Medical Expenses|2225-01-001-0-06|Reimbursement of Medical Expenses|V|Data|Object-Head|3.00||20.00|9.00|100.0
2|05|10|2225|Welfare of Scheduled Castes, Scheduled Tribes, Other Backward Classes and Minorities|01|Welfare of Scheduled Castes|001|Direction and Administration|0||06|Research Institute under Dr.B.R.Ambedkar Birth Centenary Programme|034|Contract/Outsource|2225-01-001-0-06|Contract/Outsource|V|Data|Object-Head|17.40||27.01|15.46|100.0
2|05|10|2225|Welfare of Scheduled Castes, Scheduled Tribes, Other Backward Classes and Minorities|01|Welfare of Scheduled Castes|001|Direction and Administration|0||06|Research Institute under Dr.B.R.Ambedkar Birth Centenary Programme|041|Travel Expenses|2225-01-001-0-06|Travel Expenses|V|Data|Object-Head|0.46||2.00|1.00|100.0
2|05|10|2225|Welfare of Scheduled Castes, Scheduled Tribes, Other Backward Classes and Minorities|01|Welfare of Scheduled Castes|001|Direction and Administration|0||06|Research Institute under Dr.B.R.Ambedkar Birth Centenary Programme|050|Office Expenses|2225-01-001-0-06|Office Expenses|V|Data|Object-Head|3.50||2.50|2.00|100.0
2|05|10|2225|Welfare of Scheduled Castes, Scheduled Tribes, Other Backward Classes and Minorities|01|Welfare of Scheduled Castes|001|Direction and Administration|0||06|Research Institute under Dr.B.R.Ambedkar Birth Centenary Programme|051|General Expenses|2225-01-001-0-06|General Expenses|V|Data|Object-Head|24.10||24.11|10.00|100.0
2|05|10|2225|Welfare of Scheduled Castes, Scheduled Tribes, Other Backward Classes and Minorities|01|Welfare of Scheduled Castes|001|Direction and Administration|0||06|Research Institute under Dr.B.R.Ambedkar Birth Centenary Programme|052|Telephone Charges|2225-01-001-0-06|Telephone Charges|V|Data|Object-Head|0.20||||100.0
2|05|10|2225|Welfare of Scheduled Castes, Scheduled Tribes, Other Backward Classes and Minorities|01|Welfare of Scheduled Castes|001|Direction and Administration|0||06|Research Institute under Dr.B.R.Ambedkar Birth Centenary Programme|101|Grants-in-Aid-Salaries|2225-01-001-0-06|Grants-in-Aid-Salaries|V|Data|Object-Head||143.93|66.82||100.0
3|05|10|2225|Welfare of Scheduled Castes, Scheduled Tribes, Other Backward Classes and Minorities|01|Welfare of Scheduled Castes|001|Direction and Administration|0||06|Research Institute under Dr.B.R.Ambedkar Birth Centenary Programme|103|Grants-in-Aid -General|2225-01-001-0-06|Grants-in-Aid -General|V|Data|Object-Head||49.32|10.12||100.0
3|05|10|2225|Welfare of Scheduled Castes, Scheduled Tribes, Other Backward Classes and Minorities|01|Welfare of Scheduled Castes|001|Direction and Administration|0||06|Research Institute under Dr.B.R.Ambedkar Birth Centenary Programme|115|GIA Contract /Outsource|2225-01-001-0-06|GIA Contract /Outsource|V|Data|Object-Head||31.07|5.06||100.0
3|05|10|2225|Welfare of Scheduled Castes, Scheduled Tribes, Other Backward Classes and Minorities|01|Welfare of Scheduled Castes|001|Direction and Administration|0||06|Research Institute under Dr.B.R.Ambedkar Birth Centenary Programme|195|Transport Expenses|2225-01-001-0-06|Transport Expenses|V|Data|Object-Head|9.28||5.59|16.66|100.0
3|05|10|2225|Welfare of Scheduled Castes, Scheduled Tribes, Other Backward Classes and Minorities|01|Welfare of Scheduled Castes|001|Direction and Administration|0||06|Research Institute under Dr.B.R.Ambedkar Birth Centenary Programme|||2225-01-001-0-06|HOA Total :|V|Total|Detailed-Head|173.52|224.32|243.32|217.12|100.0
3|05|10|2225|Welfare of Scheduled Castes, Scheduled Tribes, Other Backward Classes and Minorities|01|Welfare of Scheduled Castes|001|Direction and Administration|0||07|Karnataka State Commission for SCs & STs|||2225-01-001-0-07|Karnataka State Commission for SCs & STs|V|Header|Detailed-Head|||||100.0
3|05|10|2225|Welfare of Scheduled Castes, Scheduled Tribes, Other Backward Classes and Minorities|01|Welfare of Scheduled Castes|001|Direction and Administration|0||07|Karnataka State Commission for SCs & STs|002|Basic Pay|2225-01-001-0-07|Basic Pay|V|Data|Object-Head|31.10|125.00|146.09|145.00|100.0
3|05|10|2225|Welfare of Scheduled Castes, Scheduled Tribes, Other Backward Classes and Minorities|01|Welfare of Scheduled Castes|001|Direction and Administration|0||07|Karnataka State Commission for SCs & STs|003|Basic Pay-Staff|2225-01-001-0-07|Basic Pay-Staff|V|Data|Object-Head|68.29||||100.0
3|05|10|2225|Welfare of Scheduled Castes, Scheduled Tribes, Other Backward Classes and Minorities|01|Welfare of Scheduled Castes|001|Direction and Administration|0||07|Karnataka State Commission for SCs & STs|004|Interim Relief|2225-01-001-0-07|Interim Relief|V|Data|Object-Head|6.63||||100.0
3|05|10|2225|Welfare of Scheduled Castes, Scheduled Tribes, Other Backward Classes and Minorities|01|Welfare of Scheduled Castes|001|Direction and Administration|0||07|Karnataka State Commission for SCs & STs|011|Dearness Allowance|2225-01-001-0-07|Dearness Allowance|V|Data|Object-Head|23.80|28.00|28.00|37.00|100.0
3|05|10|2225|Welfare of Scheduled Castes, Scheduled Tribes, Other Backward Classes and Minorities|01|Welfare of Scheduled Castes|001|Direction and Administration|0||07|Karnataka State Commission for SCs & STs|014|Other Allowance|2225-01-001-0-07|Other Allowance|V|Data|Object-Head|23.92|30.00|32.81|33.00|100.0
3|05|10|2225|Welfare of Scheduled Castes, Scheduled Tribes, Other Backward Classes and Minorities|01|Welfare of Scheduled Castes|001|Direction and Administration|0||07|Karnataka State Commission for SCs & STs|015|Subsidiary Expenses|2225-01-001-0-07|Subsidiary Expenses|V|Data|Object-Head|0.05|26.00|26.00|26.00|100.0
3|05|10|2225|Welfare of Scheduled Castes, Scheduled Tribes, Other Backward Classes and Minorities|01|Welfare of Scheduled Castes|001|Direction and Administration|0||07|Karnataka State Commission for SCs & STs|020|Medical Allowance|2225-01-001-0-07|Medical Allowance|V|Data|Object-Head|0.48||||100.0
3|05|10|2225|Welfare of Scheduled Castes, Scheduled Tribes, Other Backward Classes and Minorities|01|Welfare of Scheduled Castes|001|Direction and Administration|0||07|Karnataka State Commission for SCs & STs|021|Reimbursement of Medical Expenses|2225-01-001-0-07|Reimbursement of Medical Expenses|V|Data|Object-Head|3.44|9.00|9.00|9.00|100.0
3|05|10|2225|Welfare of Scheduled Castes, Scheduled Tribes, Other Backward Classes and Minorities|01|Welfare of Scheduled Castes|001|Direction and Administration|0||07|Karnataka State Commission for SCs & STs|034|Contract/Outsource|2225-01-001-0-07|Contract/Outsource|V|Data|Object-Head|40.75|34.02|34.02|32.29|100.0
3|05|10|2225|Welfare of Scheduled Castes, Scheduled Tribes, Other Backward Classes and Minorities|01|Welfare of Scheduled Castes|001|Direction and Administration|0||07|Karnataka State Commission for SCs & STs|035|Salary of Board/Corp.Staff working in State Government|2225-01-001-0-07|Salary of Board/Corp.Staff working in State Government|V|Data|Object-Head|5.43|7.20|15.00|17.01|100.0
3|05|10|2225|Welfare of Scheduled Castes, Scheduled Tribes, Other Backward Classes and Minorities|01|Welfare of Scheduled Castes|001|Direction and Administration|0||07|Karnataka State Commission for SCs & STs|041|Travel Expenses|2225-01-001-0-07|Travel Expenses|V|Data|Object-Head|0.18|10.00|10.00|10.00|100.0
3|05|10|2225|Welfare of Scheduled Castes, Scheduled Tribes, Other Backward Classes and Minorities|01|Welfare of Scheduled Castes|001|Direction and Administration|0||07|Karnataka State Commission for SCs & STs|050|Office Expenses|2225-01-001-0-07|Office Expenses|V|Data|Object-Head|13.08|21.00|21.00|25.00|100.0
3|05|10|2225|Welfare of Scheduled Castes, Scheduled Tribes, Other Backward Classes and Minorities|01|Welfare of Scheduled Castes|001|Direction and Administration|0||07|Karnataka State Commission for SCs & STs|051|General Expenses|2225-01-001-0-07|General Expenses|V|Data|Object-Head|7.41|13.00|13.00|20.00|100.0
3|05|10|2225|Welfare of Scheduled Castes, Scheduled Tribes, Other Backward Classes and Minorities|01|Welfare of Scheduled Castes|001|Direction and Administration|0||07|Karnataka State Commission for SCs & STs|052|Telephone Charges|2225-01-001-0-07|Telephone Charges|V|Data|Object-Head|0.30||||100.0
3|05|10|2225|Welfare of Scheduled Castes, Scheduled Tribes, Other Backward Classes and Minorities|01|Welfare of Scheduled Castes|001|Direction and Administration|0||07|Karnataka State Commission for SCs & STs|071|Building Expenses|2225-01-001-0-07|Building Expenses|V|Data|Object-Head|62.35|62.00|62.00|65.00|100.0
3|05|10|2225|Welfare of Scheduled Castes, Scheduled Tribes, Other Backward Classes and Minorities|01|Welfare of Scheduled Castes|001|Direction and Administration|0||07|Karnataka State Commission for SCs & STs|195|Transport Expenses|2225-01-001-0-07|Transport Expenses|V|Data|Object-Head|5.67|19.28|19.28|16.98|100.0
3|05|10|2225|Welfare of Scheduled Castes, Scheduled Tribes, Other Backward Classes and Minorities|01|Welfare of Scheduled Castes|001|Direction and Administration|0||07|Karnataka State Commission for SCs & STs|||2225-01-001-0-07|HOA Total :|V|Total|Detailed-Head|292.88|384.50|416.20|436.28|100.0
4|05|10|2225|Welfare of Scheduled Castes, Scheduled Tribes, Other Backward Classes and Minorities|01|Welfare of Scheduled Castes|001|Direction and Administration|0||08|Amount as per the SCSP-TSPAct 2013|||2225-01-001-0-08|Amount as per the SCSP-TSPAct 2013|V|Header|Detailed-Head|||||100.0
4|05|10|2225|Welfare of Scheduled Castes, Scheduled Tribes, Other Backward Classes and Minorities|01|Welfare of Scheduled Castes|001|Direction and Administration|0||08|Amount as per the SCSP-TSPAct 2013|059|Other Expenses|2225-01-001-0-08|Other Expenses|V|Data|Object-Head|1866.72|1254.07|1254.07|942.35|100.0
4|05|10|2225|Welfare of Scheduled Castes, Scheduled Tribes, Other Backward Classes and Minorities|01|Welfare of Scheduled Castes|001|Direction and Administration|0||08|Amount as per the SCSP-TSPAct 2013|||2225-01-001-0-08|HOA Total :|V|Total|Detailed-Head|1866.72|1254.07|1254.07|942.35|100.0
4|05|10|2225|Welfare of Scheduled Castes, Scheduled Tribes, Other Backward Classes and Minorities|01|Welfare of Scheduled Castes|001|Direction and Administration|0||10|Dr.Babu Jagjivan Ram Research Institute|||2225-01-001-0-10|Dr.Babu Jagjivan Ram Research Institute|V|Header|Detailed-Head|||||100.0
4|05|10|2225|Welfare of Scheduled Castes, Scheduled Tribes, Other Backward Classes and Minorities|01|Welfare of Scheduled Castes|001|Direction and Administration|0||10|Dr.Babu Jagjivan Ram Research Institute|101|Grants-in-Aid-Salaries|2225-01-001-0-10|Grants-in-Aid-Salaries|V|Data|Object-Head||37.10|37.10|44.83|100.0
4|05|10|2225|Welfare of Scheduled Castes, Scheduled Tribes, Other Backward Classes and Minorities|01|Welfare of Scheduled Castes|001|Direction and Administration|0||10|Dr.Babu Jagjivan Ram Research Institute|103|Grants-in-Aid -General|2225-01-001-0-10|Grants-in-Aid -General|V|Data|Object-Head||25.00|25.00|20.00|100.0
4|05|10|2225|Welfare of Scheduled Castes, Scheduled Tribes, Other Backward Classes and Minorities|01|Welfare of Scheduled Castes|001|Direction and Administration|0||10|Dr.Babu Jagjivan Ram Research Institute|115|GIA Contract /Outsource|2225-01-001-0-10|GIA Contract /Outsource|V|Data|Object-Head||12.18|12.18|12.58|100.0
4|05|10|2225|Welfare of Scheduled Castes, Scheduled Tribes, Other Backward Classes and Minorities|01|Welfare of Scheduled Castes|001|Direction and Administration|0||10|Dr.Babu Jagjivan Ram Research Institute|||2225-01-001-0-10|HOA Total :|V|Total|Detailed-Head|0.00|74.28|74.28|77.41|100.0
4|05|10|2225|Welfare of Scheduled Castes, Scheduled Tribes, Other Backward Classes and Minorities|01|Welfare of Scheduled Castes|001|Direction and Administration|0||50|Vacant Post Provision|||2225-01-001-0-50|Vacant Post Provision|V|Header|Detailed-Head|||||100.0
4|05|10|2225|Welfare of Scheduled Castes, Scheduled Tribes, Other Backward Classes and Minorities|01|Welfare of Scheduled Castes|001|Direction and Administration|0||50|Vacant Post Provision|014|Other Allowance|2225-01-001-0-50|Other Allowance|V|Data|Object-Head||23790.15|23660.29|29352.68|100.0
4|05|10|2225|Welfare of Scheduled Castes, Scheduled Tribes, Other Backward Classes and Minorities|01|Welfare of Scheduled Castes|001|Direction and Administration|0||50|Vacant Post Provision|||2225-01-001-0-50|HOA Total :|V|Total|Detailed-Head|0.00|23790.15|23660.29|29352.68|100.0
4|05|10|2225|Welfare of Scheduled Castes, Scheduled Tribes, Other Backward Classes and Minorities|01|Welfare of Scheduled Castes|102|Economic Development|0||09|Dr. Ambedkar Birthday Celebration|||2225-01-102-0-09|Dr. Ambedkar Birthday Celebration|V|Header|Detailed-Head|||||100.0
4|05|10|2225|Welfare of Scheduled Castes, Scheduled Tribes, Other Backward Classes and Minorities|01|Welfare of Scheduled Castes|102|Economic Development|0||09|Dr. Ambedkar Birthday Celebration|051|General Expenses|2225-01-102-0-09|General Expenses|V|Data|Object-Head|3.50|3.50|3.50|4.50|100.0
4|05|10|2225|Welfare of Scheduled Castes, Scheduled Tribes, Other Backward Classes and Minorities|01|Welfare of Scheduled Castes|102|Economic Development|0||09|Dr. Ambedkar Birthday Celebration|||2225-01-102-0-09|HOA Total :|V|Total|Detailed-Head|3.50|3.50|3.50|4.50|100.0
4|05|10|2225|Welfare of Scheduled Castes, Scheduled Tribes, Other Backward Classes and Minorities|01|Welfare of Scheduled Castes|102|Economic Development|0||11|Dr.B.R.Ambedkar Development Corporation- Ganga Kalyana|||2225-01-102-0-11|Dr.B.R.Ambedkar Development Corporation- Ganga Kalyana|V|Header|Detailed-Head|||||100.0
4|05|10|2225|Welfare of Scheduled Castes, Scheduled Tribes, Other Backward Classes and Minorities|01|Welfare of Scheduled Castes|102|Economic Development|0||11|Dr.B.R.Ambedkar Development Corporation- Ganga Kalyana|059|Other Expenses|2225-01-102-0-11|Other Expenses|V|Data|Object-Head|9000.00|5000.00|5000.00|5500.00|100.0
4|05|10|2225|Welfare of Scheduled Castes, Scheduled Tribes, Other Backward Classes and Minorities|01|Welfare of Scheduled Castes|102|Economic Development|0||11|Dr.B.R.Ambedkar Development Corporation- Ganga Kalyana|||2225-01-102-0-11|HOA Total :|V|Total|Detailed-Head|9000.00|5000.00|5000.00|5500.00|100.0
5|05|10|2225|Welfare of Scheduled Castes, Scheduled Tribes, Other Backward Classes and Minorities|01|Welfare of Scheduled Castes|190|Assistance to Public Sector and Other Undertakings|2||01|Dr. Ambedkar Development Corporation-Self Employment Scheme|||2225-01-190-2-01|Dr. Ambedkar Development Corporation-Self Employment Scheme|V|Header|Detailed-Head|||||100.0
5|05|10|2225|Welfare of Scheduled Castes, Scheduled Tribes, Other Backward Classes and Minorities|01|Welfare of Scheduled Castes|190|Assistance to Public Sector and Other Undertakings|2||01|Dr. Ambedkar Development Corporation-Self Employment Scheme|103|Grants-in-Aid -General|2225-01-190-2-01|Grants-in-Aid -General|V|Data|Object-Head|9500.00|5625.00|5625.00|6187.50|100.0
5|05|10|2225|Welfare of Scheduled Castes, Scheduled Tribes, Other Backward Classes and Minorities|01|Welfare of Scheduled Castes|190|Assistance to Public Sector and Other Undertakings|2||01|Dr. Ambedkar Development Corporation-Self Employment Scheme|||2225-01-190-2-01|HOA Total :|V|Total|Detailed-Head|9500.00|5625.00|5625.00|6187.50|100.0
5|05|10|2225|Welfare of Scheduled Castes, Scheduled Tribes, Other Backward Classes and Minorities|01|Welfare of Scheduled Castes|190|Assistance to Public Sector and Other Undertakings|2||09|Dr.B.R.Ambedkar Development Corporation- Micro Credit through Self Help Women Groups (SHGs)|||2225-01-190-2-09|Dr.B.R.Ambedkar Development Corporation- Micro Credit through Self Help Women Groups (SHGs)|V|Header|Detailed-Head|||||100.0
5|05|10|2225|Welfare of Scheduled Castes, Scheduled Tribes, Other Backward Classes and Minorities|01|Welfare of Scheduled Castes|190|Assistance to Public Sector and Other Undertakings|2||09|Dr.B.R.Ambedkar Development Corporation- Micro Credit through Self Help Women Groups (SHGs)|106|Subsidies|2225-01-190-2-09|Subsidies|V|Data|Object-Head|1500.00|1875.00|1875.00|2062.50|100.0
5|05|10|2225|Welfare of Scheduled Castes, Scheduled Tribes, Other Backward Classes and Minorities|01|Welfare of Scheduled Castes|190|Assistance to Public Sector and Other Undertakings|2||09|Dr.B.R.Ambedkar Development Corporation- Micro Credit through Self Help Women Groups (SHGs)|||2225-01-190-2-09|HOA Total :|V|Total|Detailed-Head|1500.00|1875.00|1875.00|2062.50|100.0
5|05|10|2225|Welfare of Scheduled Castes, Scheduled Tribes, Other Backward Classes and Minorities|01|Welfare of Scheduled Castes|190|Assistance to Public Sector and Other Undertakings|2||10|Karnataka Thanda Development Corporation|||2225-01-190-2-10|Karnataka Thanda Development Corporation|V|Header|Detailed-Head|||||100.0
5|05|10|2225|Welfare of Scheduled Castes, Scheduled Tribes, Other Backward Classes and Minorities|01|Welfare of Scheduled Castes|190|Assistance to Public Sector and Other Undertakings|2||10|Karnataka Thanda Development Corporation|059|Other Expenses|2225-01-190-2-10|Other Expenses|V|Data|Object-Head|6000.00|7500.00|7500.00|8250.00|100.0
5|05|10|2225|Welfare of Scheduled Castes, Scheduled Tribes, Other Backward Classes and Minorities|01|Welfare of Scheduled Castes|190|Assistance to Public Sector and Other Undertakings|2||10|Karnataka Thanda Development Corporation|||2225-01-190-2-10|HOA Total :|V|Total|Detailed-Head|6000.00|7500.00|7500.00|8250.00|100.0
5|05|10|2225|Welfare of Scheduled Castes, Scheduled Tribes, Other Backward Classes and Minorities|01|Welfare of Scheduled Castes|190|Assistance to Public Sector and Other Undertakings|3||01|Karnataka Adi Jambava Development Corporation|||2225-01-190-3-01|Karnataka Adi Jambava Development Corporation|V|Header|Detailed-Head|||||100.0
5|05|10|2225|Welfare of Scheduled Castes, Scheduled Tribes, Other Backward Classes and Minorities|01|Welfare of Scheduled Castes|190|Assistance to Public Sector and Other Undertakings|3||01|Karnataka Adi Jambava Development Corporation|100|Financial Assistance/Relief|2225-01-190-3-01|Financial Assistance/Relief|V|Data|Object-Head|5000.00|6250.00|6250.00|6875.00|100.0
5|05|10|2225|Welfare of Scheduled Castes, Scheduled Tribes, Other Backward Classes and Minorities|01|Welfare of Scheduled Castes|190|Assistance to Public Sector and Other Undertakings|3||01|Karnataka Adi Jambava Development Corporation|||2225-01-190-3-01|HOA Total :|V|Total|Detailed-Head|5000.00|6250.00|6250.00|6875.00|100.0
5|05|10|2225|Welfare of Scheduled Castes, Scheduled Tribes, Other Backward Classes and Minorities|01|Welfare of Scheduled Castes|190|Assistance to Public Sector and Other Undertakings|4||01|Bhovi Development Corporation|||2225-01-190-4-01|Bhovi Development Corporation|V|Header|Detailed-Head|||||100.0
5|05|10|2225|Welfare of Scheduled Castes, Scheduled Tribes, Other Backward Classes and Minorities|01|Welfare of Scheduled Castes|190|Assistance to Public Sector and Other Undertakings|4||01|Bhovi Development Corporation|100|Financial Assistance/Relief|2225-01-190-4-01|Financial Assistance/Relief|V|Data|Object-Head|5500.00|6875.00|6875.00|7562.50|100.0
5|05|10|2225|Welfare of Scheduled Castes, Scheduled Tribes, Other Backward Classes and Minorities|01|Welfare of Scheduled Castes|190|Assistance to Public Sector and Other Undertakings|4||01|Bhovi Development Corporation|||2225-01-190-4-01|HOA Total :|V|Total|Detailed-Head|5500.00|6875.00|6875.00|7562.50|100.0
6|05|10|2225|Welfare of Scheduled Castes, Scheduled Tribes, Other Backward Classes and Minorities|01|Welfare of Scheduled Castes|190|Assistance to Public Sector and Other Undertakings|5|Karnataka State Safai Karmachari Corporation|01|Karnataka State Safai Karmachari Corporation|||2225-01-190-5-01|Karnataka State Safai Karmachari Corporation|V|Header|Detailed-Head|||||100.0
6|05|10|2225|Welfare of Scheduled Castes, Scheduled Tribes, Other Backward Classes and Minorities|01|Welfare of Scheduled Castes|190|Assistance to Public Sector and Other Undertakings|5|Karnataka State Safai Karmachari Corporation|01|Karnataka State Safai Karmachari Corporation|100|Financial Assistance/Relief|2225-01-190-5-01|Financial Assistance/Relief|V|Data|Object-Head|2500.00|3125.00|3125.00|3438.00|100.0
6|05|10|2225|Welfare of Scheduled Castes, Scheduled Tribes, Other Backward Classes and Minorities|01|Welfare of Scheduled Castes|190|Assistance to Public Sector and Other Undertakings|5|Karnataka State Safai Karmachari Corporation|01|Karnataka State Safai Karmachari Corporation|||2225-01-190-5-01|HOA Total :|V|Total|Detailed-Head|2500.00|3125.00|3125.00|3438.00|100.0
6|05|10|2225|Welfare of Scheduled Castes, Scheduled Tribes, Other Backward Classes and Minorities|01|Welfare of Scheduled Castes|196||1|Grants for Maintenance of Post Matric Government Hostels and Residential Schools|01|Grants for Maintenance of Post Matric Government Hostels and Residential Schools|||2225-01-196-1-01|Grants for Maintenance of Post Matric Government Hostels and Residential Schools|V|Header|Detailed-Head|||||100.0
6|05|10|2225|Welfare of Scheduled Castes, Scheduled Tribes, Other Backward Classes and Minorities|01|Welfare of Scheduled Castes|196||1|Grants for Maintenance of Post Matric Government Hostels and Residential Schools|01|Grants for Maintenance of Post Matric Government Hostels and Residential Schools|300|Lumpsum - ZP|2225-01-196-1-01|Lumpsum - ZP|V|Data|Object-Head|76.25|10000.00|10000.00|3000.00|100.0
6|05|10|2225|Welfare of Scheduled Castes, Scheduled Tribes, Other Backward Classes and Minorities|01|Welfare of Scheduled Castes|196||1|Grants for Maintenance of Post Matric Government Hostels and Residential Schools|01|Grants for Maintenance of Post Matric Government Hostels and Residential Schools|401|Bengaluru (Urban)|2225-01-196-1-01|Bengaluru (Urban)|V|Data|Object-Head|3757.38|3401.52|3401.52|3426.39|100.0
6|05|10|2225|Welfare of Scheduled Castes, Scheduled Tribes, Other Backward Classes and Minorities|01|Welfare of Scheduled Castes|196||1|Grants for Maintenance of Post Matric Government Hostels and Residential Schools|01|Grants for Maintenance of Post Matric Government Hostels and Residential Schools|402|Bengaluru (Rural)|2225-01-196-1-01|Bengaluru (Rural)|V|Data|Object-Head|806.22|837.97|837.97|482.95|100.0
6|05|10|2225|Welfare of Scheduled Castes, Scheduled Tribes, Other Backward Classes and Minorities|01|Welfare of Scheduled Castes|196||1|Grants for Maintenance of Post Matric Government Hostels and Residential Schools|01|Grants for Maintenance of Post Matric Government Hostels and Residential Schools|403|Chitradurga|2225-01-196-1-01|Chitradurga|V|Data|Object-Head|2503.51|3086.11|3086.78|2380.12|100.0
6|05|10|2225|Welfare of Scheduled Castes, Scheduled Tribes, Other Backward Classes and Minorities|01|Welfare of Scheduled Castes|196||1|Grants for Maintenance of Post Matric Government Hostels and Residential Schools|01|Grants for Maintenance of Post Matric Government Hostels and Residential Schools|404|Kolar|2225-01-196-1-01|Kolar|V|Data|Object-Head|1286.33|1348.51|1348.51|1030.98|100.0
6|05|10|2225|Welfare of Scheduled Castes, Scheduled Tribes, Other Backward Classes and Minorities|01|Welfare of Scheduled Castes|196||1|Grants for Maintenance of Post Matric Government Hostels and Residential Schools|01|Grants for Maintenance of Post Matric Government Hostels and Residential Schools|405|Shivamogga|2225-01-196-1-01|Shivamogga|V|Data|Object-Head|1943.85|2164.73|2175.24|1679.78|100.0
6|05|10|2225|Welfare of Scheduled Castes, Scheduled Tribes, Other Backward Classes and Minorities|01|Welfare of Scheduled Castes|196||1|Grants for Maintenance of Post Matric Government Hostels and Residential Schools|01|Grants for Maintenance of Post Matric Government Hostels and Residential Schools|406|Tumakuru|2225-01-196-1-01|Tumakuru|V|Data|Object-Head|2876.68|3456.71|3456.71|2555.45|100.0
6|05|10|2225|Welfare of Scheduled Castes, Scheduled Tribes, Other Backward Classes and Minorities|01|Welfare of Scheduled Castes|196||1|Grants for Maintenance of Post Matric Government Hostels and Residential Schools|01|Grants for Maintenance of Post Matric Government Hostels and Residential Schools|407|Mysuru|2225-01-196-1-01|Mysuru|V|Data|Object-Head|2877.88|3073.99|3073.99|2309.63|100.0
6|05|10|2225|Welfare of Scheduled Castes, Scheduled Tribes, Other Backward Classes and Minorities|01|Welfare of Scheduled Castes|196||1|Grants for Maintenance of Post Matric Government Hostels and Residential Schools|01|Grants for Maintenance of Post Matric Government Hostels and Residential Schools|408|Chikkamagaluru|2225-01-196-1-01|Chikkamagaluru|V|Data|Object-Head|1462.28|1693.93|1693.93|1130.23|100.0
6|05|10|2225|Welfare of Scheduled Castes, Scheduled Tribes, Other Backward Classes and Minorities|01|Welfare of Scheduled Castes|196||1|Grants for Maintenance of Post Matric Government Hostels and Residential Schools|01|Grants for Maintenance of Post Matric Government Hostels and Residential Schools|409|Dakshina Kannada|2225-01-196-1-01|Dakshina Kannada|V|Data|Object-Head|963.45|918.25|918.25|624.28|100.0
6|05|10|2225|Welfare of Scheduled Castes, Scheduled Tribes, Other Backward Classes and Minorities|01|Welfare of Scheduled Castes|196||1|Grants for Maintenance of Post Matric Government Hostels and Residential Schools|01|Grants for Maintenance of Post Matric Government Hostels and Residential Schools|410|Hassan|2225-01-196-1-01|Hassan|V|Data|Object-Head|2236.58|2667.22|2667.22|2160.98|100.0
6|05|10|2225|Welfare of Scheduled Castes, Scheduled Tribes, Other Backward Classes and Minorities|01|Welfare of Scheduled Castes|196||1|Grants for Maintenance of Post Matric Government Hostels and Residential Schools|01|Grants for Maintenance of Post Matric Government Hostels and Residential Schools|411|Kodagu|2225-01-196-1-01|Kodagu|V|Data|Object-Head|425.25|426.33|426.33|240.30|100.0
6|05|10|2225|Welfare of Scheduled Castes, Scheduled Tribes, Other Backward Classes and Minorities|01|Welfare of Scheduled Castes|196||1|Grants for Maintenance of Post Matric Government Hostels and Residential Schools|01|Grants for Maintenance of Post Matric Government Hostels and Residential Schools|412|Mandya|2225-01-196-1-01|Mandya|V|Data|Object-Head|1480.94|1597.89|1597.89|1020.91|100.0
6|05|10|2225|Welfare of Scheduled Castes, Scheduled Tribes, Other Backward Classes and Minorities|01|Welfare of Scheduled Castes|196||1|Grants for Maintenance of Post Matric Government Hostels and Residential Schools|01|Grants for Maintenance of Post Matric Government Hostels and Residential Schools|413|Belagavi|2225-01-196-1-01|Belagavi|V|Data|Object-Head|2722.15|2957.58|2957.58|2060.35|100.0
6|05|10|2225|Welfare of Scheduled Castes, Scheduled Tribes, Other Backward Classes and Minorities|01|Welfare of Scheduled Castes|196||1|Grants for Maintenance of Post Matric Government Hostels and Residential Schools|01|Grants for Maintenance of Post Matric Government Hostels and Residential Schools|414|Vijayapura|2225-01-196-1-01|Vijayapura|V|Data|Object-Head|2022.36|2404.47|2404.47|2045.77|100.0
6|05|10|2225|Welfare of Scheduled Castes, Scheduled Tribes, Other Backward Classes and Minorities|01|Welfare of Scheduled Castes|196||1|Grants for Maintenance of Post Matric Government Hostels and Residential Schools|01|Grants for Maintenance of Post Matric Government Hostels and Residential Schools|415|Dharwad|2225-01-196-1-01|Dharwad|V|Data|Object-Head|1942.20|2405.64|2405.64|1912.40|100.0
6|05|10|2225|Welfare of Scheduled Castes, Scheduled Tribes, Other Backward Classes and Minorities|01|Welfare of Scheduled Castes|196||1|Grants for Maintenance of Post Matric Government Hostels and Residential Schools|01|Grants for Maintenance of Post Matric Government Hostels and Residential Schools|416|Uttara Kannada|2225-01-196-1-01|Uttara Kannada|V|Data|Object-Head|1134.93|1201.60|1201.60|560.92|100.0
6|05|10|2225|Welfare of Scheduled Castes, Scheduled Tribes, Other Backward Classes and Minorities|01|Welfare of Scheduled Castes|196||1|Grants for Maintenance of Post Matric Government Hostels and Residential Schools|01|Grants for Maintenance of Post Matric Government Hostels and Residential Schools|417|Kalaburagi|2225-01-196-1-01|Kalaburagi|V|Data|Object-Head|3486.00|3975.85|3975.85|3114.67|100.0
6|05|10|2225|Welfare of Scheduled Castes, Scheduled Tribes, Other Backward Classes and Minorities|01|Welfare of Scheduled Castes|196||1|Grants for Maintenance of Post Matric Government Hostels and Residential Schools|01|Grants for Maintenance of Post Matric Government Hostels and Residential Schools|418|Ballari|2225-01-196-1-01|Ballari|V|Data|Object-Head|1434.95|1636.97|1636.97|1345.97|100.0
6|05|10|2225|Welfare of Scheduled Castes, Scheduled Tribes, Other Backward Classes and Minorities|01|Welfare of Scheduled Castes|196||1|Grants for Maintenance of Post Matric Government Hostels and Residential Schools|01|Grants for Maintenance of Post Matric Government Hostels and Residential Schools|419|Bidar|2225-01-196-1-01|Bidar|V|Data|Object-Head|1883.51|1784.19|1787.49|1267.13|100.0
6|05|10|2225|Welfare of Scheduled Castes, Scheduled Tribes, Other Backward Classes and Minorities|01|Welfare of Scheduled Castes|196||1|Grants for Maintenance of Post Matric Government Hostels and Residential Schools|01|Grants for Maintenance of Post Matric Government Hostels and Residential Schools|420|Raichur|2225-01-196-1-01|Raichur|V|Data|Object-Head|2762.24|3463.66|3463.66|3153.45|100.0
7|05|10|2225|Welfare of Scheduled Castes, Scheduled Tribes, Other Backward Classes and Minorities|01|Welfare of Scheduled Castes|196|Assistance to Zilla Panchayats/Local Bodies|1|Grants for Maintenance of Post Matric Government Hostels and Residential Schools|01|Grants for Maintenance of Post Matric Government Hostels and Residential Schools|421|Yadgiri|2225-01-196-1-01|Yadgiri|V|Data|Object-Head|1140.57|1444.53|1444.53|1019.37|100.0
7|05|10|2225|Welfare of Scheduled Castes, Scheduled Tribes, Other Backward Classes and Minorities|01|Welfare of Scheduled Castes|196|Assistance to Zilla Panchayats/Local Bodies|1|Grants for Maintenance of Post Matric Government Hostels and Residential Schools|01|Grants for Maintenance of Post Matric Government Hostels and Residential Schools|451|Davanagere|2225-01-196-1-01|Davanagere|V|Data|Object-Head|2056.92|2610.94|2610.94|2122.61|100.0
7|05|10|2225|Welfare of Scheduled Castes, Scheduled Tribes, Other Backward Classes and Minorities|01|Welfare of Scheduled Castes|196|Assistance to Zilla Panchayats/Local Bodies|1|Grants for Maintenance of Post Matric Government Hostels and Residential Schools|01|Grants for Maintenance of Post Matric Government Hostels and Residential Schools|452|Bengaluru South|2225-01-196-1-01|Bengaluru South|V|Data|Object-Head|754.20|839.53|839.53|460.38|100.0
7|05|10|2225|Welfare of Scheduled Castes, Scheduled Tribes, Other Backward Classes and Minorities|01|Welfare of Scheduled Castes|196|Assistance to Zilla Panchayats/Local Bodies|1|Grants for Maintenance of Post Matric Government Hostels and Residential Schools|01|Grants for Maintenance of Post Matric Government Hostels and Residential Schools|453|Chikkaballapura|2225-01-196-1-01|Chikkaballapura|V|Data|Object-Head|1393.86|1905.09|1905.09|1295.39|100.0
7|05|10|2225|Welfare of Scheduled Castes, Scheduled Tribes, Other Backward Classes and Minorities|01|Welfare of Scheduled Castes|196|Assistance to Zilla Panchayats/Local Bodies|1|Grants for Maintenance of Post Matric Government Hostels and Residential Schools|01|Grants for Maintenance of Post Matric Government Hostels and Residential Schools|456|Chamarajanagar|2225-01-196-1-01|Chamarajanagar|V|Data|Object-Head|968.42|999.03|999.03|728.01|100.0
7|05|10|2225|Welfare of Scheduled Castes, Scheduled Tribes, Other Backward Classes and Minorities|01|Welfare of Scheduled Castes|196|Assistance to Zilla Panchayats/Local Bodies|1|Grants for Maintenance of Post Matric Government Hostels and Residential Schools|01|Grants for Maintenance of Post Matric Government Hostels and Residential Schools|457|Udupi|2225-01-196-1-01|Udupi|V|Data|Object-Head|547.45|575.26|575.26|325.92|100.0
7|05|10|2225|Welfare of Scheduled Castes, Scheduled Tribes, Other Backward Classes and Minorities|01|Welfare of Scheduled Castes|196|Assistance to Zilla Panchayats/Local Bodies|1|Grants for Maintenance of Post Matric Government Hostels and Residential Schools|01|Grants for Maintenance of Post Matric Government Hostels and Residential Schools|461|Bagalkot|2225-01-196-1-01|Bagalkot|V|Data|Object-Head|1976.02|2333.62|2333.62|1954.96|100.0
7|05|10|2225|Welfare of Scheduled Castes, Scheduled Tribes, Other Backward Classes and Minorities|01|Welfare of Scheduled Castes|196|Assistance to Zilla Panchayats/Local Bodies|1|Grants for Maintenance of Post Matric Government Hostels and Residential Schools|01|Grants for Maintenance of Post Matric Government Hostels and Residential Schools|462|Gadag|2225-01-196-1-01|Gadag|V|Data|Object-Head|1304.65|1471.93|1471.93|1160.18|100.0
7|05|10|2225|Welfare of Scheduled Castes, Scheduled Tribes, Other Backward Classes and Minorities|01|Welfare of Scheduled Castes|196|Assistance to Zilla Panchayats/Local Bodies|1|Grants for Maintenance of Post Matric Government Hostels and Residential Schools|01|Grants for Maintenance of Post Matric Government Hostels and Residential Schools|463|Haveri|2225-01-196-1-01|Haveri|V|Data|Object-Head|1899.31|2256.27|2256.27|1706.62|100.0
7|05|10|2225|Welfare of Scheduled Castes, Scheduled Tribes, Other Backward Classes and Minorities|01|Welfare of Scheduled Castes|196|Assistance to Zilla Panchayats/Local Bodies|1|Grants for Maintenance of Post Matric Government Hostels and Residential Schools|01|Grants for Maintenance of Post Matric Government Hostels and Residential Schools|466|Koppal|2225-01-196-1-01|Koppal|V|Data|Object-Head|1300.14|1761.80|1761.80|1424.87|100.0
7|05|10|2225|Welfare of Scheduled Castes, Scheduled Tribes, Other Backward Classes and Minorities|01|Welfare of Scheduled Castes|196|Assistance to Zilla Panchayats/Local Bodies|1|Grants for Maintenance of Post Matric Government Hostels and Residential Schools|01|Grants for Maintenance of Post Matric Government Hostels and Residential Schools|467|Vijayanagara|2225-01-196-1-01|Vijayanagara|V|Data|Object-Head|1687.85|2154.46|2154.46|1621.61|100.0
7|05|10|2225|Welfare of Scheduled Castes, Scheduled Tribes, Other Backward Classes and Minorities|01|Welfare of Scheduled Castes|196|Assistance to Zilla Panchayats/Local Bodies|1|Grants for Maintenance of Post Matric Government Hostels and Residential Schools|01|Grants for Maintenance of Post Matric Government Hostels and Residential Schools|||2225-01-196-1-01|HOA Total :|V|Total|Detailed-Head|55114.33|72855.58|72870.06|51322.58|100.0
7|05|10|2225|Welfare of Scheduled Castes, Scheduled Tribes, Other Backward Classes and Minorities|01|Welfare of Scheduled Castes|196|Assistance to Zilla Panchayats/Local Bodies|1|Grants for Maintenance of Post Matric Government Hostels and Residential Schools|02|Grants to District SC Welfare Establishments|||2225-01-196-1-02|Grants to District SC Welfare Establishments|V|Header|Detailed-Head|||||100.0
7|05|10|2225|Welfare of Scheduled Castes, Scheduled Tribes, Other Backward Classes and Minorities|01|Welfare of Scheduled Castes|196|Assistance to Zilla Panchayats/Local Bodies|1|Grants for Maintenance of Post Matric Government Hostels and Residential Schools|02|Grants to District SC Welfare Establishments|401|Bengaluru (Urban)|2225-01-196-1-02|Bengaluru (Urban)|V|Data|Object-Head||||619.58|100.0
7|05|10|2225|Welfare of Scheduled Castes, Scheduled Tribes, Other Backward Classes and Minorities|01|Welfare of Scheduled Castes|196|Assistance to Zilla Panchayats/Local Bodies|1|Grants for Maintenance of Post Matric Government Hostels and Residential Schools|02|Grants to District SC Welfare Establishments|402|Bengaluru (Rural)|2225-01-196-1-02|Bengaluru (Rural)|V|Data|Object-Head||||360.59|100.0
7|05|10|2225|Welfare of Scheduled Castes, Scheduled Tribes, Other Backward Classes and Minorities|01|Welfare of Scheduled Castes|196|Assistance to Zilla Panchayats/Local Bodies|1|Grants for Maintenance of Post Matric Government Hostels and Residential Schools|02|Grants to District SC Welfare Establishments|403|Chitradurga|2225-01-196-1-02|Chitradurga|V|Data|Object-Head||||679.83|100.0
7|05|10|2225|Welfare of Scheduled Castes, Scheduled Tribes, Other Backward Classes and Minorities|01|Welfare of Scheduled Castes|196|Assistance to Zilla Panchayats/Local Bodies|1|Grants for Maintenance of Post Matric Government Hostels and Residential Schools|02|Grants to District SC Welfare Establishments|404|Kolar|2225-01-196-1-02|Kolar|V|Data|Object-Head||||323.51|100.0
7|05|10|2225|Welfare of Scheduled Castes, Scheduled Tribes, Other Backward Classes and Minorities|01|Welfare of Scheduled Castes|196|Assistance to Zilla Panchayats/Local Bodies|1|Grants for Maintenance of Post Matric Government Hostels and Residential Schools|02|Grants to District SC Welfare Establishments|405|Shivamogga|2225-01-196-1-02|Shivamogga|V|Data|Object-Head||||609.92|100.0
7|05|10|2225|Welfare of Scheduled Castes, Scheduled Tribes, Other Backward Classes and Minorities|01|Welfare of Scheduled Castes|196|Assistance to Zilla Panchayats/Local Bodies|1|Grants for Maintenance of Post Matric Government Hostels and Residential Schools|02|Grants to District SC Welfare Establishments|406|Tumakuru|2225-01-196-1-02|Tumakuru|V|Data|Object-Head||||769.39|100.0
7|05|10|2225|Welfare of Scheduled Castes, Scheduled Tribes, Other Backward Classes and Minorities|01|Welfare of Scheduled Castes|196|Assistance to Zilla Panchayats/Local Bodies|1|Grants for Maintenance of Post Matric Government Hostels and Residential Schools|02|Grants to District SC Welfare Establishments|407|Mysuru|2225-01-196-1-02|Mysuru|V|Data|Object-Head||||636.48|100.0
7|05|10|2225|Welfare of Scheduled Castes, Scheduled Tribes, Other Backward Classes and Minorities|01|Welfare of Scheduled Castes|196|Assistance to Zilla Panchayats/Local Bodies|1|Grants for Maintenance of Post Matric Government Hostels and Residential Schools|02|Grants to District SC Welfare Establishments|408|Chikkamagaluru|2225-01-196-1-02|Chikkamagaluru|V|Data|Object-Head||||549.54|100.0
7|05|10|2225|Welfare of Scheduled Castes, Scheduled Tribes, Other Backward Classes and Minorities|01|Welfare of Scheduled Castes|196|Assistance to Zilla Panchayats/Local Bodies|1|Grants for Maintenance of Post Matric Government Hostels and Residential Schools|02|Grants to District SC Welfare Establishments|409|Dakshina Kannada|2225-01-196-1-02|Dakshina Kannada|V|Data|Object-Head||||380.36|100.0
7|05|10|2225|Welfare of Scheduled Castes, Scheduled Tribes, Other Backward Classes and Minorities|01|Welfare of Scheduled Castes|196|Assistance to Zilla Panchayats/Local Bodies|1|Grants for Maintenance of Post Matric Government Hostels and Residential Schools|02|Grants to District SC Welfare Establishments|410|Hassan|2225-01-196-1-02|Hassan|V|Data|Object-Head||||665.06|100.0
7|05|10|2225|Welfare of Scheduled Castes, Scheduled Tribes, Other Backward Classes and Minorities|01|Welfare of Scheduled Castes|196|Assistance to Zilla Panchayats/Local Bodies|1|Grants for Maintenance of Post Matric Government Hostels and Residential Schools|02|Grants to District SC Welfare Establishments|411|Kodagu|2225-01-196-1-02|Kodagu|V|Data|Object-Head||||248.44|100.0
7|05|10|2225|Welfare of Scheduled Castes, Scheduled Tribes, Other Backward Classes and Minorities|01|Welfare of Scheduled Castes|196|Assistance to Zilla Panchayats/Local Bodies|1|Grants for Maintenance of Post Matric Government Hostels and Residential Schools|02|Grants to District SC Welfare Establishments|412|Mandya|2225-01-196-1-02|Mandya|V|Data|Object-Head||||602.27|100.0
7|05|10|2225|Welfare of Scheduled Castes, Scheduled Tribes, Other Backward Classes and Minorities|01|Welfare of Scheduled Castes|196|Assistance to Zilla Panchayats/Local Bodies|1|Grants for Maintenance of Post Matric Government Hostels and Residential Schools|02|Grants to District SC Welfare Establishments|413|Belagavi|2225-01-196-1-02|Belagavi|V|Data|Object-Head||||910.61|100.0
7|05|10|2225|Welfare of Scheduled Castes, Scheduled Tribes, Other Backward Classes and Minorities|01|Welfare of Scheduled Castes|196|Assistance to Zilla Panchayats/Local Bodies|1|Grants for Maintenance of Post Matric Government Hostels and Residential Schools|02|Grants to District SC Welfare Establishments|414|Vijayapura|2225-01-196-1-02|Vijayapura|V|Data|Object-Head||||584.10|100.0
7|05|10|2225|Welfare of Scheduled Castes, Scheduled Tribes, Other Backward Classes and Minorities|01|Welfare of Scheduled Castes|196|Assistance to Zilla Panchayats/Local Bodies|1|Grants for Maintenance of Post Matric Government Hostels and Residential Schools|02|Grants to District SC Welfare Establishments|415|Dharwad|2225-01-196-1-02|Dharwad|V|Data|Object-Head||||527.44|100.0
7|05|10|2225|Welfare of Scheduled Castes, Scheduled Tribes, Other Backward Classes and Minorities|01|Welfare of Scheduled Castes|196|Assistance to Zilla Panchayats/Local Bodies|1|Grants for Maintenance of Post Matric Government Hostels and Residential Schools|02|Grants to District SC Welfare Establishments|416|Uttara Kannada|2225-01-196-1-02|Uttara Kannada|V|Data|Object-Head||||701.11|100.0
8|05|10|2225|Welfare of Scheduled Castes, Scheduled Tribes, Other Backward Classes and Minorities|01|Welfare of Scheduled Castes|196|Assistance to Zilla Panchayats/Local Bodies|1|Grants for Maintenance of Post Matric Government Hostels and Residential Schools|02|Grants to District SC Welfare Establishments|417|Kalaburagi|2225-01-196-1-02|Kalaburagi|V|Data|Object-Head||||799.95|100.0
8|05|10|2225|Welfare of Scheduled Castes, Scheduled Tribes, Other Backward Classes and Minorities|01|Welfare of Scheduled Castes|196|Assistance to Zilla Panchayats/Local Bodies|1|Grants for Maintenance of Post Matric Government Hostels and Residential Schools|02|Grants to District SC Welfare Establishments|418|Ballari|2225-01-196-1-02|Ballari|V|Data|Object-Head||||362.65|100.0
8|05|10|2225|Welfare of Scheduled Castes, Scheduled Tribes, Other Backward Classes and Minorities|01|Welfare of Scheduled Castes|196|Assistance to Zilla Panchayats/Local Bodies|1|Grants for Maintenance of Post Matric Government Hostels and Residential Schools|02|Grants to District SC Welfare Establishments|419|Bidar|2225-01-196-1-02|Bidar|V|Data|Object-Head||||550.18|100.0
8|05|10|2225|Welfare of Scheduled Castes, Scheduled Tribes, Other Backward Classes and Minorities|01|Welfare of Scheduled Castes|196|Assistance to Zilla Panchayats/Local Bodies|1|Grants for Maintenance of Post Matric Government Hostels and Residential Schools|02|Grants to District SC Welfare Establishments|420|Raichur|2225-01-196-1-02|Raichur|V|Data|Object-Head||||477.45|100.0
8|05|10|2225|Welfare of Scheduled Castes, Scheduled Tribes, Other Backward Classes and Minorities|01|Welfare of Scheduled Castes|196|Assistance to Zilla Panchayats/Local Bodies|1|Grants for Maintenance of Post Matric Government Hostels and Residential Schools|02|Grants to District SC Welfare Establishments|421|Yadgiri|2225-01-196-1-02|Yadgiri|V|Data|Object-Head||||356.27|100.0
8|05|10|2225|Welfare of Scheduled Castes, Scheduled Tribes, Other Backward Classes and Minorities|01|Welfare of Scheduled Castes|196|Assistance to Zilla Panchayats/Local Bodies|1|Grants for Maintenance of Post Matric Government Hostels and Residential Schools|02|Grants to District SC Welfare Establishments|451|Davanagere|2225-01-196-1-02|Davanagere|V|Data|Object-Head||||521.39|100.0
8|05|10|2225|Welfare of Scheduled Castes, Scheduled Tribes, Other Backward Classes and Minorities|01|Welfare of Scheduled Castes|196|Assistance to Zilla Panchayats/Local Bodies|1|Grants for Maintenance of Post Matric Government Hostels and Residential Schools|02|Grants to District SC Welfare Establishments|452|Bengaluru South|2225-01-196-1-02|Bengaluru South|V|Data|Object-Head||||400.68|100.0
8|05|10|2225|Welfare of Scheduled Castes, Scheduled Tribes, Other Backward Classes and Minorities|01|Welfare of Scheduled Castes|196|Assistance to Zilla Panchayats/Local Bodies|1|Grants for Maintenance of Post Matric Government Hostels and Residential Schools|02|Grants to District SC Welfare Establishments|453|Chikkaballapura|2225-01-196-1-02|Chikkaballapura|V|Data|Object-Head||||378.13|100.0
8|05|10|2225|Welfare of Scheduled Castes, Scheduled Tribes, Other Backward Classes and Minorities|01|Welfare of Scheduled Castes|196|Assistance to Zilla Panchayats/Local Bodies|1|Grants for Maintenance of Post Matric Government Hostels and Residential Schools|02|Grants to District SC Welfare Establishments|456|Chamarajanagar|2225-01-196-1-02|Chamarajanagar|V|Data|Object-Head||||345.04|100.0
8|05|10|2225|Welfare of Scheduled Castes, Scheduled Tribes, Other Backward Classes and Minorities|01|Welfare of Scheduled Castes|196|Assistance to Zilla Panchayats/Local Bodies|1|Grants for Maintenance of Post Matric Government Hostels and Residential Schools|02|Grants to District SC Welfare Establishments|457|Udupi|2225-01-196-1-02|Udupi|V|Data|Object-Head||||181.06|100.0
8|05|10|2225|Welfare of Scheduled Castes, Scheduled Tribes, Other Backward Classes and Minorities|01|Welfare of Scheduled Castes|196|Assistance to Zilla Panchayats/Local Bodies|1|Grants for Maintenance of Post Matric Government Hostels and Residential Schools|02|Grants to District SC Welfare Establishments|461|Bagalkot|2225-01-196-1-02|Bagalkot|V|Data|Object-Head||||559.92|100.0
8|05|10|2225|Welfare of Scheduled Castes, Scheduled Tribes, Other Backward Classes and Minorities|01|Welfare of Scheduled Castes|196|Assistance to Zilla Panchayats/Local Bodies|1|Grants for Maintenance of Post Matric Government Hostels and Residential Schools|02|Grants to District SC Welfare Establishments|462|Gadag|2225-01-196-1-02|Gadag|V|Data|Object-Head||||410.92|100.0
8|05|10|2225|Welfare of Scheduled Castes, Scheduled Tribes, Other Backward Classes and Minorities|01|Welfare of Scheduled Castes|196|Assistance to Zilla Panchayats/Local Bodies|1|Grants for Maintenance of Post Matric Government Hostels and Residential Schools|02|Grants to District SC Welfare Establishments|463|Haveri|2225-01-196-1-02|Haveri|V|Data|Object-Head||||555.98|100.0
8|05|10|2225|Welfare of Scheduled Castes, Scheduled Tribes, Other Backward Classes and Minorities|01|Welfare of Scheduled Castes|196|Assistance to Zilla Panchayats/Local Bodies|1|Grants for Maintenance of Post Matric Government Hostels and Residential Schools|02|Grants to District SC Welfare Establishments|466|Koppal|2225-01-196-1-02|Koppal|V|Data|Object-Head||||380.56|100.0
8|05|10|2225|Welfare of Scheduled Castes, Scheduled Tribes, Other Backward Classes and Minorities|01|Welfare of Scheduled Castes|196|Assistance to Zilla Panchayats/Local Bodies|1|Grants for Maintenance of Post Matric Government Hostels and Residential Schools|02|Grants to District SC Welfare Establishments|467|Vijayanagara|2225-01-196-1-02|Vijayanagara|V|Data|Object-Head||||444.85|100.0
8|05|10|2225|Welfare of Scheduled Castes, Scheduled Tribes, Other Backward Classes and Minorities|01|Welfare of Scheduled Castes|196|Assistance to Zilla Panchayats/Local Bodies|1|Grants for Maintenance of Post Matric Government Hostels and Residential Schools|02|Grants to District SC Welfare Establishments|||2225-01-196-1-02|HOA Total :|V|Total|Detailed-Head|0.00|0.00|0.00|15893.26|100.0
8|05|10|2225|Welfare of Scheduled Castes, Scheduled Tribes, Other Backward Classes and Minorities|01|Welfare of Scheduled Castes|196|Assistance to Zilla Panchayats/Local Bodies|1|Grants for Maintenance of Post Matric Government Hostels and Residential Schools|03|Grants for providing Assistance and Concessions to Meritorious SC Students|||2225-01-196-1-03|Grants for providing Assistance and Concessions to Meritorious SC Students|V|Header|Detailed-Head|||||100.0
8|05|10|2225|Welfare of Scheduled Castes, Scheduled Tribes, Other Backward Classes and Minorities|01|Welfare of Scheduled Castes|196|Assistance to Zilla Panchayats/Local Bodies|1|Grants for Maintenance of Post Matric Government Hostels and Residential Schools|03|Grants for providing Assistance and Concessions to Meritorious SC Students|300|Lumpsum - ZP|2225-01-196-1-03|Lumpsum - ZP|V|Data|Object-Head||||11000.00|100.0
8|05|10|2225|Welfare of Scheduled Castes, Scheduled Tribes, Other Backward Classes and Minorities|01|Welfare of Scheduled Castes|196|Assistance to Zilla Panchayats/Local Bodies|1|Grants for Maintenance of Post Matric Government Hostels and Residential Schools|03|Grants for providing Assistance and Concessions to Meritorious SC Students|||2225-01-196-1-03|HOA Total :|V|Total|Detailed-Head|0.00|0.00|0.00|11000.00|100.0
8|05|10|2225|Welfare of Scheduled Castes, Scheduled Tribes, Other Backward Classes and Minorities|01|Welfare of Scheduled Castes|196|Assistance to Zilla Panchayats/Local Bodies|1|Grants for Maintenance of Post Matric Government Hostels and Residential Schools|04|Grant-in-Aid to Private Hostels|||2225-01-196-1-04|Grant-in-Aid to Private Hostels|V|Header|Detailed-Head|||||100.0
8|05|10|2225|Welfare of Scheduled Castes, Scheduled Tribes, Other Backward Classes and Minorities|01|Welfare of Scheduled Castes|196|Assistance to Zilla Panchayats/Local Bodies|1|Grants for Maintenance of Post Matric Government Hostels and Residential Schools|04|Grant-in-Aid to Private Hostels|401|Bengaluru (Urban)|2225-01-196-1-04|Bengaluru (Urban)|V|Data|Object-Head||||60.00|100.0
8|05|10|2225|Welfare of Scheduled Castes, Scheduled Tribes, Other Backward Classes and Minorities|01|Welfare of Scheduled Castes|196|Assistance to Zilla Panchayats/Local Bodies|1|Grants for Maintenance of Post Matric Government Hostels and Residential Schools|04|Grant-in-Aid to Private Hostels|403|Chitradurga|2225-01-196-1-04|Chitradurga|V|Data|Object-Head||||98.00|100.0
8|05|10|2225|Welfare of Scheduled Castes, Scheduled Tribes, Other Backward Classes and Minorities|01|Welfare of Scheduled Castes|196|Assistance to Zilla Panchayats/Local Bodies|1|Grants for Maintenance of Post Matric Government Hostels and Residential Schools|04|Grant-in-Aid to Private Hostels|404|Kolar|2225-01-196-1-04|Kolar|V|Data|Object-Head||||15.00|100.0
8|05|10|2225|Welfare of Scheduled Castes, Scheduled Tribes, Other Backward Classes and Minorities|01|Welfare of Scheduled Castes|196|Assistance to Zilla Panchayats/Local Bodies|1|Grants for Maintenance of Post Matric Government Hostels and Residential Schools|04|Grant-in-Aid to Private Hostels|405|Shivamogga|2225-01-196-1-04|Shivamogga|V|Data|Object-Head||||9.00|100.0
8|05|10|2225|Welfare of Scheduled Castes, Scheduled Tribes, Other Backward Classes and Minorities|01|Welfare of Scheduled Castes|196|Assistance to Zilla Panchayats/Local Bodies|1|Grants for Maintenance of Post Matric Government Hostels and Residential Schools|04|Grant-in-Aid to Private Hostels|406|Tumakuru|2225-01-196-1-04|Tumakuru|V|Data|Object-Head||||80.00|100.0
8|05|10|2225|Welfare of Scheduled Castes, Scheduled Tribes, Other Backward Classes and Minorities|01|Welfare of Scheduled Castes|196|Assistance to Zilla Panchayats/Local Bodies|1|Grants for Maintenance of Post Matric Government Hostels and Residential Schools|04|Grant-in-Aid to Private Hostels|407|Mysuru|2225-01-196-1-04|Mysuru|V|Data|Object-Head||||19.00|100.0
9|05|10|2225|Welfare of Scheduled Castes, Scheduled Tribes, Other Backward Classes and Minorities|01|Welfare of Scheduled Castes|196|Assistance to Zilla Panchayats/Local Bodies|1|Grants for Maintenance of Post Matric Government Hostels and Residential Schools|04|Grant-in-Aid to Private Hostels|412|Mandya|2225-01-196-1-04|Mandya|V|Data|Object-Head||||4.00|100.0
9|05|10|2225|Welfare of Scheduled Castes, Scheduled Tribes, Other Backward Classes and Minorities|01|Welfare of Scheduled Castes|196|Assistance to Zilla Panchayats/Local Bodies|1|Grants for Maintenance of Post Matric Government Hostels and Residential Schools|04|Grant-in-Aid to Private Hostels|413|Belagavi|2225-01-196-1-04|Belagavi|V|Data|Object-Head||||30.00|100.0
9|05|10|2225|Welfare of Scheduled Castes, Scheduled Tribes, Other Backward Classes and Minorities|01|Welfare of Scheduled Castes|196|Assistance to Zilla Panchayats/Local Bodies|1|Grants for Maintenance of Post Matric Government Hostels and Residential Schools|04|Grant-in-Aid to Private Hostels|414|Vijayapura|2225-01-196-1-04|Vijayapura|V|Data|Object-Head||||65.00|100.0
9|05|10|2225|Welfare of Scheduled Castes, Scheduled Tribes, Other Backward Classes and Minorities|01|Welfare of Scheduled Castes|196|Assistance to Zilla Panchayats/Local Bodies|1|Grants for Maintenance of Post Matric Government Hostels and Residential Schools|04|Grant-in-Aid to Private Hostels|415|Dharwad|2225-01-196-1-04|Dharwad|V|Data|Object-Head||||18.00|100.0
9|05|10|2225|Welfare of Scheduled Castes, Scheduled Tribes, Other Backward Classes and Minorities|01|Welfare of Scheduled Castes|196|Assistance to Zilla Panchayats/Local Bodies|1|Grants for Maintenance of Post Matric Government Hostels and Residential Schools|04|Grant-in-Aid to Private Hostels|416|Uttara Kannada|2225-01-196-1-04|Uttara Kannada|V|Data|Object-Head||||8.00|100.0
9|05|10|2225|Welfare of Scheduled Castes, Scheduled Tribes, Other Backward Classes and Minorities|01|Welfare of Scheduled Castes|196|Assistance to Zilla Panchayats/Local Bodies|1|Grants for Maintenance of Post Matric Government Hostels and Residential Schools|04|Grant-in-Aid to Private Hostels|417|Kalaburagi|2225-01-196-1-04|Kalaburagi|V|Data|Object-Head||||98.00|100.0
9|05|10|2225|Welfare of Scheduled Castes, Scheduled Tribes, Other Backward Classes and Minorities|01|Welfare of Scheduled Castes|196|Assistance to Zilla Panchayats/Local Bodies|1|Grants for Maintenance of Post Matric Government Hostels and Residential Schools|04|Grant-in-Aid to Private Hostels|419|Bidar|2225-01-196-1-04|Bidar|V|Data|Object-Head||||30.00|100.0
9|05|10|2225|Welfare of Scheduled Castes, Scheduled Tribes, Other Backward Classes and Minorities|01|Welfare of Scheduled Castes|196|Assistance to Zilla Panchayats/Local Bodies|1|Grants for Maintenance of Post Matric Government Hostels and Residential Schools|04|Grant-in-Aid to Private Hostels|420|Raichur|2225-01-196-1-04|Raichur|V|Data|Object-Head||||6.00|100.0
9|05|10|2225|Welfare of Scheduled Castes, Scheduled Tribes, Other Backward Classes and Minorities|01|Welfare of Scheduled Castes|196|Assistance to Zilla Panchayats/Local Bodies|1|Grants for Maintenance of Post Matric Government Hostels and Residential Schools|04|Grant-in-Aid to Private Hostels|421|Yadgiri|2225-01-196-1-04|Yadgiri|V|Data|Object-Head||||112.00|100.0
9|05|10|2225|Welfare of Scheduled Castes, Scheduled Tribes, Other Backward Classes and Minorities|01|Welfare of Scheduled Castes|196|Assistance to Zilla Panchayats/Local Bodies|1|Grants for Maintenance of Post Matric Government Hostels and Residential Schools|04|Grant-in-Aid to Private Hostels|451|Davanagere|2225-01-196-1-04|Davanagere|V|Data|Object-Head||||50.00|100.0
9|05|10|2225|Welfare of Scheduled Castes, Scheduled Tribes, Other Backward Classes and Minorities|01|Welfare of Scheduled Castes|196|Assistance to Zilla Panchayats/Local Bodies|1|Grants for Maintenance of Post Matric Government Hostels and Residential Schools|04|Grant-in-Aid to Private Hostels|452|Bengaluru South|2225-01-196-1-04|Bengaluru South|V|Data|Object-Head||||4.00|100.0
9|05|10|2225|Welfare of Scheduled Castes, Scheduled Tribes, Other Backward Classes and Minorities|01|Welfare of Scheduled Castes|196|Assistance to Zilla Panchayats/Local Bodies|1|Grants for Maintenance of Post Matric Government Hostels and Residential Schools|04|Grant-in-Aid to Private Hostels|456|Chamarajanagar|2225-01-196-1-04|Chamarajanagar|V|Data|Object-Head||||22.00|100.0
9|05|10|2225|Welfare of Scheduled Castes, Scheduled Tribes, Other Backward Classes and Minorities|01|Welfare of Scheduled Castes|196|Assistance to Zilla Panchayats/Local Bodies|1|Grants for Maintenance of Post Matric Government Hostels and Residential Schools|04|Grant-in-Aid to Private Hostels|461|Bagalkot|2225-01-196-1-04|Bagalkot|V|Data|Object-Head||||16.00|100.0
9|05|10|2225|Welfare of Scheduled Castes, Scheduled Tribes, Other Backward Classes and Minorities|01|Welfare of Scheduled Castes|196|Assistance to Zilla Panchayats/Local Bodies|1|Grants for Maintenance of Post Matric Government Hostels and Residential Schools|04|Grant-in-Aid to Private Hostels|462|Gadag|2225-01-196-1-04|Gadag|V|Data|Object-Head||||13.00|100.0
9|05|10|2225|Welfare of Scheduled Castes, Scheduled Tribes, Other Backward Classes and Minorities|01|Welfare of Scheduled Castes|196|Assistance to Zilla Panchayats/Local Bodies|1|Grants for Maintenance of Post Matric Government Hostels and Residential Schools|04|Grant-in-Aid to Private Hostels|463|Haveri|2225-01-196-1-04|Haveri|V|Data|Object-Head||||15.00|100.0
9|05|10|2225|Welfare of Scheduled Castes, Scheduled Tribes, Other Backward Classes and Minorities|01|Welfare of Scheduled Castes|196|Assistance to Zilla Panchayats/Local Bodies|1|Grants for Maintenance of Post Matric Government Hostels and Residential Schools|04|Grant-in-Aid to Private Hostels|467|Vijayanagara|2225-01-196-1-04|Vijayanagara|V|Data|Object-Head||||28.00|100.0
9|05|10|2225|Welfare of Scheduled Castes, Scheduled Tribes, Other Backward Classes and Minorities|01|Welfare of Scheduled Castes|196|Assistance to Zilla Panchayats/Local Bodies|1|Grants for Maintenance of Post Matric Government Hostels and Residential Schools|04|Grant-in-Aid to Private Hostels|||2225-01-196-1-04|HOA Total :|V|Total|Detailed-Head|0.00|0.00|0.00|800.00|100.0
9|05|10|2225|Welfare of Scheduled Castes, Scheduled Tribes, Other Backward Classes and Minorities|01|Welfare of Scheduled Castes|197||1|Grants for Maintenance of Taluka Pre and Post-Matric Government Hostels|01|Grants for Maintenance of Taluka Pre and Post-Matric Government Hostels|||2225-01-197-1-01|Grants for Maintenance of Taluka Pre and Post-Matric Government Hostels|V|Header|Detailed-Head|||||100.0
9|05|10|2225|Welfare of Scheduled Castes, Scheduled Tribes, Other Backward Classes and Minorities|01|Welfare of Scheduled Castes|197||1|Grants for Maintenance of Taluka Pre and Post-Matric Government Hostels|01|Grants for Maintenance of Taluka Pre and Post-Matric Government Hostels|300|Lumpsum - ZP|2225-01-197-1-01|Lumpsum - ZP|V|Data|Object-Head|13293.55|9500.00|9500.00|1000.00|100.0
9|05|10|2225|Welfare of Scheduled Castes, Scheduled Tribes, Other Backward Classes and Minorities|01|Welfare of Scheduled Castes|197||1|Grants for Maintenance of Taluka Pre and Post-Matric Government Hostels|01|Grants for Maintenance of Taluka Pre and Post-Matric Government Hostels|401|Bengaluru (Urban)|2225-01-197-1-01|Bengaluru (Urban)|V|Data|Object-Head|1915.64|1381.29|1381.29|951.66|100.0
9|05|10|2225|Welfare of Scheduled Castes, Scheduled Tribes, Other Backward Classes and Minorities|01|Welfare of Scheduled Castes|197||1|Grants for Maintenance of Taluka Pre and Post-Matric Government Hostels|01|Grants for Maintenance of Taluka Pre and Post-Matric Government Hostels|402|Bengaluru (Rural)|2225-01-197-1-01|Bengaluru (Rural)|V|Data|Object-Head|1087.56|1073.64|1073.64|959.01|100.0
9|05|10|2225|Welfare of Scheduled Castes, Scheduled Tribes, Other Backward Classes and Minorities|01|Welfare of Scheduled Castes|197||1|Grants for Maintenance of Taluka Pre and Post-Matric Government Hostels|01|Grants for Maintenance of Taluka Pre and Post-Matric Government Hostels|403|Chitradurga|2225-01-197-1-01|Chitradurga|V|Data|Object-Head|2666.51|2279.17|2280.39|2093.23|100.0
9|05|10|2225|Welfare of Scheduled Castes, Scheduled Tribes, Other Backward Classes and Minorities|01|Welfare of Scheduled Castes|197||1|Grants for Maintenance of Taluka Pre and Post-Matric Government Hostels|01|Grants for Maintenance of Taluka Pre and Post-Matric Government Hostels|404|Kolar|2225-01-197-1-01|Kolar|V|Data|Object-Head|2008.23|2029.17|2029.17|1789.19|100.0
9|05|10|2225|Welfare of Scheduled Castes, Scheduled Tribes, Other Backward Classes and Minorities|01|Welfare of Scheduled Castes|197||1|Grants for Maintenance of Taluka Pre and Post-Matric Government Hostels|01|Grants for Maintenance of Taluka Pre and Post-Matric Government Hostels|405|Shivamogga|2225-01-197-1-01|Shivamogga|V|Data|Object-Head|2353.81|2211.94|2228.50|2094.82|100.0
9|05|10|2225|Welfare of Scheduled Castes, Scheduled Tribes, Other Backward Classes and Minorities|01|Welfare of Scheduled Castes|197||1|Grants for Maintenance of Taluka Pre and Post-Matric Government Hostels|01|Grants for Maintenance of Taluka Pre and Post-Matric Government Hostels|406|Tumakuru|2225-01-197-1-01|Tumakuru|V|Data|Object-Head|3098.41|2719.17|2719.17|2563.33|100.0
9|05|10|2225|Welfare of Scheduled Castes, Scheduled Tribes, Other Backward Classes and Minorities|01|Welfare of Scheduled Castes|197||1|Grants for Maintenance of Taluka Pre and Post-Matric Government Hostels|01|Grants for Maintenance of Taluka Pre and Post-Matric Government Hostels|407|Mysuru|2225-01-197-1-01|Mysuru|V|Data|Object-Head|2773.77|1882.92|1882.92|1753.32|100.0
9|05|10|2225|Welfare of Scheduled Castes, Scheduled Tribes, Other Backward Classes and Minorities|01|Welfare of Scheduled Castes|197||1|Grants for Maintenance of Taluka Pre and Post-Matric Government Hostels|01|Grants for Maintenance of Taluka Pre and Post-Matric Government Hostels|408|Chikkamagaluru|2225-01-197-1-01|Chikkamagaluru|V|Data|Object-Head|1836.34|1599.49|1599.49|1518.38|100.0
10|05|10|2225|Welfare of Scheduled Castes, Scheduled Tribes, Other Backward Classes and Minorities|01|Welfare of Scheduled Castes|197||1|Grants for Maintenance of Taluka Pre and Post-Matric Government Hostels|01|Grants for Maintenance of Taluka Pre and Post-Matric Government Hostels|409|Dakshina Kannada|2225-01-197-1-01|Dakshina Kannada|V|Data|Object-Head|720.66|707.32|707.32|682.53|100.0
10|05|10|2225|Welfare of Scheduled Castes, Scheduled Tribes, Other Backward Classes and Minorities|01|Welfare of Scheduled Castes|197||1|Grants for Maintenance of Taluka Pre and Post-Matric Government Hostels|01|Grants for Maintenance of Taluka Pre and Post-Matric Government Hostels|410|Hassan|2225-01-197-1-01|Hassan|V|Data|Object-Head|2706.95|2188.59|2188.59|1992.14|100.0
10|05|10|2225|Welfare of Scheduled Castes, Scheduled Tribes, Other Backward Classes and Minorities|01|Welfare of Scheduled Castes|197||1|Grants for Maintenance of Taluka Pre and Post-Matric Government Hostels|01|Grants for Maintenance of Taluka Pre and Post-Matric Government Hostels|411|Kodagu|2225-01-197-1-01|Kodagu|V|Data|Object-Head|463.19|513.65|513.65|469.49|100.0
10|05|10|2225|Welfare of Scheduled Castes, Scheduled Tribes, Other Backward Classes and Minorities|01|Welfare of Scheduled Castes|197||1|Grants for Maintenance of Taluka Pre and Post-Matric Government Hostels|01|Grants for Maintenance of Taluka Pre and Post-Matric Government Hostels|412|Mandya|2225-01-197-1-01|Mandya|V|Data|Object-Head|1901.31|1770.55|1770.55|1479.53|100.0
10|05|10|2225|Welfare of Scheduled Castes, Scheduled Tribes, Other Backward Classes and Minorities|01|Welfare of Scheduled Castes|197||1|Grants for Maintenance of Taluka Pre and Post-Matric Government Hostels|01|Grants for Maintenance of Taluka Pre and Post-Matric Government Hostels|413|Belagavi|2225-01-197-1-01|Belagavi|V|Data|Object-Head|3563.58|3544.37|3544.37|3597.79|100.0
10|05|10|2225|Welfare of Scheduled Castes, Scheduled Tribes, Other Backward Classes and Minorities|01|Welfare of Scheduled Castes|197||1|Grants for Maintenance of Taluka Pre and Post-Matric Government Hostels|01|Grants for Maintenance of Taluka Pre and Post-Matric Government Hostels|414|Vijayapura|2225-01-197-1-01|Vijayapura|V|Data|Object-Head|3488.18|3236.52|3236.52|3473.02|100.0
10|05|10|2225|Welfare of Scheduled Castes, Scheduled Tribes, Other Backward Classes and Minorities|01|Welfare of Scheduled Castes|197||1|Grants for Maintenance of Taluka Pre and Post-Matric Government Hostels|01|Grants for Maintenance of Taluka Pre and Post-Matric Government Hostels|415|Dharwad|2225-01-197-1-01|Dharwad|V|Data|Object-Head|1264.36|932.18|932.18|795.59|100.0
10|05|10|2225|Welfare of Scheduled Castes, Scheduled Tribes, Other Backward Classes and Minorities|01|Welfare of Scheduled Castes|197||1|Grants for Maintenance of Taluka Pre and Post-Matric Government Hostels|01|Grants for Maintenance of Taluka Pre and Post-Matric Government Hostels|416|Uttara Kannada|2225-01-197-1-01|Uttara Kannada|V|Data|Object-Head|1115.28|1131.22|1131.22|1040.74|100.0
10|05|10|2225|Welfare of Scheduled Castes, Scheduled Tribes, Other Backward Classes and Minorities|01|Welfare of Scheduled Castes|197||1|Grants for Maintenance of Taluka Pre and Post-Matric Government Hostels|01|Grants for Maintenance of Taluka Pre and Post-Matric Government Hostels|417|Kalaburagi|2225-01-197-1-01|Kalaburagi|V|Data|Object-Head|3591.44|3304.66|3304.66|3260.66|100.0
10|05|10|2225|Welfare of Scheduled Castes, Scheduled Tribes, Other Backward Classes and Minorities|01|Welfare of Scheduled Castes|197||1|Grants for Maintenance of Taluka Pre and Post-Matric Government Hostels|01|Grants for Maintenance of Taluka Pre and Post-Matric Government Hostels|418|Ballari|2225-01-197-1-01|Ballari|V|Data|Object-Head|1382.45|1337.94|1337.94|1411.62|100.0
10|05|10|2225|Welfare of Scheduled Castes, Scheduled Tribes, Other Backward Classes and Minorities|01|Welfare of Scheduled Castes|197||1|Grants for Maintenance of Taluka Pre and Post-Matric Government Hostels|01|Grants for Maintenance of Taluka Pre and Post-Matric Government Hostels|419|Bidar|2225-01-197-1-01|Bidar|V|Data|Object-Head|1901.62|1845.77|1875.52|1974.77|100.0
10|05|10|2225|Welfare of Scheduled Castes, Scheduled Tribes, Other Backward Classes and Minorities|01|Welfare of Scheduled Castes|197||1|Grants for Maintenance of Taluka Pre and Post-Matric Government Hostels|01|Grants for Maintenance of Taluka Pre and Post-Matric Government Hostels|420|Raichur|2225-01-197-1-01|Raichur|V|Data|Object-Head|3285.12|2875.52|2875.52|3099.95|100.0
10|05|10|2225|Welfare of Scheduled Castes, Scheduled Tribes, Other Backward Classes and Minorities|01|Welfare of Scheduled Castes|197||1|Grants for Maintenance of Taluka Pre and Post-Matric Government Hostels|01|Grants for Maintenance of Taluka Pre and Post-Matric Government Hostels|421|Yadgiri|2225-01-197-1-01|Yadgiri|V|Data|Object-Head|1635.76|1532.43|1532.43|1483.14|100.0
10|05|10|2225|Welfare of Scheduled Castes, Scheduled Tribes, Other Backward Classes and Minorities|01|Welfare of Scheduled Castes|197||1|Grants for Maintenance of Taluka Pre and Post-Matric Government Hostels|01|Grants for Maintenance of Taluka Pre and Post-Matric Government Hostels|451|Davanagere|2225-01-197-1-01|Davanagere|V|Data|Object-Head|2061.84|1650.60|1650.60|1727.63|100.0
10|05|10|2225|Welfare of Scheduled Castes, Scheduled Tribes, Other Backward Classes and Minorities|01|Welfare of Scheduled Castes|197||1|Grants for Maintenance of Taluka Pre and Post-Matric Government Hostels|01|Grants for Maintenance of Taluka Pre and Post-Matric Government Hostels|452|Bengaluru South|2225-01-197-1-01|Bengaluru South|V|Data|Object-Head|1314.57|1291.51|1291.51|1111.91|100.0
10|05|10|2225|Welfare of Scheduled Castes, Scheduled Tribes, Other Backward Classes and Minorities|01|Welfare of Scheduled Castes|197||1|Grants for Maintenance of Taluka Pre and Post-Matric Government Hostels|01|Grants for Maintenance of Taluka Pre and Post-Matric Government Hostels|453|Chikkaballapura|2225-01-197-1-01|Chikkaballapura|V|Data|Object-Head|2602.06|2473.43|2473.43|1955.17|100.0
10|05|10|2225|Welfare of Scheduled Castes, Scheduled Tribes, Other Backward Classes and Minorities|01|Welfare of Scheduled Castes|197||1|Grants for Maintenance of Taluka Pre and Post-Matric Government Hostels|01|Grants for Maintenance of Taluka Pre and Post-Matric Government Hostels|456|Chamarajanagar|2225-01-197-1-01|Chamarajanagar|V|Data|Object-Head|1399.93|1270.89|1270.89|1216.07|100.0
10|05|10|2225|Welfare of Scheduled Castes, Scheduled Tribes, Other Backward Classes and Minorities|01|Welfare of Scheduled Castes|197||1|Grants for Maintenance of Taluka Pre and Post-Matric Government Hostels|01|Grants for Maintenance of Taluka Pre and Post-Matric Government Hostels|457|Udupi|2225-01-197-1-01|Udupi|V|Data|Object-Head|616.07|603.53|603.53|605.45|100.0
10|05|10|2225|Welfare of Scheduled Castes, Scheduled Tribes, Other Backward Classes and Minorities|01|Welfare of Scheduled Castes|197||1|Grants for Maintenance of Taluka Pre and Post-Matric Government Hostels|01|Grants for Maintenance of Taluka Pre and Post-Matric Government Hostels|461|Bagalkot|2225-01-197-1-01|Bagalkot|V|Data|Object-Head|2372.51|2124.17|2124.17|2458.64|100.0
10|05|10|2225|Welfare of Scheduled Castes, Scheduled Tribes, Other Backward Classes and Minorities|01|Welfare of Scheduled Castes|197||1|Grants for Maintenance of Taluka Pre and Post-Matric Government Hostels|01|Grants for Maintenance of Taluka Pre and Post-Matric Government Hostels|462|Gadag|2225-01-197-1-01|Gadag|V|Data|Object-Head|1311.38|1059.74|1059.74|1220.82|100.0
10|05|10|2225|Welfare of Scheduled Castes, Scheduled Tribes, Other Backward Classes and Minorities|01|Welfare of Scheduled Castes|197||1|Grants for Maintenance of Taluka Pre and Post-Matric Government Hostels|01|Grants for Maintenance of Taluka Pre and Post-Matric Government Hostels|463|Haveri|2225-01-197-1-01|Haveri|V|Data|Object-Head|1767.66|1810.53|1810.53|1986.73|100.0
10|05|10|2225|Welfare of Scheduled Castes, Scheduled Tribes, Other Backward Classes and Minorities|01|Welfare of Scheduled Castes|197||1|Grants for Maintenance of Taluka Pre and Post-Matric Government Hostels|01|Grants for Maintenance of Taluka Pre and Post-Matric Government Hostels|466|Koppal|2225-01-197-1-01|Koppal|V|Data|Object-Head|2054.57|1946.69|1946.69|2130.23|100.0
10|05|10|2225|Welfare of Scheduled Castes, Scheduled Tribes, Other Backward Classes and Minorities|01|Welfare of Scheduled Castes|197||1|Grants for Maintenance of Taluka Pre and Post-Matric Government Hostels|01|Grants for Maintenance of Taluka Pre and Post-Matric Government Hostels|467|Vijayanagara|2225-01-197-1-01|Vijayanagara|V|Data|Object-Head|2551.58|2045.17|2045.17|2292.31|100.0
10|05|10|2225|Welfare of Scheduled Castes, Scheduled Tribes, Other Backward Classes and Minorities|01|Welfare of Scheduled Castes|197||1|Grants for Maintenance of Taluka Pre and Post-Matric Government Hostels|01|Grants for Maintenance of Taluka Pre and Post-Matric Government Hostels||||HOA Total :|V|Total|Detailed-Head|76105.89|65873.77|65921.30|56188.87|100.0
10|05|10|2225|Welfare of Scheduled Castes, Scheduled Tribes, Other Backward Classes and Minorities|01|Welfare of Scheduled Castes|197||1|Grants for Maintenance of Taluka Pre and Post-Matric Government Hostels|04|Grants for Pre-Matric Scholarship and Incentives to Students|||2225-01-197-1-04|Grants for Pre-Matric Scholarship and Incentives to Students|V|Header|Detailed-Head|||||100.0
10|05|10|2225|Welfare of Scheduled Castes, Scheduled Tribes, Other Backward Classes and Minorities|01|Welfare of Scheduled Castes|197||1|Grants for Maintenance of Taluka Pre and Post-Matric Government Hostels|04|Grants for Pre-Matric Scholarship and Incentives to Students|300|Lumpsum - ZP|2225-01-197-1-04|Lumpsum - ZP|V|Data|Object-Head||||6600.00|100.0
10|05|10|2225|Welfare of Scheduled Castes, Scheduled Tribes, Other Backward Classes and Minorities|01|Welfare of Scheduled Castes|197||1|Grants for Maintenance of Taluka Pre and Post-Matric Government Hostels|04|Grants for Pre-Matric Scholarship and Incentives to Students|401|Bengaluru (Urban)|2225-01-197-1-04|Bengaluru (Urban)|V|Data|Object-Head||||176.33|100.0
10|05|10|2225|Welfare of Scheduled Castes, Scheduled Tribes, Other Backward Classes and Minorities|01|Welfare of Scheduled Castes|197||1|Grants for Maintenance of Taluka Pre and Post-Matric Government Hostels|04|Grants for Pre-Matric Scholarship and Incentives to Students|402|Bengaluru (Rural)|2225-01-197-1-04|Bengaluru (Rural)|V|Data|Object-Head||||94.77|100.0
11|05|10|2225|Welfare of Scheduled Castes, Scheduled Tribes, Other Backward Classes and Minorities|01|Welfare of Scheduled Castes|197|Grants for Maintenance of Taluka Pre and Post-Matric Government Hostels|1|Grants for Maintenance of Taluka Pre and Post-Matric Government Hostels|04|Grants for Pre-Matric Scholarship and Incentives to Students|403|Chitradurga|2225-01-197-1-04|Chitradurga|V|Data|Object-Head||||45.05|100.0
11|05|10|2225|Welfare of Scheduled Castes, Scheduled Tribes, Other Backward Classes and Minorities|01|Welfare of Scheduled Castes|197|Grants for Maintenance of Taluka Pre and Post-Matric Government Hostels|1|Grants for Maintenance of Taluka Pre and Post-Matric Government Hostels|04|Grants for Pre-Matric Scholarship and Incentives to Students|404|Kolar|2225-01-197-1-04|Kolar|V|Data|Object-Head||||22.53|100.0
11|05|10|2225|Welfare of Scheduled Castes, Scheduled Tribes, Other Backward Classes and Minorities|01|Welfare of Scheduled Castes|197|Grants for Maintenance of Taluka Pre and Post-Matric Government Hostels|1|Grants for Maintenance of Taluka Pre and Post-Matric Government Hostels|04|Grants for Pre-Matric Scholarship and Incentives to Students|405|Shivamogga|2225-01-197-1-04|Shivamogga|V|Data|Object-Head||||20.97|100.0
11|05|10|2225|Welfare of Scheduled Castes, Scheduled Tribes, Other Backward Classes and Minorities|01|Welfare of Scheduled Castes|197|Grants for Maintenance of Taluka Pre and Post-Matric Government Hostels|1|Grants for Maintenance of Taluka Pre and Post-Matric Government Hostels|04|Grants for Pre-Matric Scholarship and Incentives to Students|406|Tumakuru|2225-01-197-1-04|Tumakuru|V|Data|Object-Head||||59.04|100.0
11|05|10|2225|Welfare of Scheduled Castes, Scheduled Tribes, Other Backward Classes and Minorities|01|Welfare of Scheduled Castes|197|Grants for Maintenance of Taluka Pre and Post-Matric Government Hostels|1|Grants for Maintenance of Taluka Pre and Post-Matric Government Hostels|04|Grants for Pre-Matric Scholarship and Incentives to Students|407|Mysuru|2225-01-197-1-04|Mysuru|V|Data|Object-Head||||167.01|100.0
11|05|10|2225|Welfare of Scheduled Castes, Scheduled Tribes, Other Backward Classes and Minorities|01|Welfare of Scheduled Castes|197|Grants for Maintenance of Taluka Pre and Post-Matric Government Hostels|1|Grants for Maintenance of Taluka Pre and Post-Matric Government Hostels|04|Grants for Pre-Matric Scholarship and Incentives to Students|408|Chikkamagaluru|2225-01-197-1-04|Chikkamagaluru|V|Data|Object-Head||||16.31|100.0
11|05|10|2225|Welfare of Scheduled Castes, Scheduled Tribes, Other Backward Classes and Minorities|01|Welfare of Scheduled Castes|197|Grants for Maintenance of Taluka Pre and Post-Matric Government Hostels|1|Grants for Maintenance of Taluka Pre and Post-Matric Government Hostels|04|Grants for Pre-Matric Scholarship and Incentives to Students|409|Dakshina Kannada|2225-01-197-1-04|Dakshina Kannada|V|Data|Object-Head||||17.09|100.0
11|05|10|2225|Welfare of Scheduled Castes, Scheduled Tribes, Other Backward Classes and Minorities|01|Welfare of Scheduled Castes|197|Grants for Maintenance of Taluka Pre and Post-Matric Government Hostels|1|Grants for Maintenance of Taluka Pre and Post-Matric Government Hostels|04|Grants for Pre-Matric Scholarship and Incentives to Students|410|Hassan|2225-01-197-1-04|Hassan|V|Data|Object-Head||||73.02|100.0
11|05|10|2225|Welfare of Scheduled Castes, Scheduled Tribes, Other Backward Classes and Minorities|01|Welfare of Scheduled Castes|197|Grants for Maintenance of Taluka Pre and Post-Matric Government Hostels|1|Grants for Maintenance of Taluka Pre and Post-Matric Government Hostels|04|Grants for Pre-Matric Scholarship and Incentives to Students|411|Kodagu|2225-01-197-1-04|Kodagu|V|Data|Object-Head||||4.66|100.0
11|05|10|2225|Welfare of Scheduled Castes, Scheduled Tribes, Other Backward Classes and Minorities|01|Welfare of Scheduled Castes|197|Grants for Maintenance of Taluka Pre and Post-Matric Government Hostels|1|Grants for Maintenance of Taluka Pre and Post-Matric Government Hostels|04|Grants for Pre-Matric Scholarship and Incentives to Students|412|Mandya|2225-01-197-1-04|Mandya|V|Data|Object-Head||||43.50|100.0
11|05|10|2225|Welfare of Scheduled Castes, Scheduled Tribes, Other Backward Classes and Minorities|01|Welfare of Scheduled Castes|197|Grants for Maintenance of Taluka Pre and Post-Matric Government Hostels|1|Grants for Maintenance of Taluka Pre and Post-Matric Government Hostels|04|Grants for Pre-Matric Scholarship and Incentives to Students|413|Belagavi|2225-01-197-1-04|Belagavi|V|Data|Object-Head||||107.20|100.0
11|05|10|2225|Welfare of Scheduled Castes, Scheduled Tribes, Other Backward Classes and Minorities|01|Welfare of Scheduled Castes|197|Grants for Maintenance of Taluka Pre and Post-Matric Government Hostels|1|Grants for Maintenance of Taluka Pre and Post-Matric Government Hostels|04|Grants for Pre-Matric Scholarship and Incentives to Students|414|Vijayapura|2225-01-197-1-04|Vijayapura|V|Data|Object-Head||||42.72|100.0
11|05|10|2225|Welfare of Scheduled Castes, Scheduled Tribes, Other Backward Classes and Minorities|01|Welfare of Scheduled Castes|197|Grants for Maintenance of Taluka Pre and Post-Matric Government Hostels|1|Grants for Maintenance of Taluka Pre and Post-Matric Government Hostels|04|Grants for Pre-Matric Scholarship and Incentives to Students|415|Dharwad|2225-01-197-1-04|Dharwad|V|Data|Object-Head||||20.20|100.0
11|05|10|2225|Welfare of Scheduled Castes, Scheduled Tribes, Other Backward Classes and Minorities|01|Welfare of Scheduled Castes|197|Grants for Maintenance of Taluka Pre and Post-Matric Government Hostels|1|Grants for Maintenance of Taluka Pre and Post-Matric Government Hostels|04|Grants for Pre-Matric Scholarship and Incentives to Students|416|Uttara Kannada|2225-01-197-1-04|Uttara Kannada|V|Data|Object-Head||||9.32|100.0
11|05|10|2225|Welfare of Scheduled Castes, Scheduled Tribes, Other Backward Classes and Minorities|01|Welfare of Scheduled Castes|197|Grants for Maintenance of Taluka Pre and Post-Matric Government Hostels|1|Grants for Maintenance of Taluka Pre and Post-Matric Government Hostels|04|Grants for Pre-Matric Scholarship and Incentives to Students|417|Kalaburagi|2225-01-197-1-04|Kalaburagi|V|Data|Object-Head||||66.03|100.0
11|05|10|2225|Welfare of Scheduled Castes, Scheduled Tribes, Other Backward Classes and Minorities|01|Welfare of Scheduled Castes|197|Grants for Maintenance of Taluka Pre and Post-Matric Government Hostels|1|Grants for Maintenance of Taluka Pre and Post-Matric Government Hostels|04|Grants for Pre-Matric Scholarship and Incentives to Students|418|Ballari|2225-01-197-1-04|Ballari|V|Data|Object-Head||||31.85|100.0
11|05|10|2225|Welfare of Scheduled Castes, Scheduled Tribes, Other Backward Classes and Minorities|01|Welfare of Scheduled Castes|197|Grants for Maintenance of Taluka Pre and Post-Matric Government Hostels|1|Grants for Maintenance of Taluka Pre and Post-Matric Government Hostels|04|Grants for Pre-Matric Scholarship and Incentives to Students|419|Bidar|2225-01-197-1-04|Bidar|V|Data|Object-Head||||13.22|100.0
11|05|10|2225|Welfare of Scheduled Castes, Scheduled Tribes, Other Backward Classes and Minorities|01|Welfare of Scheduled Castes|197|Grants for Maintenance of Taluka Pre and Post-Matric Government Hostels|1|Grants for Maintenance of Taluka Pre and Post-Matric Government Hostels|04|Grants for Pre-Matric Scholarship and Incentives to Students|420|Raichur|2225-01-197-1-04|Raichur|V|Data|Object-Head||||59.04|100.0
11|05|10|2225|Welfare of Scheduled Castes, Scheduled Tribes, Other Backward Classes and Minorities|01|Welfare of Scheduled Castes|197|Grants for Maintenance of Taluka Pre and Post-Matric Government Hostels|1|Grants for Maintenance of Taluka Pre and Post-Matric Government Hostels|04|Grants for Pre-Matric Scholarship and Incentives to Students|421|Yadgiri|2225-01-197-1-04|Yadgiri|V|Data|Object-Head||||13.98|100.0
11|05|10|2225|Welfare of Scheduled Castes, Scheduled Tribes, Other Backward Classes and Minorities|01|Welfare of Scheduled Castes|197|Grants for Maintenance of Taluka Pre and Post-Matric Government Hostels|1|Grants for Maintenance of Taluka Pre and Post-Matric Government Hostels|04|Grants for Pre-Matric Scholarship and Incentives to Students|451|Davanagere|2225-01-197-1-04|Davanagere|V|Data|Object-Head||||34.18|100.0
11|05|10|2225|Welfare of Scheduled Castes, Scheduled Tribes, Other Backward Classes and Minorities|01|Welfare of Scheduled Castes|197|Grants for Maintenance of Taluka Pre and Post-Matric Government Hostels|1|Grants for Maintenance of Taluka Pre and Post-Matric Government Hostels|04|Grants for Pre-Matric Scholarship and Incentives to Students|452|Bengaluru South|2225-01-197-1-04|Bengaluru South|V|Data|Object-Head||||65.25|100.0
11|05|10|2225|Welfare of Scheduled Castes, Scheduled Tribes, Other Backward Classes and Minorities|01|Welfare of Scheduled Castes|197|Grants for Maintenance of Taluka Pre and Post-Matric Government Hostels|1|Grants for Maintenance of Taluka Pre and Post-Matric Government Hostels|04|Grants for Pre-Matric Scholarship and Incentives to Students|453|Chikkaballapura|2225-01-197-1-04|Chikkaballapura|V|Data|Object-Head||||90.89|100.0
11|05|10|2225|Welfare of Scheduled Castes, Scheduled Tribes, Other Backward Classes and Minorities|01|Welfare of Scheduled Castes|197|Grants for Maintenance of Taluka Pre and Post-Matric Government Hostels|1|Grants for Maintenance of Taluka Pre and Post-Matric Government Hostels|04|Grants for Pre-Matric Scholarship and Incentives to Students|456|Chamarajanagar|2225-01-197-1-04|Chamarajanagar|V|Data|Object-Head||||49.72|100.0
11|05|10|2225|Welfare of Scheduled Castes, Scheduled Tribes, Other Backward Classes and Minorities|01|Welfare of Scheduled Castes|197|Grants for Maintenance of Taluka Pre and Post-Matric Government Hostels|1|Grants for Maintenance of Taluka Pre and Post-Matric Government Hostels|04|Grants for Pre-Matric Scholarship and Incentives to Students|457|Udupi|2225-01-197-1-04|Udupi|V|Data|Object-Head||||3.88|100.0
11|05|10|2225|Welfare of Scheduled Castes, Scheduled Tribes, Other Backward Classes and Minorities|01|Welfare of Scheduled Castes|197|Grants for Maintenance of Taluka Pre and Post-Matric Government Hostels|1|Grants for Maintenance of Taluka Pre and Post-Matric Government Hostels|04|Grants for Pre-Matric Scholarship and Incentives to Students|461|Bagalkot|2225-01-197-1-04|Bagalkot|V|Data|Object-Head||||25.63|100.0
11|05|10|2225|Welfare of Scheduled Castes, Scheduled Tribes, Other Backward Classes and Minorities|01|Welfare of Scheduled Castes|197|Grants for Maintenance of Taluka Pre and Post-Matric Government Hostels|1|Grants for Maintenance of Taluka Pre and Post-Matric Government Hostels|04|Grants for Pre-Matric Scholarship and Incentives to Students|462|Gadag|2225-01-197-1-04|Gadag|V|Data|Object-Head||||19.42|100.0
11|05|10|2225|Welfare of Scheduled Castes, Scheduled Tribes, Other Backward Classes and Minorities|01|Welfare of Scheduled Castes|197|Grants for Maintenance of Taluka Pre and Post-Matric Government Hostels|1|Grants for Maintenance of Taluka Pre and Post-Matric Government Hostels|04|Grants for Pre-Matric Scholarship and Incentives to Students|463|Haveri|2225-01-197-1-04|Haveri|V|Data|Object-Head||||21.75|100.0
11|05|10|2225|Welfare of Scheduled Castes, Scheduled Tribes, Other Backward Classes and Minorities|01|Welfare of Scheduled Castes|197|Grants for Maintenance of Taluka Pre and Post-Matric Government Hostels|1|Grants for Maintenance of Taluka Pre and Post-Matric Government Hostels|04|Grants for Pre-Matric Scholarship and Incentives to Students|466|Koppal|2225-01-197-1-04|Koppal|V|Data|Object-Head||||42.72|100.0
11|05|10|2225|Welfare of Scheduled Castes, Scheduled Tribes, Other Backward Classes and Minorities|01|Welfare of Scheduled Castes|197|Grants for Maintenance of Taluka Pre and Post-Matric Government Hostels|1|Grants for Maintenance of Taluka Pre and Post-Matric Government Hostels|04|Grants for Pre-Matric Scholarship and Incentives to Students|467|Vijayanagara|2225-01-197-1-04|Vijayanagara|V|Data|Object-Head||||42.72|100.0
11|05|10|2225|Welfare of Scheduled Castes, Scheduled Tribes, Other Backward Classes and Minorities|01|Welfare of Scheduled Castes|197|Grants for Maintenance of Taluka Pre and Post-Matric Government Hostels|1|Grants for Maintenance of Taluka Pre and Post-Matric Government Hostels|04|Grants for Pre-Matric Scholarship and Incentives to Students|||2225-01-197-1-04|HOA Total :|V|Total|Detailed-Head|0.00|0.00|0.00|8100.00|100.0
12|05|10|2225|Welfare of Scheduled Castes, Scheduled Tribes, Other Backward Classes and Minorities|01|Welfare of Scheduled Castes|197|Grants for Maintenance of Taluka Pre and Post-Matric Government Hostels|1|Grants for Maintenance of Taluka Pre and Post-Matric Government Hostels|06|Grants to GiA Residential Schools|||2225-01-197-1-06|Grants to GiA Residential Schools|V|Header|Detailed-Head|||||100.0
12|05|10|2225|Welfare of Scheduled Castes, Scheduled Tribes, Other Backward Classes and Minorities|01|Welfare of Scheduled Castes|197|Grants for Maintenance of Taluka Pre and Post-Matric Government Hostels|1|Grants for Maintenance of Taluka Pre and Post-Matric Government Hostels|06|Grants to GiA Residential Schools|405|Shivamogga|2225-01-197-1-06|Shivamogga|V|Data|Object-Head||||52.50|100.0
12|05|10|2225|Welfare of Scheduled Castes, Scheduled Tribes, Other Backward Classes and Minorities|01|Welfare of Scheduled Castes|197|Grants for Maintenance of Taluka Pre and Post-Matric Government Hostels|1|Grants for Maintenance of Taluka Pre and Post-Matric Government Hostels|06|Grants to GiA Residential Schools|415|Dharwad|2225-01-197-1-06|Dharwad|V|Data|Object-Head||||52.50|100.0
12|05|10|2225|Welfare of Scheduled Castes, Scheduled Tribes, Other Backward Classes and Minorities|01|Welfare of Scheduled Castes|197|Grants for Maintenance of Taluka Pre and Post-Matric Government Hostels|1|Grants for Maintenance of Taluka Pre and Post-Matric Government Hostels|06|Grants to GiA Residential Schools|||2225-01-197-1-06|HOA Total :|V|Total|Detailed-Head|0.00|0.00|0.00|105.00|100.0
12|05|10|2225|Welfare of Scheduled Castes, Scheduled Tribes, Other Backward Classes and Minorities|01|Welfare of Scheduled Castes|197|Grants for Maintenance of Taluka Pre and Post-Matric Government Hostels|6|CSS Scholarship Schemes|07|CSS-Central Share- Pre-Matric Scholarship to SC Students|||2225-01-197-6-07|CSS-Central Share- Pre-Matric Scholarship to SC Students|V|Header|Detailed-Head|||||100.0
12|05|10|2225|Welfare of Scheduled Castes, Scheduled Tribes, Other Backward Classes and Minorities|01|Welfare of Scheduled Castes|197|Grants for Maintenance of Taluka Pre and Post-Matric Government Hostels|6|CSS Scholarship Schemes|07|CSS-Central Share- Pre-Matric Scholarship to SC Students|300|Lumpsum - ZP|2225-01-197-6-07|Lumpsum - ZP|V|Data|Object-Head||9000.00||9000.00|100.0
12|05|10|2225|Welfare of Scheduled Castes, Scheduled Tribes, Other Backward Classes and Minorities|01|Welfare of Scheduled Castes|197|Grants for Maintenance of Taluka Pre and Post-Matric Government Hostels|6|CSS Scholarship Schemes|07|CSS-Central Share- Pre-Matric Scholarship to SC Students|||2225-01-197-6-07|HOA Total :|V|Total|Detailed-Head|0.00|9000.00|0.00|9000.00|100.0
12|05|10|2225|Welfare of Scheduled Castes, Scheduled Tribes, Other Backward Classes and Minorities|01|Welfare of Scheduled Castes|197|Grants for Maintenance of Taluka Pre and Post-Matric Government Hostels|6|CSS Scholarship Schemes|08|CSS-State Share- Pre-Matric Scholarship to SC Students|||2225-01-197-6-08|CSS-State Share- Pre-Matric Scholarship to SC Students|V|Header|Detailed-Head|||||100.0
12|05|10|2225|Welfare of Scheduled Castes, Scheduled Tribes, Other Backward Classes and Minorities|01|Welfare of Scheduled Castes|197|Grants for Maintenance of Taluka Pre and Post-Matric Government Hostels|6|CSS Scholarship Schemes|08|CSS-State Share- Pre-Matric Scholarship to SC Students|300|Lumpsum - ZP|2225-01-197-6-08|Lumpsum - ZP|V|Data|Object-Head|5000.00|7000.00|5000.00|7000.00|100.0
12|05|10|2225|Welfare of Scheduled Castes, Scheduled Tribes, Other Backward Classes and Minorities|01|Welfare of Scheduled Castes|197|Grants for Maintenance of Taluka Pre and Post-Matric Government Hostels|6|CSS Scholarship Schemes|08|CSS-State Share- Pre-Matric Scholarship to SC Students|||2225-01-197-6-08|HOA Total :|V|Total|Detailed-Head|5000.00|7000.00|5000.00|7000.00|100.0
12|05|10|2225|Welfare of Scheduled Castes, Scheduled Tribes, Other Backward Classes and Minorities|01|Welfare of Scheduled Castes|197|Grants for Maintenance of Taluka Pre and Post-Matric Government Hostels|6|CSS Scholarship Schemes|09|CSS-State Share- Post-Matric Scholarships to SC Studentss|||2225-01-197-6-09|CSS-State Share- Post-Matric Scholarships to SC Studentss|V|Header|Detailed-Head|||||100.0
12|05|10|2225|Welfare of Scheduled Castes, Scheduled Tribes, Other Backward Classes and Minorities|01|Welfare of Scheduled Castes|197|Grants for Maintenance of Taluka Pre and Post-Matric Government Hostels|6|CSS Scholarship Schemes|09|CSS-State Share- Post-Matric Scholarships to SC Studentss|300|Lumpsum - ZP|2225-01-197-6-09|Lumpsum - ZP|V|Data|Object-Head|23000.00|23000.00|25000.00|27300.00|100.0
12|05|10|2225|Welfare of Scheduled Castes, Scheduled Tribes, Other Backward Classes and Minorities|01|Welfare of Scheduled Castes|197|Grants for Maintenance of Taluka Pre and Post-Matric Government Hostels|6|CSS Scholarship Schemes|09|CSS-State Share- Post-Matric Scholarships to SC Studentss|||2225-01-197-6-09|HOA Total :|V|Total|Detailed-Head|23000.00|23000.00|25000.00|27300.00|100.0
12|05|10|2225|Welfare of Scheduled Castes, Scheduled Tribes, Other Backward Classes and Minorities|01|Welfare of Scheduled Castes|277|Education|0|Indira Gandhi Centre for Career Development|02|Indira Gandhi Centre for Career Development|||2225-01-277-0-02|Indira Gandhi Centre for Career Development|V|Header|Detailed-Head|||||
12|05|10|2225|Welfare of Scheduled Castes, Scheduled Tribes, Other Backward Classes and Minorities|01|Welfare of Scheduled Castes|277|Education|0|Indira Gandhi Centre for Career Development|02|Indira Gandhi Centre for Career Development|002|Basic Pay|2225-01-277-0-02|Basic Pay|V|Data|Object-Head|25.21|68.00|68.00|82.00|
12|05|10|2225|Welfare of Scheduled Castes, Scheduled Tribes, Other Backward Classes and Minorities|01|Welfare of Scheduled Castes|277|Education|0|Indira Gandhi Centre for Career Development|02|Indira Gandhi Centre for Career Development|003|Basic Pay-Staff|2225-01-277-0-02|Basic Pay-Staff|V|Data|Object-Head|26.35||||
12|05|10|2225|Welfare of Scheduled Castes, Scheduled Tribes, Other Backward Classes and Minorities|01|Welfare of Scheduled Castes|277|Education|0|Indira Gandhi Centre for Career Development|02|Indira Gandhi Centre for Career Development|004|Interim Relief|2225-01-277-0-02|Interim Relief|V|Data|Object-Head|3.36||||
12|05|10|2225|Welfare of Scheduled Castes, Scheduled Tribes, Other Backward Classes and Minorities|01|Welfare of Scheduled Castes|277|Education|0|Indira Gandhi Centre for Career Development|02|Indira Gandhi Centre for Career Development|011|Dearness Allowance|2225-01-277-0-02|Dearness Allowance|V|Data|Object-Head|11.93|15.00|15.00|21.00|
12|05|10|2225|Welfare of Scheduled Castes, Scheduled Tribes, Other Backward Classes and Minorities|01|Welfare of Scheduled Castes|277|Education|0|Indira Gandhi Centre for Career Development|02|Indira Gandhi Centre for Career Development|014|Other Allowance|2225-01-277-0-02|Other Allowance|V|Data|Object-Head|12.02|16.00|16.00|18.00|
12|05|10|2225|Welfare of Scheduled Castes, Scheduled Tribes, Other Backward Classes and Minorities|01|Welfare of Scheduled Castes|277|Education|0|Indira Gandhi Centre for Career Development|02|Indira Gandhi Centre for Career Development|020|Medical Allowance|2225-01-277-0-02|Medical Allowance|V|Data|Object-Head|0.20||||
13|05|10|2225|Welfare of Scheduled Castes, Scheduled Tribes, Other Backward Classes and Minorities|01|Welfare of Scheduled Castes|277|Education|0||||021|Reimbursement of Medical Expenses||Reimbursement of Medical Expenses|V|Data|Object-Head|0.96|3.00|3.00|3.00|95.38
13|05|10|2225|Welfare of Scheduled Castes, Scheduled Tribes, Other Backward Classes and Minorities|01|Welfare of Scheduled Castes|277|Education|0||||041|Travel Expenses||Travel Expenses|V|Data|Object-Head|0.50|1.00|1.00|2.00|95.38
13|05|10|2225|Welfare of Scheduled Castes, Scheduled Tribes, Other Backward Classes and Minorities|01|Welfare of Scheduled Castes|277|Education|0||||050|Office Expenses||Office Expenses|V|Data|Object-Head||30.00|30.00|32.00|95.38
13|05|10|2225|Welfare of Scheduled Castes, Scheduled Tribes, Other Backward Classes and Minorities|01|Welfare of Scheduled Castes|277|Education|0||||052|Telephone Charges||Telephone Charges|V|Data|Object-Head|0.28||||95.38
13|05|10|2225|Welfare of Scheduled Castes, Scheduled Tribes, Other Backward Classes and Minorities|01|Welfare of Scheduled Castes|277|Education|0||||059|Other Expenses||Other Expenses|V|Data|Object-Head|1970.65|2000.00|2000.00|2000.00|95.38
13|05|10|2225|Welfare of Scheduled Castes, Scheduled Tribes, Other Backward Classes and Minorities|01|Welfare of Scheduled Castes|277|Education|0||||177|IT Expenditure||IT Expenditure|V|Data|Object-Head||50.00|50.00||95.38
13|05|10|2225|Welfare of Scheduled Castes, Scheduled Tribes, Other Backward Classes and Minorities|01|Welfare of Scheduled Castes|277|Education|0||||195|Transport Expenses||Transport Expenses|V|Data|Object-Head|5.76|1.95|1.95|9.60|95.38
13|05|10|2225|Welfare of Scheduled Castes, Scheduled Tribes, Other Backward Classes and Minorities|01|Welfare of Scheduled Castes|277|Education|0|||||||HOA Total :|V|Total|Detailed-Head|2057.22|2184.95|2184.95|2167.60|95.38
13|05|10|2225|Welfare of Scheduled Castes, Scheduled Tribes, Other Backward Classes and Minorities|01|Welfare of Scheduled Castes|277|Education|0||19|Infrastructure Upgradation in Hostels||||2225-01-277-0-19|Infrastructure Upgradation in Hostels|Header|Detailed-Head|||||100.0
13|05|10|2225|Welfare of Scheduled Castes, Scheduled Tribes, Other Backward Classes and Minorities|01|Welfare of Scheduled Castes|277|Education|0||19|Infrastructure Upgradation in Hostels|059|Other Expenses|2225-01-277-0-19|Other Expenses|V|Data|Object-Head|1998.73||||100.0
13|05|10|2225|Welfare of Scheduled Castes, Scheduled Tribes, Other Backward Classes and Minorities|01|Welfare of Scheduled Castes|277|Education|0||19|Infrastructure Upgradation in Hostels|140|Minor Works|2225-01-277-0-19|Minor Works|V|Data|Object-Head||2000.00|2000.00|2000.00|100.0
13|05|10|2225|Welfare of Scheduled Castes, Scheduled Tribes, Other Backward Classes and Minorities|01|Welfare of Scheduled Castes|277|Education|0||19|Infrastructure Upgradation in Hostels|||2225-01-277-0-19|HOA Total :|V|Total|Detailed-Head|1998.73|2000.00|2000.00|2000.00|100.0
13|05|10|2225|Welfare of Scheduled Castes, Scheduled Tribes, Other Backward Classes and Minorities|01|Welfare of Scheduled Castes|277|Education|0||53|Karnataka Residential Educational Institutions Society (KREIS)|||2225-01-277-0-53|Karnataka Residential Educational Institutions Society (KREIS)|V|Header|Detailed-Head|||||100.0
13|05|10|2225|Welfare of Scheduled Castes, Scheduled Tribes, Other Backward Classes and Minorities|01|Welfare of Scheduled Castes|277|Education|0||53|Karnataka Residential Educational Institutions Society (KREIS)|101|Grants-in-Aid-Salaries|2225-01-277-0-53|Grants-in-Aid-Salaries|V|Data|Object-Head|605.41|867.20|867.20|913.01|100.0
13|05|10|2225|Welfare of Scheduled Castes, Scheduled Tribes, Other Backward Classes and Minorities|01|Welfare of Scheduled Castes|277|Education|0||53|Karnataka Residential Educational Institutions Society (KREIS)|115|GIA Contract /Outsource|2225-01-277-0-53|GIA Contract /Outsource|V|Data|Object-Head|144.78|253.09|278.40|138.26|100.0
13|05|10|2225|Welfare of Scheduled Castes, Scheduled Tribes, Other Backward Classes and Minorities|01|Welfare of Scheduled Castes|277|Education|0||53|Karnataka Residential Educational Institutions Society (KREIS)|||2225-01-277-0-53|HOA Total :|V|Total|Detailed-Head|750.19|1120.29|1145.60|1051.27|100.0
13|05|10|2225|Welfare of Scheduled Castes, Scheduled Tribes, Other Backward Classes and Minorities|01|Welfare of Scheduled Castes|277|Education|0||65|Maintenance of Residential Schools (MDRSs) (KREIS)|||2225-01-277-0-65|Maintenance of Residential Schools (MDRSs) (KREIS)|V|Header|Detailed-Head|||||100.0
13|05|10|2225|Welfare of Scheduled Castes, Scheduled Tribes, Other Backward Classes and Minorities|01|Welfare of Scheduled Castes|277|Education|0||65|Maintenance of Residential Schools (MDRSs) (KREIS)|051|General Expenses|2225-01-277-0-65|General Expenses|V|Data|Object-Head||||910.00|100.0
13|05|10|2225|Welfare of Scheduled Castes, Scheduled Tribes, Other Backward Classes and Minorities|01|Welfare of Scheduled Castes|277|Education|0||65|Maintenance of Residential Schools (MDRSs) (KREIS)|059|Other Expenses|2225-01-277-0-65|Other Expenses|V|Data|Object-Head|109125.91|86166.20|96166.20|93412.43|100.0
13|05|10|2225|Welfare of Scheduled Castes, Scheduled Tribes, Other Backward Classes and Minorities|01|Welfare of Scheduled Castes|277|Education|0||65|Maintenance of Residential Schools (MDRSs) (KREIS)|133|Regional Imbalance Redressal Program|2225-01-277-0-65|Regional Imbalance Redressal Program|V|Data|Object-Head|8664.60|9098.80|9098.80|9837.57|100.0
13|05|10|2225|Welfare of Scheduled Castes, Scheduled Tribes, Other Backward Classes and Minorities|01|Welfare of Scheduled Castes|277|Education|0||65|Maintenance of Residential Schools (MDRSs) (KREIS)|||2225-01-277-0-65|HOA Total :|V|Total|Detailed-Head|117790.51|95265.00|105265.00|104160.00|100.0
14|05|10|2225|Welfare of Scheduled Castes, Scheduled Tribes, Other Backward Classes and Minorities|01|Welfare of Scheduled Castes|277|Education|0||66|CSS-Central Share-Conducting Seminars and Workshops|||2225-01-277-0-66|CSS-Central Share-Conducting Seminars and Workshops|V|Header|Detailed-Head|||||100.0
14|05|10|2225|Welfare of Scheduled Castes, Scheduled Tribes, Other Backward Classes and Minorities|01|Welfare of Scheduled Castes|277|Education|0||66|CSS-Central Share-Conducting Seminars and Workshops|059|Other Expenses|2225-01-277-0-66|Other Expenses|V|Data|Object-Head|50.61|100.00|100.00|100.00|100.0
14|05|10|2225|Welfare of Scheduled Castes, Scheduled Tribes, Other Backward Classes and Minorities|01|Welfare of Scheduled Castes|277|Education|0||66|CSS-Central Share-Conducting Seminars and Workshops||||HOA Total :|V|Total|Detailed-Head|50.61|100.00|100.00|100.00|100.0
14|05|10|2225|Welfare of Scheduled Castes, Scheduled Tribes, Other Backward Classes and Minorities|01|Welfare of Scheduled Castes|277|Education|0||67|CSS-Central Share-Eradication of Untouchability|||2225-01-277-0-67|CSS-Central Share-Eradication of Untouchability|V|Header|Detailed-Head|||||100.0
14|05|10|2225|Welfare of Scheduled Castes, Scheduled Tribes, Other Backward Classes and Minorities|01|Welfare of Scheduled Castes|277|Education|0||67|CSS-Central Share-Eradication of Untouchability|051|General Expenses|2225-01-277-0-67|General Expenses|V|Data|Object-Head|2315.00||||100.0
14|05|10|2225|Welfare of Scheduled Castes, Scheduled Tribes, Other Backward Classes and Minorities|01|Welfare of Scheduled Castes|277|Education|0||67|CSS-Central Share-Eradication of Untouchability|100|Financial Assistance/Relief|2225-01-277-0-67|Financial Assistance/Relief|V|Data|Object-Head||4000.00||4000.00|100.0
14|05|10|2225|Welfare of Scheduled Castes, Scheduled Tribes, Other Backward Classes and Minorities|01|Welfare of Scheduled Castes|277|Education|0||67|CSS-Central Share-Eradication of Untouchability||||HOA Total :|V|Total|Detailed-Head|2315.00|4000.00|0.00|4000.00|100.0
14|05|10|2225|Welfare of Scheduled Castes, Scheduled Tribes, Other Backward Classes and Minorities|01|Welfare of Scheduled Castes|277|Education|0||69|Karnataka State Safai Karmachari Commission|||2225-01-277-0-69|Karnataka State Safai Karmachari Commission|V|Header|Detailed-Head|||||100.0
14|05|10|2225|Welfare of Scheduled Castes, Scheduled Tribes, Other Backward Classes and Minorities|01|Welfare of Scheduled Castes|277|Education|0||69|Karnataka State Safai Karmachari Commission|002|Basic Pay|2225-01-277-0-69|Basic Pay|V|Data|Object-Head|35.08|64.00|64.00|41.00|100.0
14|05|10|2225|Welfare of Scheduled Castes, Scheduled Tribes, Other Backward Classes and Minorities|01|Welfare of Scheduled Castes|277|Education|0||69|Karnataka State Safai Karmachari Commission|003|Basic Pay-Staff|2225-01-277-0-69|Basic Pay-Staff|V|Data|Object-Head|14.29||||100.0
14|05|10|2225|Welfare of Scheduled Castes, Scheduled Tribes, Other Backward Classes and Minorities|01|Welfare of Scheduled Castes|277|Education|0||69|Karnataka State Safai Karmachari Commission|004|Interim Relief|2225-01-277-0-69|Interim Relief|V|Data|Object-Head|3.67||||100.0
14|05|10|2225|Welfare of Scheduled Castes, Scheduled Tribes, Other Backward Classes and Minorities|01|Welfare of Scheduled Castes|277|Education|0||69|Karnataka State Safai Karmachari Commission|011|Dearness Allowance|2225-01-277-0-69|Dearness Allowance|V|Data|Object-Head|12.65|14.00|14.00|11.00|100.0
14|05|10|2225|Welfare of Scheduled Castes, Scheduled Tribes, Other Backward Classes and Minorities|01|Welfare of Scheduled Castes|277|Education|0||69|Karnataka State Safai Karmachari Commission|014|Other Allowance|2225-01-277-0-69|Other Allowance|V|Data|Object-Head|11.79|15.00|15.00|10.00|100.0
14|05|10|2225|Welfare of Scheduled Castes, Scheduled Tribes, Other Backward Classes and Minorities|01|Welfare of Scheduled Castes|277|Education|0||69|Karnataka State Safai Karmachari Commission|015|Subsidiary Expenses|2225-01-277-0-69|Subsidiary Expenses|V|Data|Object-Head|0.04|13.80|13.80|14.00|100.0
14|05|10|2225|Welfare of Scheduled Castes, Scheduled Tribes, Other Backward Classes and Minorities|01|Welfare of Scheduled Castes|277|Education|0||69|Karnataka State Safai Karmachari Commission|020|Medical Allowance|2225-01-277-0-69|Medical Allowance|V|Data|Object-Head|0.09||||100.0
14|05|10|2225|Welfare of Scheduled Castes, Scheduled Tribes, Other Backward Classes and Minorities|01|Welfare of Scheduled Castes|277|Education|0||69|Karnataka State Safai Karmachari Commission|021|Reimbursement of Medical Expenses|2225-01-277-0-69|Reimbursement of Medical Expenses|V|Data|Object-Head|1.29|3.00|3.00|3.00|100.0
14|05|10|2225|Welfare of Scheduled Castes, Scheduled Tribes, Other Backward Classes and Minorities|01|Welfare of Scheduled Castes|277|Education|0||69|Karnataka State Safai Karmachari Commission|034|Contract/Outsource|2225-01-277-0-69|Contract/Outsource|V|Data|Object-Head|43.27|31.64|31.64|43.69|100.0
14|05|10|2225|Welfare of Scheduled Castes, Scheduled Tribes, Other Backward Classes and Minorities|01|Welfare of Scheduled Castes|277|Education|0||69|Karnataka State Safai Karmachari Commission|035|Salary of Board/Corp.Staff working in State Government|2225-01-277-0-69|Salary of Board/Corp.Staff working in State Government|V|Data|Object-Head||10.38|10.38|10.98|100.0
14|05|10|2225|Welfare of Scheduled Castes, Scheduled Tribes, Other Backward Classes and Minorities|01|Welfare of Scheduled Castes|277|Education|0||69|Karnataka State Safai Karmachari Commission|041|Travel Expenses|2225-01-277-0-69|Travel Expenses|V|Data|Object-Head|0.58|5.00|5.00|10.00|100.0
14|05|10|2225|Welfare of Scheduled Castes, Scheduled Tribes, Other Backward Classes and Minorities|01|Welfare of Scheduled Castes|277|Education|0||69|Karnataka State Safai Karmachari Commission|050|Office Expenses|2225-01-277-0-69|Office Expenses|V|Data|Object-Head|124.05|75.00|75.00|75.00|100.0
14|05|10|2225|Welfare of Scheduled Castes, Scheduled Tribes, Other Backward Classes and Minorities|01|Welfare of Scheduled Castes|277|Education|0||69|Karnataka State Safai Karmachari Commission|052|Telephone Charges|2225-01-277-0-69|Telephone Charges|V|Data|Object-Head|0.35||||100.0
15|05|10|2225|Welfare of Scheduled Castes, Scheduled Tribes, Other Backward Classes and Minorities|01|Welfare of Scheduled Castes|277|Education|0||69|Karnataka State Safai Karmachari Commission|071|Building Expenses|2225-01-277-0-69|Building Expenses|V|Data|Object-Head|43.28|45.00|45.00|45.00|100.0
15|05|10|2225|Welfare of Scheduled Castes, Scheduled Tribes, Other Backward Classes and Minorities|01|Welfare of Scheduled Castes|277|Education|0||69|Karnataka State Safai Karmachari Commission|195|Transport Expenses|2225-01-277-0-69|Transport Expenses|V|Data|Object-Head|8.05|8.75|8.75|19.95|100.0
15|05|10|2225|Welfare of Scheduled Castes, Scheduled Tribes, Other Backward Classes and Minorities|01|Welfare of Scheduled Castes|277|Education|0||69|Karnataka State Safai Karmachari Commission||||HOA Total :|V|Total|Detailed-Head|298.48|285.57|285.57|283.62|100.0
15|05|10|2225|Welfare of Scheduled Castes, Scheduled Tribes, Other Backward Classes and Minorities|01|Welfare of Scheduled Castes|277|Education|0||70|CSS-State Share-Conducting Seminars and Workshops|||2225-01-277-0-70|CSS-State Share-Conducting Seminars and Workshops|V|Header|Detailed-Head|||||100.0
15|05|10|2225|Welfare of Scheduled Castes, Scheduled Tribes, Other Backward Classes and Minorities|01|Welfare of Scheduled Castes|277|Education|0||70|CSS-State Share-Conducting Seminars and Workshops|059|Other Expenses|2225-01-277-0-70|Other Expenses|V|Data|Object-Head|50.00|100.00|100.00|100.00|100.0
15|05|10|2225|Welfare of Scheduled Castes, Scheduled Tribes, Other Backward Classes and Minorities|01|Welfare of Scheduled Castes|277|Education|0||70|CSS-State Share-Conducting Seminars and Workshops||||HOA Total :|V|Total|Detailed-Head|50.00|100.00|100.00|100.00|100.0
15|05|10|2225|Welfare of Scheduled Castes, Scheduled Tribes, Other Backward Classes and Minorities|01|Welfare of Scheduled Castes|277|Education|0||71|CSS-State Share-Eradication of Untouchability|||2225-01-277-0-71|CSS-State Share-Eradication of Untouchability|V|Header|Detailed-Head|||||100.0
15|05|10|2225|Welfare of Scheduled Castes, Scheduled Tribes, Other Backward Classes and Minorities|01|Welfare of Scheduled Castes|277|Education|0||71|CSS-State Share-Eradication of Untouchability|051|General Expenses|2225-01-277-0-71|General Expenses|V|Data|Object-Head|1500.00||||100.0
15|05|10|2225|Welfare of Scheduled Castes, Scheduled Tribes, Other Backward Classes and Minorities|01|Welfare of Scheduled Castes|277|Education|0||71|CSS-State Share-Eradication of Untouchability|100|Financial Assistance/Relief|2225-01-277-0-71|Financial Assistance/Relief|V|Data|Object-Head||4000.00||4000.00|100.0
15|05|10|2225|Welfare of Scheduled Castes, Scheduled Tribes, Other Backward Classes and Minorities|01|Welfare of Scheduled Castes|277|Education|0||71|CSS-State Share-Eradication of Untouchability||||HOA Total :|V|Total|Detailed-Head|1500.00|4000.00|0.00|4000.00|100.0
15|05|10|2225|Welfare of Scheduled Castes, Scheduled Tribes, Other Backward Classes and Minorities|01|Welfare of Scheduled Castes|793|Special Central Assistance for Scheduled Castes Component Plan|0||01|CSS-Central (100% GoI)Pradhan Mantri Anusuchit Jaati Abhyuday Yojana-PM AJAY(SCA for SCSP)|||2225-01-793-0-01|CSS-Central (100% GoI)Pradhan Mantri Anusuchit Jaati Abhyuday Yojana-PM AJAY(SCA for SCSP)|V|Header|Detailed-Head|||||100.0
15|05|10|2225|Welfare of Scheduled Castes, Scheduled Tribes, Other Backward Classes and Minorities|01|Welfare of Scheduled Castes|793|Special Central Assistance for Scheduled Castes Component Plan|0||01|CSS-Central (100% GoI)Pradhan Mantri Anusuchit Jaati Abhyuday Yojana-PM AJAY(SCA for SCSP)|059|Other Expenses|2225-01-793-0-01|Other Expenses|V|Data|Object-Head|601.41|15000.00||10000.00|100.0
15|05|10|2225|Welfare of Scheduled Castes, Scheduled Tribes, Other Backward Classes and Minorities|01|Welfare of Scheduled Castes|793|Special Central Assistance for Scheduled Castes Component Plan|0||01|CSS-Central (100% GoI)Pradhan Mantri Anusuchit Jaati Abhyuday Yojana-PM AJAY(SCA for SCSP)||||HOA Total :|V|Total|Detailed-Head|601.41|15000.00|0.00|10000.00|100.0
15|05|10|2225|Welfare of Scheduled Castes, Scheduled Tribes, Other Backward Classes and Minorities|01|Welfare of Scheduled Castes|793|Special Central Assistance for Scheduled Castes Component Plan|0||02|CSS-Central Share-(100% GoI)-Pradhan Mantri Adarsh Gram Yojana(PMAGY)- Central Scheme|||2225-01-793-0-02|CSS-Central Share-(100% GoI)-Pradhan Mantri Adarsh Gram Yojana(PMAGY)- Central Scheme|V|Header|Detailed-Head|||||100.0
15|05|10|2225|Welfare of Scheduled Castes, Scheduled Tribes, Other Backward Classes and Minorities|01|Welfare of Scheduled Castes|793|Special Central Assistance for Scheduled Castes Component Plan|0||02|CSS-Central Share-(100% GoI)-Pradhan Mantri Adarsh Gram Yojana(PMAGY)- Central Scheme|059|Other Expenses|2225-01-793-0-02|Other Expenses|V|Data|Object-Head|1710.85|200.00|7337.32|14100.00|100.0
15|05|10|2225|Welfare of Scheduled Castes, Scheduled Tribes, Other Backward Classes and Minorities|01|Welfare of Scheduled Castes|793|Special Central Assistance for Scheduled Castes Component Plan|0||02|CSS-Central Share-(100% GoI)-Pradhan Mantri Adarsh Gram Yojana(PMAGY)- Central Scheme||||HOA Total :|V|Total|Detailed-Head|1710.85|200.00|7337.32|14100.00|100.0
16|05|10|2225|Welfare of Scheduled Castes, Scheduled Tribes, Other Backward Classes and Minorities|01|Welfare of Scheduled Castes|796|Tribal Area Sub-Plan|0||01|CSS-Central Share-Compensation to SC/ST Victims|||2225-01-796-0-01|CSS-Central Share-Compensation to SC/ST Victims|V|Header|Detailed-Head|||||100.0
16|05|10|2225|Welfare of Scheduled Castes, Scheduled Tribes, Other Backward Classes and Minorities|01|Welfare of Scheduled Castes|796|Tribal Area Sub-Plan|0||01|CSS-Central Share-Compensation to SC/ST Victims|100|Financial Assistance/Relief|2225-01-796-0-01|Financial Assistance/Relief|V|Data|Object-Head|2500.00|7000.00|7000.00|5000.00|100.0
16|05|10|2225|Welfare of Scheduled Castes, Scheduled Tribes, Other Backward Classes and Minorities|01|Welfare of Scheduled Castes|796|Tribal Area Sub-Plan|0||01|CSS-Central Share-Compensation to SC/ST Victims||||HOA Total :|V|Total|Detailed-Head|2500.00|7000.00|7000.00|5000.00|100.0
16|05|10|2225|Welfare of Scheduled Castes, Scheduled Tribes, Other Backward Classes and Minorities|01|Welfare of Scheduled Castes|796|Tribal Area Sub-Plan|0||02|Various Development Programme for Schedule Caste|||2225-01-796-0-02|Various Development Programme for Schedule Caste|V|Header|Detailed-Head|||||100.0
16|05|10|2225|Welfare of Scheduled Castes, Scheduled Tribes, Other Backward Classes and Minorities|01|Welfare of Scheduled Castes|796|Tribal Area Sub-Plan|0||02|Various Development Programme for Schedule Caste|059|Other Expenses|2225-01-796-0-02|Other Expenses|V|Data|Object-Head|72813.47|70750.00|75750.00|75375.00|100.0
16|05|10|2225|Welfare of Scheduled Castes, Scheduled Tribes, Other Backward Classes and Minorities|01|Welfare of Scheduled Castes|796|Tribal Area Sub-Plan|0||02|Various Development Programme for Schedule Caste||||HOA Total :|V|Total|Detailed-Head|72813.47|70750.00|75750.00|75375.00|100.0
16|05|10|2225|Welfare of Scheduled Castes, Scheduled Tribes, Other Backward Classes and Minorities|01|Welfare of Scheduled Castes|796|Tribal Area Sub-Plan|0||03|CSS-State Share-Compensation to SC/ST Victims|||2225-01-796-0-03|CSS-State Share-Compensation to SC/ST Victims|V|Header|Detailed-Head|||||100.0
16|05|10|2225|Welfare of Scheduled Castes, Scheduled Tribes, Other Backward Classes and Minorities|01|Welfare of Scheduled Castes|796|Tribal Area Sub-Plan|0||03|CSS-State Share-Compensation to SC/ST Victims|100|Financial Assistance/Relief|2225-01-796-0-03|Financial Assistance/Relief|V|Data|Object-Head|2500.00|6000.00|6000.00|6000.00|100.0
16|05|10|2225|Welfare of Scheduled Castes, Scheduled Tribes, Other Backward Classes and Minorities|01|Welfare of Scheduled Castes|796|Tribal Area Sub-Plan|0||03|CSS-State Share-Compensation to SC/ST Victims||||HOA Total :|V|Total|Detailed-Head|2500.00|6000.00|6000.00|6000.00|100.0
16|05|10|2225|Welfare of Scheduled Castes, Scheduled Tribes, Other Backward Classes and Minorities|01|Welfare of Scheduled Castes|911|Deduct Recoveries|0||01|Deduct Recovery of Over Payments of Current Year|||2225-01-911-0-01|Deduct Recovery of Over Payments of Current Year|V|Header|Detailed-Head|||||100.0
16|05|10|2225|Welfare of Scheduled Castes, Scheduled Tribes, Other Backward Classes and Minorities|01|Welfare of Scheduled Castes|911|Deduct Recoveries|0||01|Deduct Recovery of Over Payments of Current Year|364|Deduct - Recoveries|2225-01-911-0-01|Deduct - Recoveries|V|Data|Object-Head|-11.58||||100.0
16|05|10|2225|Welfare of Scheduled Castes, Scheduled Tribes, Other Backward Classes and Minorities|01|Welfare of Scheduled Castes|911|Deduct Recoveries|0||01|Deduct Recovery of Over Payments of Current Year||||HOA Total :|V|Total|Detailed-Head|-11.58|0.00|0.00|0.00|100.0
16|05|10|2225|Welfare of Scheduled Castes, Scheduled Tribes, Other Backward Classes and Minorities|01|Welfare of Scheduled Castes|911|Deduct Recoveries|0||02|Deduct Recovery of Overpayments|||2225-01-911-0-02|Deduct Recovery of Overpayments|V|Header|Detailed-Head|||||100.0
16|05|10|2225|Welfare of Scheduled Castes, Scheduled Tribes, Other Backward Classes and Minorities|01|Welfare of Scheduled Castes|911|Deduct Recoveries|0||02|Deduct Recovery of Overpayments|364|Deduct - Recoveries|2225-01-911-0-02|Deduct - Recoveries|V|Data|Object-Head|-28197.62||||100.0
16|05|10|2225|Welfare of Scheduled Castes, Scheduled Tribes, Other Backward Classes and Minorities|01|Welfare of Scheduled Castes|911|Deduct Recoveries|0||02|Deduct Recovery of Overpayments||||HOA Total :|V|Total|Detailed-Head|-28197.62|0.00|0.00|0.00|100.0
17|05|10|2225|Welfare of Scheduled Castes, Scheduled Tribes, Other Backward Classes and Minorities|01|Welfare of Scheduled Castes|911|Deduct Recoveries|0||03|SAKALA-Recovery of Compensatory Cost under the Karnataka Guarantee of Services Act|||2225-01-911-0-03|SAKALA-Recovery of Compensatory Cost under the Karnataka Guarantee of Services Act|V|Header|Detailed-Head|||||100.0
17|05|10|2225|Welfare of Scheduled Castes, Scheduled Tribes, Other Backward Classes and Minorities|01|Welfare of Scheduled Castes|911|Deduct Recoveries|0||03|SAKALA-Recovery of Compensatory Cost under the Karnataka Guarantee of Services Act|364|Deduct - Recoveries|2225-01-911-0-03|Deduct - Recoveries|V|Data|Object-Head|-30.89||||100.0
17|05|10|2225|Welfare of Scheduled Castes, Scheduled Tribes, Other Backward Classes and Minorities|01|Welfare of Scheduled Castes|911|Deduct Recoveries|0||03|SAKALA-Recovery of Compensatory Cost under the Karnataka Guarantee of Services Act||||HOA Total :|V|Total|Detailed-Head|-30.89|0.00|0.00|0.00|100.0
17|05|10|2225|Welfare of Scheduled Castes, Scheduled Tribes, Other Backward Classes and Minorities|01|Welfare of Scheduled Castes|911|Deduct Recoveries|0||04|Deduct Recovery of Over Payment of Previous years-ZP|||2225-01-911-0-04|Deduct Recovery of Over Payment of Previous years-ZP|V|Header|Detailed-Head|||||100.0
17|05|10|2225|Welfare of Scheduled Castes, Scheduled Tribes, Other Backward Classes and Minorities|01|Welfare of Scheduled Castes|911|Deduct Recoveries|0||04|Deduct Recovery of Over Payment of Previous years-ZP|261|Inter Account Transfers|2225-01-911-0-04|Inter Account Transfers|V|Data|Object-Head||-5821.44|-5821.44|-13508.49|100.0
17|05|10|2225|Welfare of Scheduled Castes, Scheduled Tribes, Other Backward Classes and Minorities|01|Welfare of Scheduled Castes|911|Deduct Recoveries|0||04|Deduct Recovery of Over Payment of Previous years-ZP|364|Deduct - Recoveries|2225-01-911-0-04|Deduct - Recoveries|V|Data|Object-Head|-298.02||||100.0
17|05|10|2225|Welfare of Scheduled Castes, Scheduled Tribes, Other Backward Classes and Minorities|01|Welfare of Scheduled Castes|911|Deduct Recoveries|0||04|Deduct Recovery of Over Payment of Previous years-ZP||||HOA Total :|V|Total|Detailed-Head|-298.02|-5821.44|-5821.44|-13508.49|100.0
17|05|10|2225|Welfare of Scheduled Castes, Scheduled Tribes, Other Backward Classes and Minorities|01|Welfare of Scheduled Castes|911|Deduct Recoveries|0||05|Deduct Recovery of Over Payment of Previous Years-TP|||2225-01-911-0-05|Deduct Recovery of Over Payment of Previous Years-TP|V|Header|Detailed-Head|||||100.0
17|05|10|2225|Welfare of Scheduled Castes, Scheduled Tribes, Other Backward Classes and Minorities|01|Welfare of Scheduled Castes|911|Deduct Recoveries|0||05|Deduct Recovery of Over Payment of Previous Years-TP|261|Inter Account Transfers|2225-01-911-0-05|Inter Account Transfers|V|Data|Object-Head||-7578.32|-7578.32|-14995.85|100.0
17|05|10|2225|Welfare of Scheduled Castes, Scheduled Tribes, Other Backward Classes and Minorities|01|Welfare of Scheduled Castes|911|Deduct Recoveries|0||05|Deduct Recovery of Over Payment of Previous Years-TP|364|Deduct - Recoveries|2225-01-911-0-05|Deduct - Recoveries|V|Data|Object-Head|-0.66||||100.0
17|05|10|2225|Welfare of Scheduled Castes, Scheduled Tribes, Other Backward Classes and Minorities|01|Welfare of Scheduled Castes|911|Deduct Recoveries|0||05|Deduct Recovery of Over Payment of Previous Years-TP||||HOA Total :|V|Total|Detailed-Head|-0.66|-7578.32|-7578.32|-14995.85|100.0
17|05|10|2225|Welfare of Scheduled Castes, Scheduled Tribes, Other Backward Classes and Minorities|01|Welfare of Scheduled Castes|||||||||2225|2225 - Total :|V|Total|Major-Head|383552.20|443595.62|433751.94|466448.63|
18|05|10|4225|Capital Outlay on Welfare of Scheduled Castes,Scheduled Tribes, Other Backward Classes and Minorities|01|Welfare of Scheduled Castes|||||||||4225|Capital Outlay on Welfare of Scheduled Castes,Scheduled Tribes, Other Backward Classes and Minorities|V|Header|Major-Head|||||
18|05|10|4225|Capital Outlay on Welfare of Scheduled Castes,Scheduled Tribes, Other Backward Classes and Minorities|01|Welfare of Scheduled Castes|||||||||4225-01|Welfare of Scheduled Castes|V|Header|Sub-Major-Head|||||
18|05|10|4225|Capital Outlay on Welfare of Scheduled Castes,Scheduled Tribes, Other Backward Classes and Minorities|01|Welfare of Scheduled Castes|001||0||01|Capital Expenses-Directorate of Civil Rights Enforcement|||4225-01-001-0-01|Capital Expenses-Directorate of Civil Rights Enforcement|V|Header|Detailed-Head|||||100.0
18|05|10|4225|Capital Outlay on Welfare of Scheduled Castes,Scheduled Tribes, Other Backward Classes and Minorities|01|Welfare of Scheduled Castes|001||0||01|Capital Expenses-Directorate of Civil Rights Enforcement|053|Purchase of Furniture and Fixture for Office|4225-01-001-0-01|Purchase of Furniture and Fixture for Office|V|Data|Object-Head||10.00|10.00|33.00|100.0
18|05|10|4225|Capital Outlay on Welfare of Scheduled Castes,Scheduled Tribes, Other Backward Classes and Minorities|01|Welfare of Scheduled Castes|001||0||01|Capital Expenses-Directorate of Civil Rights Enforcement|132|Other Capital Expenses|4225-01-001-0-01|Other Capital Expenses|V|Data|Object-Head||25.00|25.00|1.00|100.0
18|05|10|4225|Capital Outlay on Welfare of Scheduled Castes,Scheduled Tribes, Other Backward Classes and Minorities|01|Welfare of Scheduled Castes|001||0||01|Capital Expenses-Directorate of Civil Rights Enforcement|180|Machinery and Equipments|4225-01-001-0-01|Machinery and Equipments|V|Data|Object-Head||25.00|25.00|30.00|100.0
18|05|10|4225|Capital Outlay on Welfare of Scheduled Castes,Scheduled Tribes, Other Backward Classes and Minorities|01|Welfare of Scheduled Castes|001||0||01|Capital Expenses-Directorate of Civil Rights Enforcement|200|Maintenance Expenditure|4225-01-001-0-01|Maintenance Expenditure|V|Data|Object-Head||||40.00|100.0
18|05|10|4225|Capital Outlay on Welfare of Scheduled Castes,Scheduled Tribes, Other Backward Classes and Minorities|01|Welfare of Scheduled Castes|001||0||01|Capital Expenses-Directorate of Civil Rights Enforcement||||HOA Total :|V|Total|Detailed-Head|0.00|60.00|60.00|104.00|100.0
18|05|10|4225|Capital Outlay on Welfare of Scheduled Castes,Scheduled Tribes, Other Backward Classes and Minorities|01|Welfare of Scheduled Castes|190||0||05|Babu Jagjivan Ram Leather Industries Development Corporation|||4225-01-190-0-05|Babu Jagjivan Ram Leather Industries Development Corporation|V|Header|Detailed-Head|||||100.0
18|05|10|4225|Capital Outlay on Welfare of Scheduled Castes,Scheduled Tribes, Other Backward Classes and Minorities|01|Welfare of Scheduled Castes|190||0||05|Babu Jagjivan Ram Leather Industries Development Corporation|211|Investment|4225-01-190-0-05|Investment|V|Data|Object-Head|3500.00|4375.00|4375.00|4812.50|100.0
18|05|10|4225|Capital Outlay on Welfare of Scheduled Castes,Scheduled Tribes, Other Backward Classes and Minorities|01|Welfare of Scheduled Castes|190||0||05|Babu Jagjivan Ram Leather Industries Development Corporation||||HOA Total :|V|Total|Detailed-Head|3500.00|4375.00|4375.00|4812.50|100.0
18|05|10|4225|Capital Outlay on Welfare of Scheduled Castes,Scheduled Tribes, Other Backward Classes and Minorities|01|Welfare of Scheduled Castes|190||0||06|Unspent SCSP-TSP Amount as per the SCSP-TSP Act 2013|||4225-01-190-0-06|Unspent SCSP-TSP Amount as per the SCSP-TSP Act 2013|V|Header|Detailed-Head|||||100.0
18|05|10|4225|Capital Outlay on Welfare of Scheduled Castes,Scheduled Tribes, Other Backward Classes and Minorities|01|Welfare of Scheduled Castes|190||0||06|Unspent SCSP-TSP Amount as per the SCSP-TSP Act 2013|059|Other Expenses|4225-01-190-0-06|Other Expenses|V|Data|Object-Head|891.55||||100.0
18|05|10|4225|Capital Outlay on Welfare of Scheduled Castes,Scheduled Tribes, Other Backward Classes and Minorities|01|Welfare of Scheduled Castes|190||0||06|Unspent SCSP-TSP Amount as per the SCSP-TSP Act 2013|132|Other Capital Expenses|4225-01-190-0-06|Other Capital Expenses|V|Data|Object-Head||448.98|448.98|186.55|100.0
18|05|10|4225|Capital Outlay on Welfare of Scheduled Castes,Scheduled Tribes, Other Backward Classes and Minorities|01|Welfare of Scheduled Castes|190||0||06|Unspent SCSP-TSP Amount as per the SCSP-TSP Act 2013||||HOA Total :|V|Total|Detailed-Head|891.55|448.98|448.98|186.55|100.0
18|05|10|4225|Capital Outlay on Welfare of Scheduled Castes,Scheduled Tribes, Other Backward Classes and Minorities|01|Welfare of Scheduled Castes|277||2|CSS-Central Share-Babu Jagajivan Ram Chhatrawas Yojane|01|Purchase/Construction of Buildings|||4225-01-277-2-01|Purchase/Construction of Buildings|V|Header|Detailed-Head|||||100.0
18|05|10|4225|Capital Outlay on Welfare of Scheduled Castes,Scheduled Tribes, Other Backward Classes and Minorities|01|Welfare of Scheduled Castes|277||2|CSS-Central Share-Babu Jagajivan Ram Chhatrawas Yojane|01|Purchase/Construction of Buildings|386|Purchase/Construction of Buildings|4225-01-277-2-01|Purchase/Construction of Buildings|V|Data|Object-Head|112.50|1463.00|1463.00|1350.00|100.0
18|05|10|4225|Capital Outlay on Welfare of Scheduled Castes,Scheduled Tribes, Other Backward Classes and Minorities|01|Welfare of Scheduled Castes|277||2|CSS-Central Share-Babu Jagajivan Ram Chhatrawas Yojane|01|Purchase/Construction of Buildings||||HOA Total :|V|Total|Detailed-Head|112.50|1463.00|1463.00|1350.00|100.0
19|05|10|4225|Capital Outlay on Welfare of Scheduled Castes,Scheduled Tribes, Other Backward Classes and Minorities|01|Welfare of Scheduled Castes|277||2||03|Construction of Residential School Buildings (State Scheme-KREIS)|||4225-01-277-2-03|Construction of Residential School Buildings (State Scheme-KREIS)|V|Header|Detailed-Head|||||100.0
19|05|10|4225|Capital Outlay on Welfare of Scheduled Castes,Scheduled Tribes, Other Backward Classes and Minorities|01|Welfare of Scheduled Castes|277||2||03|Construction of Residential School Buildings (State Scheme-KREIS)|180|Machinery and Equipments|4225-01-277-2-03|Machinery and Equipments|V|Data|Object-Head||5300.00|5300.00|5000.00|100.0
19|05|10|4225|Capital Outlay on Welfare of Scheduled Castes,Scheduled Tribes, Other Backward Classes and Minorities|01|Welfare of Scheduled Castes|277||2||03|Construction of Residential School Buildings (State Scheme-KREIS)|386|Purchase/Construction of Buildings|4225-01-277-2-03|Purchase/Construction of Buildings|V|Data|Object-Head|90000.00|65000.00|65000.00|65000.00|100.0
19|05|10|4225|Capital Outlay on Welfare of Scheduled Castes,Scheduled Tribes, Other Backward Classes and Minorities|01|Welfare of Scheduled Castes|277||2||03|Construction of Residential School Buildings (State Scheme-KREIS)||||HOA Total :|V|Total|Detailed-Head|90000.00|70300.00|70300.00|70000.00|100.0
19|05|10|4225|Capital Outlay on Welfare of Scheduled Castes,Scheduled Tribes, Other Backward Classes and Minorities|01|Welfare of Scheduled Castes|277||2||07|CSS-State Share-Babu Jagajivan Ram Chhatrawas Yojane|||4225-01-277-2-07|CSS-State Share-Babu Jagajivan Ram Chhatrawas Yojane|V|Header|Detailed-Head|||||100.0
19|05|10|4225|Capital Outlay on Welfare of Scheduled Castes,Scheduled Tribes, Other Backward Classes and Minorities|01|Welfare of Scheduled Castes|277||2||07|CSS-State Share-Babu Jagajivan Ram Chhatrawas Yojane|386|Purchase/Construction of Buildings|4225-01-277-2-07|Purchase/Construction of Buildings|V|Data|Object-Head||3932.00|3932.00|2005.00|100.0
19|05|10|4225|Capital Outlay on Welfare of Scheduled Castes,Scheduled Tribes, Other Backward Classes and Minorities|01|Welfare of Scheduled Castes|277||2||07|CSS-State Share-Babu Jagajivan Ram Chhatrawas Yojane||||HOA Total :|V|Total|Detailed-Head|0.00|3932.00|3932.00|2005.00|100.0
19|05|10|4225|Capital Outlay on Welfare of Scheduled Castes,Scheduled Tribes, Other Backward Classes and Minorities|01|Welfare of Scheduled Castes|277||2||08|Construction of Hostels(State Scheme-Commissionerate)|||4225-01-277-2-08|Construction of Hostels(State Scheme-Commissionerate)|V|Header|Detailed-Head|||||100.0
19|05|10|4225|Capital Outlay on Welfare of Scheduled Castes,Scheduled Tribes, Other Backward Classes and Minorities|01|Welfare of Scheduled Castes|277||2||08|Construction of Hostels(State Scheme-Commissionerate)|386|Purchase/Construction of Buildings|4225-01-277-2-08|Purchase/Construction of Buildings|V|Data|Object-Head|22499.99|28000.00|28000.00|30000.00|100.0
19|05|10|4225|Capital Outlay on Welfare of Scheduled Castes,Scheduled Tribes, Other Backward Classes and Minorities|01|Welfare of Scheduled Castes|277||2||08|Construction of Hostels(State Scheme-Commissionerate)||||HOA Total :|V|Total|Detailed-Head|22499.99|28000.00|28000.00|30000.00|100.0
19|05|10|4225|Capital Outlay on Welfare of Scheduled Castes,Scheduled Tribes, Other Backward Classes and Minorities|01|Welfare of Scheduled Castes|796||0||01|Various Development Programme for Schedule Caste|||4225-01-796-0-01|Various Development Programme for Schedule Caste|V|Header|Detailed-Head|||||100.0
19|05|10|4225|Capital Outlay on Welfare of Scheduled Castes,Scheduled Tribes, Other Backward Classes and Minorities|01|Welfare of Scheduled Castes|796||0||01|Various Development Programme for Schedule Caste|132|Other Capital Expenses|4225-01-796-0-01|Other Capital Expenses|V|Data|Object-Head|67485.76|50000.00|55000.00|60000.00|100.0
19|05|10|4225|Capital Outlay on Welfare of Scheduled Castes,Scheduled Tribes, Other Backward Classes and Minorities|01|Welfare of Scheduled Castes|796||0||01|Various Development Programme for Schedule Caste||||HOA Total :|V|Total|Detailed-Head|67485.76|50000.00|55000.00|60000.00|100.0
19|05|10|4225|Capital Outlay on Welfare of Scheduled Castes,Scheduled Tribes, Other Backward Classes and Minorities|01|Welfare of Scheduled Castes|796||0||90|Deduct Recovery of Capital Account|||4225-01-796-0-90|Deduct Recovery of Capital Account|V|Header|Detailed-Head|||||100.0
19|05|10|4225|Capital Outlay on Welfare of Scheduled Castes,Scheduled Tribes, Other Backward Classes and Minorities|01|Welfare of Scheduled Castes|796||0||90|Deduct Recovery of Capital Account|364|Deduct - Recoveries|4225-01-796-0-90|Deduct - Recoveries|V|Data|Object-Head|-8.74||||100.0
19|05|10|4225|Capital Outlay on Welfare of Scheduled Castes,Scheduled Tribes, Other Backward Classes and Minorities|01|Welfare of Scheduled Castes|796||0||90|Deduct Recovery of Capital Account||||HOA Total :|V|Total|Detailed-Head|-8.74|0.00|0.00|0.00|100.0
19|05|10|4225|Capital Outlay on Welfare of Scheduled Castes,Scheduled Tribes, Other Backward Classes and Minorities|01|Welfare of Scheduled Castes||||||||||4225 - Total :|V|Total|Major-Head|184481.06|158578.98|163578.98|168458.05|
20|05|10|2225|Welfare of Scheduled Castes, Scheduled Tribes, Other Backward Classes and Minorities|02|Welfare of Scheduled Tribes|001|Direction and Administration|0||01|Directorate of STs Welfare|||2225-02-001-0-01|Directorate of STs Welfare|V|Header|Detailed-Head|||||100.0
20|05|10|2225|Welfare of Scheduled Castes, Scheduled Tribes, Other Backward Classes and Minorities|02|Welfare of Scheduled Tribes|001|Direction and Administration|0||01|Directorate of STs Welfare|002|Basic Pay|2225-02-001-0-01|Basic Pay|V|Data|Object-Head|71.72|220.00|220.00|197.00|100.0
20|05|10|2225|Welfare of Scheduled Castes, Scheduled Tribes, Other Backward Classes and Minorities|02|Welfare of Scheduled Tribes|001|Direction and Administration|0||01|Directorate of STs Welfare|003|Basic Pay-Staff|2225-02-001-0-01|Basic Pay-Staff|V|Data|Object-Head|70.61||||100.0
20|05|10|2225|Welfare of Scheduled Castes, Scheduled Tribes, Other Backward Classes and Minorities|02|Welfare of Scheduled Tribes|001|Direction and Administration|0||01|Directorate of STs Welfare|004|Interim Relief|2225-02-001-0-01|Interim Relief|V|Data|Object-Head|10.30||||100.0
20|05|10|2225|Welfare of Scheduled Castes, Scheduled Tribes, Other Backward Classes and Minorities|02|Welfare of Scheduled Tribes|001|Direction and Administration|0||01|Directorate of STs Welfare|011|Dearness Allowance|2225-02-001-0-01|Dearness Allowance|V|Data|Object-Head|35.21|49.00|49.00|50.00|100.0
20|05|10|2225|Welfare of Scheduled Castes, Scheduled Tribes, Other Backward Classes and Minorities|02|Welfare of Scheduled Tribes|001|Direction and Administration|0||01|Directorate of STs Welfare|014|Other Allowance|2225-02-001-0-01|Other Allowance|V|Data|Object-Head|36.45|51.00|51.00|50.00|100.0
20|05|10|2225|Welfare of Scheduled Castes, Scheduled Tribes, Other Backward Classes and Minorities|02|Welfare of Scheduled Tribes|001|Direction and Administration|0||01|Directorate of STs Welfare|020|Medical Allowance|2225-02-001-0-01|Medical Allowance|V|Data|Object-Head|0.58||||100.0
20|05|10|2225|Welfare of Scheduled Castes, Scheduled Tribes, Other Backward Classes and Minorities|02|Welfare of Scheduled Tribes|001|Direction and Administration|0||01|Directorate of STs Welfare|021|Reimbursement of Medical Expenses|2225-02-001-0-01|Reimbursement of Medical Expenses|V|Data|Object-Head|0.19|12.00|12.00|12.00|100.0
20|05|10|2225|Welfare of Scheduled Castes, Scheduled Tribes, Other Backward Classes and Minorities|02|Welfare of Scheduled Tribes|001|Direction and Administration|0||01|Directorate of STs Welfare|034|Contract/Outsource|2225-02-001-0-01|Contract/Outsource|V|Data|Object-Head|50.57|53.05|103.80|54.78|100.0
20|05|10|2225|Welfare of Scheduled Castes, Scheduled Tribes, Other Backward Classes and Minorities|02|Welfare of Scheduled Tribes|001|Direction and Administration|0||01|Directorate of STs Welfare|035|Salary of Board/Corp.Staff working in State Government|2225-02-001-0-01|Salary of Board/Corp.Staff working in State Government|V|Data|Object-Head|19.76|18.65|18.65|18.65|100.0
20|05|10|2225|Welfare of Scheduled Castes, Scheduled Tribes, Other Backward Classes and Minorities|02|Welfare of Scheduled Tribes|001|Direction and Administration|0||01|Directorate of STs Welfare|041|Travel Expenses|2225-02-001-0-01|Travel Expenses|V|Data|Object-Head|3.75|4.00|7.00|4.50|100.0
20|05|10|2225|Welfare of Scheduled Castes, Scheduled Tribes, Other Backward Classes and Minorities|02|Welfare of Scheduled Tribes|001|Direction and Administration|0||01|Directorate of STs Welfare|050|Office Expenses|2225-02-001-0-01|Office Expenses|V|Data|Object-Head||6.00|36.00|7.00|100.0
20|05|10|2225|Welfare of Scheduled Castes, Scheduled Tribes, Other Backward Classes and Minorities|02|Welfare of Scheduled Tribes|001|Direction and Administration|0||01|Directorate of STs Welfare|051|General Expenses|2225-02-001-0-01|General Expenses|V|Data|Object-Head|134.82|175.00|117.00|160.00|100.0
20|05|10|2225|Welfare of Scheduled Castes, Scheduled Tribes, Other Backward Classes and Minorities|02|Welfare of Scheduled Tribes|001|Direction and Administration|0||01|Directorate of STs Welfare|052|Telephone Charges|2225-02-001-0-01|Telephone Charges|V|Data|Object-Head|0.43||||100.0
20|05|10|2225|Welfare of Scheduled Castes, Scheduled Tribes, Other Backward Classes and Minorities|02|Welfare of Scheduled Tribes|001|Direction and Administration|0||01|Directorate of STs Welfare|071|Building Expenses|2225-02-001-0-01|Building Expenses|V|Data|Object-Head|115.94|129.31|129.31|129.31|100.0
20|05|10|2225|Welfare of Scheduled Castes, Scheduled Tribes, Other Backward Classes and Minorities|02|Welfare of Scheduled Tribes|001|Direction and Administration|0||01|Directorate of STs Welfare|195|Transport Expenses|2225-02-001-0-01|Transport Expenses|V|Data|Object-Head|22.19|23.37|48.37|31.62|100.0
20|05|10|2225|Welfare of Scheduled Castes, Scheduled Tribes, Other Backward Classes and Minorities|02|Welfare of Scheduled Tribes|001|Direction and Administration|0||01|Directorate of STs Welfare||||HOA Total :|V|Total|Detailed-Head|572.52|741.38|792.13|714.86|100.0
20|05|10|2225|Welfare of Scheduled Castes, Scheduled Tribes, Other Backward Classes and Minorities|02|Welfare of Scheduled Tribes|001|Direction and Administration|0||02|Tribal Research Institute|||2225-02-001-0-02|Tribal Research Institute|V|Header|Detailed-Head|||||100.0
20|05|10|2225|Welfare of Scheduled Castes, Scheduled Tribes, Other Backward Classes and Minorities|02|Welfare of Scheduled Tribes|001|Direction and Administration|0||02|Tribal Research Institute|002|Basic Pay|2225-02-001-0-02|Basic Pay|V|Data|Object-Head|32.77|51.00|82.98|59.00|100.0
20|05|10|2225|Welfare of Scheduled Castes, Scheduled Tribes, Other Backward Classes and Minorities|02|Welfare of Scheduled Tribes|001|Direction and Administration|0||02|Tribal Research Institute|003|Basic Pay-Staff|2225-02-001-0-02|Basic Pay-Staff|V|Data|Object-Head|14.14||||100.0
20|05|10|2225|Welfare of Scheduled Castes, Scheduled Tribes, Other Backward Classes and Minorities|02|Welfare of Scheduled Tribes|001|Direction and Administration|0||02|Tribal Research Institute|004|Interim Relief|2225-02-001-0-02|Interim Relief|V|Data|Object-Head|3.03||||100.0
20|05|10|2225|Welfare of Scheduled Castes, Scheduled Tribes, Other Backward Classes and Minorities|02|Welfare of Scheduled Tribes|001|Direction and Administration|0||02|Tribal Research Institute|011|Dearness Allowance|2225-02-001-0-02|Dearness Allowance|V|Data|Object-Head|13.44|12.00|16.95|15.00|100.0
20|05|10|2225|Welfare of Scheduled Castes, Scheduled Tribes, Other Backward Classes and Minorities|02|Welfare of Scheduled Tribes|001|Direction and Administration|0||02|Tribal Research Institute|014|Other Allowance|2225-02-001-0-02|Other Allowance|V|Data|Object-Head|8.41|10.00|15.23|12.00|100.0
20|05|10|2225|Welfare of Scheduled Castes, Scheduled Tribes, Other Backward Classes and Minorities|02|Welfare of Scheduled Tribes|001|Direction and Administration|0||02|Tribal Research Institute|020|Medical Allowance|2225-02-001-0-02|Medical Allowance|V|Data|Object-Head|0.09||||100.0
20|05|10|2225|Welfare of Scheduled Castes, Scheduled Tribes, Other Backward Classes and Minorities|02|Welfare of Scheduled Tribes|001|Direction and Administration|0||02|Tribal Research Institute|021|Reimbursement of Medical Expenses|2225-02-001-0-02|Reimbursement of Medical Expenses|V|Data|Object-Head|1.07|3.00|3.00|3.00|100.0
21|05|10|2225|Welfare of Scheduled Castes, Scheduled Tribes, Other Backward Classes and Minorities|02|Welfare of Scheduled Tribes|001|Direction and Administration|0||02|Tribal Research Institute|041|Travel Expenses|2225-02-001-0-02|Travel Expenses|V|Data|Object-Head||1.00|1.00|1.00|100.0
21|05|10|2225|Welfare of Scheduled Castes, Scheduled Tribes, Other Backward Classes and Minorities|02|Welfare of Scheduled Tribes|001|Direction and Administration|0||02|Tribal Research Institute|050|Office Expenses|2225-02-001-0-02|Office Expenses|V|Data|Object-Head|50.00|50.00|50.00|50.00|100.0
21|05|10|2225|Welfare of Scheduled Castes, Scheduled Tribes, Other Backward Classes and Minorities|02|Welfare of Scheduled Tribes|001|Direction and Administration|0||02|Tribal Research Institute|051|General Expenses|2225-02-001-0-02|General Expenses|V|Data|Object-Head|399.96|200.00|331.17|210.00|100.0
21|05|10|2225|Welfare of Scheduled Castes, Scheduled Tribes, Other Backward Classes and Minorities|02|Welfare of Scheduled Tribes|001|Direction and Administration|0||02|Tribal Research Institute|052|Telephone Charges|2225-02-001-0-02|Telephone Charges|V|Data|Object-Head|0.10||||100.0
21|05|10|2225|Welfare of Scheduled Castes, Scheduled Tribes, Other Backward Classes and Minorities|02|Welfare of Scheduled Tribes|001|Direction and Administration|0||02|Tribal Research Institute|071|Building Expenses|2225-02-001-0-02|Building Expenses|V|Data|Object-Head|2.24|10.40|10.40|5.00|100.0
21|05|10|2225|Welfare of Scheduled Castes, Scheduled Tribes, Other Backward Classes and Minorities|02|Welfare of Scheduled Tribes|001|Direction and Administration|0||02|Tribal Research Institute|200|Maintenance Expenditure|2225-02-001-0-02|Maintenance Expenditure|V|Data|Object-Head|0.72|1.00|1.00||100.0
21|05|10|2225|Welfare of Scheduled Castes, Scheduled Tribes, Other Backward Classes and Minorities|02|Welfare of Scheduled Tribes|001|Direction and Administration|0||02|Tribal Research Institute||||HOA Total :|V|Total|Detailed-Head|525.97|338.40|511.73|355.00|100.0
21|05|10|2225|Welfare of Scheduled Castes, Scheduled Tribes, Other Backward Classes and Minorities|02|Welfare of Scheduled Tribes|001|Direction and Administration|0||03|Unspent SCSP-TSP Amount as per the SCSP-TSP Act 2013|||2225-02-001-0-03|Unspent SCSP-TSP Amount as per the SCSP-TSP Act 2013|V|Header|Detailed-Head|||||100.0
21|05|10|2225|Welfare of Scheduled Castes, Scheduled Tribes, Other Backward Classes and Minorities|02|Welfare of Scheduled Tribes|001|Direction and Administration|0||03|Unspent SCSP-TSP Amount as per the SCSP-TSP Act 2013|059|Other Expenses|2225-02-001-0-03|Other Expenses|V|Data|Object-Head|1379.54|611.48|611.48|3063.93|100.0
21|05|10|2225|Welfare of Scheduled Castes, Scheduled Tribes, Other Backward Classes and Minorities|02|Welfare of Scheduled Tribes|001|Direction and Administration|0||03|Unspent SCSP-TSP Amount as per the SCSP-TSP Act 2013||||HOA Total :|V|Total|Detailed-Head|1379.54|611.48|611.48|3063.93|100.0
21|05|10|2225|Welfare of Scheduled Castes, Scheduled Tribes, Other Backward Classes and Minorities|02|Welfare of Scheduled Tribes|001|Direction and Administration|0||05|CSS-Central Share(100% GoI)-Administrative Expenses released for schemes under ST Welfare|||2225-02-001-0-05|CSS-Central Share(100% GoI)-Administrative Expenses released for schemes under ST Welfare|V|Header|Detailed-Head|||||100.0
21|05|10|2225|Welfare of Scheduled Castes, Scheduled Tribes, Other Backward Classes and Minorities|02|Welfare of Scheduled Tribes|001|Direction and Administration|0||05|CSS-Central Share(100% GoI)-Administrative Expenses released for schemes under ST Welfare|051|General Expenses|2225-02-001-0-05|General Expenses|V|Data|Object-Head|65.50|94.00|94.00|125.00|100.0
21|05|10|2225|Welfare of Scheduled Castes, Scheduled Tribes, Other Backward Classes and Minorities|02|Welfare of Scheduled Tribes|001|Direction and Administration|0||05|CSS-Central Share(100% GoI)-Administrative Expenses released for schemes under ST Welfare||||HOA Total :|V|Total|Detailed-Head|65.50|94.00|94.00|125.00|100.0
21|05|10|2225|Welfare of Scheduled Castes, Scheduled Tribes, Other Backward Classes and Minorities|02|Welfare of Scheduled Tribes|001|Direction and Administration|0||50|Vacant Post Provision|||2225-02-001-0-50|Vacant Post Provision|V|Header|Detailed-Head|||||100.0
21|05|10|2225|Welfare of Scheduled Castes, Scheduled Tribes, Other Backward Classes and Minorities|02|Welfare of Scheduled Tribes|001|Direction and Administration|0||50|Vacant Post Provision|014|Other Allowance|2225-02-001-0-50|Other Allowance|V|Data|Object-Head||8256.94|8159.55|10131.94|100.0
21|05|10|2225|Welfare of Scheduled Castes, Scheduled Tribes, Other Backward Classes and Minorities|02|Welfare of Scheduled Tribes|001|Direction and Administration|0||50|Vacant Post Provision||||HOA Total :|V|Total|Detailed-Head|0.00|8256.94|8159.55|10131.94|100.0
21|05|10|2225|Welfare of Scheduled Castes, Scheduled Tribes, Other Backward Classes and Minorities|02|Welfare of Scheduled Tribes|102|Economic Development|0||04|Ganga Kalyana - for Schedule Tribe|||2225-02-102-0-04|Ganga Kalyana - for Schedule Tribe|V|Header|Detailed-Head|||||100.0
21|05|10|2225|Welfare of Scheduled Castes, Scheduled Tribes, Other Backward Classes and Minorities|02|Welfare of Scheduled Tribes|102|Economic Development|0||04|Ganga Kalyana - for Schedule Tribe|059|Other Expenses|2225-02-102-0-04|Other Expenses|V|Data|Object-Head|6500.00|8125.00|8125.00|8937.50|100.0
21|05|10|2225|Welfare of Scheduled Castes, Scheduled Tribes, Other Backward Classes and Minorities|02|Welfare of Scheduled Tribes|102|Economic Development|0||04|Ganga Kalyana - for Schedule Tribe||||HOA Total :|V|Total|Detailed-Head|6500.00|8125.00|8125.00|8937.50|100.0
22|05|10|2225|Welfare of Scheduled Castes, Scheduled Tribes, Other Backward Classes and Minorities|02|Welfare of Scheduled Tribes|102|Economic Development|0||08|CSS-Central Share-(100% GoI)- Dharti Aaba Janjatiya Gram Utkarsh Abhiyan (DA-JUGA)|||2225-02-102-0-08|CSS-Central Share-(100% GoI)- Dharti Aaba Janjatiya Gram Utkarsh Abhiyan (DA-JUGA)|V|Header|Detailed-Head|||||100.0
22|05|10|2225|Welfare of Scheduled Castes, Scheduled Tribes, Other Backward Classes and Minorities|02|Welfare of Scheduled Tribes|102|Economic Development|0||08|CSS-Central Share-(100% GoI)- Dharti Aaba Janjatiya Gram Utkarsh Abhiyan (DA-JUGA)|140|Minor Works|2225-02-102-0-08|Minor Works|V|Data|Object-Head|||1983.18|1983.00|100.0
22|05|10|2225|Welfare of Scheduled Castes, Scheduled Tribes, Other Backward Classes and Minorities|02|Welfare of Scheduled Tribes|102|Economic Development|0||08|CSS-Central Share-(100% GoI)- Dharti Aaba Janjatiya Gram Utkarsh Abhiyan (DA-JUGA)||||HOA Total :|V|Total|Detailed-Head|0.00|0.00|1983.18|1983.00|100.0
22|05|10|2225|Welfare of Scheduled Castes, Scheduled Tribes, Other Backward Classes and Minorities|02|Welfare of Scheduled Tribes|190|Assistance to Public Sector and Other Undertakings|2|Self Employment Scheme & Land Purchase Scheme for Schedule Tribe|01|Self Employment Scheme & Land Purchase Scheme for Schedule Tribe|||2225-02-190-2-01|Self Employment Scheme & Land Purchase Scheme for Schedule Tribe|V|Header|Detailed-Head|||||100.0
22|05|10|2225|Welfare of Scheduled Castes, Scheduled Tribes, Other Backward Classes and Minorities|02|Welfare of Scheduled Tribes|190|Assistance to Public Sector and Other Undertakings|2|Self Employment Scheme & Land Purchase Scheme for Schedule Tribe|01|Self Employment Scheme & Land Purchase Scheme for Schedule Tribe|103|Grants-in-Aid -General|2225-02-190-2-01|Grants-in-Aid -General|V|Data|Object-Head|6000.00|7500.00|7500.00|8250.00|100.0
22|05|10|2225|Welfare of Scheduled Castes, Scheduled Tribes, Other Backward Classes and Minorities|02|Welfare of Scheduled Tribes|190|Assistance to Public Sector and Other Undertakings|2|Self Employment Scheme & Land Purchase Scheme for Schedule Tribe|01|Self Employment Scheme & Land Purchase Scheme for Schedule Tribe||||HOA Total :|V|Total|Detailed-Head|6000.00|7500.00|7500.00|8250.00|100.0
22|05|10|2225|Welfare of Scheduled Castes, Scheduled Tribes, Other Backward Classes and Minorities|02|Welfare of Scheduled Tribes|190|Assistance to Public Sector and Other Undertakings|2|Self Employment Scheme & Land Purchase Scheme for Schedule Tribe|07|Micro Credit to S.Ts through Self Help Women Groups (SHG)|||2225-02-190-2-07|Micro Credit to S.Ts through Self Help Women Groups (SHG)|V|Header|Detailed-Head|||||100.0
22|05|10|2225|Welfare of Scheduled Castes, Scheduled Tribes, Other Backward Classes and Minorities|02|Welfare of Scheduled Tribes|190|Assistance to Public Sector and Other Undertakings|2|Self Employment Scheme & Land Purchase Scheme for Schedule Tribe|07|Micro Credit to S.Ts through Self Help Women Groups (SHG)|106|Subsidies|2225-02-190-2-07|Subsidies|V|Data|Object-Head|5000.00|6250.00|6250.00|6875.00|100.0
22|05|10|2225|Welfare of Scheduled Castes, Scheduled Tribes, Other Backward Classes and Minorities|02|Welfare of Scheduled Tribes|190|Assistance to Public Sector and Other Undertakings|2|Self Employment Scheme & Land Purchase Scheme for Schedule Tribe|07|Micro Credit to S.Ts through Self Help Women Groups (SHG)||||HOA Total :|V|Total|Detailed-Head|5000.00|6250.00|6250.00|6875.00|100.0
22|05|10|2225|Welfare of Scheduled Castes, Scheduled Tribes, Other Backward Classes and Minorities|02|Welfare of Scheduled Tribes|196|Assistance to Zilla Panchayats/District Level Panchayats|1|Grants for Maintenance of Pre and Post-Matric Government Hostels and Aashram Schools|01|Grants for Maintenance of Pre and Post-Matric Government Hostels and Aashram Schools|||2225-02-196-1-01|Grants for Maintenance of Pre and Post-Matric Government Hostels and Aashram Schools|V|Header|Detailed-Head|||||100.0
22|05|10|2225|Welfare of Scheduled Castes, Scheduled Tribes, Other Backward Classes and Minorities|02|Welfare of Scheduled Tribes|196|Assistance to Zilla Panchayats/District Level Panchayats|1|Grants for Maintenance of Pre and Post-Matric Government Hostels and Aashram Schools|01|Grants for Maintenance of Pre and Post-Matric Government Hostels and Aashram Schools|300|Lumpsum - ZP|2225-02-196-1-01|Lumpsum - ZP|V|Data|Object-Head||6550.00|6550.00|1300.00|100.0
22|05|10|2225|Welfare of Scheduled Castes, Scheduled Tribes, Other Backward Classes and Minorities|02|Welfare of Scheduled Tribes|196|Assistance to Zilla Panchayats/District Level Panchayats|1|Grants for Maintenance of Pre and Post-Matric Government Hostels and Aashram Schools|01|Grants for Maintenance of Pre and Post-Matric Government Hostels and Aashram Schools|401|Bengaluru (Urban)|2225-02-196-1-01|Bengaluru (Urban)|V|Data|Object-Head|522.91|240.58|240.58|503.58|100.0
22|05|10|2225|Welfare of Scheduled Castes, Scheduled Tribes, Other Backward Classes and Minorities|02|Welfare of Scheduled Tribes|196|Assistance to Zilla Panchayats/District Level Panchayats|1|Grants for Maintenance of Pre and Post-Matric Government Hostels and Aashram Schools|01|Grants for Maintenance of Pre and Post-Matric Government Hostels and Aashram Schools|402|Bengaluru (Rural)|2225-02-196-1-01|Bengaluru (Rural)|V|Data|Object-Head|203.43|88.76|88.76|507.96|100.0
22|05|10|2225|Welfare of Scheduled Castes, Scheduled Tribes, Other Backward Classes and Minorities|02|Welfare of Scheduled Tribes|196|Assistance to Zilla Panchayats/District Level Panchayats|1|Grants for Maintenance of Pre and Post-Matric Government Hostels and Aashram Schools|01|Grants for Maintenance of Pre and Post-Matric Government Hostels and Aashram Schools|403|Chitradurga|2225-02-196-1-01|Chitradurga|V|Data|Object-Head|1327.72|842.25|842.25|739.03|100.0
22|05|10|2225|Welfare of Scheduled Castes, Scheduled Tribes, Other Backward Classes and Minorities|02|Welfare of Scheduled Tribes|196|Assistance to Zilla Panchayats/District Level Panchayats|1|Grants for Maintenance of Pre and Post-Matric Government Hostels and Aashram Schools|01|Grants for Maintenance of Pre and Post-Matric Government Hostels and Aashram Schools|404|Kolar|2225-02-196-1-01|Kolar|V|Data|Object-Head|243.23|143.36|143.36|363.98|100.0
22|05|10|2225|Welfare of Scheduled Castes, Scheduled Tribes, Other Backward Classes and Minorities|02|Welfare of Scheduled Tribes|196|Assistance to Zilla Panchayats/District Level Panchayats|1|Grants for Maintenance of Pre and Post-Matric Government Hostels and Aashram Schools|01|Grants for Maintenance of Pre and Post-Matric Government Hostels and Aashram Schools|405|Shivamogga|2225-02-196-1-01|Shivamogga|V|Data|Object-Head|384.37|201.52|201.52|492.91|100.0
22|05|10|2225|Welfare of Scheduled Castes, Scheduled Tribes, Other Backward Classes and Minorities|02|Welfare of Scheduled Tribes|196|Assistance to Zilla Panchayats/District Level Panchayats|1|Grants for Maintenance of Pre and Post-Matric Government Hostels and Aashram Schools|01|Grants for Maintenance of Pre and Post-Matric Government Hostels and Aashram Schools|406|Tumakuru|2225-02-196-1-01|Tumakuru|V|Data|Object-Head|911.75|633.61|633.61|749.40|100.0
22|05|10|2225|Welfare of Scheduled Castes, Scheduled Tribes, Other Backward Classes and Minorities|02|Welfare of Scheduled Tribes|196|Assistance to Zilla Panchayats/District Level Panchayats|1|Grants for Maintenance of Pre and Post-Matric Government Hostels and Aashram Schools|01|Grants for Maintenance of Pre and Post-Matric Government Hostels and Aashram Schools|407|Mysuru|2225-02-196-1-01|Mysuru|V|Data|Object-Head|2374.07|1954.61|1954.61|1410.59|100.0
22|05|10|2225|Welfare of Scheduled Castes, Scheduled Tribes, Other Backward Classes and Minorities|02|Welfare of Scheduled Tribes|196|Assistance to Zilla Panchayats/District Level Panchayats|1|Grants for Maintenance of Pre and Post-Matric Government Hostels and Aashram Schools|01|Grants for Maintenance of Pre and Post-Matric Government Hostels and Aashram Schools|408|Chikkamagaluru|2225-02-196-1-01|Chikkamagaluru|V|Data|Object-Head|867.98|716.69|716.69|634.90|100.0
23|05|10|2225|Welfare of Scheduled Castes, Scheduled Tribes, Other Backward Classes and Minorities|02|Welfare of Scheduled Tribes|196|Assistance to Zilla Panchayats/District Level Panchayats|1|Grants for Maintenance of Pre and Post-Matric Government Hostels and Aashram Schools|01|Grants for Maintenance of Pre and Post-Matric Government Hostels and Aashram Schools|409|Dakshina Kannada|2225-02-196-1-01|Dakshina Kannada|V|Data|Object-Head|1464.77|900.92|900.92|843.85|100.0
23|05|10|2225|Welfare of Scheduled Castes, Scheduled Tribes, Other Backward Classes and Minorities|02|Welfare of Scheduled Tribes|196|Assistance to Zilla Panchayats/District Level Panchayats|1|Grants for Maintenance of Pre and Post-Matric Government Hostels and Aashram Schools|01|Grants for Maintenance of Pre and Post-Matric Government Hostels and Aashram Schools|410|Hassan|2225-02-196-1-01|Hassan|V|Data|Object-Head|269.33|183.28|183.28|490.70|100.0
23|05|10|2225|Welfare of Scheduled Castes, Scheduled Tribes, Other Backward Classes and Minorities|02|Welfare of Scheduled Tribes|196|Assistance to Zilla Panchayats/District Level Panchayats|1|Grants for Maintenance of Pre and Post-Matric Government Hostels and Aashram Schools|01|Grants for Maintenance of Pre and Post-Matric Government Hostels and Aashram Schools|411|Kodagu|2225-02-196-1-01|Kodagu|V|Data|Object-Head|924.80|969.56|969.56|800.15|100.0
23|05|10|2225|Welfare of Scheduled Castes, Scheduled Tribes, Other Backward Classes and Minorities|02|Welfare of Scheduled Tribes|196|Assistance to Zilla Panchayats/District Level Panchayats|1|Grants for Maintenance of Pre and Post-Matric Government Hostels and Aashram Schools|01|Grants for Maintenance of Pre and Post-Matric Government Hostels and Aashram Schools|412|Mandya|2225-02-196-1-01|Mandya|V|Data|Object-Head|127.10|90.11|90.11|486.86|100.0
23|05|10|2225|Welfare of Scheduled Castes, Scheduled Tribes, Other Backward Classes and Minorities|02|Welfare of Scheduled Tribes|196|Assistance to Zilla Panchayats/District Level Panchayats|1|Grants for Maintenance of Pre and Post-Matric Government Hostels and Aashram Schools|01|Grants for Maintenance of Pre and Post-Matric Government Hostels and Aashram Schools|413|Belagavi|2225-02-196-1-01|Belagavi|V|Data|Object-Head|1422.73|973.35|973.35|925.24|100.0
23|05|10|2225|Welfare of Scheduled Castes, Scheduled Tribes, Other Backward Classes and Minorities|02|Welfare of Scheduled Tribes|196|Assistance to Zilla Panchayats/District Level Panchayats|1|Grants for Maintenance of Pre and Post-Matric Government Hostels and Aashram Schools|01|Grants for Maintenance of Pre and Post-Matric Government Hostels and Aashram Schools|414|Vijayapura|2225-02-196-1-01|Vijayapura|V|Data|Object-Head|220.24|113.28|113.28|444.50|100.0
23|05|10|2225|Welfare of Scheduled Castes, Scheduled Tribes, Other Backward Classes and Minorities|02|Welfare of Scheduled Tribes|196|Assistance to Zilla Panchayats/District Level Panchayats|1|Grants for Maintenance of Pre and Post-Matric Government Hostels and Aashram Schools|01|Grants for Maintenance of Pre and Post-Matric Government Hostels and Aashram Schools|415|Dharwad|2225-02-196-1-01|Dharwad|V|Data|Object-Head|743.38|101.20|101.20|425.64|100.0
23|05|10|2225|Welfare of Scheduled Castes, Scheduled Tribes, Other Backward Classes and Minorities|02|Welfare of Scheduled Tribes|196|Assistance to Zilla Panchayats/District Level Panchayats|1|Grants for Maintenance of Pre and Post-Matric Government Hostels and Aashram Schools|01|Grants for Maintenance of Pre and Post-Matric Government Hostels and Aashram Schools|416|Uttara Kannada|2225-02-196-1-01|Uttara Kannada|V|Data|Object-Head|243.80|188.34|188.34|455.90|100.0
23|05|10|2225|Welfare of Scheduled Castes, Scheduled Tribes, Other Backward Classes and Minorities|02|Welfare of Scheduled Tribes|196|Assistance to Zilla Panchayats/District Level Panchayats|1|Grants for Maintenance of Pre and Post-Matric Government Hostels and Aashram Schools|01|Grants for Maintenance of Pre and Post-Matric Government Hostels and Aashram Schools|417|Kalaburagi|2225-02-196-1-01|Kalaburagi|V|Data|Object-Head|389.09|141.14|141.14|509.71|100.0
23|05|10|2225|Welfare of Scheduled Castes, Scheduled Tribes, Other Backward Classes and Minorities|02|Welfare of Scheduled Tribes|196|Assistance to Zilla Panchayats/District Level Panchayats|1|Grants for Maintenance of Pre and Post-Matric Government Hostels and Aashram Schools|01|Grants for Maintenance of Pre and Post-Matric Government Hostels and Aashram Schools|418|Ballari|2225-02-196-1-01|Ballari|V|Data|Object-Head|1234.77|804.83|804.83|788.86|100.0
23|05|10|2225|Welfare of Scheduled Castes, Scheduled Tribes, Other Backward Classes and Minorities|02|Welfare of Scheduled Tribes|196|Assistance to Zilla Panchayats/District Level Panchayats|1|Grants for Maintenance of Pre and Post-Matric Government Hostels and Aashram Schools|01|Grants for Maintenance of Pre and Post-Matric Government Hostels and Aashram Schools|419|Bidar|2225-02-196-1-01|Bidar|V|Data|Object-Head|1054.61|439.52|439.52|681.92|100.0
23|05|10|2225|Welfare of Scheduled Castes, Scheduled Tribes, Other Backward Classes and Minorities|02|Welfare of Scheduled Tribes|196|Assistance to Zilla Panchayats/District Level Panchayats|1|Grants for Maintenance of Pre and Post-Matric Government Hostels and Aashram Schools|01|Grants for Maintenance of Pre and Post-Matric Government Hostels and Aashram Schools|420|Raichur|2225-02-196-1-01|Raichur|V|Data|Object-Head|2077.00|1282.81|1282.81|1034.01|100.0
23|05|10|2225|Welfare of Scheduled Castes, Scheduled Tribes, Other Backward Classes and Minorities|02|Welfare of Scheduled Tribes|196|Assistance to Zilla Panchayats/District Level Panchayats|1|Grants for Maintenance of Pre and Post-Matric Government Hostels and Aashram Schools|01|Grants for Maintenance of Pre and Post-Matric Government Hostels and Aashram Schools|421|Yadgiri|2225-02-196-1-01|Yadgiri|V|Data|Object-Head|497.69|255.98|255.98|484.84|100.0
23|05|10|2225|Welfare of Scheduled Castes, Scheduled Tribes, Other Backward Classes and Minorities|02|Welfare of Scheduled Tribes|196|Assistance to Zilla Panchayats/District Level Panchayats|1|Grants for Maintenance of Pre and Post-Matric Government Hostels and Aashram Schools|01|Grants for Maintenance of Pre and Post-Matric Government Hostels and Aashram Schools|451|Davanagere|2225-02-196-1-01|Davanagere|V|Data|Object-Head|1269.94|695.57|695.57|767.23|100.0
23|05|10|2225|Welfare of Scheduled Castes, Scheduled Tribes, Other Backward Classes and Minorities|02|Welfare of Scheduled Tribes|196|Assistance to Zilla Panchayats/District Level Panchayats|1|Grants for Maintenance of Pre and Post-Matric Government Hostels and Aashram Schools|01|Grants for Maintenance of Pre and Post-Matric Government Hostels and Aashram Schools|452|Bengaluru South|2225-02-196-1-01|Bengaluru South|V|Data|Object-Head|184.44|182.96|182.96|571.63|100.0
23|05|10|2225|Welfare of Scheduled Castes, Scheduled Tribes, Other Backward Classes and Minorities|02|Welfare of Scheduled Tribes|196|Assistance to Zilla Panchayats/District Level Panchayats|1|Grants for Maintenance of Pre and Post-Matric Government Hostels and Aashram Schools|01|Grants for Maintenance of Pre and Post-Matric Government Hostels and Aashram Schools|453|Chikkaballapura|2225-02-196-1-01|Chikkaballapura|V|Data|Object-Head|954.60|423.98|423.98|572.35|100.0
23|05|10|2225|Welfare of Scheduled Castes, Scheduled Tribes, Other Backward Classes and Minorities|02|Welfare of Scheduled Tribes|196|Assistance to Zilla Panchayats/District Level Panchayats|1|Grants for Maintenance of Pre and Post-Matric Government Hostels and Aashram Schools|01|Grants for Maintenance of Pre and Post-Matric Government Hostels and Aashram Schools|456|Chamarajanagar|2225-02-196-1-01|Chamarajanagar|V|Data|Object-Head|1331.12|1227.71|1232.19|1050.77|100.0
23|05|10|2225|Welfare of Scheduled Castes, Scheduled Tribes, Other Backward Classes and Minorities|02|Welfare of Scheduled Tribes|196|Assistance to Zilla Panchayats/District Level Panchayats|1|Grants for Maintenance of Pre and Post-Matric Government Hostels and Aashram Schools|01|Grants for Maintenance of Pre and Post-Matric Government Hostels and Aashram Schools|457|Udupi|2225-02-196-1-01|Udupi|V|Data|Object-Head|707.79|437.56|437.56|543.08|100.0
23|05|10|2225|Welfare of Scheduled Castes, Scheduled Tribes, Other Backward Classes and Minorities|02|Welfare of Scheduled Tribes|196|Assistance to Zilla Panchayats/District Level Panchayats|1|Grants for Maintenance of Pre and Post-Matric Government Hostels and Aashram Schools|01|Grants for Maintenance of Pre and Post-Matric Government Hostels and Aashram Schools|461|Bagalkot|2225-02-196-1-01|Bagalkot|V|Data|Object-Head|245.76|140.00|140.00|428.66|100.0
23|05|10|2225|Welfare of Scheduled Castes, Scheduled Tribes, Other Backward Classes and Minorities|02|Welfare of Scheduled Tribes|196|Assistance to Zilla Panchayats/District Level Panchayats|1|Grants for Maintenance of Pre and Post-Matric Government Hostels and Aashram Schools|01|Grants for Maintenance of Pre and Post-Matric Government Hostels and Aashram Schools|462|Gadag|2225-02-196-1-01|Gadag|V|Data|Object-Head|355.36|186.38|186.38|551.94|100.0
23|05|10|2225|Welfare of Scheduled Castes, Scheduled Tribes, Other Backward Classes and Minorities|02|Welfare of Scheduled Tribes|196|Assistance to Zilla Panchayats/District Level Panchayats|1|Grants for Maintenance of Pre and Post-Matric Government Hostels and Aashram Schools|01|Grants for Maintenance of Pre and Post-Matric Government Hostels and Aashram Schools|463|Haveri|2225-02-196-1-01|Haveri|V|Data|Object-Head|629.00|445.29|445.29|557.91|100.0
23|05|10|2225|Welfare of Scheduled Castes, Scheduled Tribes, Other Backward Classes and Minorities|02|Welfare of Scheduled Tribes|196|Assistance to Zilla Panchayats/District Level Panchayats|1|Grants for Maintenance of Pre and Post-Matric Government Hostels and Aashram Schools|01|Grants for Maintenance of Pre and Post-Matric Government Hostels and Aashram Schools|466|Koppal|2225-02-196-1-01|Koppal|V|Data|Object-Head|1212.08|857.19|857.19|781.62|100.0
23|05|10|2225|Welfare of Scheduled Castes, Scheduled Tribes, Other Backward Classes and Minorities|02|Welfare of Scheduled Tribes|196|Assistance to Zilla Panchayats/District Level Panchayats|1|Grants for Maintenance of Pre and Post-Matric Government Hostels and Aashram Schools|01|Grants for Maintenance of Pre and Post-Matric Government Hostels and Aashram Schools|467|Vijayanagara|2225-02-196-1-01|Vijayanagara|V|Data|Object-Head|1169.52|667.85|667.85|702.25|100.0
23|05|10|2225|Welfare of Scheduled Castes, Scheduled Tribes, Other Backward Classes and Minorities|02|Welfare of Scheduled Tribes|196|Assistance to Zilla Panchayats/District Level Panchayats|1|Grants for Maintenance of Pre and Post-Matric Government Hostels and Aashram Schools|01|Grants for Maintenance of Pre and Post-Matric Government Hostels and Aashram Schools||||HOA Total :|V|Total|Detailed-Head|25564.38|23080.19|23084.67|21601.97|100.0
23|05|10|2225|Welfare of Scheduled Castes, Scheduled Tribes, Other Backward Classes and Minorities|02|Welfare of Scheduled Tribes|196|Assistance to Zilla Panchayats/District Level Panchayats|1|Grants for Maintenance of Pre and Post-Matric Government Hostels and Aashram Schools|02|Grants to District ST Welfare Establishments|||2225-02-196-1-02|Grants to District ST Welfare Establishments|V|Header|Detailed-Head|||||100.0
23|05|10|2225|Welfare of Scheduled Castes, Scheduled Tribes, Other Backward Classes and Minorities|02|Welfare of Scheduled Tribes|196|Assistance to Zilla Panchayats/District Level Panchayats|1|Grants for Maintenance of Pre and Post-Matric Government Hostels and Aashram Schools|02|Grants to District ST Welfare Establishments|402|Bengaluru (Rural)|2225-02-196-1-02|Bengaluru (Rural)|V|Data|Object-Head||||47.55|100.0
23|05|10|2225|Welfare of Scheduled Castes, Scheduled Tribes, Other Backward Classes and Minorities|02|Welfare of Scheduled Tribes|196|Assistance to Zilla Panchayats/District Level Panchayats|1|Grants for Maintenance of Pre and Post-Matric Government Hostels and Aashram Schools|02|Grants to District ST Welfare Establishments|403|Chitradurga|2225-02-196-1-02|Chitradurga|V|Data|Object-Head||||220.29|100.0
23|05|10|2225|Welfare of Scheduled Castes, Scheduled Tribes, Other Backward Classes and Minorities|02|Welfare of Scheduled Tribes|196|Assistance to Zilla Panchayats/District Level Panchayats|1|Grants for Maintenance of Pre and Post-Matric Government Hostels and Aashram Schools|02|Grants to District ST Welfare Establishments|405|Shivamogga|2225-02-196-1-02|Shivamogga|V|Data|Object-Head||||57.67|100.0
23|05|10|2225|Welfare of Scheduled Castes, Scheduled Tribes, Other Backward Classes and Minorities|02|Welfare of Scheduled Tribes|196|Assistance to Zilla Panchayats/District Level Panchayats|1|Grants for Maintenance of Pre and Post-Matric Government Hostels and Aashram Schools|02|Grants to District ST Welfare Establishments|406|Tumakuru|2225-02-196-1-02|Tumakuru|V|Data|Object-Head||||96.83|100.0
24|05|10|2225|Welfare of Scheduled Castes, Scheduled Tribes, Other Backward Classes and Minorities|02|Welfare of Scheduled Tribes|196|Assistance to Zilla Panchayats/District Level Panchayats|1|Grants for Maintenance of Pre and Post-Matric Government Hostels and Aashram Schools|02|Grants to District ST Welfare Establishments|407|Mysuru|2225-02-196-1-02|Mysuru|V|Data|Object-Head||||320.07|100.0
24|05|10|2225|Welfare of Scheduled Castes, Scheduled Tribes, Other Backward Classes and Minorities|02|Welfare of Scheduled Tribes|196|Assistance to Zilla Panchayats/District Level Panchayats|1|Grants for Maintenance of Pre and Post-Matric Government Hostels and Aashram Schools|02|Grants to District ST Welfare Establishments|408|Chikkamagaluru|2225-02-196-1-02|Chikkamagaluru|V|Data|Object-Head||||94.69|100.0
24|05|10|2225|Welfare of Scheduled Castes, Scheduled Tribes, Other Backward Classes and Minorities|02|Welfare of Scheduled Tribes|196|Assistance to Zilla Panchayats/District Level Panchayats|1|Grants for Maintenance of Pre and Post-Matric Government Hostels and Aashram Schools|02|Grants to District ST Welfare Establishments|409|Dakshina Kannada|2225-02-196-1-02|Dakshina Kannada|V|Data|Object-Head||||91.65|100.0
24|05|10|2225|Welfare of Scheduled Castes, Scheduled Tribes, Other Backward Classes and Minorities|02|Welfare of Scheduled Tribes|196|Assistance to Zilla Panchayats/District Level Panchayats|1|Grants for Maintenance of Pre and Post-Matric Government Hostels and Aashram Schools|02|Grants to District ST Welfare Establishments|411|Kodagu|2225-02-196-1-02|Kodagu|V|Data|Object-Head||||107.71|100.0
24|05|10|2225|Welfare of Scheduled Castes, Scheduled Tribes, Other Backward Classes and Minorities|02|Welfare of Scheduled Tribes|196|Assistance to Zilla Panchayats/District Level Panchayats|1|Grants for Maintenance of Pre and Post-Matric Government Hostels and Aashram Schools|02|Grants to District ST Welfare Establishments|413|Belagavi|2225-02-196-1-02|Belagavi|V|Data|Object-Head||||234.60|100.0
24|05|10|2225|Welfare of Scheduled Castes, Scheduled Tribes, Other Backward Classes and Minorities|02|Welfare of Scheduled Tribes|196|Assistance to Zilla Panchayats/District Level Panchayats|1|Grants for Maintenance of Pre and Post-Matric Government Hostels and Aashram Schools|02|Grants to District ST Welfare Establishments|416|Uttara Kannada|2225-02-196-1-02|Uttara Kannada|V|Data|Object-Head||||59.62|100.0
24|05|10|2225|Welfare of Scheduled Castes, Scheduled Tribes, Other Backward Classes and Minorities|02|Welfare of Scheduled Tribes|196|Assistance to Zilla Panchayats/District Level Panchayats|1|Grants for Maintenance of Pre and Post-Matric Government Hostels and Aashram Schools|02|Grants to District ST Welfare Establishments|418|Ballari|2225-02-196-1-02|Ballari|V|Data|Object-Head||||222.06|100.0
24|05|10|2225|Welfare of Scheduled Castes, Scheduled Tribes, Other Backward Classes and Minorities|02|Welfare of Scheduled Tribes|196|Assistance to Zilla Panchayats/District Level Panchayats|1|Grants for Maintenance of Pre and Post-Matric Government Hostels and Aashram Schools|02|Grants to District ST Welfare Establishments|419|Bidar|2225-02-196-1-02|Bidar|V|Data|Object-Head||||152.14|100.0
24|05|10|2225|Welfare of Scheduled Castes, Scheduled Tribes, Other Backward Classes and Minorities|02|Welfare of Scheduled Tribes|196|Assistance to Zilla Panchayats/District Level Panchayats|1|Grants for Maintenance of Pre and Post-Matric Government Hostels and Aashram Schools|02|Grants to District ST Welfare Establishments|420|Raichur|2225-02-196-1-02|Raichur|V|Data|Object-Head||||245.77|100.0
24|05|10|2225|Welfare of Scheduled Castes, Scheduled Tribes, Other Backward Classes and Minorities|02|Welfare of Scheduled Tribes|196|Assistance to Zilla Panchayats/District Level Panchayats|1|Grants for Maintenance of Pre and Post-Matric Government Hostels and Aashram Schools|02|Grants to District ST Welfare Establishments|421|Yadgiri|2225-02-196-1-02|Yadgiri|V|Data|Object-Head||||58.95|100.0
24|05|10|2225|Welfare of Scheduled Castes, Scheduled Tribes, Other Backward Classes and Minorities|02|Welfare of Scheduled Tribes|196|Assistance to Zilla Panchayats/District Level Panchayats|1|Grants for Maintenance of Pre and Post-Matric Government Hostels and Aashram Schools|02|Grants to District ST Welfare Establishments|451|Davanagere|2225-02-196-1-02|Davanagere|V|Data|Object-Head||||207.84|100.0
24|05|10|2225|Welfare of Scheduled Castes, Scheduled Tribes, Other Backward Classes and Minorities|02|Welfare of Scheduled Tribes|196|Assistance to Zilla Panchayats/District Level Panchayats|1|Grants for Maintenance of Pre and Post-Matric Government Hostels and Aashram Schools|02|Grants to District ST Welfare Establishments|453|Chikkaballapura|2225-02-196-1-02|Chikkaballapura|V|Data|Object-Head||||114.68|100.0
24|05|10|2225|Welfare of Scheduled Castes, Scheduled Tribes, Other Backward Classes and Minorities|02|Welfare of Scheduled Tribes|196|Assistance to Zilla Panchayats/District Level Panchayats|1|Grants for Maintenance of Pre and Post-Matric Government Hostels and Aashram Schools|02|Grants to District ST Welfare Establishments|456|Chamarajanagar|2225-02-196-1-02|Chamarajanagar|V|Data|Object-Head||||143.42|100.0
24|05|10|2225|Welfare of Scheduled Castes, Scheduled Tribes, Other Backward Classes and Minorities|02|Welfare of Scheduled Tribes|196|Assistance to Zilla Panchayats/District Level Panchayats|1|Grants for Maintenance of Pre and Post-Matric Government Hostels and Aashram Schools|02|Grants to District ST Welfare Establishments|457|Udupi|2225-02-196-1-02|Udupi|V|Data|Object-Head||||81.81|100.0
24|05|10|2225|Welfare of Scheduled Castes, Scheduled Tribes, Other Backward Classes and Minorities|02|Welfare of Scheduled Tribes|196|Assistance to Zilla Panchayats/District Level Panchayats|1|Grants for Maintenance of Pre and Post-Matric Government Hostels and Aashram Schools|02|Grants to District ST Welfare Establishments|463|Haveri|2225-02-196-1-02|Haveri|V|Data|Object-Head||||58.81|100.0
24|05|10|2225|Welfare of Scheduled Castes, Scheduled Tribes, Other Backward Classes and Minorities|02|Welfare of Scheduled Tribes|196|Assistance to Zilla Panchayats/District Level Panchayats|1|Grants for Maintenance of Pre and Post-Matric Government Hostels and Aashram Schools|02|Grants to District ST Welfare Establishments|466|Koppal|2225-02-196-1-02|Koppal|V|Data|Object-Head||||97.20|100.0
24|05|10|2225|Welfare of Scheduled Castes, Scheduled Tribes, Other Backward Classes and Minorities|02|Welfare of Scheduled Tribes|196|Assistance to Zilla Panchayats/District Level Panchayats|1|Grants for Maintenance of Pre and Post-Matric Government Hostels and Aashram Schools|02|Grants to District ST Welfare Establishments|467|Vijayanagara|2225-02-196-1-02|Vijayanagara|V|Data|Object-Head||||113.80|100.0
24|05|10|2225|Welfare of Scheduled Castes, Scheduled Tribes, Other Backward Classes and Minorities|02|Welfare of Scheduled Tribes|196|Assistance to Zilla Panchayats/District Level Panchayats|1|Grants for Maintenance of Pre and Post-Matric Government Hostels and Aashram Schools|02|Grants to District ST Welfare Establishments||||HOA Total :|V|Total|Detailed-Head|0.00|0.00|0.00|2827.16|100.0
24|05|10|2225|Welfare of Scheduled Castes, Scheduled Tribes, Other Backward Classes and Minorities|02|Welfare of Scheduled Tribes|196|Assistance to Zilla Panchayats/District Level Panchayats|1|Grants for Maintenance of Pre and Post-Matric Government Hostels and Aashram Schools|03|Prize Money for Post Matric ST Students|||2225-02-196-1-03|Prize Money for Post Matric ST Students|V|Header|Detailed-Head|||||100.0
24|05|10|2225|Welfare of Scheduled Castes, Scheduled Tribes, Other Backward Classes and Minorities|02|Welfare of Scheduled Tribes|196|Assistance to Zilla Panchayats/District Level Panchayats|1|Grants for Maintenance of Pre and Post-Matric Government Hostels and Aashram Schools|03|Prize Money for Post Matric ST Students|300|Lumpsum - ZP|2225-02-196-1-03|Lumpsum - ZP|V|Data|Object-Head||||5500.00|100.0
24|05|10|2225|Welfare of Scheduled Castes, Scheduled Tribes, Other Backward Classes and Minorities|02|Welfare of Scheduled Tribes|196|Assistance to Zilla Panchayats/District Level Panchayats|1|Grants for Maintenance of Pre and Post-Matric Government Hostels and Aashram Schools|03|Prize Money for Post Matric ST Students||||HOA Total :|V|Total|Detailed-Head|0.00|0.00|0.00|5500.00|100.0
24|05|10|2225|Welfare of Scheduled Castes, Scheduled Tribes, Other Backward Classes and Minorities|02|Welfare of Scheduled Tribes|196|Assistance to Zilla Panchayats/District Level Panchayats|1|Grants for Maintenance of Pre and Post-Matric Government Hostels and Aashram Schools|05|Grant-in-Aid to Private Hostels|||2225-02-196-1-05|Grant-in-Aid to Private Hostels|V|Header|Detailed-Head|||||100.0
24|05|10|2225|Welfare of Scheduled Castes, Scheduled Tribes, Other Backward Classes and Minorities|02|Welfare of Scheduled Tribes|196|Assistance to Zilla Panchayats/District Level Panchayats|1|Grants for Maintenance of Pre and Post-Matric Government Hostels and Aashram Schools|05|Grant-in-Aid to Private Hostels|403|Chitradurga|2225-02-196-1-05|Chitradurga|V|Data|Object-Head||||43.34|100.0
24|05|10|2225|Welfare of Scheduled Castes, Scheduled Tribes, Other Backward Classes and Minorities|02|Welfare of Scheduled Tribes|196|Assistance to Zilla Panchayats/District Level Panchayats|1|Grants for Maintenance of Pre and Post-Matric Government Hostels and Aashram Schools|05|Grant-in-Aid to Private Hostels|406|Tumakuru|2225-02-196-1-05|Tumakuru|V|Data|Object-Head||||9.57|100.0
24|05|10|2225|Welfare of Scheduled Castes, Scheduled Tribes, Other Backward Classes and Minorities|02|Welfare of Scheduled Tribes|196|Assistance to Zilla Panchayats/District Level Panchayats|1|Grants for Maintenance of Pre and Post-Matric Government Hostels and Aashram Schools|05|Grant-in-Aid to Private Hostels|413|Belagavi|2225-02-196-1-05|Belagavi|V|Data|Object-Head||||8.55|100.0
24|05|10|2225|Welfare of Scheduled Castes, Scheduled Tribes, Other Backward Classes and Minorities|02|Welfare of Scheduled Tribes|196|Assistance to Zilla Panchayats/District Level Panchayats|1|Grants for Maintenance of Pre and Post-Matric Government Hostels and Aashram Schools|05|Grant-in-Aid to Private Hostels|419|Bidar|2225-02-196-1-05|Bidar|V|Data|Object-Head||||5.42|100.0
24|05|10|2225|Welfare of Scheduled Castes, Scheduled Tribes, Other Backward Classes and Minorities|02|Welfare of Scheduled Tribes|196|Assistance to Zilla Panchayats/District Level Panchayats|1|Grants for Maintenance of Pre and Post-Matric Government Hostels and Aashram Schools|05|Grant-in-Aid to Private Hostels|421|Yadgiri|2225-02-196-1-05|Yadgiri|V|Data|Object-Head||||7.13|100.0
25|05|10|2225|Welfare of Scheduled Castes, Scheduled Tribes, Other Backward Classes and Minorities|02|Welfare of Scheduled Tribes|196|Assistance to Zilla Panchayats/District Level Panchayats|1|Grants for Maintenance of Pre and Post-Matric Government Hostels and Aashram Schools|05|Grant-in-Aid to Private Hostels|451|Davanagere|2225-02-196-1-05|Davanagere|V|Data|Object-Head||||9.26|100.0
25|05|10|2225|Welfare of Scheduled Castes, Scheduled Tribes, Other Backward Classes and Minorities|02|Welfare of Scheduled Tribes|196|Assistance to Zilla Panchayats/District Level Panchayats|1|Grants for Maintenance of Pre and Post-Matric Government Hostels and Aashram Schools|05|Grant-in-Aid to Private Hostels|456|Chamarajanagar|2225-02-196-1-05|Chamarajanagar|V|Data|Object-Head||||6.54|100.0
25|05|10|2225|Welfare of Scheduled Castes, Scheduled Tribes, Other Backward Classes and Minorities|02|Welfare of Scheduled Tribes|196|Assistance to Zilla Panchayats/District Level Panchayats|1|Grants for Maintenance of Pre and Post-Matric Government Hostels and Aashram Schools|05|Grant-in-Aid to Private Hostels|462|Gadag|2225-02-196-1-05|Gadag|V|Data|Object-Head||||4.21|100.0
25|05|10|2225|Welfare of Scheduled Castes, Scheduled Tribes, Other Backward Classes and Minorities|02|Welfare of Scheduled Tribes|196|Assistance to Zilla Panchayats/District Level Panchayats|1|Grants for Maintenance of Pre and Post-Matric Government Hostels and Aashram Schools|05|Grant-in-Aid to Private Hostels|467|Vijayanagara|2225-02-196-1-05|Vijayanagara|V|Data|Object-Head||||5.98|100.0
25|05|10|2225|Welfare of Scheduled Castes, Scheduled Tribes, Other Backward Classes and Minorities|02|Welfare of Scheduled Tribes|196|Assistance to Zilla Panchayats/District Level Panchayats|1|Grants for Maintenance of Pre and Post-Matric Government Hostels and Aashram Schools|05|Grant-in-Aid to Private Hostels||||HOA Total :|V|Total|Detailed-Head|0.00|0.00|0.00|100.00|100.0
25|05|10|2225|Welfare of Scheduled Castes, Scheduled Tribes, Other Backward Classes and Minorities|02|Welfare of Scheduled Tribes|197||1|Scholarship Grants|01|Pre Matric Scholarship Grants|||2225-02-197-1-01|Pre Matric Scholarship Grants|V|Header|Detailed-Head|||||100.0
25|05|10|2225|Welfare of Scheduled Castes, Scheduled Tribes, Other Backward Classes and Minorities|02|Welfare of Scheduled Tribes|197||1|Scholarship Grants|01|Pre Matric Scholarship Grants|300|Lumpsum - ZP|2225-02-197-1-01|Lumpsum - ZP|V|Data|Object-Head|3000.00|3000.00|3000.00|3000.00|100.0
25|05|10|2225|Welfare of Scheduled Castes, Scheduled Tribes, Other Backward Classes and Minorities|02|Welfare of Scheduled Tribes|197||1|Scholarship Grants|01|Pre Matric Scholarship Grants|401|Bengaluru (Urban)|2225-02-197-1-01|Bengaluru (Urban)|V|Data|Object-Head|72.60|102.00|102.00||100.0
25|05|10|2225|Welfare of Scheduled Castes, Scheduled Tribes, Other Backward Classes and Minorities|02|Welfare of Scheduled Tribes|197||1|Scholarship Grants|01|Pre Matric Scholarship Grants|402|Bengaluru (Rural)|2225-02-197-1-01|Bengaluru (Rural)|V|Data|Object-Head|17.60|7.56|7.56||100.0
25|05|10|2225|Welfare of Scheduled Castes, Scheduled Tribes, Other Backward Classes and Minorities|02|Welfare of Scheduled Tribes|197||1|Scholarship Grants|01|Pre Matric Scholarship Grants|403|Chitradurga|2225-02-197-1-01|Chitradurga|V|Data|Object-Head|401.50|143.05|143.05||100.0
25|05|10|2225|Welfare of Scheduled Castes, Scheduled Tribes, Other Backward Classes and Minorities|02|Welfare of Scheduled Tribes|197||1|Scholarship Grants|01|Pre Matric Scholarship Grants|404|Kolar|2225-02-197-1-01|Kolar|V|Data|Object-Head|38.50|23.71|23.71||100.0
25|05|10|2225|Welfare of Scheduled Castes, Scheduled Tribes, Other Backward Classes and Minorities|02|Welfare of Scheduled Tribes|197||1|Scholarship Grants|01|Pre Matric Scholarship Grants|405|Shivamogga|2225-02-197-1-01|Shivamogga|V|Data|Object-Head|89.54|21.91|21.91||100.0
25|05|10|2225|Welfare of Scheduled Castes, Scheduled Tribes, Other Backward Classes and Minorities|02|Welfare of Scheduled Tribes|197||1|Scholarship Grants|01|Pre Matric Scholarship Grants|406|Tumakuru|2225-02-197-1-01|Tumakuru|V|Data|Object-Head|156.64|110.26|110.26||100.0
25|05|10|2225|Welfare of Scheduled Castes, Scheduled Tribes, Other Backward Classes and Minorities|02|Welfare of Scheduled Tribes|197||1|Scholarship Grants|01|Pre Matric Scholarship Grants|407|Mysuru|2225-02-197-1-01|Mysuru|V|Data|Object-Head|322.39|172.71|172.71||100.0
25|05|10|2225|Welfare of Scheduled Castes, Scheduled Tribes, Other Backward Classes and Minorities|02|Welfare of Scheduled Tribes|197||1|Scholarship Grants|01|Pre Matric Scholarship Grants|408|Chikkamagaluru|2225-02-197-1-01|Chikkamagaluru|V|Data|Object-Head|75.90|51.34|51.34||100.0
25|05|10|2225|Welfare of Scheduled Castes, Scheduled Tribes, Other Backward Classes and Minorities|02|Welfare of Scheduled Tribes|197||1|Scholarship Grants|01|Pre Matric Scholarship Grants|409|Dakshina Kannada|2225-02-197-1-01|Dakshina Kannada|V|Data|Object-Head|61.20|47.32|47.32||100.0
25|05|10|2225|Welfare of Scheduled Castes, Scheduled Tribes, Other Backward Classes and Minorities|02|Welfare of Scheduled Tribes|197||1|Scholarship Grants|01|Pre Matric Scholarship Grants|410|Hassan|2225-02-197-1-01|Hassan|V|Data|Object-Head||28.86|28.86||100.0
25|05|10|2225|Welfare of Scheduled Castes, Scheduled Tribes, Other Backward Classes and Minorities|02|Welfare of Scheduled Tribes|197||1|Scholarship Grants|01|Pre Matric Scholarship Grants|411|Kodagu|2225-02-197-1-01|Kodagu|V|Data|Object-Head|29.48|23.71|23.71||100.0
25|05|10|2225|Welfare of Scheduled Castes, Scheduled Tribes, Other Backward Classes and Minorities|02|Welfare of Scheduled Tribes|197||1|Scholarship Grants|01|Pre Matric Scholarship Grants|412|Mandya|2225-02-197-1-01|Mandya|V|Data|Object-Head||23.71|23.71||100.0
25|05|10|2225|Welfare of Scheduled Castes, Scheduled Tribes, Other Backward Classes and Minorities|02|Welfare of Scheduled Tribes|197||1|Scholarship Grants|01|Pre Matric Scholarship Grants|413|Belagavi|2225-02-197-1-01|Belagavi|V|Data|Object-Head|121.00|108.29|108.29||100.0
25|05|10|2225|Welfare of Scheduled Castes, Scheduled Tribes, Other Backward Classes and Minorities|02|Welfare of Scheduled Tribes|197||1|Scholarship Grants|01|Pre Matric Scholarship Grants|414|Vijayapura|2225-02-197-1-01|Vijayapura|V|Data|Object-Head|22.00|18.57|18.57||100.0
25|05|10|2225|Welfare of Scheduled Castes, Scheduled Tribes, Other Backward Classes and Minorities|02|Welfare of Scheduled Tribes|197||1|Scholarship Grants|01|Pre Matric Scholarship Grants|415|Dharwad|2225-02-197-1-01|Dharwad|V|Data|Object-Head|151.80|89.91|89.91||100.0
25|05|10|2225|Welfare of Scheduled Castes, Scheduled Tribes, Other Backward Classes and Minorities|02|Welfare of Scheduled Tribes|197||1|Scholarship Grants|01|Pre Matric Scholarship Grants|416|Uttara Kannada|2225-02-197-1-01|Uttara Kannada|V|Data|Object-Head|22.00|26.23|26.23||100.0
25|05|10|2225|Welfare of Scheduled Castes, Scheduled Tribes, Other Backward Classes and Minorities|02|Welfare of Scheduled Tribes|197||1|Scholarship Grants|01|Pre Matric Scholarship Grants|417|Kalaburagi|2225-02-197-1-01|Kalaburagi|V|Data|Object-Head|55.00|50.14|50.14||100.0
25|05|10|2225|Welfare of Scheduled Castes, Scheduled Tribes, Other Backward Classes and Minorities|02|Welfare of Scheduled Tribes|197||1|Scholarship Grants|01|Pre Matric Scholarship Grants|418|Ballari|2225-02-197-1-01|Ballari|V|Data|Object-Head|319.00|255.69|255.69||100.0
25|05|10|2225|Welfare of Scheduled Castes, Scheduled Tribes, Other Backward Classes and Minorities|02|Welfare of Scheduled Tribes|197||1|Scholarship Grants|01|Pre Matric Scholarship Grants|419|Bidar|2225-02-197-1-01|Bidar|V|Data|Object-Head|60.50|60.54|60.54||100.0
25|05|10|2225|Welfare of Scheduled Castes, Scheduled Tribes, Other Backward Classes and Minorities|02|Welfare of Scheduled Tribes|197||1|Scholarship Grants|01|Pre Matric Scholarship Grants|420|Raichur|2225-02-197-1-01|Raichur|V|Data|Object-Head|671.44|385.04|385.04||100.0
25|05|10|2225|Welfare of Scheduled Castes, Scheduled Tribes, Other Backward Classes and Minorities|02|Welfare of Scheduled Tribes|197||1|Scholarship Grants|01|Pre Matric Scholarship Grants|421|Yadgiri|2225-02-197-1-01|Yadgiri|V|Data|Object-Head|60.50|36.30|36.30||100.0
25|05|10|2225|Welfare of Scheduled Castes, Scheduled Tribes, Other Backward Classes and Minorities|02|Welfare of Scheduled Tribes|197||1|Scholarship Grants|01|Pre Matric Scholarship Grants|451|Davanagere|2225-02-197-1-01|Davanagere|V|Data|Object-Head|251.80|92.41|92.41||100.0
26|05|10|2225|Welfare of Scheduled Castes, Scheduled Tribes, Other Backward Classes and Minorities|02|Welfare of Scheduled Tribes|197||1|Scholarship Grants|01|Pre Matric Scholarship Grants|452|Bengaluru South|2225-02-197-1-01|Bengaluru South|V|Data|Object-Head|14.30||||100.0
26|05|10|2225|Welfare of Scheduled Castes, Scheduled Tribes, Other Backward Classes and Minorities|02|Welfare of Scheduled Tribes|197||1|Scholarship Grants|01|Pre Matric Scholarship Grants|453|Chikkaballapura|2225-02-197-1-01|Chikkaballapura|V|Data|Object-Head|137.50|116.05|116.05||100.0
26|05|10|2225|Welfare of Scheduled Castes, Scheduled Tribes, Other Backward Classes and Minorities|02|Welfare of Scheduled Tribes|197||1|Scholarship Grants|01|Pre Matric Scholarship Grants|456|Chamarajanagar|2225-02-197-1-01|Chamarajanagar|V|Data|Object-Head|72.20|25.44|25.44||100.0
26|05|10|2225|Welfare of Scheduled Castes, Scheduled Tribes, Other Backward Classes and Minorities|02|Welfare of Scheduled Tribes|197||1|Scholarship Grants|01|Pre Matric Scholarship Grants|457|Udupi|2225-02-197-1-01|Udupi|V|Data|Object-Head|60.50|51.84|51.84||100.0
26|05|10|2225|Welfare of Scheduled Castes, Scheduled Tribes, Other Backward Classes and Minorities|02|Welfare of Scheduled Tribes|197||1|Scholarship Grants|01|Pre Matric Scholarship Grants|461|Bagalkot|2225-02-197-1-01|Bagalkot|V|Data|Object-Head|55.00|36.15|36.15||100.0
26|05|10|2225|Welfare of Scheduled Castes, Scheduled Tribes, Other Backward Classes and Minorities|02|Welfare of Scheduled Tribes|197||1|Scholarship Grants|01|Pre Matric Scholarship Grants|462|Gadag|2225-02-197-1-01|Gadag|V|Data|Object-Head|96.80|25.95|25.95||100.0
26|05|10|2225|Welfare of Scheduled Castes, Scheduled Tribes, Other Backward Classes and Minorities|02|Welfare of Scheduled Tribes|197||1|Scholarship Grants|01|Pre Matric Scholarship Grants|463|Haveri|2225-02-197-1-01|Haveri|V|Data|Object-Head|104.50|61.98|61.98||100.0
26|05|10|2225|Welfare of Scheduled Castes, Scheduled Tribes, Other Backward Classes and Minorities|02|Welfare of Scheduled Tribes|197||1|Scholarship Grants|01|Pre Matric Scholarship Grants|466|Koppal|2225-02-197-1-01|Koppal|V|Data|Object-Head|220.00|196.05|196.05||100.0
26|05|10|2225|Welfare of Scheduled Castes, Scheduled Tribes, Other Backward Classes and Minorities|02|Welfare of Scheduled Tribes|197||1|Scholarship Grants|01|Pre Matric Scholarship Grants|467|Vijayanagara|2225-02-197-1-01|Vijayanagara|V|Data|Object-Head|209.00|192.30|192.30||100.0
26|05|10|2225|Welfare of Scheduled Castes, Scheduled Tribes, Other Backward Classes and Minorities|02|Welfare of Scheduled Tribes|197||1|Scholarship Grants|01|Pre Matric Scholarship Grants||||HOA Total :|V|Total|Detailed-Head|6970.19|5585.02|5585.02|3000.00|100.0
26|05|10|2225|Welfare of Scheduled Castes, Scheduled Tribes, Other Backward Classes and Minorities|02|Welfare of Scheduled Tribes|197||1||04|Infrastructure Development in Scheduled Tribe Colonies|||2225-02-197-1-04|Infrastructure Development in Scheduled Tribe Colonies|V|Header|Detailed-Head|||||100.0
26|05|10|2225|Welfare of Scheduled Castes, Scheduled Tribes, Other Backward Classes and Minorities|02|Welfare of Scheduled Tribes|197||1||04|Infrastructure Development in Scheduled Tribe Colonies|407|Mysuru|2225-02-197-1-04|Mysuru|V|Data|Object-Head||||117.79|100.0
26|05|10|2225|Welfare of Scheduled Castes, Scheduled Tribes, Other Backward Classes and Minorities|02|Welfare of Scheduled Tribes|197||1||04|Infrastructure Development in Scheduled Tribe Colonies||||HOA Total :|V|Total|Detailed-Head|0.00|0.00|0.00|117.79|100.0
26|05|10|2225|Welfare of Scheduled Castes, Scheduled Tribes, Other Backward Classes and Minorities|02|Welfare of Scheduled Tribes|197||6||03|CSS-Central Share-Post-Matric Scholarships to ST Students|||2225-02-197-6-03|CSS-Central Share-Post-Matric Scholarships to ST Students|V|Header|Detailed-Head|||||100.0
26|05|10|2225|Welfare of Scheduled Castes, Scheduled Tribes, Other Backward Classes and Minorities|02|Welfare of Scheduled Tribes|197||6||03|CSS-Central Share-Post-Matric Scholarships to ST Students|300|Lumpsum - ZP|2225-02-197-6-03|Lumpsum - ZP|V|Data|Object-Head|12500.00|13000.00|14768.00|15000.00|100.0
26|05|10|2225|Welfare of Scheduled Castes, Scheduled Tribes, Other Backward Classes and Minorities|02|Welfare of Scheduled Tribes|197||6||03|CSS-Central Share-Post-Matric Scholarships to ST Students||||HOA Total :|V|Total|Detailed-Head|12500.00|13000.00|14768.00|15000.00|100.0
26|05|10|2225|Welfare of Scheduled Castes, Scheduled Tribes, Other Backward Classes and Minorities|02|Welfare of Scheduled Tribes|197||6||04|CSS-State Share-Post-Matric Scholarships to ST Students|||2225-02-197-6-04|CSS-State Share-Post-Matric Scholarships to ST Students|V|Header|Detailed-Head|||||100.0
26|05|10|2225|Welfare of Scheduled Castes, Scheduled Tribes, Other Backward Classes and Minorities|02|Welfare of Scheduled Tribes|197||6||04|CSS-State Share-Post-Matric Scholarships to ST Students|300|Lumpsum - ZP|2225-02-197-6-04|Lumpsum - ZP|V|Data|Object-Head|4166.67|4333.00|4922.67|5000.00|100.0
26|05|10|2225|Welfare of Scheduled Castes, Scheduled Tribes, Other Backward Classes and Minorities|02|Welfare of Scheduled Tribes|197||6||04|CSS-State Share-Post-Matric Scholarships to ST Students||||HOA Total :|V|Total|Detailed-Head|4166.67|4333.00|4922.67|5000.00|100.0
27|05|10|2225|Welfare of Scheduled Castes, Scheduled Tribes, Other Backward Classes and Minorities|02|Welfare of Scheduled Tribes|197||6||05|CSS-Central Share- Pre-Matric Scholarship to ST Students|||2225-02-197-6-05|CSS-Central Share- Pre-Matric Scholarship to ST Students|V|Header|Detailed-Head|||||100.0
27|05|10|2225|Welfare of Scheduled Castes, Scheduled Tribes, Other Backward Classes and Minorities|02|Welfare of Scheduled Tribes|197||6||05|CSS-Central Share- Pre-Matric Scholarship to ST Students|300|Lumpsum - ZP|2225-02-197-6-05|Lumpsum - ZP|V|Data|Object-Head|700.00|2000.00|2940.00|2159.00|100.0
27|05|10|2225|Welfare of Scheduled Castes, Scheduled Tribes, Other Backward Classes and Minorities|02|Welfare of Scheduled Tribes|197||6||05|CSS-Central Share- Pre-Matric Scholarship to ST Students||||HOA Total :|V|Total|Detailed-Head|700.00|2000.00|2940.00|2159.00|100.0
27|05|10|2225|Welfare of Scheduled Castes, Scheduled Tribes, Other Backward Classes and Minorities|02|Welfare of Scheduled Tribes|197||6||06|CSS-State Share- Pre-Matric Scholarship to ST Students|||2225-02-197-6-06|CSS-State Share- Pre-Matric Scholarship to ST Students|V|Header|Detailed-Head|||||100.0
27|05|10|2225|Welfare of Scheduled Castes, Scheduled Tribes, Other Backward Classes and Minorities|02|Welfare of Scheduled Tribes|197||6||06|CSS-State Share- Pre-Matric Scholarship to ST Students|300|Lumpsum - ZP|2225-02-197-6-06|Lumpsum - ZP|V|Data|Object-Head|233.34|400.00|980.00|720.00|100.0
27|05|10|2225|Welfare of Scheduled Castes, Scheduled Tribes, Other Backward Classes and Minorities|02|Welfare of Scheduled Tribes|197||6||06|CSS-State Share- Pre-Matric Scholarship to ST Students||||HOA Total :|V|Total|Detailed-Head|233.34|400.00|980.00|720.00|100.0
27|05|10|2225|Welfare of Scheduled Castes, Scheduled Tribes, Other Backward Classes and Minorities|02|Welfare of Scheduled Tribes|277||0||36|Upgradation of Merit of ST Students|||2225-02-277-0-36|Upgradation of Merit of ST Students|V|Header|Detailed-Head|||||100.0
27|05|10|2225|Welfare of Scheduled Castes, Scheduled Tribes, Other Backward Classes and Minorities|02|Welfare of Scheduled Tribes|277||0||36|Upgradation of Merit of ST Students|117|Scholarships & Incentives|2225-02-277-0-36|Scholarships & Incentives|V|Data|Object-Head|1492.47|1500.00|1500.00|1500.00|100.0
27|05|10|2225|Welfare of Scheduled Castes, Scheduled Tribes, Other Backward Classes and Minorities|02|Welfare of Scheduled Tribes|277||0||36|Upgradation of Merit of ST Students||||HOA Total :|V|Total|Detailed-Head|1492.47|1500.00|1500.00|1500.00|100.0
27|05|10|2225|Welfare of Scheduled Castes, Scheduled Tribes, Other Backward Classes and Minorities|02|Welfare of Scheduled Tribes|277||0||37|Morarji Desai Residential Schools (MDRSs) and Maintenance of Kittur Rani Chenamma Residential School (KREIS)|||2225-02-277-0-37|Morarji Desai Residential Schools (MDRSs) and Maintenance of Kittur Rani Chenamma Residential School (KREIS)|V|Header|Detailed-Head|||||100.0
27|05|10|2225|Welfare of Scheduled Castes, Scheduled Tribes, Other Backward Classes and Minorities|02|Welfare of Scheduled Tribes|277||0||37|Morarji Desai Residential Schools (MDRSs) and Maintenance of Kittur Rani Chenamma Residential School (KREIS)|051|General Expenses|2225-02-277-0-37|General Expenses|V|Data|Object-Head||||350.00|100.0
27|05|10|2225|Welfare of Scheduled Castes, Scheduled Tribes, Other Backward Classes and Minorities|02|Welfare of Scheduled Tribes|277||0||37|Morarji Desai Residential Schools (MDRSs) and Maintenance of Kittur Rani Chenamma Residential School (KREIS)|059|Other Expenses|2225-02-277-0-37|Other Expenses|V|Data|Object-Head|29725.90|24180.00|24180.00|28125.00|100.0
27|05|10|2225|Welfare of Scheduled Castes, Scheduled Tribes, Other Backward Classes and Minorities|02|Welfare of Scheduled Tribes|277||0||37|Morarji Desai Residential Schools (MDRSs) and Maintenance of Kittur Rani Chenamma Residential School (KREIS)||||HOA Total :|V|Total|Detailed-Head|29725.90|24180.00|24180.00|28475.00|100.0
28|05|10|2225|Welfare of Scheduled Castes, Scheduled Tribes, Other Backward Classes and Minorities|02|Welfare of Scheduled Tribes|794|Special Central Assistance for Tribal Sub-Plan|0||01|CSS-Central Share-Development of Particularly Vulnerable Tribal Groups|||2225-02-794-0-01|CSS-Central Share-Development of Particularly Vulnerable Tribal Groups|V|Header|Detailed-Head|||||100.0
28|05|10|2225|Welfare of Scheduled Castes, Scheduled Tribes, Other Backward Classes and Minorities|02|Welfare of Scheduled Tribes|794|Special Central Assistance for Tribal Sub-Plan|0||01|CSS-Central Share-Development of Particularly Vulnerable Tribal Groups|059|Other Expenses|2225-02-794-0-01|Other Expenses|V|Data|Object-Head||2500.00|2500.00|2500.00|100.0
28|05|10|2225|Welfare of Scheduled Castes, Scheduled Tribes, Other Backward Classes and Minorities|02|Welfare of Scheduled Tribes|794|Special Central Assistance for Tribal Sub-Plan|0||01|CSS-Central Share-Development of Particularly Vulnerable Tribal Groups||||HOA Total :|V|Total|Detailed-Head|0.00|2500.00|2500.00|2500.00|100.0
28|05|10|2225|Welfare of Scheduled Castes, Scheduled Tribes, Other Backward Classes and Minorities|02|Welfare of Scheduled Tribes|794|Special Central Assistance for Tribal Sub-Plan|0||03|CSS-Central Share(100% GoI)-Schemes Under Article 275(1) of The Constitution|||2225-02-794-0-03|CSS-Central Share(100% GoI)-Schemes Under Article 275(1) of The Constitution|V|Header|Detailed-Head|||||100.0
28|05|10|2225|Welfare of Scheduled Castes, Scheduled Tribes, Other Backward Classes and Minorities|02|Welfare of Scheduled Tribes|794|Special Central Assistance for Tribal Sub-Plan|0||03|CSS-Central Share(100% GoI)-Schemes Under Article 275(1) of The Constitution|059|Other Expenses|2225-02-794-0-03|Other Expenses|V|Data|Object-Head|4727.26||||100.0
28|05|10|2225|Welfare of Scheduled Castes, Scheduled Tribes, Other Backward Classes and Minorities|02|Welfare of Scheduled Tribes|794|Special Central Assistance for Tribal Sub-Plan|0||03|CSS-Central Share(100% GoI)-Schemes Under Article 275(1) of The Constitution||||HOA Total :|V|Total|Detailed-Head|4727.26|0.00|0.00|0.00|100.0
28|05|10|2225|Welfare of Scheduled Castes, Scheduled Tribes, Other Backward Classes and Minorities|02|Welfare of Scheduled Tribes|794|Special Central Assistance for Tribal Sub-Plan|0||04|CSS-Central Share (100% GoI) -Special Central Assistance For Tribal Sub Plan|||2225-02-794-0-04|CSS-Central Share (100% GoI) -Special Central Assistance For Tribal Sub Plan|V|Header|Detailed-Head|||||100.0
28|05|10|2225|Welfare of Scheduled Castes, Scheduled Tribes, Other Backward Classes and Minorities|02|Welfare of Scheduled Tribes|794|Special Central Assistance for Tribal Sub-Plan|0||04|CSS-Central Share (100% GoI) -Special Central Assistance For Tribal Sub Plan|059|Other Expenses|2225-02-794-0-04|Other Expenses|V|Data|Object-Head||||873.00|100.0
28|05|10|2225|Welfare of Scheduled Castes, Scheduled Tribes, Other Backward Classes and Minorities|02|Welfare of Scheduled Tribes|794|Special Central Assistance for Tribal Sub-Plan|0||04|CSS-Central Share (100% GoI) -Special Central Assistance For Tribal Sub Plan||||HOA Total :|V|Total|Detailed-Head|0.00|0.00|0.00|873.00|100.0
28|05|10|2225|Welfare of Scheduled Castes, Scheduled Tribes, Other Backward Classes and Minorities|02|Welfare of Scheduled Tribes|794|Special Central Assistance for Tribal Sub-Plan|0||05|Various Development Schemes for Scheduled Tribes|||2225-02-794-0-05|Various Development Schemes for Scheduled Tribes|V|Header|Detailed-Head|||||100.0
28|05|10|2225|Welfare of Scheduled Castes, Scheduled Tribes, Other Backward Classes and Minorities|02|Welfare of Scheduled Tribes|794|Special Central Assistance for Tribal Sub-Plan|0||05|Various Development Schemes for Scheduled Tribes|059|Other Expenses|2225-02-794-0-05|Other Expenses|V|Data|Object-Head|27086.71|37875.00|37875.00|43313.00|100.0
28|05|10|2225|Welfare of Scheduled Castes, Scheduled Tribes, Other Backward Classes and Minorities|02|Welfare of Scheduled Tribes|794|Special Central Assistance for Tribal Sub-Plan|0||05|Various Development Schemes for Scheduled Tribes||||HOA Total :|V|Total|Detailed-Head|27086.71|37875.00|37875.00|43313.00|100.0
28|05|10|2225|Welfare of Scheduled Castes, Scheduled Tribes, Other Backward Classes and Minorities|02|Welfare of Scheduled Tribes|911|Deduct Recoveries of Over Payment|0||00|Deduct Recoveries of Over Payment|||2225-02-911-0-00|Deduct Recoveries of Over Payment|V|Header|Detailed-Head|||||100.0
28|05|10|2225|Welfare of Scheduled Castes, Scheduled Tribes, Other Backward Classes and Minorities|02|Welfare of Scheduled Tribes|911|Deduct Recoveries of Over Payment|0||00|Deduct Recoveries of Over Payment|364|Deduct - Recoveries|2225-02-911-0-00|Deduct - Recoveries|V|Data|Object-Head|-0.10||||100.0
28|05|10|2225|Welfare of Scheduled Castes, Scheduled Tribes, Other Backward Classes and Minorities|02|Welfare of Scheduled Tribes|911|Deduct Recoveries of Over Payment|0||00|Deduct Recoveries of Over Payment||||HOA Total :|V|Total|Detailed-Head|-0.10|0.00|0.00|0.00|100.0
29|05|10|2225|Welfare of Scheduled Castes, Scheduled Tribes, Other Backward Classes and Minorities|02|Welfare of Scheduled Tribes|911|Deduct Recoveries of Over Payment|0||01|Deduct Recovery of Over Payments of Current Year|||2225-02-911-0-01|Deduct Recovery of Over Payments of Current Year|V|Header|Detailed-Head|||||100.0
29|05|10|2225|Welfare of Scheduled Castes, Scheduled Tribes, Other Backward Classes and Minorities|02|Welfare of Scheduled Tribes|911|Deduct Recoveries of Over Payment|0||01|Deduct Recovery of Over Payments of Current Year|364|Deduct - Recoveries|2225-02-911-0-01|Deduct - Recoveries|V|Data|Object-Head|-0.56||||100.0
29|05|10|2225|Welfare of Scheduled Castes, Scheduled Tribes, Other Backward Classes and Minorities|02|Welfare of Scheduled Tribes|911|Deduct Recoveries of Over Payment|0||01|Deduct Recovery of Over Payments of Current Year||||HOA Total :|V|Total|Detailed-Head|-0.56|0.00|0.00|0.00|100.0
29|05|10|2225|Welfare of Scheduled Castes, Scheduled Tribes, Other Backward Classes and Minorities|02|Welfare of Scheduled Tribes|911|Deduct Recoveries of Over Payment|0||03|SAKALA-Recovery of Compensatory Cost under the Karnataka Guarantee of Services Act|||2225-02-911-0-03|SAKALA-Recovery of Compensatory Cost under the Karnataka Guarantee of Services Act|V|Header|Detailed-Head|||||100.0
29|05|10|2225|Welfare of Scheduled Castes, Scheduled Tribes, Other Backward Classes and Minorities|02|Welfare of Scheduled Tribes|911|Deduct Recoveries of Over Payment|0||03|SAKALA-Recovery of Compensatory Cost under the Karnataka Guarantee of Services Act|364|Deduct - Recoveries|2225-02-911-0-03|Deduct - Recoveries|V|Data|Object-Head|-0.02||||100.0
29|05|10|2225|Welfare of Scheduled Castes, Scheduled Tribes, Other Backward Classes and Minorities|02|Welfare of Scheduled Tribes|911|Deduct Recoveries of Over Payment|0||03|SAKALA-Recovery of Compensatory Cost under the Karnataka Guarantee of Services Act||||HOA Total :|V|Total|Detailed-Head|-0.02|0.00|0.00|0.00|100.0
29|05|10|2225|Welfare of Scheduled Castes, Scheduled Tribes, Other Backward Classes and Minorities|02|Welfare of Scheduled Tribes|911|Deduct Recoveries of Over Payment|0||04|Deduct Recovery of Over Payment of Previous years-ZP|||2225-02-911-0-04|Deduct Recovery of Over Payment of Previous years-ZP|V|Header|Detailed-Head|||||100.0
29|05|10|2225|Welfare of Scheduled Castes, Scheduled Tribes, Other Backward Classes and Minorities|02|Welfare of Scheduled Tribes|911|Deduct Recoveries of Over Payment|0||04|Deduct Recovery of Over Payment of Previous years-ZP|261|Inter Account Transfers|2225-02-911-0-04|Inter Account Transfers|V|Data|Object-Head||-3720.68|-3720.68|-15023.99|100.0
29|05|10|2225|Welfare of Scheduled Castes, Scheduled Tribes, Other Backward Classes and Minorities|02|Welfare of Scheduled Tribes|911|Deduct Recoveries of Over Payment|0||04|Deduct Recovery of Over Payment of Previous years-ZP||||HOA Total :|V|Total|Detailed-Head|0.00|-3720.68|-3720.68|-15023.99|100.0
29|05|10|2225|Welfare of Scheduled Castes, Scheduled Tribes, Other Backward Classes and Minorities|02|Welfare of Scheduled Tribes|911|Deduct Recoveries of Over Payment|0||05|Deduct Recovery of Over Payment of Previous Years-TP|||2225-02-911-0-05|Deduct Recovery of Over Payment of Previous Years-TP|V|Header|Detailed-Head|||||100.0
29|05|10|2225|Welfare of Scheduled Castes, Scheduled Tribes, Other Backward Classes and Minorities|02|Welfare of Scheduled Tribes|911|Deduct Recoveries of Over Payment|0||05|Deduct Recovery of Over Payment of Previous Years-TP|261|Inter Account Transfers|2225-02-911-0-05|Inter Account Transfers|V|Data|Object-Head||-1594.37|-1594.37|-12005.44|100.0
29|05|10|2225|Welfare of Scheduled Castes, Scheduled Tribes, Other Backward Classes and Minorities|02|Welfare of Scheduled Tribes|911|Deduct Recoveries of Over Payment|0||05|Deduct Recovery of Over Payment of Previous Years-TP||||HOA Total :|V|Total|Detailed-Head|0.00|-1594.37|-1594.37|-12005.44|100.0
29|05|10|2225|Welfare of Scheduled Castes, Scheduled Tribes, Other Backward Classes and Minorities|02|Welfare of Scheduled Tribes||||||||||2225 - Total :|V|Total|Major-Head|133209.77|141055.36|147047.38|146093.72|
30|05|10|4225|Capital Outlay on Welfare of Scheduled Castes,Scheduled Tribes, Other Backward Classes and Minorities|02|Welfare of Scheduled Tribes||||||||||4225|Capital Outlay on Welfare of Scheduled Castes,Scheduled Tribes, Other Backward Classes and Minorities|Header|Sub-Major-Head|||||
30|05|10|4225|Capital Outlay on Welfare of Scheduled Castes,Scheduled Tribes, Other Backward Classes and Minorities|02|Welfare of Scheduled Tribes|102||0||01|CSS-Central Share(100% GoI) PM-JANMAN(Construction of MPCs)|||4225-02-102-0-01|CSS-Central Share(100% GoI) PM-JANMAN(Construction of MPCs)|V|Header|Detailed-Head|||||100.0
30|05|10|4225|Capital Outlay on Welfare of Scheduled Castes,Scheduled Tribes, Other Backward Classes and Minorities|02|Welfare of Scheduled Tribes|102||0||01|CSS-Central Share(100% GoI) PM-JANMAN(Construction of MPCs)|386|Purchase/Construction of Buildings|4225-02-102-0-01|Purchase/Construction of Buildings|V|Data|Object-Head|1026.41|2000.00|3080.95|3080.00|100.0
30|05|10|4225|Capital Outlay on Welfare of Scheduled Castes,Scheduled Tribes, Other Backward Classes and Minorities|02|Welfare of Scheduled Tribes|102||0||01|CSS-Central Share(100% GoI) PM-JANMAN(Construction of MPCs)||||HOA Total :|V|Total|Detailed-Head|1026.41|2000.00|3080.95|3080.00|100.0
30|05|10|4225|Capital Outlay on Welfare of Scheduled Castes,Scheduled Tribes, Other Backward Classes and Minorities|02|Welfare of Scheduled Tribes|102||0||02|CSS-Central Share-Support to Tribal Research Department(Capital Asset Creation)|||4225-02-102-0-02|CSS-Central Share-Support to Tribal Research Department(Capital Asset Creation)|V|Header|Detailed-Head|||||100.0
30|05|10|4225|Capital Outlay on Welfare of Scheduled Castes,Scheduled Tribes, Other Backward Classes and Minorities|02|Welfare of Scheduled Tribes|102||0||02|CSS-Central Share-Support to Tribal Research Department(Capital Asset Creation)|132|Other Capital Expenses|4225-02-102-0-02|Other Capital Expenses|V|Data|Object-Head||1.00|1.00|1.00|100.0
30|05|10|4225|Capital Outlay on Welfare of Scheduled Castes,Scheduled Tribes, Other Backward Classes and Minorities|02|Welfare of Scheduled Tribes|102||0||02|CSS-Central Share-Support to Tribal Research Department(Capital Asset Creation)||||HOA Total :|V|Total|Detailed-Head|0.00|1.00|1.00|1.00|100.0
30|05|10|4225|Capital Outlay on Welfare of Scheduled Castes,Scheduled Tribes, Other Backward Classes and Minorities|02|Welfare of Scheduled Tribes|102||0||03|CSS-Central Share-(100% GoI) Dharti Aaba Janjatiya Gram Utkarsh Abhiyan (DA JGUA)|||4225-02-102-0-03|CSS-Central Share-(100% GoI) Dharti Aaba Janjatiya Gram Utkarsh Abhiyan (DA JGUA)|V|Header|Detailed-Head|||||100.0
30|05|10|4225|Capital Outlay on Welfare of Scheduled Castes,Scheduled Tribes, Other Backward Classes and Minorities|02|Welfare of Scheduled Tribes|102||0||03|CSS-Central Share-(100% GoI) Dharti Aaba Janjatiya Gram Utkarsh Abhiyan (DA JGUA)|132|Other Capital Expenses|4225-02-102-0-03|Other Capital Expenses|V|Data|Object-Head||||894.00|100.0
30|05|10|4225|Capital Outlay on Welfare of Scheduled Castes,Scheduled Tribes, Other Backward Classes and Minorities|02|Welfare of Scheduled Tribes|102||0||03|CSS-Central Share-(100% GoI) Dharti Aaba Janjatiya Gram Utkarsh Abhiyan (DA JGUA)|139|Major Works|4225-02-102-0-03|Major Works|V|Data|Object-Head|||894.32||100.0
30|05|10|4225|Capital Outlay on Welfare of Scheduled Castes,Scheduled Tribes, Other Backward Classes and Minorities|02|Welfare of Scheduled Tribes|102||0||03|CSS-Central Share-(100% GoI) Dharti Aaba Janjatiya Gram Utkarsh Abhiyan (DA JGUA)||||HOA Total :|V|Total|Detailed-Head|0.00|0.00|894.32|894.00|100.0
30|05|10|4225|Capital Outlay on Welfare of Scheduled Castes,Scheduled Tribes, Other Backward Classes and Minorities|02|Welfare of Scheduled Tribes|190||0||02|Unspent SCSP-TSP Amount as per the SCSP-TSPAct 2013|||4225-02-190-0-02|Unspent SCSP-TSP Amount as per the SCSP-TSPAct 2013|V|Header|Detailed-Head|||||100.0
30|05|10|4225|Capital Outlay on Welfare of Scheduled Castes,Scheduled Tribes, Other Backward Classes and Minorities|02|Welfare of Scheduled Tribes|190||0||02|Unspent SCSP-TSP Amount as per the SCSP-TSPAct 2013|059|Other Expenses|4225-02-190-0-02|Other Expenses|V|Data|Object-Head|320.00|||215.00|100.0
30|05|10|4225|Capital Outlay on Welfare of Scheduled Castes,Scheduled Tribes, Other Backward Classes and Minorities|02|Welfare of Scheduled Tribes|190||0||02|Unspent SCSP-TSP Amount as per the SCSP-TSPAct 2013|132|Other Capital Expenses|4225-02-190-0-02|Other Capital Expenses|V|Data|Object-Head||196.06|196.06||100.0
30|05|10|4225|Capital Outlay on Welfare of Scheduled Castes,Scheduled Tribes, Other Backward Classes and Minorities|02|Welfare of Scheduled Tribes|190||0||02|Unspent SCSP-TSP Amount as per the SCSP-TSPAct 2013||||HOA Total :|V|Total|Detailed-Head|320.00|196.06|196.06|215.00|100.0
31|05|10|4225|Capital Outlay on Welfare of Scheduled Castes,Scheduled Tribes, Other Backward Classes and Minorities|02|Welfare of Scheduled Tribes|277||2||02|Construction of Ashram Schools & Hostels(State Scheme)|||4225-02-277-2-02|Construction of Ashram Schools & Hostels(State Scheme)|V|Header|Detailed-Head|||||100.0
31|05|10|4225|Capital Outlay on Welfare of Scheduled Castes,Scheduled Tribes, Other Backward Classes and Minorities|02|Welfare of Scheduled Tribes|277||2||02|Construction of Ashram Schools & Hostels(State Scheme)|386|Purchase/Construction of Buildings|4225-02-277-2-02|Purchase/Construction of Buildings|V|Data|Object-Head|6176.00|1500.00|1500.00|1500.00|100.0
31|05|10|4225|Capital Outlay on Welfare of Scheduled Castes,Scheduled Tribes, Other Backward Classes and Minorities|02|Welfare of Scheduled Tribes|277||2||02|Construction of Ashram Schools & Hostels(State Scheme)||||HOA Total :|V|Total|Detailed-Head|6176.00|1500.00|1500.00|1500.00|100.0
31|05|10|4225|Capital Outlay on Welfare of Scheduled Castes,Scheduled Tribes, Other Backward Classes and Minorities|02|Welfare of Scheduled Tribes|277||2||03|Construction of Residential Schools(KRIES)|||4225-02-277-2-03|Construction of Residential Schools(KRIES)|V|Header|Detailed-Head|||||100.0
31|05|10|4225|Capital Outlay on Welfare of Scheduled Castes,Scheduled Tribes, Other Backward Classes and Minorities|02|Welfare of Scheduled Tribes|277||2||03|Construction of Residential Schools(KRIES)|180|Machinery and Equipments|4225-02-277-2-03|Machinery and Equipments|V|Data|Object-Head||2102.00|2102.00|2100.00|100.0
31|05|10|4225|Capital Outlay on Welfare of Scheduled Castes,Scheduled Tribes, Other Backward Classes and Minorities|02|Welfare of Scheduled Tribes|277||2||03|Construction of Residential Schools(KRIES)|386|Purchase/Construction of Buildings|4225-02-277-2-03|Purchase/Construction of Buildings|V|Data|Object-Head|11000.00|22000.00|22000.00|27900.00|100.0
31|05|10|4225|Capital Outlay on Welfare of Scheduled Castes,Scheduled Tribes, Other Backward Classes and Minorities|02|Welfare of Scheduled Tribes|277||2||03|Construction of Residential Schools(KRIES)||||HOA Total :|V|Total|Detailed-Head|11000.00|24102.00|24102.00|30000.00|100.0
31|05|10|4225|Capital Outlay on Welfare of Scheduled Castes,Scheduled Tribes, Other Backward Classes and Minorities|02|Welfare of Scheduled Tribes|794||0||01|Various Development Schemes for Scheduled Tribes|||4225-02-794-0-01|Various Development Schemes for Scheduled Tribes|V|Header|Detailed-Head|||||100.0
31|05|10|4225|Capital Outlay on Welfare of Scheduled Castes,Scheduled Tribes, Other Backward Classes and Minorities|02|Welfare of Scheduled Tribes|794||0||01|Various Development Schemes for Scheduled Tribes|059|Other Expenses|4225-02-794-0-01|Other Expenses|V|Data|Object-Head|16976.43||||100.0
31|05|10|4225|Capital Outlay on Welfare of Scheduled Castes,Scheduled Tribes, Other Backward Classes and Minorities|02|Welfare of Scheduled Tribes|794||0||01|Various Development Schemes for Scheduled Tribes|132|Other Capital Expenses|4225-02-794-0-01|Other Capital Expenses|V|Data|Object-Head||||12500.00|100.0
31|05|10|4225|Capital Outlay on Welfare of Scheduled Castes,Scheduled Tribes, Other Backward Classes and Minorities|02|Welfare of Scheduled Tribes|794||0||01|Various Development Schemes for Scheduled Tribes|139|Major Works|4225-02-794-0-01|Major Works|V|Data|Object-Head||13500.00|13500.00||100.0
31|05|10|4225|Capital Outlay on Welfare of Scheduled Castes,Scheduled Tribes, Other Backward Classes and Minorities|02|Welfare of Scheduled Tribes|794||0||01|Various Development Schemes for Scheduled Tribes|386|Purchase/Construction of Buildings|4225-02-794-0-01|Purchase/Construction of Buildings|V|Data|Object-Head||11500.00|11500.00|15000.00|100.0
31|05|10|4225|Capital Outlay on Welfare of Scheduled Castes,Scheduled Tribes, Other Backward Classes and Minorities|02|Welfare of Scheduled Tribes|794||0||01|Various Development Schemes for Scheduled Tribes||||HOA Total :|V|Total|Detailed-Head|16976.43|25000.00|25000.00|27500.00|100.0
31|05|10|4225|Capital Outlay on Welfare of Scheduled Castes,Scheduled Tribes, Other Backward Classes and Minorities|02|Welfare of Scheduled Tribes|794||0||02|CSS-Central Share(100% GoI)-Schemes Under Article 275(1) of The Constitution|||4225-02-794-0-02|CSS-Central Share(100% GoI)-Schemes Under Article 275(1) of The Constitution|V|Header|Detailed-Head|||||100.0
31|05|10|4225|Capital Outlay on Welfare of Scheduled Castes,Scheduled Tribes, Other Backward Classes and Minorities|02|Welfare of Scheduled Tribes|794||0||02|CSS-Central Share(100% GoI)-Schemes Under Article 275(1) of The Constitution|386|Purchase/Construction of Buildings|4225-02-794-0-02|Purchase/Construction of Buildings|V|Data|Object-Head||7000.00|7000.00|7000.00|100.0
31|05|10|4225|Capital Outlay on Welfare of Scheduled Castes,Scheduled Tribes, Other Backward Classes and Minorities|02|Welfare of Scheduled Tribes|794||0||02|CSS-Central Share(100% GoI)-Schemes Under Article 275(1) of The Constitution||||HOA Total :|V|Total|Detailed-Head|0.00|7000.00|7000.00|7000.00|100.0
32|05|10|4225|Capital Outlay on Welfare of Scheduled Castes,Scheduled Tribes, Other Backward Classes and Minorities|02|Welfare of Scheduled Tribes|794|Special Central Assistance for Tribal Sub-Plan|0||03|CSS-Central (100% GoI) - Special Central Assistance For Tribal Sub Plan|||4225-02-794-0-03|CSS-Central (100% GoI) - Special Central Assistance For Tribal Sub Plan|V|Header|Detailed-Head|||||100.0
32|05|10|4225|Capital Outlay on Welfare of Scheduled Castes,Scheduled Tribes, Other Backward Classes and Minorities|02|Welfare of Scheduled Tribes|794|Special Central Assistance for Tribal Sub-Plan|0||03|CSS-Central (100% GoI) - Special Central Assistance For Tribal Sub Plan|386|Purchase/Construction of Buildings|4225-02-794-0-03|Purchase/Construction of Buildings|V|Data|Object-Head||7200.00|7200.00|7200.00|100.0
32|05|10|4225|Capital Outlay on Welfare of Scheduled Castes,Scheduled Tribes, Other Backward Classes and Minorities|02|Welfare of Scheduled Tribes|794|Special Central Assistance for Tribal Sub-Plan|0||03|CSS-Central (100% GoI) - Special Central Assistance For Tribal Sub Plan||||HOA Total :|V|Total|Detailed-Head|0.00|7200.00|7200.00|7200.00|100.0
32|05|10|4225|Capital Outlay on Welfare of Scheduled Castes,Scheduled Tribes, Other Backward Classes and Minorities|02|Welfare of Scheduled Tribes||||||||||4225 - Total :|V|Total|Major-Head|35498.84|66999.06|68974.33|77390.00|
33|05|10|2225|Welfare of Scheduled Castes, Scheduled Tribes, Other Backward Classes and Minorities|03||001||0||01|Commissioner - Backward Classes Welfare Department|||2225-03-001-0-01|Commissioner - Backward Classes Welfare Department||Header|Detailed-Head|||||100.0
33|05|10|2225|Welfare of Scheduled Castes, Scheduled Tribes, Other Backward Classes and Minorities|03||001||0||01|Commissioner - Backward Classes Welfare Department|002|Basic Pay|2225-03-001-0-01|Basic Pay||Data|Object-Head|87.13|409.00|411.42|384.00|100.0
33|05|10|2225|Welfare of Scheduled Castes, Scheduled Tribes, Other Backward Classes and Minorities|03||001||0||01|Commissioner - Backward Classes Welfare Department|003|Basic Pay-Staff|2225-03-001-0-01|Basic Pay-Staff||Data|Object-Head|248.47||||100.0
33|05|10|2225|Welfare of Scheduled Castes, Scheduled Tribes, Other Backward Classes and Minorities|03||001||0||01|Commissioner - Backward Classes Welfare Department|004|Interim Relief|2225-03-001-0-01|Interim Relief||Data|Object-Head|21.32||||100.0
33|05|10|2225|Welfare of Scheduled Castes, Scheduled Tribes, Other Backward Classes and Minorities|03||001||0||01|Commissioner - Backward Classes Welfare Department|011|Dearness Allowance|2225-03-001-0-01|Dearness Allowance||Data|Object-Head|79.14|90.00|90.75|98.00|100.0
33|05|10|2225|Welfare of Scheduled Castes, Scheduled Tribes, Other Backward Classes and Minorities|03||001||0||01|Commissioner - Backward Classes Welfare Department|014|Other Allowance|2225-03-001-0-01|Other Allowance||Data|Object-Head|83.25|93.00|99.41|90.00|100.0
33|05|10|2225|Welfare of Scheduled Castes, Scheduled Tribes, Other Backward Classes and Minorities|03||001||0||01|Commissioner - Backward Classes Welfare Department|015|Subsidiary Expenses|2225-03-001-0-01|Subsidiary Expenses||Data|Object-Head|7.00|7.00|7.00|7.00|100.0
33|05|10|2225|Welfare of Scheduled Castes, Scheduled Tribes, Other Backward Classes and Minorities|03||001||0||01|Commissioner - Backward Classes Welfare Department|020|Medical Allowance|2225-03-001-0-01|Medical Allowance||Data|Object-Head|2.12||||100.0
33|05|10|2225|Welfare of Scheduled Castes, Scheduled Tribes, Other Backward Classes and Minorities|03||001||0||01|Commissioner - Backward Classes Welfare Department|021|Reimbursement of Medical Expenses|2225-03-001-0-01|Reimbursement of Medical Expenses||Data|Object-Head|1.63|15.00|15.00|15.00|100.0
33|05|10|2225|Welfare of Scheduled Castes, Scheduled Tribes, Other Backward Classes and Minorities|03||001||0||01|Commissioner - Backward Classes Welfare Department|041|Travel Expenses|2225-03-001-0-01|Travel Expenses||Data|Object-Head|0.96|5.00|5.00|5.00|100.0
33|05|10|2225|Welfare of Scheduled Castes, Scheduled Tribes, Other Backward Classes and Minorities|03||001||0||01|Commissioner - Backward Classes Welfare Department|050|Office Expenses|2225-03-001-0-01|Office Expenses||Data|Object-Head||2.00|2.00|3.00|100.0
33|05|10|2225|Welfare of Scheduled Castes, Scheduled Tribes, Other Backward Classes and Minorities|03||001||0||01|Commissioner - Backward Classes Welfare Department|051|General Expenses|2225-03-001-0-01|General Expenses||Data|Object-Head|85.40|16.00|16.00|15.00|100.0
33|05|10|2225|Welfare of Scheduled Castes, Scheduled Tribes, Other Backward Classes and Minorities|03||001||0||01|Commissioner - Backward Classes Welfare Department|052|Telephone Charges|2225-03-001-0-01|Telephone Charges||Data|Object-Head|0.74||||100.0
33|05|10|2225|Welfare of Scheduled Castes, Scheduled Tribes, Other Backward Classes and Minorities|03||001||0||01|Commissioner - Backward Classes Welfare Department|071|Building Expenses|2225-03-001-0-01|Building Expenses||Data|Object-Head|9.46|20.00|20.00|20.00|100.0
33|05|10|2225|Welfare of Scheduled Castes, Scheduled Tribes, Other Backward Classes and Minorities|03||001||0||01|Commissioner - Backward Classes Welfare Department|195|Transport Expenses|2225-03-001-0-01|Transport Expenses||Data|Object-Head|19.04|22.77|22.77|23.18|100.0
33|05|10|2225|Welfare of Scheduled Castes, Scheduled Tribes, Other Backward Classes and Minorities|03||001||0||01|Commissioner - Backward Classes Welfare Department|200|Maintenance Expenditure|2225-03-001-0-01|Maintenance Expenditure||Data|Object-Head|25.00|20.00|20.00|20.00|100.0
33|05|10|2225|Welfare of Scheduled Castes, Scheduled Tribes, Other Backward Classes and Minorities|03||001||0||01|Commissioner - Backward Classes Welfare Department|||||HOA Total :|Total|Detailed-Head|670.66|699.77|709.35|680.18|100.0
33|05|10|2225|Welfare of Scheduled Castes, Scheduled Tribes, Other Backward Classes and Minorities|03||001||0||05|Vividha Samudayagala Abhivridhi|||2225-03-001-0-05|Vividha Samudayagala Abhivridhi||Header|Detailed-Head|||||100.0
33|05|10|2225|Welfare of Scheduled Castes, Scheduled Tribes, Other Backward Classes and Minorities|03||001||0||05|Vividha Samudayagala Abhivridhi|103|Grants-in-Aid -General|2225-03-001-0-05|Grants-in-Aid -General||Data|Object-Head|27974.00|22275.00|27011.00|26138.00|100.0
33|05|10|2225|Welfare of Scheduled Castes, Scheduled Tribes, Other Backward Classes and Minorities|03||001||0||05|Vividha Samudayagala Abhivridhi|||||HOA Total :|Total|Detailed-Head|27974.00|22275.00|27011.00|26138.00|100.0
33|05|10|2225|Welfare of Scheduled Castes, Scheduled Tribes, Other Backward Classes and Minorities|03||001||0||07|Vacant Post Provision|||2225-03-001-0-07|Vacant Post Provision||Header|Detailed-Head|||||100.0
33|05|10|2225|Welfare of Scheduled Castes, Scheduled Tribes, Other Backward Classes and Minorities|03||001||0||07|Vacant Post Provision|014|Other Allowance|2225-03-001-0-07|Other Allowance||Data|Object-Head||17920.23|17712.53|21990.23|100.0
33|05|10|2225|Welfare of Scheduled Castes, Scheduled Tribes, Other Backward Classes and Minorities|03||001||0||07|Vacant Post Provision|||||HOA Total :|Total|Detailed-Head|0.00|17920.23|17712.53|21990.23|100.0
34|05|10|2225|Welfare of Scheduled Castes, Scheduled Tribes, Other Backward Classes and Minorities|03||102||0||12|Nomadic / Semi-Nomadic Tribes Development Programmes|||2225-03-102-0-12|Nomadic / Semi-Nomadic Tribes Development Programmes|V|Header|Detailed-Head|||||100.0
34|05|10|2225|Welfare of Scheduled Castes, Scheduled Tribes, Other Backward Classes and Minorities|03||102||0||12|Nomadic / Semi-Nomadic Tribes Development Programmes|002|Basic Pay|2225-03-102-0-12|Basic Pay|V|Data|Object-Head|21.09|108.00|116.32|114.00|100.0
34|05|10|2225|Welfare of Scheduled Castes, Scheduled Tribes, Other Backward Classes and Minorities|03||102||0||12|Nomadic / Semi-Nomadic Tribes Development Programmes|003|Basic Pay-Staff|2225-03-102-0-12|Basic Pay-Staff|V|Data|Object-Head|72.53||||100.0
34|05|10|2225|Welfare of Scheduled Castes, Scheduled Tribes, Other Backward Classes and Minorities|03||102||0||12|Nomadic / Semi-Nomadic Tribes Development Programmes|004|Interim Relief|2225-03-102-0-12|Interim Relief|V|Data|Object-Head|6.05||||100.0
34|05|10|2225|Welfare of Scheduled Castes, Scheduled Tribes, Other Backward Classes and Minorities|03||102||0||12|Nomadic / Semi-Nomadic Tribes Development Programmes|011|Dearness Allowance|2225-03-102-0-12|Dearness Allowance|V|Data|Object-Head|21.71|24.00|24.00|29.00|100.0
34|05|10|2225|Welfare of Scheduled Castes, Scheduled Tribes, Other Backward Classes and Minorities|03||102||0||12|Nomadic / Semi-Nomadic Tribes Development Programmes|014|Other Allowance|2225-03-102-0-12|Other Allowance|V|Data|Object-Head|19.39|23.00|23.00|21.00|100.0
34|05|10|2225|Welfare of Scheduled Castes, Scheduled Tribes, Other Backward Classes and Minorities|03||102||0||12|Nomadic / Semi-Nomadic Tribes Development Programmes|020|Medical Allowance|2225-03-102-0-12|Medical Allowance|V|Data|Object-Head|0.67||||100.0
34|05|10|2225|Welfare of Scheduled Castes, Scheduled Tribes, Other Backward Classes and Minorities|03||102||0||12|Nomadic / Semi-Nomadic Tribes Development Programmes|021|Reimbursement of Medical Expenses|2225-03-102-0-12|Reimbursement of Medical Expenses|V|Data|Object-Head|1.07|9.00|9.00|9.00|100.0
34|05|10|2225|Welfare of Scheduled Castes, Scheduled Tribes, Other Backward Classes and Minorities|03||102||0||12|Nomadic / Semi-Nomadic Tribes Development Programmes|059|Other Expenses|2225-03-102-0-12|Other Expenses|V|Data|Object-Head|250.00|350.00|350.00|500.00|100.0
34|05|10|2225|Welfare of Scheduled Castes, Scheduled Tribes, Other Backward Classes and Minorities|03||102||0||12|Nomadic / Semi-Nomadic Tribes Development Programmes|117|Scholarships & Incentives|2225-03-102-0-12|Scholarships & Incentives|V|Data|Object-Head|2283.91|2500.00|2500.00|2700.00|100.0
34|05|10|2225|Welfare of Scheduled Castes, Scheduled Tribes, Other Backward Classes and Minorities|03||102||0||12|Nomadic / Semi-Nomadic Tribes Development Programmes|||2225-03-102-0-12|HOA Total :|V|Total|Detailed-Head|2676.42|3014.00|3022.32|3373.00|100.0
34|05|10|2225|Welfare of Scheduled Castes, Scheduled Tribes, Other Backward Classes and Minorities|03||102||0||16|Sri Narayana Guru Development Corporation|||2225-03-102-0-16|Sri Narayana Guru Development Corporation|V|Header|Detailed-Head|||||100.0
34|05|10|2225|Welfare of Scheduled Castes, Scheduled Tribes, Other Backward Classes and Minorities|03||102||0||16|Sri Narayana Guru Development Corporation|103|Grants-in-Aid -General|2225-03-102-0-16|Grants-in-Aid -General|V|Data|Object-Head||1.00|1.00|1.00|100.0
34|05|10|2225|Welfare of Scheduled Castes, Scheduled Tribes, Other Backward Classes and Minorities|03||102||0||16|Sri Narayana Guru Development Corporation|||2225-03-102-0-16|HOA Total :|V|Total|Detailed-Head|0.00|1.00|1.00|1.00|100.0
34|05|10|2225|Welfare of Scheduled Castes, Scheduled Tribes, Other Backward Classes and Minorities|03||102||0||17|CM Special Development Programme|||2225-03-102-0-17|CM Special Development Programme|V|Header|Detailed-Head|||||100.0
34|05|10|2225|Welfare of Scheduled Castes, Scheduled Tribes, Other Backward Classes and Minorities|03||102||0||17|CM Special Development Programme|103|Grants-in-Aid -General|2225-03-102-0-17|Grants-in-Aid -General|V|Data|Object-Head||||1.00|100.0
34|05|10|2225|Welfare of Scheduled Castes, Scheduled Tribes, Other Backward Classes and Minorities|03||102||0||17|CM Special Development Programme|||2225-03-102-0-17|HOA Total :|V|Total|Detailed-Head|0.00|0.00|0.00|1.00|100.0
34|05|10|2225|Welfare of Scheduled Castes, Scheduled Tribes, Other Backward Classes and Minorities|03||102||3||09|Karnataka Backward Classes Commission|||2225-03-102-3-09|Karnataka Backward Classes Commission|V|Header|Detailed-Head|||||100.0
34|05|10|2225|Welfare of Scheduled Castes, Scheduled Tribes, Other Backward Classes and Minorities|03||102||3||09|Karnataka Backward Classes Commission|002|Basic Pay|2225-03-102-3-09|Basic Pay|V|Data|Object-Head||||76.00|100.0
34|05|10|2225|Welfare of Scheduled Castes, Scheduled Tribes, Other Backward Classes and Minorities|03||102||3||09|Karnataka Backward Classes Commission|011|Dearness Allowance|2225-03-102-3-09|Dearness Allowance|V|Data|Object-Head||||18.00|100.0
34|05|10|2225|Welfare of Scheduled Castes, Scheduled Tribes, Other Backward Classes and Minorities|03||102||3||09|Karnataka Backward Classes Commission|014|Other Allowance|2225-03-102-3-09|Other Allowance|V|Data|Object-Head||||20.00|100.0
34|05|10|2225|Welfare of Scheduled Castes, Scheduled Tribes, Other Backward Classes and Minorities|03||102||3||09|Karnataka Backward Classes Commission|034|Contract/Outsource|2225-03-102-3-09|Contract/Outsource|V|Data|Object-Head||||298.57|100.0
34|05|10|2225|Welfare of Scheduled Castes, Scheduled Tribes, Other Backward Classes and Minorities|03||102||3||09|Karnataka Backward Classes Commission|051|General Expenses|2225-03-102-3-09|General Expenses|V|Data|Object-Head||||55.00|100.0
35|05|10|2225|Welfare of Scheduled Castes, Scheduled Tribes, Other Backward Classes and Minorities|03||102||3||09|Karnataka Backward Classes Commission|101|Grants-in-Aid-Salaries|2225-03-102-3-09|Grants-in-Aid-Salaries|V|Data|Object-Head|55.62|65.08|79.88||100.0
35|05|10|2225|Welfare of Scheduled Castes, Scheduled Tribes, Other Backward Classes and Minorities|03||102||3||09|Karnataka Backward Classes Commission|103|Grants-in-Aid -General|2225-03-102-3-09|Grants-in-Aid -General|V|Data|Object-Head|55.00|55.00|55.00||100.0
35|05|10|2225|Welfare of Scheduled Castes, Scheduled Tribes, Other Backward Classes and Minorities|03||102||3||09|Karnataka Backward Classes Commission|115|GIA Contract /Outsource|2225-03-102-3-09|GIA Contract /Outsource|V|Data|Object-Head|280.94|229.24|229.24||100.0
35|05|10|2225|Welfare of Scheduled Castes, Scheduled Tribes, Other Backward Classes and Minorities|03||102||3||09|Karnataka Backward Classes Commission|118|Grants-in-Aid-Pensions|2225-03-102-3-09|Grants-in-Aid-Pensions|V|Data|Object-Head|5.79|2.74|2.74||100.0
35|05|10|2225|Welfare of Scheduled Castes, Scheduled Tribes, Other Backward Classes and Minorities|03||102||3||09|Karnataka Backward Classes Commission|||2225-03-102-3-09|HOA Total :|V|Total|Detailed-Head|397.35|352.06|366.86|467.57|100.0
35|05|10|2225|Welfare of Scheduled Castes, Scheduled Tribes, Other Backward Classes and Minorities|03||190|Assistance to Public Sector and Other Undertakings|0||04|D. Devaraja Urs Backward Classes Development Corporation Limited.|||2225-03-190-0-04|D. Devaraja Urs Backward Classes Development Corporation Limited.|V|Header|Detailed-Head|||||100.0
35|05|10|2225|Welfare of Scheduled Castes, Scheduled Tribes, Other Backward Classes and Minorities|03||190|Assistance to Public Sector and Other Undertakings|0||04|D. Devaraja Urs Backward Classes Development Corporation Limited.|106|Subsidies|2225-03-190-0-04|Subsidies|V|Data|Object-Head|10000.00|12500.00|27500.00|13750.00|100.0
35|05|10|2225|Welfare of Scheduled Castes, Scheduled Tribes, Other Backward Classes and Minorities|03||190|Assistance to Public Sector and Other Undertakings|0||04|D. Devaraja Urs Backward Classes Development Corporation Limited.|||2225-03-190-0-04|HOA Total :|V|Total|Detailed-Head|10000.00|12500.00|27500.00|13750.00|100.0
35|05|10|2225|Welfare of Scheduled Castes, Scheduled Tribes, Other Backward Classes and Minorities|03||190|Assistance to Public Sector and Other Undertakings|0||05|Vishwakarma Abhivruddhi Nigama|||2225-03-190-0-05|Vishwakarma Abhivruddhi Nigama|V|Header|Detailed-Head|||||100.0
35|05|10|2225|Welfare of Scheduled Castes, Scheduled Tribes, Other Backward Classes and Minorities|03||190|Assistance to Public Sector and Other Undertakings|0||05|Vishwakarma Abhivruddhi Nigama|059|Other Expenses|2225-03-190-0-05|Other Expenses|V|Data|Object-Head|1300.00|1625.00|2125.00|1788.00|100.0
35|05|10|2225|Welfare of Scheduled Castes, Scheduled Tribes, Other Backward Classes and Minorities|03||190|Assistance to Public Sector and Other Undertakings|0||05|Vishwakarma Abhivruddhi Nigama|||2225-03-190-0-05|HOA Total :|V|Total|Detailed-Head|1300.00|1625.00|2125.00|1788.00|100.0
35|05|10|2225|Welfare of Scheduled Castes, Scheduled Tribes, Other Backward Classes and Minorities|03||190|Assistance to Public Sector and Other Undertakings|0||06|Krantiveera Sangolli Rayanna Kshetra Abhivrudhi Pradhikara|||2225-03-190-0-06|Krantiveera Sangolli Rayanna Kshetra Abhivrudhi Pradhikara|V|Header|Detailed-Head|||||100.0
35|05|10|2225|Welfare of Scheduled Castes, Scheduled Tribes, Other Backward Classes and Minorities|03||190|Assistance to Public Sector and Other Undertakings|0||06|Krantiveera Sangolli Rayanna Kshetra Abhivrudhi Pradhikara|059|Other Expenses|2225-03-190-0-06|Other Expenses|V|Data|Object-Head|500.00||||100.0
35|05|10|2225|Welfare of Scheduled Castes, Scheduled Tribes, Other Backward Classes and Minorities|03||190|Assistance to Public Sector and Other Undertakings|0||06|Krantiveera Sangolli Rayanna Kshetra Abhivrudhi Pradhikara|101|Grants-in-Aid-Salaries|2225-03-190-0-06|Grants-in-Aid-Salaries|V|Data|Object-Head|16.87|27.59|27.59|29.84|100.0
35|05|10|2225|Welfare of Scheduled Castes, Scheduled Tribes, Other Backward Classes and Minorities|03||190|Assistance to Public Sector and Other Undertakings|0||06|Krantiveera Sangolli Rayanna Kshetra Abhivrudhi Pradhikara|||2225-03-190-0-06|HOA Total :|V|Total|Detailed-Head|516.87|27.59|27.59|29.84|100.0
35|05|10|2225|Welfare of Scheduled Castes, Scheduled Tribes, Other Backward Classes and Minorities|03||190|Assistance to Public Sector and Other Undertakings|0||07|Assistance to Nijasharana Ambigara Chowdaiah Development Corporation Ltd.|||2225-03-190-0-07|Assistance to Nijasharana Ambigara Chowdaiah Development Corporation Ltd.|V|Header|Detailed-Head|||||100.0
35|05|10|2225|Welfare of Scheduled Castes, Scheduled Tribes, Other Backward Classes and Minorities|03||190|Assistance to Public Sector and Other Undertakings|0||07|Assistance to Nijasharana Ambigara Chowdaiah Development Corporation Ltd.|106|Subsidies|2225-03-190-0-07|Subsidies|V|Data|Object-Head|500.00|625.00|925.00|688.00|100.0
35|05|10|2225|Welfare of Scheduled Castes, Scheduled Tribes, Other Backward Classes and Minorities|03||190|Assistance to Public Sector and Other Undertakings|0||07|Assistance to Nijasharana Ambigara Chowdaiah Development Corporation Ltd.|||2225-03-190-0-07|HOA Total :|V|Total|Detailed-Head|500.00|625.00|925.00|688.00|100.0
36|05|10|2225|Welfare of Scheduled Castes, Scheduled Tribes, Other Backward Classes and Minorities|03|Welfare of Backward Classes|190|Assistance to Public Sector and Other Undertakings|0||08|Assistance to Karnataka Uppara Development Corporation Ltd.|||2225-03-190-0-08|Assistance to Karnataka Uppara Development Corporation Ltd.|V|Header|Detailed-Head|||||100.0
36|05|10|2225|Welfare of Scheduled Castes, Scheduled Tribes, Other Backward Classes and Minorities|03|Welfare of Backward Classes|190|Assistance to Public Sector and Other Undertakings|0||08|Assistance to Karnataka Uppara Development Corporation Ltd.|106|Subsidies|2225-03-190-0-08|Subsidies|V|Data|Object-Head|800.00|1000.00|1300.00|1100.00|100.0
36|05|10|2225|Welfare of Scheduled Castes, Scheduled Tribes, Other Backward Classes and Minorities|03|Welfare of Backward Classes|190|Assistance to Public Sector and Other Undertakings|0||08|Assistance to Karnataka Uppara Development Corporation Ltd.|||2225-03-190-0-08|HOA Total :|V|Total|Detailed-Head|800.00|1000.00|1300.00|1100.00|100.0
36|05|10|2225|Welfare of Scheduled Castes, Scheduled Tribes, Other Backward Classes and Minorities|03|Welfare of Backward Classes|190|Assistance to Public Sector and Other Undertakings|0||09|Karnataka Veerashaiva-Lingayata Development Corporation|||2225-03-190-0-09|Karnataka Veerashaiva-Lingayata Development Corporation|V|Header|Detailed-Head|||||100.0
36|05|10|2225|Welfare of Scheduled Castes, Scheduled Tribes, Other Backward Classes and Minorities|03|Welfare of Backward Classes|190|Assistance to Public Sector and Other Undertakings|0||09|Karnataka Veerashaiva-Lingayata Development Corporation|100|Financial Assistance/Relief|2225-03-190-0-09|Financial Assistance/Relief|V|Data|Object-Head|6000.00|7500.00|14500.00|8250.00|100.0
36|05|10|2225|Welfare of Scheduled Castes, Scheduled Tribes, Other Backward Classes and Minorities|03|Welfare of Backward Classes|190|Assistance to Public Sector and Other Undertakings|0||09|Karnataka Veerashaiva-Lingayata Development Corporation|||2225-03-190-0-09|HOA Total :|V|Total|Detailed-Head|6000.00|7500.00|14500.00|8250.00|100.0
36|05|10|2225|Welfare of Scheduled Castes, Scheduled Tribes, Other Backward Classes and Minorities|03|Welfare of Backward Classes|190|Assistance to Public Sector and Other Undertakings|0||10|Karnataka Vokkaliga Community Development Corporation|||2225-03-190-0-10|Karnataka Vokkaliga Community Development Corporation|V|Header|Detailed-Head|||||100.0
36|05|10|2225|Welfare of Scheduled Castes, Scheduled Tribes, Other Backward Classes and Minorities|03|Welfare of Backward Classes|190|Assistance to Public Sector and Other Undertakings|0||10|Karnataka Vokkaliga Community Development Corporation|100|Financial Assistance/Relief|2225-03-190-0-10|Financial Assistance/Relief|V|Data|Object-Head|6000.00|7500.00|14500.00|8250.00|100.0
36|05|10|2225|Welfare of Scheduled Castes, Scheduled Tribes, Other Backward Classes and Minorities|03|Welfare of Backward Classes|190|Assistance to Public Sector and Other Undertakings|0||10|Karnataka Vokkaliga Community Development Corporation|||2225-03-190-0-10|HOA Total :|V|Total|Detailed-Head|6000.00|7500.00|14500.00|8250.00|100.0
36|05|10|2225|Welfare of Scheduled Castes, Scheduled Tribes, Other Backward Classes and Minorities|03|Welfare of Backward Classes|196|Assistance to Zilla Panchayats/District level Panchayats|1||01|Grants for Maintenance of District Pre and Post Matric Government Hostels and Ashram Schools|||2225-03-196-1-01|Grants for Maintenance of District Pre and Post Matric Government Hostels and Ashram Schools|V|Header|Detailed-Head|||||100.0
36|05|10|2225|Welfare of Scheduled Castes, Scheduled Tribes, Other Backward Classes and Minorities|03|Welfare of Backward Classes|196|Assistance to Zilla Panchayats/District level Panchayats|1||01|Grants for Maintenance of District Pre and Post Matric Government Hostels and Ashram Schools|300|Lumpsum - ZP|2225-03-196-1-01|Lumpsum - ZP|V|Data|Object-Head|4717.15|12000.00|12000.00|8100.00|100.0
36|05|10|2225|Welfare of Scheduled Castes, Scheduled Tribes, Other Backward Classes and Minorities|03|Welfare of Backward Classes|196|Assistance to Zilla Panchayats/District level Panchayats|1||01|Grants for Maintenance of District Pre and Post Matric Government Hostels and Ashram Schools|401|Bengaluru (Urban)|2225-03-196-1-01|Bengaluru (Urban)|V|Data|Object-Head|19747.13|16089.65|16089.65|4060.12|100.0
36|05|10|2225|Welfare of Scheduled Castes, Scheduled Tribes, Other Backward Classes and Minorities|03|Welfare of Backward Classes|196|Assistance to Zilla Panchayats/District level Panchayats|1||01|Grants for Maintenance of District Pre and Post Matric Government Hostels and Ashram Schools|402|Bengaluru (Rural)|2225-03-196-1-01|Bengaluru (Rural)|V|Data|Object-Head|2068.11|1927.35|1927.35|1367.00|100.0
36|05|10|2225|Welfare of Scheduled Castes, Scheduled Tribes, Other Backward Classes and Minorities|03|Welfare of Backward Classes|196|Assistance to Zilla Panchayats/District level Panchayats|1||01|Grants for Maintenance of District Pre and Post Matric Government Hostels and Ashram Schools|403|Chitradurga|2225-03-196-1-01|Chitradurga|V|Data|Object-Head|5514.01|5567.91|5567.91|4995.00|100.0
36|05|10|2225|Welfare of Scheduled Castes, Scheduled Tribes, Other Backward Classes and Minorities|03|Welfare of Backward Classes|196|Assistance to Zilla Panchayats/District level Panchayats|1||01|Grants for Maintenance of District Pre and Post Matric Government Hostels and Ashram Schools|404|Kolar|2225-03-196-1-01|Kolar|V|Data|Object-Head|3181.49|2938.82|2938.82|2450.84|100.0
36|05|10|2225|Welfare of Scheduled Castes, Scheduled Tribes, Other Backward Classes and Minorities|03|Welfare of Backward Classes|196|Assistance to Zilla Panchayats/District level Panchayats|1||01|Grants for Maintenance of District Pre and Post Matric Government Hostels and Ashram Schools|405|Shivamogga|2225-03-196-1-01|Shivamogga|V|Data|Object-Head|9119.31|8392.27|8392.27|6488.98|100.0
36|05|10|2225|Welfare of Scheduled Castes, Scheduled Tribes, Other Backward Classes and Minorities|03|Welfare of Backward Classes|196|Assistance to Zilla Panchayats/District level Panchayats|1||01|Grants for Maintenance of District Pre and Post Matric Government Hostels and Ashram Schools|406|Tumakuru|2225-03-196-1-01|Tumakuru|V|Data|Object-Head|7189.80|7103.71|7103.71|5428.96|100.0
36|05|10|2225|Welfare of Scheduled Castes, Scheduled Tribes, Other Backward Classes and Minorities|03|Welfare of Backward Classes|196|Assistance to Zilla Panchayats/District level Panchayats|1||01|Grants for Maintenance of District Pre and Post Matric Government Hostels and Ashram Schools|407|Mysuru|2225-03-196-1-01|Mysuru|V|Data|Object-Head|8183.40|8691.12|8691.12|5325.93|100.0
36|05|10|2225|Welfare of Scheduled Castes, Scheduled Tribes, Other Backward Classes and Minorities|03|Welfare of Backward Classes|196|Assistance to Zilla Panchayats/District level Panchayats|1||01|Grants for Maintenance of District Pre and Post Matric Government Hostels and Ashram Schools|408|Chikkamagaluru|2225-03-196-1-01|Chikkamagaluru|V|Data|Object-Head|5426.37|5146.64|5146.64|4369.52|100.0
36|05|10|2225|Welfare of Scheduled Castes, Scheduled Tribes, Other Backward Classes and Minorities|03|Welfare of Backward Classes|196|Assistance to Zilla Panchayats/District level Panchayats|1||01|Grants for Maintenance of District Pre and Post Matric Government Hostels and Ashram Schools|409|Dakshina Kannada|2225-03-196-1-01|Dakshina Kannada|V|Data|Object-Head|5923.09|5599.08|5599.08|3952.66|100.0
36|05|10|2225|Welfare of Scheduled Castes, Scheduled Tribes, Other Backward Classes and Minorities|03|Welfare of Backward Classes|196|Assistance to Zilla Panchayats/District level Panchayats|1||01|Grants for Maintenance of District Pre and Post Matric Government Hostels and Ashram Schools|410|Hassan|2225-03-196-1-01|Hassan|V|Data|Object-Head|6560.88|6167.14|6167.14|4805.84|100.0
37|05|10|2225|Welfare of Scheduled Castes, Scheduled Tribes, Other Backward Classes and Minorities|03|Welfare of Backward Classes|196|Assistance to Zilla Panchayats/District level Panchayats|1||01|Grants for Maintenance of District Pre and Post Matric Government Hostels and Ashram Schools|411|Kodagu|2225-03-196-1-01|Kodagu|V|Data|Object-Head|2046.71|1910.81|1910.81|1620.49|100.0
37|05|10|2225|Welfare of Scheduled Castes, Scheduled Tribes, Other Backward Classes and Minorities|03|Welfare of Backward Classes|196|Assistance to Zilla Panchayats/District level Panchayats|1||01|Grants for Maintenance of District Pre and Post Matric Government Hostels and Ashram Schools|412|Mandya|2225-03-196-1-01|Mandya|V|Data|Object-Head|7112.64|6812.77|6812.77|4920.14|100.0
37|05|10|2225|Welfare of Scheduled Castes, Scheduled Tribes, Other Backward Classes and Minorities|03|Welfare of Backward Classes|196|Assistance to Zilla Panchayats/District level Panchayats|1||01|Grants for Maintenance of District Pre and Post Matric Government Hostels and Ashram Schools|413|Belagavi|2225-03-196-1-01|Belagavi|V|Data|Object-Head|10442.50|11099.67|11099.67|7902.12|100.0
37|05|10|2225|Welfare of Scheduled Castes, Scheduled Tribes, Other Backward Classes and Minorities|03|Welfare of Backward Classes|196|Assistance to Zilla Panchayats/District level Panchayats|1||01|Grants for Maintenance of District Pre and Post Matric Government Hostels and Ashram Schools|414|Vijayapura|2225-03-196-1-01|Vijayapura|V|Data|Object-Head|7129.71|7084.30|7084.30|5282.34|100.0
37|05|10|2225|Welfare of Scheduled Castes, Scheduled Tribes, Other Backward Classes and Minorities|03|Welfare of Backward Classes|196|Assistance to Zilla Panchayats/District level Panchayats|1||01|Grants for Maintenance of District Pre and Post Matric Government Hostels and Ashram Schools|415|Dharwad|2225-03-196-1-01|Dharwad|V|Data|Object-Head|7069.26|7856.36|7856.36|4595.70|100.0
37|05|10|2225|Welfare of Scheduled Castes, Scheduled Tribes, Other Backward Classes and Minorities|03|Welfare of Backward Classes|196|Assistance to Zilla Panchayats/District level Panchayats|1||01|Grants for Maintenance of District Pre and Post Matric Government Hostels and Ashram Schools|416|Uttara Kannada|2225-03-196-1-01|Uttara Kannada|V|Data|Object-Head|4887.05|4557.21|4557.21|4133.87|100.0
37|05|10|2225|Welfare of Scheduled Castes, Scheduled Tribes, Other Backward Classes and Minorities|03|Welfare of Backward Classes|196|Assistance to Zilla Panchayats/District level Panchayats|1||01|Grants for Maintenance of District Pre and Post Matric Government Hostels and Ashram Schools|417|Kalaburagi|2225-03-196-1-01|Kalaburagi|V|Data|Object-Head|9042.18|8618.18|8618.18|6701.04|100.0
37|05|10|2225|Welfare of Scheduled Castes, Scheduled Tribes, Other Backward Classes and Minorities|03|Welfare of Backward Classes|196|Assistance to Zilla Panchayats/District level Panchayats|1||01|Grants for Maintenance of District Pre and Post Matric Government Hostels and Ashram Schools|418|Ballari|2225-03-196-1-01|Ballari|V|Data|Object-Head|4031.80|3699.90|3699.90|2612.46|100.0
37|05|10|2225|Welfare of Scheduled Castes, Scheduled Tribes, Other Backward Classes and Minorities|03|Welfare of Backward Classes|196|Assistance to Zilla Panchayats/District level Panchayats|1||01|Grants for Maintenance of District Pre and Post Matric Government Hostels and Ashram Schools|419|Bidar|2225-03-196-1-01|Bidar|V|Data|Object-Head|4979.59|4437.75|4437.75|3748.43|100.0
37|05|10|2225|Welfare of Scheduled Castes, Scheduled Tribes, Other Backward Classes and Minorities|03|Welfare of Backward Classes|196|Assistance to Zilla Panchayats/District level Panchayats|1||01|Grants for Maintenance of District Pre and Post Matric Government Hostels and Ashram Schools|420|Raichur|2225-03-196-1-01|Raichur|V|Data|Object-Head|5176.43|5041.57|5041.57|3497.56|100.0
37|05|10|2225|Welfare of Scheduled Castes, Scheduled Tribes, Other Backward Classes and Minorities|03|Welfare of Backward Classes|196|Assistance to Zilla Panchayats/District level Panchayats|1||01|Grants for Maintenance of District Pre and Post Matric Government Hostels and Ashram Schools|421|Yadgiri|2225-03-196-1-01|Yadgiri|V|Data|Object-Head|4087.79|3511.80|3511.80|3076.08|100.0
37|05|10|2225|Welfare of Scheduled Castes, Scheduled Tribes, Other Backward Classes and Minorities|03|Welfare of Backward Classes|196|Assistance to Zilla Panchayats/District level Panchayats|1||01|Grants for Maintenance of District Pre and Post Matric Government Hostels and Ashram Schools|451|Davanagere|2225-03-196-1-01|Davanagere|V|Data|Object-Head|6497.64|6231.80|6231.80|4512.71|100.0
37|05|10|2225|Welfare of Scheduled Castes, Scheduled Tribes, Other Backward Classes and Minorities|03|Welfare of Backward Classes|196|Assistance to Zilla Panchayats/District level Panchayats|1||01|Grants for Maintenance of District Pre and Post Matric Government Hostels and Ashram Schools|452|Bengaluru South|2225-03-196-1-01|Bengaluru South|V|Data|Object-Head|2498.27|2700.55|2700.55|2113.36|100.0
37|05|10|2225|Welfare of Scheduled Castes, Scheduled Tribes, Other Backward Classes and Minorities|03|Welfare of Backward Classes|196|Assistance to Zilla Panchayats/District level Panchayats|1||01|Grants for Maintenance of District Pre and Post Matric Government Hostels and Ashram Schools|453|Chikkaballapura|2225-03-196-1-01|Chikkallapura|V|Data|Object-Head|3362.21|3187.91|3187.91|2710.09|100.0
37|05|10|2225|Welfare of Scheduled Castes, Scheduled Tribes, Other Backward Classes and Minorities|03|Welfare of Backward Classes|196|Assistance to Zilla Panchayats/District level Panchayats|1||01|Grants for Maintenance of District Pre and Post Matric Government Hostels and Ashram Schools|456|Chamarajanagar|2225-03-196-1-01|Chamarajanagar|V|Data|Object-Head|2468.32|1919.30|1919.30|1540.90|100.0
37|05|10|2225|Welfare of Scheduled Castes, Scheduled Tribes, Other Backward Classes and Minorities|03|Welfare of Backward Classes|196|Assistance to Zilla Panchayats/District level Panchayats|1||01|Grants for Maintenance of District Pre and Post Matric Government Hostels and Ashram Schools|457|Udupi|2225-03-196-1-01|Udupi|V|Data|Object-Head|3604.49|2854.85|2854.85|2310.46|100.0
37|05|10|2225|Welfare of Scheduled Castes, Scheduled Tribes, Other Backward Classes and Minorities|03|Welfare of Backward Classes|196|Assistance to Zilla Panchayats/District level Panchayats|1||01|Grants for Maintenance of District Pre and Post Matric Government Hostels and Ashram Schools|461|Bagalkot|2225-03-196-1-01|Bagalkot|V|Data|Object-Head|7288.59|6622.38|6622.38|5122.42|100.0
37|05|10|2225|Welfare of Scheduled Castes, Scheduled Tribes, Other Backward Classes and Minorities|03|Welfare of Backward Classes|196|Assistance to Zilla Panchayats/District level Panchayats|1||01|Grants for Maintenance of District Pre and Post Matric Government Hostels and Ashram Schools|462|Gadag|2225-03-196-1-01|Gadag|V|Data|Object-Head|4991.62|4215.15|4215.15|3500.56|100.0
37|05|10|2225|Welfare of Scheduled Castes, Scheduled Tribes, Other Backward Classes and Minorities|03|Welfare of Backward Classes|196|Assistance to Zilla Panchayats/District level Panchayats|1||01|Grants for Maintenance of District Pre and Post Matric Government Hostels and Ashram Schools|463|Haveri|2225-03-196-1-01|Haveri|V|Data|Object-Head|4759.59|4746.45|4746.45|4159.05|100.0
37|05|10|2225|Welfare of Scheduled Castes, Scheduled Tribes, Other Backward Classes and Minorities|03|Welfare of Backward Classes|196|Assistance to Zilla Panchayats/District level Panchayats|1||01|Grants for Maintenance of District Pre and Post Matric Government Hostels and Ashram Schools|466|Koppal|2225-03-196-1-01|Koppal|V|Data|Object-Head|4778.72|4948.29|4948.29|4215.77|100.0
37|05|10|2225|Welfare of Scheduled Castes, Scheduled Tribes, Other Backward Classes and Minorities|03|Welfare of Backward Classes|196|Assistance to Zilla Panchayats/District level Panchayats|1||01|Grants for Maintenance of District Pre and Post Matric Government Hostels and Ashram Schools|467|Vijayanagara|2225-03-196-1-01|Vijayanagara|V|Data|Object-Head|4323.21|3585.88|3585.88|3320.68|100.0
37|05|10|2225|Welfare of Scheduled Castes, Scheduled Tribes, Other Backward Classes and Minorities|03|Welfare of Backward Classes|196|Assistance to Zilla Panchayats/District level Panchayats|1||01|Grants for Maintenance of District Pre and Post Matric Government Hostels and Ashram Schools||||HOA Total :|V|Total|Detailed-Head|188209.06|185266.57|185266.57|132941.08|100.0
37|05|10|2225|Welfare of Scheduled Castes, Scheduled Tribes, Other Backward Classes and Minorities|03|Welfare of Backward Classes|196|Assistance to Zilla Panchayats/District level Panchayats|1||03|Concession and Stipends to OBCs|||2225-03-196-1-03|Concession and Stipends to OBCs|V|Header|Detailed-Head|||||100.0
37|05|10|2225|Welfare of Scheduled Castes, Scheduled Tribes, Other Backward Classes and Minorities|03|Welfare of Backward Classes|196|Assistance to Zilla Panchayats/District level Panchayats|1||03|Concession and Stipends to OBCs|300|Lumpsum - ZP|2225-03-196-1-03|Lumpsum - ZP|V|Data|Object-Head||||16000.00|100.0
37|05|10|2225|Welfare of Scheduled Castes, Scheduled Tribes, Other Backward Classes and Minorities|03|Welfare of Backward Classes|196|Assistance to Zilla Panchayats/District level Panchayats|1||03|Concession and Stipends to OBCs|401|Bengaluru (Urban)|2225-03-196-1-03|Bengaluru (Urban)|V|Data|Object-Head||||14353.22|100.0
37|05|10|2225|Welfare of Scheduled Castes, Scheduled Tribes, Other Backward Classes and Minorities|03|Welfare of Backward Classes|196|Assistance to Zilla Panchayats/District level Panchayats|1||03|Concession and Stipends to OBCs|402|Bengaluru (Rural)|2225-03-196-1-03|Bengaluru (Rural)|V|Data|Object-Head||||828.35|100.0
37|05|10|2225|Welfare of Scheduled Castes, Scheduled Tribes, Other Backward Classes and Minorities|03|Welfare of Backward Classes|196|Assistance to Zilla Panchayats/District level Panchayats|1||03|Concession and Stipends to OBCs|403|Chitradurga|2225-03-196-1-03|Chitradurga|V|Data|Object-Head||||1166.29|100.0
37|05|10|2225|Welfare of Scheduled Castes, Scheduled Tribes, Other Backward Classes and Minorities|03|Welfare of Backward Classes|196|Assistance to Zilla Panchayats/District level Panchayats|1||03|Concession and Stipends to OBCs|404|Kolar|2225-03-196-1-03|Kolar|V|Data|Object-Head||||746.90|100.0
38|05|10|2225|Welfare of Scheduled Castes, Scheduled Tribes, Other Backward Classes and Minorities|03|Welfare of Backward Classes|196|Assistance to Zilla Panchayats/District level Panchayats|1||03|Concession and Stipends to OBCs|405|Shivamogga|2225-03-196-1-03|Shivamogga|V|Data|Object-Head||||2405.42|100.0
38|05|10|2225|Welfare of Scheduled Castes, Scheduled Tribes, Other Backward Classes and Minorities|03|Welfare of Backward Classes|196|Assistance to Zilla Panchayats/District level Panchayats|1||03|Concession and Stipends to OBCs|406|Tumakuru|2225-03-196-1-03|Tumakuru|V|Data|Object-Head||||2812.35|100.0
38|05|10|2225|Welfare of Scheduled Castes, Scheduled Tribes, Other Backward Classes and Minorities|03|Welfare of Backward Classes|196|Assistance to Zilla Panchayats/District level Panchayats|1||03|Concession and Stipends to OBCs|407|Mysuru|2225-03-196-1-03|Mysuru|V|Data|Object-Head||||4517.87|100.0
38|05|10|2225|Welfare of Scheduled Castes, Scheduled Tribes, Other Backward Classes and Minorities|03|Welfare of Backward Classes|196|Assistance to Zilla Panchayats/District level Panchayats|1||03|Concession and Stipends to OBCs|408|Chikkamagaluru|2225-03-196-1-03|Chikkamagaluru|V|Data|Object-Head||||907.61|100.0
38|05|10|2225|Welfare of Scheduled Castes, Scheduled Tribes, Other Backward Classes and Minorities|03|Welfare of Backward Classes|196|Assistance to Zilla Panchayats/District level Panchayats|1||03|Concession and Stipends to OBCs|409|Dakshina Kannada|2225-03-196-1-03|Dakshina Kannada|V|Data|Object-Head||||2805.02|100.0
38|05|10|2225|Welfare of Scheduled Castes, Scheduled Tribes, Other Backward Classes and Minorities|03|Welfare of Backward Classes|196|Assistance to Zilla Panchayats/District level Panchayats|1||03|Concession and Stipends to OBCs|410|Hassan|2225-03-196-1-03|Hassan|V|Data|Object-Head||||2331.52|100.0
38|05|10|2225|Welfare of Scheduled Castes, Scheduled Tribes, Other Backward Classes and Minorities|03|Welfare of Backward Classes|196|Assistance to Zilla Panchayats/District level Panchayats|1||03|Concession and Stipends to OBCs|411|Kodagu|2225-03-196-1-03|Kodagu|V|Data|Object-Head||||532.47|100.0
38|05|10|2225|Welfare of Scheduled Castes, Scheduled Tribes, Other Backward Classes and Minorities|03|Welfare of Backward Classes|196|Assistance to Zilla Panchayats/District level Panchayats|1||03|Concession and Stipends to OBCs|412|Mandya|2225-03-196-1-03|Mandya|V|Data|Object-Head||||2613.61|100.0
38|05|10|2225|Welfare of Scheduled Castes, Scheduled Tribes, Other Backward Classes and Minorities|03|Welfare of Backward Classes|196|Assistance to Zilla Panchayats/District level Panchayats|1||03|Concession and Stipends to OBCs|413|Belagavi|2225-03-196-1-03|Belagavi|V|Data|Object-Head||||4184.68|100.0
38|05|10|2225|Welfare of Scheduled Castes, Scheduled Tribes, Other Backward Classes and Minorities|03|Welfare of Backward Classes|196|Assistance to Zilla Panchayats/District level Panchayats|1||03|Concession and Stipends to OBCs|414|Vijayapura|2225-03-196-1-03|Vijayapura|V|Data|Object-Head||||1730.13|100.0
38|05|10|2225|Welfare of Scheduled Castes, Scheduled Tribes, Other Backward Classes and Minorities|03|Welfare of Backward Classes|196|Assistance to Zilla Panchayats/District level Panchayats|1||03|Concession and Stipends to OBCs|415|Dharwad|2225-03-196-1-03|Dharwad|V|Data|Object-Head||||2889.44|100.0
38|05|10|2225|Welfare of Scheduled Castes, Scheduled Tribes, Other Backward Classes and Minorities|03|Welfare of Backward Classes|196|Assistance to Zilla Panchayats/District level Panchayats|1||03|Concession and Stipends to OBCs|416|Uttara Kannada|2225-03-196-1-03|Uttara Kannada|V|Data|Object-Head||||1115.69|100.0
38|05|10|2225|Welfare of Scheduled Castes, Scheduled Tribes, Other Backward Classes and Minorities|03|Welfare of Backward Classes|196|Assistance to Zilla Panchayats/District level Panchayats|1||03|Concession and Stipends to OBCs|417|Kalaburagi|2225-03-196-1-03|Kalaburagi|V|Data|Object-Head||||2865.25|100.0
38|05|10|2225|Welfare of Scheduled Castes, Scheduled Tribes, Other Backward Classes and Minorities|03|Welfare of Backward Classes|196|Assistance to Zilla Panchayats/District level Panchayats|1||03|Concession and Stipends to OBCs|418|Ballari|2225-03-196-1-03|Ballari|V|Data|Object-Head||||1770.88|100.0
38|05|10|2225|Welfare of Scheduled Castes, Scheduled Tribes, Other Backward Classes and Minorities|03|Welfare of Backward Classes|196|Assistance to Zilla Panchayats/District level Panchayats|1||03|Concession and Stipends to OBCs|419|Bidar|2225-03-196-1-03|Bidar|V|Data|Object-Head||||1335.76|100.0
38|05|10|2225|Welfare of Scheduled Castes, Scheduled Tribes, Other Backward Classes and Minorities|03|Welfare of Backward Classes|196|Assistance to Zilla Panchayats/District level Panchayats|1||03|Concession and Stipends to OBCs|420|Raichur|2225-03-196-1-03|Raichur|V|Data|Object-Head||||1563.22|100.0
38|05|10|2225|Welfare of Scheduled Castes, Scheduled Tribes, Other Backward Classes and Minorities|03|Welfare of Backward Classes|196|Assistance to Zilla Panchayats/District level Panchayats|1||03|Concession and Stipends to OBCs|421|Yadgiri|2225-03-196-1-03|Yadgiri|V|Data|Object-Head||||668.71|100.0
38|05|10|2225|Welfare of Scheduled Castes, Scheduled Tribes, Other Backward Classes and Minorities|03|Welfare of Backward Classes|196|Assistance to Zilla Panchayats/District level Panchayats|1||03|Concession and Stipends to OBCs|451|Davanagere|2225-03-196-1-03|Davanagere|V|Data|Object-Head||||2287.88|100.0
38|05|10|2225|Welfare of Scheduled Castes, Scheduled Tribes, Other Backward Classes and Minorities|03|Welfare of Backward Classes|196|Assistance to Zilla Panchayats/District level Panchayats|1||03|Concession and Stipends to OBCs|452|Bengaluru South|2225-03-196-1-03|Bengaluru South|V|Data|Object-Head||||881.73|100.0
38|05|10|2225|Welfare of Scheduled Castes, Scheduled Tribes, Other Backward Classes and Minorities|03|Welfare of Backward Classes|196|Assistance to Zilla Panchayats/District level Panchayats|1||03|Concession and Stipends to OBCs|453|Chikkaballapura|2225-03-196-1-03|Chikkaballapura|V|Data|Object-Head||||1011.19|100.0
38|05|10|2225|Welfare of Scheduled Castes, Scheduled Tribes, Other Backward Classes and Minorities|03|Welfare of Backward Classes|196|Assistance to Zilla Panchayats/District level Panchayats|1||03|Concession and Stipends to OBCs|456|Chamarajanagar|2225-03-196-1-03|Chamarajanagar|V|Data|Object-Head||||625.08|100.0
38|05|10|2225|Welfare of Scheduled Castes, Scheduled Tribes, Other Backward Classes and Minorities|03|Welfare of Backward Classes|196|Assistance to Zilla Panchayats/District level Panchayats|1||03|Concession and Stipends to OBCs|457|Udupi|2225-03-196-1-03|Udupi|V|Data|Object-Head||||1028.08|100.0
38|05|10|2225|Welfare of Scheduled Castes, Scheduled Tribes, Other Backward Classes and Minorities|03|Welfare of Backward Classes|196|Assistance to Zilla Panchayats/District level Panchayats|1||03|Concession and Stipends to OBCs|461|Bagalkot|2225-03-196-1-03|Bagalkot|V|Data|Object-Head||||2128.85|100.0
38|05|10|2225|Welfare of Scheduled Castes, Scheduled Tribes, Other Backward Classes and Minorities|03|Welfare of Backward Classes|196|Assistance to Zilla Panchayats/District level Panchayats|1||03|Concession and Stipends to OBCs|462|Gadag|2225-03-196-1-03|Gadag|V|Data|Object-Head||||1210.48|100.0
38|05|10|2225|Welfare of Scheduled Castes, Scheduled Tribes, Other Backward Classes and Minorities|03|Welfare of Backward Classes|196|Assistance to Zilla Panchayats/District level Panchayats|1||03|Concession and Stipends to OBCs|463|Haveri|2225-03-196-1-03|Haveri|V|Data|Object-Head||||1043.83|100.0
38|05|10|2225|Welfare of Scheduled Castes, Scheduled Tribes, Other Backward Classes and Minorities|03|Welfare of Backward Classes|196|Assistance to Zilla Panchayats/District level Panchayats|1||03|Concession and Stipends to OBCs|466|Koppal|2225-03-196-1-03|Koppal|V|Data|Object-Head||||1204.48|100.0
38|05|10|2225|Welfare of Scheduled Castes, Scheduled Tribes, Other Backward Classes and Minorities|03|Welfare of Backward Classes|196|Assistance to Zilla Panchayats/District level Panchayats|1||03|Concession and Stipends to OBCs|467|Vijayanagara|2225-03-196-1-03|Vijayanagara|V|Data|Object-Head||||779.01|100.0
38|05|10|2225|Welfare of Scheduled Castes, Scheduled Tribes, Other Backward Classes and Minorities|03|Welfare of Backward Classes|196|Assistance to Zilla Panchayats/District level Panchayats|1||03|Concession and Stipends to OBCs||||HOA Total :|V|Total|Detailed-Head|0.00|0.00|0.00|82345.00|100.0
39|05|10|2225|Welfare of Scheduled Castes, Scheduled Tribes, Other Backward Classes and Minorities|03|Welfare of Backward Classes|196|Assistance to Zilla Panchayats/District level Panchayats|1||04|Grants to District Pre and Post Matric GiA Hostels|||2225-03-196-1-04|Grants to District Pre and Post Matric GiA Hostels|V|Header|Detailed-Head|||||100.0
39|05|10|2225|Welfare of Scheduled Castes, Scheduled Tribes, Other Backward Classes and Minorities|03|Welfare of Backward Classes|196|Assistance to Zilla Panchayats/District level Panchayats|1||04|Grants to District Pre and Post Matric GiA Hostels|401|Bengaluru (Urban)|2225-03-196-1-04|Bengaluru (Urban)|V|Data|Object-Head||||6.12|100.0
39|05|10|2225|Welfare of Scheduled Castes, Scheduled Tribes, Other Backward Classes and Minorities|03|Welfare of Backward Classes|196|Assistance to Zilla Panchayats/District level Panchayats|1||04|Grants to District Pre and Post Matric GiA Hostels|403|Chitradurga|2225-03-196-1-04|Chitradurga|V|Data|Object-Head||||66.42|100.0
39|05|10|2225|Welfare of Scheduled Castes, Scheduled Tribes, Other Backward Classes and Minorities|03|Welfare of Backward Classes|196|Assistance to Zilla Panchayats/District level Panchayats|1||04|Grants to District Pre and Post Matric GiA Hostels|404|Kolar|2225-03-196-1-04|Kolar|V|Data|Object-Head||||19.69|100.0
39|05|10|2225|Welfare of Scheduled Castes, Scheduled Tribes, Other Backward Classes and Minorities|03|Welfare of Backward Classes|196|Assistance to Zilla Panchayats/District level Panchayats|1||04|Grants to District Pre and Post Matric GiA Hostels|405|Shivamogga|2225-03-196-1-04|Shivamogga|V|Data|Object-Head||||37.06|100.0
39|05|10|2225|Welfare of Scheduled Castes, Scheduled Tribes, Other Backward Classes and Minorities|03|Welfare of Backward Classes|196|Assistance to Zilla Panchayats/District level Panchayats|1||04|Grants to District Pre and Post Matric GiA Hostels|406|Tumakuru|2225-03-196-1-04|Tumakuru|V|Data|Object-Head||||59.91|100.0
39|05|10|2225|Welfare of Scheduled Castes, Scheduled Tribes, Other Backward Classes and Minorities|03|Welfare of Backward Classes|196|Assistance to Zilla Panchayats/District level Panchayats|1||04|Grants to District Pre and Post Matric GiA Hostels|407|Mysuru|2225-03-196-1-04|Mysuru|V|Data|Object-Head||||63.02|100.0
39|05|10|2225|Welfare of Scheduled Castes, Scheduled Tribes, Other Backward Classes and Minorities|03|Welfare of Backward Classes|196|Assistance to Zilla Panchayats/District level Panchayats|1||04|Grants to District Pre and Post Matric GiA Hostels|408|Chikkamagaluru|2225-03-196-1-04|Chikkamagaluru|V|Data|Object-Head||||83.44|100.0
39|05|10|2225|Welfare of Scheduled Castes, Scheduled Tribes, Other Backward Classes and Minorities|03|Welfare of Backward Classes|196|Assistance to Zilla Panchayats/District level Panchayats|1||04|Grants to District Pre and Post Matric GiA Hostels|410|Hassan|2225-03-196-1-04|Hassan|V|Data|Object-Head||||18.01|100.0
39|05|10|2225|Welfare of Scheduled Castes, Scheduled Tribes, Other Backward Classes and Minorities|03|Welfare of Backward Classes|196|Assistance to Zilla Panchayats/District level Panchayats|1||04|Grants to District Pre and Post Matric GiA Hostels|412|Mandya|2225-03-196-1-04|Mandya|V|Data|Object-Head||||99.20|100.0
39|05|10|2225|Welfare of Scheduled Castes, Scheduled Tribes, Other Backward Classes and Minorities|03|Welfare of Backward Classes|196|Assistance to Zilla Panchayats/District level Panchayats|1||04|Grants to District Pre and Post Matric GiA Hostels|413|Belagavi|2225-03-196-1-04|Belagavi|V|Data|Object-Head||||23.18|100.0
39|05|10|2225|Welfare of Scheduled Castes, Scheduled Tribes, Other Backward Classes and Minorities|03|Welfare of Backward Classes|196|Assistance to Zilla Panchayats/District level Panchayats|1||04|Grants to District Pre and Post Matric GiA Hostels|414|Vijayapura|2225-03-196-1-04|Vijayapura|V|Data|Object-Head||||158.13|100.0
39|05|10|2225|Welfare of Scheduled Castes, Scheduled Tribes, Other Backward Classes and Minorities|03|Welfare of Backward Classes|196|Assistance to Zilla Panchayats/District level Panchayats|1||04|Grants to District Pre and Post Matric GiA Hostels|415|Dharwad|2225-03-196-1-04|Dharwad|V|Data|Object-Head||||91.71|100.0
39|05|10|2225|Welfare of Scheduled Castes, Scheduled Tribes, Other Backward Classes and Minorities|03|Welfare of Backward Classes|196|Assistance to Zilla Panchayats/District level Panchayats|1||04|Grants to District Pre and Post Matric GiA Hostels|416|Uttara Kannada|2225-03-196-1-04|Uttara Kannada|V|Data|Object-Head||||9.00|100.0
39|05|10|2225|Welfare of Scheduled Castes, Scheduled Tribes, Other Backward Classes and Minorities|03|Welfare of Backward Classes|196|Assistance to Zilla Panchayats/District level Panchayats|1||04|Grants to District Pre and Post Matric GiA Hostels|417|Kalaburagi|2225-03-196-1-04|Kalaburagi|V|Data|Object-Head||||156.66|100.0
39|05|10|2225|Welfare of Scheduled Castes, Scheduled Tribes, Other Backward Classes and Minorities|03|Welfare of Backward Classes|196|Assistance to Zilla Panchayats/District level Panchayats|1||04|Grants to District Pre and Post Matric GiA Hostels|419|Bidar|2225-03-196-1-04|Bidar|V|Data|Object-Head||||50.08|100.0
39|05|10|2225|Welfare of Scheduled Castes, Scheduled Tribes, Other Backward Classes and Minorities|03|Welfare of Backward Classes|196|Assistance to Zilla Panchayats/District level Panchayats|1||04|Grants to District Pre and Post Matric GiA Hostels|420|Raichur|2225-03-196-1-04|Raichur|V|Data|Object-Head||||51.24|100.0
39|05|10|2225|Welfare of Scheduled Castes, Scheduled Tribes, Other Backward Classes and Minorities|03|Welfare of Backward Classes|196|Assistance to Zilla Panchayats/District level Panchayats|1||04|Grants to District Pre and Post Matric GiA Hostels|421|Yadgiri|2225-03-196-1-04|Yadgiri|V|Data|Object-Head||||36.57|100.0
39|05|10|2225|Welfare of Scheduled Castes, Scheduled Tribes, Other Backward Classes and Minorities|03|Welfare of Backward Classes|196|Assistance to Zilla Panchayats/District level Panchayats|1||04|Grants to District Pre and Post Matric GiA Hostels|451|Davanagere|2225-03-196-1-04|Davanagere|V|Data|Object-Head||||75.81|100.0
39|05|10|2225|Welfare of Scheduled Castes, Scheduled Tribes, Other Backward Classes and Minorities|03|Welfare of Backward Classes|196|Assistance to Zilla Panchayats/District level Panchayats|1||04|Grants to District Pre and Post Matric GiA Hostels|452|Bengaluru South|2225-03-196-1-04|Bengaluru South|V|Data|Object-Head||||26.30|100.0
39|05|10|2225|Welfare of Scheduled Castes, Scheduled Tribes, Other Backward Classes and Minorities|03|Welfare of Backward Classes|196|Assistance to Zilla Panchayats/District level Panchayats|1||04|Grants to District Pre and Post Matric GiA Hostels|456|Chamarajanagar|2225-03-196-1-04|Chamarajanagar|V|Data|Object-Head||||30.95|100.0
39|05|10|2225|Welfare of Scheduled Castes, Scheduled Tribes, Other Backward Classes and Minorities|03|Welfare of Backward Classes|196|Assistance to Zilla Panchayats/District level Panchayats|1||04|Grants to District Pre and Post Matric GiA Hostels|457|Udupi|2225-03-196-1-04|Udupi|V|Data|Object-Head||||10.35|100.0
39|05|10|2225|Welfare of Scheduled Castes, Scheduled Tribes, Other Backward Classes and Minorities|03|Welfare of Backward Classes|196|Assistance to Zilla Panchayats/District level Panchayats|1||04|Grants to District Pre and Post Matric GiA Hostels|461|Bagalkot|2225-03-196-1-04|Bagalkot|V|Data|Object-Head||||129.42|100.0
39|05|10|2225|Welfare of Scheduled Castes, Scheduled Tribes, Other Backward Classes and Minorities|03|Welfare of Backward Classes|196|Assistance to Zilla Panchayats/District level Panchayats|1||04|Grants to District Pre and Post Matric GiA Hostels|462|Gadag|2225-03-196-1-04|Gadag|V|Data|Object-Head||||101.56|100.0
39|05|10|2225|Welfare of Scheduled Castes, Scheduled Tribes, Other Backward Classes and Minorities|03|Welfare of Backward Classes|196|Assistance to Zilla Panchayats/District level Panchayats|1||04|Grants to District Pre and Post Matric GiA Hostels|463|Haveri|2225-03-196-1-04|Haveri|V|Data|Object-Head||||78.21|100.0
39|05|10|2225|Welfare of Scheduled Castes, Scheduled Tribes, Other Backward Classes and Minorities|03|Welfare of Backward Classes|196|Assistance to Zilla Panchayats/District level Panchayats|1||04|Grants to District Pre and Post Matric GiA Hostels|466|Koppal|2225-03-196-1-04|Koppal|V|Data|Object-Head||||72.80|100.0
39|05|10|2225|Welfare of Scheduled Castes, Scheduled Tribes, Other Backward Classes and Minorities|03|Welfare of Backward Classes|196|Assistance to Zilla Panchayats/District level Panchayats|1||04|Grants to District Pre and Post Matric GiA Hostels|467|Vijayanagara|2225-03-196-1-04|Vijayanagara|V|Data|Object-Head||||45.16|100.0
39|05|10|2225|Welfare of Scheduled Castes, Scheduled Tribes, Other Backward Classes and Minorities|03|Welfare of Backward Classes|196|Assistance to Zilla Panchayats/District level Panchayats|1||04|Grants to District Pre and Post Matric GiA Hostels|||2225-03-196-1-04|HOA Total :|V|Total|Detailed-Head|0.00|0.00|0.00|1600.00|100.0
40|05|10|2225|Welfare of Scheduled Castes, Scheduled Tribes, Other Backward Classes and Minorities|03|Welfare of Backward Classes|196|Assistance to Zilla Panchayats/District level Panchayats|1||05|Grants to District BC Welfare Establishments|||2225-03-196-1-05|Grants to District BC Welfare Establishments|V|Header|Detailed-Head|||||13.77
40|05|10|2225|Welfare of Scheduled Castes, Scheduled Tribes, Other Backward Classes and Minorities|03|Welfare of Backward Classes|196|Assistance to Zilla Panchayats/District level Panchayats|1||05|Grants to District BC Welfare Establishments|401|Bengaluru (Urban)|2225-03-196-1-05|Bengaluru (Urban)|V|Data|Object-Head||||236.24|13.77
40|05|10|2225|Welfare of Scheduled Castes, Scheduled Tribes, Other Backward Classes and Minorities|03|Welfare of Backward Classes|196|Assistance to Zilla Panchayats/District level Panchayats|1||05|Grants to District BC Welfare Establishments|402|Bengaluru (Rural)|2225-03-196-1-05|Bengaluru (Rural)|V|Data|Object-Head||||93.78|13.77
40|05|10|2225|Welfare of Scheduled Castes, Scheduled Tribes, Other Backward Classes and Minorities|03|Welfare of Backward Classes|196|Assistance to Zilla Panchayats/District level Panchayats|1||05|Grants to District BC Welfare Establishments|403|Chitradurga|2225-03-196-1-05|Chitradurga|V|Data|Object-Head||||214.22|13.77
40|05|10|2225|Welfare of Scheduled Castes, Scheduled Tribes, Other Backward Classes and Minorities|03|Welfare of Backward Classes|196|Assistance to Zilla Panchayats/District level Panchayats|1||05|Grants to District BC Welfare Establishments|404|Kolar|2225-03-196-1-05|Kolar|V|Data|Object-Head||||125.12|13.77
40|05|10|2225|Welfare of Scheduled Castes, Scheduled Tribes, Other Backward Classes and Minorities|03|Welfare of Backward Classes|196|Assistance to Zilla Panchayats/District level Panchayats|1||05|Grants to District BC Welfare Establishments|405|Shivamogga|2225-03-196-1-05|Shivamogga|V|Data|Object-Head||||254.69|13.77
40|05|10|2225|Welfare of Scheduled Castes, Scheduled Tribes, Other Backward Classes and Minorities|03|Welfare of Backward Classes|196|Assistance to Zilla Panchayats/District level Panchayats|1||05|Grants to District BC Welfare Establishments|406|Tumakuru|2225-03-196-1-05|Tumakuru|V|Data|Object-Head||||232.77|13.77
40|05|10|2225|Welfare of Scheduled Castes, Scheduled Tribes, Other Backward Classes and Minorities|03|Welfare of Backward Classes|196|Assistance to Zilla Panchayats/District level Panchayats|1||05|Grants to District BC Welfare Establishments|407|Mysuru|2225-03-196-1-05|Mysuru|V|Data|Object-Head||||202.09|13.77
40|05|10|2225|Welfare of Scheduled Castes, Scheduled Tribes, Other Backward Classes and Minorities|03|Welfare of Backward Classes|196|Assistance to Zilla Panchayats/District level Panchayats|1||05|Grants to District BC Welfare Establishments|408|Chikkamagaluru|2225-03-196-1-05|Chikkamagaluru|V|Data|Object-Head||||201.17|13.77
40|05|10|2225|Welfare of Scheduled Castes, Scheduled Tribes, Other Backward Classes and Minorities|03|Welfare of Backward Classes|196|Assistance to Zilla Panchayats/District level Panchayats|1||05|Grants to District BC Welfare Establishments|409|Dakshina Kannada|2225-03-196-1-05|Dakshina Kannada|V|Data|Object-Head||||181.68|13.77
40|05|10|2225|Welfare of Scheduled Castes, Scheduled Tribes, Other Backward Classes and Minorities|03|Welfare of Backward Classes|196|Assistance to Zilla Panchayats/District level Panchayats|1||05|Grants to District BC Welfare Establishments|410|Hassan|2225-03-196-1-05|Hassan|V|Data|Object-Head||||252.88|13.77
40|05|10|2225|Welfare of Scheduled Castes, Scheduled Tribes, Other Backward Classes and Minorities|03|Welfare of Backward Classes|196|Assistance to Zilla Panchayats/District level Panchayats|1||05|Grants to District BC Welfare Establishments|411|Kodagu|2225-03-196-1-05|Kodagu|V|Data|Object-Head||||100.14|13.77
40|05|10|2225|Welfare of Scheduled Castes, Scheduled Tribes, Other Backward Classes and Minorities|03|Welfare of Backward Classes|196|Assistance to Zilla Panchayats/District level Panchayats|1||05|Grants to District BC Welfare Establishments|412|Mandya|2225-03-196-1-05|Mandya|V|Data|Object-Head||||185.52|13.77
40|05|10|2225|Welfare of Scheduled Castes, Scheduled Tribes, Other Backward Classes and Minorities|03|Welfare of Backward Classes|196|Assistance to Zilla Panchayats/District level Panchayats|1||05|Grants to District BC Welfare Establishments|413|Belagavi|2225-03-196-1-05|Belagavi|V|Data|Object-Head||||295.66|13.77
40|05|10|2225|Welfare of Scheduled Castes, Scheduled Tribes, Other Backward Classes and Minorities|03|Welfare of Backward Classes|196|Assistance to Zilla Panchayats/District level Panchayats|1||05|Grants to District BC Welfare Establishments|414|Vijayapura|2225-03-196-1-05|Vijayapura|V|Data|Object-Head||||208.30|13.77
40|05|10|2225|Welfare of Scheduled Castes, Scheduled Tribes, Other Backward Classes and Minorities|03|Welfare of Backward Classes|196|Assistance to Zilla Panchayats/District level Panchayats|1||05|Grants to District BC Welfare Establishments|415|Dharwad|2225-03-196-1-05|Dharwad|V|Data|Object-Head||||204.63|13.77
40|05|10|2225|Welfare of Scheduled Castes, Scheduled Tribes, Other Backward Classes and Minorities|03|Welfare of Backward Classes|196|Assistance to Zilla Panchayats/District level Panchayats|1||05|Grants to District BC Welfare Establishments|416|Uttara Kannada|2225-03-196-1-05|Uttara Kannada|V|Data|Object-Head||||141.69|13.77
40|05|10|2225|Welfare of Scheduled Castes, Scheduled Tribes, Other Backward Classes and Minorities|03|Welfare of Backward Classes|196|Assistance to Zilla Panchayats/District level Panchayats|1||05|Grants to District BC Welfare Establishments|417|Kalaburagi|2225-03-196-1-05|Kalaburagi|V|Data|Object-Head||||262.04|13.77
40|05|10|2225|Welfare of Scheduled Castes, Scheduled Tribes, Other Backward Classes and Minorities|03|Welfare of Backward Classes|196|Assistance to Zilla Panchayats/District level Panchayats|1||05|Grants to District BC Welfare Establishments|418|Ballari|2225-03-196-1-05|Ballari|V|Data|Object-Head||||89.25|13.77
40|05|10|2225|Welfare of Scheduled Castes, Scheduled Tribes, Other Backward Classes and Minorities|03|Welfare of Backward Classes|196|Assistance to Zilla Panchayats/District level Panchayats|1||05|Grants to District BC Welfare Establishments|419|Bidar|2225-03-196-1-05|Bidar|V|Data|Object-Head||||173.53|13.77
40|05|10|2225|Welfare of Scheduled Castes, Scheduled Tribes, Other Backward Classes and Minorities|03|Welfare of Backward Classes|196|Assistance to Zilla Panchayats/District level Panchayats|1||05|Grants to District BC Welfare Establishments|420|Raichur|2225-03-196-1-05|Raichur|V|Data|Object-Head||||153.85|13.77
40|05|10|2225|Welfare of Scheduled Castes, Scheduled Tribes, Other Backward Classes and Minorities|03|Welfare of Backward Classes|196|Assistance to Zilla Panchayats/District level Panchayats|1||05|Grants to District BC Welfare Establishments|421|Yadgiri|2225-03-196-1-05|Yadgiri|V|Data|Object-Head||||217.24|13.77
40|05|10|2225|Welfare of Scheduled Castes, Scheduled Tribes, Other Backward Classes and Minorities|03|Welfare of Backward Classes|196|Assistance to Zilla Panchayats/District level Panchayats|1||05|Grants to District BC Welfare Establishments|451|Davanagere|2225-03-196-1-05|Davanagere|V|Data|Object-Head||||224.79|13.77
40|05|10|2225|Welfare of Scheduled Castes, Scheduled Tribes, Other Backward Classes and Minorities|03|Welfare of Backward Classes|196|Assistance to Zilla Panchayats/District level Panchayats|1||05|Grants to District BC Welfare Establishments|452|Bengaluru South|2225-03-196-1-05|Bengaluru South|V|Data|Object-Head||||114.25|13.77
40|05|10|2225|Welfare of Scheduled Castes, Scheduled Tribes, Other Backward Classes and Minorities|03|Welfare of Backward Classes|196|Assistance to Zilla Panchayats/District level Panchayats|1||05|Grants to District BC Welfare Establishments|453|Chikkaballapura|2225-03-196-1-05|Chikkaballapura|V|Data|Object-Head||||139.08|13.77
40|05|10|2225|Welfare of Scheduled Castes, Scheduled Tribes, Other Backward Classes and Minorities|03|Welfare of Backward Classes|196|Assistance to Zilla Panchayats/District level Panchayats|1||05|Grants to District BC Welfare Establishments|456|Chamarajanagar|2225-03-196-1-05|Chamarajanagar|V|Data|Object-Head||||117.30|13.77
40|05|10|2225|Welfare of Scheduled Castes, Scheduled Tribes, Other Backward Classes and Minorities|03|Welfare of Backward Classes|196|Assistance to Zilla Panchayats/District level Panchayats|1||05|Grants to District BC Welfare Establishments|457|Udupi|2225-03-196-1-05|Udupi|V|Data|Object-Head||||100.57|13.77
40|05|10|2225|Welfare of Scheduled Castes, Scheduled Tribes, Other Backward Classes and Minorities|03|Welfare of Backward Classes|196|Assistance to Zilla Panchayats/District level Panchayats|1||05|Grants to District BC Welfare Establishments|461|Bagalkot|2225-03-196-1-05|Bagalkot|V|Data|Object-Head||||152.68|13.77
40|05|10|2225|Welfare of Scheduled Castes, Scheduled Tribes, Other Backward Classes and Minorities|03|Welfare of Backward Classes|196|Assistance to Zilla Panchayats/District level Panchayats|1||05|Grants to District BC Welfare Establishments|462|Gadag|2225-03-196-1-05|Gadag|V|Data|Object-Head||||164.72|13.77
42|05|10|2225|Welfare of Scheduled Castes, Scheduled Tribes, Other Backward Classes and Minorities|03|Welfare of Backward Classes|196|Assistance to Zilla Panchayats/District level Panchayats|1||05|Grants to District BC Welfare Establishments|456|Chamarajanagar|2225-03-196-1-05|Chamarajanagar|V|Data|Object-Head|69.50|62.48|62.48||13.77
42|05|10|2225|Welfare of Scheduled Castes, Scheduled Tribes, Other Backward Classes and Minorities|03|Welfare of Backward Classes|196|Assistance to Zilla Panchayats/District level Panchayats|1||05|Grants to District BC Welfare Establishments|457|Udupi|2225-03-196-1-05|Udupi|V|Data|Object-Head|29.52|31.09|31.09|55.48|13.77
42|05|10|2225|Welfare of Scheduled Castes, Scheduled Tribes, Other Backward Classes and Minorities|03|Welfare of Backward Classes|196|Assistance to Zilla Panchayats/District level Panchayats|1||05|Grants to District BC Welfare Establishments|461|Bagalkot|2225-03-196-1-05|Bagalkot|V|Data|Object-Head|87.28|85.56|85.56||13.77
42|05|10|2225|Welfare of Scheduled Castes, Scheduled Tribes, Other Backward Classes and Minorities|03|Welfare of Backward Classes|196|Assistance to Zilla Panchayats/District level Panchayats|1||05|Grants to District BC Welfare Establishments|462|Gadag|2225-03-196-1-05|Gadag|V|Data|Object-Head|54.71|68.35|68.35||13.77
42|05|10|2225|Welfare of Scheduled Castes, Scheduled Tribes, Other Backward Classes and Minorities|03|Welfare of Backward Classes|196|Assistance to Zilla Panchayats/District level Panchayats|1||05|Grants to District BC Welfare Establishments|463|Haveri|2225-03-196-1-05|Haveri|V|Data|Object-Head|128.09|140.40|140.40|27.27|13.77
42|05|10|2225|Welfare of Scheduled Castes, Scheduled Tribes, Other Backward Classes and Minorities|03|Welfare of Backward Classes|196|Assistance to Zilla Panchayats/District level Panchayats|1||05|Grants to District BC Welfare Establishments|466|Koppal|2225-03-196-1-05|Koppal|V|Data|Object-Head|52.22|50.56|50.56||13.77
42|05|10|2225|Welfare of Scheduled Castes, Scheduled Tribes, Other Backward Classes and Minorities|03|Welfare of Backward Classes|196|Assistance to Zilla Panchayats/District level Panchayats|1||05|Grants to District BC Welfare Establishments|467|Vijayanagara|2225-03-196-1-05|Vijayanagara|V|Data|Object-Head|88.85|102.00|102.00|17.17|13.77
42|05|10|2225|Welfare of Scheduled Castes, Scheduled Tribes, Other Backward Classes and Minorities|03|Welfare of Backward Classes|196|Assistance to Zilla Panchayats/District level Panchayats|1||05|Grants to District BC Welfare Establishments|||2225-03-196-1-05|HOA Total :|V|Total|Detailed-Head|2772.62|2945.55|2945.55|800.00|13.77
42|05|10|2225|Welfare of Scheduled Castes, Scheduled Tribes, Other Backward Classes and Minorities|03|Welfare of Backward Classes|197|Assistance to Block Panchayats/Intermediate level Panchayats|1||02|Grants to Taluka BC Welfare Establishments|||2225-03-197-1-02|Grants to Taluka BC Welfare Establishments|V|Header|Detailed-Head|||||100.0
42|05|10|2225|Welfare of Scheduled Castes, Scheduled Tribes, Other Backward Classes and Minorities|03|Welfare of Backward Classes|197|Assistance to Block Panchayats/Intermediate level Panchayats|1||02|Grants to Taluka BC Welfare Establishments|300|Lumpsum - ZP|2225-03-197-1-02|Lumpsum - ZP|V|Data|Object-Head||||1144.92|100.0
42|05|10|2225|Welfare of Scheduled Castes, Scheduled Tribes, Other Backward Classes and Minorities|03|Welfare of Backward Classes|197|Assistance to Block Panchayats/Intermediate level Panchayats|1||02|Grants to Taluka BC Welfare Establishments|401|Bengaluru (Urban)|2225-03-197-1-02|Bengaluru (Urban)|V|Data|Object-Head||||173.72|100.0
42|05|10|2225|Welfare of Scheduled Castes, Scheduled Tribes, Other Backward Classes and Minorities|03|Welfare of Backward Classes|197|Assistance to Block Panchayats/Intermediate level Panchayats|1||02|Grants to Taluka BC Welfare Establishments|402|Bengaluru (Rural)|2225-03-197-1-02|Bengaluru (Rural)|V|Data|Object-Head||||142.98|100.0
42|05|10|2225|Welfare of Scheduled Castes, Scheduled Tribes, Other Backward Classes and Minorities|03|Welfare of Backward Classes|197|Assistance to Block Panchayats/Intermediate level Panchayats|1||02|Grants to Taluka BC Welfare Establishments|403|Chitradurga|2225-03-197-1-02|Chitradurga|V|Data|Object-Head||||188.44|100.0
42|05|10|2225|Welfare of Scheduled Castes, Scheduled Tribes, Other Backward Classes and Minorities|03|Welfare of Backward Classes|197|Assistance to Block Panchayats/Intermediate level Panchayats|1||02|Grants to Taluka BC Welfare Establishments|404|Kolar|2225-03-197-1-02|Kolar|V|Data|Object-Head||||168.12|100.0
42|05|10|2225|Welfare of Scheduled Castes, Scheduled Tribes, Other Backward Classes and Minorities|03|Welfare of Backward Classes|197|Assistance to Block Panchayats/Intermediate level Panchayats|1||02|Grants to Taluka BC Welfare Establishments|405|Shivamogga|2225-03-197-1-02|Shivamogga|V|Data|Object-Head||||312.87|100.0
42|05|10|2225|Welfare of Scheduled Castes, Scheduled Tribes, Other Backward Classes and Minorities|03|Welfare of Backward Classes|197|Assistance to Block Panchayats/Intermediate level Panchayats|1||02|Grants to Taluka BC Welfare Establishments|406|Tumakuru|2225-03-197-1-02|Tumakuru|V|Data|Object-Head||||380.94|100.0
42|05|10|2225|Welfare of Scheduled Castes, Scheduled Tribes, Other Backward Classes and Minorities|03|Welfare of Backward Classes|197|Assistance to Block Panchayats/Intermediate level Panchayats|1||02|Grants to Taluka BC Welfare Establishments|407|Mysuru|2225-03-197-1-02|Mysuru|V|Data|Object-Head||||271.39|100.0
42|05|10|2225|Welfare of Scheduled Castes, Scheduled Tribes, Other Backward Classes and Minorities|03|Welfare of Backward Classes|197|Assistance to Block Panchayats/Intermediate level Panchayats|1||02|Grants to Taluka BC Welfare Establishments|408|Chikkamagaluru|2225-03-197-1-02|Chikkamagaluru|V|Data|Object-Head||||171.66|100.0
42|05|10|2225|Welfare of Scheduled Castes, Scheduled Tribes, Other Backward Classes and Minorities|03|Welfare of Backward Classes|197|Assistance to Block Panchayats/Intermediate level Panchayats|1||02|Grants to Taluka BC Welfare Establishments|409|Dakshina Kannada|2225-03-197-1-02|Dakshina Kannada|V|Data|Object-Head||||186.45|100.0
42|05|10|2225|Welfare of Scheduled Castes, Scheduled Tribes, Other Backward Classes and Minorities|03|Welfare of Backward Classes|197|Assistance to Block Panchayats/Intermediate level Panchayats|1||02|Grants to Taluka BC Welfare Establishments|410|Hassan|2225-03-197-1-02|Hassan|V|Data|Object-Head||||267.38|100.0
42|05|10|2225|Welfare of Scheduled Castes, Scheduled Tribes, Other Backward Classes and Minorities|03|Welfare of Backward Classes|197|Assistance to Block Panchayats/Intermediate level Panchayats|1||02|Grants to Taluka BC Welfare Establishments|411|Kodagu|2225-03-197-1-02|Kodagu|V|Data|Object-Head||||74.13|100.0
42|05|10|2225|Welfare of Scheduled Castes, Scheduled Tribes, Other Backward Classes and Minorities|03|Welfare of Backward Classes|197|Assistance to Block Panchayats/Intermediate level Panchayats|1||02|Grants to Taluka BC Welfare Establishments|412|Mandya|2225-03-197-1-02|Mandya|V|Data|Object-Head||||204.84|100.0
42|05|10|2225|Welfare of Scheduled Castes, Scheduled Tribes, Other Backward Classes and Minorities|03|Welfare of Backward Classes|197|Assistance to Block Panchayats/Intermediate level Panchayats|1||02|Grants to Taluka BC Welfare Establishments|413|Belagavi|2225-03-197-1-02|Belagavi|V|Data|Object-Head||||451.76|100.0
42|05|10|2225|Welfare of Scheduled Castes, Scheduled Tribes, Other Backward Classes and Minorities|03|Welfare of Backward Classes|197|Assistance to Block Panchayats/Intermediate level Panchayats|1||02|Grants to Taluka BC Welfare Establishments|414|Vijayapura|2225-03-197-1-02|Vijayapura|V|Data|Object-Head||||246.74|100.0
42|05|10|2225|Welfare of Scheduled Castes, Scheduled Tribes, Other Backward Classes and Minorities|03|Welfare of Backward Classes|197|Assistance to Block Panchayats/Intermediate level Panchayats|1||02|Grants to Taluka BC Welfare Establishments|415|Dharwad|2225-03-197-1-02|Dharwad|V|Data|Object-Head||||202.99|100.0
42|05|10|2225|Welfare of Scheduled Castes, Scheduled Tribes, Other Backward Classes and Minorities|03|Welfare of Backward Classes|197|Assistance to Block Panchayats/Intermediate level Panchayats|1||02|Grants to Taluka BC Welfare Establishments|416|Uttara Kannada|2225-03-197-1-02|Uttara Kannada|V|Data|Object-Head||||388.35|100.0
42|05|10|2225|Welfare of Scheduled Castes, Scheduled Tribes, Other Backward Classes and Minorities|03|Welfare of Backward Classes|197|Assistance to Block Panchayats/Intermediate level Panchayats|1||02|Grants to Taluka BC Welfare Establishments|417|Kalaburagi|2225-03-197-1-02|Kalaburagi|V|Data|Object-Head||||266.45|100.0
42|05|10|2225|Welfare of Scheduled Castes, Scheduled Tribes, Other Backward Classes and Minorities|03|Welfare of Backward Classes|197|Assistance to Block Panchayats/Intermediate level Panchayats|1||02|Grants to Taluka BC Welfare Establishments|418|Ballari|2225-03-197-1-02|Ballari|V|Data|Object-Head||||126.23|100.0
42|05|10|2225|Welfare of Scheduled Castes, Scheduled Tribes, Other Backward Classes and Minorities|03|Welfare of Backward Classes|197|Assistance to Block Panchayats/Intermediate level Panchayats|1||02|Grants to Taluka BC Welfare Establishments|419|Bidar|2225-03-197-1-02|Bidar|V|Data|Object-Head||||267.98|100.0
43|05|10|2225|Welfare of Scheduled Castes, Scheduled Tribes, Other Backward Classes and Minorities|03|Welfare of Backward Classes|197|Assistance to Block Panchayats/Intermediate level Panchayats|1||02|Grants to Taluka BC Welfare Establishments|420|Raichur|2225-03-197-1-02|Raichur|V|Data|Object-Head||||161.05|100.0
43|05|10|2225|Welfare of Scheduled Castes, Scheduled Tribes, Other Backward Classes and Minorities|03|Welfare of Backward Classes|197|Assistance to Block Panchayats/Intermediate level Panchayats|1||02|Grants to Taluka BC Welfare Establishments|421|Yadgiri|2225-03-197-1-02|Yadgiri|V|Data|Object-Head||||123.60|100.0
43|05|10|2225|Welfare of Scheduled Castes, Scheduled Tribes, Other Backward Classes and Minorities|03|Welfare of Backward Classes|197|Assistance to Block Panchayats/Intermediate level Panchayats|1||02|Grants to Taluka BC Welfare Establishments|451|Davanagere|2225-03-197-1-02|Davanagere|V|Data|Object-Head||||219.91|100.0
43|05|10|2225|Welfare of Scheduled Castes, Scheduled Tribes, Other Backward Classes and Minorities|03|Welfare of Backward Classes|197|Assistance to Block Panchayats/Intermediate level Panchayats|1||02|Grants to Taluka BC Welfare Establishments|452|Bengaluru South|2225-03-197-1-02|Bengaluru South|V|Data|Object-Head||||124.80|100.0
43|05|10|2225|Welfare of Scheduled Castes, Scheduled Tribes, Other Backward Classes and Minorities|03|Welfare of Backward Classes|197|Assistance to Block Panchayats/Intermediate level Panchayats|1||02|Grants to Taluka BC Welfare Establishments|453|Chikkaballapura|2225-03-197-1-02|Chikkaballapura|V|Data|Object-Head||||165.90|100.0
43|05|10|2225|Welfare of Scheduled Castes, Scheduled Tribes, Other Backward Classes and Minorities|03|Welfare of Backward Classes|197|Assistance to Block Panchayats/Intermediate level Panchayats|1||02|Grants to Taluka BC Welfare Establishments|456|Chamarajanagar|2225-03-197-1-02|Chamarajanagar|V|Data|Object-Head||||75.97|100.0
43|05|10|2225|Welfare of Scheduled Castes, Scheduled Tribes, Other Backward Classes and Minorities|03|Welfare of Backward Classes|197|Assistance to Block Panchayats/Intermediate level Panchayats|1||02|Grants to Taluka BC Welfare Establishments|457|Udupi|2225-03-197-1-02|Udupi|V|Data|Object-Head||||80.05|100.0
43|05|10|2225|Welfare of Scheduled Castes, Scheduled Tribes, Other Backward Classes and Minorities|03|Welfare of Backward Classes|197|Assistance to Block Panchayats/Intermediate level Panchayats|1||02|Grants to Taluka BC Welfare Establishments|461|Bagalkot|2225-03-197-1-02|Bagalkot|V|Data|Object-Head||||215.04|100.0
43|05|10|2225|Welfare of Scheduled Castes, Scheduled Tribes, Other Backward Classes and Minorities|03|Welfare of Backward Classes|197|Assistance to Block Panchayats/Intermediate level Panchayats|1||02|Grants to Taluka BC Welfare Establishments|462|Gadag|2225-03-197-1-02|Gadag|V|Data|Object-Head||||220.77|100.0
43|05|10|2225|Welfare of Scheduled Castes, Scheduled Tribes, Other Backward Classes and Minorities|03|Welfare of Backward Classes|197|Assistance to Block Panchayats/Intermediate level Panchayats|1||02|Grants to Taluka BC Welfare Establishments|463|Haveri|2225-03-197-1-02|Haveri|V|Data|Object-Head||||283.96|100.0
43|05|10|2225|Welfare of Scheduled Castes, Scheduled Tribes, Other Backward Classes and Minorities|03|Welfare of Backward Classes|197|Assistance to Block Panchayats/Intermediate level Panchayats|1||02|Grants to Taluka BC Welfare Establishments|466|Koppal|2225-03-197-1-02|Koppal|V|Data|Object-Head||||207.11|100.0
43|05|10|2225|Welfare of Scheduled Castes, Scheduled Tribes, Other Backward Classes and Minorities|03|Welfare of Backward Classes|197|Assistance to Block Panchayats/Intermediate level Panchayats|1||02|Grants to Taluka BC Welfare Establishments|467|Vijayanagara|2225-03-197-1-02|Vijayanagara|V|Data|Object-Head||||192.11|100.0
43|05|10|2225|Welfare of Scheduled Castes, Scheduled Tribes, Other Backward Classes and Minorities|03|Welfare of Backward Classes|197|Assistance to Block Panchayats/Intermediate level Panchayats|1||02|Grants to Taluka BC Welfare Establishments|||2225-03-197-1-02|HOA Total :|V|Total|Detailed-Head|0.00|0.00|0.00|7708.61|100.0
43|05|10|2225|Welfare of Scheduled Castes, Scheduled Tribes, Other Backward Classes and Minorities|03|Welfare of Backward Classes|277|Education|2||08|Devaraj Urs Research Institute and other Programmes|||2225-03-277-2-08|Devaraj Urs Research Institute and other Programmes|V|Header|Detailed-Head|||||100.0
43|05|10|2225|Welfare of Scheduled Castes, Scheduled Tribes, Other Backward Classes and Minorities|03|Welfare of Backward Classes|277|Education|2||08|Devaraj Urs Research Institute and other Programmes|002|Basic Pay|2225-03-277-2-08|Basic Pay|V|Data|Object-Head|8.73|40.00|40.00|41.00|100.0
43|05|10|2225|Welfare of Scheduled Castes, Scheduled Tribes, Other Backward Classes and Minorities|03|Welfare of Backward Classes|277|Education|2||08|Devaraj Urs Research Institute and other Programmes|003|Basic Pay-Staff|2225-03-277-2-08|Basic Pay-Staff|V|Data|Object-Head|31.91||||100.0
43|05|10|2225|Welfare of Scheduled Castes, Scheduled Tribes, Other Backward Classes and Minorities|03|Welfare of Backward Classes|277|Education|2||08|Devaraj Urs Research Institute and other Programmes|004|Interim Relief|2225-03-277-2-08|Interim Relief|V|Data|Object-Head|1.69||||100.0
43|05|10|2225|Welfare of Scheduled Castes, Scheduled Tribes, Other Backward Classes and Minorities|03|Welfare of Backward Classes|277|Education|2||08|Devaraj Urs Research Institute and other Programmes|011|Dearness Allowance|2225-03-277-2-08|Dearness Allowance|V|Data|Object-Head|11.06|9.00|9.00|11.00|100.0
43|05|10|2225|Welfare of Scheduled Castes, Scheduled Tribes, Other Backward Classes and Minorities|03|Welfare of Backward Classes|277|Education|2||08|Devaraj Urs Research Institute and other Programmes|014|Other Allowance|2225-03-277-2-08|Other Allowance|V|Data|Object-Head|10.00|10.00|10.00|10.00|100.0
43|05|10|2225|Welfare of Scheduled Castes, Scheduled Tribes, Other Backward Classes and Minorities|03|Welfare of Backward Classes|277|Education|2||08|Devaraj Urs Research Institute and other Programmes|020|Medical Allowance|2225-03-277-2-08|Medical Allowance|V|Data|Object-Head|0.23||||100.0
43|05|10|2225|Welfare of Scheduled Castes, Scheduled Tribes, Other Backward Classes and Minorities|03|Welfare of Backward Classes|277|Education|2||08|Devaraj Urs Research Institute and other Programmes|021|Reimbursement of Medical Expenses|2225-03-277-2-08|Reimbursement of Medical Expenses|V|Data|Object-Head|0.72|3.00|3.00|3.00|100.0
43|05|10|2225|Welfare of Scheduled Castes, Scheduled Tribes, Other Backward Classes and Minorities|03|Welfare of Backward Classes|277|Education|2||08|Devaraj Urs Research Institute and other Programmes|041|Travel Expenses|2225-03-277-2-08|Travel Expenses|V|Data|Object-Head||1.00|1.00|1.00|100.0
43|05|10|2225|Welfare of Scheduled Castes, Scheduled Tribes, Other Backward Classes and Minorities|03|Welfare of Backward Classes|277|Education|2||08|Devaraj Urs Research Institute and other Programmes|050|Office Expenses|2225-03-277-2-08|Office Expenses|V|Data|Object-Head||1.00|1.00|1.00|100.0
43|05|10|2225|Welfare of Scheduled Castes, Scheduled Tribes, Other Backward Classes and Minorities|03|Welfare of Backward Classes|277|Education|2||08|Devaraj Urs Research Institute and other Programmes|051|General Expenses|2225-03-277-2-08|General Expenses|V|Data|Object-Head|3.85|3.00|3.00|3.00|100.0
43|05|10|2225|Welfare of Scheduled Castes, Scheduled Tribes, Other Backward Classes and Minorities|03|Welfare of Backward Classes|277|Education|2||08|Devaraj Urs Research Institute and other Programmes|059|Other Expenses|2225-03-277-2-08|Other Expenses|V|Data|Object-Head|200.00|200.00|200.00|200.00|100.0
43|05|10|2225|Welfare of Scheduled Castes, Scheduled Tribes, Other Backward Classes and Minorities|03|Welfare of Backward Classes|277|Education|2||08|Devaraj Urs Research Institute and other Programmes|195|Transport Expenses|2225-03-277-2-08|Transport Expenses|V|Data|Object-Head|0.30|1.90|1.90|1.00|100.0
43|05|10|2225|Welfare of Scheduled Castes, Scheduled Tribes, Other Backward Classes and Minorities|03|Welfare of Backward Classes|277|Education|2||08|Devaraj Urs Research Institute and other Programmes|||2225-03-277-2-08|HOA Total :|V|Total|Detailed-Head|268.49|268.90|268.90|271.00|100.0
44|05|10|2225|Welfare of Scheduled Castes, Scheduled Tribes, Other Backward Classes and Minorities|03|Welfare of Backward Classes|277|Education|2||37|Foreign Study Stipend, Coaching for Competitive Job Exams and PHD Fellowship to BC Students|||2225-03-277-2-37|Foreign Study Stipend, Coaching for Competitive Job Exams and PHD Fellowship to BC Students|V|Header|Detailed-Head|||||100.0
44|05|10|2225|Welfare of Scheduled Castes, Scheduled Tribes, Other Backward Classes and Minorities|03|Welfare of Backward Classes|277|Education|2||37|Foreign Study Stipend, Coaching for Competitive Job Exams and PHD Fellowship to BC Students|015|Subsidiary Expenses|2225-03-277-2-37|Subsidiary Expenses|V|Data|Object-Head|39.94|450.00|450.00|450.00|100.0
44|05|10|2225|Welfare of Scheduled Castes, Scheduled Tribes, Other Backward Classes and Minorities|03|Welfare of Backward Classes|277|Education|2||37|Foreign Study Stipend, Coaching for Competitive Job Exams and PHD Fellowship to BC Students|050|Office Expenses|2225-03-277-2-37|Office Expenses|V|Data|Object-Head||9.00|9.00|10.00|100.0
44|05|10|2225|Welfare of Scheduled Castes, Scheduled Tribes, Other Backward Classes and Minorities|03|Welfare of Backward Classes|277|Education|2||37|Foreign Study Stipend, Coaching for Competitive Job Exams and PHD Fellowship to BC Students|059|Other Expenses|2225-03-277-2-37|Other Expenses|V|Data|Object-Head|2948.68|2650.00|2650.00|2975.00|100.0
44|05|10|2225|Welfare of Scheduled Castes, Scheduled Tribes, Other Backward Classes and Minorities|03|Welfare of Backward Classes|277|Education|2||37|Foreign Study Stipend, Coaching for Competitive Job Exams and PHD Fellowship to BC Students|071|Building Expenses|2225-03-277-2-37|Building Expenses|V|Data|Object-Head||41.00|41.00|45.00|100.0
44|05|10|2225|Welfare of Scheduled Castes, Scheduled Tribes, Other Backward Classes and Minorities|03|Welfare of Backward Classes|277|Education|2||37|Foreign Study Stipend, Coaching for Competitive Job Exams and PHD Fellowship to BC Students|117|Scholarships & Incentives|2225-03-277-2-37|Scholarships & Incentives|V|Data|Object-Head|979.60|981.00|981.00|1000.00|100.0
44|05|10|2225|Welfare of Scheduled Castes, Scheduled Tribes, Other Backward Classes and Minorities|03|Welfare of Backward Classes|277|Education|2||37|Foreign Study Stipend, Coaching for Competitive Job Exams and PHD Fellowship to BC Students|324|Honorarium|2225-03-277-2-37|Honorarium|V|Data|Object-Head|19.00|19.00|19.00|20.00|100.0
44|05|10|2225|Welfare of Scheduled Castes, Scheduled Tribes, Other Backward Classes and Minorities|03|Welfare of Backward Classes|277|Education|2||37|Foreign Study Stipend, Coaching for Competitive Job Exams and PHD Fellowship to BC Students|||2225-03-277-2-37|HOA Total :|V|Total|Detailed-Head|3987.22|4150.00|4150.00|4500.00|100.0
44|05|10|2225|Welfare of Scheduled Castes, Scheduled Tribes, Other Backward Classes and Minorities|03|Welfare of Backward Classes|277|Education|2||51|CSS-State Share-Post-Matric Scholarship to OBC Students|||2225-03-277-2-51|CSS-State Share-Post-Matric Scholarship to OBC Students|V|Header|Detailed-Head|||||100.0
44|05|10|2225|Welfare of Scheduled Castes, Scheduled Tribes, Other Backward Classes and Minorities|03|Welfare of Backward Classes|277|Education|2||51|CSS-State Share-Post-Matric Scholarship to OBC Students|117|Scholarships & Incentives|2225-03-277-2-51|Scholarships & Incentives|V|Data|Object-Head|4914.90|8000.00|8000.00|10000.00|100.0
44|05|10|2225|Welfare of Scheduled Castes, Scheduled Tribes, Other Backward Classes and Minorities|03|Welfare of Backward Classes|277|Education|2||51|CSS-State Share-Post-Matric Scholarship to OBC Students|||2225-03-277-2-51|HOA Total :|V|Total|Detailed-Head|4914.90|8000.00|8000.00|10000.00|100.0
44|05|10|2225|Welfare of Scheduled Castes, Scheduled Tribes, Other Backward Classes and Minorities|03|Welfare of Backward Classes|277|Education|2||52|CSS-Central Share-Pre-Matric Scholarship to Backward Classes Students Studying in 9th and 10th Standard|||2225-03-277-2-52|CSS-Central Share-Pre-Matric Scholarship to Backward Classes Students Studying in 9th and 10th Standard|V|Header|Detailed-Head|||||100.0
44|05|10|2225|Welfare of Scheduled Castes, Scheduled Tribes, Other Backward Classes and Minorities|03|Welfare of Backward Classes|277|Education|2||52|CSS-Central Share-Pre-Matric Scholarship to Backward Classes Students Studying in 9th and 10th Standard|117|Scholarships & Incentives|2225-03-277-2-52|Scholarships & Incentives|V|Data|Object-Head|4871.78|6800.00|6800.00|6000.00|100.0
44|05|10|2225|Welfare of Scheduled Castes, Scheduled Tribes, Other Backward Classes and Minorities|03|Welfare of Backward Classes|277|Education|2||52|CSS-Central Share-Pre-Matric Scholarship to Backward Classes Students Studying in 9th and 10th Standard|||2225-03-277-2-52|HOA Total :|V|Total|Detailed-Head|4871.78|6800.00|6800.00|6000.00|100.0
44|05|10|2225|Welfare of Scheduled Castes, Scheduled Tribes, Other Backward Classes and Minorities|03|Welfare of Backward Classes|277|Education|2||53|Procurement of Materials and Supplies to OBC Hostels|||2225-03-277-2-53|Procurement of Materials and Supplies to OBC Hostels|V|Header|Detailed-Head|||||100.0
44|05|10|2225|Welfare of Scheduled Castes, Scheduled Tribes, Other Backward Classes and Minorities|03|Welfare of Backward Classes|277|Education|2||53|Procurement of Materials and Supplies to OBC Hostels|059|Other Expenses|2225-03-277-2-53|Other Expenses|V|Data|Object-Head|6987.63|3800.00|3800.00||100.0
45|05|10|2225|Welfare of Scheduled Castes, Scheduled Tribes, Other Backward Classes and Minorities|03|Welfare of Backward Classes|277|Education|2||53|Procurement of Materials and Supplies to OBC Hostels|221|Materials and Supplies|2225-03-277-2-53|Materials and Supplies|V|Data|Object-Head|2000.00|5000.00|5000.00||100.0
45|05|10|2225|Welfare of Scheduled Castes, Scheduled Tribes, Other Backward Classes and Minorities|03|Welfare of Backward Classes|277|Education|2||53|Procurement of Materials and Supplies to OBC Hostels|422|Schedule Caste Sub Plan|2225-03-277-2-53|Schedule Caste Sub Plan|V|Data|Object-Head||500.00|500.00||100.0
45|05|10|2225|Welfare of Scheduled Castes, Scheduled Tribes, Other Backward Classes and Minorities|03|Welfare of Backward Classes|277|Education|2||53|Procurement of Materials and Supplies to OBC Hostels|423|Tribal Sub Plan|2225-03-277-2-53|Tribal Sub Plan|V|Data|Object-Head||200.00|200.00||100.0
45|05|10|2225|Welfare of Scheduled Castes, Scheduled Tribes, Other Backward Classes and Minorities|03|Welfare of Backward Classes|277|Education|2||53|Procurement of Materials and Supplies to OBC Hostels|||2225-03-277-2-53|HOA Total :|V|Total|Detailed-Head|8987.63|9500.00|9500.00|0.00|100.0
45|05|10|2225|Welfare of Scheduled Castes, Scheduled Tribes, Other Backward Classes and Minorities|03|Welfare of Backward Classes|277|Education|2||62|Operational Expenses of Morarji Desai Residential Schools for Backward Classes (KREIS)|||2225-03-277-2-62|Operational Expenses of Morarji Desai Residential Schools for Backward Classes (KREIS)|V|Header|Detailed-Head|||||100.0
45|05|10|2225|Welfare of Scheduled Castes, Scheduled Tribes, Other Backward Classes and Minorities|03|Welfare of Backward Classes|277|Education|2||62|Operational Expenses of Morarji Desai Residential Schools for Backward Classes (KREIS)|051|General Expenses|2225-03-277-2-62|General Expenses|V|Data|Object-Head||||560.00|100.0
45|05|10|2225|Welfare of Scheduled Castes, Scheduled Tribes, Other Backward Classes and Minorities|03|Welfare of Backward Classes|277|Education|2||62|Operational Expenses of Morarji Desai Residential Schools for Backward Classes (KREIS)|059|Other Expenses|2225-03-277-2-62|Other Expenses|V|Data|Object-Head|22037.17|17427.00|17427.00|21377.44|100.0
45|05|10|2225|Welfare of Scheduled Castes, Scheduled Tribes, Other Backward Classes and Minorities|03|Welfare of Backward Classes|277|Education|2||62|Operational Expenses of Morarji Desai Residential Schools for Backward Classes (KREIS)|221|Materials and Supplies|2225-03-277-2-62|Materials and Supplies|V|Data|Object-Head|3000.00|3000.00|3000.00|4000.00|100.0
45|05|10|2225|Welfare of Scheduled Castes, Scheduled Tribes, Other Backward Classes and Minorities|03|Welfare of Backward Classes|277|Education|2||62|Operational Expenses of Morarji Desai Residential Schools for Backward Classes (KREIS)|422|Schedule Caste Sub Plan|2225-03-277-2-62|Schedule Caste Sub Plan|V|Data|Object-Head|3630.25|8449.00|8449.00|10303.66|100.0
45|05|10|2225|Welfare of Scheduled Castes, Scheduled Tribes, Other Backward Classes and Minorities|03|Welfare of Backward Classes|277|Education|2||62|Operational Expenses of Morarji Desai Residential Schools for Backward Classes (KREIS)|423|Tribal Sub Plan|2225-03-277-2-62|Tribal Sub Plan|V|Data|Object-Head|1816.00|3644.00|3644.00|4443.90|100.0
45|05|10|2225|Welfare of Scheduled Castes, Scheduled Tribes, Other Backward Classes and Minorities|03|Welfare of Backward Classes|277|Education|2||62|Operational Expenses of Morarji Desai Residential Schools for Backward Classes (KREIS)|||2225-03-277-2-62|HOA Total :|V|Total|Detailed-Head|30483.42|32520.00|32520.00|40685.00|100.0
45|05|10|2225|Welfare of Scheduled Castes, Scheduled Tribes, Other Backward Classes and Minorities|03|Welfare of Backward Classes|277|Education|2||71|Sangolli Rayanna Sainik School, Bailhongal|||2225-03-277-2-71|Sangolli Rayanna Sainik School, Bailhongal|V|Header|Detailed-Head|||||100.0
45|05|10|2225|Welfare of Scheduled Castes, Scheduled Tribes, Other Backward Classes and Minorities|03|Welfare of Backward Classes|277|Education|2||71|Sangolli Rayanna Sainik School, Bailhongal|103|Grants-in-Aid -General|2225-03-277-2-71|Grants-in-Aid -General|V|Data|Object-Head|122.89|122.90|122.90|125.00|100.0
45|05|10|2225|Welfare of Scheduled Castes, Scheduled Tribes, Other Backward Classes and Minorities|03|Welfare of Backward Classes|277|Education|2||71|Sangolli Rayanna Sainik School, Bailhongal|115|GIA Contract /Outsource|2225-03-277-2-71|GIA Contract /Outsource|V|Data|Object-Head|23.12|24.16|24.16|25.09|100.0
45|05|10|2225|Welfare of Scheduled Castes, Scheduled Tribes, Other Backward Classes and Minorities|03|Welfare of Backward Classes|277|Education|2||71|Sangolli Rayanna Sainik School, Bailhongal|||2225-03-277-2-71|HOA Total :|V|Total|Detailed-Head|146.01|147.06|147.06|150.09|100.0
45|05|10|2225|Welfare of Scheduled Castes, Scheduled Tribes, Other Backward Classes and Minorities|03|Welfare of Backward Classes|277|Education|2||72|CSS-Central Share-Post-Matric Scholarships to OBC Students|||2225-03-277-2-72|CSS-Central Share-Post-Matric Scholarships to OBC Students|V|Header|Detailed-Head|||||100.0
45|05|10|2225|Welfare of Scheduled Castes, Scheduled Tribes, Other Backward Classes and Minorities|03|Welfare of Backward Classes|277|Education|2||72|CSS-Central Share-Post-Matric Scholarships to OBC Students|117|Scholarships & Incentives|2225-03-277-2-72|Scholarships & Incentives|V|Data|Object-Head|7372.35|10000.00|10000.00|15000.00|100.0
45|05|10|2225|Welfare of Scheduled Castes, Scheduled Tribes, Other Backward Classes and Minorities|03|Welfare of Backward Classes|277|Education|2||72|CSS-Central Share-Post-Matric Scholarships to OBC Students|||2225-03-277-2-72|HOA Total :|V|Total|Detailed-Head|7372.35|10000.00|10000.00|15000.00|100.0
46|05|10|2225|Welfare of Scheduled Castes, Scheduled Tribes, Other Backward Classes and Minorities|03|Welfare of Backward Classes|277|Education|2||83|CSS-State Share-Pre-Matric Scholarship to Backward Classes Students Studying in 9th and 10th Standard|||2225-03-277-2-83|CSS-State Share-Pre-Matric Scholarship to Backward Classes Students Studying in 9th and 10th Standard|V|Header|Detailed-Head|||||100.0
46|05|10|2225|Welfare of Scheduled Castes, Scheduled Tribes, Other Backward Classes and Minorities|03|Welfare of Backward Classes|277|Education|2||83|CSS-State Share-Pre-Matric Scholarship to Backward Classes Students Studying in 9th and 10th Standard|117|Scholarships & Incentives|2225-03-277-2-83|Scholarships & Incentives|V|Data|Object-Head|3247.85|3200.00|3200.00|4000.00|100.0
46|05|10|2225|Welfare of Scheduled Castes, Scheduled Tribes, Other Backward Classes and Minorities|03|Welfare of Backward Classes|277|Education|2||83|CSS-State Share-Pre-Matric Scholarship to Backward Classes Students Studying in 9th and 10th Standard|||2225-03-277-2-83|HOA Total :|V|Total|Detailed-Head|3247.85|3200.00|3200.00|4000.00|100.0
46|05|10|2225|Welfare of Scheduled Castes, Scheduled Tribes, Other Backward Classes and Minorities|03|Welfare of Backward Classes|277|Education|3||11|Backward Classes Welfare Department - Taluka Office|||2225-03-277-3-11|Backward Classes Welfare Department - Taluka Office|V|Header|Detailed-Head|||||100.0
46|05|10|2225|Welfare of Scheduled Castes, Scheduled Tribes, Other Backward Classes and Minorities|03|Welfare of Backward Classes|277|Education|3||11|Backward Classes Welfare Department - Taluka Office|002|Basic Pay|2225-03-277-3-11|Basic Pay|V|Data|Object-Head|519.38|2721.00|2848.00||100.0
46|05|10|2225|Welfare of Scheduled Castes, Scheduled Tribes, Other Backward Classes and Minorities|03|Welfare of Backward Classes|277|Education|3||11|Backward Classes Welfare Department - Taluka Office|003|Basic Pay-Staff|2225-03-277-3-11|Basic Pay-Staff|V|Data|Object-Head|1607.84||||100.0
46|05|10|2225|Welfare of Scheduled Castes, Scheduled Tribes, Other Backward Classes and Minorities|03|Welfare of Backward Classes|277|Education|3||11|Backward Classes Welfare Department - Taluka Office|004|Interim Relief|2225-03-277-3-11|Interim Relief|V|Data|Object-Head|156.85||||100.0
46|05|10|2225|Welfare of Scheduled Castes, Scheduled Tribes, Other Backward Classes and Minorities|03|Welfare of Backward Classes|277|Education|3||11|Backward Classes Welfare Department - Taluka Office|011|Dearness Allowance|2225-03-277-3-11|Dearness Allowance|V|Data|Object-Head|529.84|599.00|599.00||100.0
46|05|10|2225|Welfare of Scheduled Castes, Scheduled Tribes, Other Backward Classes and Minorities|03|Welfare of Backward Classes|277|Education|3||11|Backward Classes Welfare Department - Taluka Office|014|Other Allowance|2225-03-277-3-11|Other Allowance|V|Data|Object-Head|229.30|314.00|362.00||100.0
46|05|10|2225|Welfare of Scheduled Castes, Scheduled Tribes, Other Backward Classes and Minorities|03|Welfare of Backward Classes|277|Education|3||11|Backward Classes Welfare Department - Taluka Office|015|Subsidiary Expenses|2225-03-277-3-11|Subsidiary Expenses|V|Data|Object-Head|304.26|382.32|382.32||100.0
46|05|10|2225|Welfare of Scheduled Castes, Scheduled Tribes, Other Backward Classes and Minorities|03|Welfare of Backward Classes|277|Education|3||11|Backward Classes Welfare Department - Taluka Office|020|Medical Allowance|2225-03-277-3-11|Medical Allowance|V|Data|Object-Head|13.43||||100.0
46|05|10|2225|Welfare of Scheduled Castes, Scheduled Tribes, Other Backward Classes and Minorities|03|Welfare of Backward Classes|277|Education|3||11|Backward Classes Welfare Department - Taluka Office|021|Reimbursement of Medical Expenses|2225-03-277-3-11|Reimbursement of Medical Expenses|V|Data|Object-Head|0.31|29.00|29.00||100.0
46|05|10|2225|Welfare of Scheduled Castes, Scheduled Tribes, Other Backward Classes and Minorities|03|Welfare of Backward Classes|277|Education|3||11|Backward Classes Welfare Department - Taluka Office|034|Contract/Outsource|2225-03-277-3-11|Contract/Outsource|V|Data|Object-Head|578.01|544.58|544.58||100.0
46|05|10|2225|Welfare of Scheduled Castes, Scheduled Tribes, Other Backward Classes and Minorities|03|Welfare of Backward Classes|277|Education|3||11|Backward Classes Welfare Department - Taluka Office|050|Office Expenses|2225-03-277-3-11|Office Expenses|V|Data|Object-Head|49.90|50.00|50.00||100.0
46|05|10|2225|Welfare of Scheduled Castes, Scheduled Tribes, Other Backward Classes and Minorities|03|Welfare of Backward Classes|277|Education|3||11|Backward Classes Welfare Department - Taluka Office|071|Building Expenses|2225-03-277-3-11|Building Expenses|V|Data|Object-Head|102.08|116.64|116.64||100.0
46|05|10|2225|Welfare of Scheduled Castes, Scheduled Tribes, Other Backward Classes and Minorities|03|Welfare of Backward Classes|277|Education|3||11|Backward Classes Welfare Department - Taluka Office|195|Transport Expenses|2225-03-277-3-11|Transport Expenses|V|Data|Object-Head|715.35|877.92|877.92||100.0
46|05|10|2225|Welfare of Scheduled Castes, Scheduled Tribes, Other Backward Classes and Minorities|03|Welfare of Backward Classes|277|Education|3||11|Backward Classes Welfare Department - Taluka Office|||2225-03-277-3-11|HOA Total :|V|Total|Detailed-Head|4806.55|5634.46|5809.46|0.00|100.0
46|05|10|2225|Welfare of Scheduled Castes, Scheduled Tribes, Other Backward Classes and Minorities|03|Welfare of Backward Classes|283||0||03|Food and Accomodation Assistance-Vidyasiri|||2225-03-283-0-03|Food and Accomodation Assistance-Vidyasiri|V|Header|Detailed-Head|||||100.0
46|05|10|2225|Welfare of Scheduled Castes, Scheduled Tribes, Other Backward Classes and Minorities|03|Welfare of Backward Classes|283||0||03|Food and Accomodation Assistance-Vidyasiri|059|Other Expenses|2225-03-283-0-03|Other Expenses|V|Data|Object-Head|4954.95|10500.00|10500.00||100.0
46|05|10|2225|Welfare of Scheduled Castes, Scheduled Tribes, Other Backward Classes and Minorities|03|Welfare of Backward Classes|283||0||03|Food and Accomodation Assistance-Vidyasiri|||2225-03-283-0-03|HOA Total :|V|Total|Detailed-Head|4954.95|10500.00|10500.00|0.00|100.0
47|05|10|2225|Welfare of Scheduled Castes, Scheduled Tribes, Other Backward Classes and Minorities|03|Welfare of Backward Classes|911|Deduct Recoveries of Overpayments|0||00|Deduct Recoveries of Over Payment|||2225-03-911-0-00|Deduct Recoveries of Over Payment|V|Header|Detailed-Head|||||100.0
47|05|10|2225|Welfare of Scheduled Castes, Scheduled Tribes, Other Backward Classes and Minorities|03|Welfare of Backward Classes|911|Deduct Recoveries of Overpayments|0||00|Deduct Recoveries of Over Payment|364|Deduct - Recoveries|2225-03-911-0-00|Deduct - Recoveries|V|Data|Object-Head|-12.23||||100.0
47|05|10|2225|Welfare of Scheduled Castes, Scheduled Tribes, Other Backward Classes and Minorities|03|Welfare of Backward Classes|911|Deduct Recoveries of Overpayments|0||00|Deduct Recoveries of Over Payment|||2225-03-911-0-00|HOA Total :|V|Total|Detailed-Head|-12.23|0.00|0.00|0.00|100.0
47|05|10|2225|Welfare of Scheduled Castes, Scheduled Tribes, Other Backward Classes and Minorities|03|Welfare of Backward Classes|911|Deduct Recoveries of Overpayments|0||01|Deduct Recovery of Over Payments of Current Year|||2225-03-911-0-01|Deduct Recovery of Over Payments of Current Year|V|Header|Detailed-Head|||||100.0
47|05|10|2225|Welfare of Scheduled Castes, Scheduled Tribes, Other Backward Classes and Minorities|03|Welfare of Backward Classes|911|Deduct Recoveries of Overpayments|0||01|Deduct Recovery of Over Payments of Current Year|364|Deduct - Recoveries|2225-03-911-0-01|Deduct - Recoveries|V|Data|Object-Head|-7.40||||100.0
47|05|10|2225|Welfare of Scheduled Castes, Scheduled Tribes, Other Backward Classes and Minorities|03|Welfare of Backward Classes|911|Deduct Recoveries of Overpayments|0||01|Deduct Recovery of Over Payments of Current Year|||2225-03-911-0-01|HOA Total :|V|Total|Detailed-Head|-7.40|0.00|0.00|0.00|100.0
47|05|10|2225|Welfare of Scheduled Castes, Scheduled Tribes, Other Backward Classes and Minorities|03|Welfare of Backward Classes|911|Deduct Recoveries of Overpayments|0||02|Deduct Recovery of Over Payments of Current Year|||2225-03-911-0-02|Deduct Recovery of Over Payments of Current Year|V|Header|Detailed-Head|||||100.0
47|05|10|2225|Welfare of Scheduled Castes, Scheduled Tribes, Other Backward Classes and Minorities|03|Welfare of Backward Classes|911|Deduct Recoveries of Overpayments|0||02|Deduct Recovery of Over Payments of Current Year|364|Deduct - Recoveries|2225-03-911-0-02|Deduct - Recoveries|V|Data|Object-Head|-226.99||||100.0
47|05|10|2225|Welfare of Scheduled Castes, Scheduled Tribes, Other Backward Classes and Minorities|03|Welfare of Backward Classes|911|Deduct Recoveries of Overpayments|0||02|Deduct Recovery of Over Payments of Current Year|||2225-03-911-0-02|HOA Total :|V|Total|Detailed-Head|-226.99|0.00|0.00|0.00|100.0
47|05|10|2225|Welfare of Scheduled Castes, Scheduled Tribes, Other Backward Classes and Minorities|03|Welfare of Backward Classes|911|Deduct Recoveries of Overpayments|0||03|SAKALA-Recovery of Compensatory Cost under the Karnataka Guarantee of Services Act|||2225-03-911-0-03|SAKALA-Recovery of Compensatory Cost under the Karnataka Guarantee of Services Act|V|Header|Detailed-Head|||||100.0
47|05|10|2225|Welfare of Scheduled Castes, Scheduled Tribes, Other Backward Classes and Minorities|03|Welfare of Backward Classes|911|Deduct Recoveries of Overpayments|0||03|SAKALA-Recovery of Compensatory Cost under the Karnataka Guarantee of Services Act|364|Deduct - Recoveries|2225-03-911-0-03|Deduct - Recoveries|V|Data|Object-Head|-1.45||||100.0
47|05|10|2225|Welfare of Scheduled Castes, Scheduled Tribes, Other Backward Classes and Minorities|03|Welfare of Backward Classes|911|Deduct Recoveries of Overpayments|0||03|SAKALA-Recovery of Compensatory Cost under the Karnataka Guarantee of Services Act|||2225-03-911-0-03|HOA Total :|V|Total|Detailed-Head|-1.45|0.00|0.00|0.00|100.0
47|05|10|2225|Welfare of Scheduled Castes, Scheduled Tribes, Other Backward Classes and Minorities|03|Welfare of Backward Classes|911|Deduct Recoveries of Overpayments|0||04|Deduct Recovery of Over Payment of Previous years-ZP|||2225-03-911-0-04|Deduct Recovery of Over Payment of Previous years-ZP|V|Header|Detailed-Head|||||100.0
47|05|10|2225|Welfare of Scheduled Castes, Scheduled Tribes, Other Backward Classes and Minorities|03|Welfare of Backward Classes|911|Deduct Recoveries of Overpayments|0||04|Deduct Recovery of Over Payment of Previous years-ZP|261|Inter Account Transfers|2225-03-911-0-04|Inter Account Transfers|V|Data|Object-Head||-9616.29|-9616.29|-18440.88|100.0
47|05|10|2225|Welfare of Scheduled Castes, Scheduled Tribes, Other Backward Classes and Minorities|03|Welfare of Backward Classes|911|Deduct Recoveries of Overpayments|0||04|Deduct Recovery of Over Payment of Previous years-ZP|364|Deduct - Recoveries|2225-03-911-0-04|Deduct - Recoveries|V|Data|Object-Head|-0.52||||100.0
47|05|10|2225|Welfare of Scheduled Castes, Scheduled Tribes, Other Backward Classes and Minorities|03|Welfare of Backward Classes|911|Deduct Recoveries of Overpayments|0||04|Deduct Recovery of Over Payment of Previous years-ZP|||2225-03-911-0-04|HOA Total :|V|Total|Detailed-Head|-0.52|-9616.29|-9616.29|-18440.88|100.0
48|05|10|2225|Welfare of Scheduled Castes, Scheduled Tribes, Other Backward Classes and Minorities|03|Welfare of Backward Classes|911|Deduct Recoveries of Overpayments|0||05|Deduct Recovery of Over Payment of Previous Years-TP|||2225-03-911-0-05|Deduct Recovery of Over Payment of Previous Years-TP|V|Header|Detailed-Head|||||100.0
48|05|10|2225|Welfare of Scheduled Castes, Scheduled Tribes, Other Backward Classes and Minorities|03|Welfare of Backward Classes|911|Deduct Recoveries of Overpayments|0||05|Deduct Recovery of Over Payment of Previous Years-TP|261|Inter Account Transfers|2225-03-911-0-05|Inter Account Transfers|V|Data|Object-Head||-1782.10|-1782.10|-3030.01|100.0
48|05|10|2225|Welfare of Scheduled Castes, Scheduled Tribes, Other Backward Classes and Minorities|03|Welfare of Backward Classes|911|Deduct Recoveries of Overpayments|0||05|Deduct Recovery of Over Payment of Previous Years-TP|||2225-03-911-0-05|HOA Total :|V|Total|Detailed-Head|0.00|-1782.10|-1782.10|-3030.01|100.0
48|05|10|2225|Welfare of Scheduled Castes, Scheduled Tribes, Other Backward Classes and Minorities|||||||||||2225|2225 - Total :|V|Total|Major-Head|321609.54|342573.80|377409.80|376583.47|
49|05|10|4225|Capital Outlay on Welfare of Scheduled Castes,Scheduled Tribes, Other Backward Classes and Minorities|03|Welfare of Backward Classes|190|Assistance to Public Sector and Other Undertakings|0||12|Krantiveera Sangolli Rayanna Kshetra Abhivrudhi Pradhikara|||4225-03-190-0-12|Krantiveera Sangolli Rayanna Kshetra Abhivrudhi Pradhikara|V|Header|Detailed-Head|||||100.0
49|05|10|4225|Capital Outlay on Welfare of Scheduled Castes,Scheduled Tribes, Other Backward Classes and Minorities|03|Welfare of Backward Classes|190|Assistance to Public Sector and Other Undertakings|0||12|Krantiveera Sangolli Rayanna Kshetra Abhivrudhi Pradhikara|132|Other Capital Expenses|4225-03-190-0-12|Other Capital Expenses|V|Data|Object-Head||500.00|500.00|500.00|100.0
49|05|10|4225|Capital Outlay on Welfare of Scheduled Castes,Scheduled Tribes, Other Backward Classes and Minorities|03|Welfare of Backward Classes|190|Assistance to Public Sector and Other Undertakings|0||12|Krantiveera Sangolli Rayanna Kshetra Abhivrudhi Pradhikara|||4225-03-190-0-12|HOA Total :|V|Total|Detailed-Head|0.00|500.00|500.00|500.00|100.0
49|05|10|4225|Capital Outlay on Welfare of Scheduled Castes,Scheduled Tribes, Other Backward Classes and Minorities|03|Welfare of Backward Classes|277|Education|2||04|Construction of Residential Schools -(KRIES)|||4225-03-277-2-04|Construction of Residential Schools -(KRIES)|V|Header|Detailed-Head|||||100.0
49|05|10|4225|Capital Outlay on Welfare of Scheduled Castes,Scheduled Tribes, Other Backward Classes and Minorities|03|Welfare of Backward Classes|277|Education|2||04|Construction of Residential Schools -(KRIES)|180|Machinery and Equipments|4225-03-277-2-04|Machinery and Equipments|V|Data|Object-Head||3180.00|3180.00|3180.00|100.0
49|05|10|4225|Capital Outlay on Welfare of Scheduled Castes,Scheduled Tribes, Other Backward Classes and Minorities|03|Welfare of Backward Classes|277|Education|2||04|Construction of Residential Schools -(KRIES)|386|Purchase/Construction of Buildings|4225-03-277-2-04|Purchase/Construction of Buildings|V|Data|Object-Head|8625.00|18825.00|18825.00|20356.00|100.0
49|05|10|4225|Capital Outlay on Welfare of Scheduled Castes,Scheduled Tribes, Other Backward Classes and Minorities|03|Welfare of Backward Classes|277|Education|2||04|Construction of Residential Schools -(KRIES)|422|Schedule Caste Sub Plan|4225-03-277-2-04|Schedule Caste Sub Plan|V|Data|Object-Head|1955.00|1955.00|1955.00|4600.00|100.0
49|05|10|4225|Capital Outlay on Welfare of Scheduled Castes,Scheduled Tribes, Other Backward Classes and Minorities|03|Welfare of Backward Classes|277|Education|2||04|Construction of Residential Schools -(KRIES)|423|Tribal Sub Plan|4225-03-277-2-04|Tribal Sub Plan|V|Data|Object-Head|920.00|920.00|920.00|1864.00|100.0
49|05|10|4225|Capital Outlay on Welfare of Scheduled Castes,Scheduled Tribes, Other Backward Classes and Minorities|03|Welfare of Backward Classes|277|Education|2||04|Construction of Residential Schools -(KRIES)|||4225-03-277-2-04|HOA Total :|V|Total|Detailed-Head|11500.00|24880.00|24880.00|30000.00|100.0
49|05|10|4225|Capital Outlay on Welfare of Scheduled Castes,Scheduled Tribes, Other Backward Classes and Minorities|03|Welfare of Backward Classes|277|Education|2||06|Construction of Hostels and Procurement of Materials (BCW Department)|||4225-03-277-2-06|Construction of Hostels and Procurement of Materials (BCW Department)|V|Header|Detailed-Head|||||100.0
49|05|10|4225|Capital Outlay on Welfare of Scheduled Castes,Scheduled Tribes, Other Backward Classes and Minorities|03|Welfare of Backward Classes|277|Education|2||06|Construction of Hostels and Procurement of Materials (BCW Department)|132|Other Capital Expenses|4225-03-277-2-06|Other Capital Expenses|V|Data|Object-Head||2500.00|2500.00|5000.00|100.0
49|05|10|4225|Capital Outlay on Welfare of Scheduled Castes,Scheduled Tribes, Other Backward Classes and Minorities|03|Welfare of Backward Classes|277|Education|2||06|Construction of Hostels and Procurement of Materials (BCW Department)|133|Regional Imbalance Redressal Program|4225-03-277-2-06|Regional Imbalance Redressal Program|V|Data|Object-Head|3500.00|3500.00|3500.00||100.0
49|05|10|4225|Capital Outlay on Welfare of Scheduled Castes,Scheduled Tribes, Other Backward Classes and Minorities|03|Welfare of Backward Classes|277|Education|2||06|Construction of Hostels and Procurement of Materials (BCW Department)|180|Machinery and Equipments|4225-03-277-2-06|Machinery and Equipments|V|Data|Object-Head||||3000.00|100.0
49|05|10|4225|Capital Outlay on Welfare of Scheduled Castes,Scheduled Tribes, Other Backward Classes and Minorities|03|Welfare of Backward Classes|277|Education|2||06|Construction of Hostels and Procurement of Materials (BCW Department)|386|Purchase/Construction of Buildings|4225-03-277-2-06|Purchase/Construction of Buildings|V|Data|Object-Head|14991.43|15291.43|15291.43|17500.00|100.0
49|05|10|4225|Capital Outlay on Welfare of Scheduled Castes,Scheduled Tribes, Other Backward Classes and Minorities|03|Welfare of Backward Classes|277|Education|2||06|Construction of Hostels and Procurement of Materials (BCW Department)|422|Schedule Caste Sub Plan|4225-03-277-2-06|Schedule Caste Sub Plan|V|Data|Object-Head|4857.14|4857.14|4857.14|6300.00|100.0
49|05|10|4225|Capital Outlay on Welfare of Scheduled Castes,Scheduled Tribes, Other Backward Classes and Minorities|03|Welfare of Backward Classes|277|Education|2||06|Construction of Hostels and Procurement of Materials (BCW Department)|423|Tribal Sub Plan|4225-03-277-2-06|Tribal Sub Plan|V|Data|Object-Head|1651.43|1651.43|1651.43|1200.00|100.0
49|05|10|4225|Capital Outlay on Welfare of Scheduled Castes,Scheduled Tribes, Other Backward Classes and Minorities|03|Welfare of Backward Classes|277|Education|2||06|Construction of Hostels and Procurement of Materials (BCW Department)|||4225-03-277-2-06|HOA Total :|V|Total|Detailed-Head|25000.00|27800.00|27800.00|33000.00|100.0
50|05|10|4225|Capital Outlay on Welfare of Scheduled Castes,Scheduled Tribes, Other Backward Classes and Minorities|03|Welfare of Backward Classes|277|Education|2||11|NABARD Works|||4225-03-277-2-11|NABARD Works|V|Header|Detailed-Head|||||100.0
50|05|10|4225|Capital Outlay on Welfare of Scheduled Castes,Scheduled Tribes, Other Backward Classes and Minorities|03|Welfare of Backward Classes|277|Education|2||11|NABARD Works|436|NABARD Works|4225-03-277-2-11|NABARD Works|V|Data|Object-Head||1500.00|1500.00|3000.00|100.0
50|05|10|4225|Capital Outlay on Welfare of Scheduled Castes,Scheduled Tribes, Other Backward Classes and Minorities|03|Welfare of Backward Classes|277|Education|2||11|NABARD Works|||4225-03-277-2-11|HOA Total :|V|Total|Detailed-Head|0.00|1500.00|1500.00|3000.00|100.0
50|05|10|4225|Capital Outlay on Welfare of Scheduled Castes,Scheduled Tribes, Other Backward Classes and Minorities|03|Welfare of Backward Classes|277|Education|2||12|Vishwakarma Sculpture Institute at Shivarapatna|||4225-03-277-2-12|Vishwakarma Sculpture Institute at Shivarapatna|V|Header|Detailed-Head|||||100.0
50|05|10|4225|Capital Outlay on Welfare of Scheduled Castes,Scheduled Tribes, Other Backward Classes and Minorities|03|Welfare of Backward Classes|277|Education|2||12|Vishwakarma Sculpture Institute at Shivarapatna|132|Other Capital Expenses|4225-03-277-2-12|Other Capital Expenses|V|Data|Object-Head||300.00|300.00||100.0
50|05|10|4225|Capital Outlay on Welfare of Scheduled Castes,Scheduled Tribes, Other Backward Classes and Minorities|03|Welfare of Backward Classes|277|Education|2||12|Vishwakarma Sculpture Institute at Shivarapatna|||4225-03-277-2-12|HOA Total :|V|Total|Detailed-Head|0.00|300.00|300.00|0.00|100.0
50|05|10|4225|Capital Outlay on Welfare of Scheduled Castes,Scheduled Tribes, Other Backward Classes and Minorities|03|Welfare of Backward Classes|277|Education|7||01|CSS-Central Share-Construction of Hostels for OBC Students|||4225-03-277-7-01|CSS-Central Share-Construction of Hostels for OBC Students|V|Header|Detailed-Head|||||100.0
50|05|10|4225|Capital Outlay on Welfare of Scheduled Castes,Scheduled Tribes, Other Backward Classes and Minorities|03|Welfare of Backward Classes|277|Education|7||01|CSS-Central Share-Construction of Hostels for OBC Students|132|Other Capital Expenses|4225-03-277-7-01|Other Capital Expenses|V|Data|Object-Head|302.75|371.00|371.00|1.00|100.0
50|05|10|4225|Capital Outlay on Welfare of Scheduled Castes,Scheduled Tribes, Other Backward Classes and Minorities|03|Welfare of Backward Classes|277|Education|7||01|CSS-Central Share-Construction of Hostels for OBC Students|||4225-03-277-7-01|HOA Total :|V|Total|Detailed-Head|302.75|371.00|371.00|1.00|100.0
50|05|10|4225|Capital Outlay on Welfare of Scheduled Castes,Scheduled Tribes, Other Backward Classes and Minorities|03|Welfare of Backward Classes|277|Education|7||02|CSS-State Share-Construction of Hostels for OBC Students|||4225-03-277-7-02|CSS-State Share-Construction of Hostels for OBC Students|V|Header|Detailed-Head|||||100.0
50|05|10|4225|Capital Outlay on Welfare of Scheduled Castes,Scheduled Tribes, Other Backward Classes and Minorities|03|Welfare of Backward Classes|277|Education|7||02|CSS-State Share-Construction of Hostels for OBC Students|132|Other Capital Expenses|4225-03-277-7-02|Other Capital Expenses|V|Data|Object-Head|32.75|41.00|41.00|1.00|100.0
50|05|10|4225|Capital Outlay on Welfare of Scheduled Castes,Scheduled Tribes, Other Backward Classes and Minorities|03|Welfare of Backward Classes|277|Education|7||02|CSS-State Share-Construction of Hostels for OBC Students|||4225-03-277-7-02|HOA Total :|V|Total|Detailed-Head|32.75|41.00|41.00|1.00|100.0
50|05|10|4225|Capital Outlay on Welfare of Scheduled Castes,Scheduled Tribes, Other Backward Classes and Minorities|03|Welfare of Backward Classes|283||0||01|Construction of Devraj Urs Bhavan(Taluk Office) and Other Works|||4225-03-283-0-01|Construction of Devraj Urs Bhavan(Taluk Office) and Other Works|V|Header|Detailed-Head|||||100.0
50|05|10|4225|Capital Outlay on Welfare of Scheduled Castes,Scheduled Tribes, Other Backward Classes and Minorities|03|Welfare of Backward Classes|283||0||01|Construction of Devraj Urs Bhavan(Taluk Office) and Other Works|132|Other Capital Expenses|4225-03-283-0-01|Other Capital Expenses|V|Data|Object-Head||3000.00|3000.00|3000.00|100.0
50|05|10|4225|Capital Outlay on Welfare of Scheduled Castes,Scheduled Tribes, Other Backward Classes and Minorities|03|Welfare of Backward Classes|283||0||01|Construction of Devraj Urs Bhavan(Taluk Office) and Other Works|386|Purchase/Construction of Buildings|4225-03-283-0-01|Purchase/Construction of Buildings|V|Data|Object-Head|399.99|417.00|417.00|600.00|100.0
50|05|10|4225|Capital Outlay on Welfare of Scheduled Castes,Scheduled Tribes, Other Backward Classes and Minorities|03|Welfare of Backward Classes|283||0||01|Construction of Devraj Urs Bhavan(Taluk Office) and Other Works|||4225-03-283-0-01|HOA Total :|V|Total|Detailed-Head|399.99|3417.00|3417.00|3600.00|100.0
50|05|10|4225|Capital Outlay on Welfare of Scheduled Castes,Scheduled Tribes, Other Backward Classes and Minorities|03|Welfare of Backward Classes|||||||||4225|4225 - Total :|V|Total|Major-Head|37235.49|58809.00|58809.00|70102.00|
51|05|10|2225|Welfare of Scheduled Castes, Scheduled Tribes, Other Backward Classes and Minorities|04|Welfare of Minorities|||||||||2225|Welfare of Scheduled Castes, Scheduled Tribes, Other Backward Classes and Minorities|V|Header|Major-Head|||||
51|05|10|2225|Welfare of Scheduled Castes, Scheduled Tribes, Other Backward Classes and Minorities|04|Welfare of Minorities|001|Direction and Administration|||||||2225-04-001|Direction and Administration|V|Header|Minor-Head|||||
51|05|10|2225|Welfare of Scheduled Castes, Scheduled Tribes, Other Backward Classes and Minorities|04|Welfare of Minorities|001|Direction and Administration|0||||||2225-04-001-0||V|Header|Sub-Head|||||
51|05|10|2225|Welfare of Scheduled Castes, Scheduled Tribes, Other Backward Classes and Minorities|04|Welfare of Minorities|001|Direction and Administration|0||01|Karnataka State Minorities Commission|||2225-04-001-0-01|Karnataka State Minorities Commission|V|Header|Detailed-Head|||||100.0
51|05|10|2225|Welfare of Scheduled Castes, Scheduled Tribes, Other Backward Classes and Minorities|04|Welfare of Minorities|001|Direction and Administration|0||01|Karnataka State Minorities Commission|101|Grants-in-Aid-Salaries|2225-04-001-0-01|Grants-in-Aid-Salaries|V|Data|Object-Head|51.40|77.50|77.50|81.23|100.0
51|05|10|2225|Welfare of Scheduled Castes, Scheduled Tribes, Other Backward Classes and Minorities|04|Welfare of Minorities|001|Direction and Administration|0||01|Karnataka State Minorities Commission|103|Grants-in-Aid -General|2225-04-001-0-01|Grants-in-Aid -General|V|Data|Object-Head|75.00|75.00|75.00|75.00|100.0
51|05|10|2225|Welfare of Scheduled Castes, Scheduled Tribes, Other Backward Classes and Minorities|04|Welfare of Minorities|001|Direction and Administration|0||01|Karnataka State Minorities Commission|115|GIA Contract /Outsource|2225-04-001-0-01|GIA Contract /Outsource|V|Data|Object-Head|75.56|93.21|93.21|93.39|100.0
51|05|10|2225|Welfare of Scheduled Castes, Scheduled Tribes, Other Backward Classes and Minorities|04|Welfare of Minorities|001|Direction and Administration|0||01|Karnataka State Minorities Commission|||2225-04-001-0-01|HOA Total :|V|Total|Detailed-Head|201.96|245.71|245.71|249.62|100.0
51|05|10|2225|Welfare of Scheduled Castes, Scheduled Tribes, Other Backward Classes and Minorities|04|Welfare of Minorities|001|Direction and Administration|0||02|Karnataka State Wakf Board|||2225-04-001-0-02|Karnataka State Wakf Board|V|Header|Detailed-Head|||||100.0
51|05|10|2225|Welfare of Scheduled Castes, Scheduled Tribes, Other Backward Classes and Minorities|04|Welfare of Minorities|001|Direction and Administration|0||02|Karnataka State Wakf Board|101|Grants-in-Aid-Salaries|2225-04-001-0-02|Grants-in-Aid-Salaries|V|Data|Object-Head|998.89|1218.28|1218.28|1247.05|100.0
51|05|10|2225|Welfare of Scheduled Castes, Scheduled Tribes, Other Backward Classes and Minorities|04|Welfare of Minorities|001|Direction and Administration|0||02|Karnataka State Wakf Board|103|Grants-in-Aid -General|2225-04-001-0-02|Grants-in-Aid -General|V|Data|Object-Head|650.00|650.00|750.00|800.00|100.0
51|05|10|2225|Welfare of Scheduled Castes, Scheduled Tribes, Other Backward Classes and Minorities|04|Welfare of Minorities|001|Direction and Administration|0||02|Karnataka State Wakf Board|115|GIA Contract /Outsource|2225-04-001-0-02|GIA Contract /Outsource|V|Data|Object-Head|397.38|412.32|412.32|422.45|100.0
51|05|10|2225|Welfare of Scheduled Castes, Scheduled Tribes, Other Backward Classes and Minorities|04|Welfare of Minorities|001|Direction and Administration|0||02|Karnataka State Wakf Board|118|Grants-in-Aid-Pensions|2225-04-001-0-02|Grants-in-Aid-Pensions|V|Data|Object-Head|426.08|1.00|1.00|1.00|100.0
51|05|10|2225|Welfare of Scheduled Castes, Scheduled Tribes, Other Backward Classes and Minorities|04|Welfare of Minorities|001|Direction and Administration|0||02|Karnataka State Wakf Board|||2225-04-001-0-02|HOA Total :|V|Total|Detailed-Head|2472.35|2281.60|2381.60|2470.50|100.0
51|05|10|2225|Welfare of Scheduled Castes, Scheduled Tribes, Other Backward Classes and Minorities|04|Welfare of Minorities|001|Direction and Administration|0||03|Directorate of Minorities|||2225-04-001-0-03|Directorate of Minorities|V|Header|Detailed-Head|||||100.0
51|05|10|2225|Welfare of Scheduled Castes, Scheduled Tribes, Other Backward Classes and Minorities|04|Welfare of Minorities|001|Direction and Administration|0||03|Directorate of Minorities|002|Basic Pay|2225-04-001-0-03|Basic Pay|V|Data|Object-Head|132.35|291.00|291.00|332.00|100.0
51|05|10|2225|Welfare of Scheduled Castes, Scheduled Tribes, Other Backward Classes and Minorities|04|Welfare of Minorities|001|Direction and Administration|0||03|Directorate of Minorities|003|Basic Pay-Staff|2225-04-001-0-03|Basic Pay-Staff|V|Data|Object-Head|87.39||||100.0
51|05|10|2225|Welfare of Scheduled Castes, Scheduled Tribes, Other Backward Classes and Minorities|04|Welfare of Minorities|001|Direction and Administration|0||03|Directorate of Minorities|004|Interim Relief|2225-04-001-0-03|Interim Relief|V|Data|Object-Head|16.17||||100.0
51|05|10|2225|Welfare of Scheduled Castes, Scheduled Tribes, Other Backward Classes and Minorities|04|Welfare of Minorities|001|Direction and Administration|0||03|Directorate of Minorities|011|Dearness Allowance|2225-04-001-0-03|Dearness Allowance|V|Data|Object-Head|55.41|64.00|64.00|83.00|100.0
51|05|10|2225|Welfare of Scheduled Castes, Scheduled Tribes, Other Backward Classes and Minorities|04|Welfare of Minorities|001|Direction and Administration|0||03|Directorate of Minorities|014|Other Allowance|2225-04-001-0-03|Other Allowance|V|Data|Object-Head|52.77|65.00|65.00|71.00|100.0
51|05|10|2225|Welfare of Scheduled Castes, Scheduled Tribes, Other Backward Classes and Minorities|04|Welfare of Minorities|001|Direction and Administration|0||03|Directorate of Minorities|015|Subsidiary Expenses|2225-04-001-0-03|Subsidiary Expenses|V|Data|Object-Head|4.31|4.38|4.38|4.50|100.0
51|05|10|2225|Welfare of Scheduled Castes, Scheduled Tribes, Other Backward Classes and Minorities|04|Welfare of Minorities|001|Direction and Administration|0||03|Directorate of Minorities|020|Medical Allowance|2225-04-001-0-03|Medical Allowance|V|Data|Object-Head|0.78||||100.0
51|05|10|2225|Welfare of Scheduled Castes, Scheduled Tribes, Other Backward Classes and Minorities|04|Welfare of Minorities|001|Direction and Administration|0||03|Directorate of Minorities|021|Reimbursement of Medical Expenses|2225-04-001-0-03|Reimbursement of Medical Expenses|V|Data|Object-Head|1.02|15.00|15.00|15.00|100.0
51|05|10|2225|Welfare of Scheduled Castes, Scheduled Tribes, Other Backward Classes and Minorities|04|Welfare of Minorities|001|Direction and Administration|0||03|Directorate of Minorities|034|Contract/Outsource|2225-04-001-0-03|Contract/Outsource|V|Data|Object-Head|1036.37|1062.60|1062.60|1099.88|100.0
51|05|10|2225|Welfare of Scheduled Castes, Scheduled Tribes, Other Backward Classes and Minorities|04|Welfare of Minorities|001|Direction and Administration|0||03|Directorate of Minorities|035|Salary of Board/Corp.Staff working in State Government|2225-04-001-0-03|Salary of Board/Corp.Staff working in State Government|V|Data|Object-Head|33.35|8.06|8.06|9.00|100.0
51|05|10|2225|Welfare of Scheduled Castes, Scheduled Tribes, Other Backward Classes and Minorities|04|Welfare of Minorities|001|Direction and Administration|0||03|Directorate of Minorities|041|Travel Expenses|2225-04-001-0-03|Travel Expenses|V|Data|Object-Head|1.36|2.00|2.00|2.00|100.0
51|05|10|2225|Welfare of Scheduled Castes, Scheduled Tribes, Other Backward Classes and Minorities|04|Welfare of Minorities|001|Direction and Administration|0||03|Directorate of Minorities|050|Office Expenses|2225-04-001-0-03|Office Expenses|V|Data|Object-Head|109.66|124.00|124.00|130.00|100.0
51|05|10|2225|Welfare of Scheduled Castes, Scheduled Tribes, Other Backward Classes and Minorities|04|Welfare of Minorities|001|Direction and Administration|0||03|Directorate of Minorities|051|General Expenses|2225-04-001-0-03|General Expenses|V|Data|Object-Head|159.96|166.00|166.00|170.00|100.0
51|05|10|2225|Welfare of Scheduled Castes, Scheduled Tribes, Other Backward Classes and Minorities|04|Welfare of Minorities|001|Direction and Administration|0||03|Directorate of Minorities|052|Telephone Charges|2225-04-001-0-03|Telephone Charges|V|Data|Object-Head|2.57||||100.0
51|05|10|2225|Welfare of Scheduled Castes, Scheduled Tribes, Other Backward Classes and Minorities|04|Welfare of Minorities|001|Direction and Administration|0||03|Directorate of Minorities|053|Purchase of Furniture and Fixture for Office|2225-04-001-0-03|Purchase of Furniture and Fixture for Office|V|Data|Object-Head|10.00||||100.0
51|05|10|2225|Welfare of Scheduled Castes, Scheduled Tribes, Other Backward Classes and Minorities|04|Welfare of Minorities|001|Direction and Administration|0||03|Directorate of Minorities|071|Building Expenses|2225-04-001-0-03|Building Expenses|V|Data|Object-Head|27.87|50.00|50.00|25.00|100.0
51|05|10|2225|Welfare of Scheduled Castes, Scheduled Tribes, Other Backward Classes and Minorities|04|Welfare of Minorities|001|Direction and Administration|0||03|Directorate of Minorities|195|Transport Expenses|2225-04-001-0-03|Transport Expenses|V|Data|Object-Head|18.93|18.93|18.93|69.04|100.0
51|05|10|2225|Welfare of Scheduled Castes, Scheduled Tribes, Other Backward Classes and Minorities|04|Welfare of Minorities|001|Direction and Administration|0||03|Directorate of Minorities|||2225-04-001-0-03|HOA Total :|V|Total|Detailed-Head|1750.27|1870.97|1870.97|2010.42|100.0
51|05|10|2225|Welfare of Scheduled Castes, Scheduled Tribes, Other Backward Classes and Minorities|04|Welfare of Minorities|001|Direction and Administration|0||50|Vacant Post Provision|||2225-04-001-0-50|Vacant Post Provision|V|Header|Detailed-Head|||||100.0
51|05|10|2225|Welfare of Scheduled Castes, Scheduled Tribes, Other Backward Classes and Minorities|04|Welfare of Minorities|001|Direction and Administration|0||50|Vacant Post Provision|014|Other Allowance|2225-04-001-0-50|Other Allowance|V|Data|Object-Head||14205.98|14205.98|23307.98|100.0
51|05|10|2225|Welfare of Scheduled Castes, Scheduled Tribes, Other Backward Classes and Minorities|04|Welfare of Minorities|001|Direction and Administration|0||50|Vacant Post Provision|||2225-04-001-0-50|HOA Total :|V|Total|Detailed-Head|0.00|14205.98|14205.98|23307.98|100.0
51|05|10|2225|Welfare of Scheduled Castes, Scheduled Tribes, Other Backward Classes and Minorities|04|Welfare of Minorities|102|Minorities Development Corporation|||||||2225-04-102|Minorities Development Corporation|V|Header|Minor-Head|||||
51|05|10|2225|Welfare of Scheduled Castes, Scheduled Tribes, Other Backward Classes and Minorities|04|Welfare of Minorities|102|Minorities Development Corporation|0||||||2225-04-102-0||V|Header|Sub-Head|||||
51|05|10|2225|Welfare of Scheduled Castes, Scheduled Tribes, Other Backward Classes and Minorities|04|Welfare of Minorities|102|Minorities Development Corporation|0||01|Minorities Development Corporation|||2225-04-102-0-01|Minorities Development Corporation|V|Header|Detailed-Head|||||100.0
51|05|10|2225|Welfare of Scheduled Castes, Scheduled Tribes, Other Backward Classes and Minorities|04|Welfare of Minorities|102|Minorities Development Corporation|0||01|Minorities Development Corporation|103|Grants-in-Aid -General|2225-04-102-0-01|Grants-in-Aid -General|V|Data|Object-Head|14205.00|15050.00|15050.00|16555.00|100.0
51|05|10|2225|Welfare of Scheduled Castes, Scheduled Tribes, Other Backward Classes and Minorities|04|Welfare of Minorities|102|Minorities Development Corporation|0||01|Minorities Development Corporation|||2225-04-102-0-01|HOA Total :|V|Total|Detailed-Head|14205.00|15050.00|15050.00|16555.00|100.0
51|05|10|2225|Welfare of Scheduled Castes, Scheduled Tribes, Other Backward Classes and Minorities|04|Welfare of Minorities|102|Minorities Development Corporation|0||02|CSS-Central Share-Pradhan Mantri Jana Vikas Program|||2225-04-102-0-02|CSS-Central Share-Pradhan Mantri Jana Vikas Program|V|Header|Detailed-Head|||||100.0
51|05|10|2225|Welfare of Scheduled Castes, Scheduled Tribes, Other Backward Classes and Minorities|04|Welfare of Minorities|102|Minorities Development Corporation|0||02|CSS-Central Share-Pradhan Mantri Jana Vikas Program|059|Other Expenses|2225-04-102-0-02|Other Expenses|V|Data|Object-Head|10200.00|6500.00||6500.00|100.0
51|05|10|2225|Welfare of Scheduled Castes, Scheduled Tribes, Other Backward Classes and Minorities|04|Welfare of Minorities|102|Minorities Development Corporation|0||02|CSS-Central Share-Pradhan Mantri Jana Vikas Program|||2225-04-102-0-02|HOA Total :|V|Total|Detailed-Head|10200.00|6500.00|0.00|6500.00|100.0
51|05|10|2225|Welfare of Scheduled Castes, Scheduled Tribes, Other Backward Classes and Minorities|04|Welfare of Minorities|102|Minorities Development Corporation|0||03|Protection of Wakf Property in Karnataka State|||2225-04-102-0-03|Protection of Wakf Property in Karnataka State|V|Header|Detailed-Head|||||100.0
51|05|10|2225|Welfare of Scheduled Castes, Scheduled Tribes, Other Backward Classes and Minorities|04|Welfare of Minorities|102|Minorities Development Corporation|0||03|Protection of Wakf Property in Karnataka State|059|Other Expenses|2225-04-102-0-03|Other Expenses|V|Data|Object-Head|5000.00|15000.00|15000.00|15000.00|100.0
51|05|10|2225|Welfare of Scheduled Castes, Scheduled Tribes, Other Backward Classes and Minorities|04|Welfare of Minorities|102|Minorities Development Corporation|0||03|Protection of Wakf Property in Karnataka State|||2225-04-102-0-03|HOA Total :|V|Total|Detailed-Head|5000.00|15000.00|15000.00|15000.00|100.0
53|05|10|2225|Welfare of Scheduled Castes, Scheduled Tribes, Other Backward Classes and Minorities|04|Welfare of Minorities|102|Minorities Development Corporation|0||04|Karnataka Christian Development Corporation|||2225-04-102-0-04|Karnataka Christian Development Corporation|V|Header|Detailed-Head|||||100.0
53|05|10|2225|Welfare of Scheduled Castes, Scheduled Tribes, Other Backward Classes and Minorities|04|Welfare of Minorities|102|Minorities Development Corporation|0||04|Karnataka Christian Development Corporation|059|Other Expenses|2225-04-102-0-04|Other Expenses|V|Data|Object-Head|8499.99|8500.00|8500.00|9350.00|100.0
53|05|10|2225|Welfare of Scheduled Castes, Scheduled Tribes, Other Backward Classes and Minorities|04|Welfare of Minorities|102|Minorities Development Corporation|0||04|Karnataka Christian Development Corporation|||2225-04-102-0-04|HOA Total :|V|Total|Detailed-Head|8499.99|8500.00|8500.00|9350.00|100.0
53|05|10|2225|Welfare of Scheduled Castes, Scheduled Tribes, Other Backward Classes and Minorities|04|Welfare of Minorities|102|Minorities Development Corporation|0||05|Development of Jain, Buddist and Sikh Community|||2225-04-102-0-05|Development of Jain, Buddist and Sikh Community|V|Header|Detailed-Head|||||100.0
53|05|10|2225|Welfare of Scheduled Castes, Scheduled Tribes, Other Backward Classes and Minorities|04|Welfare of Minorities|102|Minorities Development Corporation|0||05|Development of Jain, Buddist and Sikh Community|015|Subsidiary Expenses|2225-04-102-0-05|Subsidiary Expenses|V|Data|Object-Head||1080.00|1080.00|1000.00|100.0
53|05|10|2225|Welfare of Scheduled Castes, Scheduled Tribes, Other Backward Classes and Minorities|04|Welfare of Minorities|102|Minorities Development Corporation|0||05|Development of Jain, Buddist and Sikh Community|103|Grants-in-Aid -General|2225-04-102-0-05|Grants-in-Aid -General|V|Data|Object-Head|3497.94|4004.80|4004.80|4000.00|100.0
53|05|10|2225|Welfare of Scheduled Castes, Scheduled Tribes, Other Backward Classes and Minorities|04|Welfare of Minorities|102|Minorities Development Corporation|0||05|Development of Jain, Buddist and Sikh Community|117|Scholarships & Incentives|2225-04-102-0-05|Scholarships & Incentives|V|Data|Object-Head|497.14|500.00|500.00|500.00|100.0
53|05|10|2225|Welfare of Scheduled Castes, Scheduled Tribes, Other Backward Classes and Minorities|04|Welfare of Minorities|102|Minorities Development Corporation|0||05|Development of Jain, Buddist and Sikh Community|||2225-04-102-0-05|HOA Total :|V|Total|Detailed-Head|3995.08|5584.80|5584.80|5500.00|100.0
53|05|10|2225|Welfare of Scheduled Castes, Scheduled Tribes, Other Backward Classes and Minorities|04|Welfare of Minorities|102|Minorities Development Corporation|0||08|CSS-State Share-Pradhan Mantri Jana Vikas Program|||2225-04-102-0-08|CSS-State Share-Pradhan Mantri Jana Vikas Program|V|Header|Detailed-Head|||||100.0
53|05|10|2225|Welfare of Scheduled Castes, Scheduled Tribes, Other Backward Classes and Minorities|04|Welfare of Minorities|102|Minorities Development Corporation|0||08|CSS-State Share-Pradhan Mantri Jana Vikas Program|059|Other Expenses|2225-04-102-0-08|Other Expenses|V|Data|Object-Head|6800.00|6500.00||6500.00|100.0
53|05|10|2225|Welfare of Scheduled Castes, Scheduled Tribes, Other Backward Classes and Minorities|04|Welfare of Minorities|102|Minorities Development Corporation|0||08|CSS-State Share-Pradhan Mantri Jana Vikas Program|||2225-04-102-0-08|HOA Total :|V|Total|Detailed-Head|6800.00|6500.00|0.00|6500.00|100.0
53|05|10|2225|Welfare of Scheduled Castes, Scheduled Tribes, Other Backward Classes and Minorities|04|Welfare of Minorities|102|Minorities Development Corporation|0||09|Annual allowance and Tasdik to Minority Religious Institutions|||2225-04-102-0-09|Annual allowance and Tasdik to Minority Religious Institutions|V|Header|Detailed-Head|||||100.0
53|05|10|2225|Welfare of Scheduled Castes, Scheduled Tribes, Other Backward Classes and Minorities|04|Welfare of Minorities|102|Minorities Development Corporation|0||09|Annual allowance and Tasdik to Minority Religious Institutions|100|Financial Assistance/Relief|2225-04-102-0-09|Financial Assistance/Relief|V|Data|Object-Head|520.80|520.80|520.80|520.80|100.0
53|05|10|2225|Welfare of Scheduled Castes, Scheduled Tribes, Other Backward Classes and Minorities|04|Welfare of Minorities|102|Minorities Development Corporation|0||09|Annual allowance and Tasdik to Minority Religious Institutions|||2225-04-102-0-09|HOA Total :|V|Total|Detailed-Head|520.80|520.80|520.80|520.80|100.0
53|05|10|2225|Welfare of Scheduled Castes, Scheduled Tribes, Other Backward Classes and Minorities|04|Welfare of Minorities|102|Minorities Development Corporation|0||10|Various Development Programme for Minorties|||2225-04-102-0-10|Various Development Programme for Minorties|V|Header|Detailed-Head|||||100.0
53|05|10|2225|Welfare of Scheduled Castes, Scheduled Tribes, Other Backward Classes and Minorities|04|Welfare of Minorities|102|Minorities Development Corporation|0||10|Various Development Programme for Minorties|059|Other Expenses|2225-04-102-0-10|Other Expenses|V|Data|Object-Head|16569.52|20000.00|19900.00|20000.00|100.0
53|05|10|2225|Welfare of Scheduled Castes, Scheduled Tribes, Other Backward Classes and Minorities|04|Welfare of Minorities|102|Minorities Development Corporation|0||10|Various Development Programme for Minorties|||2225-04-102-0-10|HOA Total :|V|Total|Detailed-Head|16569.52|20000.00|19900.00|20000.00|100.0
54|05|10|2225|Welfare of Scheduled Castes, Scheduled Tribes, Other Backward Classes and Minorities|04|Welfare of Minorities|102|Minorities Development Corporation|0||11|Remunerations to Pesh Imams & Mouzan of Wakf Institutions|||2225-04-102-0-11|Remunerations to Pesh Imams & Mouzan of Wakf Institutions|V|Header|Detailed-Head|||||100.0
54|05|10|2225|Welfare of Scheduled Castes, Scheduled Tribes, Other Backward Classes and Minorities|04|Welfare of Minorities|102|Minorities Development Corporation|0||11|Remunerations to Pesh Imams & Mouzan of Wakf Institutions|015|Subsidiary Expenses|2225-04-102-0-11|Subsidiary Expenses|V|Data|Object-Head|8368.00|10008.36|10008.36|10008.36|100.0
54|05|10|2225|Welfare of Scheduled Castes, Scheduled Tribes, Other Backward Classes and Minorities|04|Welfare of Minorities|102|Minorities Development Corporation|0||11|Remunerations to Pesh Imams & Mouzan of Wakf Institutions|||2225-04-102-0-11|HOA Total :|V|Total|Detailed-Head|8368.00|10008.36|10008.36|10008.36|100.0
54|05|10|2225|Welfare of Scheduled Castes, Scheduled Tribes, Other Backward Classes and Minorities|04|Welfare of Minorities|102|Minorities Development Corporation|0||13|Post Matric Hostels for Minorities|||2225-04-102-0-13|Post Matric Hostels for Minorities|V|Header|Detailed-Head|||||100.0
54|05|10|2225|Welfare of Scheduled Castes, Scheduled Tribes, Other Backward Classes and Minorities|04|Welfare of Minorities|102|Minorities Development Corporation|0||13|Post Matric Hostels for Minorities|059|Other Expenses|2225-04-102-0-13|Other Expenses|V|Data|Object-Head|2549.82|5000.00|5000.00|2500.00|100.0
54|05|10|2225|Welfare of Scheduled Castes, Scheduled Tribes, Other Backward Classes and Minorities|04|Welfare of Minorities|102|Minorities Development Corporation|0||13|Post Matric Hostels for Minorities|||2225-04-102-0-13|HOA Total :|V|Total|Detailed-Head|2549.82|5000.00|5000.00|2500.00|100.0
54|05|10|2225|Welfare of Scheduled Castes, Scheduled Tribes, Other Backward Classes and Minorities|04|Welfare of Minorities|196||1||01|Grants for Maintenance of Minorities Hostels|||2225-04-196-1-01|Grants for Maintenance of Minorities Hostels|V|Header|Detailed-Head|||||100.0
54|05|10|2225|Welfare of Scheduled Castes, Scheduled Tribes, Other Backward Classes and Minorities|04|Welfare of Minorities|196||1||01|Grants for Maintenance of Minorities Hostels|300|Lumpsum - ZP|2225-04-196-1-01|Lumpsum - ZP|V|Data|Object-Head|143.01|2000.00|2000.00|39000.00|100.0
54|05|10|2225|Welfare of Scheduled Castes, Scheduled Tribes, Other Backward Classes and Minorities|04|Welfare of Minorities|196||1||01|Grants for Maintenance of Minorities Hostels|401|Bengaluru (Urban)|2225-04-196-1-01|Bengaluru (Urban)|V|Data|Object-Head|789.04|1156.99|1156.99|1258.90|100.0
54|05|10|2225|Welfare of Scheduled Castes, Scheduled Tribes, Other Backward Classes and Minorities|04|Welfare of Minorities|196||1||01|Grants for Maintenance of Minorities Hostels|402|Bengaluru (Rural)|2225-04-196-1-01|Bengaluru (Rural)|V|Data|Object-Head|148.67|170.63|170.63|130.61|100.0
54|05|10|2225|Welfare of Scheduled Castes, Scheduled Tribes, Other Backward Classes and Minorities|04|Welfare of Minorities|196||1||01|Grants for Maintenance of Minorities Hostels|403|Chitradurga|2225-04-196-1-01|Chitradurga|V|Data|Object-Head|308.18|363.70|363.70|351.34|100.0
54|05|10|2225|Welfare of Scheduled Castes, Scheduled Tribes, Other Backward Classes and Minorities|04|Welfare of Minorities|196||1||01|Grants for Maintenance of Minorities Hostels|404|Kolar|2225-04-196-1-01|Kolar|V|Data|Object-Head|244.69|297.05|297.05|280.95|100.0
54|05|10|2225|Welfare of Scheduled Castes, Scheduled Tribes, Other Backward Classes and Minorities|04|Welfare of Minorities|196||1||01|Grants for Maintenance of Minorities Hostels|405|Shivamogga|2225-04-196-1-01|Shivamogga|V|Data|Object-Head|510.87|496.08|496.08|484.13|100.0
54|05|10|2225|Welfare of Scheduled Castes, Scheduled Tribes, Other Backward Classes and Minorities|04|Welfare of Minorities|196||1||01|Grants for Maintenance of Minorities Hostels|406|Tumakuru|2225-04-196-1-01|Tumakuru|V|Data|Object-Head|821.93|753.43|753.43|763.21|100.0
54|05|10|2225|Welfare of Scheduled Castes, Scheduled Tribes, Other Backward Classes and Minorities|04|Welfare of Minorities|196||1||01|Grants for Maintenance of Minorities Hostels|407|Mysuru|2225-04-196-1-01|Mysuru|V|Data|Object-Head|589.55|689.35|689.35|626.64|100.0
54|05|10|2225|Welfare of Scheduled Castes, Scheduled Tribes, Other Backward Classes and Minorities|04|Welfare of Minorities|196||1||01|Grants for Maintenance of Minorities Hostels|408|Chikkamagaluru|2225-04-196-1-01|Chikkamagaluru|V|Data|Object-Head|173.00|182.29|182.29|182.60|100.0
54|05|10|2225|Welfare of Scheduled Castes, Scheduled Tribes, Other Backward Classes and Minorities|04|Welfare of Minorities|196||1||01|Grants for Maintenance of Minorities Hostels|409|Dakshina Kannada|2225-04-196-1-01|Dakshina Kannada|V|Data|Object-Head|388.63|606.74|606.74|557.15|100.0
54|05|10|2225|Welfare of Scheduled Castes, Scheduled Tribes, Other Backward Classes and Minorities|04|Welfare of Minorities|196||1||01|Grants for Maintenance of Minorities Hostels|410|Hassan|2225-04-196-1-01|Hassan|V|Data|Object-Head|398.56|398.46|398.46|429.14|100.0
54|05|10|2225|Welfare of Scheduled Castes, Scheduled Tribes, Other Backward Classes and Minorities|04|Welfare of Minorities|196||1||01|Grants for Maintenance of Minorities Hostels|411|Kodagu|2225-04-196-1-01|Kodagu|V|Data|Object-Head|120.69|165.72|165.72|121.27|100.0
54|05|10|2225|Welfare of Scheduled Castes, Scheduled Tribes, Other Backward Classes and Minorities|04|Welfare of Minorities|196||1||01|Grants for Maintenance of Minorities Hostels|412|Mandya|2225-04-196-1-01|Mandya|V|Data|Object-Head|208.23|285.88|285.88|205.86|100.0
54|05|10|2225|Welfare of Scheduled Castes, Scheduled Tribes, Other Backward Classes and Minorities|04|Welfare of Minorities|196||1||01|Grants for Maintenance of Minorities Hostels|413|Belagavi|2225-04-196-1-01|Belagavi|V|Data|Object-Head|600.47|824.22|824.22|773.00|100.0
54|05|10|2225|Welfare of Scheduled Castes, Scheduled Tribes, Other Backward Classes and Minorities|04|Welfare of Minorities|196||1||01|Grants for Maintenance of Minorities Hostels|414|Vijayapura|2225-04-196-1-01|Vijayapura|V|Data|Object-Head|536.11|652.43|652.43|622.98|100.0
54|05|10|2225|Welfare of Scheduled Castes, Scheduled Tribes, Other Backward Classes and Minorities|04|Welfare of Minorities|196||1||01|Grants for Maintenance of Minorities Hostels|415|Dharwad|2225-04-196-1-01|Dharwad|V|Data|Object-Head|413.36|700.87|700.87|703.70|100.0
54|05|10|2225|Welfare of Scheduled Castes, Scheduled Tribes, Other Backward Classes and Minorities|04|Welfare of Minorities|196||1||01|Grants for Maintenance of Minorities Hostels|416|Uttara Kannada|2225-04-196-1-01|Uttara Kannada|V|Data|Object-Head|220.83|197.68|197.68|112.06|100.0
54|05|10|2225|Welfare of Scheduled Castes, Scheduled Tribes, Other Backward Classes and Minorities|04|Welfare of Minorities|196||1||01|Grants for Maintenance of Minorities Hostels|417|Kalaburagi|2225-04-196-1-01|Kalaburagi|V|Data|Object-Head|1847.65|1703.77|1703.77|1819.80|100.0
55|05|10|2225|Welfare of Scheduled Castes, Scheduled Tribes, Other Backward Classes and Minorities|04|Welfare of Minorities|196||1||01|Grants for Maintenance of Minorities Hostels|418|Ballari|2225-04-196-1-01|Ballari|V|Data|Object-Head|332.61|390.85|390.85|380.27|100.0
55|05|10|2225|Welfare of Scheduled Castes, Scheduled Tribes, Other Backward Classes and Minorities|04|Welfare of Minorities|196||1||01|Grants for Maintenance of Minorities Hostels|419|Bidar|2225-04-196-1-01|Bidar|V|Data|Object-Head|623.26|678.86|678.86|670.93|100.0
55|05|10|2225|Welfare of Scheduled Castes, Scheduled Tribes, Other Backward Classes and Minorities|04|Welfare of Minorities|196||1||01|Grants for Maintenance of Minorities Hostels|420|Raichur|2225-04-196-1-01|Raichur|V|Data|Object-Head|516.69|598.28|598.28|629.05|100.0
55|05|10|2225|Welfare of Scheduled Castes, Scheduled Tribes, Other Backward Classes and Minorities|04|Welfare of Minorities|196||1||01|Grants for Maintenance of Minorities Hostels|421|Yadgiri|2225-04-196-1-01|Yadgiri|V|Data|Object-Head|398.57|415.52|415.52|423.79|100.0
55|05|10|2225|Welfare of Scheduled Castes, Scheduled Tribes, Other Backward Classes and Minorities|04|Welfare of Minorities|196||1||01|Grants for Maintenance of Minorities Hostels|451|Davanagere|2225-04-196-1-01|Davanagere|V|Data|Object-Head|331.21|420.69|420.69|420.73|100.0
55|05|10|2225|Welfare of Scheduled Castes, Scheduled Tribes, Other Backward Classes and Minorities|04|Welfare of Minorities|196||1||01|Grants for Maintenance of Minorities Hostels|452|Bengaluru South|2225-04-196-1-01|Bengaluru South|V|Data|Object-Head|262.12|269.88|269.88|240.02|100.0
55|05|10|2225|Welfare of Scheduled Castes, Scheduled Tribes, Other Backward Classes and Minorities|04|Welfare of Minorities|196||1||01|Grants for Maintenance of Minorities Hostels|453|Chikkaballapura|2225-04-196-1-01|Chikkaballapura|V|Data|Object-Head|254.47|228.68|228.68|191.65|100.0
55|05|10|2225|Welfare of Scheduled Castes, Scheduled Tribes, Other Backward Classes and Minorities|04|Welfare of Minorities|196||1||01|Grants for Maintenance of Minorities Hostels|456|Chamarajanagar|2225-04-196-1-01|Chamarajanagar|V|Data|Object-Head|145.44|155.83|155.83|109.03|100.0
55|05|10|2225|Welfare of Scheduled Castes, Scheduled Tribes, Other Backward Classes and Minorities|04|Welfare of Minorities|196||1||01|Grants for Maintenance of Minorities Hostels|457|Udupi|2225-04-196-1-01|Udupi|V|Data|Object-Head|133.18|195.84|195.84|145.45|100.0
55|05|10|2225|Welfare of Scheduled Castes, Scheduled Tribes, Other Backward Classes and Minorities|04|Welfare of Minorities|196||1||01|Grants for Maintenance of Minorities Hostels|461|Bagalkot|2225-04-196-1-01|Bagalkot|V|Data|Object-Head|646.55|691.54|691.54|763.40|100.0
55|05|10|2225|Welfare of Scheduled Castes, Scheduled Tribes, Other Backward Classes and Minorities|04|Welfare of Minorities|196||1||01|Grants for Maintenance of Minorities Hostels|462|Gadag|2225-04-196-1-01|Gadag|V|Data|Object-Head|302.71|357.54|357.54|371.78|100.0
55|05|10|2225|Welfare of Scheduled Castes, Scheduled Tribes, Other Backward Classes and Minorities|04|Welfare of Minorities|196||1||01|Grants for Maintenance of Minorities Hostels|463|Haveri|2225-04-196-1-01|Haveri|V|Data|Object-Head|404.33|426.58|426.58|430.14|100.0
55|05|10|2225|Welfare of Scheduled Castes, Scheduled Tribes, Other Backward Classes and Minorities|04|Welfare of Minorities|196||1||01|Grants for Maintenance of Minorities Hostels|466|Koppal|2225-04-196-1-01|Koppal|V|Data|Object-Head|577.49|592.47|592.47|619.44|100.0
55|05|10|2225|Welfare of Scheduled Castes, Scheduled Tribes, Other Backward Classes and Minorities|04|Welfare of Minorities|196||1||01|Grants for Maintenance of Minorities Hostels|467|Vijayanagara|2225-04-196-1-01|Vijayanagara|V|Data|Object-Head|370.54|409.76|409.76|417.06|100.0
55|05|10|2225|Welfare of Scheduled Castes, Scheduled Tribes, Other Backward Classes and Minorities|04|Welfare of Minorities|196||1||01|Grants for Maintenance of Minorities Hostels||||HOA Total :|V|Total|Detailed-Head|13762.64|17477.61|17477.61|54236.08|100.0
55|05|10|2225|Welfare of Scheduled Castes, Scheduled Tribes, Other Backward Classes and Minorities|04|Welfare of Minorities|196||1||02|Incentive and Stipends to Minorities|||2225-04-196-1-02|Incentive and Stipends to Minorities|V|Header|Detailed-Head|||||100.0
55|05|10|2225|Welfare of Scheduled Castes, Scheduled Tribes, Other Backward Classes and Minorities|04|Welfare of Minorities|196||1||02|Incentive and Stipends to Minorities|300|Lumpsum - ZP|2225-04-196-1-02|Lumpsum - ZP|V|Data|Object-Head||||150.00|100.0
55|05|10|2225|Welfare of Scheduled Castes, Scheduled Tribes, Other Backward Classes and Minorities|04|Welfare of Minorities|196||1||02|Incentive and Stipends to Minorities|401|Bengaluru (Urban)|2225-04-196-1-02|Bengaluru (Urban)|V|Data|Object-Head||||40.93|100.0
55|05|10|2225|Welfare of Scheduled Castes, Scheduled Tribes, Other Backward Classes and Minorities|04|Welfare of Minorities|196||1||02|Incentive and Stipends to Minorities|402|Bengaluru (Rural)|2225-04-196-1-02|Bengaluru (Rural)|V|Data|Object-Head||||17.88|100.0
55|05|10|2225|Welfare of Scheduled Castes, Scheduled Tribes, Other Backward Classes and Minorities|04|Welfare of Minorities|196||1||02|Incentive and Stipends to Minorities|403|Chitradurga|2225-04-196-1-02|Chitradurga|V|Data|Object-Head||||20.93|100.0
55|05|10|2225|Welfare of Scheduled Castes, Scheduled Tribes, Other Backward Classes and Minorities|04|Welfare of Minorities|196||1||02|Incentive and Stipends to Minorities|404|Kolar|2225-04-196-1-02|Kolar|V|Data|Object-Head||||23.18|100.0
55|05|10|2225|Welfare of Scheduled Castes, Scheduled Tribes, Other Backward Classes and Minorities|04|Welfare of Minorities|196||1||02|Incentive and Stipends to Minorities|405|Shivamogga|2225-04-196-1-02|Shivamogga|V|Data|Object-Head||||37.93|100.0
55|05|10|2225|Welfare of Scheduled Castes, Scheduled Tribes, Other Backward Classes and Minorities|04|Welfare of Minorities|196||1||02|Incentive and Stipends to Minorities|406|Tumakuru|2225-04-196-1-02|Tumakuru|V|Data|Object-Head||||44.37|100.0
55|05|10|2225|Welfare of Scheduled Castes, Scheduled Tribes, Other Backward Classes and Minorities|04|Welfare of Minorities|196||1||02|Incentive and Stipends to Minorities|407|Mysuru|2225-04-196-1-02|Mysuru|V|Data|Object-Head||||53.98|100.0
55|05|10|2225|Welfare of Scheduled Castes, Scheduled Tribes, Other Backward Classes and Minorities|04|Welfare of Minorities|196||1||02|Incentive and Stipends to Minorities|408|Chikkamagaluru|2225-04-196-1-02|Chikkamagaluru|V|Data|Object-Head||||19.71|100.0
55|05|10|2225|Welfare of Scheduled Castes, Scheduled Tribes, Other Backward Classes and Minorities|04|Welfare of Minorities|196||1||02|Incentive and Stipends to Minorities|409|Dakshina Kannada|2225-04-196-1-02|Dakshina Kannada|V|Data|Object-Head||||20.44|100.0
55|05|10|2225|Welfare of Scheduled Castes, Scheduled Tribes, Other Backward Classes and Minorities|04|Welfare of Minorities|196||1||02|Incentive and Stipends to Minorities|410|Hassan|2225-04-196-1-02|Hassan|V|Data|Object-Head||||23.60|100.0
55|05|10|2225|Welfare of Scheduled Castes, Scheduled Tribes, Other Backward Classes and Minorities|04|Welfare of Minorities|196||1||02|Incentive and Stipends to Minorities|411|Kodagu|2225-04-196-1-02|Kodagu|V|Data|Object-Head||||11.25|100.0
55|05|10|2225|Welfare of Scheduled Castes, Scheduled Tribes, Other Backward Classes and Minorities|04|Welfare of Minorities|196||1||02|Incentive and Stipends to Minorities|412|Mandya|2225-04-196-1-02|Mandya|V|Data|Object-Head||||16.85|100.0
56|05|10|2225|Welfare of Scheduled Castes, Scheduled Tribes, Other Backward Classes and Minorities|04|Welfare of Minorities|196||1||02|Incentive and Stipends to Minorities|413|Belagavi|2225-04-196-1-02|Belagavi|V|Data|Object-Head||||19.44|100.0
56|05|10|2225|Welfare of Scheduled Castes, Scheduled Tribes, Other Backward Classes and Minorities|04|Welfare of Minorities|196||1||02|Incentive and Stipends to Minorities|414|Vijayapura|2225-04-196-1-02|Vijayapura|V|Data|Object-Head||||34.88|100.0
56|05|10|2225|Welfare of Scheduled Castes, Scheduled Tribes, Other Backward Classes and Minorities|04|Welfare of Minorities|196||1||02|Incentive and Stipends to Minorities|415|Dharwad|2225-04-196-1-02|Dharwad|V|Data|Object-Head||||21.50|100.0
56|05|10|2225|Welfare of Scheduled Castes, Scheduled Tribes, Other Backward Classes and Minorities|04|Welfare of Minorities|196||1||02|Incentive and Stipends to Minorities|416|Uttara Kannada|2225-04-196-1-02|Uttara Kannada|V|Data|Object-Head||||42.13|100.0
56|05|10|2225|Welfare of Scheduled Castes, Scheduled Tribes, Other Backward Classes and Minorities|04|Welfare of Minorities|196||1||02|Incentive and Stipends to Minorities|417|Kalaburagi|2225-04-196-1-02|Kalaburagi|V|Data|Object-Head||||45.21|100.0
56|05|10|2225|Welfare of Scheduled Castes, Scheduled Tribes, Other Backward Classes and Minorities|04|Welfare of Minorities|196||1||02|Incentive and Stipends to Minorities|418|Ballari|2225-04-196-1-02|Ballari|V|Data|Object-Head||||31.15|100.0
56|05|10|2225|Welfare of Scheduled Castes, Scheduled Tribes, Other Backward Classes and Minorities|04|Welfare of Minorities|196||1||02|Incentive and Stipends to Minorities|419|Bidar|2225-04-196-1-02|Bidar|V|Data|Object-Head||||52.61|100.0
56|05|10|2225|Welfare of Scheduled Castes, Scheduled Tribes, Other Backward Classes and Minorities|04|Welfare of Minorities|196||1||02|Incentive and Stipends to Minorities|420|Raichur|2225-04-196-1-02|Raichur|V|Data|Object-Head||||34.50|100.0
56|05|10|2225|Welfare of Scheduled Castes, Scheduled Tribes, Other Backward Classes and Minorities|04|Welfare of Minorities|196||1||02|Incentive and Stipends to Minorities|421|Yadgiri|2225-04-196-1-02|Yadgiri|V|Data|Object-Head||||38.60|100.0
56|05|10|2225|Welfare of Scheduled Castes, Scheduled Tribes, Other Backward Classes and Minorities|04|Welfare of Minorities|196||1||02|Incentive and Stipends to Minorities|451|Davanagere|2225-04-196-1-02|Davanagere|V|Data|Object-Head||||26.42|100.0
56|05|10|2225|Welfare of Scheduled Castes, Scheduled Tribes, Other Backward Classes and Minorities|04|Welfare of Minorities|196||1||02|Incentive and Stipends to Minorities|452|Bengaluru South|2225-04-196-1-02|Bengaluru South|V|Data|Object-Head||||21.96|100.0
56|05|10|2225|Welfare of Scheduled Castes, Scheduled Tribes, Other Backward Classes and Minorities|04|Welfare of Minorities|196||1||02|Incentive and Stipends to Minorities|453|Chikkaballapura|2225-04-196-1-02|Chikkaballapura|V|Data|Object-Head||||26.08|100.0
56|05|10|2225|Welfare of Scheduled Castes, Scheduled Tribes, Other Backward Classes and Minorities|04|Welfare of Minorities|196||1||02|Incentive and Stipends to Minorities|456|Chamarajanagar|2225-04-196-1-02|Chamarajanagar|V|Data|Object-Head||||15.08|100.0
56|05|10|2225|Welfare of Scheduled Castes, Scheduled Tribes, Other Backward Classes and Minorities|04|Welfare of Minorities|196||1||02|Incentive and Stipends to Minorities|457|Udupi|2225-04-196-1-02|Udupi|V|Data|Object-Head||||17.61|100.0
56|05|10|2225|Welfare of Scheduled Castes, Scheduled Tribes, Other Backward Classes and Minorities|04|Welfare of Minorities|196||1||02|Incentive and Stipends to Minorities|461|Bagalkot|2225-04-196-1-02|Bagalkot|V|Data|Object-Head||||29.32|100.0
56|05|10|2225|Welfare of Scheduled Castes, Scheduled Tribes, Other Backward Classes and Minorities|04|Welfare of Minorities|196||1||02|Incentive and Stipends to Minorities|462|Gadag|2225-04-196-1-02|Gadag|V|Data|Object-Head||||19.06|100.0
56|05|10|2225|Welfare of Scheduled Castes, Scheduled Tribes, Other Backward Classes and Minorities|04|Welfare of Minorities|196||1||02|Incentive and Stipends to Minorities|463|Haveri|2225-04-196-1-02|Haveri|V|Data|Object-Head||||19.48|100.0
56|05|10|2225|Welfare of Scheduled Castes, Scheduled Tribes, Other Backward Classes and Minorities|04|Welfare of Minorities|196||1||02|Incentive and Stipends to Minorities|466|Koppal|2225-04-196-1-02|Koppal|V|Data|Object-Head||||28.13|100.0
56|05|10|2225|Welfare of Scheduled Castes, Scheduled Tribes, Other Backward Classes and Minorities|04|Welfare of Minorities|196||1||02|Incentive and Stipends to Minorities|467|Vijayanagara|2225-04-196-1-02|Vijayanagara|V|Data|Object-Head||||31.79|100.0
56|05|10|2225|Welfare of Scheduled Castes, Scheduled Tribes, Other Backward Classes and Minorities|04|Welfare of Minorities|196||1||02|Incentive and Stipends to Minorities||||HOA Total :|V|Total|Detailed-Head|0.00|0.00|0.00|1036.00|100.0
56|05|10|2225|Welfare of Scheduled Castes, Scheduled Tribes, Other Backward Classes and Minorities|04|Welfare of Minorities|196||1||03|GIA to Minorities Orphanages|||2225-04-196-1-03|GIA to Minorities Orphanages|V|Header|Detailed-Head|||||100.0
56|05|10|2225|Welfare of Scheduled Castes, Scheduled Tribes, Other Backward Classes and Minorities|04|Welfare of Minorities|196||1||03|GIA to Minorities Orphanages|401|Bengaluru (Urban)|2225-04-196-1-03|Bengaluru (Urban)|V|Data|Object-Head||||57.28|100.0
56|05|10|2225|Welfare of Scheduled Castes, Scheduled Tribes, Other Backward Classes and Minorities|04|Welfare of Minorities|196||1||03|GIA to Minorities Orphanages|405|Shivamogga|2225-04-196-1-03|Shivamogga|V|Data|Object-Head||||12.40|100.0
56|05|10|2225|Welfare of Scheduled Castes, Scheduled Tribes, Other Backward Classes and Minorities|04|Welfare of Minorities|196||1||03|GIA to Minorities Orphanages|406|Tumakuru|2225-04-196-1-03|Tumakuru|V|Data|Object-Head||||3.10|100.0
56|05|10|2225|Welfare of Scheduled Castes, Scheduled Tribes, Other Backward Classes and Minorities|04|Welfare of Minorities|196||1||03|GIA to Minorities Orphanages|407|Mysuru|2225-04-196-1-03|Mysuru|V|Data|Object-Head||||119.00|100.0
56|05|10|2225|Welfare of Scheduled Castes, Scheduled Tribes, Other Backward Classes and Minorities|04|Welfare of Minorities|196||1||03|GIA to Minorities Orphanages|409|Dakshina Kannada|2225-04-196-1-03|Dakshina Kannada|V|Data|Object-Head||||111.54|100.0
56|05|10|2225|Welfare of Scheduled Castes, Scheduled Tribes, Other Backward Classes and Minorities|04|Welfare of Minorities|196||1||03|GIA to Minorities Orphanages|410|Hassan|2225-04-196-1-03|Hassan|V|Data|Object-Head||||12.40|100.0
56|05|10|2225|Welfare of Scheduled Castes, Scheduled Tribes, Other Backward Classes and Minorities|04|Welfare of Minorities|196||1||03|GIA to Minorities Orphanages|412|Mandya|2225-04-196-1-03|Mandya|V|Data|Object-Head||||10.00|100.0
56|05|10|2225|Welfare of Scheduled Castes, Scheduled Tribes, Other Backward Classes and Minorities|04|Welfare of Minorities|196||1||03|GIA to Minorities Orphanages|413|Belagavi|2225-04-196-1-03|Belagavi|V|Data|Object-Head||||58.21|100.0
57|05|10|2225|Welfare of Scheduled Castes, Scheduled Tribes, Other Backward Classes and Minorities|04|Welfare of Minorities|196|Assistance to Zilla Panchayats|1||03|GIA to Minorities Orphanages|414|Vijayapura|2225-04-196-1-03|Vijayapura|V|Data|Object-Head||||23.32|100.0
57|05|10|2225|Welfare of Scheduled Castes, Scheduled Tribes, Other Backward Classes and Minorities|04|Welfare of Minorities|196|Assistance to Zilla Panchayats|1||03|GIA to Minorities Orphanages|416|Uttara Kannada|2225-04-196-1-03|Uttara Kannada|V|Data|Object-Head||||13.33|100.0
57|05|10|2225|Welfare of Scheduled Castes, Scheduled Tribes, Other Backward Classes and Minorities|04|Welfare of Minorities|196|Assistance to Zilla Panchayats|1||03|GIA to Minorities Orphanages|417|Kalaburagi|2225-04-196-1-03|Kalaburagi|V|Data|Object-Head||||9.30|100.0
57|05|10|2225|Welfare of Scheduled Castes, Scheduled Tribes, Other Backward Classes and Minorities|04|Welfare of Minorities|196|Assistance to Zilla Panchayats|1||03|GIA to Minorities Orphanages|418|Ballari|2225-04-196-1-03|Ballari|V|Data|Object-Head||||13.70|100.0
57|05|10|2225|Welfare of Scheduled Castes, Scheduled Tribes, Other Backward Classes and Minorities|04|Welfare of Minorities|196|Assistance to Zilla Panchayats|1||03|GIA to Minorities Orphanages|419|Bidar|2225-04-196-1-03|Bidar|V|Data|Object-Head||||10.85|100.0
57|05|10|2225|Welfare of Scheduled Castes, Scheduled Tribes, Other Backward Classes and Minorities|04|Welfare of Minorities|196|Assistance to Zilla Panchayats|1||03|GIA to Minorities Orphanages|421|Yadgiri|2225-04-196-1-03|Yadgiri|V|Data|Object-Head||||6.82|100.0
57|05|10|2225|Welfare of Scheduled Castes, Scheduled Tribes, Other Backward Classes and Minorities|04|Welfare of Minorities|196|Assistance to Zilla Panchayats|1||03|GIA to Minorities Orphanages|453|Chikkaballapura|2225-04-196-1-03|Chikkaballapura|V|Data|Object-Head||||3.10|100.0
57|05|10|2225|Welfare of Scheduled Castes, Scheduled Tribes, Other Backward Classes and Minorities|04|Welfare of Minorities|196|Assistance to Zilla Panchayats|1||03|GIA to Minorities Orphanages|457|Udupi|2225-04-196-1-03|Udupi|V|Data|Object-Head||||15.75|100.0
57|05|10|2225|Welfare of Scheduled Castes, Scheduled Tribes, Other Backward Classes and Minorities|04|Welfare of Minorities|196|Assistance to Zilla Panchayats|1||03|GIA to Minorities Orphanages|461|Bagalkot|2225-04-196-1-03|Bagalkot|V|Data|Object-Head||||3.10|100.0
57|05|10|2225|Welfare of Scheduled Castes, Scheduled Tribes, Other Backward Classes and Minorities|04|Welfare of Minorities|196|Assistance to Zilla Panchayats|1||03|GIA to Minorities Orphanages|462|Gadag|2225-04-196-1-03|Gadag|V|Data|Object-Head||||7.50|100.0
57|05|10|2225|Welfare of Scheduled Castes, Scheduled Tribes, Other Backward Classes and Minorities|04|Welfare of Minorities|196|Assistance to Zilla Panchayats|1||03|GIA to Minorities Orphanages|467|Vijayanagara|2225-04-196-1-03|Vijayanagara|V|Data|Object-Head||||9.30|100.0
57|05|10|2225|Welfare of Scheduled Castes, Scheduled Tribes, Other Backward Classes and Minorities|04|Welfare of Minorities|196|Assistance to Zilla Panchayats|1||03|GIA to Minorities Orphanages||||HOA Total :|V|Total|Detailed-Head|0.00|0.00|0.00|500.00|100.0
57|05|10|2225|Welfare of Scheduled Castes, Scheduled Tribes, Other Backward Classes and Minorities|04|Welfare of Minorities|196|Assistance to Zilla Panchayats|1||04|Grants to District Minority Welfare Establishments|||2225-04-196-1-04|Grants to District Minority Welfare Establishments|V|Header|Detailed-Head|||||100.0
57|05|10|2225|Welfare of Scheduled Castes, Scheduled Tribes, Other Backward Classes and Minorities|04|Welfare of Minorities|196|Assistance to Zilla Panchayats|1||04|Grants to District Minority Welfare Establishments|401|Bengaluru (Urban)|2225-04-196-1-04|Bengaluru (Urban)|V|Data|Object-Head||||91.11|100.0
57|05|10|2225|Welfare of Scheduled Castes, Scheduled Tribes, Other Backward Classes and Minorities|04|Welfare of Minorities|196|Assistance to Zilla Panchayats|1||04|Grants to District Minority Welfare Establishments|402|Bengaluru (Rural)|2225-04-196-1-04|Bengaluru (Rural)|V|Data|Object-Head||||53.43|100.0
57|05|10|2225|Welfare of Scheduled Castes, Scheduled Tribes, Other Backward Classes and Minorities|04|Welfare of Minorities|196|Assistance to Zilla Panchayats|1||04|Grants to District Minority Welfare Establishments|403|Chitradurga|2225-04-196-1-04|Chitradurga|V|Data|Object-Head||||70.02|100.0
57|05|10|2225|Welfare of Scheduled Castes, Scheduled Tribes, Other Backward Classes and Minorities|04|Welfare of Minorities|196|Assistance to Zilla Panchayats|1||04|Grants to District Minority Welfare Establishments|404|Kolar|2225-04-196-1-04|Kolar|V|Data|Object-Head||||61.62|100.0
57|05|10|2225|Welfare of Scheduled Castes, Scheduled Tribes, Other Backward Classes and Minorities|04|Welfare of Minorities|196|Assistance to Zilla Panchayats|1||04|Grants to District Minority Welfare Establishments|405|Shivamogga|2225-04-196-1-04|Shivamogga|V|Data|Object-Head||||84.06|100.0
57|05|10|2225|Welfare of Scheduled Castes, Scheduled Tribes, Other Backward Classes and Minorities|04|Welfare of Minorities|196|Assistance to Zilla Panchayats|1||04|Grants to District Minority Welfare Establishments|406|Tumakuru|2225-04-196-1-04|Tumakuru|V|Data|Object-Head||||152.80|100.0
57|05|10|2225|Welfare of Scheduled Castes, Scheduled Tribes, Other Backward Classes and Minorities|04|Welfare of Minorities|196|Assistance to Zilla Panchayats|1||04|Grants to District Minority Welfare Establishments|407|Mysuru|2225-04-196-1-04|Mysuru|V|Data|Object-Head||||110.38|100.0
57|05|10|2225|Welfare of Scheduled Castes, Scheduled Tribes, Other Backward Classes and Minorities|04|Welfare of Minorities|196|Assistance to Zilla Panchayats|1||04|Grants to District Minority Welfare Establishments|408|Chikkamagaluru|2225-04-196-1-04|Chikkamagaluru|V|Data|Object-Head||||27.66|100.0
57|05|10|2225|Welfare of Scheduled Castes, Scheduled Tribes, Other Backward Classes and Minorities|04|Welfare of Minorities|196|Assistance to Zilla Panchayats|1||04|Grants to District Minority Welfare Establishments|409|Dakshina Kannada|2225-04-196-1-04|Dakshina Kannada|V|Data|Object-Head||||40.73|100.0
57|05|10|2225|Welfare of Scheduled Castes, Scheduled Tribes, Other Backward Classes and Minorities|04|Welfare of Minorities|196|Assistance to Zilla Panchayats|1||04|Grants to District Minority Welfare Establishments|410|Hassan|2225-04-196-1-04|Hassan|V|Data|Object-Head||||56.84|100.0
57|05|10|2225|Welfare of Scheduled Castes, Scheduled Tribes, Other Backward Classes and Minorities|04|Welfare of Minorities|196|Assistance to Zilla Panchayats|1||04|Grants to District Minority Welfare Establishments|411|Kodagu|2225-04-196-1-04|Kodagu|V|Data|Object-Head||||55.56|100.0
57|05|10|2225|Welfare of Scheduled Castes, Scheduled Tribes, Other Backward Classes and Minorities|04|Welfare of Minorities|196|Assistance to Zilla Panchayats|1||04|Grants to District Minority Welfare Establishments|412|Mandya|2225-04-196-1-04|Mandya|V|Data|Object-Head||||82.31|100.0
57|05|10|2225|Welfare of Scheduled Castes, Scheduled Tribes, Other Backward Classes and Minorities|04|Welfare of Minorities|196|Assistance to Zilla Panchayats|1||04|Grants to District Minority Welfare Establishments|413|Belagavi|2225-04-196-1-04|Belagavi|V|Data|Object-Head||||101.66|100.0
57|05|10|2225|Welfare of Scheduled Castes, Scheduled Tribes, Other Backward Classes and Minorities|04|Welfare of Minorities|196|Assistance to Zilla Panchayats|1||04|Grants to District Minority Welfare Establishments|414|Vijayapura|2225-04-196-1-04|Vijayapura|V|Data|Object-Head||||100.08|100.0
57|05|10|2225|Welfare of Scheduled Castes, Scheduled Tribes, Other Backward Classes and Minorities|04|Welfare of Minorities|196|Assistance to Zilla Panchayats|1||04|Grants to District Minority Welfare Establishments|415|Dharwad|2225-04-196-1-04|Dharwad|V|Data|Object-Head||||78.92|100.0
57|05|10|2225|Welfare of Scheduled Castes, Scheduled Tribes, Other Backward Classes and Minorities|04|Welfare of Minorities|196|Assistance to Zilla Panchayats|1||04|Grants to District Minority Welfare Establishments|416|Uttara Kannada|2225-04-196-1-04|Uttara Kannada|V|Data|Object-Head||||91.13|100.0
58|05|10|2225|Welfare of Scheduled Castes, Scheduled Tribes, Other Backward Classes and Minorities|04|Welfare of Minorities|196|Assistance to Zilla Panchayats|1||04|Grants to District Minority Welfare Establishments|417|Kalaburagi|2225-04-196-1-04|Kalaburagi|V|Data|Object-Head||||99.46|100.0
58|05|10|2225|Welfare of Scheduled Castes, Scheduled Tribes, Other Backward Classes and Minorities|04|Welfare of Minorities|196|Assistance to Zilla Panchayats|1||04|Grants to District Minority Welfare Establishments|418|Ballari|2225-04-196-1-04|Ballari|V|Data|Object-Head||||72.78|100.0
58|05|10|2225|Welfare of Scheduled Castes, Scheduled Tribes, Other Backward Classes and Minorities|04|Welfare of Minorities|196|Assistance to Zilla Panchayats|1||04|Grants to District Minority Welfare Establishments|419|Bidar|2225-04-196-1-04|Bidar|V|Data|Object-Head||||77.27|100.0
58|05|10|2225|Welfare of Scheduled Castes, Scheduled Tribes, Other Backward Classes and Minorities|04|Welfare of Minorities|196|Assistance to Zilla Panchayats|1||04|Grants to District Minority Welfare Establishments|420|Raichur|2225-04-196-1-04|Raichur|V|Data|Object-Head||||82.73|100.0
58|05|10|2225|Welfare of Scheduled Castes, Scheduled Tribes, Other Backward Classes and Minorities|04|Welfare of Minorities|196|Assistance to Zilla Panchayats|1||04|Grants to District Minority Welfare Establishments|421|Yadgiri|2225-04-196-1-04|Yadgiri|V|Data|Object-Head||||82.14|100.0
58|05|10|2225|Welfare of Scheduled Castes, Scheduled Tribes, Other Backward Classes and Minorities|04|Welfare of Minorities|196|Assistance to Zilla Panchayats|1||04|Grants to District Minority Welfare Establishments|451|Davanagere|2225-04-196-1-04|Davanagere|V|Data|Object-Head||||93.91|100.0
58|05|10|2225|Welfare of Scheduled Castes, Scheduled Tribes, Other Backward Classes and Minorities|04|Welfare of Minorities|196|Assistance to Zilla Panchayats|1||04|Grants to District Minority Welfare Establishments|452|Bengaluru South|2225-04-196-1-04|Bengaluru South|V|Data|Object-Head||||68.33|100.0
58|05|10|2225|Welfare of Scheduled Castes, Scheduled Tribes, Other Backward Classes and Minorities|04|Welfare of Minorities|196|Assistance to Zilla Panchayats|1||04|Grants to District Minority Welfare Establishments|453|Chikkaballapura|2225-04-196-1-04|Chikkaballapura|V|Data|Object-Head||||65.01|100.0
58|05|10|2225|Welfare of Scheduled Castes, Scheduled Tribes, Other Backward Classes and Minorities|04|Welfare of Minorities|196|Assistance to Zilla Panchayats|1||04|Grants to District Minority Welfare Establishments|456|Chamarajanagar|2225-04-196-1-04|Chamarajanagar|V|Data|Object-Head||||63.52|100.0
58|05|10|2225|Welfare of Scheduled Castes, Scheduled Tribes, Other Backward Classes and Minorities|04|Welfare of Minorities|196|Assistance to Zilla Panchayats|1||04|Grants to District Minority Welfare Establishments|457|Udupi|2225-04-196-1-04|Udupi|V|Data|Object-Head||||49.19|100.0
58|05|10|2225|Welfare of Scheduled Castes, Scheduled Tribes, Other Backward Classes and Minorities|04|Welfare of Minorities|196|Assistance to Zilla Panchayats|1||04|Grants to District Minority Welfare Establishments|461|Bagalkot|2225-04-196-1-04|Bagalkot|V|Data|Object-Head||||76.74|100.0
58|05|10|2225|Welfare of Scheduled Castes, Scheduled Tribes, Other Backward Classes and Minorities|04|Welfare of Minorities|196|Assistance to Zilla Panchayats|1||04|Grants to District Minority Welfare Establishments|462|Gadag|2225-04-196-1-04|Gadag|V|Data|Object-Head||||58.78|100.0
58|05|10|2225|Welfare of Scheduled Castes, Scheduled Tribes, Other Backward Classes and Minorities|04|Welfare of Minorities|196|Assistance to Zilla Panchayats|1||04|Grants to District Minority Welfare Establishments|463|Haveri|2225-04-196-1-04|Haveri|V|Data|Object-Head||||62.99|100.0
58|05|10|2225|Welfare of Scheduled Castes, Scheduled Tribes, Other Backward Classes and Minorities|04|Welfare of Minorities|196|Assistance to Zilla Panchayats|1||04|Grants to District Minority Welfare Establishments|466|Koppal|2225-04-196-1-04|Koppal|V|Data|Object-Head||||96.40|100.0
58|05|10|2225|Welfare of Scheduled Castes, Scheduled Tribes, Other Backward Classes and Minorities|04|Welfare of Minorities|196|Assistance to Zilla Panchayats|1||04|Grants to District Minority Welfare Establishments|467|Vijayanagara|2225-04-196-1-04|Vijayanagara|V|Data|Object-Head||||79.36|100.0
58|05|10|2225|Welfare of Scheduled Castes, Scheduled Tribes, Other Backward Classes and Minorities|04|Welfare of Minorities|196|Assistance to Zilla Panchayats|1||04|Grants to District Minority Welfare Establishments||||HOA Total :|V|Total|Detailed-Head|0.00|0.00|0.00|2386.92|100.0
58|05|10|2225|Welfare of Scheduled Castes, Scheduled Tribes, Other Backward Classes and Minorities|04|Welfare of Minorities|277||0||03|Incentive for Minority Students|||2225-04-277-0-03|Incentive for Minority Students|V|Header|Detailed-Head|||||100.0
58|05|10|2225|Welfare of Scheduled Castes, Scheduled Tribes, Other Backward Classes and Minorities|04|Welfare of Minorities|277||0||03|Incentive for Minority Students|051|General Expenses|2225-04-277-0-03|General Expenses|V|Data|Object-Head|795.31|800.00|800.00||100.0
58|05|10|2225|Welfare of Scheduled Castes, Scheduled Tribes, Other Backward Classes and Minorities|04|Welfare of Minorities|277||0||03|Incentive for Minority Students||||HOA Total :|V|Total|Detailed-Head|795.31|800.00|800.00|0.00|100.0
58|05|10|2225|Welfare of Scheduled Castes, Scheduled Tribes, Other Backward Classes and Minorities|04|Welfare of Minorities|277||0||04|Scholarship for Minorities and Fee Reimbursement|||2225-04-277-0-04|Scholarship for Minorities and Fee Reimbursement|V|Header|Detailed-Head|||||100.0
58|05|10|2225|Welfare of Scheduled Castes, Scheduled Tribes, Other Backward Classes and Minorities|04|Welfare of Minorities|277||0||04|Scholarship for Minorities and Fee Reimbursement|051|General Expenses|2225-04-277-0-04|General Expenses|V|Data|Object-Head|4999.99|5500.00|5500.00||100.0
58|05|10|2225|Welfare of Scheduled Castes, Scheduled Tribes, Other Backward Classes and Minorities|04|Welfare of Minorities|277||0||04|Scholarship for Minorities and Fee Reimbursement|117|Scholarships & Incentives|2225-04-277-0-04|Scholarships & Incentives|V|Data|Object-Head|20414.94|24500.00|28300.00||100.0
58|05|10|2225|Welfare of Scheduled Castes, Scheduled Tribes, Other Backward Classes and Minorities|04|Welfare of Minorities|277||0||04|Scholarship for Minorities and Fee Reimbursement||||HOA Total :|V|Total|Detailed-Head|25414.93|30000.00|33800.00|0.00|100.0
59|05|10|2225|Welfare of Scheduled Castes, Scheduled Tribes, Other Backward Classes and Minorities|04|Welfare of Minorities|277||0||05|Vidyasiri Scheme for Minority Students|||2225-04-277-0-05|Vidyasiri Scheme for Minority Students|V|Header|Detailed-Head|||||100.0
59|05|10|2225|Welfare of Scheduled Castes, Scheduled Tribes, Other Backward Classes and Minorities|04|Welfare of Minorities|277||0||05|Vidyasiri Scheme for Minority Students|059|Other Expenses|2225-04-277-0-05|Other Expenses|V|Data|Object-Head|1083.60|5000.00|1200.00|4975.00|100.0
59|05|10|2225|Welfare of Scheduled Castes, Scheduled Tribes, Other Backward Classes and Minorities|04|Welfare of Minorities|277||0||05|Vidyasiri Scheme for Minority Students||||HOA Total :|V|Total|Detailed-Head|1083.60|5000.00|1200.00|4975.00|100.0
59|05|10|2225|Welfare of Scheduled Castes, Scheduled Tribes, Other Backward Classes and Minorities|04|Welfare of Minorities|277||0||06|Training for Competitive Exams for Minorities|||2225-04-277-0-06|Training for Competitive Exams for Minorities|V|Header|Detailed-Head|||||100.0
59|05|10|2225|Welfare of Scheduled Castes, Scheduled Tribes, Other Backward Classes and Minorities|04|Welfare of Minorities|277||0||06|Training for Competitive Exams for Minorities|059|Other Expenses|2225-04-277-0-06|Other Expenses|V|Data|Object-Head|1711.23|2000.00|2000.00|2000.00|100.0
59|05|10|2225|Welfare of Scheduled Castes, Scheduled Tribes, Other Backward Classes and Minorities|04|Welfare of Minorities|277||0||06|Training for Competitive Exams for Minorities||||HOA Total :|V|Total|Detailed-Head|1711.23|2000.00|2000.00|2000.00|100.0
59|05|10|2225|Welfare of Scheduled Castes, Scheduled Tribes, Other Backward Classes and Minorities|04|Welfare of Minorities|277||0||07|Providing Quality Education in Madrasas|||2225-04-277-0-07|Providing Quality Education in Madrasas|V|Header|Detailed-Head|||||100.0
59|05|10|2225|Welfare of Scheduled Castes, Scheduled Tribes, Other Backward Classes and Minorities|04|Welfare of Minorities|277||0||07|Providing Quality Education in Madrasas|103|Grants-in-Aid -General|2225-04-277-0-07|Grants-in-Aid -General|V|Data|Object-Head|500.00|3500.00|3500.00|8500.00|100.0
59|05|10|2225|Welfare of Scheduled Castes, Scheduled Tribes, Other Backward Classes and Minorities|04|Welfare of Minorities|277||0||07|Providing Quality Education in Madrasas||||HOA Total :|V|Total|Detailed-Head|500.00|3500.00|3500.00|8500.00|100.0
59|05|10|2225|Welfare of Scheduled Castes, Scheduled Tribes, Other Backward Classes and Minorities|04|Welfare of Minorities|277||0||08|Karnataka Urdu Academy|||2225-04-277-0-08|Karnataka Urdu Academy|V|Header|Detailed-Head|||||100.0
59|05|10|2225|Welfare of Scheduled Castes, Scheduled Tribes, Other Backward Classes and Minorities|04|Welfare of Minorities|277||0||08|Karnataka Urdu Academy|103|Grants-in-Aid -General|2225-04-277-0-08|Grants-in-Aid -General|V|Data|Object-Head|150.00|200.00|200.00|250.00|100.0
59|05|10|2225|Welfare of Scheduled Castes, Scheduled Tribes, Other Backward Classes and Minorities|04|Welfare of Minorities|277||0||08|Karnataka Urdu Academy||||HOA Total :|V|Total|Detailed-Head|150.00|200.00|200.00|250.00|100.0
59|05|10|2225|Welfare of Scheduled Castes, Scheduled Tribes, Other Backward Classes and Minorities|04|Welfare of Minorities|277||0||09|Maintenance of Moulana Azad Schools|||2225-04-277-0-09|Maintenance of Moulana Azad Schools|V|Header|Detailed-Head|||||100.0
59|05|10|2225|Welfare of Scheduled Castes, Scheduled Tribes, Other Backward Classes and Minorities|04|Welfare of Minorities|277||0||09|Maintenance of Moulana Azad Schools|002|Basic Pay|2225-04-277-0-09|Basic Pay|V|Data|Object-Head|571.29|3876.00|3876.00|4409.00|100.0
59|05|10|2225|Welfare of Scheduled Castes, Scheduled Tribes, Other Backward Classes and Minorities|04|Welfare of Minorities|277||0||09|Maintenance of Moulana Azad Schools|003|Basic Pay-Staff|2225-04-277-0-09|Basic Pay-Staff|V|Data|Object-Head|2414.57||||100.0
59|05|10|2225|Welfare of Scheduled Castes, Scheduled Tribes, Other Backward Classes and Minorities|04|Welfare of Minorities|277||0||09|Maintenance of Moulana Azad Schools|004|Interim Relief|2225-04-277-0-09|Interim Relief|V|Data|Object-Head|180.64||||100.0
59|05|10|2225|Welfare of Scheduled Castes, Scheduled Tribes, Other Backward Classes and Minorities|04|Welfare of Minorities|277||0||09|Maintenance of Moulana Azad Schools|011|Dearness Allowance|2225-04-277-0-09|Dearness Allowance|V|Data|Object-Head|673.72|853.00|853.00|1103.00|100.0
59|05|10|2225|Welfare of Scheduled Castes, Scheduled Tribes, Other Backward Classes and Minorities|04|Welfare of Minorities|277||0||09|Maintenance of Moulana Azad Schools|014|Other Allowance|2225-04-277-0-09|Other Allowance|V|Data|Object-Head|308.40|418.00|418.00|471.00|100.0
59|05|10|2225|Welfare of Scheduled Castes, Scheduled Tribes, Other Backward Classes and Minorities|04|Welfare of Minorities|277||0||09|Maintenance of Moulana Azad Schools|020|Medical Allowance|2225-04-277-0-09|Medical Allowance|V|Data|Object-Head|18.77||||100.0
59|05|10|2225|Welfare of Scheduled Castes, Scheduled Tribes, Other Backward Classes and Minorities|04|Welfare of Minorities|277||0||09|Maintenance of Moulana Azad Schools|021|Reimbursement of Medical Expenses|2225-04-277-0-09|Reimbursement of Medical Expenses|V|Data|Object-Head|27.11|37.00|37.00|41.00|100.0
59|05|10|2225|Welfare of Scheduled Castes, Scheduled Tribes, Other Backward Classes and Minorities|04|Welfare of Minorities|277||0||09|Maintenance of Moulana Azad Schools|034|Contract/Outsource|2225-04-277-0-09|Contract/Outsource|V|Data|Object-Head|1527.00|2212.58|2212.58|4843.50|100.0
60|05|10|2225|Welfare of Scheduled Castes, Scheduled Tribes, Other Backward Classes and Minorities|04|Welfare of Minorities|277|Education|0||09|Maintenance of Moulana Azad Schools|041|Travel Expenses|2225-04-277-0-09|Travel Expenses|V|Data|Object-Head|14.74|30.00|30.00||100.0
60|05|10|2225|Welfare of Scheduled Castes, Scheduled Tribes, Other Backward Classes and Minorities|04|Welfare of Minorities|277|Education|0||09|Maintenance of Moulana Azad Schools|050|Office Expenses|2225-04-277-0-09|Office Expenses|V|Data|Object-Head||25.00|25.00||100.0
60|05|10|2225|Welfare of Scheduled Castes, Scheduled Tribes, Other Backward Classes and Minorities|04|Welfare of Minorities|277|Education|0||09|Maintenance of Moulana Azad Schools|052|Telephone Charges|2225-04-277-0-09|Telephone Charges|V|Data|Object-Head|12.39||||100.0
60|05|10|2225|Welfare of Scheduled Castes, Scheduled Tribes, Other Backward Classes and Minorities|04|Welfare of Minorities|277|Education|0||09|Maintenance of Moulana Azad Schools|059|Other Expenses|2225-04-277-0-09|Other Expenses|V|Data|Object-Head|4656.14|4371.00|4371.00||100.0
60|05|10|2225|Welfare of Scheduled Castes, Scheduled Tribes, Other Backward Classes and Minorities|04|Welfare of Minorities|277|Education|0||09|Maintenance of Moulana Azad Schools|071|Building Expenses|2225-04-277-0-09|Building Expenses|V|Data|Object-Head|177.51|500.00|500.00|1100.00|100.0
60|05|10|2225|Welfare of Scheduled Castes, Scheduled Tribes, Other Backward Classes and Minorities|04|Welfare of Minorities|277|Education|0||09|Maintenance of Moulana Azad Schools|200|Maintenance Expenditure|2225-04-277-0-09|Maintenance Expenditure|V|Data|Object-Head||||1250.00|100.0
60|05|10|2225|Welfare of Scheduled Castes, Scheduled Tribes, Other Backward Classes and Minorities|04|Welfare of Minorities|277|Education|0||09|Maintenance of Moulana Azad Schools|221|Materials and Supplies|2225-04-277-0-09|Materials and Supplies|V|Data|Object-Head|249.87|300.00|300.00|1850.00|100.0
60|05|10|2225|Welfare of Scheduled Castes, Scheduled Tribes, Other Backward Classes and Minorities|04|Welfare of Minorities|277|Education|0||09|Maintenance of Moulana Azad Schools||||HOA Total :|V|Total|Detailed-Head|10832.15|12622.58|12622.58|15067.50|100.0
60|05|10|2225|Welfare of Scheduled Castes, Scheduled Tribes, Other Backward Classes and Minorities|04|Welfare of Minorities|277|Education|0||10|Minorities Residential Schools|||2225-04-277-0-10|Minorities Residential Schools|V|Header|Detailed-Head|||||100.0
60|05|10|2225|Welfare of Scheduled Castes, Scheduled Tribes, Other Backward Classes and Minorities|04|Welfare of Minorities|277|Education|0||10|Minorities Residential Schools|002|Basic Pay|2225-04-277-0-10|Basic Pay|V|Data|Object-Head|2094.27|10569.00|10569.00|10728.00|100.0
60|05|10|2225|Welfare of Scheduled Castes, Scheduled Tribes, Other Backward Classes and Minorities|04|Welfare of Minorities|277|Education|0||10|Minorities Residential Schools|003|Basic Pay-Staff|2225-04-277-0-10|Basic Pay-Staff|V|Data|Object-Head|6209.61||||100.0
60|05|10|2225|Welfare of Scheduled Castes, Scheduled Tribes, Other Backward Classes and Minorities|04|Welfare of Minorities|277|Education|0||10|Minorities Residential Schools|004|Interim Relief|2225-04-277-0-10|Interim Relief|V|Data|Object-Head|492.72||||100.0
60|05|10|2225|Welfare of Scheduled Castes, Scheduled Tribes, Other Backward Classes and Minorities|04|Welfare of Minorities|277|Education|0||10|Minorities Residential Schools|011|Dearness Allowance|2225-04-277-0-10|Dearness Allowance|V|Data|Object-Head|1858.58|2326.00|2326.00|2682.00|100.0
60|05|10|2225|Welfare of Scheduled Castes, Scheduled Tribes, Other Backward Classes and Minorities|04|Welfare of Minorities|277|Education|0||10|Minorities Residential Schools|014|Other Allowance|2225-04-277-0-10|Other Allowance|V|Data|Object-Head|750.55|1004.00|1004.00|996.00|100.0
60|05|10|2225|Welfare of Scheduled Castes, Scheduled Tribes, Other Backward Classes and Minorities|04|Welfare of Minorities|277|Education|0||10|Minorities Residential Schools|020|Medical Allowance|2225-04-277-0-10|Medical Allowance|V|Data|Object-Head|44.78||||100.0
60|05|10|2225|Welfare of Scheduled Castes, Scheduled Tribes, Other Backward Classes and Minorities|04|Welfare of Minorities|277|Education|0||10|Minorities Residential Schools|021|Reimbursement of Medical Expenses|2225-04-277-0-10|Reimbursement of Medical Expenses|V|Data|Object-Head|87.04|95.00|95.00|94.00|100.0
60|05|10|2225|Welfare of Scheduled Castes, Scheduled Tribes, Other Backward Classes and Minorities|04|Welfare of Minorities|277|Education|0||10|Minorities Residential Schools|034|Contract/Outsource|2225-04-277-0-10|Contract/Outsource|V|Data|Object-Head|4429.50|7580.49|7580.49|9370.49|100.0
60|05|10|2225|Welfare of Scheduled Castes, Scheduled Tribes, Other Backward Classes and Minorities|04|Welfare of Minorities|277|Education|0||10|Minorities Residential Schools|041|Travel Expenses|2225-04-277-0-10|Travel Expenses|V|Data|Object-Head|19.00|13.86|13.86||100.0
60|05|10|2225|Welfare of Scheduled Castes, Scheduled Tribes, Other Backward Classes and Minorities|04|Welfare of Minorities|277|Education|0||10|Minorities Residential Schools|050|Office Expenses|2225-04-277-0-10|Office Expenses|V|Data|Object-Head||13.86|13.86||100.0
60|05|10|2225|Welfare of Scheduled Castes, Scheduled Tribes, Other Backward Classes and Minorities|04|Welfare of Minorities|277|Education|0||10|Minorities Residential Schools|051|General Expenses|2225-04-277-0-10|General Expenses|V|Data|Object-Head|4499.47|6618.34|6618.34|1000.00|100.0
60|05|10|2225|Welfare of Scheduled Castes, Scheduled Tribes, Other Backward Classes and Minorities|04|Welfare of Minorities|277|Education|0||10|Minorities Residential Schools|052|Telephone Charges|2225-04-277-0-10|Telephone Charges|V|Data|Object-Head|17.52||||100.0
60|05|10|2225|Welfare of Scheduled Castes, Scheduled Tribes, Other Backward Classes and Minorities|04|Welfare of Minorities|277|Education|0||10|Minorities Residential Schools|059|Other Expenses|2225-04-277-0-10|Other Expenses|V|Data|Object-Head|13457.21|12238.27|12238.27||100.0
60|05|10|2225|Welfare of Scheduled Castes, Scheduled Tribes, Other Backward Classes and Minorities|04|Welfare of Minorities|277|Education|0||10|Minorities Residential Schools|071|Building Expenses|2225-04-277-0-10|Building Expenses|V|Data|Object-Head|1500.43|942.43|942.43|2600.00|100.0
60|05|10|2225|Welfare of Scheduled Castes, Scheduled Tribes, Other Backward Classes and Minorities|04|Welfare of Minorities|277|Education|0||10|Minorities Residential Schools|200|Maintenance Expenditure|2225-04-277-0-10|Maintenance Expenditure|V|Data|Object-Head||||2000.00|100.0
60|05|10|2225|Welfare of Scheduled Castes, Scheduled Tribes, Other Backward Classes and Minorities|04|Welfare of Minorities|277|Education|0||10|Minorities Residential Schools|221|Materials and Supplies|2225-04-277-0-10|Materials and Supplies|V|Data|Object-Head|249.99|173.24|173.24|4300.00|100.0
60|05|10|2225|Welfare of Scheduled Castes, Scheduled Tribes, Other Backward Classes and Minorities|04|Welfare of Minorities|277|Education|0||10|Minorities Residential Schools|234|Diet Expenses|2225-04-277-0-10|Diet Expenses|V|Data|Object-Head||||14600.00|100.0
60|05|10|2225|Welfare of Scheduled Castes, Scheduled Tribes, Other Backward Classes and Minorities|04|Welfare of Minorities|277|Education|0||10|Minorities Residential Schools||||HOA Total :|V|Total|Detailed-Head|35710.67|41574.49|41574.49|48370.49|100.0
61|05|10|2225|Welfare of Scheduled Castes, Scheduled Tribes, Other Backward Classes and Minorities|04|Welfare of Minorities|277|Education|0||11|Pre-Matric Scholarship to Minority Students Studying in 1st and 8th Standard|||2225-04-277-0-11|Pre-Matric Scholarship to Minority Students Studying in 1st and 8th Standard|V|Header|Detailed-Head|||||100.0
61|05|10|2225|Welfare of Scheduled Castes, Scheduled Tribes, Other Backward Classes and Minorities|04|Welfare of Minorities|277|Education|0||11|Pre-Matric Scholarship to Minority Students Studying in 1st and 8th Standard|117|Scholarships & Incentives|2225-04-277-0-11|Scholarships & Incentives|V|Data|Object-Head||||6000.00|100.0
61|05|10|2225|Welfare of Scheduled Castes, Scheduled Tribes, Other Backward Classes and Minorities|04|Welfare of Minorities|277|Education|0||11|Pre-Matric Scholarship to Minority Students Studying in 1st and 8th Standard||||HOA Total :|V|Total|Detailed-Head|0.00|0.00|0.00|6000.00|100.0
61|05|10|2225|Welfare of Scheduled Castes, Scheduled Tribes, Other Backward Classes and Minorities|04|Welfare of Minorities|911|Deduct Recoveries of Overpayments|0||01|Deduct Recovery of Over Payments of Current Year|||2225-04-911-0-01|Deduct Recovery of Over Payments of Current Year|V|Header|Detailed-Head|||||100.0
61|05|10|2225|Welfare of Scheduled Castes, Scheduled Tribes, Other Backward Classes and Minorities|04|Welfare of Minorities|911|Deduct Recoveries of Overpayments|0||01|Deduct Recovery of Over Payments of Current Year|364|Deduct - Recoveries|2225-04-911-0-01|Deduct - Recoveries|V|Data|Object-Head|-0.49||||100.0
61|05|10|2225|Welfare of Scheduled Castes, Scheduled Tribes, Other Backward Classes and Minorities|04|Welfare of Minorities|911|Deduct Recoveries of Overpayments|0||01|Deduct Recovery of Over Payments of Current Year||||HOA Total :|V|Total|Detailed-Head|-0.49|0.00|0.00|0.00|100.0
61|05|10|2225|Welfare of Scheduled Castes, Scheduled Tribes, Other Backward Classes and Minorities|04|Welfare of Minorities|911|Deduct Recoveries of Overpayments|0||02|Deduct Recovery of Over Payments of earlier Years|||2225-04-911-0-02|Deduct Recovery of Over Payments of earlier Years|V|Header|Detailed-Head|||||100.0
61|05|10|2225|Welfare of Scheduled Castes, Scheduled Tribes, Other Backward Classes and Minorities|04|Welfare of Minorities|911|Deduct Recoveries of Overpayments|0||02|Deduct Recovery of Over Payments of earlier Years|364|Deduct - Recoveries|2225-04-911-0-02|Deduct - Recoveries|V|Data|Object-Head|-0.62||||100.0
61|05|10|2225|Welfare of Scheduled Castes, Scheduled Tribes, Other Backward Classes and Minorities|04|Welfare of Minorities|911|Deduct Recoveries of Overpayments|0||02|Deduct Recovery of Over Payments of earlier Years||||HOA Total :|V|Total|Detailed-Head|-0.62|0.00|0.00|0.00|100.0
61|05|10|2225|Welfare of Scheduled Castes, Scheduled Tribes, Other Backward Classes and Minorities|04|Welfare of Minorities|911|Deduct Recoveries of Overpayments|0||04|Deduct Recovery of Over Payment of Previous years-ZP|||2225-04-911-0-04|Deduct Recovery of Over Payment of Previous years-ZP|V|Header|Detailed-Head|||||100.0
61|05|10|2225|Welfare of Scheduled Castes, Scheduled Tribes, Other Backward Classes and Minorities|04|Welfare of Minorities|911|Deduct Recoveries of Overpayments|0||04|Deduct Recovery of Over Payment of Previous years-ZP|261|Inter Account Transfers|2225-04-911-0-04|Inter Account Transfers|V|Data|Object-Head||-2259.54|-2259.54|-2935.39|100.0
61|05|10|2225|Welfare of Scheduled Castes, Scheduled Tribes, Other Backward Classes and Minorities|04|Welfare of Minorities|911|Deduct Recoveries of Overpayments|0||04|Deduct Recovery of Over Payment of Previous years-ZP||||HOA Total :|V|Total|Detailed-Head|0.00|-2259.54|-2259.54|-2935.39|100.0
61|05|10|2225|Welfare of Scheduled Castes, Scheduled Tribes, Other Backward Classes and Minorities|04|Welfare of Minorities||||||||||2225 - Total :|V|Total|Major-Head|171092.21|222183.36|209183.36|260859.28|
62|05|10|4225|Capital Outlay on Welfare of Scheduled Castes, Scheduled Tribes, Other Backward Classes and Minorities|04|Welfare of Minorities||||||||||4225 Capital Outlay on Welfare of Scheduled Castes, Scheduled Tribes, Other Backward Classes and Minorities|V|Header|Major-Head|||||
62|05|10|4225|Capital Outlay on Welfare of Scheduled Castes, Scheduled Tribes, Other Backward Classes and Minorities|04|Welfare of Minorities||||||||||04 Welfare of Minorities|V|Header|Sub-Major-Head|||||
62|05|10|4225|Capital Outlay on Welfare of Scheduled Castes, Scheduled Tribes, Other Backward Classes and Minorities|04|Welfare of Minorities|102|Economic Development|0||01|Minority Slums/Colony Development Programme in Urban Areas|||4225-04-102-0-01|Minority Slums/Colony Development Programme in Urban Areas|V|Header|Detailed-Head|||||100.0
62|05|10|4225|Capital Outlay on Welfare of Scheduled Castes, Scheduled Tribes, Other Backward Classes and Minorities|04|Welfare of Minorities|102|Economic Development|0||01|Minority Slums/Colony Development Programme in Urban Areas|386|Purchase/Construction of Buildings|4225-04-102-0-01|Purchase/Construction of Buildings|V|Data|Object-Head|39999.80|40000.00|40000.00|32500.00|100.0
62|05|10|4225|Capital Outlay on Welfare of Scheduled Castes, Scheduled Tribes, Other Backward Classes and Minorities|04|Welfare of Minorities|102|Economic Development|0||01|Minority Slums/Colony Development Programme in Urban Areas||||HOA Total :|V|Total|Detailed-Head|39999.80|40000.00|40000.00|32500.00|100.0
62|05|10|4225|Capital Outlay on Welfare of Scheduled Castes, Scheduled Tribes, Other Backward Classes and Minorities|04|Welfare of Minorities|102|Economic Development|0||02|CM Special Development Programme for Minorities|||4225-04-102-0-02|CM Special Development Programme for Minorities|V|Header|Detailed-Head|||||100.0
62|05|10|4225|Capital Outlay on Welfare of Scheduled Castes, Scheduled Tribes, Other Backward Classes and Minorities|04|Welfare of Minorities|102|Economic Development|0||02|CM Special Development Programme for Minorities|132|Other Capital Expenses|4225-04-102-0-02|Other Capital Expenses|V|Data|Object-Head|10000.00|71500.00|71500.00|32500.00|100.0
62|05|10|4225|Capital Outlay on Welfare of Scheduled Castes, Scheduled Tribes, Other Backward Classes and Minorities|04|Welfare of Minorities|102|Economic Development|0||02|CM Special Development Programme for Minorities||||HOA Total :|V|Total|Detailed-Head|10000.00|71500.00|71500.00|32500.00|100.0
62|05|10|4225|Capital Outlay on Welfare of Scheduled Castes, Scheduled Tribes, Other Backward Classes and Minorities|04|Welfare of Minorities|102|Economic Development|0||04|CSS-Central Share-Pradhan Mantri Jana Vikas Program|||4225-04-102-0-04|CSS-Central Share-Pradhan Mantri Jana Vikas Program|V|Header|Detailed-Head|||||100.0
62|05|10|4225|Capital Outlay on Welfare of Scheduled Castes, Scheduled Tribes, Other Backward Classes and Minorities|04|Welfare of Minorities|102|Economic Development|0||04|CSS-Central Share-Pradhan Mantri Jana Vikas Program|386|Purchase/Construction of Buildings|4225-04-102-0-04|Purchase/Construction of Buildings|V|Data|Object-Head||20477.00|20477.00|20477.00|100.0
62|05|10|4225|Capital Outlay on Welfare of Scheduled Castes, Scheduled Tribes, Other Backward Classes and Minorities|04|Welfare of Minorities|102|Economic Development|0||04|CSS-Central Share-Pradhan Mantri Jana Vikas Program||||HOA Total :|V|Total|Detailed-Head|0.00|20477.00|20477.00|20477.00|100.0
62|05|10|4225|Capital Outlay on Welfare of Scheduled Castes, Scheduled Tribes, Other Backward Classes and Minorities|04|Welfare of Minorities|102|Economic Development|0||05|CSS-State Share-Pradhan Mantri Jana Vikas Program|||4225-04-102-0-05|CSS-State Share-Pradhan Mantri Jana Vikas Program|V|Header|Detailed-Head|||||100.0
62|05|10|4225|Capital Outlay on Welfare of Scheduled Castes, Scheduled Tribes, Other Backward Classes and Minorities|04|Welfare of Minorities|102|Economic Development|0||05|CSS-State Share-Pradhan Mantri Jana Vikas Program|386|Purchase/Construction of Buildings|4225-04-102-0-05|Purchase/Construction of Buildings|V|Data|Object-Head||12319.00|12319.00|12319.00|100.0
62|05|10|4225|Capital Outlay on Welfare of Scheduled Castes, Scheduled Tribes, Other Backward Classes and Minorities|04|Welfare of Minorities|102|Economic Development|0||05|CSS-State Share-Pradhan Mantri Jana Vikas Program||||HOA Total :|V|Total|Detailed-Head|0.00|12319.00|12319.00|12319.00|100.0
62|05|10|4225|Capital Outlay on Welfare of Scheduled Castes, Scheduled Tribes, Other Backward Classes and Minorities|04|Welfare of Minorities|190|Investments in Public Sector and Other Undertakings|0||02|Karnataka Minorities Development Corporation|||4225-04-190-0-02|Karnataka Minorities Development Corporation|V|Header|Detailed-Head|||||100.0
62|05|10|4225|Capital Outlay on Welfare of Scheduled Castes, Scheduled Tribes, Other Backward Classes and Minorities|04|Welfare of Minorities|190|Investments in Public Sector and Other Undertakings|0||02|Karnataka Minorities Development Corporation|211|Investment|4225-04-190-0-02|Investment|V|Data|Object-Head|4000.00|1.00|1.00||100.0
62|05|10|4225|Capital Outlay on Welfare of Scheduled Castes, Scheduled Tribes, Other Backward Classes and Minorities|04|Welfare of Minorities|190|Investments in Public Sector and Other Undertakings|0||02|Karnataka Minorities Development Corporation||||HOA Total :|V|Total|Detailed-Head|4000.00|1.00|1.00|0.00|100.0
63|05|10|4225|Capital Outlay on Welfare of Scheduled Castes, Scheduled Tribes, Other Backward Classes and Minorities|04|Welfare of Minorities|190|Investments in Public Sector and Other Undertakings|0||03|Construction of Hostel and Residential School Buildings for Minorities|||4225-04-190-0-03|Construction of Hostel and Residential School Buildings for Minorities|V|Header|Detailed-Head|||||100.0
63|05|10|4225|Capital Outlay on Welfare of Scheduled Castes, Scheduled Tribes, Other Backward Classes and Minorities|04|Welfare of Minorities|190|Investments in Public Sector and Other Undertakings|0||03|Construction of Hostel and Residential School Buildings for Minorities|133|Regional Imbalance Redressal Program|4225-04-190-0-03|Regional Imbalance Redressal Program|V|Data|Object-Head|7000.00|8750.00|8750.00||100.0
63|05|10|4225|Capital Outlay on Welfare of Scheduled Castes, Scheduled Tribes, Other Backward Classes and Minorities|04|Welfare of Minorities|190|Investments in Public Sector and Other Undertakings|0||03|Construction of Hostel and Residential School Buildings for Minorities|386|Purchase/Construction of Buildings|4225-04-190-0-03|Purchase/Construction of Buildings|V|Data|Object-Head|52989.53|66250.00|66250.00|75000.00|100.0
63|05|10|4225|Capital Outlay on Welfare of Scheduled Castes, Scheduled Tribes, Other Backward Classes and Minorities|04|Welfare of Minorities|190|Investments in Public Sector and Other Undertakings|0||03|Construction of Hostel and Residential School Buildings for Minorities||||HOA Total :|V|Total|Detailed-Head|59989.53|75000.00|75000.00|75000.00|100.0
63|05|10|4225|Capital Outlay on Welfare of Scheduled Castes, Scheduled Tribes, Other Backward Classes and Minorities|04|Welfare of Minorities|190|Investments in Public Sector and Other Undertakings|0||04|Construction of Additional Rooms to Moulana Azad Schools|||4225-04-190-0-04|Construction of Additional Rooms to Moulana Azad Schools|V|Header|Detailed-Head|||||100.0
63|05|10|4225|Capital Outlay on Welfare of Scheduled Castes, Scheduled Tribes, Other Backward Classes and Minorities|04|Welfare of Minorities|190|Investments in Public Sector and Other Undertakings|0||04|Construction of Additional Rooms to Moulana Azad Schools|132|Other Capital Expenses|4225-04-190-0-04|Other Capital Expenses|V|Data|Object-Head||||2000.00|100.0
63|05|10|4225|Capital Outlay on Welfare of Scheduled Castes, Scheduled Tribes, Other Backward Classes and Minorities|04|Welfare of Minorities|190|Investments in Public Sector and Other Undertakings|0||04|Construction of Additional Rooms to Moulana Azad Schools|386|Purchase/Construction of Buildings|4225-04-190-0-04|Purchase/Construction of Buildings|V|Data|Object-Head|9997.66|10000.00|10000.00|13000.00|100.0
63|05|10|4225|Capital Outlay on Welfare of Scheduled Castes, Scheduled Tribes, Other Backward Classes and Minorities|04|Welfare of Minorities|190|Investments in Public Sector and Other Undertakings|0||04|Construction of Additional Rooms to Moulana Azad Schools||||HOA Total :|V|Total|Detailed-Head|9997.66|10000.00|10000.00|15000.00|100.0
63|05|10|4225|Capital Outlay on Welfare of Scheduled Castes, Scheduled Tribes, Other Backward Classes and Minorities|04|Welfare of Minorities|277|Education|0||01|Education Quality Improvement Program|||4225-04-277-0-01|Education Quality Improvement Program|V|Header|Detailed-Head|||||100.0
63|05|10|4225|Capital Outlay on Welfare of Scheduled Castes, Scheduled Tribes, Other Backward Classes and Minorities|04|Welfare of Minorities|277|Education|0||01|Education Quality Improvement Program|132|Other Capital Expenses|4225-04-277-0-01|Other Capital Expenses|V|Data|Object-Head||||17500.00|100.0
63|05|10|4225|Capital Outlay on Welfare of Scheduled Castes, Scheduled Tribes, Other Backward Classes and Minorities|04|Welfare of Minorities|277|Education|0||01|Education Quality Improvement Program|133|Regional Imbalance Redressal Program|4225-04-277-0-01|Regional Imbalance Redressal Program|V|Data|Object-Head||||10000.00|100.0
63|05|10|4225|Capital Outlay on Welfare of Scheduled Castes, Scheduled Tribes, Other Backward Classes and Minorities|04|Welfare of Minorities|277|Education|0||01|Education Quality Improvement Program||||HOA Total :|V|Total|Detailed-Head|0.00|0.00|0.00|27500.00|100.0
63|05|10|4225|Capital Outlay on Welfare of Scheduled Castes, Scheduled Tribes, Other Backward Classes and Minorities|04|Welfare of Minorities||||||||||4225 - Total :|V|Total|Major-Head|123986.99|229297.00|229297.00|215296.00|
64|05|11|2235|Social Security and Welfare|00||911||0||00|Deduct - Recoveries of Overpayments|||2235-00-911-0-00|Deduct - Recoveries of Overpayments||Header|Detailed-Head|||||100.0
64|05|11|2235|Social Security and Welfare|00||911||0||00|Deduct - Recoveries of Overpayments|364|Deduct - Recoveries|2235-00-911-0-00|Deduct - Recoveries||Data|Object-Head|-0.04||||100.0
64|05|11|2235|Social Security and Welfare|00||911||0||00|Deduct - Recoveries of Overpayments|||||HOA Total :|Total|Detailed-Head|-0.04|0.00|0.00|0.00|100.0
64|05|11|2235|Social Security and Welfare|01||202||3||01|Chetana and Rehabilitation of Devadasi Women|||2235-01-202-3-01|Chetana and Rehabilitation of Devadasi Women||Header|Detailed-Head|||||100.0
64|05|11|2235|Social Security and Welfare|01||202||3||01|Chetana and Rehabilitation of Devadasi Women|059|Other Expenses|2235-01-202-3-01|Other Expenses||Data|Object-Head|100.00|75.00|75.00|112.50|100.0
64|05|11|2235|Social Security and Welfare|01||202||3||01|Chetana and Rehabilitation of Devadasi Women|115|GIA Contract /Outsource|2235-01-202-3-01|GIA Contract /Outsource||Data|Object-Head|155.44|133.44|133.44|133.44|100.0
64|05|11|2235|Social Security and Welfare|01||202||3||01|Chetana and Rehabilitation of Devadasi Women|422|Schedule Caste Sub Plan|2235-01-202-3-01|Schedule Caste Sub Plan||Data|Object-Head|260.00|195.00|195.00|292.50|100.0
64|05|11|2235|Social Security and Welfare|01||202||3||01|Chetana and Rehabilitation of Devadasi Women|423|Tribal Sub Plan|2235-01-202-3-01|Tribal Sub Plan||Data|Object-Head|40.00|30.00|30.00|45.00|100.0
64|05|11|2235|Social Security and Welfare|01||202||3||01|Chetana and Rehabilitation of Devadasi Women|||||HOA Total :|Total|Detailed-Head|555.44|433.44|433.44|583.44|100.0
64|05|11|2235|Social Security and Welfare|01||911||0||00|Deduct Refunds|||2235-01-911-0-00|Deduct Refunds||Header|Detailed-Head|||||100.0
64|05|11|2235|Social Security and Welfare|01||911||0||00|Deduct Refunds|261|Inter Account Transfers|2235-01-911-0-00|Inter Account Transfers||Data|Object-Head|-0.05||||100.0
64|05|11|2235|Social Security and Welfare|01||911||0||00|Deduct Refunds|||||HOA Total :|Total|Detailed-Head|-0.05|0.00|0.00|0.00|100.0
64|05|11|2235|Social Security and Welfare|02||001||0||01|Directorate of Women and Children Welfare|||2235-02-001-0-01|Directorate of Women and Children Welfare||Header|Detailed-Head|||||100.0
64|05|11|2235|Social Security and Welfare|02||001||0||01|Directorate of Women and Children Welfare|002|Basic Pay|2235-02-001-0-01|Basic Pay||Data|Object-Head|158.74|1083.00|1083.00|1003.00|100.0
64|05|11|2235|Social Security and Welfare|02||001||0||01|Directorate of Women and Children Welfare|003|Basic Pay-Staff|2235-02-001-0-01|Basic Pay-Staff||Data|Object-Head|665.44||||100.0
64|05|11|2235|Social Security and Welfare|02||001||0||01|Directorate of Women and Children Welfare|004|Interim Relief|2235-02-001-0-01|Interim Relief||Data|Object-Head|50.62||||100.0
64|05|11|2235|Social Security and Welfare|02||001||0||01|Directorate of Women and Children Welfare|011|Dearness Allowance|2235-02-001-0-01|Dearness Allowance||Data|Object-Head|189.81|238.00|238.00|251.00|100.0
64|05|11|2235|Social Security and Welfare|02||001||0||01|Directorate of Women and Children Welfare|014|Other Allowance|2235-02-001-0-01|Other Allowance||Data|Object-Head|168.66|207.00|207.00|181.00|100.0
64|05|11|2235|Social Security and Welfare|02||001||0||01|Directorate of Women and Children Welfare|015|Subsidiary Expenses|2235-02-001-0-01|Subsidiary Expenses||Data|Object-Head|23.15|30.00|30.00|30.00|100.0
64|05|11|2235|Social Security and Welfare|02||001||0||01|Directorate of Women and Children Welfare|020|Medical Allowance|2235-02-001-0-01|Medical Allowance||Data|Object-Head|5.37||||100.0
64|05|11|2235|Social Security and Welfare|02||001||0||01|Directorate of Women and Children Welfare|021|Reimbursement of Medical Expenses|2235-02-001-0-01|Reimbursement of Medical Expenses||Data|Object-Head|0.70|15.00|15.00|15.00|100.0
64|05|11|2235|Social Security and Welfare|02||001||0||01|Directorate of Women and Children Welfare|034|Contract/Outsource|2235-02-001-0-01|Contract/Outsource||Data|Object-Head|138.29|168.26|168.26|918.59|100.0
64|05|11|2235|Social Security and Welfare|02||001||0||01|Directorate of Women and Children Welfare|041|Travel Expenses|2235-02-001-0-01|Travel Expenses||Data|Object-Head|7.13|10.00|10.00|10.00|100.0
64|05|11|2235|Social Security and Welfare|02||001||0||01|Directorate of Women and Children Welfare|050|Office Expenses|2235-02-001-0-01|Office Expenses||Data|Object-Head|19.46|22.00|22.00|22.00|100.0
65|05|11|2235|Social Security and Welfare|02||001||0||01|Directorate of Women and Children Welfare|051|General Expenses|2235-02-001-0-01|General Expenses|V|Data|Object-Head|306.52|120.00|500.00|120.00|100.0
65|05|11|2235|Social Security and Welfare|02||001||0||01|Directorate of Women and Children Welfare|052|Telephone Charges|2235-02-001-0-01|Telephone Charges|V|Data|Object-Head|0.90||||100.0
65|05|11|2235|Social Security and Welfare|02||001||0||01|Directorate of Women and Children Welfare|071|Building Expenses|2235-02-001-0-01|Building Expenses|V|Data|Object-Head|1.89|3.00|3.00|3.50|100.0
65|05|11|2235|Social Security and Welfare|02||001||0||01|Directorate of Women and Children Welfare|140|Minor Works|2235-02-001-0-01|Minor Works|V|Data|Object-Head||5.00|5.00|5.00|100.0
65|05|11|2235|Social Security and Welfare|02||001||0||01|Directorate of Women and Children Welfare|195|Transport Expenses|2235-02-001-0-01|Transport Expenses|V|Data|Object-Head|85.08|62.83|62.83|86.85|100.0
65|05|11|2235|Social Security and Welfare|02||001||0||01|Directorate of Women and Children Welfare|324|Honorarium|2235-02-001-0-01|Honorarium|V|Data|Object-Head|473.77|482.85|565.63||100.0
65|05|11|2235|Social Security and Welfare|02||001||0||01|Directorate of Women and Children Welfare||||HOA Total :|V|Total|Detailed-Head|2295.53|2446.94|2909.72|2645.94|100.0
65|05|11|2235|Social Security and Welfare|02||001||0||03|Social Service Complex-Anupalana Gruha-Manasa Kendra|||2235-02-001-0-03|Social Service Complex-Anupalana Gruha-Manasa Kendra|V|Header|Detailed-Head|||||100.0
65|05|11|2235|Social Security and Welfare|02||001||0||03|Social Service Complex-Anupalana Gruha-Manasa Kendra|002|Basic Pay|2235-02-001-0-03|Basic Pay|V|Data|Object-Head||37.00|37.00|31.00|100.0
65|05|11|2235|Social Security and Welfare|02||001||0||03|Social Service Complex-Anupalana Gruha-Manasa Kendra|003|Basic Pay-Staff|2235-02-001-0-03|Basic Pay-Staff|V|Data|Object-Head|32.48||||100.0
65|05|11|2235|Social Security and Welfare|02||001||0||03|Social Service Complex-Anupalana Gruha-Manasa Kendra|004|Interim Relief|2235-02-001-0-03|Interim Relief|V|Data|Object-Head|1.67||||100.0
65|05|11|2235|Social Security and Welfare|02||001||0||03|Social Service Complex-Anupalana Gruha-Manasa Kendra|011|Dearness Allowance|2235-02-001-0-03|Dearness Allowance|V|Data|Object-Head|6.73|9.00|9.00|8.00|100.0
65|05|11|2235|Social Security and Welfare|02||001||0||03|Social Service Complex-Anupalana Gruha-Manasa Kendra|014|Other Allowance|2235-02-001-0-03|Other Allowance|V|Data|Object-Head|8.14|9.00|9.00|7.00|100.0
65|05|11|2235|Social Security and Welfare|02||001||0||03|Social Service Complex-Anupalana Gruha-Manasa Kendra|020|Medical Allowance|2235-02-001-0-03|Medical Allowance|V|Data|Object-Head|0.23||||100.0
65|05|11|2235|Social Security and Welfare|02||001||0||03|Social Service Complex-Anupalana Gruha-Manasa Kendra|021|Reimbursement of Medical Expenses|2235-02-001-0-03|Reimbursement of Medical Expenses|V|Data|Object-Head|0.05|3.00|3.00|3.00|100.0
65|05|11|2235|Social Security and Welfare|02||001||0||03|Social Service Complex-Anupalana Gruha-Manasa Kendra|034|Contract/Outsource|2235-02-001-0-03|Contract/Outsource|V|Data|Object-Head|158.54|168.09|168.09|284.54|100.0
65|05|11|2235|Social Security and Welfare|02||001||0||03|Social Service Complex-Anupalana Gruha-Manasa Kendra|041|Travel Expenses|2235-02-001-0-03|Travel Expenses|V|Data|Object-Head|0.17|1.00|1.00|1.00|100.0
65|05|11|2235|Social Security and Welfare|02||001||0||03|Social Service Complex-Anupalana Gruha-Manasa Kendra|050|Office Expenses|2235-02-001-0-03|Office Expenses|V|Data|Object-Head|8.40|17.00|17.00|17.00|100.0
65|05|11|2235|Social Security and Welfare|02||001||0||03|Social Service Complex-Anupalana Gruha-Manasa Kendra|051|General Expenses|2235-02-001-0-03|General Expenses|V|Data|Object-Head|12.78|1.00|1.00|10.00|100.0
65|05|11|2235|Social Security and Welfare|02||001||0||03|Social Service Complex-Anupalana Gruha-Manasa Kendra|052|Telephone Charges|2235-02-001-0-03|Telephone Charges|V|Data|Object-Head|0.50||||100.0
65|05|11|2235|Social Security and Welfare|02||001||0||03|Social Service Complex-Anupalana Gruha-Manasa Kendra|071|Building Expenses|2235-02-001-0-03|Building Expenses|V|Data|Object-Head|10.72|17.00|17.00|18.00|100.0
65|05|11|2235|Social Security and Welfare|02||001||0||03|Social Service Complex-Anupalana Gruha-Manasa Kendra|103|Grants-in-Aid -General|2235-02-001-0-03|Grants-in-Aid -General|V|Data|Object-Head|37.88|101.00|101.00|60.60|100.0
65|05|11|2235|Social Security and Welfare|02||001||0||03|Social Service Complex-Anupalana Gruha-Manasa Kendra|221|Materials and Supplies|2235-02-001-0-03|Materials and Supplies|V|Data|Object-Head|1.09|6.00|6.00|84.00|100.0
65|05|11|2235|Social Security and Welfare|02||001||0||03|Social Service Complex-Anupalana Gruha-Manasa Kendra|234|Diet Expenses|2235-02-001-0-03|Diet Expenses|V|Data|Object-Head|102.96|75.00|75.00|80.00|100.0
65|05|11|2235|Social Security and Welfare|02||001||0||03|Social Service Complex-Anupalana Gruha-Manasa Kendra|422|Schedule Caste Sub Plan|2235-02-001-0-03|Schedule Caste Sub Plan|V|Data|Object-Head||17.00|17.00|10.20|100.0
65|05|11|2235|Social Security and Welfare|02||001||0||03|Social Service Complex-Anupalana Gruha-Manasa Kendra|423|Tribal Sub Plan|2235-02-001-0-03|Tribal Sub Plan|V|Data|Object-Head||7.00|7.00|4.20|100.0
65|05|11|2235|Social Security and Welfare|02||001||0||03|Social Service Complex-Anupalana Gruha-Manasa Kendra||||HOA Total :|V|Total|Detailed-Head|382.34|468.09|468.09|618.54|100.0
66|05|11|2235|Social Security and Welfare|02||001||0||05|Directorate for Disabled|||2235-02-001-0-05|Directorate for Disabled|V|Header|Detailed-Head|||||100.0
66|05|11|2235|Social Security and Welfare|02||001||0||05|Directorate for Disabled|002|Basic Pay|2235-02-001-0-05|Basic Pay|V|Data|Object-Head|61.84|142.00|142.00|142.00|100.0
66|05|11|2235|Social Security and Welfare|02||001||0||05|Directorate for Disabled|003|Basic Pay-Staff|2235-02-001-0-05|Basic Pay-Staff|V|Data|Object-Head|74.40||||100.0
66|05|11|2235|Social Security and Welfare|02||001||0||05|Directorate for Disabled|004|Interim Relief|2235-02-001-0-05|Interim Relief|V|Data|Object-Head|7.97||||100.0
66|05|11|2235|Social Security and Welfare|02||001||0||05|Directorate for Disabled|011|Dearness Allowance|2235-02-001-0-05|Dearness Allowance|V|Data|Object-Head|29.95|32.00|32.00|36.00|100.0
66|05|11|2235|Social Security and Welfare|02||001||0||05|Directorate for Disabled|014|Other Allowance|2235-02-001-0-05|Other Allowance|V|Data|Object-Head|29.66|33.00|33.00|32.00|100.0
66|05|11|2235|Social Security and Welfare|02||001||0||05|Directorate for Disabled|020|Medical Allowance|2235-02-001-0-05|Medical Allowance|V|Data|Object-Head|0.56||||100.0
66|05|11|2235|Social Security and Welfare|02||001||0||05|Directorate for Disabled|021|Reimbursement of Medical Expenses|2235-02-001-0-05|Reimbursement of Medical Expenses|V|Data|Object-Head|1.97|9.00|9.00|9.00|100.0
66|05|11|2235|Social Security and Welfare|02||001||0||05|Directorate for Disabled|034|Contract/Outsource|2235-02-001-0-05|Contract/Outsource|V|Data|Object-Head|28.32|28.51|28.51|31.72|100.0
66|05|11|2235|Social Security and Welfare|02||001||0||05|Directorate for Disabled|041|Travel Expenses|2235-02-001-0-05|Travel Expenses|V|Data|Object-Head|1.63|2.00|2.00|2.00|100.0
66|05|11|2235|Social Security and Welfare|02||001||0||05|Directorate for Disabled|050|Office Expenses|2235-02-001-0-05|Office Expenses|V|Data|Object-Head|9.39|7.00|7.00|7.00|100.0
66|05|11|2235|Social Security and Welfare|02||001||0||05|Directorate for Disabled|051|General Expenses|2235-02-001-0-05|General Expenses|V|Data|Object-Head|26.18|15.00|15.00|15.00|100.0
66|05|11|2235|Social Security and Welfare|02||001||0||05|Directorate for Disabled|052|Telephone Charges|2235-02-001-0-05|Telephone Charges|V|Data|Object-Head|0.85||||100.0
66|05|11|2235|Social Security and Welfare|02||001||0||05|Directorate for Disabled|071|Building Expenses|2235-02-001-0-05|Building Expenses|V|Data|Object-Head|5.54|6.00|6.00|6.00|100.0
66|05|11|2235|Social Security and Welfare|02||001||0||05|Directorate for Disabled|195|Transport Expenses|2235-02-001-0-05|Transport Expenses|V|Data|Object-Head|8.82|12.20|12.20|15.77|100.0
66|05|11|2235|Social Security and Welfare|02||001||0||05|Directorate for Disabled||||HOA Total :|V|Total|Detailed-Head|287.08|286.71|286.71|296.49|100.0
66|05|11|2235|Social Security and Welfare|02||001||0||06|Womens Development Corporation - Establishment and Administration|||2235-02-001-0-06|Womens Development Corporation - Establishment and Administration|V|Header|Detailed-Head|||||100.0
66|05|11|2235|Social Security and Welfare|02||001||0||06|Womens Development Corporation - Establishment and Administration|101|Grants-in-Aid-Salaries|2235-02-001-0-06|Grants-in-Aid-Salaries|V|Data|Object-Head|515.27|572.11|572.11|552.25|100.0
66|05|11|2235|Social Security and Welfare|02||001||0||06|Womens Development Corporation - Establishment and Administration|103|Grants-in-Aid -General|2235-02-001-0-06|Grants-in-Aid -General|V|Data|Object-Head|1.00|100.00|100.00|200.00|100.0
66|05|11|2235|Social Security and Welfare|02||001||0||06|Womens Development Corporation - Establishment and Administration|115|GIA Contract /Outsource|2235-02-001-0-06|GIA Contract /Outsource|V|Data|Object-Head|51.47|73.60|73.60|78.15|100.0
66|05|11|2235|Social Security and Welfare|02||001||0||06|Womens Development Corporation - Establishment and Administration||||HOA Total :|V|Total|Detailed-Head|567.74|745.71|745.71|830.40|100.0
66|05|11|2235|Social Security and Welfare|02||001||0||10|Interest Subsidy for Women through KSFC|||2235-02-001-0-10|Interest Subsidy for Women through KSFC|V|Header|Detailed-Head|||||100.0
66|05|11|2235|Social Security and Welfare|02||001||0||10|Interest Subsidy for Women through KSFC|106|Subsidies|2235-02-001-0-10|Subsidies|V|Data|Object-Head|5500.00||||100.0
66|05|11|2235|Social Security and Welfare|02||001||0||10|Interest Subsidy for Women through KSFC||||HOA Total :|V|Total|Detailed-Head|5500.00|0.00|0.00|0.00|100.0
67|05|11|2235|Social Security and Welfare|02|Social Welfare|001|Direction and Administration|0||11|Unspent SCSP-TSP Amount as per the SCSP-TSP Act 2013|||2235-02-001-0-11|Unspent SCSP-TSP Amount as per the SCSP-TSP Act 2013|V|Header|Detailed-Head|||||100.0
67|05|11|2235|Social Security and Welfare|02|Social Welfare|001|Direction and Administration|0||11|Unspent SCSP-TSP Amount as per the SCSP-TSP Act 2013|422|Schedule Caste Sub Plan|2235-02-001-0-11|Schedule Caste Sub Plan|V|Data|Object-Head|540.99|692.15|692.15|14.15|100.0
67|05|11|2235|Social Security and Welfare|02|Social Welfare|001|Direction and Administration|0||11|Unspent SCSP-TSP Amount as per the SCSP-TSP Act 2013|423|Tribal Sub Plan|2235-02-001-0-11|Tribal Sub Plan|V|Data|Object-Head|216.11|341.87|341.87|8.48|100.0
67|05|11|2235|Social Security and Welfare|02|Social Welfare|001|Direction and Administration|0||11|Unspent SCSP-TSP Amount as per the SCSP-TSP Act 2013||||HOA Total :|V|Total|Detailed-Head|757.10|1034.02|1034.02|22.63|100.0
67|05|11|2235|Social Security and Welfare|02|Social Welfare|101|Welfare of Handicapped|0||02|Government Schools for the Deaf and Blind|||2235-02-101-0-02|Government Schools for the Deaf and Blind|V|Header|Detailed-Head|||||100.0
67|05|11|2235|Social Security and Welfare|02|Social Welfare|101|Welfare of Handicapped|0||02|Government Schools for the Deaf and Blind|002|Basic Pay|2235-02-101-0-02|Basic Pay|V|Data|Object-Head|9.76|52.00|52.00|46.00|100.0
67|05|11|2235|Social Security and Welfare|02|Social Welfare|101|Welfare of Handicapped|0||02|Government Schools for the Deaf and Blind|003|Basic Pay-Staff|2235-02-101-0-02|Basic Pay-Staff|V|Data|Object-Head|30.42||||100.0
67|05|11|2235|Social Security and Welfare|02|Social Welfare|101|Welfare of Handicapped|0||02|Government Schools for the Deaf and Blind|004|Interim Relief|2235-02-101-0-02|Interim Relief|V|Data|Object-Head|2.42||||100.0
67|05|11|2235|Social Security and Welfare|02|Social Welfare|101|Welfare of Handicapped|0||02|Government Schools for the Deaf and Blind|011|Dearness Allowance|2235-02-101-0-02|Dearness Allowance|V|Data|Object-Head|9.14|12.00|12.00|12.00|100.0
67|05|11|2235|Social Security and Welfare|02|Social Welfare|101|Welfare of Handicapped|0||02|Government Schools for the Deaf and Blind|014|Other Allowance|2235-02-101-0-02|Other Allowance|V|Data|Object-Head|8.11|12.00|12.00|9.00|100.0
67|05|11|2235|Social Security and Welfare|02|Social Welfare|101|Welfare of Handicapped|0||02|Government Schools for the Deaf and Blind|020|Medical Allowance|2235-02-101-0-02|Medical Allowance|V|Data|Object-Head|0.22||||100.0
67|05|11|2235|Social Security and Welfare|02|Social Welfare|101|Welfare of Handicapped|0||02|Government Schools for the Deaf and Blind|021|Reimbursement of Medical Expenses|2235-02-101-0-02|Reimbursement of Medical Expenses|V|Data|Object-Head||3.00|3.00|3.00|100.0
67|05|11|2235|Social Security and Welfare|02|Social Welfare|101|Welfare of Handicapped|0||02|Government Schools for the Deaf and Blind|034|Contract/Outsource|2235-02-101-0-02|Contract/Outsource|V|Data|Object-Head|75.18|75.93|75.93|97.21|100.0
67|05|11|2235|Social Security and Welfare|02|Social Welfare|101|Welfare of Handicapped|0||02|Government Schools for the Deaf and Blind|041|Travel Expenses|2235-02-101-0-02|Travel Expenses|V|Data|Object-Head|0.49|2.00|2.00|2.00|100.0
67|05|11|2235|Social Security and Welfare|02|Social Welfare|101|Welfare of Handicapped|0||02|Government Schools for the Deaf and Blind|050|Office Expenses|2235-02-101-0-02|Office Expenses|V|Data|Object-Head|4.54|7.00|7.00|10.00|100.0
67|05|11|2235|Social Security and Welfare|02|Social Welfare|101|Welfare of Handicapped|0||02|Government Schools for the Deaf and Blind|051|General Expenses|2235-02-101-0-02|General Expenses|V|Data|Object-Head|4.48|79.00|179.00|7.00|100.0
67|05|11|2235|Social Security and Welfare|02|Social Welfare|101|Welfare of Handicapped|0||02|Government Schools for the Deaf and Blind|052|Telephone Charges|2235-02-101-0-02|Telephone Charges|V|Data|Object-Head|1.08||||100.0
67|05|11|2235|Social Security and Welfare|02|Social Welfare|101|Welfare of Handicapped|0||02|Government Schools for the Deaf and Blind|071|Building Expenses|2235-02-101-0-02|Building Expenses|V|Data|Object-Head|9.09|12.00|12.00|12.00|100.0
67|05|11|2235|Social Security and Welfare|02|Social Welfare|101|Welfare of Handicapped|0||02|Government Schools for the Deaf and Blind|180|Machinery and Equipments|2235-02-101-0-02|Machinery and Equipments|V|Data|Object-Head|0.75||||100.0
67|05|11|2235|Social Security and Welfare|02|Social Welfare|101|Welfare of Handicapped|0||02|Government Schools for the Deaf and Blind|221|Materials and Supplies|2235-02-101-0-02|Materials and Supplies|V|Data|Object-Head|10.84|19.00|19.00|19.00|100.0
67|05|11|2235|Social Security and Welfare|02|Social Welfare|101|Welfare of Handicapped|0||02|Government Schools for the Deaf and Blind|234|Diet Expenses|2235-02-101-0-02|Diet Expenses|V|Data|Object-Head|56.29|62.00|62.00|64.00|100.0
67|05|11|2235|Social Security and Welfare|02|Social Welfare|101|Welfare of Handicapped|0||02|Government Schools for the Deaf and Blind||||HOA Total :|V|Total|Detailed-Head|222.81|335.93|435.93|281.21|100.0
68|05|11|2235|Social Security and Welfare|02|Social Welfare|101|Welfare of Handicapped|0||05|Scholarship to the Physically Handicapped|||2235-02-101-0-05|Scholarship to the Physically Handicapped|V|Header|Detailed-Head|||||100.0
68|05|11|2235|Social Security and Welfare|02|Social Welfare|101|Welfare of Handicapped|0||05|Scholarship to the Physically Handicapped|117|Scholarships & Incentives|2235-02-101-0-05|Scholarships & Incentives|V|Data|Object-Head|451.00|441.00|441.00|504.00|100.0
68|05|11|2235|Social Security and Welfare|02|Social Welfare|101|Welfare of Handicapped|0||05|Scholarship to the Physically Handicapped|422|Schedule Caste Sub Plan|2235-02-101-0-05|Schedule Caste Sub Plan|V|Data|Object-Head|58.79|58.80|58.80|67.20|100.0
68|05|11|2235|Social Security and Welfare|02|Social Welfare|101|Welfare of Handicapped|0||05|Scholarship to the Physically Handicapped|423|Tribal Sub Plan|2235-02-101-0-05|Tribal Sub Plan|V|Data|Object-Head|25.19|25.20|25.20|28.80|100.0
68|05|11|2235|Social Security and Welfare|02|Social Welfare|101|Welfare of Handicapped|0||05|Scholarship to the Physically Handicapped||||HOA Total :|V|Total|Detailed-Head|534.98|525.00|525.00|600.00|100.0
68|05|11|2235|Social Security and Welfare|02|Social Welfare|101|Welfare of Handicapped|0||41|CSS-Central Share-(100% Central)-Implementation of the Disability Act for Disabled Persons (SIPDA)|||2235-02-101-0-41|CSS-Central Share-(100% Central)-Implementation of the Disability Act for Disabled Persons (SIPDA)|V|Header|Detailed-Head|||||100.0
68|05|11|2235|Social Security and Welfare|02|Social Welfare|101|Welfare of Handicapped|0||41|CSS-Central Share-(100% Central)-Implementation of the Disability Act for Disabled Persons (SIPDA)|059|Other Expenses|2235-02-101-0-41|Other Expenses|V|Data|Object-Head||50.00|50.00|50.00|100.0
68|05|11|2235|Social Security and Welfare|02|Social Welfare|101|Welfare of Handicapped|0||41|CSS-Central Share-(100% Central)-Implementation of the Disability Act for Disabled Persons (SIPDA)||||HOA Total :|V|Total|Detailed-Head|0.00|50.00|50.00|50.00|100.0
68|05|11|2235|Social Security and Welfare|02|Social Welfare|101|Welfare of Handicapped|0||47|Commissionerate for Persons with Disability Act - 1995|||2235-02-101-0-47|Commissionerate for Persons with Disability Act - 1995|V|Header|Detailed-Head|||||100.0
68|05|11|2235|Social Security and Welfare|02|Social Welfare|101|Welfare of Handicapped|0||47|Commissionerate for Persons with Disability Act - 1995|001|Consolidated Salaries|2235-02-101-0-47|Consolidated Salaries|V|Data|Object-Head||36.00|36.00|36.00|100.0
68|05|11|2235|Social Security and Welfare|02|Social Welfare|101|Welfare of Handicapped|0||47|Commissionerate for Persons with Disability Act - 1995|002|Basic Pay|2235-02-101-0-47|Basic Pay|V|Data|Object-Head|8.42|35.00|35.00|37.00|100.0
68|05|11|2235|Social Security and Welfare|02|Social Welfare|101|Welfare of Handicapped|0||47|Commissionerate for Persons with Disability Act - 1995|003|Basic Pay-Staff|2235-02-101-0-47|Basic Pay-Staff|V|Data|Object-Head|20.18||||100.0
68|05|11|2235|Social Security and Welfare|02|Social Welfare|101|Welfare of Handicapped|0||47|Commissionerate for Persons with Disability Act - 1995|004|Interim Relief|2235-02-101-0-47|Interim Relief|V|Data|Object-Head|1.55||||100.0
68|05|11|2235|Social Security and Welfare|02|Social Welfare|101|Welfare of Handicapped|0||47|Commissionerate for Persons with Disability Act - 1995|011|Dearness Allowance|2235-02-101-0-47|Dearness Allowance|V|Data|Object-Head|6.11|8.00|8.00|9.00|100.0
68|05|11|2235|Social Security and Welfare|02|Social Welfare|101|Welfare of Handicapped|0||47|Commissionerate for Persons with Disability Act - 1995|014|Other Allowance|2235-02-101-0-47|Other Allowance|V|Data|Object-Head|8.32|11.00|11.00|10.00|100.0
68|05|11|2235|Social Security and Welfare|02|Social Welfare|101|Welfare of Handicapped|0||47|Commissionerate for Persons with Disability Act - 1995|020|Medical Allowance|2235-02-101-0-47|Medical Allowance|V|Data|Object-Head|0.15||||100.0
68|05|11|2235|Social Security and Welfare|02|Social Welfare|101|Welfare of Handicapped|0||47|Commissionerate for Persons with Disability Act - 1995|021|Reimbursement of Medical Expenses|2235-02-101-0-47|Reimbursement of Medical Expenses|V|Data|Object-Head||3.00|3.00|3.00|100.0
68|05|11|2235|Social Security and Welfare|02|Social Welfare|101|Welfare of Handicapped|0||47|Commissionerate for Persons with Disability Act - 1995|034|Contract/Outsource|2235-02-101-0-47|Contract/Outsource|V|Data|Object-Head|54.17|11.74|11.74|12.14|100.0
68|05|11|2235|Social Security and Welfare|02|Social Welfare|101|Welfare of Handicapped|0||47|Commissionerate for Persons with Disability Act - 1995|041|Travel Expenses|2235-02-101-0-47|Travel Expenses|V|Data|Object-Head|0.70|1.00|1.00|1.00|100.0
68|05|11|2235|Social Security and Welfare|02|Social Welfare|101|Welfare of Handicapped|0||47|Commissionerate for Persons with Disability Act - 1995|050|Office Expenses|2235-02-101-0-47|Office Expenses|V|Data|Object-Head|2.87|5.00|5.00|5.00|100.0
68|05|11|2235|Social Security and Welfare|02|Social Welfare|101|Welfare of Handicapped|0||47|Commissionerate for Persons with Disability Act - 1995|051|General Expenses|2235-02-101-0-47|General Expenses|V|Data|Object-Head|7.97|5.00|5.00|5.00|100.0
68|05|11|2235|Social Security and Welfare|02|Social Welfare|101|Welfare of Handicapped|0||47|Commissionerate for Persons with Disability Act - 1995|052|Telephone Charges|2235-02-101-0-47|Telephone Charges|V|Data|Object-Head|0.29||||100.0
68|05|11|2235|Social Security and Welfare|02|Social Welfare|101|Welfare of Handicapped|0||47|Commissionerate for Persons with Disability Act - 1995|071|Building Expenses|2235-02-101-0-47|Building Expenses|V|Data|Object-Head|24.97|30.00|30.00|30.00|100.0
69|05|11|2235|Social Security and Welfare|02|Social Welfare|101|Welfare of Handicapped|0||47|Commissionerate for Persons with Disability Act - 1995|195|Transport Expenses|2235-02-101-0-47|Transport Expenses|V|Data|Object-Head|2.30|9.43|9.43|9.83|100.0
69|05|11|2235|Social Security and Welfare|02|Social Welfare|101|Welfare of Handicapped|0||47|Commissionerate for Persons with Disability Act - 1995||||HOA Total :|V|Total|Detailed-Head|138.00|155.17|155.17|157.97|100.0
69|05|11|2235|Social Security and Welfare|02|Social Welfare|101|Welfare of Handicapped|0||50|Hostels for Disabled Women|||2235-02-101-0-50|Hostels for Disabled Women|V|Header|Detailed-Head|||||100.0
69|05|11|2235|Social Security and Welfare|02|Social Welfare|101|Welfare of Handicapped|0||50|Hostels for Disabled Women|103|Grants-in-Aid -General|2235-02-101-0-50|Grants-in-Aid -General|V|Data|Object-Head|382.18|342.00|342.00||100.0
69|05|11|2235|Social Security and Welfare|02|Social Welfare|101|Welfare of Handicapped|0||50|Hostels for Disabled Women|422|Schedule Caste Sub Plan|2235-02-101-0-50|Schedule Caste Sub Plan|V|Data|Object-Head||77.00|77.00||100.0
69|05|11|2235|Social Security and Welfare|02|Social Welfare|101|Welfare of Handicapped|0||50|Hostels for Disabled Women|423|Tribal Sub Plan|2235-02-101-0-50|Tribal Sub Plan|V|Data|Object-Head||31.00|31.00||100.0
69|05|11|2235|Social Security and Welfare|02|Social Welfare|101|Welfare of Handicapped|0||50|Hostels for Disabled Women||||HOA Total :|V|Total|Detailed-Head|382.18|450.00|450.00|0.00|100.0
69|05|11|2235|Social Security and Welfare|02|Social Welfare|101|Welfare of Handicapped|0||52|Aids and Appliances for the Disabled|||2235-02-101-0-52|Aids and Appliances for the Disabled|V|Header|Detailed-Head|||||100.0
69|05|11|2235|Social Security and Welfare|02|Social Welfare|101|Welfare of Handicapped|0||52|Aids and Appliances for the Disabled|051|General Expenses|2235-02-101-0-52|General Expenses|V|Data|Object-Head|690.00||||100.0
69|05|11|2235|Social Security and Welfare|02|Social Welfare|101|Welfare of Handicapped|0||52|Aids and Appliances for the Disabled|059|Other Expenses|2235-02-101-0-52|Other Expenses|V|Data|Object-Head|377.39||||100.0
69|05|11|2235|Social Security and Welfare|02|Social Welfare|101|Welfare of Handicapped|0||52|Aids and Appliances for the Disabled|221|Materials and Supplies|2235-02-101-0-52|Materials and Supplies|V|Data|Object-Head||1000.00|1000.00||100.0
69|05|11|2235|Social Security and Welfare|02|Social Welfare|101|Welfare of Handicapped|0||52|Aids and Appliances for the Disabled|422|Schedule Caste Sub Plan|2235-02-101-0-52|Schedule Caste Sub Plan|V|Data|Object-Head|155.75|100.00|100.00||100.0
69|05|11|2235|Social Security and Welfare|02|Social Welfare|101|Welfare of Handicapped|0||52|Aids and Appliances for the Disabled|423|Tribal Sub Plan|2235-02-101-0-52|Tribal Sub Plan|V|Data|Object-Head|64.75|40.00|40.00||100.0
69|05|11|2235|Social Security and Welfare|02|Social Welfare|101|Welfare of Handicapped|0||52|Aids and Appliances for the Disabled||||HOA Total :|V|Total|Detailed-Head|1287.89|1140.00|1140.00|0.00|100.0
69|05|11|2235|Social Security and Welfare|02|Social Welfare|101|Welfare of Handicapped|0||53|NPRPD Programme for the Disabled|||2235-02-101-0-53|NPRPD Programme for the Disabled|V|Header|Detailed-Head|||||100.0
69|05|11|2235|Social Security and Welfare|02|Social Welfare|101|Welfare of Handicapped|0||53|NPRPD Programme for the Disabled|051|General Expenses|2235-02-101-0-53|General Expenses|V|Data|Object-Head||1.00|1.00|1.00|100.0
69|05|11|2235|Social Security and Welfare|02|Social Welfare|101|Welfare of Handicapped|0||53|NPRPD Programme for the Disabled|324|Honorarium|2235-02-101-0-53|Honorarium|V|Data|Object-Head|6041.82|7200.00|7104.00|7500.00|100.0
69|05|11|2235|Social Security and Welfare|02|Social Welfare|101|Welfare of Handicapped|0||53|NPRPD Programme for the Disabled||||HOA Total :|V|Total|Detailed-Head|6041.82|7201.00|7105.00|7501.00|100.0
69|05|11|2235|Social Security and Welfare|02|Social Welfare|101|Welfare of Handicapped|0||55|Placement Cell of the Different Abled|||2235-02-101-0-55|Placement Cell of the Different Abled|V|Header|Detailed-Head|||||100.0
69|05|11|2235|Social Security and Welfare|02|Social Welfare|101|Welfare of Handicapped|0||55|Placement Cell of the Different Abled|059|Other Expenses|2235-02-101-0-55|Other Expenses|V|Data|Object-Head|1.00|3.00|3.00|3.00|100.0
69|05|11|2235|Social Security and Welfare|02|Social Welfare|101|Welfare of Handicapped|0||55|Placement Cell of the Different Abled||||HOA Total :|V|Total|Detailed-Head|1.00|3.00|3.00|3.00|100.0
70|05|11|2235|Social Security and Welfare|02|Social Welfare|101|Welfare of Handicapped|0||99|Welfare of Physically & Mentally Challenged|||2235-02-101-0-99|Welfare of Physically & Mentally Challenged|V|Header|Detailed-Head|||||100.0
70|05|11|2235|Social Security and Welfare|02|Social Welfare|101|Welfare of Handicapped|0||99|Welfare of Physically & Mentally Challenged|002|Basic Pay|2235-02-101-0-99|Basic Pay|V|Data|Object-Head|156.35|1023.00|1031.43|987.00|100.0
70|05|11|2235|Social Security and Welfare|02|Social Welfare|101|Welfare of Handicapped|0||99|Welfare of Physically & Mentally Challenged|003|Basic Pay-Staff|2235-02-101-0-99|Basic Pay-Staff|V|Data|Object-Head|727.48||||100.0
70|05|11|2235|Social Security and Welfare|02|Social Welfare|101|Welfare of Handicapped|0||99|Welfare of Physically & Mentally Challenged|004|Interim Relief|2235-02-101-0-99|Interim Relief|V|Data|Object-Head|49.59||||100.0
70|05|11|2235|Social Security and Welfare|02|Social Welfare|101|Welfare of Handicapped|0||99|Welfare of Physically & Mentally Challenged|011|Dearness Allowance|2235-02-101-0-99|Dearness Allowance|V|Data|Object-Head|191.40|225.00|225.00|247.00|100.0
70|05|11|2235|Social Security and Welfare|02|Social Welfare|101|Welfare of Handicapped|0||99|Welfare of Physically & Mentally Challenged|014|Other Allowance|2235-02-101-0-99|Other Allowance|V|Data|Object-Head|147.56|171.00|172.82|155.00|100.0
70|05|11|2235|Social Security and Welfare|02|Social Welfare|101|Welfare of Handicapped|0||99|Welfare of Physically & Mentally Challenged|020|Medical Allowance|2235-02-101-0-99|Medical Allowance|V|Data|Object-Head|5.90||||100.0
70|05|11|2235|Social Security and Welfare|02|Social Welfare|101|Welfare of Handicapped|0||99|Welfare of Physically & Mentally Challenged|021|Reimbursement of Medical Expenses|2235-02-101-0-99|Reimbursement of Medical Expenses|V|Data|Object-Head|14.29|15.00|15.00|15.00|100.0
70|05|11|2235|Social Security and Welfare|02|Social Welfare|101|Welfare of Handicapped|0||99|Welfare of Physically & Mentally Challenged|034|Contract/Outsource|2235-02-101-0-99|Contract/Outsource|V|Data|Object-Head|343.18|350.75|350.75|574.34|100.0
70|05|11|2235|Social Security and Welfare|02|Social Welfare|101|Welfare of Handicapped|0||99|Welfare of Physically & Mentally Challenged|041|Travel Expenses|2235-02-101-0-99|Travel Expenses|V|Data|Object-Head|2.82|5.00|5.00|5.00|100.0
70|05|11|2235|Social Security and Welfare|02|Social Welfare|101|Welfare of Handicapped|0||99|Welfare of Physically & Mentally Challenged|050|Office Expenses|2235-02-101-0-99|Office Expenses|V|Data|Object-Head|14.75|20.00|20.00|20.00|100.0
70|05|11|2235|Social Security and Welfare|02|Social Welfare|101|Welfare of Handicapped|0||99|Welfare of Physically & Mentally Challenged|051|General Expenses|2235-02-101-0-99|General Expenses|V|Data|Object-Head|224.86|215.00|215.00|224.00|100.0
70|05|11|2235|Social Security and Welfare|02|Social Welfare|101|Welfare of Handicapped|0||99|Welfare of Physically & Mentally Challenged|052|Telephone Charges|2235-02-101-0-99|Telephone Charges|V|Data|Object-Head|5.68||||100.0
70|05|11|2235|Social Security and Welfare|02|Social Welfare|101|Welfare of Handicapped|0||99|Welfare of Physically & Mentally Challenged|071|Building Expenses|2235-02-101-0-99|Building Expenses|V|Data|Object-Head|47.39|76.00|76.00|76.00|100.0
70|05|11|2235|Social Security and Welfare|02|Social Welfare|101|Welfare of Handicapped|0||99|Welfare of Physically & Mentally Challenged|100|Financial Assistance/Relief|2235-02-101-0-99|Financial Assistance/Relief|V|Data|Object-Head|854.02|1768.00|1768.00|1768.00|100.0
70|05|11|2235|Social Security and Welfare|02|Social Welfare|101|Welfare of Handicapped|0||99|Welfare of Physically & Mentally Challenged|180|Machinery and Equipments|2235-02-101-0-99|Machinery and Equipments|V|Data|Object-Head|1.98||||100.0
70|05|11|2235|Social Security and Welfare|02|Social Welfare|101|Welfare of Handicapped|0||99|Welfare of Physically & Mentally Challenged|195|Transport Expenses|2235-02-101-0-99|Transport Expenses|V|Data|Object-Head|135.57|157.96|157.96|157.96|100.0
70|05|11|2235|Social Security and Welfare|02|Social Welfare|101|Welfare of Handicapped|0||99|Welfare of Physically & Mentally Challenged|200|Maintenance Expenditure|2235-02-101-0-99|Maintenance Expenditure|V|Data|Object-Head|50.00|20.00|20.00|50.00|100.0
70|05|11|2235|Social Security and Welfare|02|Social Welfare|101|Welfare of Handicapped|0||99|Welfare of Physically & Mentally Challenged|221|Materials and Supplies|2235-02-101-0-99|Materials and Supplies|V|Data|Object-Head||2.00|2.00|2.00|100.0
70|05|11|2235|Social Security and Welfare|02|Social Welfare|101|Welfare of Handicapped|0||99|Welfare of Physically & Mentally Challenged|324|Honorarium|2235-02-101-0-99|Honorarium|V|Data|Object-Head|31.49|31.00|31.00|31.00|100.0
70|05|11|2235|Social Security and Welfare|02|Social Welfare|101|Welfare of Handicapped|0||99|Welfare of Physically & Mentally Challenged|422|Schedule Caste Sub Plan|2235-02-101-0-99|Schedule Caste Sub Plan|V|Data|Object-Head|118.91|342.52|342.52|342.53|100.0
70|05|11|2235|Social Security and Welfare|02|Social Welfare|101|Welfare of Handicapped|0||99|Welfare of Physically & Mentally Challenged|423|Tribal Sub Plan|2235-02-101-0-99|Tribal Sub Plan|V|Data|Object-Head|31.94|143.21|143.21|143.20|100.0
70|05|11|2235|Social Security and Welfare|02|Social Welfare|101|Welfare of Handicapped|0||99|Welfare of Physically & Mentally Challenged||||HOA Total :|V|Total|Detailed-Head|3155.16|4565.44|4575.69|4798.03|100.0
70|05|11|2235|Social Security and Welfare|02|Social Welfare|102|Child Welfare|0||04|State ICDS Cell|||2235-02-102-0-04|State ICDS Cell|V|Header|Detailed-Head|||||100.0
70|05|11|2235|Social Security and Welfare|02|Social Welfare|102|Child Welfare|0||04|State ICDS Cell|002|Basic Pay|2235-02-102-0-04|Basic Pay|V|Data|Object-Head|59.42|135.00|142.46|189.00|100.0
70|05|11|2235|Social Security and Welfare|02|Social Welfare|102|Child Welfare|0||04|State ICDS Cell|003|Basic Pay-Staff|2235-02-102-0-04|Basic Pay-Staff|V|Data|Object-Head|55.46||||100.0
71|05|11|2235|Social Security and Welfare|02|Social Welfare|102|Child Welfare|0||04|State ICDS Cell|004|Interim Relief|2235-02-102-0-04|Interim Relief|V|Data|Object-Head|8.63||||100.0
71|05|11|2235|Social Security and Welfare|02|Social Welfare|102|Child Welfare|0||04|State ICDS Cell|011|Dearness Allowance|2235-02-102-0-04|Dearness Allowance|V|Data|Object-Head|29.36|30.00|30.00|47.00|100.0
71|05|11|2235|Social Security and Welfare|02|Social Welfare|102|Child Welfare|0||04|State ICDS Cell|014|Other Allowance|2235-02-102-0-04|Other Allowance|V|Data|Object-Head|24.89|27.00|31.78|42.00|100.0
71|05|11|2235|Social Security and Welfare|02|Social Welfare|102|Child Welfare|0||04|State ICDS Cell|020|Medical Allowance|2235-02-102-0-04|Medical Allowance|V|Data|Object-Head|0.52||||100.0
71|05|11|2235|Social Security and Welfare|02|Social Welfare|102|Child Welfare|0||04|State ICDS Cell|021|Reimbursement of Medical Expenses|2235-02-102-0-04|Reimbursement of Medical Expenses|V|Data|Object-Head||9.00|9.00|12.00|100.0
71|05|11|2235|Social Security and Welfare|02|Social Welfare|102|Child Welfare|0||04|State ICDS Cell|034|Contract/Outsource|2235-02-102-0-04|Contract/Outsource|V|Data|Object-Head|14.11|14.95|14.95|15.46|100.0
71|05|11|2235|Social Security and Welfare|02|Social Welfare|102|Child Welfare|0||04|State ICDS Cell|041|Travel Expenses|2235-02-102-0-04|Travel Expenses|V|Data|Object-Head|1.69|2.00|2.00|2.00|100.0
71|05|11|2235|Social Security and Welfare|02|Social Welfare|102|Child Welfare|0||04|State ICDS Cell|050|Office Expenses|2235-02-102-0-04|Office Expenses|V|Data|Object-Head||25.00|25.00|25.00|100.0
71|05|11|2235|Social Security and Welfare|02|Social Welfare|102|Child Welfare|0||04|State ICDS Cell|051|General Expenses|2235-02-102-0-04|General Expenses|V|Data|Object-Head|52.00|52.00|52.00|52.00|100.0
71|05|11|2235|Social Security and Welfare|02|Social Welfare|102|Child Welfare|0||04|State ICDS Cell|052|Telephone Charges|2235-02-102-0-04|Telephone Charges|V|Data|Object-Head|0.47||||100.0
71|05|11|2235|Social Security and Welfare|02|Social Welfare|102|Child Welfare|0||04|State ICDS Cell|195|Transport Expenses|2235-02-102-0-04|Transport Expenses|V|Data|Object-Head|15.61|15.79|15.79|20.75|100.0
71|05|11|2235|Social Security and Welfare|02|Social Welfare|102|Child Welfare|0||04|State ICDS Cell|||2235-02-102-0-04|HOA Total :|V|Total|Detailed-Head|262.16|310.74|322.98|405.21|100.0
71|05|11|2235|Social Security and Welfare|02|Social Welfare|102|Child Welfare|0||05|CSS-Central Share-Training of Anganwadi Workers & Helpers|||2235-02-102-0-05|CSS-Central Share-Training of Anganwadi Workers & Helpers|V|Header|Detailed-Head|||||100.0
71|05|11|2235|Social Security and Welfare|02|Social Welfare|102|Child Welfare|0||05|CSS-Central Share-Training of Anganwadi Workers & Helpers|015|Subsidiary Expenses|2235-02-102-0-05|Subsidiary Expenses|V|Data|Object-Head||1.00|1.00|1.00|100.0
71|05|11|2235|Social Security and Welfare|02|Social Welfare|102|Child Welfare|0||05|CSS-Central Share-Training of Anganwadi Workers & Helpers|||2235-02-102-0-05|HOA Total :|V|Total|Detailed-Head|0.00|1.00|1.00|1.00|100.0
71|05|11|2235|Social Security and Welfare|02|Social Welfare|102|Child Welfare|0||13|CSS-Central Share-Palna|||2235-02-102-0-13|CSS-Central Share-Palna|V|Header|Detailed-Head|||||100.0
71|05|11|2235|Social Security and Welfare|02|Social Welfare|102|Child Welfare|0||13|CSS-Central Share-Palna|103|Grants-in-Aid -General|2235-02-102-0-13|Grants-in-Aid -General|V|Data|Object-Head|56.12|1.00|143.44|143.00|100.0
71|05|11|2235|Social Security and Welfare|02|Social Welfare|102|Child Welfare|0||13|CSS-Central Share-Palna|||2235-02-102-0-13|HOA Total :|V|Total|Detailed-Head|56.12|1.00|143.44|143.00|100.0
71|05|11|2235|Social Security and Welfare|02|Social Welfare|102|Child Welfare|0||19|CSS-State Share-Training of Anganwadi Workers & Helpers|||2235-02-102-0-19|CSS-State Share-Training of Anganwadi Workers & Helpers|V|Header|Detailed-Head|||||100.0
71|05|11|2235|Social Security and Welfare|02|Social Welfare|102|Child Welfare|0||19|CSS-State Share-Training of Anganwadi Workers & Helpers|015|Subsidiary Expenses|2235-02-102-0-19|Subsidiary Expenses|V|Data|Object-Head||1.00|1.00|1.00|100.0
71|05|11|2235|Social Security and Welfare|02|Social Welfare|102|Child Welfare|0||19|CSS-State Share-Training of Anganwadi Workers & Helpers|||2235-02-102-0-19|HOA Total :|V|Total|Detailed-Head|0.00|1.00|1.00|1.00|100.0
72|05|11|2235|Social Security and Welfare|02|Social Welfare|102|Child Welfare|0||21|CSS-State Share-Palna|||2235-02-102-0-21|CSS-State Share-Palna|V|Header|Detailed-Head|||||100.0
72|05|11|2235|Social Security and Welfare|02|Social Welfare|102|Child Welfare|0||21|CSS-State Share-Palna|103|Grants-in-Aid -General|2235-02-102-0-21|Grants-in-Aid -General|V|Data|Object-Head|37.42|1.00|95.63|95.63|100.0
72|05|11|2235|Social Security and Welfare|02|Social Welfare|102|Child Welfare|0||21|CSS-State Share-Palna|||2235-02-102-0-21|HOA Total :|V|Total|Detailed-Head|37.42|1.00|95.63|95.63|100.0
72|05|11|2235|Social Security and Welfare|02|Social Welfare|102|Child Welfare|0||24|Prevention of Trafficking in Women & Children|||2235-02-102-0-24|Prevention of Trafficking in Women & Children|V|Header|Detailed-Head|||||100.0
72|05|11|2235|Social Security and Welfare|02|Social Welfare|102|Child Welfare|0||24|Prevention of Trafficking in Women & Children|100|Financial Assistance/Relief|2235-02-102-0-24|Financial Assistance/Relief|V|Data|Object-Head|33.90|25.00|25.00|25.00|100.0
72|05|11|2235|Social Security and Welfare|02|Social Welfare|102|Child Welfare|0||24|Prevention of Trafficking in Women & Children|||2235-02-102-0-24|HOA Total :|V|Total|Detailed-Head|33.90|25.00|25.00|25.00|100.0
72|05|11|2235|Social Security and Welfare|02|Social Welfare|102|Child Welfare|0||25|Bhagya Lakshmi|||2235-02-102-0-25|Bhagya Lakshmi|V|Header|Detailed-Head|||||100.0
72|05|11|2235|Social Security and Welfare|02|Social Welfare|102|Child Welfare|0||25|Bhagya Lakshmi|051|General Expenses|2235-02-102-0-25|General Expenses|V|Data|Object-Head||||610.00|100.0
72|05|11|2235|Social Security and Welfare|02|Social Welfare|102|Child Welfare|0||25|Bhagya Lakshmi|100|Financial Assistance/Relief|2235-02-102-0-25|Financial Assistance/Relief|V|Data|Object-Head|15370.89||||100.0
72|05|11|2235|Social Security and Welfare|02|Social Welfare|102|Child Welfare|0||25|Bhagya Lakshmi|106|Subsidies|2235-02-102-0-25|Subsidies|V|Data|Object-Head||18062.75|18062.75|20388.41|100.0
72|05|11|2235|Social Security and Welfare|02|Social Welfare|102|Child Welfare|0||25|Bhagya Lakshmi|422|Schedule Caste Sub Plan|2235-02-102-0-25|Schedule Caste Sub Plan|V|Data|Object-Head|5067.36|5954.62|5954.62|6922.40|100.0
72|05|11|2235|Social Security and Welfare|02|Social Welfare|102|Child Welfare|0||25|Bhagya Lakshmi|423|Tribal Sub Plan|2235-02-102-0-25|Tribal Sub Plan|V|Data|Object-Head|1961.16|2304.63|2304.63|2679.19|100.0
72|05|11|2235|Social Security and Welfare|02|Social Welfare|102|Child Welfare|0||25|Bhagya Lakshmi|||2235-02-102-0-25|HOA Total :|V|Total|Detailed-Head|22399.41|26322.00|26322.00|30600.00|100.0
72|05|11|2235|Social Security and Welfare|02|Social Welfare|102|Child Welfare|0||28|Karnataka State Commission for Protection of Child Rights|||2235-02-102-0-28|Karnataka State Commission for Protection of Child Rights|V|Header|Detailed-Head|||||100.0
72|05|11|2235|Social Security and Welfare|02|Social Welfare|102|Child Welfare|0||28|Karnataka State Commission for Protection of Child Rights|002|Basic Pay|2235-02-102-0-28|Basic Pay|V|Data|Object-Head|19.17|55.00|55.00|52.00|100.0
72|05|11|2235|Social Security and Welfare|02|Social Welfare|102|Child Welfare|0||28|Karnataka State Commission for Protection of Child Rights|003|Basic Pay-Staff|2235-02-102-0-28|Basic Pay-Staff|V|Data|Object-Head|18.44||||100.0
72|05|11|2235|Social Security and Welfare|02|Social Welfare|102|Child Welfare|0||28|Karnataka State Commission for Protection of Child Rights|004|Interim Relief|2235-02-102-0-28|Interim Relief|V|Data|Object-Head|3.44||||100.0
72|05|11|2235|Social Security and Welfare|02|Social Welfare|102|Child Welfare|0||28|Karnataka State Commission for Protection of Child Rights|011|Dearness Allowance|2235-02-102-0-28|Dearness Allowance|V|Data|Object-Head|10.35|13.00|13.00|13.00|100.0
72|05|11|2235|Social Security and Welfare|02|Social Welfare|102|Child Welfare|0||28|Karnataka State Commission for Protection of Child Rights|014|Other Allowance|2235-02-102-0-28|Other Allowance|V|Data|Object-Head|9.13|15.00|15.00|12.00|100.0
72|05|11|2235|Social Security and Welfare|02|Social Welfare|102|Child Welfare|0||28|Karnataka State Commission for Protection of Child Rights|015|Subsidiary Expenses|2235-02-102-0-28|Subsidiary Expenses|V|Data|Object-Head|37.26|50.00|50.00|50.00|100.0
72|05|11|2235|Social Security and Welfare|02|Social Welfare|102|Child Welfare|0||28|Karnataka State Commission for Protection of Child Rights|020|Medical Allowance|2235-02-102-0-28|Medical Allowance|V|Data|Object-Head|0.13||||100.0
72|05|11|2235|Social Security and Welfare|02|Social Welfare|102|Child Welfare|0||28|Karnataka State Commission for Protection of Child Rights|021|Reimbursement of Medical Expenses|2235-02-102-0-28|Reimbursement of Medical Expenses|V|Data|Object-Head||3.00|3.00|3.00|100.0
72|05|11|2235|Social Security and Welfare|02|Social Welfare|102|Child Welfare|0||28|Karnataka State Commission for Protection of Child Rights|041|Travel Expenses|2235-02-102-0-28|Travel Expenses|V|Data|Object-Head|8.98|6.00|6.00|6.00|100.0
73|05|11|2235|Social Security and Welfare|02|Social Welfare|102|Child Welfare|0||28|Karnataka State Commission for Protection of Child Rights|050|Office Expenses|2235-02-102-0-28|Office Expenses|V|Data|Object-Head||11.00|11.00|11.00|100.0
73|05|11|2235|Social Security and Welfare|02|Social Welfare|102|Child Welfare|0||28|Karnataka State Commission for Protection of Child Rights|051|General Expenses|2235-02-102-0-28|General Expenses|V|Data|Object-Head|12.67|10.00|10.00|10.00|100.0
73|05|11|2235|Social Security and Welfare|02|Social Welfare|102|Child Welfare|0||28|Karnataka State Commission for Protection of Child Rights|052|Telephone Charges|2235-02-102-0-28|Telephone Charges|V|Data|Object-Head|0.28||||100.0
73|05|11|2235|Social Security and Welfare|02|Social Welfare|102|Child Welfare|0||28|Karnataka State Commission for Protection of Child Rights|071|Building Expenses|2235-02-102-0-28|Building Expenses|V|Data|Object-Head|32.44|34.00|34.00|35.00|100.0
73|05|11|2235|Social Security and Welfare|02|Social Welfare|102|Child Welfare|0||28|Karnataka State Commission for Protection of Child Rights|115|GIA Contract /Outsource|2235-02-102-0-28|GIA Contract /Outsource|V|Data|Object-Head|33.18|33.79|33.79|35.50|100.0
73|05|11|2235|Social Security and Welfare|02|Social Welfare|102|Child Welfare|0||28|Karnataka State Commission for Protection of Child Rights|195|Transport Expenses|2235-02-102-0-28|Transport Expenses|V|Data|Object-Head|9.43|10.28|10.28|10.46|100.0
73|05|11|2235|Social Security and Welfare|02|Social Welfare|102|Child Welfare|0||28|Karnataka State Commission for Protection of Child Rights|||2235-02-102-0-28|HOA Total :|V|Total|Detailed-Head|194.90|241.07|241.07|237.96|100.0
73|05|11|2235|Social Security and Welfare|02|Social Welfare|102|Child Welfare|0||31|Balavikasa Academy, Dharwad|||2235-02-102-0-31|Balavikasa Academy, Dharwad|V|Header|Detailed-Head|||||100.0
73|05|11|2235|Social Security and Welfare|02|Social Welfare|102|Child Welfare|0||31|Balavikasa Academy, Dharwad|101|Grants-in-Aid-Salaries|2235-02-102-0-31|Grants-in-Aid-Salaries|V|Data|Object-Head|81.35|119.38|132.40|109.18|100.0
73|05|11|2235|Social Security and Welfare|02|Social Welfare|102|Child Welfare|0||31|Balavikasa Academy, Dharwad|103|Grants-in-Aid -General|2235-02-102-0-31|Grants-in-Aid -General|V|Data|Object-Head|150.00|150.00|150.00|150.00|100.0
73|05|11|2235|Social Security and Welfare|02|Social Welfare|102|Child Welfare|0||31|Balavikasa Academy, Dharwad|115|GIA Contract /Outsource|2235-02-102-0-31|GIA Contract /Outsource|V|Data|Object-Head|11.20|26.85|26.85|27.47|100.0
73|05|11|2235|Social Security and Welfare|02|Social Welfare|102|Child Welfare|0||31|Balavikasa Academy, Dharwad|||2235-02-102-0-31|HOA Total :|V|Total|Detailed-Head|242.55|296.23|309.25|286.65|100.0
73|05|11|2235|Social Security and Welfare|02|Social Welfare|102|Child Welfare|0||33|Special Support for HIV Infected and affected Children|||2235-02-102-0-33|Special Support for HIV Infected and affected Children|V|Header|Detailed-Head|||||100.0
73|05|11|2235|Social Security and Welfare|02|Social Welfare|102|Child Welfare|0||33|Special Support for HIV Infected and affected Children|103|Grants-in-Aid -General|2235-02-102-0-33|Grants-in-Aid -General|V|Data|Object-Head|1345.12|1564.77|1564.77|1815.13|100.0
73|05|11|2235|Social Security and Welfare|02|Social Welfare|102|Child Welfare|0||33|Special Support for HIV Infected and affected Children|422|Schedule Caste Sub Plan|2235-02-102-0-33|Schedule Caste Sub Plan|V|Data|Object-Head|533.30|651.13|651.13|755.31|100.0
73|05|11|2235|Social Security and Welfare|02|Social Welfare|102|Child Welfare|0||33|Special Support for HIV Infected and affected Children|423|Tribal Sub Plan|2235-02-102-0-33|Tribal Sub Plan|V|Data|Object-Head|170.46|284.10|284.10|329.56|100.0
73|05|11|2235|Social Security and Welfare|02|Social Welfare|102|Child Welfare|0||33|Special Support for HIV Infected and affected Children|||2235-02-102-0-33|HOA Total :|V|Total|Detailed-Head|2048.88|2500.00|2500.00|2900.00|100.0
73|05|11|2235|Social Security and Welfare|02|Social Welfare|102|Child Welfare|0||36|CSS-Salary-Integrated Child Protection Scheme|||2235-02-102-0-36|CSS-Salary-Integrated Child Protection Scheme|V|Header|Detailed-Head|||||100.0
73|05|11|2235|Social Security and Welfare|02|Social Welfare|102|Child Welfare|0||36|CSS-Salary-Integrated Child Protection Scheme|002|Basic Pay|2235-02-102-0-36|Basic Pay|V|Data|Object-Head|493.24|2400.00|2400.00|2292.00|100.0
73|05|11|2235|Social Security and Welfare|02|Social Welfare|102|Child Welfare|0||36|CSS-Salary-Integrated Child Protection Scheme|003|Basic Pay-Staff|2235-02-102-0-36|Basic Pay-Staff|V|Data|Object-Head|1528.31||||100.0
73|05|11|2235|Social Security and Welfare|02|Social Welfare|102|Child Welfare|0||36|CSS-Salary-Integrated Child Protection Scheme|004|Interim Relief|2235-02-102-0-36|Interim Relief|V|Data|Object-Head|119.86||||100.0
73|05|11|2235|Social Security and Welfare|02|Social Welfare|102|Child Welfare|0||36|CSS-Salary-Integrated Child Protection Scheme|011|Dearness Allowance|2235-02-102-0-36|Dearness Allowance|V|Data|Object-Head|447.31|528.00|528.00|573.00|100.0
73|05|11|2235|Social Security and Welfare|02|Social Welfare|102|Child Welfare|0||36|CSS-Salary-Integrated Child Protection Scheme|014|Other Allowance|2235-02-102-0-36|Other Allowance|V|Data|Object-Head|289.18|336.00|336.00|338.00|100.0
73|05|11|2235|Social Security and Welfare|02|Social Welfare|102|Child Welfare|0||36|CSS-Salary-Integrated Child Protection Scheme|020|Medical Allowance|2235-02-102-0-36|Medical Allowance|V|Data|Object-Head|11.16||||100.0
74|05|11|2235|Social Security and Welfare|02|Social Welfare|102|Child Welfare|0||36|CSS-Salary-Integrated Child Protection Scheme|021|Reimbursement of Medical Expenses|2235-02-102-0-36|Reimbursement of Medical Expenses|V|Data|Object-Head|19.00|23.00|23.00|21.00|100.0
74|05|11|2235|Social Security and Welfare|02|Social Welfare|102|Child Welfare|0||36|CSS-Salary-Integrated Child Protection Scheme|034|Contract/Outsource|2235-02-102-0-36|Contract/Outsource|V|Data|Object-Head|3374.32|4069.53|4069.53|5213.55|100.0
74|05|11|2235|Social Security and Welfare|02|Social Welfare|102|Child Welfare|0||36|CSS-Salary-Integrated Child Protection Scheme|||2235-02-102-0-36|HOA Total :|V|Total|Detailed-Head|6282.38|7356.53|7356.53|8437.55|100.0
74|05|11|2235|Social Security and Welfare|02|Social Welfare|102|Child Welfare|0||37|Directorate of Child Protection|||2235-02-102-0-37|Directorate of Child Protection|V|Header|Detailed-Head|||||100.0
74|05|11|2235|Social Security and Welfare|02|Social Welfare|102|Child Welfare|0||37|Directorate of Child Protection|002|Basic Pay|2235-02-102-0-37|Basic Pay|V|Data|Object-Head|16.99|30.00|30.00|34.00|100.0
74|05|11|2235|Social Security and Welfare|02|Social Welfare|102|Child Welfare|0||37|Directorate of Child Protection|003|Basic Pay-Staff|2235-02-102-0-37|Basic Pay-Staff|V|Data|Object-Head|5.23||||100.0
74|05|11|2235|Social Security and Welfare|02|Social Welfare|102|Child Welfare|0||37|Directorate of Child Protection|004|Interim Relief|2235-02-102-0-37|Interim Relief|V|Data|Object-Head|1.01||||100.0
74|05|11|2235|Social Security and Welfare|02|Social Welfare|102|Child Welfare|0||37|Directorate of Child Protection|011|Dearness Allowance|2235-02-102-0-37|Dearness Allowance|V|Data|Object-Head|9.64|14.00|14.00|9.00|100.0
74|05|11|2235|Social Security and Welfare|02|Social Welfare|102|Child Welfare|0||37|Directorate of Child Protection|014|Other Allowance|2235-02-102-0-37|Other Allowance|V|Data|Object-Head|6.14|9.00|9.00|8.00|100.0
74|05|11|2235|Social Security and Welfare|02|Social Welfare|102|Child Welfare|0||37|Directorate of Child Protection|015|Subsidiary Expenses|2235-02-102-0-37|Subsidiary Expenses|V|Data|Object-Head|440.96|405.00|520.56|425.00|100.0
74|05|11|2235|Social Security and Welfare|02|Social Welfare|102|Child Welfare|0||37|Directorate of Child Protection|020|Medical Allowance|2235-02-102-0-37|Medical Allowance|V|Data|Object-Head|0.04||||100.0
74|05|11|2235|Social Security and Welfare|02|Social Welfare|102|Child Welfare|0||37|Directorate of Child Protection|021|Reimbursement of Medical Expenses|2235-02-102-0-37|Reimbursement of Medical Expenses|V|Data|Object-Head||3.00|3.00|3.00|100.0
74|05|11|2235|Social Security and Welfare|02|Social Welfare|102|Child Welfare|0||37|Directorate of Child Protection|034|Contract/Outsource|2235-02-102-0-37|Contract/Outsource|V|Data|Object-Head|12.83|14.51|14.51|24.63|100.0
74|05|11|2235|Social Security and Welfare|02|Social Welfare|102|Child Welfare|0||37|Directorate of Child Protection|041|Travel Expenses|2235-02-102-0-37|Travel Expenses|V|Data|Object-Head|0.80|1.00|1.00|1.00|100.0
74|05|11|2235|Social Security and Welfare|02|Social Welfare|102|Child Welfare|0||37|Directorate of Child Protection|050|Office Expenses|2235-02-102-0-37|Office Expenses|V|Data|Object-Head||2.00|2.00|2.00|100.0
74|05|11|2235|Social Security and Welfare|02|Social Welfare|102|Child Welfare|0||37|Directorate of Child Protection|051|General Expenses|2235-02-102-0-37|General Expenses|V|Data|Object-Head|3.74|6.00|6.00|106.00|100.0
74|05|11|2235|Social Security and Welfare|02|Social Welfare|102|Child Welfare|0||37|Directorate of Child Protection|100|Financial Assistance/Relief|2235-02-102-0-37|Financial Assistance/Relief|V|Data|Object-Head||50.00|50.00|50.00|100.0
74|05|11|2235|Social Security and Welfare|02|Social Welfare|102|Child Welfare|0||37|Directorate of Child Protection|195|Transport Expenses|2235-02-102-0-37|Transport Expenses|V|Data|Object-Head|14.64|34.30|34.30|38.26|100.0
74|05|11|2235|Social Security and Welfare|02|Social Welfare|102|Child Welfare|0||37|Directorate of Child Protection|200|Maintenance Expenditure|2235-02-102-0-37|Maintenance Expenditure|V|Data|Object-Head|149.96|100.00|100.00|125.00|100.0
74|05|11|2235|Social Security and Welfare|02|Social Welfare|102|Child Welfare|0||37|Directorate of Child Protection|||2235-02-102-0-37|HOA Total :|V|Total|Detailed-Head|661.98|668.81|784.37|825.89|100.0
74|05|11|2235|Social Security and Welfare|02|Social Welfare|102|Child Welfare|0||40|Maintenance of Anganawadis and Buildings|||2235-02-102-0-40|Maintenance of Anganawadis and Buildings|V|Header|Detailed-Head|||||100.0
74|05|11|2235|Social Security and Welfare|02|Social Welfare|102|Child Welfare|0||40|Maintenance of Anganawadis and Buildings|059|Other Expenses|2235-02-102-0-40|Other Expenses|V|Data|Object-Head|902.13||||100.0
74|05|11|2235|Social Security and Welfare|02|Social Welfare|102|Child Welfare|0||40|Maintenance of Anganawadis and Buildings|||2235-02-102-0-40|HOA Total :|V|Total|Detailed-Head|902.13|0.00|0.00|0.00|100.0
75|05|11|2235|Social Security and Welfare|02|Social Welfare|102|Child Welfare|0||41|CSS-Central Share(100% GoI)-Beti Bachao, Beti Padhao|||2235-02-102-0-41|CSS-Central Share(100% GoI)-Beti Bachao, Beti Padhao|V|Header|Detailed-Head|||||100.0
75|05|11|2235|Social Security and Welfare|02|Social Welfare|102|Child Welfare|0||41|CSS-Central Share(100% GoI)-Beti Bachao, Beti Padhao|059|Other Expenses|2235-02-102-0-41|Other Expenses|V|Data|Object-Head||100.00|435.00|435.00|100.0
75|05|11|2235|Social Security and Welfare|02|Social Welfare|102|Child Welfare|0||41|CSS-Central Share(100% GoI)-Beti Bachao, Beti Padhao|||2235-02-102-0-41|HOA Total :|V|Total|Detailed-Head|0.00|100.00|435.00|435.00|100.0
75|05|11|2235|Social Security and Welfare|02|Social Welfare|102|Child Welfare|0||42|CSS-Central Share(100% GoI)-One Stop Centre|||2235-02-102-0-42|CSS-Central Share(100% GoI)-One Stop Centre|V|Header|Detailed-Head|||||100.0
75|05|11|2235|Social Security and Welfare|02|Social Welfare|102|Child Welfare|0||42|CSS-Central Share(100% GoI)-One Stop Centre|059|Other Expenses|2235-02-102-0-42|Other Expenses|V|Data|Object-Head|881.59|1500.00|1523.84|1523.00|100.0
75|05|11|2235|Social Security and Welfare|02|Social Welfare|102|Child Welfare|0||42|CSS-Central Share(100% GoI)-One Stop Centre|||2235-02-102-0-42|HOA Total :|V|Total|Detailed-Head|881.59|1500.00|1523.84|1523.00|100.0
75|05|11|2235|Social Security and Welfare|02|Social Welfare|102|Child Welfare|0||43|CSS-Central Share- Poshan Abhiyan (National Nutrition Mission)|||2235-02-102-0-43|CSS-Central Share- Poshan Abhiyan (National Nutrition Mission)|V|Header|Detailed-Head|||||100.0
75|05|11|2235|Social Security and Welfare|02|Social Welfare|102|Child Welfare|0||43|CSS-Central Share- Poshan Abhiyan (National Nutrition Mission)|051|General Expenses|2235-02-102-0-43|General Expenses|V|Data|Object-Head|5485.62|6615.00|6615.00|6616.00|100.0
75|05|11|2235|Social Security and Welfare|02|Social Welfare|102|Child Welfare|0||43|CSS-Central Share- Poshan Abhiyan (National Nutrition Mission)|||2235-02-102-0-43|HOA Total :|V|Total|Detailed-Head|5485.62|6615.00|6615.00|6616.00|100.0
75|05|11|2235|Social Security and Welfare|02|Social Welfare|102|Child Welfare|0||45|Creche for Children|||2235-02-102-0-45|Creche for Children|V|Header|Detailed-Head|||||100.0
75|05|11|2235|Social Security and Welfare|02|Social Welfare|102|Child Welfare|0||45|Creche for Children|059|Other Expenses|2235-02-102-0-45|Other Expenses|V|Data|Object-Head|485.08|536.50|536.50|636.50|100.0
75|05|11|2235|Social Security and Welfare|02|Social Welfare|102|Child Welfare|0||45|Creche for Children|||2235-02-102-0-45|HOA Total :|V|Total|Detailed-Head|485.08|536.50|536.50|636.50|100.0
75|05|11|2235|Social Security and Welfare|02|Social Welfare|102|Child Welfare|0||47|CSS-State Share-Poshan Abhiyan (National Nutrition Mission)|||2235-02-102-0-47|CSS-State Share-Poshan Abhiyan (National Nutrition Mission)|V|Header|Detailed-Head|||||100.0
75|05|11|2235|Social Security and Welfare|02|Social Welfare|102|Child Welfare|0||47|CSS-State Share-Poshan Abhiyan (National Nutrition Mission)|059|Other Expenses|2235-02-102-0-47|Other Expenses|V|Data|Object-Head|3657.08|4410.00|4410.00|4411.00|100.0
75|05|11|2235|Social Security and Welfare|02|Social Welfare|102|Child Welfare|0||47|CSS-State Share-Poshan Abhiyan (National Nutrition Mission)|||2235-02-102-0-47|HOA Total :|V|Total|Detailed-Head|3657.08|4410.00|4410.00|4411.00|100.0
76|05|11|2235|Social Security and Welfare|02|Social Welfare|102|Child Welfare|0||48|CSS-Central Share-Integrated Child Protection Scheme (Mission Vaatsalya)|||2235-02-102-0-48|CSS-Central Share-Integrated Child Protection Scheme (Mission Vaatsalya)|V|Header|Detailed-Head|||||100.0
76|05|11|2235|Social Security and Welfare|02|Social Welfare|102|Child Welfare|0||48|CSS-Central Share-Integrated Child Protection Scheme (Mission Vaatsalya)|009|Transfer of Salary-Honorarium to SNA/SPARSH Salary Grants|2235-02-102-0-48|Transfer of Salary-Honorarium to SNA/SPARSH Salary Grants|V|Data|Object-Head|952.49|1904.97|1904.97||100.0
76|05|11|2235|Social Security and Welfare|02|Social Welfare|102|Child Welfare|0||48|CSS-Central Share-Integrated Child Protection Scheme (Mission Vaatsalya)|103|Grants-in-Aid -General|2235-02-102-0-48|Grants-in-Aid -General|V|Data|Object-Head|2121.18|4095.03|4095.03|6000.00|100.0
76|05|11|2235|Social Security and Welfare|02|Social Welfare|102|Child Welfare|0||48|CSS-Central Share-Integrated Child Protection Scheme (Mission Vaatsalya)|||2235-02-102-0-48|HOA Total :|V|Total|Detailed-Head|3073.67|6000.00|6000.00|6000.00|100.0
76|05|11|2235|Social Security and Welfare|02|Social Welfare|102|Child Welfare|0||49|CSS-State Share- Integrated Child Protection Scheme (Mission Vaatsalya)|||2235-02-102-0-49|CSS-State Share- Integrated Child Protection Scheme (Mission Vaatsalya)|V|Header|Detailed-Head|||||100.0
76|05|11|2235|Social Security and Welfare|02|Social Welfare|102|Child Welfare|0||49|CSS-State Share- Integrated Child Protection Scheme (Mission Vaatsalya)|009|Transfer of Salary-Honorarium to SNA/SPARSH Salary Grants|2235-02-102-0-49|Transfer of Salary-Honorarium to SNA/SPARSH Salary Grants|V|Data|Object-Head|635.00|1269.98|1269.98||100.0
76|05|11|2235|Social Security and Welfare|02|Social Welfare|102|Child Welfare|0||49|CSS-State Share- Integrated Child Protection Scheme (Mission Vaatsalya)|103|Grants-in-Aid -General|2235-02-102-0-49|Grants-in-Aid -General|V|Data|Object-Head|1414.11|2730.02|2730.02|4000.00|100.0
76|05|11|2235|Social Security and Welfare|02|Social Welfare|102|Child Welfare|0||49|CSS-State Share- Integrated Child Protection Scheme (Mission Vaatsalya)|||2235-02-102-0-49|HOA Total :|V|Total|Detailed-Head|2049.11|4000.00|4000.00|4000.00|100.0
76|05|11|2235|Social Security and Welfare|02|Social Welfare|102|Child Welfare|0||50|CSS-Central Share - ICDS District Cell|||2235-02-102-0-50|CSS-Central Share - ICDS District Cell|V|Header|Detailed-Head|||||100.0
76|05|11|2235|Social Security and Welfare|02|Social Welfare|102|Child Welfare|0||50|CSS-Central Share - ICDS District Cell|051|General Expenses|2235-02-102-0-50|General Expenses|V|Data|Object-Head|89.00|93.00|93.00|93.74|100.0
76|05|11|2235|Social Security and Welfare|02|Social Welfare|102|Child Welfare|0||50|CSS-Central Share - ICDS District Cell|||2235-02-102-0-50|HOA Total :|V|Total|Detailed-Head|89.00|93.00|93.00|93.74|100.0
76|05|11|2235|Social Security and Welfare|02|Social Welfare|102|Child Welfare|0||51|CSS-State Share- ICDS District Cell|||2235-02-102-0-51|CSS-State Share- ICDS District Cell|V|Header|Detailed-Head|||||100.0
76|05|11|2235|Social Security and Welfare|02|Social Welfare|102|Child Welfare|0||51|CSS-State Share- ICDS District Cell|051|General Expenses|2235-02-102-0-51|General Expenses|V|Data|Object-Head|168.00|62.00|62.00|62.50|100.0
76|05|11|2235|Social Security and Welfare|02|Social Welfare|102|Child Welfare|0||51|CSS-State Share- ICDS District Cell|||2235-02-102-0-51|HOA Total :|V|Total|Detailed-Head|168.00|62.00|62.00|62.50|100.0
77|05|11|2235|Social Security and Welfare|02|Social Welfare|102|Child Welfare|0||52|CSS-Central Share-Integrated Child Development Service (204 ICDS Projects)|||2235-02-102-0-52|CSS-Central Share-Integrated Child Development Service (204 ICDS Projects)|V|Header|Detailed-Head|||||100.0
77|05|11|2235|Social Security and Welfare|02|Social Welfare|102|Child Welfare|0||52|CSS-Central Share-Integrated Child Development Service (204 ICDS Projects)|051|General Expenses|2235-02-102-0-52|General Expenses|V|Data|Object-Head|11940.12|13477.00|13477.00|11249.00|100.0
77|05|11|2235|Social Security and Welfare|02|Social Welfare|102|Child Welfare|0||52|CSS-Central Share-Integrated Child Development Service (204 ICDS Projects)|324|Honorarium|2235-02-102-0-52|Honorarium|V|Data|Object-Head|17682.16|31136.00|31136.00|31784.00|100.0
77|05|11|2235|Social Security and Welfare|02|Social Welfare|102|Child Welfare|0||52|CSS-Central Share-Integrated Child Development Service (204 ICDS Projects)|||2235-02-102-0-52|HOA Total :|V|Total|Detailed-Head|29622.28|44613.00|44613.00|43033.00|100.0
77|05|11|2235|Social Security and Welfare|02|Social Welfare|102|Child Welfare|0||53|CSS-State Share-Integrated Child Development Service (204 ICDS Projects)|||2235-02-102-0-53|CSS-State Share-Integrated Child Development Service (204 ICDS Projects)|V|Header|Detailed-Head|||||100.0
77|05|11|2235|Social Security and Welfare|02|Social Welfare|102|Child Welfare|0||53|CSS-State Share-Integrated Child Development Service (204 ICDS Projects)|051|General Expenses|2235-02-102-0-53|General Expenses|V|Data|Object-Head||9245.00|9245.00|7500.00|100.0
77|05|11|2235|Social Security and Welfare|02|Social Welfare|102|Child Welfare|0||53|CSS-State Share-Integrated Child Development Service (204 ICDS Projects)|059|Other Expenses|2235-02-102-0-53|Other Expenses|V|Data|Object-Head|7993.41||||100.0
77|05|11|2235|Social Security and Welfare|02|Social Welfare|102|Child Welfare|0||53|CSS-State Share-Integrated Child Development Service (204 ICDS Projects)|324|Honorarium|2235-02-102-0-53|Honorarium|V|Data|Object-Head|11788.11|20757.00|20757.00|21189.00|100.0
77|05|11|2235|Social Security and Welfare|02|Social Welfare|102|Child Welfare|0||53|CSS-State Share-Integrated Child Development Service (204 ICDS Projects)|||2235-02-102-0-53|HOA Total :|V|Total|Detailed-Head|19781.52|30002.00|30002.00|28689.00|100.0
77|05|11|2235|Social Security and Welfare|02|Social Welfare|102|Child Welfare|0||54|CSS-Central Share(100% GoI)-Mission Vaatsalya-Child Help Line|||2235-02-102-0-54|CSS-Central Share(100% GoI)-Mission Vaatsalya-Child Help Line|V|Header|Detailed-Head|||||100.0
77|05|11|2235|Social Security and Welfare|02|Social Welfare|102|Child Welfare|0||54|CSS-Central Share(100% GoI)-Mission Vaatsalya-Child Help Line|103|Grants-in-Aid -General|2235-02-102-0-54|Grants-in-Aid -General|V|Data|Object-Head|1027.12|1122.00|1122.00|1122.00|100.0
77|05|11|2235|Social Security and Welfare|02|Social Welfare|102|Child Welfare|0||54|CSS-Central Share(100% GoI)-Mission Vaatsalya-Child Help Line|||2235-02-102-0-54|HOA Total :|V|Total|Detailed-Head|1027.12|1122.00|1122.00|1122.00|100.0
77|05|11|2235|Social Security and Welfare|02|Social Welfare|102|Child Welfare|0||55|CSS-Central Share-Non Institutional Care-Sponsorship/Foster Care/After Care|||2235-02-102-0-55|CSS-Central Share-Non Institutional Care-Sponsorship/Foster Care/After Care|V|Header|Detailed-Head|||||100.0
77|05|11|2235|Social Security and Welfare|02|Social Welfare|102|Child Welfare|0||55|CSS-Central Share-Non Institutional Care-Sponsorship/Foster Care/After Care|103|Grants-in-Aid -General|2235-02-102-0-55|Grants-in-Aid -General|V|Data|Object-Head|6274.23|4000.00||4000.00|100.0
77|05|11|2235|Social Security and Welfare|02|Social Welfare|102|Child Welfare|0||55|CSS-Central Share-Non Institutional Care-Sponsorship/Foster Care/After Care|||2235-02-102-0-55|HOA Total :|V|Total|Detailed-Head|6274.23|4000.00|0.00|4000.00|100.0
78|05|11|2235|Social Security and Welfare|02|Social Welfare|102|Child Welfare|0||56|CSS-State Share-Non Institutional Care-Sponsorship/Foster Care/After Care|||2235-02-102-0-56|CSS-State Share-Non Institutional Care-Sponsorship/Foster Care/After Care|V|Header|Detailed-Head|||||100.0
78|05|11|2235|Social Security and Welfare|02|Social Welfare|102|Child Welfare|0||56|CSS-State Share-Non Institutional Care-Sponsorship/Foster Care/After Care|103|Grants-in-Aid -General|2235-02-102-0-56|Grants-in-Aid -General|V|Data|Object-Head|4182.82|2660.00|2660.00|2660.00|100.0
78|05|11|2235|Social Security and Welfare|02|Social Welfare|102|Child Welfare|0||56|CSS-State Share-Non Institutional Care-Sponsorship/Foster Care/After Care|||2235-02-102-0-56|HOA Total :|V|Total|Detailed-Head|4182.82|2660.00|2660.00|2660.00|100.0
78|05|11|2235|Social Security and Welfare|02|Social Welfare|102|Child Welfare|0||57|CSS-Central Share-Swachata Action Plan|||2235-02-102-0-57|CSS-Central Share-Swachata Action Plan|V|Header|Detailed-Head|||||100.0
78|05|11|2235|Social Security and Welfare|02|Social Welfare|102|Child Welfare|0||57|CSS-Central Share-Swachata Action Plan|103|Grants-in-Aid -General|2235-02-102-0-57|Grants-in-Aid -General|V|Data|Object-Head|106.45|100.00|100.00|100.00|100.0
78|05|11|2235|Social Security and Welfare|02|Social Welfare|102|Child Welfare|0||57|CSS-Central Share-Swachata Action Plan|||2235-02-102-0-57|HOA Total :|V|Total|Detailed-Head|106.45|100.00|100.00|100.00|100.0
78|05|11|2235|Social Security and Welfare|02|Social Welfare|102|Child Welfare|0||58|CSS-State Share-Swachata Action Plan|||2235-02-102-0-58|CSS-State Share-Swachata Action Plan|V|Header|Detailed-Head|||||100.0
78|05|11|2235|Social Security and Welfare|02|Social Welfare|102|Child Welfare|0||58|CSS-State Share-Swachata Action Plan|103|Grants-in-Aid -General|2235-02-102-0-58|Grants-in-Aid -General|V|Data|Object-Head|70.97|60.00|60.00|60.00|100.0
78|05|11|2235|Social Security and Welfare|02|Social Welfare|102|Child Welfare|0||58|CSS-State Share-Swachata Action Plan|||2235-02-102-0-58|HOA Total :|V|Total|Detailed-Head|70.97|60.00|60.00|60.00|100.0
78|05|11|2235|Social Security and Welfare|02|Social Welfare|102|Child Welfare|0||59|CSS-Central Share-Anganwadi cum Creche (SAMARTHYA)|||2235-02-102-0-59|CSS-Central Share-Anganwadi cum Creche (SAMARTHYA)|V|Header|Detailed-Head|||||100.0
78|05|11|2235|Social Security and Welfare|02|Social Welfare|102|Child Welfare|0||59|CSS-Central Share-Anganwadi cum Creche (SAMARTHYA)|103|Grants-in-Aid -General|2235-02-102-0-59|Grants-in-Aid -General|V|Data|Object-Head||1.00|1.00|318.83|100.0
78|05|11|2235|Social Security and Welfare|02|Social Welfare|102|Child Welfare|0||59|CSS-Central Share-Anganwadi cum Creche (SAMARTHYA)|||2235-02-102-0-59|HOA Total :|V|Total|Detailed-Head|0.00|1.00|1.00|318.83|100.0
78|05|11|2235|Social Security and Welfare|02|Social Welfare|102|Child Welfare|0||60|CSS-State Share-Anganwadi cum Creche (SAMARTHYA)|||2235-02-102-0-60|CSS-State Share-Anganwadi cum Creche (SAMARTHYA)|V|Header|Detailed-Head|||||100.0
78|05|11|2235|Social Security and Welfare|02|Social Welfare|102|Child Welfare|0||60|CSS-State Share-Anganwadi cum Creche (SAMARTHYA)|103|Grants-in-Aid -General|2235-02-102-0-60|Grants-in-Aid -General|V|Data|Object-Head||1.00|1.00|212.55|100.0
78|05|11|2235|Social Security and Welfare|02|Social Welfare|102|Child Welfare|0||60|CSS-State Share-Anganwadi cum Creche (SAMARTHYA)|||2235-02-102-0-60|HOA Total :|V|Total|Detailed-Head|0.00|1.00|1.00|212.55|100.0
79|05|11|2235|Social Security and Welfare|02|Social Welfare|102|Child Welfare|0||61|CSS-Central Share-(100% GoI) Scheme for Care and Support to Victim under Section 4 & 6 of the Protection of Children from Sexual Offences (POCSO) Act, 2012|||2235-02-102-0-61|CSS-Central Share-(100% GoI) Scheme for Care and Support to Victim under Section 4 & 6 of the Protection of Children from Sexual Offences (POCSO) Act, 2012|V|Header|Detailed-Head|||||100.0
79|05|11|2235|Social Security and Welfare|02|Social Welfare|102|Child Welfare|0||61|CSS-Central Share-(100% GoI) Scheme for Care and Support to Victim under Section 4 & 6 of the Protection of Children from Sexual Offences (POCSO) Act, 2012|059|Other Expenses|2235-02-102-0-61|Other Expenses|V|Data|Object-Head||200.00|200.00|200.00|100.0
79|05|11|2235|Social Security and Welfare|02|Social Welfare|102|Child Welfare|0||61|CSS-Central Share-(100% GoI) Scheme for Care and Support to Victim under Section 4 & 6 of the Protection of Children from Sexual Offences (POCSO) Act, 2012|||2235-02-102-0-61|HOA Total :|V|Total|Detailed-Head|0.00|200.00|200.00|200.00|100.0
79|05|11|2235|Social Security and Welfare|02|Social Welfare|102|Child Welfare|0||99|Bal Bhavan, Bravery Awards & Children's and Women's Day and Juvenile Service Bureau and Child Guidance Clinics|||2235-02-102-0-99|Bal Bhavan, Bravery Awards & Children's and Women's Day and Juvenile Service Bureau and Child Guidance Clinics|V|Header|Detailed-Head|||||100.0
79|05|11|2235|Social Security and Welfare|02|Social Welfare|102|Child Welfare|0||99|Bal Bhavan, Bravery Awards & Children's and Women's Day and Juvenile Service Bureau and Child Guidance Clinics|101|Grants-in-Aid-Salaries|2235-02-102-0-99|Grants-in-Aid-Salaries|V|Data|Object-Head|338.19|220.55|292.43|207.87|100.0
79|05|11|2235|Social Security and Welfare|02|Social Welfare|102|Child Welfare|0||99|Bal Bhavan, Bravery Awards & Children's and Women's Day and Juvenile Service Bureau and Child Guidance Clinics|103|Grants-in-Aid -General|2235-02-102-0-99|Grants-in-Aid -General|V|Data|Object-Head|10.00|10.00|10.00|10.00|100.0
79|05|11|2235|Social Security and Welfare|02|Social Welfare|102|Child Welfare|0||99|Bal Bhavan, Bravery Awards & Children's and Women's Day and Juvenile Service Bureau and Child Guidance Clinics|115|GIA Contract /Outsource|2235-02-102-0-99|GIA Contract /Outsource|V|Data|Object-Head|11.94|34.79|34.79|41.29|100.0
79|05|11|2235|Social Security and Welfare|02|Social Welfare|102|Child Welfare|0||99|Bal Bhavan, Bravery Awards & Children's and Women's Day and Juvenile Service Bureau and Child Guidance Clinics|||2235-02-102-0-99|HOA Total :|V|Total|Detailed-Head|360.13|265.34|337.22|259.16|100.0
79|05|11|2235|Social Security and Welfare|02|Social Welfare|103|Women's Welfare|0||05|CSS-Central Share-Sakhi Nivas Working Women Hostel (SAMARTHYA)|||2235-02-103-0-05|CSS-Central Share-Sakhi Nivas Working Women Hostel (SAMARTHYA)|V|Header|Detailed-Head|||||100.0
79|05|11|2235|Social Security and Welfare|02|Social Welfare|103|Women's Welfare|0||05|CSS-Central Share-Sakhi Nivas Working Women Hostel (SAMARTHYA)|100|Financial Assistance/Relief|2235-02-103-0-05|Financial Assistance/Relief|V|Data|Object-Head||375.00|375.00|375.00|100.0
79|05|11|2235|Social Security and Welfare|02|Social Welfare|103|Women's Welfare|0||05|CSS-Central Share-Sakhi Nivas Working Women Hostel (SAMARTHYA)|||2235-02-103-0-05|HOA Total :|V|Total|Detailed-Head|0.00|375.00|375.00|375.00|100.0
79|05|11|2235|Social Security and Welfare|02|Social Welfare|103|Women's Welfare|0||16|Training Programme for Women Entrepreneurs Through Women's Development Corporation|||2235-02-103-0-16|Training Programme for Women Entrepreneurs Through Women's Development Corporation|V|Header|Detailed-Head|||||100.0
79|05|11|2235|Social Security and Welfare|02|Social Welfare|103|Women's Welfare|0||16|Training Programme for Women Entrepreneurs Through Women's Development Corporation|103|Grants-in-Aid -General|2235-02-103-0-16|Grants-in-Aid -General|V|Data|Object-Head|172.00||||100.0
79|05|11|2235|Social Security and Welfare|02|Social Welfare|103|Women's Welfare|0||16|Training Programme for Women Entrepreneurs Through Women's Development Corporation|422|Schedule Caste Sub Plan|2235-02-103-0-16|Schedule Caste Sub Plan|V|Data|Object-Head|20.00||||100.0
80|05|11|2235|Social Security and Welfare|02|Social Welfare|103|Women's Welfare|0||16|Training Programme for Women Entrepreneurs Through Women's Development Corporation|423|Tribal Sub Plan|2235-02-103-0-16|Tribal Sub Plan|V|Data|Object-Head|8.00||||100.0
80|05|11|2235|Social Security and Welfare|02|Social Welfare|103|Women's Welfare|0||16|Training Programme for Women Entrepreneurs Through Women's Development Corporation||||HOA Total :|V|Total|Detailed-Head|200.00|0.00|0.00|0.00|100.0
80|05|11|2235|Social Security and Welfare|02|Social Welfare|103|Women's Welfare|0||21|State Women Commission|||2235-02-103-0-21|State Women Commission|V|Header|Detailed-Head|||||100.0
80|05|11|2235|Social Security and Welfare|02|Social Welfare|103|Women's Welfare|0||21|State Women Commission|103|Grants-in-Aid -General|2235-02-103-0-21|Grants-in-Aid -General|V|Data|Object-Head|500.00|500.00|500.00|500.00|100.0
80|05|11|2235|Social Security and Welfare|02|Social Welfare|103|Women's Welfare|0||21|State Women Commission|115|GIA Contract /Outsource|2235-02-103-0-21|GIA Contract /Outsource|V|Data|Object-Head|89.09|122.59|122.59|123.59|100.0
80|05|11|2235|Social Security and Welfare|02|Social Welfare|103|Women's Welfare|0||21|State Women Commission||||HOA Total :|V|Total|Detailed-Head|589.09|622.59|622.59|623.59|100.0
80|05|11|2235|Social Security and Welfare|02|Social Welfare|103|Women's Welfare|0||32|CSS-Central Share -State Hub for Empowerment of Women (SAMARTHYA)|||2235-02-103-0-32|CSS-Central Share -State Hub for Empowerment of Women (SAMARTHYA)|V|Header|Detailed-Head|||||100.0
80|05|11|2235|Social Security and Welfare|02|Social Welfare|103|Women's Welfare|0||32|CSS-Central Share -State Hub for Empowerment of Women (SAMARTHYA)|059|Other Expenses|2235-02-103-0-32|Other Expenses|V|Data|Object-Head|381.84|553.00|553.00|553.00|100.0
80|05|11|2235|Social Security and Welfare|02|Social Welfare|103|Women's Welfare|0||32|CSS-Central Share -State Hub for Empowerment of Women (SAMARTHYA)||||HOA Total :|V|Total|Detailed-Head|381.84|553.00|553.00|553.00|100.0
80|05|11|2235|Social Security and Welfare|02|Social Welfare|103|Women's Welfare|0||33|CSS-State Share-State Hub for Empowerment of Women (SAMARTHYA)|||2235-02-103-0-33|CSS-State Share-State Hub for Empowerment of Women (SAMARTHYA)|V|Header|Detailed-Head|||||100.0
80|05|11|2235|Social Security and Welfare|02|Social Welfare|103|Women's Welfare|0||33|CSS-State Share-State Hub for Empowerment of Women (SAMARTHYA)|059|Other Expenses|2235-02-103-0-33|Other Expenses|V|Data|Object-Head|254.56|368.00|368.00|368.00|100.0
80|05|11|2235|Social Security and Welfare|02|Social Welfare|103|Women's Welfare|0||33|CSS-State Share-State Hub for Empowerment of Women (SAMARTHYA)||||HOA Total :|V|Total|Detailed-Head|254.56|368.00|368.00|368.00|100.0
80|05|11|2235|Social Security and Welfare|02|Social Welfare|103|Women's Welfare|0||38|Udyogini - Women Development Corporation|||2235-02-103-0-38|Udyogini - Women Development Corporation|V|Header|Detailed-Head|||||100.0
80|05|11|2235|Social Security and Welfare|02|Social Welfare|103|Women's Welfare|0||38|Udyogini - Women Development Corporation|059|Other Expenses|2235-02-103-0-38|Other Expenses|V|Data|Object-Head|1243.69|1140.00|1140.00|1140.00|100.0
80|05|11|2235|Social Security and Welfare|02|Social Welfare|103|Women's Welfare|0||38|Udyogini - Women Development Corporation|422|Schedule Caste Sub Plan|2235-02-103-0-38|Schedule Caste Sub Plan|V|Data|Object-Head|128.16|255.00|255.00|255.00|100.0
80|05|11|2235|Social Security and Welfare|02|Social Welfare|103|Women's Welfare|0||38|Udyogini - Women Development Corporation|423|Tribal Sub Plan|2235-02-103-0-38|Tribal Sub Plan|V|Data|Object-Head|128.15|105.00|105.00|105.00|100.0
80|05|11|2235|Social Security and Welfare|02|Social Welfare|103|Women's Welfare|0||38|Udyogini - Women Development Corporation||||HOA Total :|V|Total|Detailed-Head|1500.00|1500.00|1500.00|1500.00|100.0
80|05|11|2235|Social Security and Welfare|02|Social Welfare|103|Women's Welfare|0||41|Stree Shakti|||2235-02-103-0-41|Stree Shakti|V|Header|Detailed-Head|||||100.0
80|05|11|2235|Social Security and Welfare|02|Social Welfare|103|Women's Welfare|0||41|Stree Shakti|002|Basic Pay|2235-02-103-0-41|Basic Pay|V|Data|Object-Head|36.36|98.00|98.00|114.00|100.0
80|05|11|2235|Social Security and Welfare|02|Social Welfare|103|Women's Welfare|0||41|Stree Shakti|003|Basic Pay-Staff|2235-02-103-0-41|Basic Pay-Staff|V|Data|Object-Head|45.93||||100.0
81|5|11|2235|Social Security and Welfare|02|Social Welfare|103|Women's Welfare|0||41|Stree Shakti|004|Interim Relief|2235-02-103-0-41|Interim Relief|V|Data|Object-Head|4.67||||100.0
81|5|11|2235|Social Security and Welfare|02|Social Welfare|103|Women's Welfare|0||41|Stree Shakti|011|Dearness Allowance|2235-02-103-0-41|Dearness Allowance|V|Data|Object-Head|18.27|22.00|22.00|29.00|100.0
81|5|11|2235|Social Security and Welfare|02|Social Welfare|103|Women's Welfare|0||41|Stree Shakti|014|Other Allowance|2235-02-103-0-41|Other Allowance|V|Data|Object-Head|21.41|23.00|23.00|26.00|100.0
81|5|11|2235|Social Security and Welfare|02|Social Welfare|103|Women's Welfare|0||41|Stree Shakti|020|Medical Allowance|2235-02-103-0-41|Medical Allowance|V|Data|Object-Head|0.34||||100.0
81|5|11|2235|Social Security and Welfare|02|Social Welfare|103|Women's Welfare|0||41|Stree Shakti|021|Reimbursement of Medical Expenses|2235-02-103-0-41|Reimbursement of Medical Expenses|V|Data|Object-Head||9.00|9.00|9.00|100.0
81|5|11|2235|Social Security and Welfare|02|Social Welfare|103|Women's Welfare|0||41|Stree Shakti|041|Travel Expenses|2235-02-103-0-41|Travel Expenses|V|Data|Object-Head|0.84|1.00|1.00|1.00|100.0
81|5|11|2235|Social Security and Welfare|02|Social Welfare|103|Women's Welfare|0||41|Stree Shakti|050|Office Expenses|2235-02-103-0-41|Office Expenses|V|Data|Object-Head||2.00|2.00|1.00|100.0
81|5|11|2235|Social Security and Welfare|02|Social Welfare|103|Women's Welfare|0||41|Stree Shakti|052|Telephone Charges|2235-02-103-0-41|Telephone Charges|V|Data|Object-Head|0.09||||100.0
81|5|11|2235|Social Security and Welfare|02|Social Welfare|103|Women's Welfare|0||41|Stree Shakti|059|Other Expenses|2235-02-103-0-41|Other Expenses|V|Data|Object-Head|64.70|38.00|38.00||100.0
81|5|11|2235|Social Security and Welfare|02|Social Welfare|103|Women's Welfare|0||41|Stree Shakti|195|Transport Expenses|2235-02-103-0-41|Transport Expenses|V|Data|Object-Head|1.28|2.20|2.20|5.21|100.0
81|5|11|2235|Social Security and Welfare|02|Social Welfare|103|Women's Welfare|0||41|Stree Shakti|422|Schedule Caste Sub Plan|2235-02-103-0-41|Schedule Caste Sub Plan|V|Data|Object-Head|6.90|162.00|162.00||100.0
81|5|11|2235|Social Security and Welfare|02|Social Welfare|103|Women's Welfare|0||41|Stree Shakti|423|Tribal Sub Plan|2235-02-103-0-41|Tribal Sub Plan|V|Data|Object-Head|23.55||||100.0
81|5|11|2235|Social Security and Welfare|02|Social Welfare|103|Women's Welfare|0||41|Stree Shakti||||HOA Total :|V|Total|Detailed-Head|224.34|357.20|357.20|185.21|100.0
81|5|11|2235|Social Security and Welfare|02|Social Welfare|103|Women's Welfare|0||46|CSS-Central Share-Scheme for Adolescent Girls (SAG)|||2235-02-103-0-46|CSS-Central Share-Scheme for Adolescent Girls (SAG)|V|Header|Detailed-Head|||||100.0
81|5|11|2235|Social Security and Welfare|02|Social Welfare|103|Women's Welfare|0||46|CSS-Central Share-Scheme for Adolescent Girls (SAG)|059|Other Expenses|2235-02-103-0-46|Other Expenses|V|Data|Object-Head||864.50|864.50|1104.00|100.0
81|5|11|2235|Social Security and Welfare|02|Social Welfare|103|Women's Welfare|0||46|CSS-Central Share-Scheme for Adolescent Girls (SAG)||||HOA Total :|V|Total|Detailed-Head|0.00|864.50|864.50|1104.00|100.0
81|5|11|2235|Social Security and Welfare|02|Social Welfare|103|Women's Welfare|0||52|Scheme for Protection of Women against Domestic Violence|||2235-02-103-0-52|Scheme for Protection of Women against Domestic Violence|V|Header|Detailed-Head|||||100.0
81|5|11|2235|Social Security and Welfare|02|Social Welfare|103|Women's Welfare|0||52|Scheme for Protection of Women against Domestic Violence|002|Basic Pay|2235-02-103-0-52|Basic Pay|V|Data|Object-Head|232.68|244.00|258.09|293.00|100.0
81|5|11|2235|Social Security and Welfare|02|Social Welfare|103|Women's Welfare|0||52|Scheme for Protection of Women against Domestic Violence|004|Interim Relief|2235-02-103-0-52|Interim Relief|V|Data|Object-Head|14.97||||100.0
81|5|11|2235|Social Security and Welfare|02|Social Welfare|103|Women's Welfare|0||52|Scheme for Protection of Women against Domestic Violence|011|Dearness Allowance|2235-02-103-0-52|Dearness Allowance|V|Data|Object-Head|53.10|54.00|54.00|73.00|100.0
81|5|11|2235|Social Security and Welfare|02|Social Welfare|103|Women's Welfare|0||52|Scheme for Protection of Women against Domestic Violence|014|Other Allowance|2235-02-103-0-52|Other Allowance|V|Data|Object-Head|29.09|28.00|33.26|34.00|100.0
81|5|11|2235|Social Security and Welfare|02|Social Welfare|103|Women's Welfare|0||52|Scheme for Protection of Women against Domestic Violence|021|Reimbursement of Medical Expenses|2235-02-103-0-52|Reimbursement of Medical Expenses|V|Data|Object-Head|0.29|12.00|12.00|12.00|100.0
81|5|11|2235|Social Security and Welfare|02|Social Welfare|103|Women's Welfare|0||52|Scheme for Protection of Women against Domestic Violence|034|Contract/Outsource|2235-02-103-0-52|Contract/Outsource|V|Data|Object-Head|1269.87|1350.35|1350.35|1398.24|100.0
81|5|11|2235|Social Security and Welfare|02|Social Welfare|103|Women's Welfare|0||52|Scheme for Protection of Women against Domestic Violence|041|Travel Expenses|2235-02-103-0-52|Travel Expenses|V|Data|Object-Head|0.80|1.00|1.00|1.00|100.0
81|5|11|2235|Social Security and Welfare|02|Social Welfare|103|Women's Welfare|0||52|Scheme for Protection of Women against Domestic Violence|051|General Expenses|2235-02-103-0-52|General Expenses|V|Data|Object-Head|9.39|15.00|15.00|15.00|100.0
81|5|11|2235|Social Security and Welfare|02|Social Welfare|103|Women's Welfare|0||52|Scheme for Protection of Women against Domestic Violence||||HOA Total :|V|Total|Detailed-Head|1610.19|1704.35|1723.70|1826.24|100.0
82|5|11|2235|Social Security and Welfare|02|Social Welfare|103|Women's Welfare|0||61|CSS-Central Share-Pradhana Mantri Maatru Vandana Yojane|||2235-02-103-0-61|CSS-Central Share-Pradhana Mantri Maatru Vandana Yojane|V|Header|Detailed-Head|||||100.0
82|5|11|2235|Social Security and Welfare|02|Social Welfare|103|Women's Welfare|0||61|CSS-Central Share-Pradhana Mantri Maatru Vandana Yojane|059|Other Expenses|2235-02-103-0-61|Other Expenses|V|Data|Object-Head|12482.12|8283.60|8283.60|10821.20|100.0
82|5|11|2235|Social Security and Welfare|02|Social Welfare|103|Women's Welfare|0||61|CSS-Central Share-Pradhana Mantri Maatru Vandana Yojane|422|Schedule Caste Sub Plan|2235-02-103-0-61|Schedule Caste Sub Plan|V|Data|Object-Head|2496.37|3186.00|3186.00|4162.00|100.0
82|5|11|2235|Social Security and Welfare|02|Social Welfare|103|Women's Welfare|0||61|CSS-Central Share-Pradhana Mantri Maatru Vandana Yojane|423|Tribal Sub Plan|2235-02-103-0-61|Tribal Sub Plan|V|Data|Object-Head|1017.04|1274.40|1274.40|1664.80|100.0
82|5|11|2235|Social Security and Welfare|02|Social Welfare|103|Women's Welfare|0||61|CSS-Central Share-Pradhana Mantri Maatru Vandana Yojane||||HOA Total :|V|Total|Detailed-Head|15995.53|12744.00|12744.00|16648.00|100.0
82|5|11|2235|Social Security and Welfare|02|Social Welfare|103|Women's Welfare|0||62|CSS-State Share-Sakhi Nivas- Working Women Hostel(SAMARTHYA)|||2235-02-103-0-62|CSS-State Share-Sakhi Nivas- Working Women Hostel(SAMARTHYA)|V|Header|Detailed-Head|||||100.0
82|5|11|2235|Social Security and Welfare|02|Social Welfare|103|Women's Welfare|0||62|CSS-State Share-Sakhi Nivas- Working Women Hostel(SAMARTHYA)|100|Financial Assistance/Relief|2235-02-103-0-62|Financial Assistance/Relief|V|Data|Object-Head||250.00|250.00|250.00|100.0
82|5|11|2235|Social Security and Welfare|02|Social Welfare|103|Women's Welfare|0||62|CSS-State Share-Sakhi Nivas- Working Women Hostel(SAMARTHYA)||||HOA Total :|V|Total|Detailed-Head|0.00|250.00|250.00|250.00|100.0
82|5|11|2235|Social Security and Welfare|02|Social Welfare|103|Women's Welfare|0||64|CSS-Central Share-Shakti Sadan (Swadhar Greh, Ujjwala)|||2235-02-103-0-64|CSS-Central Share-Shakti Sadan (Swadhar Greh, Ujjwala)|V|Header|Detailed-Head|||||100.0
82|5|11|2235|Social Security and Welfare|02|Social Welfare|103|Women's Welfare|0||64|CSS-Central Share-Shakti Sadan (Swadhar Greh, Ujjwala)|059|Other Expenses|2235-02-103-0-64|Other Expenses|V|Data|Object-Head|211.92|800.00|800.00|800.00|100.0
82|5|11|2235|Social Security and Welfare|02|Social Welfare|103|Women's Welfare|0||64|CSS-Central Share-Shakti Sadan (Swadhar Greh, Ujjwala)||||HOA Total :|V|Total|Detailed-Head|211.92|800.00|800.00|800.00|100.0
82|5|11|2235|Social Security and Welfare|02|Social Welfare|103|Women's Welfare|0||68|CSS-State Share-Pradhana Mantri Maatru Vandana Yojane|||2235-02-103-0-68|CSS-State Share-Pradhana Mantri Maatru Vandana Yojane|V|Header|Detailed-Head|||||100.0
82|5|11|2235|Social Security and Welfare|02|Social Welfare|103|Women's Welfare|0||68|CSS-State Share-Pradhana Mantri Maatru Vandana Yojane|059|Other Expenses|2235-02-103-0-68|Other Expenses|V|Data|Object-Head|8321.53|7391.52|7391.52|7214.35|100.0
82|5|11|2235|Social Security and Welfare|02|Social Welfare|103|Women's Welfare|0||68|CSS-State Share-Pradhana Mantri Maatru Vandana Yojane|422|Schedule Caste Sub Plan|2235-02-103-0-68|Schedule Caste Sub Plan|V|Data|Object-Head|1664.26|764.64|764.64|2689.37|100.0
82|5|11|2235|Social Security and Welfare|02|Social Welfare|103|Women's Welfare|0||68|CSS-State Share-Pradhana Mantri Maatru Vandana Yojane|423|Tribal Sub Plan|2235-02-103-0-68|Tribal Sub Plan|V|Data|Object-Head|678.02|339.84|339.84|1195.28|100.0
82|5|11|2235|Social Security and Welfare|02|Social Welfare|103|Women's Welfare|0||68|CSS-State Share-Pradhana Mantri Maatru Vandana Yojane||||HOA Total :|V|Total|Detailed-Head|10663.81|8496.00|8496.00|11099.00|100.0
82|5|11|2235|Social Security and Welfare|02|Social Welfare|103|Women's Welfare|0||69|CSS-State Share-Scheme for Adolescent Girls (SAG)|||2235-02-103-0-69|CSS-State Share-Scheme for Adolescent Girls (SAG)|V|Header|Detailed-Head|||||100.0
82|5|11|2235|Social Security and Welfare|02|Social Welfare|103|Women's Welfare|0||69|CSS-State Share-Scheme for Adolescent Girls (SAG)|059|Other Expenses|2235-02-103-0-69|Other Expenses|V|Data|Object-Head||864.50|864.50|1104.00|100.0
82|5|11|2235|Social Security and Welfare|02|Social Welfare|103|Women's Welfare|0||69|CSS-State Share-Scheme for Adolescent Girls (SAG)||||HOA Total :|V|Total|Detailed-Head|0.00|864.50|864.50|1104.00|100.0
83|05|11|2235|Social Security and Welfare|02|Social Welfare|103|Women's Welfare|0||70|CSS-State Share-Shakti Sadan (Swadhar Greh, Ujjwala)|||2235-02-103-0-70|CSS-State Share-Shakti Sadan (Swadhar Greh, Ujjwala)|V|Header|Detailed-Head|||||100.0
83|05|11|2235|Social Security and Welfare|02|Social Welfare|103|Women's Welfare|0||70|CSS-State Share-Shakti Sadan (Swadhar Greh, Ujjwala)|059|Other Expenses|2235-02-103-0-70|Other Expenses|V|Data|Object-Head|141.28|400.00|400.00|400.00|100.0
83|05|11|2235|Social Security and Welfare|02|Social Welfare|103|Women's Welfare|0||70|CSS-State Share-Shakti Sadan (Swadhar Greh, Ujjwala)||||HOA Total :|V|Total|Detailed-Head|141.28|400.00|400.00|400.00|100.0
83|05|11|2235|Social Security and Welfare|02|Social Welfare|103|Women's Welfare|0||73|Gruha Lakshmi|||2235-02-103-0-73|Gruha Lakshmi|V|Header|Detailed-Head|||||100.0
83|05|11|2235|Social Security and Welfare|02|Social Welfare|103|Women's Welfare|0||73|Gruha Lakshmi|100|Financial Assistance/Relief|2235-02-103-0-73|Financial Assistance/Relief|V|Data|Object-Head|1504324.59||||100.0
83|05|11|2235|Social Security and Welfare|02|Social Welfare|103|Women's Welfare|0||73|Gruha Lakshmi|422|Schedule Caste Sub Plan|2235-02-103-0-73|Schedule Caste Sub Plan|V|Data|Object-Head|417166.34||||100.0
83|05|11|2235|Social Security and Welfare|02|Social Welfare|103|Women's Welfare|0||73|Gruha Lakshmi|423|Tribal Sub Plan|2235-02-103-0-73|Tribal Sub Plan|V|Data|Object-Head|179841.75||||100.0
83|05|11|2235|Social Security and Welfare|02|Social Welfare|103|Women's Welfare|0||73|Gruha Lakshmi||||HOA Total :|V|Total|Detailed-Head|2101332.68|0.00|0.00|0.00|100.0
83|05|11|2235|Social Security and Welfare|02|Social Welfare|103|Women's Welfare|0||82|CSS-Central Share(100% GoI)- Women Helpline|||2235-02-103-0-82|CSS-Central Share(100% GoI)- Women Helpline|V|Header|Detailed-Head|||||100.0
83|05|11|2235|Social Security and Welfare|02|Social Welfare|103|Women's Welfare|0||82|CSS-Central Share(100% GoI)- Women Helpline|100|Financial Assistance/Relief|2235-02-103-0-82|Financial Assistance/Relief|V|Data|Object-Head|16.60|100.00|100.00|100.00|100.0
83|05|11|2235|Social Security and Welfare|02|Social Welfare|103|Women's Welfare|0||82|CSS-Central Share(100% GoI)- Women Helpline||||HOA Total :|V|Total|Detailed-Head|16.60|100.00|100.00|100.00|100.0
83|05|11|2235|Social Security and Welfare|02|Social Welfare|103|Women's Welfare|0||83|CSS-Central Share(100% GoI)- Nari Adalat|||2235-02-103-0-83|CSS-Central Share(100% GoI)- Nari Adalat|V|Header|Detailed-Head|||||100.0
83|05|11|2235|Social Security and Welfare|02|Social Welfare|103|Women's Welfare|0||83|CSS-Central Share(100% GoI)- Nari Adalat|100|Financial Assistance/Relief|2235-02-103-0-83|Financial Assistance/Relief|V|Data|Object-Head|||3.96|4.00|100.0
83|05|11|2235|Social Security and Welfare|02|Social Welfare|103|Women's Welfare|0||83|CSS-Central Share(100% GoI)- Nari Adalat||||HOA Total :|V|Total|Detailed-Head|0.00|0.00|3.96|4.00|100.0
83|05|11|2235|Social Security and Welfare|02|Social Welfare|103|Women's Welfare|0||99|Welfare Programme for Women|||2235-02-103-0-99|Welfare Programme for Women|V|Header|Detailed-Head|||||100.0
83|05|11|2235|Social Security and Welfare|02|Social Welfare|103|Women's Welfare|0||99|Welfare Programme for Women|034|Contract/Outsource|2235-02-103-0-99|Contract/Outsource|V|Data|Object-Head|359.73|432.00|432.00|432.00|100.0
83|05|11|2235|Social Security and Welfare|02|Social Welfare|103|Women's Welfare|0||99|Welfare Programme for Women|051|General Expenses|2235-02-103-0-99|General Expenses|V|Data|Object-Head|86.81|150.00|150.00|150.00|100.0
83|05|11|2235|Social Security and Welfare|02|Social Welfare|103|Women's Welfare|0||99|Welfare Programme for Women|071|Building Expenses|2235-02-103-0-99|Building Expenses|V|Data|Object-Head|270.83|420.00|420.00|420.00|100.0
83|05|11|2235|Social Security and Welfare|02|Social Welfare|103|Women's Welfare|0||99|Welfare Programme for Women|100|Financial Assistance/Relief|2235-02-103-0-99|Financial Assistance/Relief|V|Data|Object-Head|1568.82|1730.00|1730.00|1730.00|100.0
83|05|11|2235|Social Security and Welfare|02|Social Welfare|103|Women's Welfare|0||99|Welfare Programme for Women||||HOA Total :|V|Total|Detailed-Head|2286.19|2732.00|2732.00|2732.00|100.0
84|05|11|2235|Social Security and Welfare|02|Social Welfare|104||2||04|Senior Citizen Policy|||2235-02-104-2-04|Senior Citizen Policy|V|Header|Detailed-Head|||||100.0
84|05|11|2235|Social Security and Welfare|02|Social Welfare|104||2||04|Senior Citizen Policy|002|Basic Pay|2235-02-104-2-04|Basic Pay|V|Data|Object-Head|16.23|42.00|42.00|28.00|100.0
84|05|11|2235|Social Security and Welfare|02|Social Welfare|104||2||04|Senior Citizen Policy|003|Basic Pay-Staff|2235-02-104-2-04|Basic Pay-Staff|V|Data|Object-Head|15.91||||100.0
84|05|11|2235|Social Security and Welfare|02|Social Welfare|104||2||04|Senior Citizen Policy|004|Interim Relief|2235-02-104-2-04|Interim Relief|V|Data|Object-Head|1.94||||100.0
84|05|11|2235|Social Security and Welfare|02|Social Welfare|104||2||04|Senior Citizen Policy|011|Dearness Allowance|2235-02-104-2-04|Dearness Allowance|V|Data|Object-Head|7.52|10.00|10.00|7.00|100.0
84|05|11|2235|Social Security and Welfare|02|Social Welfare|104||2||04|Senior Citizen Policy|014|Other Allowance|2235-02-104-2-04|Other Allowance|V|Data|Object-Head|7.41|10.00|10.00|6.00|100.0
84|05|11|2235|Social Security and Welfare|02|Social Welfare|104||2||04|Senior Citizen Policy|020|Medical Allowance|2235-02-104-2-04|Medical Allowance|V|Data|Object-Head|0.08||||100.0
84|05|11|2235|Social Security and Welfare|02|Social Welfare|104||2||04|Senior Citizen Policy|021|Reimbursement of Medical Expenses|2235-02-104-2-04|Reimbursement of Medical Expenses|V|Data|Object-Head||3.00|3.00|3.00|100.0
84|05|11|2235|Social Security and Welfare|02|Social Welfare|104||2||04|Senior Citizen Policy|103|Grants-in-Aid -General|2235-02-104-2-04|Grants-in-Aid -General|V|Data|Object-Head|547.07|348.00|348.00|362.00|100.0
84|05|11|2235|Social Security and Welfare|02|Social Welfare|104||2||04|Senior Citizen Policy|422|Schedule Caste Sub Plan|2235-02-104-2-04|Schedule Caste Sub Plan|V|Data|Object-Head|16.92|36.00|36.00|37.00|100.0
84|05|11|2235|Social Security and Welfare|02|Social Welfare|104||2||04|Senior Citizen Policy|423|Tribal Sub Plan|2235-02-104-2-04|Tribal Sub Plan|V|Data|Object-Head|6.94|16.00|16.00|17.00|100.0
84|05|11|2235|Social Security and Welfare|02|Social Welfare|104||2||04|Senior Citizen Policy||||HOA Total :|V|Total|Detailed-Head|620.02|465.00|465.00|460.00|100.0
84|05|11|2235|Social Security and Welfare|02|Social Welfare|104||2||06|Financial Assistance to Special Schools for Physically Challenaged run by NGO's|||2235-02-104-2-06|Financial Assistance to Special Schools for Physically Challenaged run by NGO's|V|Header|Detailed-Head|||||100.0
84|05|11|2235|Social Security and Welfare|02|Social Welfare|104||2||06|Financial Assistance to Special Schools for Physically Challenaged run by NGO's|103|Grants-in-Aid -General|2235-02-104-2-06|Grants-in-Aid -General|V|Data|Object-Head|8102.77|6800.00|6700.00||100.0
84|05|11|2235|Social Security and Welfare|02|Social Welfare|104||2||06|Financial Assistance to Special Schools for Physically Challenaged run by NGO's|422|Schedule Caste Sub Plan|2235-02-104-2-06|Schedule Caste Sub Plan|V|Data|Object-Head|1071.67|1200.00|1200.00||100.0
84|05|11|2235|Social Security and Welfare|02|Social Welfare|104||2||06|Financial Assistance to Special Schools for Physically Challenaged run by NGO's|423|Tribal Sub Plan|2235-02-104-2-06|Tribal Sub Plan|V|Data|Object-Head|628.77|800.00|800.00||100.0
84|05|11|2235|Social Security and Welfare|02|Social Welfare|104||2||06|Financial Assistance to Special Schools for Physically Challenaged run by NGO's||||HOA Total :|V|Total|Detailed-Head|9803.21|8800.00|8700.00|0.00|100.0
84|05|11|2235|Social Security and Welfare|02|Social Welfare|104||2||07|Dhanashree|||2235-02-104-2-07|Dhanashree|V|Header|Detailed-Head|||||100.0
84|05|11|2235|Social Security and Welfare|02|Social Welfare|104||2||07|Dhanashree|059|Other Expenses|2235-02-104-2-07|Other Expenses|V|Data|Object-Head|200.00|300.00|300.00|450.00|100.0
84|05|11|2235|Social Security and Welfare|02|Social Welfare|104||2||07|Dhanashree||||HOA Total :|V|Total|Detailed-Head|200.00|300.00|300.00|450.00|100.0
84|05|11|2235|Social Security and Welfare|02|Social Welfare|104||3||01|CSS-Central Share-National Action Plan for Senior Citizens|||2235-02-104-3-01|CSS-Central Share-National Action Plan for Senior Citizens|V|Header|Detailed-Head|||||100.0
84|05|11|2235|Social Security and Welfare|02|Social Welfare|104||3||01|CSS-Central Share-National Action Plan for Senior Citizens|059|Other Expenses|2235-02-104-3-01|Other Expenses|V|Data|Object-Head|152.27||||100.0
84|05|11|2235|Social Security and Welfare|02|Social Welfare|104||3||01|CSS-Central Share-National Action Plan for Senior Citizens||||HOA Total :|V|Total|Detailed-Head|152.27|0.00|0.00|0.00|100.0
85|05|11|2235|Social Security and Welfare|02|Social Welfare|106||0||05|Correctional Buildings|||2235-02-106-0-05|Correctional Buildings|V|Header|Detailed-Head|||||100.0
85|05|11|2235|Social Security and Welfare|02|Social Welfare|106||0||05|Correctional Buildings|200|Maintenance Expenditure|2235-02-106-0-05|Maintenance Expenditure|V|Data|Object-Head|100.00|100.00|100.00|100.00|100.0
85|05|11|2235|Social Security and Welfare|02|Social Welfare|106||0||05|Correctional Buildings||||HOA Total :|V|Total|Detailed-Head|100.00|100.00|100.00|100.00|100.0
85|05|11|2235|Social Security and Welfare|02|Social Welfare|106||0||06|State Homes and Reception Centres|||2235-02-106-0-06|State Homes and Reception Centres|V|Header|Detailed-Head|||||100.0
85|05|11|2235|Social Security and Welfare|02|Social Welfare|106||0||06|State Homes and Reception Centres|002|Basic Pay|2235-02-106-0-06|Basic Pay|V|Data|Object-Head|28.95|331.00|378.42|335.00|100.0
85|05|11|2235|Social Security and Welfare|02|Social Welfare|106||0||06|State Homes and Reception Centres|003|Basic Pay-Staff|2235-02-106-0-06|Basic Pay-Staff|V|Data|Object-Head|205.87||||100.0
85|05|11|2235|Social Security and Welfare|02|Social Welfare|106||0||06|State Homes and Reception Centres|004|Interim Relief|2235-02-106-0-06|Interim Relief|V|Data|Object-Head|16.20||||100.0
85|05|11|2235|Social Security and Welfare|02|Social Welfare|106||0||06|State Homes and Reception Centres|011|Dearness Allowance|2235-02-106-0-06|Dearness Allowance|V|Data|Object-Head|58.63|73.00|78.92|84.00|100.0
85|05|11|2235|Social Security and Welfare|02|Social Welfare|106||0||06|State Homes and Reception Centres|014|Other Allowance|2235-02-106-0-06|Other Allowance|V|Data|Object-Head|34.80|50.00|56.60|46.00|100.0
85|05|11|2235|Social Security and Welfare|02|Social Welfare|106||0||06|State Homes and Reception Centres|020|Medical Allowance|2235-02-106-0-06|Medical Allowance|V|Data|Object-Head|1.47||||100.0
85|05|11|2235|Social Security and Welfare|02|Social Welfare|106||0||06|State Homes and Reception Centres|021|Reimbursement of Medical Expenses|2235-02-106-0-06|Reimbursement of Medical Expenses|V|Data|Object-Head|3.03|15.00|15.00|15.00|100.0
85|05|11|2235|Social Security and Welfare|02|Social Welfare|106||0||06|State Homes and Reception Centres|034|Contract/Outsource|2235-02-106-0-06|Contract/Outsource|V|Data|Object-Head|175.17|167.43|167.43|226.55|100.0
85|05|11|2235|Social Security and Welfare|02|Social Welfare|106||0||06|State Homes and Reception Centres|041|Travel Expenses|2235-02-106-0-06|Travel Expenses|V|Data|Object-Head|7.20|3.05|3.05|3.05|100.0
85|05|11|2235|Social Security and Welfare|02|Social Welfare|106||0||06|State Homes and Reception Centres|050|Office Expenses|2235-02-106-0-06|Office Expenses|V|Data|Object-Head||2.50|2.50|3.00|100.0
85|05|11|2235|Social Security and Welfare|02|Social Welfare|106||0||06|State Homes and Reception Centres|051|General Expenses|2235-02-106-0-06|General Expenses|V|Data|Object-Head|52.28|60.00|60.00|75.00|100.0
85|05|11|2235|Social Security and Welfare|02|Social Welfare|106||0||06|State Homes and Reception Centres|052|Telephone Charges|2235-02-106-0-06|Telephone Charges|V|Data|Object-Head|1.98||||100.0
85|05|11|2235|Social Security and Welfare|02|Social Welfare|106||0||06|State Homes and Reception Centres|071|Building Expenses|2235-02-106-0-06|Building Expenses|V|Data|Object-Head|11.36|12.00|12.00|15.00|100.0
85|05|11|2235|Social Security and Welfare|02|Social Welfare|106||0||06|State Homes and Reception Centres|221|Materials and Supplies|2235-02-106-0-06|Materials and Supplies|V|Data|Object-Head|217.79|150.00|150.00|175.00|100.0
85|05|11|2235|Social Security and Welfare|02|Social Welfare|106||0||06|State Homes and Reception Centres||||HOA Total :|V|Total|Detailed-Head|814.73|863.98|923.92|977.60|100.0
85|05|11|2235|Social Security and Welfare|02|Social Welfare|106||0||15|Centre of excellence in Sudharane Samsthe Samuchaya in collabration with NIMHANS and NLSUI|||2235-02-106-0-15|Centre of excellence in Sudharane Samsthe Samuchaya in collabration with NIMHANS and NLSUI|V|Header|Detailed-Head|||||100.0
85|05|11|2235|Social Security and Welfare|02|Social Welfare|106||0||15|Centre of excellence in Sudharane Samsthe Samuchaya in collabration with NIMHANS and NLSUI|059|Other Expenses|2235-02-106-0-15|Other Expenses|V|Data|Object-Head|50.00|25.00|25.00|75.00|100.0
85|05|11|2235|Social Security and Welfare|02|Social Welfare|106||0||15|Centre of excellence in Sudharane Samsthe Samuchaya in collabration with NIMHANS and NLSUI||||HOA Total :|V|Total|Detailed-Head|50.00|25.00|25.00|75.00|100.0
86|05|11|2235|Social Security and Welfare|02|Social Welfare|196|Assistance to Zilla Panchayats|1|Grants to District Women and Child Development Establishments|01|Grants to District Women and Child Development Establishments|||2235-02-196-1-01|Grants to District Women and Child Development Establishments|V|Header|Detailed-Head|||||100.0
86|05|11|2235|Social Security and Welfare|02|Social Welfare|196|Assistance to Zilla Panchayats|1|Grants to District Women and Child Development Establishments|01|Grants to District Women and Child Development Establishments|401|Bengaluru (Urban)|2235-02-196-1-01|Bengaluru (Urban)|V|Data|Object-Head|101.13|95.23|95.23|74.55|100.0
86|05|11|2235|Social Security and Welfare|02|Social Welfare|196|Assistance to Zilla Panchayats|1|Grants to District Women and Child Development Establishments|01|Grants to District Women and Child Development Establishments|402|Bengaluru (Rural)|2235-02-196-1-01|Bengaluru (Rural)|V|Data|Object-Head|87.90|93.20|93.20|100.67|100.0
86|05|11|2235|Social Security and Welfare|02|Social Welfare|196|Assistance to Zilla Panchayats|1|Grants to District Women and Child Development Establishments|01|Grants to District Women and Child Development Establishments|403|Chitradurga|2235-02-196-1-01|Chitradurga|V|Data|Object-Head|83.50|78.32|78.32|103.18|100.0
86|05|11|2235|Social Security and Welfare|02|Social Welfare|196|Assistance to Zilla Panchayats|1|Grants to District Women and Child Development Establishments|01|Grants to District Women and Child Development Establishments|404|Kolar|2235-02-196-1-01|Kolar|V|Data|Object-Head|74.57|64.11|64.11|77.89|100.0
86|05|11|2235|Social Security and Welfare|02|Social Welfare|196|Assistance to Zilla Panchayats|1|Grants to District Women and Child Development Establishments|01|Grants to District Women and Child Development Establishments|405|Shivamogga|2235-02-196-1-01|Shivamogga|V|Data|Object-Head|43.68|97.39|97.39|115.21|100.0
86|05|11|2235|Social Security and Welfare|02|Social Welfare|196|Assistance to Zilla Panchayats|1|Grants to District Women and Child Development Establishments|01|Grants to District Women and Child Development Establishments|406|Tumakuru|2235-02-196-1-01|Tumakuru|V|Data|Object-Head|59.87|103.59|103.59|116.03|100.0
86|05|11|2235|Social Security and Welfare|02|Social Welfare|196|Assistance to Zilla Panchayats|1|Grants to District Women and Child Development Establishments|01|Grants to District Women and Child Development Establishments|407|Mysuru|2235-02-196-1-01|Mysuru|V|Data|Object-Head|102.49|150.11|150.11|138.83|100.0
86|05|11|2235|Social Security and Welfare|02|Social Welfare|196|Assistance to Zilla Panchayats|1|Grants to District Women and Child Development Establishments|01|Grants to District Women and Child Development Establishments|408|Chikkamagaluru|2235-02-196-1-01|Chikkamagaluru|V|Data|Object-Head|52.59|52.52|52.52|57.72|100.0
86|05|11|2235|Social Security and Welfare|02|Social Welfare|196|Assistance to Zilla Panchayats|1|Grants to District Women and Child Development Establishments|01|Grants to District Women and Child Development Establishments|409|Dakshina Kannada|2235-02-196-1-01|Dakshina Kannada|V|Data|Object-Head|30.05|58.28|58.28|68.33|100.0
86|05|11|2235|Social Security and Welfare|02|Social Welfare|196|Assistance to Zilla Panchayats|1|Grants to District Women and Child Development Establishments|01|Grants to District Women and Child Development Establishments|410|Hassan|2235-02-196-1-01|Hassan|V|Data|Object-Head|94.45|120.93|120.93|130.69|100.0
86|05|11|2235|Social Security and Welfare|02|Social Welfare|196|Assistance to Zilla Panchayats|1|Grants to District Women and Child Development Establishments|01|Grants to District Women and Child Development Establishments|411|Kodagu|2235-02-196-1-01|Kodagu|V|Data|Object-Head|33.72|37.72|37.72|42.75|100.0
86|05|11|2235|Social Security and Welfare|02|Social Welfare|196|Assistance to Zilla Panchayats|1|Grants to District Women and Child Development Establishments|01|Grants to District Women and Child Development Establishments|412|Mandya|2235-02-196-1-01|Mandya|V|Data|Object-Head|53.85|55.44|55.44|72.40|100.0
86|05|11|2235|Social Security and Welfare|02|Social Welfare|196|Assistance to Zilla Panchayats|1|Grants to District Women and Child Development Establishments|01|Grants to District Women and Child Development Establishments|413|Belagavi|2235-02-196-1-01|Belagavi|V|Data|Object-Head|116.79|145.05|145.05|247.89|100.0
86|05|11|2235|Social Security and Welfare|02|Social Welfare|196|Assistance to Zilla Panchayats|1|Grants to District Women and Child Development Establishments|01|Grants to District Women and Child Development Establishments|414|Vijayapura|2235-02-196-1-01|Vijayapura|V|Data|Object-Head|85.21|94.54|94.54|112.29|100.0
86|05|11|2235|Social Security and Welfare|02|Social Welfare|196|Assistance to Zilla Panchayats|1|Grants to District Women and Child Development Establishments|01|Grants to District Women and Child Development Establishments|415|Dharwad|2235-02-196-1-01|Dharwad|V|Data|Object-Head|99.20|102.30|102.30|136.12|100.0
86|05|11|2235|Social Security and Welfare|02|Social Welfare|196|Assistance to Zilla Panchayats|1|Grants to District Women and Child Development Establishments|01|Grants to District Women and Child Development Establishments|416|Uttara Kannada|2235-02-196-1-01|Uttara Kannada|V|Data|Object-Head|69.60|52.22|52.22|77.29|100.0
86|05|11|2235|Social Security and Welfare|02|Social Welfare|196|Assistance to Zilla Panchayats|1|Grants to District Women and Child Development Establishments|01|Grants to District Women and Child Development Establishments|417|Kalaburagi|2235-02-196-1-01|Kalaburagi|V|Data|Object-Head|100.55|111.13|111.13|138.65|100.0
86|05|11|2235|Social Security and Welfare|02|Social Welfare|196|Assistance to Zilla Panchayats|1|Grants to District Women and Child Development Establishments|01|Grants to District Women and Child Development Establishments|418|Ballari|2235-02-196-1-01|Ballari|V|Data|Object-Head|61.91|64.65|64.65|77.34|100.0
86|05|11|2235|Social Security and Welfare|02|Social Welfare|196|Assistance to Zilla Panchayats|1|Grants to District Women and Child Development Establishments|01|Grants to District Women and Child Development Establishments|419|Bidar|2235-02-196-1-01|Bidar|V|Data|Object-Head|52.23|43.60|43.60|82.49|100.0
86|05|11|2235|Social Security and Welfare|02|Social Welfare|196|Assistance to Zilla Panchayats|1|Grants to District Women and Child Development Establishments|01|Grants to District Women and Child Development Establishments|420|Raichur|2235-02-196-1-01|Raichur|V|Data|Object-Head|104.56|108.65|108.65|134.18|100.0
86|05|11|2235|Social Security and Welfare|02|Social Welfare|196|Assistance to Zilla Panchayats|1|Grants to District Women and Child Development Establishments|01|Grants to District Women and Child Development Establishments|421|Yadgiri|2235-02-196-1-01|Yadgiri|V|Data|Object-Head|27.67|52.01|52.01|66.40|100.0
86|05|11|2235|Social Security and Welfare|02|Social Welfare|196|Assistance to Zilla Panchayats|1|Grants to District Women and Child Development Establishments|01|Grants to District Women and Child Development Establishments|451|Davanagere|2235-02-196-1-01|Davanagere|V|Data|Object-Head|62.95|74.42|74.42|116.42|100.0
86|05|11|2235|Social Security and Welfare|02|Social Welfare|196|Assistance to Zilla Panchayats|1|Grants to District Women and Child Development Establishments|01|Grants to District Women and Child Development Establishments|452|Bengaluru South|2235-02-196-1-01|Bengaluru South|V|Data|Object-Head|31.24|16.14|16.14|22.92|100.0
86|05|11|2235|Social Security and Welfare|02|Social Welfare|196|Assistance to Zilla Panchayats|1|Grants to District Women and Child Development Establishments|01|Grants to District Women and Child Development Establishments|453|Chikkaballapura|2235-02-196-1-01|Chikkaballapura|V|Data|Object-Head|77.61|84.97|84.97|106.79|100.0
86|05|11|2235|Social Security and Welfare|02|Social Welfare|196|Assistance to Zilla Panchayats|1|Grants to District Women and Child Development Establishments|01|Grants to District Women and Child Development Establishments|456|Chamarajanagar|2235-02-196-1-01|Chamarajanagar|V|Data|Object-Head|86.03|73.10|73.10|32.51|100.0
86|05|11|2235|Social Security and Welfare|02|Social Welfare|196|Assistance to Zilla Panchayats|1|Grants to District Women and Child Development Establishments|01|Grants to District Women and Child Development Establishments|457|Udupi|2235-02-196-1-01|Udupi|V|Data|Object-Head|48.18|92.10|92.10|78.59|100.0
86|05|11|2235|Social Security and Welfare|02|Social Welfare|196|Assistance to Zilla Panchayats|1|Grants to District Women and Child Development Establishments|01|Grants to District Women and Child Development Establishments|461|Bagalkot|2235-02-196-1-01|Bagalkot|V|Data|Object-Head|78.35|81.85|81.85|129.00|100.0
86|05|11|2235|Social Security and Welfare|02|Social Welfare|196|Assistance to Zilla Panchayats|1|Grants to District Women and Child Development Establishments|01|Grants to District Women and Child Development Establishments|462|Gadag|2235-02-196-1-01|Gadag|V|Data|Object-Head|73.02|70.68|70.68|85.22|100.0
87|05|11|2235|Social Security and Welfare|02|Social Welfare|196|Assistance to Zilla Panchayats|1|Grants to District Women and Child Development Establishments|01|Grants to District Women and Child Development Establishments|463|Haveri|2235-02-196-1-01|Haveri|V|Data|Object-Head|78.81|79.54|79.54|89.67|100.0
87|05|11|2235|Social Security and Welfare|02|Social Welfare|196|Assistance to Zilla Panchayats|1|Grants to District Women and Child Development Establishments|01|Grants to District Women and Child Development Establishments|466|Koppal|2235-02-196-1-01|Koppal|V|Data|Object-Head|62.44|116.34|116.34|143.98|100.0
87|05|11|2235|Social Security and Welfare|02|Social Welfare|196|Assistance to Zilla Panchayats|1|Grants to District Women and Child Development Establishments|01|Grants to District Women and Child Development Establishments|467|Vijayanagara|2235-02-196-1-01|Vijayanagara|V|Data|Object-Head|58.52|44.62|44.62|60.84|100.0
87|05|11|2235|Social Security and Welfare|02|Social Welfare|196|Assistance to Zilla Panchayats|1|Grants to District Women and Child Development Establishments|01|Grants to District Women and Child Development Establishments|||2235-02-196-1-01|HOA Total :|V|Total|Detailed-Head|2192.67|2514.75|2514.75|3036.84|100.0
87|05|11|2235|Social Security and Welfare|02|Social Welfare|196|Assistance to Zilla Panchayats|1|Grants to NGOs for Welfare of Differently Abled and Senior Citizens|03|Grants to NGOs for Welfare of Differently Abled and Senior Citizens|||2235-02-196-1-03|Grants to NGOs for Welfare of Differently Abled and Senior Citizens|V|Header|Detailed-Head|||||100.0
87|05|11|2235|Social Security and Welfare|02|Social Welfare|196|Assistance to Zilla Panchayats|1|Grants to NGOs for Welfare of Differently Abled and Senior Citizens|03|Grants to NGOs for Welfare of Differently Abled and Senior Citizens|300|Lumpsum - ZP|2235-02-196-1-03|Lumpsum - ZP|V|Data|Object-Head||||2150.00|100.0
87|05|11|2235|Social Security and Welfare|02|Social Welfare|196|Assistance to Zilla Panchayats|1|Grants to NGOs for Welfare of Differently Abled and Senior Citizens|03|Grants to NGOs for Welfare of Differently Abled and Senior Citizens|401|Bengaluru (Urban)|2235-02-196-1-03|Bengaluru (Urban)|V|Data|Object-Head|394.83|359.52|359.52|721.54|100.0
87|05|11|2235|Social Security and Welfare|02|Social Welfare|196|Assistance to Zilla Panchayats|1|Grants to NGOs for Welfare of Differently Abled and Senior Citizens|03|Grants to NGOs for Welfare of Differently Abled and Senior Citizens|402|Bengaluru (Rural)|2235-02-196-1-03|Bengaluru (Rural)|V|Data|Object-Head||24.00|42.00|137.54|100.0
87|05|11|2235|Social Security and Welfare|02|Social Welfare|196|Assistance to Zilla Panchayats|1|Grants to NGOs for Welfare of Differently Abled and Senior Citizens|03|Grants to NGOs for Welfare of Differently Abled and Senior Citizens|403|Chitradurga|2235-02-196-1-03|Chitradurga|V|Data|Object-Head|54.70|39.18|39.18|260.98|100.0
87|05|11|2235|Social Security and Welfare|02|Social Welfare|196|Assistance to Zilla Panchayats|1|Grants to NGOs for Welfare of Differently Abled and Senior Citizens|03|Grants to NGOs for Welfare of Differently Abled and Senior Citizens|404|Kolar|2235-02-196-1-03|Kolar|V|Data|Object-Head|30.00|24.00|24.00|200.98|100.0
87|05|11|2235|Social Security and Welfare|02|Social Welfare|196|Assistance to Zilla Panchayats|1|Grants to NGOs for Welfare of Differently Abled and Senior Citizens|03|Grants to NGOs for Welfare of Differently Abled and Senior Citizens|405|Shivamogga|2235-02-196-1-03|Shivamogga|V|Data|Object-Head|277.06|342.72|342.72|565.91|100.0
87|05|11|2235|Social Security and Welfare|02|Social Welfare|196|Assistance to Zilla Panchayats|1|Grants to NGOs for Welfare of Differently Abled and Senior Citizens|03|Grants to NGOs for Welfare of Differently Abled and Senior Citizens|406|Tumakuru|2235-02-196-1-03|Tumakuru|V|Data|Object-Head|246.02|161.07|161.07|519.17|100.0
87|05|11|2235|Social Security and Welfare|02|Social Welfare|196|Assistance to Zilla Panchayats|1|Grants to NGOs for Welfare of Differently Abled and Senior Citizens|03|Grants to NGOs for Welfare of Differently Abled and Senior Citizens|407|Mysuru|2235-02-196-1-03|Mysuru|V|Data|Object-Head|73.64|77.45|77.45|324.51|100.0
87|05|11|2235|Social Security and Welfare|02|Social Welfare|196|Assistance to Zilla Panchayats|1|Grants to NGOs for Welfare of Differently Abled and Senior Citizens|03|Grants to NGOs for Welfare of Differently Abled and Senior Citizens|408|Chikkamagaluru|2235-02-196-1-03|Chikkamagaluru|V|Data|Object-Head|196.02|158.68|158.68|275.56|100.0
87|05|11|2235|Social Security and Welfare|02|Social Welfare|196|Assistance to Zilla Panchayats|1|Grants to NGOs for Welfare of Differently Abled and Senior Citizens|03|Grants to NGOs for Welfare of Differently Abled and Senior Citizens|409|Dakshina Kannada|2235-02-196-1-03|Dakshina Kannada|V|Data|Object-Head|111.84|115.32|115.32|455.55|100.0
87|05|11|2235|Social Security and Welfare|02|Social Welfare|196|Assistance to Zilla Panchayats|1|Grants to NGOs for Welfare of Differently Abled and Senior Citizens|03|Grants to NGOs for Welfare of Differently Abled and Senior Citizens|410|Hassan|2235-02-196-1-03|Hassan|V|Data|Object-Head|66.70|76.73|76.73|286.66|100.0
87|05|11|2235|Social Security and Welfare|02|Social Welfare|196|Assistance to Zilla Panchayats|1|Grants to NGOs for Welfare of Differently Abled and Senior Citizens|03|Grants to NGOs for Welfare of Differently Abled and Senior Citizens|411|Kodagu|2235-02-196-1-03|Kodagu|V|Data|Object-Head|24.00|24.00|24.00|89.05|100.0
87|05|11|2235|Social Security and Welfare|02|Social Welfare|196|Assistance to Zilla Panchayats|1|Grants to NGOs for Welfare of Differently Abled and Senior Citizens|03|Grants to NGOs for Welfare of Differently Abled and Senior Citizens|412|Mandya|2235-02-196-1-03|Mandya|V|Data|Object-Head|12.00|12.00|12.00|208.91|100.0
87|05|11|2235|Social Security and Welfare|02|Social Welfare|196|Assistance to Zilla Panchayats|1|Grants to NGOs for Welfare of Differently Abled and Senior Citizens|03|Grants to NGOs for Welfare of Differently Abled and Senior Citizens|413|Belagavi|2235-02-196-1-03|Belagavi|V|Data|Object-Head|237.75|296.54|296.54|1474.35|100.0
87|05|11|2235|Social Security and Welfare|02|Social Welfare|196|Assistance to Zilla Panchayats|1|Grants to NGOs for Welfare of Differently Abled and Senior Citizens|03|Grants to NGOs for Welfare of Differently Abled and Senior Citizens|414|Vijayapura|2235-02-196-1-03|Vijayapura|V|Data|Object-Head|75.81|88.82|88.82|777.10|100.0
87|05|11|2235|Social Security and Welfare|02|Social Welfare|196|Assistance to Zilla Panchayats|1|Grants to NGOs for Welfare of Differently Abled and Senior Citizens|03|Grants to NGOs for Welfare of Differently Abled and Senior Citizens|415|Dharwad|2235-02-196-1-03|Dharwad|V|Data|Object-Head|149.36|187.75|187.75|533.03|100.0
87|05|11|2235|Social Security and Welfare|02|Social Welfare|196|Assistance to Zilla Panchayats|1|Grants to NGOs for Welfare of Differently Abled and Senior Citizens|03|Grants to NGOs for Welfare of Differently Abled and Senior Citizens|416|Uttara Kannada|2235-02-196-1-03|Uttara Kannada|V|Data|Object-Head||36.00|72.00|244.36|100.0
87|05|11|2235|Social Security and Welfare|02|Social Welfare|196|Assistance to Zilla Panchayats|1|Grants to NGOs for Welfare of Differently Abled and Senior Citizens|03|Grants to NGOs for Welfare of Differently Abled and Senior Citizens|417|Kalaburagi|2235-02-196-1-03|Kalaburagi|V|Data|Object-Head|256.41|339.05|339.05|974.87|100.0
87|05|11|2235|Social Security and Welfare|02|Social Welfare|196|Assistance to Zilla Panchayats|1|Grants to NGOs for Welfare of Differently Abled and Senior Citizens|03|Grants to NGOs for Welfare of Differently Abled and Senior Citizens|418|Ballari|2235-02-196-1-03|Ballari|V|Data|Object-Head|12.00|||197.71|100.0
87|05|11|2235|Social Security and Welfare|02|Social Welfare|196|Assistance to Zilla Panchayats|1|Grants to NGOs for Welfare of Differently Abled and Senior Citizens|03|Grants to NGOs for Welfare of Differently Abled and Senior Citizens|419|Bidar|2235-02-196-1-03|Bidar|V|Data|Object-Head|36.00|36.00|36.00|383.03|100.0
87|05|11|2235|Social Security and Welfare|02|Social Welfare|196|Assistance to Zilla Panchayats|1|Grants to NGOs for Welfare of Differently Abled and Senior Citizens|03|Grants to NGOs for Welfare of Differently Abled and Senior Citizens|420|Raichur|2235-02-196-1-03|Raichur|V|Data|Object-Head||24.00|42.00|493.97|100.0
87|05|11|2235|Social Security and Welfare|02|Social Welfare|196|Assistance to Zilla Panchayats|1|Grants to NGOs for Welfare of Differently Abled and Senior Citizens|03|Grants to NGOs for Welfare of Differently Abled and Senior Citizens|421|Yadgiri|2235-02-196-1-03|Yadgiri|V|Data|Object-Head|24.00|24.00|24.00|301.55|100.0
87|05|11|2235|Social Security and Welfare|02|Social Welfare|196|Assistance to Zilla Panchayats|1|Grants to NGOs for Welfare of Differently Abled and Senior Citizens|03|Grants to NGOs for Welfare of Differently Abled and Senior Citizens|451|Davanagere|2235-02-196-1-03|Davanagere|V|Data|Object-Head|12.00|12.00|12.00|244.79|100.0
88|05|11|2235|Social Security and Welfare|02|Social Welfare|196|Assistance to Zilla Panchayats|1|Grants to NGOs for Welfare of Differently Abled and Senior Citizens|03|Grants to NGOs for Welfare of Differently Abled and Senior Citizens|452|Bengaluru South|2235-02-196-1-03|Bengaluru South|V|Data|Object-Head|24.00|24.00|24.00|145.78|100.0
88|05|11|2235|Social Security and Welfare|02|Social Welfare|196|Assistance to Zilla Panchayats|1|Grants to NGOs for Welfare of Differently Abled and Senior Citizens|03|Grants to NGOs for Welfare of Differently Abled and Senior Citizens|453|Chikkaballapura|2235-02-196-1-03|Chikkaballapura|V|Data|Object-Head|12.00|12.00|12.00|175.92|100.0
88|05|11|2235|Social Security and Welfare|02|Social Welfare|196|Assistance to Zilla Panchayats|1|Grants to NGOs for Welfare of Differently Abled and Senior Citizens|03|Grants to NGOs for Welfare of Differently Abled and Senior Citizens|456|Chamarajanagar|2235-02-196-1-03|Chamarajanagar|V|Data|Object-Head|12.00|12.00|12.00|117.19|100.0
88|05|11|2235|Social Security and Welfare|02|Social Welfare|196|Assistance to Zilla Panchayats|1|Grants to NGOs for Welfare of Differently Abled and Senior Citizens|03|Grants to NGOs for Welfare of Differently Abled and Senior Citizens|457|Udupi|2235-02-196-1-03|Udupi|V|Data|Object-Head|39.09|45.56|45.56|191.87|100.0
88|05|11|2235|Social Security and Welfare|02|Social Welfare|196|Assistance to Zilla Panchayats|1|Grants to NGOs for Welfare of Differently Abled and Senior Citizens|03|Grants to NGOs for Welfare of Differently Abled and Senior Citizens|461|Bagalkot|2235-02-196-1-03|Bagalkot|V|Data|Object-Head|36.00|36.00|36.00|531.53|100.0
88|05|11|2235|Social Security and Welfare|02|Social Welfare|196|Assistance to Zilla Panchayats|1|Grants to NGOs for Welfare of Differently Abled and Senior Citizens|03|Grants to NGOs for Welfare of Differently Abled and Senior Citizens|462|Gadag|2235-02-196-1-03|Gadag|V|Data|Object-Head|24.00|24.00|24.00|258.15|100.0
88|05|11|2235|Social Security and Welfare|02|Social Welfare|196|Assistance to Zilla Panchayats|1|Grants to NGOs for Welfare of Differently Abled and Senior Citizens|03|Grants to NGOs for Welfare of Differently Abled and Senior Citizens|463|Haveri|2235-02-196-1-03|Haveri|V|Data|Object-Head|115.95|132.34|132.34|460.61|100.0
88|05|11|2235|Social Security and Welfare|02|Social Welfare|196|Assistance to Zilla Panchayats|1|Grants to NGOs for Welfare of Differently Abled and Senior Citizens|03|Grants to NGOs for Welfare of Differently Abled and Senior Citizens|466|Koppal|2235-02-196-1-03|Koppal|V|Data|Object-Head|88.91|86.41|86.41|467.81|100.0
88|05|11|2235|Social Security and Welfare|02|Social Welfare|196|Assistance to Zilla Panchayats|1|Grants to NGOs for Welfare of Differently Abled and Senior Citizens|03|Grants to NGOs for Welfare of Differently Abled and Senior Citizens|467|Vijayanagara|2235-02-196-1-03|Vijayanagara|V|Data|Object-Head||12.00|36.00|305.49|100.0
88|05|11|2235|Social Security and Welfare|02|Social Welfare|196|Assistance to Zilla Panchayats|1|Grants to NGOs for Welfare of Differently Abled and Senior Citizens|03|Grants to NGOs for Welfare of Differently Abled and Senior Citizens|||2235-02-196-1-03|HOA Total :|V|Total|Detailed-Head|2642.09|2843.14|2939.14|14475.47|100.0
88|05|11|2235|Social Security and Welfare|02|Social Welfare|196|Assistance to Zilla Panchayats|1||04|Maintenance of Anganwadi Buildings|||2235-02-196-1-04|Maintenance of Anganwadi Buildings|V|Header|Detailed-Head|||||100.0
88|05|11|2235|Social Security and Welfare|02|Social Welfare|196|Assistance to Zilla Panchayats|1||04|Maintenance of Anganwadi Buildings|401|Bengaluru (Urban)|2235-02-196-1-04|Bengaluru (Urban)|V|Data|Object-Head|53.00|50.00|50.00|73.00|100.0
88|05|11|2235|Social Security and Welfare|02|Social Welfare|196|Assistance to Zilla Panchayats|1||04|Maintenance of Anganwadi Buildings|402|Bengaluru (Rural)|2235-02-196-1-04|Bengaluru (Rural)|V|Data|Object-Head|68.00|68.00|68.00|103.00|100.0
88|05|11|2235|Social Security and Welfare|02|Social Welfare|196|Assistance to Zilla Panchayats|1||04|Maintenance of Anganwadi Buildings|403|Chitradurga|2235-02-196-1-04|Chitradurga|V|Data|Object-Head|39.00|39.00|39.00|73.00|100.0
88|05|11|2235|Social Security and Welfare|02|Social Welfare|196|Assistance to Zilla Panchayats|1||04|Maintenance of Anganwadi Buildings|404|Kolar|2235-02-196-1-04|Kolar|V|Data|Object-Head|84.00|90.00|90.00|113.00|100.0
88|05|11|2235|Social Security and Welfare|02|Social Welfare|196|Assistance to Zilla Panchayats|1||04|Maintenance of Anganwadi Buildings|405|Shivamogga|2235-02-196-1-04|Shivamogga|V|Data|Object-Head|71.00|71.00|71.00|103.00|100.0
88|05|11|2235|Social Security and Welfare|02|Social Welfare|196|Assistance to Zilla Panchayats|1||04|Maintenance of Anganwadi Buildings|406|Tumakuru|2235-02-196-1-04|Tumakuru|V|Data|Object-Head|242.00|250.00|250.00|298.00|100.0
88|05|11|2235|Social Security and Welfare|02|Social Welfare|196|Assistance to Zilla Panchayats|1||04|Maintenance of Anganwadi Buildings|407|Mysuru|2235-02-196-1-04|Mysuru|V|Data|Object-Head|158.00|160.00|160.00|223.00|100.0
88|05|11|2235|Social Security and Welfare|02|Social Welfare|196|Assistance to Zilla Panchayats|1||04|Maintenance of Anganwadi Buildings|408|Chikkamagaluru|2235-02-196-1-04|Chikkamagaluru|V|Data|Object-Head|71.00|71.00|71.00|94.00|100.0
88|05|11|2235|Social Security and Welfare|02|Social Welfare|196|Assistance to Zilla Panchayats|1||04|Maintenance of Anganwadi Buildings|409|Dakshina Kannada|2235-02-196-1-04|Dakshina Kannada|V|Data|Object-Head|184.00|184.00|184.00|213.00|100.0
88|05|11|2235|Social Security and Welfare|02|Social Welfare|196|Assistance to Zilla Panchayats|1||04|Maintenance of Anganwadi Buildings|410|Hassan|2235-02-196-1-04|Hassan|V|Data|Object-Head|105.00|105.00|105.00|128.00|100.0
88|05|11|2235|Social Security and Welfare|02|Social Welfare|196|Assistance to Zilla Panchayats|1||04|Maintenance of Anganwadi Buildings|411|Kodagu|2235-02-196-1-04|Kodagu|V|Data|Object-Head|84.00|84.00|84.00|107.00|100.0
88|05|11|2235|Social Security and Welfare|02|Social Welfare|196|Assistance to Zilla Panchayats|1||04|Maintenance of Anganwadi Buildings|412|Mandya|2235-02-196-1-04|Mandya|V|Data|Object-Head|79.00|79.00|79.00|102.00|100.0
88|05|11|2235|Social Security and Welfare|02|Social Welfare|196|Assistance to Zilla Panchayats|1||04|Maintenance of Anganwadi Buildings|413|Belagavi|2235-02-196-1-04|Belagavi|V|Data|Object-Head|242.00|242.00|242.00|323.00|100.0
88|05|11|2235|Social Security and Welfare|02|Social Welfare|196|Assistance to Zilla Panchayats|1||04|Maintenance of Anganwadi Buildings|414|Vijayapura|2235-02-196-1-04|Vijayapura|V|Data|Object-Head|84.00|90.00|90.00|123.00|100.0
88|05|11|2235|Social Security and Welfare|02|Social Welfare|196|Assistance to Zilla Panchayats|1||04|Maintenance of Anganwadi Buildings|415|Dharwad|2235-02-196-1-04|Dharwad|V|Data|Object-Head|65.00|65.00|65.00|88.00|100.0
88|05|11|2235|Social Security and Welfare|02|Social Welfare|196|Assistance to Zilla Panchayats|1||04|Maintenance of Anganwadi Buildings|416|Uttara Kannada|2235-02-196-1-04|Uttara Kannada|V|Data|Object-Head|95.00|95.00|95.00|130.00|100.0
88|05|11|2235|Social Security and Welfare|02|Social Welfare|196|Assistance to Zilla Panchayats|1||04|Maintenance of Anganwadi Buildings|417|Kalaburagi|2235-02-196-1-04|Kalaburagi|V|Data|Object-Head|137.00|137.00|137.00|140.00|100.0
88|05|11|2235|Social Security and Welfare|02|Social Welfare|196|Assistance to Zilla Panchayats|1||04|Maintenance of Anganwadi Buildings|418|Ballari|2235-02-196-1-04|Ballari|V|Data|Object-Head|74.00|74.00|74.00|96.00|100.0
89|05|11|2235|Social Security and Welfare|02|Social Welfare|196|Assistance to Zilla Panchayats|1|Grants to NGOs for Welfare of Differently Abled and Senior Citizens|04|Maintenance of Anganwadi Buildings|419|Bidar|2235-02-196-1-04|Bidar|V|Data|Object-Head|63.00|63.00|63.00|83.00|100.0
89|05|11|2235|Social Security and Welfare|02|Social Welfare|196|Assistance to Zilla Panchayats|1|Grants to NGOs for Welfare of Differently Abled and Senior Citizens|04|Maintenance of Anganwadi Buildings|420|Raichur|2235-02-196-1-04|Raichur|V|Data|Object-Head|63.00|63.00|63.00|81.00|100.0
89|05|11|2235|Social Security and Welfare|02|Social Welfare|196|Assistance to Zilla Panchayats|1|Grants to NGOs for Welfare of Differently Abled and Senior Citizens|04|Maintenance of Anganwadi Buildings|421|Yadgiri|2235-02-196-1-04|Yadgiri|V|Data|Object-Head|63.00|63.00|63.00|98.00|100.0
89|05|11|2235|Social Security and Welfare|02|Social Welfare|196|Assistance to Zilla Panchayats|1|Grants to NGOs for Welfare of Differently Abled and Senior Citizens|04|Maintenance of Anganwadi Buildings|451|Davanagere|2235-02-196-1-04|Davanagere|V|Data|Object-Head|126.00|135.00|135.00|173.00|100.0
89|05|11|2235|Social Security and Welfare|02|Social Welfare|196|Assistance to Zilla Panchayats|1|Grants to NGOs for Welfare of Differently Abled and Senior Citizens|04|Maintenance of Anganwadi Buildings|452|Bengaluru South|2235-02-196-1-04|Bengaluru South|V|Data|Object-Head|72.00|72.00|72.00|100.00|100.0
89|05|11|2235|Social Security and Welfare|02|Social Welfare|196|Assistance to Zilla Panchayats|1|Grants to NGOs for Welfare of Differently Abled and Senior Citizens|04|Maintenance of Anganwadi Buildings|453|Chikkaballapura|2235-02-196-1-04|Chikkaballapura|V|Data|Object-Head|68.00|68.00|68.00|90.00|100.0
89|05|11|2235|Social Security and Welfare|02|Social Welfare|196|Assistance to Zilla Panchayats|1|Grants to NGOs for Welfare of Differently Abled and Senior Citizens|04|Maintenance of Anganwadi Buildings|456|Chamarajanagar|2235-02-196-1-04|Chamarajanagar|V|Data|Object-Head|105.00|105.00|105.00|125.00|100.0
89|05|11|2235|Social Security and Welfare|02|Social Welfare|196|Assistance to Zilla Panchayats|1|Grants to NGOs for Welfare of Differently Abled and Senior Citizens|04|Maintenance of Anganwadi Buildings|457|Udupi|2235-02-196-1-04|Udupi|V|Data|Object-Head|84.00|80.00|80.00|105.00|100.0
89|05|11|2235|Social Security and Welfare|02|Social Welfare|196|Assistance to Zilla Panchayats|1|Grants to NGOs for Welfare of Differently Abled and Senior Citizens|04|Maintenance of Anganwadi Buildings|461|Bagalkot|2235-02-196-1-04|Bagalkot|V|Data|Object-Head|95.00|95.00|95.00|130.00|100.0
89|05|11|2235|Social Security and Welfare|02|Social Welfare|196|Assistance to Zilla Panchayats|1|Grants to NGOs for Welfare of Differently Abled and Senior Citizens|04|Maintenance of Anganwadi Buildings|462|Gadag|2235-02-196-1-04|Gadag|V|Data|Object-Head|105.00|105.00|105.00|145.00|100.0
89|05|11|2235|Social Security and Welfare|02|Social Welfare|196|Assistance to Zilla Panchayats|1|Grants to NGOs for Welfare of Differently Abled and Senior Citizens|04|Maintenance of Anganwadi Buildings|463|Haveri|2235-02-196-1-04|Haveri|V|Data|Object-Head|79.00|79.00|79.00|100.00|100.0
89|05|11|2235|Social Security and Welfare|02|Social Welfare|196|Assistance to Zilla Panchayats|1|Grants to NGOs for Welfare of Differently Abled and Senior Citizens|04|Maintenance of Anganwadi Buildings|466|Koppal|2235-02-196-1-04|Koppal|V|Data|Object-Head|95.00|95.00|95.00|125.00|100.0
89|05|11|2235|Social Security and Welfare|02|Social Welfare|196|Assistance to Zilla Panchayats|1|Grants to NGOs for Welfare of Differently Abled and Senior Citizens|04|Maintenance of Anganwadi Buildings|467|Vijayanagara|2235-02-196-1-04|Vijayanagara|V|Data|Object-Head|80.00|80.00|80.00|115.00|100.0
89|05|11|2235|Social Security and Welfare|02|Social Welfare|196|Assistance to Zilla Panchayats|1|Grants to NGOs for Welfare of Differently Abled and Senior Citizens|04|Maintenance of Anganwadi Buildings|||2235-02-196-1-04|HOA Total :|V|Total|Detailed-Head|3033.00|3057.00|3057.00|4000.00|100.0
89|05|11|2235|Social Security and Welfare|02|Social Welfare|196|Assistance to Zilla Panchayats|1|Grants to NGOs for Welfare of Differently Abled and Senior Citizens|05|CSS-Salary Share -ICDS (30 District ICDS Cell)|||2235-02-196-1-05|CSS-Salary Share -ICDS (30 District ICDS Cell)|V|Header|Detailed-Head|||||100.0
89|05|11|2235|Social Security and Welfare|02|Social Welfare|196|Assistance to Zilla Panchayats|1|Grants to NGOs for Welfare of Differently Abled and Senior Citizens|05|CSS-Salary Share -ICDS (30 District ICDS Cell)|401|Bengaluru (Urban)|2235-02-196-1-05|Bengaluru (Urban)|V|Data|Object-Head|48.99|68.70|74.94|52.25|100.0
89|05|11|2235|Social Security and Welfare|02|Social Welfare|196|Assistance to Zilla Panchayats|1|Grants to NGOs for Welfare of Differently Abled and Senior Citizens|05|CSS-Salary Share -ICDS (30 District ICDS Cell)|402|Bengaluru (Rural)|2235-02-196-1-05|Bengaluru (Rural)|V|Data|Object-Head|36.41|23.63|52.87|25.92|100.0
89|05|11|2235|Social Security and Welfare|02|Social Welfare|196|Assistance to Zilla Panchayats|1|Grants to NGOs for Welfare of Differently Abled and Senior Citizens|05|CSS-Salary Share -ICDS (30 District ICDS Cell)|403|Chitradurga|2235-02-196-1-05|Chitradurga|V|Data|Object-Head|71.07|71.27|71.27|75.49|100.0
89|05|11|2235|Social Security and Welfare|02|Social Welfare|196|Assistance to Zilla Panchayats|1|Grants to NGOs for Welfare of Differently Abled and Senior Citizens|05|CSS-Salary Share -ICDS (30 District ICDS Cell)|404|Kolar|2235-02-196-1-05|Kolar|V|Data|Object-Head|46.93|40.81|59.79|43.37|100.0
89|05|11|2235|Social Security and Welfare|02|Social Welfare|196|Assistance to Zilla Panchayats|1|Grants to NGOs for Welfare of Differently Abled and Senior Citizens|05|CSS-Salary Share -ICDS (30 District ICDS Cell)|405|Shivamogga|2235-02-196-1-05|Shivamogga|V|Data|Object-Head|57.66|55.95|55.95|46.61|100.0
89|05|11|2235|Social Security and Welfare|02|Social Welfare|196|Assistance to Zilla Panchayats|1|Grants to NGOs for Welfare of Differently Abled and Senior Citizens|05|CSS-Salary Share -ICDS (30 District ICDS Cell)|406|Tumakuru|2235-02-196-1-05|Tumakuru|V|Data|Object-Head|54.64|60.75|60.75|52.61|100.0
89|05|11|2235|Social Security and Welfare|02|Social Welfare|196|Assistance to Zilla Panchayats|1|Grants to NGOs for Welfare of Differently Abled and Senior Citizens|05|CSS-Salary Share -ICDS (30 District ICDS Cell)|407|Mysuru|2235-02-196-1-05|Mysuru|V|Data|Object-Head|65.71|57.51|68.12|77.39|100.0
89|05|11|2235|Social Security and Welfare|02|Social Welfare|196|Assistance to Zilla Panchayats|1|Grants to NGOs for Welfare of Differently Abled and Senior Citizens|05|CSS-Salary Share -ICDS (30 District ICDS Cell)|408|Chikkamagaluru|2235-02-196-1-05|Chikkamagaluru|V|Data|Object-Head|39.76|32.35|43.57|43.37|100.0
89|05|11|2235|Social Security and Welfare|02|Social Welfare|196|Assistance to Zilla Panchayats|1|Grants to NGOs for Welfare of Differently Abled and Senior Citizens|05|CSS-Salary Share -ICDS (30 District ICDS Cell)|409|Dakshina Kannada|2235-02-196-1-05|Dakshina Kannada|V|Data|Object-Head|47.11|40.46|42.21|35.54|100.0
89|05|11|2235|Social Security and Welfare|02|Social Welfare|196|Assistance to Zilla Panchayats|1|Grants to NGOs for Welfare of Differently Abled and Senior Citizens|05|CSS-Salary Share -ICDS (30 District ICDS Cell)|410|Hassan|2235-02-196-1-05|Hassan|V|Data|Object-Head|63.02|47.59|59.89|58.82|100.0
89|05|11|2235|Social Security and Welfare|02|Social Welfare|196|Assistance to Zilla Panchayats|1|Grants to NGOs for Welfare of Differently Abled and Senior Citizens|05|CSS-Salary Share -ICDS (30 District ICDS Cell)|411|Kodagu|2235-02-196-1-05|Kodagu|V|Data|Object-Head|40.56|34.82|37.82|19.28|100.0
89|05|11|2235|Social Security and Welfare|02|Social Welfare|196|Assistance to Zilla Panchayats|1|Grants to NGOs for Welfare of Differently Abled and Senior Citizens|05|CSS-Salary Share -ICDS (30 District ICDS Cell)|412|Mandya|2235-02-196-1-05|Mandya|V|Data|Object-Head|58.47|41.59|41.59|36.20|100.0
89|05|11|2235|Social Security and Welfare|02|Social Welfare|196|Assistance to Zilla Panchayats|1|Grants to NGOs for Welfare of Differently Abled and Senior Citizens|05|CSS-Salary Share -ICDS (30 District ICDS Cell)|413|Belagavi|2235-02-196-1-05|Belagavi|V|Data|Object-Head|77.13|82.32|82.32|77.20|100.0
89|05|11|2235|Social Security and Welfare|02|Social Welfare|196|Assistance to Zilla Panchayats|1|Grants to NGOs for Welfare of Differently Abled and Senior Citizens|05|CSS-Salary Share -ICDS (30 District ICDS Cell)|414|Vijayapura|2235-02-196-1-05|Vijayapura|V|Data|Object-Head|65.85|71.28|71.28|64.60|100.0
90|05|11|2235|Social Security and Welfare|02|Social Welfare|196|Assistance to Zilla Panchayats|1|Grants to NGOs for Welfare of Differently Abled and Senior Citizens|05|CSS-Salary Share -ICDS (30 District ICDS Cell)|415|Dharwad|2235-02-196-1-05|Dharwad|V|Data|Object-Head|53.54|56.08|59.23|56.26|100.0
90|05|11|2235|Social Security and Welfare|02|Social Welfare|196|Assistance to Zilla Panchayats|1|Grants to NGOs for Welfare of Differently Abled and Senior Citizens|05|CSS-Salary Share -ICDS (30 District ICDS Cell)|416|Uttara Kannada|2235-02-196-1-05|Uttara Kannada|V|Data|Object-Head|31.27|34.97|34.97|37.27|100.0
90|05|11|2235|Social Security and Welfare|02|Social Welfare|196|Assistance to Zilla Panchayats|1|Grants to NGOs for Welfare of Differently Abled and Senior Citizens|05|CSS-Salary Share -ICDS (30 District ICDS Cell)|417|Kalaburagi|2235-02-196-1-05|Kalaburagi|V|Data|Object-Head|67.74|72.74|72.74|78.61|100.0
90|05|11|2235|Social Security and Welfare|02|Social Welfare|196|Assistance to Zilla Panchayats|1|Grants to NGOs for Welfare of Differently Abled and Senior Citizens|05|CSS-Salary Share -ICDS (30 District ICDS Cell)|418|Ballari|2235-02-196-1-05|Ballari|V|Data|Object-Head|43.56|48.64|48.64|50.67|100.0
90|05|11|2235|Social Security and Welfare|02|Social Welfare|196|Assistance to Zilla Panchayats|1|Grants to NGOs for Welfare of Differently Abled and Senior Citizens|05|CSS-Salary Share -ICDS (30 District ICDS Cell)|419|Bidar|2235-02-196-1-05|Bidar|V|Data|Object-Head|56.64|63.87|63.87|40.43|100.0
90|05|11|2235|Social Security and Welfare|02|Social Welfare|196|Assistance to Zilla Panchayats|1|Grants to NGOs for Welfare of Differently Abled and Senior Citizens|05|CSS-Salary Share -ICDS (30 District ICDS Cell)|420|Raichur|2235-02-196-1-05|Raichur|V|Data|Object-Head|56.42|54.01|54.01|76.21|100.0
90|05|11|2235|Social Security and Welfare|02|Social Welfare|196|Assistance to Zilla Panchayats|1|Grants to NGOs for Welfare of Differently Abled and Senior Citizens|05|CSS-Salary Share -ICDS (30 District ICDS Cell)|421|Yadgiri|2235-02-196-1-05|Yadgiri|V|Data|Object-Head|52.33|58.96|58.96|66.22|100.0
90|05|11|2235|Social Security and Welfare|02|Social Welfare|196|Assistance to Zilla Panchayats|1|Grants to NGOs for Welfare of Differently Abled and Senior Citizens|05|CSS-Salary Share -ICDS (30 District ICDS Cell)|451|Davanagere|2235-02-196-1-05|Davanagere|V|Data|Object-Head|81.85|79.78|92.32|92.25|100.0
90|05|11|2235|Social Security and Welfare|02|Social Welfare|196|Assistance to Zilla Panchayats|1|Grants to NGOs for Welfare of Differently Abled and Senior Citizens|05|CSS-Salary Share -ICDS (30 District ICDS Cell)|452|Bengaluru South|2235-02-196-1-05|Bengaluru South|V|Data|Object-Head|42.32|28.60|28.60|32.12|100.0
90|05|11|2235|Social Security and Welfare|02|Social Welfare|196|Assistance to Zilla Panchayats|1|Grants to NGOs for Welfare of Differently Abled and Senior Citizens|05|CSS-Salary Share -ICDS (30 District ICDS Cell)|453|Chikkaballapura|2235-02-196-1-05|Chikkaballapura|V|Data|Object-Head|20.64|31.51|31.51|42.05|100.0
90|05|11|2235|Social Security and Welfare|02|Social Welfare|196|Assistance to Zilla Panchayats|1|Grants to NGOs for Welfare of Differently Abled and Senior Citizens|05|CSS-Salary Share -ICDS (30 District ICDS Cell)|456|Chamarajanagar|2235-02-196-1-05|Chamarajanagar|V|Data|Object-Head|49.76|49.54|49.54|40.97|100.0
90|05|11|2235|Social Security and Welfare|02|Social Welfare|196|Assistance to Zilla Panchayats|1|Grants to NGOs for Welfare of Differently Abled and Senior Citizens|05|CSS-Salary Share -ICDS (30 District ICDS Cell)|457|Udupi|2235-02-196-1-05|Udupi|V|Data|Object-Head|29.35|30.39|37.04|39.63|100.0
90|05|11|2235|Social Security and Welfare|02|Social Welfare|196|Assistance to Zilla Panchayats|1|Grants to NGOs for Welfare of Differently Abled and Senior Citizens|05|CSS-Salary Share -ICDS (30 District ICDS Cell)|461|Bagalkot|2235-02-196-1-05|Bagalkot|V|Data|Object-Head|70.53|51.09|58.09|53.67|100.0
90|05|11|2235|Social Security and Welfare|02|Social Welfare|196|Assistance to Zilla Panchayats|1|Grants to NGOs for Welfare of Differently Abled and Senior Citizens|05|CSS-Salary Share -ICDS (30 District ICDS Cell)|462|Gadag|2235-02-196-1-05|Gadag|V|Data|Object-Head|43.66|38.07|46.97|41.41|100.0
90|05|11|2235|Social Security and Welfare|02|Social Welfare|196|Assistance to Zilla Panchayats|1|Grants to NGOs for Welfare of Differently Abled and Senior Citizens|05|CSS-Salary Share -ICDS (30 District ICDS Cell)|463|Haveri|2235-02-196-1-05|Haveri|V|Data|Object-Head|45.34|31.22|49.89|54.95|100.0
90|05|11|2235|Social Security and Welfare|02|Social Welfare|196|Assistance to Zilla Panchayats|1|Grants to NGOs for Welfare of Differently Abled and Senior Citizens|05|CSS-Salary Share -ICDS (30 District ICDS Cell)|466|Koppal|2235-02-196-1-05|Koppal|V|Data|Object-Head|59.91|69.22|69.22|72.03|100.0
90|05|11|2235|Social Security and Welfare|02|Social Welfare|196|Assistance to Zilla Panchayats|1|Grants to NGOs for Welfare of Differently Abled and Senior Citizens|05|CSS-Salary Share -ICDS (30 District ICDS Cell)|467|Vijayanagara|2235-02-196-1-05|Vijayanagara|V|Data|Object-Head|18.11|20.14|24.12|32.96|100.0
90|05|11|2235|Social Security and Welfare|02|Social Welfare|196|Assistance to Zilla Panchayats|1|Grants to NGOs for Welfare of Differently Abled and Senior Citizens|05|CSS-Salary Share -ICDS (30 District ICDS Cell)|||2235-02-196-1-05|HOA Total :|V|Total|Detailed-Head|1596.28|1547.86|1702.09|1616.36|100.0
90|05|11|2235|Social Security and Welfare|02|Social Welfare|197|Assistance to Block Panchayats|1|Creches for Children of Working Women|01|Creches for Children of Working Women|||2235-02-197-1-01|Creches for Children of Working Women|V|Header|Detailed-Head|||||100.0
90|05|11|2235|Social Security and Welfare|02|Social Welfare|197|Assistance to Block Panchayats|1|Creches for Children of Working Women|01|Creches for Children of Working Women|408|Chikkamagaluru|2235-02-197-1-01|Chikkamagaluru|V|Data|Object-Head|7.00|1.00|1.00|1.00|100.0
90|05|11|2235|Social Security and Welfare|02|Social Welfare|197|Assistance to Block Panchayats|1|Creches for Children of Working Women|01|Creches for Children of Working Women|410|Hassan|2235-02-197-1-01|Hassan|V|Data|Object-Head||7.00|7.00|7.00|100.0
90|05|11|2235|Social Security and Welfare|02|Social Welfare|197|Assistance to Block Panchayats|1|Creches for Children of Working Women|01|Creches for Children of Working Women|416|Uttara Kannada|2235-02-197-1-01|Uttara Kannada|V|Data|Object-Head|8.00|10.00|10.00|10.00|100.0
90|05|11|2235|Social Security and Welfare|02|Social Welfare|197|Assistance to Block Panchayats|1|Creches for Children of Working Women|01|Creches for Children of Working Women|462|Gadag|2235-02-197-1-01|Gadag|V|Data|Object-Head|1.00|1.00|1.00|1.00|100.0
90|05|11|2235|Social Security and Welfare|02|Social Welfare|197|Assistance to Block Panchayats|1|Creches for Children of Working Women|01|Creches for Children of Working Women|466|Koppal|2235-02-197-1-01|Koppal|V|Data|Object-Head|7.32|4.00|4.00||100.0
90|05|11|2235|Social Security and Welfare|02|Social Welfare|197|Assistance to Block Panchayats|1|Creches for Children of Working Women|01|Creches for Children of Working Women|||2235-02-197-1-01|HOA Total :|V|Total|Detailed-Head|23.32|23.00|23.00|19.00|100.0
91|05|11|2235|Social Security and Welfare|02|Social Welfare|197|Assistance to Block Panchayats|1|Creches for Children of Working Women|02|Gruha Lakshmi|||2235-02-197-1-02|Gruha Lakshmi|V|Header|Detailed-Head|||||100.0
91|05|11|2235|Social Security and Welfare|02|Social Welfare|197|Assistance to Block Panchayats|1|Creches for Children of Working Women|02|Gruha Lakshmi|300|Lumpsum - ZP|2235-02-197-1-02|Lumpsum - ZP|V|Data|Object-Head|859507.32|2860800.00|2860800.00|2860800.00|100.0
91|05|11|2235|Social Security and Welfare|02|Social Welfare|197|Assistance to Block Panchayats|1|Creches for Children of Working Women|02|Gruha Lakshmi|||2235-02-197-1-02|HOA Total :|V|Total|Detailed-Head|859507.32|2860800.00|2860800.00|2860800.00|100.0
91|05|11|2235|Social Security and Welfare|02|Social Welfare|197|Assistance to Block Panchayats|1|Creches for Children of Working Women|04|CSS-Salary -Integrated Child Development Service (204 ICDS Projects)|||2235-02-197-1-04|CSS-Salary -Integrated Child Development Service (204 ICDS Projects)|V|Header|Detailed-Head|||||100.0
91|05|11|2235|Social Security and Welfare|02|Social Welfare|197|Assistance to Block Panchayats|1|Creches for Children of Working Women|04|CSS-Salary -Integrated Child Development Service (204 ICDS Projects)|300|Lumpsum - ZP|2235-02-197-1-04|Lumpsum - ZP|V|Data|Object-Head||16500.00|16500.00|153836.00|100.0
91|05|11|2235|Social Security and Welfare|02|Social Welfare|197|Assistance to Block Panchayats|1|Creches for Children of Working Women|04|CSS-Salary -Integrated Child Development Service (204 ICDS Projects)|401|Bengaluru (Urban)|2235-02-197-1-04|Bengaluru (Urban)|V|Data|Object-Head|6482.09|6765.45|6991.81|1366.67|100.0
91|05|11|2235|Social Security and Welfare|02|Social Welfare|197|Assistance to Block Panchayats|1|Creches for Children of Working Women|04|CSS-Salary -Integrated Child Development Service (204 ICDS Projects)|402|Bengaluru (Rural)|2235-02-197-1-04|Bengaluru (Rural)|V|Data|Object-Head|2629.79|2781.72|2818.78|437.80|100.0
91|05|11|2235|Social Security and Welfare|02|Social Welfare|197|Assistance to Block Panchayats|1|Creches for Children of Working Women|04|CSS-Salary -Integrated Child Development Service (204 ICDS Projects)|403|Chitradurga|2235-02-197-1-04|Chitradurga|V|Data|Object-Head|5410.47|5785.07|5794.07|1144.89|100.0
91|05|11|2235|Social Security and Welfare|02|Social Welfare|197|Assistance to Block Panchayats|1|Creches for Children of Working Women|04|CSS-Salary -Integrated Child Development Service (204 ICDS Projects)|404|Kolar|2235-02-197-1-04|Kolar|V|Data|Object-Head|4329.52|4654.80|4698.84|450.32|100.0
91|05|11|2235|Social Security and Welfare|02|Social Welfare|197|Assistance to Block Panchayats|1|Creches for Children of Working Women|04|CSS-Salary -Integrated Child Development Service (204 ICDS Projects)|405|Shivamogga|2235-02-197-1-04|Shivamogga|V|Data|Object-Head|5309.72|5687.91|5713.09|989.65|100.0
91|05|11|2235|Social Security and Welfare|02|Social Welfare|197|Assistance to Block Panchayats|1|Creches for Children of Working Women|04|CSS-Salary -Integrated Child Development Service (204 ICDS Projects)|406|Tumakuru|2235-02-197-1-04|Tumakuru|V|Data|Object-Head|8919.12|9491.62|9675.67|1552.10|100.0
91|05|11|2235|Social Security and Welfare|02|Social Welfare|197|Assistance to Block Panchayats|1|Creches for Children of Working Women|04|CSS-Salary -Integrated Child Development Service (204 ICDS Projects)|407|Mysuru|2235-02-197-1-04|Mysuru|V|Data|Object-Head|6456.05|6869.52|6917.07|1078.91|100.0
91|05|11|2235|Social Security and Welfare|02|Social Welfare|197|Assistance to Block Panchayats|1|Creches for Children of Working Women|04|CSS-Salary -Integrated Child Development Service (204 ICDS Projects)|408|Chikkamagaluru|2235-02-197-1-04|Chikkamagaluru|V|Data|Object-Head|3985.09|4206.81|4298.30|780.72|100.0
91|05|11|2235|Social Security and Welfare|02|Social Welfare|197|Assistance to Block Panchayats|1|Creches for Children of Working Women|04|CSS-Salary -Integrated Child Development Service (204 ICDS Projects)|409|Dakshina Kannada|2235-02-197-1-04|Dakshina Kannada|V|Data|Object-Head|5145.30|5189.34|5232.34|886.62|100.0
91|05|11|2235|Social Security and Welfare|02|Social Welfare|197|Assistance to Block Panchayats|1|Creches for Children of Working Women|04|CSS-Salary -Integrated Child Development Service (204 ICDS Projects)|410|Hassan|2235-02-197-1-04|Hassan|V|Data|Object-Head|5292.26|5742.43|5777.43|735.77|100.0
91|05|11|2235|Social Security and Welfare|02|Social Welfare|197|Assistance to Block Panchayats|1|Creches for Children of Working Women|04|CSS-Salary -Integrated Child Development Service (204 ICDS Projects)|411|Kodagu|2235-02-197-1-04|Kodagu|V|Data|Object-Head|1618.88|1759.30|1781.30|180.96|100.0
91|05|11|2235|Social Security and Welfare|02|Social Welfare|197|Assistance to Block Panchayats|1|Creches for Children of Working Women|04|CSS-Salary -Integrated Child Development Service (204 ICDS Projects)|412|Mandya|2235-02-197-1-04|Mandya|V|Data|Object-Head|5246.73|5567.69|5681.46|731.84|100.0
91|05|11|2235|Social Security and Welfare|02|Social Welfare|197|Assistance to Block Panchayats|1|Creches for Children of Working Women|04|CSS-Salary -Integrated Child Development Service (204 ICDS Projects)|413|Belagavi|2235-02-197-1-04|Belagavi|V|Data|Object-Head|13490.96|14667.12|14946.51|3358.80|100.0
91|05|11|2235|Social Security and Welfare|02|Social Welfare|197|Assistance to Block Panchayats|1|Creches for Children of Working Women|04|CSS-Salary -Integrated Child Development Service (204 ICDS Projects)|414|Vijayapura|2235-02-197-1-04|Vijayapura|V|Data|Object-Head|6236.77|6579.70|6725.19|1677.59|100.0
91|05|11|2235|Social Security and Welfare|02|Social Welfare|197|Assistance to Block Panchayats|1|Creches for Children of Working Women|04|CSS-Salary -Integrated Child Development Service (204 ICDS Projects)|415|Dharwad|2235-02-197-1-04|Dharwad|V|Data|Object-Head|3788.32|4085.98|4110.59|982.38|100.0
91|05|11|2235|Social Security and Welfare|02|Social Welfare|197|Assistance to Block Panchayats|1|Creches for Children of Working Women|04|CSS-Salary -Integrated Child Development Service (204 ICDS Projects)|416|Uttara Kannada|2235-02-197-1-04|Uttara Kannada|V|Data|Object-Head|6171.64|6659.42|6778.09|1238.79|100.0
91|05|11|2235|Social Security and Welfare|02|Social Welfare|197|Assistance to Block Panchayats|1|Creches for Children of Working Women|04|CSS-Salary -Integrated Child Development Service (204 ICDS Projects)|417|Kalaburagi|2235-02-197-1-04|Kalaburagi|V|Data|Object-Head|7663.33|8288.92|8377.92|1788.05|100.0
91|05|11|2235|Social Security and Welfare|02|Social Welfare|197|Assistance to Block Panchayats|1|Creches for Children of Working Women|04|CSS-Salary -Integrated Child Development Service (204 ICDS Projects)|418|Ballari|2235-02-197-1-04|Ballari|V|Data|Object-Head|2763.59|2935.22|2945.82|653.49|100.0
91|05|11|2235|Social Security and Welfare|02|Social Welfare|197|Assistance to Block Panchayats|1|Creches for Children of Working Women|04|CSS-Salary -Integrated Child Development Service (204 ICDS Projects)|419|Bidar|2235-02-197-1-04|Bidar|V|Data|Object-Head|4471.06|4750.40|4825.34|881.75|100.0
91|05|11|2235|Social Security and Welfare|02|Social Welfare|197|Assistance to Block Panchayats|1|Creches for Children of Working Women|04|CSS-Salary -Integrated Child Development Service (204 ICDS Projects)|420|Raichur|2235-02-197-1-04|Raichur|V|Data|Object-Head|6413.66|6819.91|6887.19|1249.72|100.0
91|05|11|2235|Social Security and Welfare|02|Social Welfare|197|Assistance to Block Panchayats|1|Creches for Children of Working Women|04|CSS-Salary -Integrated Child Development Service (204 ICDS Projects)|421|Yadgiri|2235-02-197-1-04|Yadgiri|V|Data|Object-Head|3332.28|3511.86|3524.66|778.14|100.0
92|05|11|2235|Social Security and Welfare|02|Social Welfare|197|Assistance to Block Panchayats|1|Creches for Children of Working Women|04|CSS-Salary -Integrated Child Development Service (204 ICDS Projects)|451|Davanagere|2235-02-197-1-04|Davanagere|V|Data|Object-Head|4006.85|4219.42|4281.10|874.00|100.0
92|05|11|2235|Social Security and Welfare|02|Social Welfare|197|Assistance to Block Panchayats|1|Creches for Children of Working Women|04|CSS-Salary -Integrated Child Development Service (204 ICDS Projects)|452|Bengaluru South|2235-02-197-1-04|Bengaluru South|V|Data|Object-Head|3100.62|3337.12|3377.74|486.27|100.0
92|05|11|2235|Social Security and Welfare|02|Social Welfare|197|Assistance to Block Panchayats|1|Creches for Children of Working Women|04|CSS-Salary -Integrated Child Development Service (204 ICDS Projects)|453|Chikkaballapura|2235-02-197-1-04|Chikkaballapura|V|Data|Object-Head|4230.49|4491.97|4562.23|626.52|100.0
92|05|11|2235|Social Security and Welfare|02|Social Welfare|197|Assistance to Block Panchayats|1|Creches for Children of Working Women|04|CSS-Salary -Integrated Child Development Service (204 ICDS Projects)|456|Chamarajanagar|2235-02-197-1-04|Chamarajanagar|V|Data|Object-Head|2864.20|3059.83|3138.99|282.70|100.0
92|05|11|2235|Social Security and Welfare|02|Social Welfare|197|Assistance to Block Panchayats|1|Creches for Children of Working Women|04|CSS-Salary -Integrated Child Development Service (204 ICDS Projects)|457|Udupi|2235-02-197-1-04|Udupi|V|Data|Object-Head|2740.88|2973.72|3004.98|631.31|100.0
92|05|11|2235|Social Security and Welfare|02|Social Welfare|197|Assistance to Block Panchayats|1|Creches for Children of Working Women|04|CSS-Salary -Integrated Child Development Service (204 ICDS Projects)|461|Bagalkot|2235-02-197-1-04|Bagalkot|V|Data|Object-Head|5662.41|6109.68|6199.82|1494.52|100.0
92|05|11|2235|Social Security and Welfare|02|Social Welfare|197|Assistance to Block Panchayats|1|Creches for Children of Working Women|04|CSS-Salary -Integrated Child Development Service (204 ICDS Projects)|462|Gadag|2235-02-197-1-04|Gadag|V|Data|Object-Head|2839.53|3019.78|3037.55|781.50|100.0
92|05|11|2235|Social Security and Welfare|02|Social Welfare|197|Assistance to Block Panchayats|1|Creches for Children of Working Women|04|CSS-Salary -Integrated Child Development Service (204 ICDS Projects)|463|Haveri|2235-02-197-1-04|Haveri|V|Data|Object-Head|4737.31|5061.22|5106.88|1142.17|100.0
92|05|11|2235|Social Security and Welfare|02|Social Welfare|197|Assistance to Block Panchayats|1|Creches for Children of Working Women|04|CSS-Salary -Integrated Child Development Service (204 ICDS Projects)|466|Koppal|2235-02-197-1-04|Koppal|V|Data|Object-Head|4478.63|4793.60|4867.49|1110.24|100.0
92|05|11|2235|Social Security and Welfare|02|Social Welfare|197|Assistance to Block Panchayats|1|Creches for Children of Working Women|04|CSS-Salary -Integrated Child Development Service (204 ICDS Projects)|467|Vijayanagara|2235-02-197-1-04|Vijayanagara|V|Data|Object-Head|3882.85|4056.98|4180.56|750.26|100.0
92|05|11|2235|Social Security and Welfare|02|Social Welfare|197|Assistance to Block Panchayats|1|Creches for Children of Working Women|04|CSS-Salary -Integrated Child Development Service (204 ICDS Projects)|||2235-02-197-1-04|HOA Total :|V|Total|Detailed-Head|153700.40|180423.51|182758.81|184960.45|100.0
92|05|11|2235|Social Security and Welfare|02|Social Welfare|200|Other Programmes|0||05|Rehabilitation of Transgenders|||2235-02-200-0-05|Rehabilitation of Transgenders|V|Header|Detailed-Head|||||100.0
92|05|11|2235|Social Security and Welfare|02|Social Welfare|200|Other Programmes|0||05|Rehabilitation of Transgenders|059|Other Expenses|2235-02-200-0-05|Other Expenses|V|Data|Object-Head|300.00|300.00|300.00|450.00|100.0
92|05|11|2235|Social Security and Welfare|02|Social Welfare|200|Other Programmes|0||05|Rehabilitation of Transgenders|||2235-02-200-0-05|HOA Total :|V|Total|Detailed-Head|300.00|300.00|300.00|450.00|100.0
92|05|11|2235|Social Security and Welfare|02|Social Welfare|200|Other Programmes|0||07|CSS-Central Share(100% GoI)-National Action Plan for Drug Demand Reduction(NAPDDR)|||2235-02-200-0-07|CSS-Central Share(100% GoI)-National Action Plan for Drug Demand Reduction(NAPDDR)|V|Header|Detailed-Head|||||100.0
92|05|11|2235|Social Security and Welfare|02|Social Welfare|200|Other Programmes|0||07|CSS-Central Share(100% GoI)-National Action Plan for Drug Demand Reduction(NAPDDR)|100|Financial Assistance/Relief|2235-02-200-0-07|Financial Assistance/Relief|V|Data|Object-Head|316.28|20.00|20.00|20.00|100.0
92|05|11|2235|Social Security and Welfare|02|Social Welfare|200|Other Programmes|0||07|CSS-Central Share(100% GoI)-National Action Plan for Drug Demand Reduction(NAPDDR)|||2235-02-200-0-07|HOA Total :|V|Total|Detailed-Head|316.28|20.00|20.00|20.00|100.0
92|05|11|2235|Social Security and Welfare|02|Social Welfare|200|Other Programmes|0||08|CSS-State Share-National Action Plan for Drug Demand Reduction(NAPDDR)|||2235-02-200-0-08|CSS-State Share-National Action Plan for Drug Demand Reduction(NAPDDR)|V|Header|Detailed-Head|||||100.0
92|05|11|2235|Social Security and Welfare|02|Social Welfare|200|Other Programmes|0||08|CSS-State Share-National Action Plan for Drug Demand Reduction(NAPDDR)|100|Financial Assistance/Relief|2235-02-200-0-08|Financial Assistance/Relief|V|Data|Object-Head||13.00|13.00||100.0
92|05|11|2235|Social Security and Welfare|02|Social Welfare|200|Other Programmes|0||08|CSS-State Share-National Action Plan for Drug Demand Reduction(NAPDDR)|||2235-02-200-0-08|HOA Total :|V|Total|Detailed-Head|0.00|13.00|13.00|0.00|100.0
93|05|11|2235|Social Security and Welfare|02|Social Welfare|911|Deduct Recoveries of Over Payments|0||00|Deduct Recoveries of Over Payments|||2235-02-911-0-00|Deduct Recoveries of Over Payments|V|Header|Detailed-Head|||||100.0
93|05|11|2235|Social Security and Welfare|02|Social Welfare|911|Deduct Recoveries of Over Payments|0||00|Deduct Recoveries of Over Payments|364|Deduct - Recoveries|2235-02-911-0-00|Deduct - Recoveries|V|Data|Object-Head|-6.60||||100.0
93|05|11|2235|Social Security and Welfare|02|Social Welfare|911|Deduct Recoveries of Over Payments|0||00|Deduct Recoveries of Over Payments|||2235-02-911-0-00|HOA Total :|V|Total|Detailed-Head|-6.60|0.00|0.00|0.00|100.0
93|05|11|2235|Social Security and Welfare|02|Social Welfare|911|Deduct Recoveries of Over Payments|0||01|Deduct Recovery of Over Payments of Current Year|||2235-02-911-0-01|Deduct Recovery of Over Payments of Current Year|V|Header|Detailed-Head|||||100.0
93|05|11|2235|Social Security and Welfare|02|Social Welfare|911|Deduct Recoveries of Over Payments|0||01|Deduct Recovery of Over Payments of Current Year|364|Deduct - Recoveries|2235-02-911-0-01|Deduct - Recoveries|V|Data|Object-Head|-226.03||||100.0
93|05|11|2235|Social Security and Welfare|02|Social Welfare|911|Deduct Recoveries of Over Payments|0||01|Deduct Recovery of Over Payments of Current Year|||2235-02-911-0-01|HOA Total :|V|Total|Detailed-Head|-226.03|0.00|0.00|0.00|100.0
93|05|11|2235|Social Security and Welfare|02|Social Welfare|911|Deduct Recoveries of Over Payments|0||02|Deduct Recovery of Over Payments of Previous Years|||2235-02-911-0-02|Deduct Recovery of Over Payments of Previous Years|V|Header|Detailed-Head|||||100.0
93|05|11|2235|Social Security and Welfare|02|Social Welfare|911|Deduct Recoveries of Over Payments|0||02|Deduct Recovery of Over Payments of Previous Years|364|Deduct - Recoveries|2235-02-911-0-02|Deduct - Recoveries|V|Data|Object-Head|-4867.57||||100.0
93|05|11|2235|Social Security and Welfare|02|Social Welfare|911|Deduct Recoveries of Over Payments|0||02|Deduct Recovery of Over Payments of Previous Years|||2235-02-911-0-02|HOA Total :|V|Total|Detailed-Head|-4867.57|0.00|0.00|0.00|100.0
93|05|11|2235|Social Security and Welfare|02|Social Welfare|911|Deduct Recoveries of Over Payments|0||04|Deduct Recovery of Over Payment of Previous years-ZP|||2235-02-911-0-04|Deduct Recovery of Over Payment of Previous years-ZP|V|Header|Detailed-Head|||||100.0
93|05|11|2235|Social Security and Welfare|02|Social Welfare|911|Deduct Recoveries of Over Payments|0||04|Deduct Recovery of Over Payment of Previous years-ZP|261|Inter Account Transfers|2235-02-911-0-04|Inter Account Transfers|V|Data|Object-Head|-1016.00|-3068.82|-3068.82|-1411.05|100.0
93|05|11|2235|Social Security and Welfare|02|Social Welfare|911|Deduct Recoveries of Over Payments|0||04|Deduct Recovery of Over Payment of Previous years-ZP|||2235-02-911-0-04|HOA Total :|V|Total|Detailed-Head|-1016.00|-3068.82|-3068.82|-1411.05|100.0
93|05|11|2235|Social Security and Welfare|02|Social Welfare|911|Deduct Recoveries of Over Payments|0||05|Deduct Recovery of Over Payment of Previous Years-TP|||2235-02-911-0-05|Deduct Recovery of Over Payment of Previous Years-TP|V|Header|Detailed-Head|||||100.0
93|05|11|2235|Social Security and Welfare|02|Social Welfare|911|Deduct Recoveries of Over Payments|0||05|Deduct Recovery of Over Payment of Previous Years-TP|261|Inter Account Transfers|2235-02-911-0-05|Inter Account Transfers|V|Data|Object-Head|-124.00|-6136.22|-6136.22|-153.81|100.0
93|05|11|2235|Social Security and Welfare|02|Social Welfare|911|Deduct Recoveries of Over Payments|0||05|Deduct Recovery of Over Payment of Previous Years-TP|||2235-02-911-0-05|HOA Total :|V|Total|Detailed-Head|-124.00|-6136.22|-6136.22|-153.81|100.0
94|05|11|2235|Social Security and Welfare|02|Social Welfare|911|Deduct Recoveries of Over Payments|0||09|Deduct -Refund of salary grants from SNA Bank Account-ICPS|||2235-02-911-0-09|Deduct -Refund of salary grants from SNA Bank Account-ICPS|V|Header|Detailed-Head|||||100.0
94|05|11|2235|Social Security and Welfare|02|Social Welfare|911|Deduct Recoveries of Over Payments|0||09|Deduct -Refund of salary grants from SNA Bank Account-ICPS|366|Refund from SNA bank account|2235-02-911-0-09|Refund from SNA bank account|V|Data|Object-Head|-1587.49|-3174.95|-3174.95||100.0
94|05|11|2235|Social Security and Welfare|02|Social Welfare|911|Deduct Recoveries of Over Payments|0||09|Deduct -Refund of salary grants from SNA Bank Account-ICPS|||2235-02-911-0-09|HOA Total :|V|Total|Detailed-Head|-1587.49|-3174.95|-3174.95|0.00|100.0
94|05|11|2235|Social Security and Welfare|02|Social Welfare|911|Deduct Recoveries of Over Payments|0||11|Deduct -Refund of salary grants from SNA Bank Account-ICDS(204 Projects)|||2235-02-911-0-11|Deduct -Refund of salary grants from SNA Bank Account-ICDS(204 Projects)|V|Header|Detailed-Head|||||100.0
94|05|11|2235|Social Security and Welfare|02|Social Welfare|911|Deduct Recoveries of Over Payments|0||11|Deduct -Refund of salary grants from SNA Bank Account-ICDS(204 Projects)|366|Refund from SNA bank account|2235-02-911-0-11|Refund from SNA bank account|V|Data|Object-Head|-7112.45||||100.0
94|05|11|2235|Social Security and Welfare|02|Social Welfare|911|Deduct Recoveries of Over Payments|0||11|Deduct -Refund of salary grants from SNA Bank Account-ICDS(204 Projects)|||2235-02-911-0-11|HOA Total :|V|Total|Detailed-Head|-7112.45|0.00|0.00|0.00|100.0
94|05|11|2235|Social Security and Welfare|02|Social Welfare|911|Deduct Recoveries of Over Payments|0||12|Deduct -Refund of Honorarium grants from SNA Bank Account-ICDS(204 Projects)|||2235-02-911-0-12|Deduct -Refund of Honorarium grants from SNA Bank Account-ICDS(204 Projects)|V|Header|Detailed-Head|||||100.0
94|05|11|2235|Social Security and Welfare|02|Social Welfare|911|Deduct Recoveries of Over Payments|0||12|Deduct -Refund of Honorarium grants from SNA Bank Account-ICDS(204 Projects)|366|Refund from SNA bank account|2235-02-911-0-12|Refund from SNA bank account|V|Data|Object-Head|-34598.38|-51893.00|-51893.00|-52973.00|100.0
94|05|11|2235|Social Security and Welfare|02|Social Welfare|911|Deduct Recoveries of Over Payments|0||12|Deduct -Refund of Honorarium grants from SNA Bank Account-ICDS(204 Projects)|||2235-02-911-0-12|HOA Total :|V|Total|Detailed-Head|-34598.38|-51893.00|-51893.00|-52973.00|100.0
94|05|11|2235|Social Security and Welfare|02|Social Welfare|911|Deduct Recoveries of Over Payments|0||13|Deduct- Refund of grants from SNA Account-Disability Pension Scheme|||2235-02-911-0-13|Deduct- Refund of grants from SNA Account-Disability Pension Scheme|V|Header|Detailed-Head|||||100.0
94|05|11|2235|Social Security and Welfare|02|Social Welfare|911|Deduct Recoveries of Over Payments|0||13|Deduct- Refund of grants from SNA Account-Disability Pension Scheme|366|Refund from SNA bank account|2235-02-911-0-13|Refund from SNA bank account|V|Data|Object-Head|-415.52||||100.0
94|05|11|2235|Social Security and Welfare|02|Social Welfare|911|Deduct Recoveries of Over Payments|0||13|Deduct- Refund of grants from SNA Account-Disability Pension Scheme|||2235-02-911-0-13|HOA Total :|V|Total|Detailed-Head|-415.52|0.00|0.00|0.00|100.0
95|05|11|2235|Social Security and Welfare|60||001||0||03|Vacant Post Provision|||2235-60-001-0-03|Vacant Post Provision|V|Header|Detailed-Head|||||100.0
95|05|11|2235|Social Security and Welfare|60||001||0||03|Vacant Post Provision|014|Other Allowance|2235-60-001-0-03|Other Allowance|V|Data|Object-Head||5229.40|2470.41|6412.53|100.0
95|05|11|2235|Social Security and Welfare|60||001||0||03|Vacant Post Provision|||2235-60-001-0-03|HOA Total :|V|Total|Detailed-Head|0.00|5229.40|2470.41|6412.53|100.0
95|05|11|2235|Social Security and Welfare|60||103||0||01|New Pension System for Anganawadi Workers|||2235-60-103-0-01|New Pension System for Anganawadi Workers|V|Header|Detailed-Head|||||100.0
95|05|11|2235|Social Security and Welfare|60||103||0||01|New Pension System for Anganawadi Workers|059|Other Expenses|2235-60-103-0-01|Other Expenses|V|Data|Object-Head|4998.54||||100.0
95|05|11|2235|Social Security and Welfare|60||103||0||01|New Pension System for Anganawadi Workers|251|Pension & Retirement Benefits|2235-60-103-0-01|Pension & Retirement Benefits|V|Data|Object-Head||5000.00|5000.00|4650.00|100.0
95|05|11|2235|Social Security and Welfare|60||103||0||01|New Pension System for Anganawadi Workers|||2235-60-103-0-01|HOA Total :|V|Total|Detailed-Head|4998.54|5000.00|5000.00|4650.00|100.0
95|05|11|2235|Social Security and Welfare|60||911|Deduct Recoveries of Over Payments|0||00|Deduct Recoveries of Over Payments|||2235-60-911-0-00|Deduct Recoveries of Over Payments|V|Header|Detailed-Head|||||100.0
95|05|11|2235|Social Security and Welfare|60||911|Deduct Recoveries of Over Payments|0||00|Deduct Recoveries of Over Payments|364|Deduct - Recoveries|2235-60-911-0-00|Deduct - Recoveries|V|Data|Object-Head|-27.89||||100.0
95|05|11|2235|Social Security and Welfare|60||911|Deduct Recoveries of Over Payments|0||00|Deduct Recoveries of Over Payments|||2235-60-911-0-00|HOA Total :|V|Total|Detailed-Head|-27.89|0.00|0.00|0.00|100.0
95|05|11|2235|Social Security and Welfare|60||911|Deduct Recoveries of Over Payments|0||01|Deduct Recovery of Over Payments of Current Year|||2235-60-911-0-01|Deduct Recovery of Over Payments of Current Year|V|Header|Detailed-Head|||||100.0
95|05|11|2235|Social Security and Welfare|60||911|Deduct Recoveries of Over Payments|0||01|Deduct Recovery of Over Payments of Current Year|364|Deduct - Recoveries|2235-60-911-0-01|Deduct - Recoveries|V|Data|Object-Head|-2887.41||||100.0
95|05|11|2235|Social Security and Welfare|60||911|Deduct Recoveries of Over Payments|0||01|Deduct Recovery of Over Payments of Current Year|||2235-60-911-0-01|HOA Total :|V|Total|Detailed-Head|-2887.41|0.00|0.00|0.00|100.0
95|05|11|2235|Social Security and Welfare|60||911|Deduct Recoveries of Over Payments|0||02|Deduct-Recovery of Overpayments|||2235-60-911-0-02|Deduct-Recovery of Overpayments|V|Header|Detailed-Head|||||100.0
95|05|11|2235|Social Security and Welfare|60||911|Deduct Recoveries of Over Payments|0||02|Deduct-Recovery of Overpayments|364|Deduct - Recoveries|2235-60-911-0-02|Deduct - Recoveries|V|Data|Object-Head|-387.01||||100.0
95|05|11|2235|Social Security and Welfare|60||911|Deduct Recoveries of Over Payments|0||02|Deduct-Recovery of Overpayments|||2235-60-911-0-02|HOA Total :|V|Total|Detailed-Head|-387.01|0.00|0.00|0.00|100.0
96|05|11|2235|Social Security and Welfare|60||911|Deduct Recoveries of Over Payments|0||03|Deduct- Refund of grants from SNA Account-Old Age Pension|||2235-60-911-0-03|Deduct- Refund of grants from SNA Account-Old Age Pension|V|Header|Detailed-Head|||||100.0
96|05|11|2235|Social Security and Welfare|60||911|Deduct Recoveries of Over Payments|0||03|Deduct- Refund of grants from SNA Account-Old Age Pension|366|Refund from SNA bank account|2235-60-911-0-03|Refund from SNA bank account|V|Data|Object-Head|-8222.52||||100.0
96|05|11|2235|Social Security and Welfare|60||911|Deduct Recoveries of Over Payments|0||03|Deduct- Refund of grants from SNA Account-Old Age Pension|||2235-60-911-0-03|HOA Total :|V|Total|Detailed-Head|-8222.52|0.00|0.00|0.00|100.0
96|05|11|2235|Social Security and Welfare|60||911|Deduct Recoveries of Over Payments|0||04|Deduct- Refund of grants from SNA Account-Destitute Widow Pension|||2235-60-911-0-04|Deduct- Refund of grants from SNA Account-Destitute Widow Pension|V|Header|Detailed-Head|||||100.0
96|05|11|2235|Social Security and Welfare|60||911|Deduct Recoveries of Over Payments|0||04|Deduct- Refund of grants from SNA Account-Destitute Widow Pension|366|Refund from SNA bank account|2235-60-911-0-04|Refund from SNA bank account|V|Data|Object-Head|-4190.29||||100.0
96|05|11|2235|Social Security and Welfare|60||911|Deduct Recoveries of Over Payments|0||04|Deduct- Refund of grants from SNA Account-Destitute Widow Pension|||2235-60-911-0-04|HOA Total :|V|Total|Detailed-Head|-4190.29|0.00|0.00|0.00|100.0
96|05|11|2235|Social Security and Welfare|60||911|Deduct Recoveries of Over Payments|0||05|Deduct- Refund of grants from SNA Account-National Family Benefit Scheme|||2235-60-911-0-05|Deduct- Refund of grants from SNA Account-National Family Benefit Scheme|V|Header|Detailed-Head|||||100.0
96|05|11|2235|Social Security and Welfare|60||911|Deduct Recoveries of Over Payments|0||05|Deduct- Refund of grants from SNA Account-National Family Benefit Scheme|366|Refund from SNA bank account|2235-60-911-0-05|Refund from SNA bank account|V|Data|Object-Head|-989.04||||100.0
96|05|11|2235|Social Security and Welfare|60||911|Deduct Recoveries of Over Payments|0||05|Deduct- Refund of grants from SNA Account-National Family Benefit Scheme|||2235-60-911-0-05|HOA Total :|V|Total|Detailed-Head|-989.04|0.00|0.00|0.00|100.0
96|05|11|2235|Social Security and Welfare|60||||||||||2235|2235 - Total :|V|Total|Major-Head|3241345.44|3204689.46|3201784.89|3234417.25|
97|05|11|2236|Nutrition|02||197||1||02|Nutrition Program: Additional Grants from GoK(Ksheera Bhagya, Srusti ,Maatru Poorna)|||2236-02-197-1-02|Nutrition Program: Additional Grants from GoK(Ksheera Bhagya, Srusti ,Maatru Poorna)|V|Header|Detailed-Head|||||100.0
97|05|11|2236|Nutrition|02||197||1||02|Nutrition Program: Additional Grants from GoK(Ksheera Bhagya, Srusti ,Maatru Poorna)|300|Lumpsum - ZP|2236-02-197-1-02|Lumpsum - ZP|V|Data|Object-Head||17713.40|17333.40|16580.00|100.0
97|05|11|2236|Nutrition|02||197||1||02|Nutrition Program: Additional Grants from GoK(Ksheera Bhagya, Srusti ,Maatru Poorna)|401|Bengaluru (Urban)|2236-02-197-1-02|Bengaluru (Urban)|V|Data|Object-Head|2624.96|2535.09|2535.09|2253.55|100.0
97|05|11|2236|Nutrition|02||197||1||02|Nutrition Program: Additional Grants from GoK(Ksheera Bhagya, Srusti ,Maatru Poorna)|402|Bengaluru (Rural)|2236-02-197-1-02|Bengaluru (Rural)|V|Data|Object-Head|753.79|902.17|902.17|812.96|100.0
97|05|11|2236|Nutrition|02||197||1||02|Nutrition Program: Additional Grants from GoK(Ksheera Bhagya, Srusti ,Maatru Poorna)|403|Chitradurga|2236-02-197-1-02|Chitradurga|V|Data|Object-Head|1929.23|2207.27|2207.27|2032.89|100.0
97|05|11|2236|Nutrition|02||197||1||02|Nutrition Program: Additional Grants from GoK(Ksheera Bhagya, Srusti ,Maatru Poorna)|404|Kolar|2236-02-197-1-02|Kolar|V|Data|Object-Head|1397.74|1541.38|1541.38|1400.49|100.0
97|05|11|2236|Nutrition|02||197||1||02|Nutrition Program: Additional Grants from GoK(Ksheera Bhagya, Srusti ,Maatru Poorna)|405|Shivamogga|2236-02-197-1-02|Shivamogga|V|Data|Object-Head|1478.36|1595.83|1595.83|1422.55|100.0
97|05|11|2236|Nutrition|02||197||1||02|Nutrition Program: Additional Grants from GoK(Ksheera Bhagya, Srusti ,Maatru Poorna)|406|Tumakuru|2236-02-197-1-02|Tumakuru|V|Data|Object-Head|2244.96|2611.77|2611.77|2335.29|100.0
97|05|11|2236|Nutrition|02||197||1||02|Nutrition Program: Additional Grants from GoK(Ksheera Bhagya, Srusti ,Maatru Poorna)|407|Mysuru|2236-02-197-1-02|Mysuru|V|Data|Object-Head|2331.77|2031.36|2031.36|1839.30|100.0
97|05|11|2236|Nutrition|02||197||1||02|Nutrition Program: Additional Grants from GoK(Ksheera Bhagya, Srusti ,Maatru Poorna)|408|Chikkamagaluru|2236-02-197-1-02|Chikkamagaluru|V|Data|Object-Head|1047.93|916.26|916.26|824.52|100.0
97|05|11|2236|Nutrition|02||197||1||02|Nutrition Program: Additional Grants from GoK(Ksheera Bhagya, Srusti ,Maatru Poorna)|409|Dakshina Kannada|2236-02-197-1-02|Dakshina Kannada|V|Data|Object-Head|1654.47|1980.16|1980.16|1722.49|100.0
97|05|11|2236|Nutrition|02||197||1||02|Nutrition Program: Additional Grants from GoK(Ksheera Bhagya, Srusti ,Maatru Poorna)|410|Hassan|2236-02-197-1-02|Hassan|V|Data|Object-Head|1549.95|1435.03|1435.03|1272.37|100.0
97|05|11|2236|Nutrition|02||197||1||02|Nutrition Program: Additional Grants from GoK(Ksheera Bhagya, Srusti ,Maatru Poorna)|411|Kodagu|2236-02-197-1-02|Kodagu|V|Data|Object-Head|639.64|490.45|490.45|440.45|100.0
97|05|11|2236|Nutrition|02||197||1||02|Nutrition Program: Additional Grants from GoK(Ksheera Bhagya, Srusti ,Maatru Poorna)|412|Mandya|2236-02-197-1-02|Mandya|V|Data|Object-Head|1547.86|1396.28|1396.28|1242.88|100.0
97|05|11|2236|Nutrition|02||197||1||02|Nutrition Program: Additional Grants from GoK(Ksheera Bhagya, Srusti ,Maatru Poorna)|413|Belagavi|2236-02-197-1-02|Belagavi|V|Data|Object-Head|6723.91|7785.40|7785.40|6885.55|100.0
97|05|11|2236|Nutrition|02||197||1||02|Nutrition Program: Additional Grants from GoK(Ksheera Bhagya, Srusti ,Maatru Poorna)|414|Vijayapura|2236-02-197-1-02|Vijayapura|V|Data|Object-Head|3914.95|4576.70|4576.70|4044.94|100.0
97|05|11|2236|Nutrition|02||197||1||02|Nutrition Program: Additional Grants from GoK(Ksheera Bhagya, Srusti ,Maatru Poorna)|415|Dharwad|2236-02-197-1-02|Dharwad|V|Data|Object-Head|1781.47|2132.16|2132.16|1869.53|100.0
97|05|11|2236|Nutrition|02||197||1||02|Nutrition Program: Additional Grants from GoK(Ksheera Bhagya, Srusti ,Maatru Poorna)|416|Uttara Kannada|2236-02-197-1-02|Uttara Kannada|V|Data|Object-Head|1172.41|1397.28|1397.28|1236.61|100.0
97|05|11|2236|Nutrition|02||197||1||02|Nutrition Program: Additional Grants from GoK(Ksheera Bhagya, Srusti ,Maatru Poorna)|417|Kalaburagi|2236-02-197-1-02|Kalaburagi|V|Data|Object-Head|3986.43|4717.53|4717.53|4219.11|100.0
97|05|11|2236|Nutrition|02||197||1||02|Nutrition Program: Additional Grants from GoK(Ksheera Bhagya, Srusti ,Maatru Poorna)|418|Ballari|2236-02-197-1-02|Ballari|V|Data|Object-Head|1820.45|2178.82|2178.82|2022.87|100.0
97|05|11|2236|Nutrition|02||197||1||02|Nutrition Program: Additional Grants from GoK(Ksheera Bhagya, Srusti ,Maatru Poorna)|419|Bidar|2236-02-197-1-02|Bidar|V|Data|Object-Head|2702.33|2994.91|2994.91|2722.85|100.0
97|05|11|2236|Nutrition|02||197||1||02|Nutrition Program: Additional Grants from GoK(Ksheera Bhagya, Srusti ,Maatru Poorna)|420|Raichur|2236-02-197-1-02|Raichur|V|Data|Object-Head|3569.80|4272.52|4272.52|3907.21|100.0
97|05|11|2236|Nutrition|02||197||1||02|Nutrition Program: Additional Grants from GoK(Ksheera Bhagya, Srusti ,Maatru Poorna)|421|Yadgiri|2236-02-197-1-02|Yadgiri|V|Data|Object-Head|2001.01|2394.91|2394.91|2177.40|100.0
97|05|11|2236|Nutrition|02||197||1||02|Nutrition Program: Additional Grants from GoK(Ksheera Bhagya, Srusti ,Maatru Poorna)|451|Davanagere|2236-02-197-1-02|Davanagere|V|Data|Object-Head|1676.63|2006.68|2006.68|1825.80|100.0
97|05|11|2236|Nutrition|02||197||1||02|Nutrition Program: Additional Grants from GoK(Ksheera Bhagya, Srusti ,Maatru Poorna)|452|Bengaluru South|2236-02-197-1-02|Bengaluru South|V|Data|Object-Head|809.29|860.06|860.06|765.49|100.0
97|05|11|2236|Nutrition|02||197||1||02|Nutrition Program: Additional Grants from GoK(Ksheera Bhagya, Srusti ,Maatru Poorna)|453|Chikkaballapura|2236-02-197-1-02|Chikkaballapura|V|Data|Object-Head|1268.56|1399.50|1399.50|1279.72|100.0
97|05|11|2236|Nutrition|02||197||1||02|Nutrition Program: Additional Grants from GoK(Ksheera Bhagya, Srusti ,Maatru Poorna)|456|Chamarajanagar|2236-02-197-1-02|Chamarajanagar|V|Data|Object-Head|1118.06|924.04|924.04|841.45|100.0
97|05|11|2236|Nutrition|02||197||1||02|Nutrition Program: Additional Grants from GoK(Ksheera Bhagya, Srusti ,Maatru Poorna)|457|Udupi|2236-02-197-1-02|Udupi|V|Data|Object-Head|780.87|934.61|934.61|822.78|100.0
98|05|11|2236|Nutrition|02||197||1||02|Nutrition Program: Additional Grants from GoK(Ksheera Bhagya, Srusti ,Maatru Poorna)|461|Bagalkot|2236-02-197-1-02|Bagalkot|V|Data|Object-Head|2848.23|3408.90|3408.90|3027.23|100.0
98|05|11|2236|Nutrition|02||197||1||02|Nutrition Program: Additional Grants from GoK(Ksheera Bhagya, Srusti ,Maatru Poorna)|462|Gadag|2236-02-197-1-02|Gadag|V|Data|Object-Head|1310.76|1568.79|1568.79|1389.09|100.0
98|05|11|2236|Nutrition|02||197||1||02|Nutrition Program: Additional Grants from GoK(Ksheera Bhagya, Srusti ,Maatru Poorna)|463|Haveri|2236-02-197-1-02|Haveri|V|Data|Object-Head|1989.84|2284.25|2284.25|2032.30|100.0
98|05|11|2236|Nutrition|02||197||1||02|Nutrition Program: Additional Grants from GoK(Ksheera Bhagya, Srusti ,Maatru Poorna)|466|Koppal|2236-02-197-1-02|Koppal|V|Data|Object-Head|2137.29|2558.02|2558.02|2265.29|100.0
98|05|11|2236|Nutrition|02||197||1||02|Nutrition Program: Additional Grants from GoK(Ksheera Bhagya, Srusti ,Maatru Poorna)|467|Vijayanagara|2236-02-197-1-02|Vijayanagara|V|Data|Object-Head|2383.90|2815.47|2815.47|2585.04|100.0
98|05|11|2236|Nutrition|02||197||1||02|Nutrition Program: Additional Grants from GoK(Ksheera Bhagya, Srusti ,Maatru Poorna)||||HOA Total :|V|Total|Detailed-Head|63196.85|88567.00|88187.00|80100.00|100.0
98|05|11|2236|Nutrition|02||197||6||01|CSS-Central Share-ICDS -SNP|||2236-02-197-6-01|CSS-Central Share-ICDS -SNP|V|Header|Detailed-Head|||||100.0
98|05|11|2236|Nutrition|02||197||6||01|CSS-Central Share-ICDS -SNP|300|Lumpsum - ZP|2236-02-197-6-01|Lumpsum - ZP|V|Data|Object-Head|40998.96|53749.00|24994.73|33302.94|100.0
98|05|11|2236|Nutrition|02||197||6||01|CSS-Central Share-ICDS -SNP|332|Lumpsum-SCSP|2236-02-197-6-01|Lumpsum-SCSP|V|Data|Object-Head||||10954.27|100.0
98|05|11|2236|Nutrition|02||197||6||01|CSS-Central Share-ICDS -SNP|333|Lumpsum-TSP|2236-02-197-6-01|Lumpsum-TSP|V|Data|Object-Head||||4645.79|100.0
98|05|11|2236|Nutrition|02||197||6||01|CSS-Central Share-ICDS -SNP||||HOA Total :|V|Total|Detailed-Head|40998.96|53749.00|24994.73|48903.00|100.0
98|05|11|2236|Nutrition|02||197||6||02|CSS-State Share-ICDS-(SNP)|||2236-02-197-6-02|CSS-State Share-ICDS-(SNP)|V|Header|Detailed-Head|||||100.0
98|05|11|2236|Nutrition|02||197||6||02|CSS-State Share-ICDS-(SNP)|300|Lumpsum - ZP|2236-02-197-6-02|Lumpsum - ZP|V|Data|Object-Head|40998.96|54739.00|24994.73|33983.94|100.0
98|05|11|2236|Nutrition|02||197||6||02|CSS-State Share-ICDS-(SNP)|332|Lumpsum-SCSP|2236-02-197-6-02|Lumpsum-SCSP|V|Data|Object-Head||||11178.27|100.0
98|05|11|2236|Nutrition|02||197||6||02|CSS-State Share-ICDS-(SNP)|333|Lumpsum-TSP|2236-02-197-6-02|Lumpsum-TSP|V|Data|Object-Head||||4740.79|100.0
98|05|11|2236|Nutrition|02||197||6||02|CSS-State Share-ICDS-(SNP)||||HOA Total :|V|Total|Detailed-Head|40998.96|54739.00|24994.73|49903.00|100.0
98|05|11|2236|Nutrition|02||911||0||05|Deduct Recovery of Over Payment of Previous Years-TP|||2236-02-911-0-05|Deduct Recovery of Over Payment of Previous Years-TP|V|Header|Detailed-Head|||||100.0
98|05|11|2236|Nutrition|02||911||0||05|Deduct Recovery of Over Payment of Previous Years-TP|261|Inter Account Transfers|2236-02-911-0-05|Inter Account Transfers|V|Data|Object-Head||-12776.70|-12776.70||100.0
98|05|11|2236|Nutrition|02||911||0||05|Deduct Recovery of Over Payment of Previous Years-TP||||HOA Total :|V|Total|Detailed-Head|0.00|-12776.70|-12776.70|0.00|100.0
98|05|11|2236|Nutrition|02|||||||||||2236 - Total :|V|Total|Major-Head|145194.77|184278.30|125399.76|178906.00|
99|05|11|4235|Capital Outlay on Social Security & Welfare|02||||||||||4235-02|Capital Outlay on Social Security & Welfare|V|Header|Major-Head|||||
99|05|11|4235|Capital Outlay on Social Security & Welfare|02||102||0||02|Anganawadi Buildings (Urban)|||4235-02-102-0-02|Anganawadi Buildings (Urban)|V|Header|Detailed-Head|||||100.0
99|05|11|4235|Capital Outlay on Social Security & Welfare|02||102||0||02|Anganawadi Buildings (Urban)|386|Purchase/Construction of Buildings|4235-02-102-0-02|Purchase/Construction of Buildings|V|Data|Object-Head|2412.31|2379.00|2379.00|1518.00|100.0
99|05|11|4235|Capital Outlay on Social Security & Welfare|02||102||0||02|Anganawadi Buildings (Urban)|422|Schedule Caste Sub Plan|4235-02-102-0-02|Schedule Caste Sub Plan|V|Data|Object-Head|737.79|422.00|422.00|327.15|100.0
99|05|11|4235|Capital Outlay on Social Security & Welfare|02||102||0||02|Anganawadi Buildings (Urban)|423|Tribal Sub Plan|4235-02-102-0-02|Tribal Sub Plan|V|Data|Object-Head|349.90|199.00|199.00|154.85|100.0
99|05|11|4235|Capital Outlay on Social Security & Welfare|02||102||0||02|Anganawadi Buildings (Urban)||||HOA Total :|V|Total|Detailed-Head|3500.00|3000.00|3000.00|2000.00|100.0
99|05|11|4235|Capital Outlay on Social Security & Welfare|02||102||0||05|Unspent SCSP-TSP Amount as per the SCSP-TSP Act 2013|||4235-02-102-0-05|Unspent SCSP-TSP Amount as per the SCSP-TSP Act 2013|V|Header|Detailed-Head|||||100.0
99|05|11|4235|Capital Outlay on Social Security & Welfare|02||102||0||05|Unspent SCSP-TSP Amount as per the SCSP-TSP Act 2013|422|Schedule Caste Sub Plan|4235-02-102-0-05|Schedule Caste Sub Plan|V|Data|Object-Head||13.33|13.33||100.0
99|05|11|4235|Capital Outlay on Social Security & Welfare|02||102||0||05|Unspent SCSP-TSP Amount as per the SCSP-TSP Act 2013||||HOA Total :|V|Total|Detailed-Head|0.00|13.33|13.33|0.00|100.0
99|05|11|4235|Capital Outlay on Social Security & Welfare|02||102||0||06|Construction of Anganwadi Buildings(ICDS-NREGA)|||4235-02-102-0-06|Construction of Anganwadi Buildings(ICDS-NREGA)|V|Header|Detailed-Head|||||100.0
99|05|11|4235|Capital Outlay on Social Security & Welfare|02||102||0||06|Construction of Anganwadi Buildings(ICDS-NREGA)|386|Purchase/Construction of Buildings|4235-02-102-0-06|Purchase/Construction of Buildings|V|Data|Object-Head|4916.00|3500.00|3500.00|2500.00|100.0
99|05|11|4235|Capital Outlay on Social Security & Welfare|02||102||0||06|Construction of Anganwadi Buildings(ICDS-NREGA)||||HOA Total :|V|Total|Detailed-Head|4916.00|3500.00|3500.00|2500.00|100.0
99|05|11|4235|Capital Outlay on Social Security & Welfare|02||102||0||08|CSS-Central Share-Creation of Capital Assets -Construction of CCIs including JJBs, CWCs|||4235-02-102-0-08|CSS-Central Share-Creation of Capital Assets -Construction of CCIs including JJBs, CWCs|V|Header|Detailed-Head|||||100.0
99|05|11|4235|Capital Outlay on Social Security & Welfare|02||102||0||08|CSS-Central Share-Creation of Capital Assets -Construction of CCIs including JJBs, CWCs|102|Grants-in-Aid-Assets Creation|4235-02-102-0-08|Grants-in-Aid-Assets Creation|V|Data|Object-Head|40.48||||100.0
99|05|11|4235|Capital Outlay on Social Security & Welfare|02||102||0||08|CSS-Central Share-Creation of Capital Assets -Construction of CCIs including JJBs, CWCs|386|Purchase/Construction of Buildings|4235-02-102-0-08|Purchase/Construction of Buildings|V|Data|Object-Head||300.00|300.00|300.00|100.0
99|05|11|4235|Capital Outlay on Social Security & Welfare|02||102||0||08|CSS-Central Share-Creation of Capital Assets -Construction of CCIs including JJBs, CWCs||||HOA Total :|V|Total|Detailed-Head|40.48|300.00|300.00|300.00|100.0
100|05|11|4235|Capital Outlay on Social Security & Welfare|02|Social Welfare|102|Child Welfare|0||09|CSS-State Share-Creation of Capital Assets -Construction of CCIs including JJBs, CWCs|||4235-02-102-0-09|CSS-State Share-Creation of Capital Assets -Construction of CCIs including JJBs, CWCs|V|Header|Detailed-Head|||||100.0
100|05|11|4235|Capital Outlay on Social Security & Welfare|02|Social Welfare|102|Child Welfare|0||09|CSS-State Share-Creation of Capital Assets -Construction of CCIs including JJBs, CWCs|102|Grants-in-Aid-Assets Creation|4235-02-102-0-09|Grants-in-Aid-Assets Creation|V|Data|Object-Head|26.98||||100.0
100|05|11|4235|Capital Outlay on Social Security & Welfare|02|Social Welfare|102|Child Welfare|0||09|CSS-State Share-Creation of Capital Assets -Construction of CCIs including JJBs, CWCs|386|Purchase/Construction of Buildings|4235-02-102-0-09|Purchase/Construction of Buildings|V|Data|Object-Head||200.00|200.00|200.00|100.0
100|05|11|4235|Capital Outlay on Social Security & Welfare|02|Social Welfare|102|Child Welfare|0||09|CSS-State Share-Creation of Capital Assets -Construction of CCIs including JJBs, CWCs||||HOA Total :|V|Total|Detailed-Head|26.98|200.00|200.00|200.00|100.0
100|05|11|4235|Capital Outlay on Social Security & Welfare|02|Social Welfare|102|Child Welfare|0||10|CSS-Central Share(100% GoI)-Construction of Anganwadi Buildings(PM-JANMAN)|||4235-02-102-0-10|CSS-Central Share(100% GoI)-Construction of Anganwadi Buildings(PM-JANMAN)|V|Header|Detailed-Head|||||100.0
100|05|11|4235|Capital Outlay on Social Security & Welfare|02|Social Welfare|102|Child Welfare|0||10|CSS-Central Share(100% GoI)-Construction of Anganwadi Buildings(PM-JANMAN)|423|Tribal Sub Plan|4235-02-102-0-10|Tribal Sub Plan|V|Data|Object-Head||120.00|120.00|120.00|100.0
100|05|11|4235|Capital Outlay on Social Security & Welfare|02|Social Welfare|102|Child Welfare|0||10|CSS-Central Share(100% GoI)-Construction of Anganwadi Buildings(PM-JANMAN)||||HOA Total :|V|Total|Detailed-Head|0.00|120.00|120.00|120.00|100.0
100|05|11|4235|Capital Outlay on Social Security & Welfare|02|Social Welfare|102|Child Welfare|0||11|Construction of Anganwadi Buildings-UIDF|||4235-02-102-0-11|Construction of Anganwadi Buildings-UIDF|V|Header|Detailed-Head|||||100.0
100|05|11|4235|Capital Outlay on Social Security & Welfare|02|Social Welfare|102|Child Welfare|0||11|Construction of Anganwadi Buildings-UIDF|386|Purchase/Construction of Buildings|4235-02-102-0-11|Purchase/Construction of Buildings|V|Data|Object-Head||3940.00|3940.00||100.0
100|05|11|4235|Capital Outlay on Social Security & Welfare|02|Social Welfare|102|Child Welfare|0||11|Construction of Anganwadi Buildings-UIDF||||HOA Total :|V|Total|Detailed-Head|0.00|3940.00|3940.00|0.00|100.0
100|05|11|4235|Capital Outlay on Social Security & Welfare|02|Social Welfare|102|Child Welfare|0||90|Deduct Recovery of Capital Account|||4235-02-102-0-90|Deduct Recovery of Capital Account|V|Header|Detailed-Head|||||100.0
100|05|11|4235|Capital Outlay on Social Security & Welfare|02|Social Welfare|102|Child Welfare|0||90|Deduct Recovery of Capital Account|364|Deduct - Recoveries|4235-02-102-0-90|Deduct - Recoveries|V|Data|Object-Head|-160.77||||100.0
100|05|11|4235|Capital Outlay on Social Security & Welfare|02|Social Welfare|102|Child Welfare|0||90|Deduct Recovery of Capital Account||||HOA Total :|V|Total|Detailed-Head|-160.77|0.00|0.00|0.00|100.0
100|05|11|4235|Capital Outlay on Social Security & Welfare|02|Social Welfare|102|Child Welfare|1||03|CSS-Central Share-Upgradation of Anganwadi Buildings|||4235-02-102-1-03|CSS-Central Share-Upgradation of Anganwadi Buildings|V|Header|Detailed-Head|||||100.0
100|05|11|4235|Capital Outlay on Social Security & Welfare|02|Social Welfare|102|Child Welfare|1||03|CSS-Central Share-Upgradation of Anganwadi Buildings|132|Other Capital Expenses|4235-02-102-1-03|Other Capital Expenses|V|Data|Object-Head||9000.00|8878.00|9000.00|100.0
101|05|11|4235|Capital Outlay on Social Security & Welfare|02|Social Welfare|102|Child Welfare|1||03|CSS-Central Share-Upgradation of Anganwadi Buildings|386|Purchase/Construction of Buildings|4235-02-102-1-03|Purchase/Construction of Buildings|V|Data|Object-Head|11388.53|1000.00|1122.00|1000.00|100.0
101|05|11|4235|Capital Outlay on Social Security & Welfare|02|Social Welfare|102|Child Welfare|1||03|CSS-Central Share-Upgradation of Anganwadi Buildings||||HOA Total :|V|Total|Detailed-Head|11388.53|10000.00|10000.00|10000.00|100.0
101|05|11|4235|Capital Outlay on Social Security & Welfare|02|Social Welfare|102|Child Welfare|1||04|CSS-State Share-Upgradation of Anganwadi Buildings|||4235-02-102-1-04|CSS-State Share-Upgradation of Anganwadi Buildings|V|Header|Detailed-Head|||||100.0
101|05|11|4235|Capital Outlay on Social Security & Welfare|02|Social Welfare|102|Child Welfare|1||04|CSS-State Share-Upgradation of Anganwadi Buildings|132|Other Capital Expenses|4235-02-102-1-04|Other Capital Expenses|V|Data|Object-Head||3000.00|3000.00|3000.00|100.0
101|05|11|4235|Capital Outlay on Social Security & Welfare|02|Social Welfare|102|Child Welfare|1||04|CSS-State Share-Upgradation of Anganwadi Buildings|386|Purchase/Construction of Buildings|4235-02-102-1-04|Purchase/Construction of Buildings|V|Data|Object-Head|7592.36|3600.00|3600.00|3600.00|100.0
101|05|11|4235|Capital Outlay on Social Security & Welfare|02|Social Welfare|102|Child Welfare|1||04|CSS-State Share-Upgradation of Anganwadi Buildings||||HOA Total :|V|Total|Detailed-Head|7592.36|6600.00|6600.00|6600.00|100.0
101|05|11|4235|Capital Outlay on Social Security & Welfare|02|Social Welfare|103|Women's Welfare|1||07|CSS-Central Share(100% GoI)-Construction of One Stop Centers|||4235-02-103-1-07|CSS-Central Share(100% GoI)-Construction of One Stop Centers|V|Header|Detailed-Head|||||100.0
101|05|11|4235|Capital Outlay on Social Security & Welfare|02|Social Welfare|103|Women's Welfare|1||07|CSS-Central Share(100% GoI)-Construction of One Stop Centers|386|Purchase/Construction of Buildings|4235-02-103-1-07|Purchase/Construction of Buildings|V|Data|Object-Head|40.23|300.00|300.00|300.00|100.0
101|05|11|4235|Capital Outlay on Social Security & Welfare|02|Social Welfare|103|Women's Welfare|1||07|CSS-Central Share(100% GoI)-Construction of One Stop Centers||||HOA Total :|V|Total|Detailed-Head|40.23|300.00|300.00|300.00|100.0
101|05|11|4235|Capital Outlay on Social Security & Welfare|02|Social Welfare|106|Correctional Services|1||01|Upgradation of Anganwadi and Other Buildings|||4235-02-106-1-01|Upgradation of Anganwadi and Other Buildings|V|Header|Detailed-Head|||||100.0
101|05|11|4235|Capital Outlay on Social Security & Welfare|02|Social Welfare|106|Correctional Services|1||01|Upgradation of Anganwadi and Other Buildings|132|Other Capital Expenses|4235-02-106-1-01|Other Capital Expenses|V|Data|Object-Head||1100.00|1100.00|1000.00|100.0
101|05|11|4235|Capital Outlay on Social Security & Welfare|02|Social Welfare|106|Correctional Services|1||01|Upgradation of Anganwadi and Other Buildings|386|Purchase/Construction of Buildings|4235-02-106-1-01|Purchase/Construction of Buildings|V|Data|Object-Head||400.00|400.00|100.00|100.0
101|05|11|4235|Capital Outlay on Social Security & Welfare|02|Social Welfare|106|Correctional Services|1||01|Upgradation of Anganwadi and Other Buildings||||HOA Total :|V|Total|Detailed-Head|0.00|1500.00|1500.00|1100.00|100.0
101|05|11|4235|Capital Outlay on Social Security & Welfare|02|Social Welfare|796|Tribal Area Sub-Plan|0||01|CSS-Central Share(100% GoI)-Construction of Anganwadi Centres(DAJGUA)|||4235-02-796-0-01|CSS-Central Share(100% GoI)-Construction of Anganwadi Centres(DAJGUA)|V|Header|Detailed-Head|||||100.0
101|05|11|4235|Capital Outlay on Social Security & Welfare|02|Social Welfare|796|Tribal Area Sub-Plan|0||01|CSS-Central Share(100% GoI)-Construction of Anganwadi Centres(DAJGUA)|423|Tribal Sub Plan|4235-02-796-0-01|Tribal Sub Plan|V|Data|Object-Head||||1968.00|100.0
101|05|11|4235|Capital Outlay on Social Security & Welfare|02|Social Welfare|796|Tribal Area Sub-Plan|0||01|CSS-Central Share(100% GoI)-Construction of Anganwadi Centres(DAJGUA)||||HOA Total :|V|Total|Detailed-Head|0.00|0.00|0.00|1968.00|100.0
101|05|11|4235|Capital Outlay on Social Security & Welfare|02|Social Welfare||||||||||4235 - Total :|V|Total|Major-Head|27343.81|29473.33|29473.33|25088.00|
102|05|13|2408|Food, Storage and Ware Housing|01|Food|||||||||2408|Food, Storage and Ware Housing|V|Header|Major-Head|||||
102|05|13|2408|Food, Storage and Ware Housing|01|Food|001||0||01|Director, Food and Civil Supplies|||2408-01-001-0-01|Director, Food and Civil Supplies|V|Header|Detailed-Head|||||100.0
102|05|13|2408|Food, Storage and Ware Housing|01|Food|001||0||01|Director, Food and Civil Supplies|002|Basic Pay|2408-01-001-0-01|Basic Pay|V|Data|Object-Head|884.64|5930.00|5930.00|5948.00|100.0
102|05|13|2408|Food, Storage and Ware Housing|01|Food|001||0||01|Director, Food and Civil Supplies|003|Basic Pay-Staff|2408-01-001-0-01|Basic Pay-Staff|V|Data|Object-Head|3915.30||||100.0
102|05|13|2408|Food, Storage and Ware Housing|01|Food|001||0||01|Director, Food and Civil Supplies|004|Interim Relief|2408-01-001-0-01|Interim Relief|V|Data|Object-Head|280.24||||100.0
102|05|13|2408|Food, Storage and Ware Housing|01|Food|001||0||01|Director, Food and Civil Supplies|011|Dearness Allowance|2408-01-001-0-01|Dearness Allowance|V|Data|Object-Head|1072.00|1322.00|1322.00|1502.00|100.0
102|05|13|2408|Food, Storage and Ware Housing|01|Food|001||0||01|Director, Food and Civil Supplies|014|Other Allowance|2408-01-001-0-01|Other Allowance|V|Data|Object-Head|603.12|772.00|772.00|742.00|100.0
102|05|13|2408|Food, Storage and Ware Housing|01|Food|001||0||01|Director, Food and Civil Supplies|020|Medical Allowance|2408-01-001-0-01|Medical Allowance|V|Data|Object-Head|30.03||||100.0
102|05|13|2408|Food, Storage and Ware Housing|01|Food|001||0||01|Director, Food and Civil Supplies|021|Reimbursement of Medical Expenses|2408-01-001-0-01|Reimbursement of Medical Expenses|V|Data|Object-Head|59.27|58.00|58.00|57.00|100.0
102|05|13|2408|Food, Storage and Ware Housing|01|Food|001||0||01|Director, Food and Civil Supplies|034|Contract/Outsource|2408-01-001-0-01|Contract/Outsource|V|Data|Object-Head|548.86|633.59|633.59|677.00|100.0
102|05|13|2408|Food, Storage and Ware Housing|01|Food|001||0||01|Director, Food and Civil Supplies|041|Travel Expenses|2408-01-001-0-01|Travel Expenses|V|Data|Object-Head|12.41|16.00|16.00|16.00|100.0
102|05|13|2408|Food, Storage and Ware Housing|01|Food|001||0||01|Director, Food and Civil Supplies|050|Office Expenses|2408-01-001-0-01|Office Expenses|V|Data|Object-Head|29.56|56.00|56.00|56.00|100.0
102|05|13|2408|Food, Storage and Ware Housing|01|Food|001||0||01|Director, Food and Civil Supplies|051|General Expenses|2408-01-001-0-01|General Expenses|V|Data|Object-Head|136.88|50.00|295.00|80.00|100.0
102|05|13|2408|Food, Storage and Ware Housing|01|Food|001||0||01|Director, Food and Civil Supplies|052|Telephone Charges|2408-01-001-0-01|Telephone Charges|V|Data|Object-Head|4.19||||100.0
102|05|13|2408|Food, Storage and Ware Housing|01|Food|001||0||01|Director, Food and Civil Supplies|053|Purchase of Furniture and Fixture for Office|2408-01-001-0-01|Purchase of Furniture and Fixture for Office|V|Data|Object-Head|13.46||||100.0
102|05|13|2408|Food, Storage and Ware Housing|01|Food|001||0||01|Director, Food and Civil Supplies|071|Building Expenses|2408-01-001-0-01|Building Expenses|V|Data|Object-Head|223.83|600.00|450.00|438.00|100.0
102|05|13|2408|Food, Storage and Ware Housing|01|Food|001||0||01|Director, Food and Civil Supplies|195|Transport Expenses|2408-01-001-0-01|Transport Expenses|V|Data|Object-Head|89.24|227.20|227.20|208.13|100.0
102|05|13|2408|Food, Storage and Ware Housing|01|Food|001||0||01|Director, Food and Civil Supplies||||HOA Total :|V|Total|Detailed-Head|7903.03|9664.79|9759.79|9724.13|100.0
102|05|13|2408|Food, Storage and Ware Housing|01|Food|001||0||08|Karnataka State Food Commission|||2408-01-001-0-08|Karnataka State Food Commission|V|Header|Detailed-Head|||||100.0
102|05|13|2408|Food, Storage and Ware Housing|01|Food|001||0||08|Karnataka State Food Commission|034|Contract/Outsource|2408-01-001-0-08|Contract/Outsource|V|Data|Object-Head|112.64|107.54|107.54|149.02|100.0
102|05|13|2408|Food, Storage and Ware Housing|01|Food|001||0||08|Karnataka State Food Commission|041|Travel Expenses|2408-01-001-0-08|Travel Expenses|V|Data|Object-Head|0.40|1.00|1.00|1.00|100.0
102|05|13|2408|Food, Storage and Ware Housing|01|Food|001||0||08|Karnataka State Food Commission|050|Office Expenses|2408-01-001-0-08|Office Expenses|V|Data|Object-Head|3.98|6.00|6.00|6.00|100.0
102|05|13|2408|Food, Storage and Ware Housing|01|Food|001||0||08|Karnataka State Food Commission|052|Telephone Charges|2408-01-001-0-08|Telephone Charges|V|Data|Object-Head|0.33||||100.0
102|05|13|2408|Food, Storage and Ware Housing|01|Food|001||0||08|Karnataka State Food Commission|071|Building Expenses|2408-01-001-0-08|Building Expenses|V|Data|Object-Head|27.31|29.00|29.00|30.00|100.0
102|05|13|2408|Food, Storage and Ware Housing|01|Food|001||0||08|Karnataka State Food Commission|195|Transport Expenses|2408-01-001-0-08|Transport Expenses|V|Data|Object-Head|5.25|10.80|10.80|10.41|100.0
102|05|13|2408|Food, Storage and Ware Housing|01|Food|001||0||08|Karnataka State Food Commission||||HOA Total :|V|Total|Detailed-Head|149.91|154.34|154.34|196.43|100.0
103|05|13|2408|Food, Storage and Ware Housing|01|Food|001||0||09|Unspent SCSP-TSP Amount as per the SCSP-TSP Act 2013|||2408-01-001-0-09|Unspent SCSP-TSP Amount as per the SCSP-TSP Act 2013|V|Header|Detailed-Head|||||100.0
103|05|13|2408|Food, Storage and Ware Housing|01|Food|001||0||09|Unspent SCSP-TSP Amount as per the SCSP-TSP Act 2013|422|Schedule Caste Sub Plan|2408-01-001-0-09|Schedule Caste Sub Plan|V|Data|Object-Head|133.75|290.69|290.69|0.04|100.0
103|05|13|2408|Food, Storage and Ware Housing|01|Food|001||0||09|Unspent SCSP-TSP Amount as per the SCSP-TSP Act 2013|423|Tribal Sub Plan|2408-01-001-0-09|Tribal Sub Plan|V|Data|Object-Head|31.78|63.51|63.51|0.01|100.0
103|05|13|2408|Food, Storage and Ware Housing|01|Food|001||0||09|Unspent SCSP-TSP Amount as per the SCSP-TSP Act 2013||||HOA Total :|V|Total|Detailed-Head|165.53|354.20|354.20|0.05|100.0
103|05|13|2408|Food, Storage and Ware Housing|01|Food|001||0||50|Vacant Post Provision|||2408-01-001-0-50|Vacant Post Provision|V|Header|Detailed-Head|||||100.0
103|05|13|2408|Food, Storage and Ware Housing|01|Food|001||0||50|Vacant Post Provision|014|Other Allowance|2408-01-001-0-50|Other Allowance|V|Data|Object-Head||2399.42|2399.42|2947.42|100.0
103|05|13|2408|Food, Storage and Ware Housing|01|Food|001||0||50|Vacant Post Provision||||HOA Total :|V|Total|Detailed-Head|0.00|2399.42|2399.42|2947.42|100.0
103|05|13|2408|Food, Storage and Ware Housing|01|Food|101||0||05|CSS-Central Share-Assistance to Intra State movement of foodgrains and FPS dealers margin under NFSA|||2408-01-101-0-05|CSS-Central Share-Assistance to Intra State movement of foodgrains and FPS dealers margin under NFSA|V|Header|Detailed-Head|||||100.0
103|05|13|2408|Food, Storage and Ware Housing|01|Food|101||0||05|CSS-Central Share-Assistance to Intra State movement of foodgrains and FPS dealers margin under NFSA|106|Subsidies|2408-01-101-0-05|Subsidies|V|Data|Object-Head|8504.00||6761.73||100.0
103|05|13|2408|Food, Storage and Ware Housing|01|Food|101||0||05|CSS-Central Share-Assistance to Intra State movement of foodgrains and FPS dealers margin under NFSA|422|Schedule Caste Sub Plan|2408-01-101-0-05|Schedule Caste Sub Plan|V|Data|Object-Head|1929.00||9826.86||100.0
103|05|13|2408|Food, Storage and Ware Housing|01|Food|101||0||05|CSS-Central Share-Assistance to Intra State movement of foodgrains and FPS dealers margin under NFSA|423|Tribal Sub Plan|2408-01-101-0-05|Tribal Sub Plan|V|Data|Object-Head|785.00||3265.57||100.0
103|05|13|2408|Food, Storage and Ware Housing|01|Food|101||0||05|CSS-Central Share-Assistance to Intra State movement of foodgrains and FPS dealers margin under NFSA||||HOA Total :|V|Total|Detailed-Head|11218.00|0.00|19854.16|0.00|100.0
103|05|13|2408|Food, Storage and Ware Housing|01|Food|101||0||06|CSS-State Share-Assistance to Intra State movement of foodgrains and FPS dealers margin under NFSA|||2408-01-101-0-06|CSS-State Share-Assistance to Intra State movement of foodgrains and FPS dealers margin under NFSA|V|Header|Detailed-Head|||||100.0
103|05|13|2408|Food, Storage and Ware Housing|01|Food|101||0||06|CSS-State Share-Assistance to Intra State movement of foodgrains and FPS dealers margin under NFSA|106|Subsidies|2408-01-101-0-06|Subsidies|V|Data|Object-Head|8504.00||22285.03||100.0
103|05|13|2408|Food, Storage and Ware Housing|01|Food|101||0||06|CSS-State Share-Assistance to Intra State movement of foodgrains and FPS dealers margin under NFSA|422|Schedule Caste Sub Plan|2408-01-101-0-06|Schedule Caste Sub Plan|V|Data|Object-Head|1929.00||4890.28||100.0
103|05|13|2408|Food, Storage and Ware Housing|01|Food|101||0||06|CSS-State Share-Assistance to Intra State movement of foodgrains and FPS dealers margin under NFSA|423|Tribal Sub Plan|2408-01-101-0-06|Tribal Sub Plan|V|Data|Object-Head|785.00||1256.50||100.0
103|05|13|2408|Food, Storage and Ware Housing|01|Food|101||0||06|CSS-State Share-Assistance to Intra State movement of foodgrains and FPS dealers margin under NFSA||||HOA Total :|V|Total|Detailed-Head|11218.00|0.00|28431.81|0.00|100.0
104|05|13|2408|Food, Storage and Ware Housing|01|Food|101||0||07|CSS-Central Share-SMART-PDS|||2408-01-101-0-07|CSS-Central Share-SMART-PDS|V|Header|Detailed-Head|||||100.0
104|05|13|2408|Food, Storage and Ware Housing|01|Food|101||0||07|CSS-Central Share-SMART-PDS|015|Subsidiary Expenses|2408-01-101-0-07|Subsidiary Expenses|V|Data|Object-Head|44.88||75.62||100.0
104|05|13|2408|Food, Storage and Ware Housing|01|Food|101||0||07|CSS-Central Share-SMART-PDS||||HOA Total :|V|Total|Detailed-Head|44.88|0.00|75.62|0.00|100.0
104|05|13|2408|Food, Storage and Ware Housing|01|Food|101||0||08|CSS-State Share-SMART-PDS|||2408-01-101-0-08|CSS-State Share-SMART-PDS|V|Header|Detailed-Head|||||100.0
104|05|13|2408|Food, Storage and Ware Housing|01|Food|101||0||08|CSS-State Share-SMART-PDS|015|Subsidiary Expenses|2408-01-101-0-08|Subsidiary Expenses|V|Data|Object-Head|29.92||50.42||100.0
104|05|13|2408|Food, Storage and Ware Housing|01|Food|101||0||08|CSS-State Share-SMART-PDS||||HOA Total :|V|Total|Detailed-Head|29.92|0.00|50.42|0.00|100.0
104|05|13|2408|Food, Storage and Ware Housing|01|Food|102||0||01|Subsidy for Food Grains Distribution for AAY and PHH benficieries under Annabhagya Scheme|||2408-01-102-0-01|Subsidy for Food Grains Distribution for AAY and PHH benficieries under Annabhagya Scheme|V|Header|Detailed-Head|||||100.0
104|05|13|2408|Food, Storage and Ware Housing|01|Food|102||0||01|Subsidy for Food Grains Distribution for AAY and PHH benficieries under Annabhagya Scheme|106|Subsidies|2408-01-102-0-01|Subsidies|V|Data|Object-Head|118680.97|120308.77|116737.49|110985.95|100.0
104|05|13|2408|Food, Storage and Ware Housing|01|Food|102||0||01|Subsidy for Food Grains Distribution for AAY and PHH benficieries under Annabhagya Scheme|422|Schedule Caste Sub Plan|2408-01-102-0-01|Schedule Caste Sub Plan|V|Data|Object-Head|23999.35|30089.33|29277.14|27757.68|100.0
104|05|13|2408|Food, Storage and Ware Housing|01|Food|102||0||01|Subsidy for Food Grains Distribution for AAY and PHH benficieries under Annabhagya Scheme|423|Tribal Sub Plan|2408-01-102-0-01|Tribal Sub Plan|V|Data|Object-Head|10123.71|12201.90|11863.35|11256.37|100.0
104|05|13|2408|Food, Storage and Ware Housing|01|Food|102||0||01|Subsidy for Food Grains Distribution for AAY and PHH benficieries under Annabhagya Scheme||||HOA Total :|V|Total|Detailed-Head|152804.03|162600.00|157877.98|150000.00|100.0
104|05|13|2408|Food, Storage and Ware Housing|01|Food|102||0||04|IT Initiative for Public Distribution System|||2408-01-102-0-04|IT Initiative for Public Distribution System|V|Header|Detailed-Head|||||100.0
104|05|13|2408|Food, Storage and Ware Housing|01|Food|102||0||04|IT Initiative for Public Distribution System|200|Maintenance Expenditure|2408-01-102-0-04|Maintenance Expenditure|V|Data|Object-Head|171.78|250.00|250.00|250.00|100.0
104|05|13|2408|Food, Storage and Ware Housing|01|Food|102||0||04|IT Initiative for Public Distribution System|221|Materials and Supplies|2408-01-102-0-04|Materials and Supplies|V|Data|Object-Head||500.00|500.00|500.00|100.0
104|05|13|2408|Food, Storage and Ware Housing|01|Food|102||0||04|IT Initiative for Public Distribution System||||HOA Total :|V|Total|Detailed-Head|171.78|750.00|750.00|750.00|100.0
104|05|13|2408|Food, Storage and Ware Housing|01|Food|102||0||07|Subsidy for Rice Distribution for NPHH benficieries under Annabhagya Scheme|||2408-01-102-0-07|Subsidy for Rice Distribution for NPHH benficieries under Annabhagya Scheme|V|Header|Detailed-Head|||||100.0
104|05|13|2408|Food, Storage and Ware Housing|01|Food|102||0||07|Subsidy for Rice Distribution for NPHH benficieries under Annabhagya Scheme|106|Subsidies|2408-01-102-0-07|Subsidies|V|Data|Object-Head||500.00|491.39|1.00|100.0
104|05|13|2408|Food, Storage and Ware Housing|01|Food|102||0||07|Subsidy for Rice Distribution for NPHH benficieries under Annabhagya Scheme||||HOA Total :|V|Total|Detailed-Head|0.00|500.00|491.39|1.00|100.0
105|05|13|2408|Food, Storage and Ware Housing|01|Food|102|Food|0||09|DBT under Annabhagya Scheme|||2408-01-102-0-09|DBT under Annabhagya Scheme|V|Header|Detailed-Head|||||100.0
105|05|13|2408|Food, Storage and Ware Housing|01|Food|102|Food|0||09|DBT under Annabhagya Scheme|106|Subsidies|2408-01-102-0-09|Subsidies|V|Data|Object-Head|442773.79||||100.0
105|05|13|2408|Food, Storage and Ware Housing|01|Food|102|Food|0||09|DBT under Annabhagya Scheme|422|Schedule Caste Sub Plan|2408-01-102-0-09|Schedule Caste Sub Plan|V|Data|Object-Head|103099.53||||100.0
105|05|13|2408|Food, Storage and Ware Housing|01|Food|102|Food|0||09|DBT under Annabhagya Scheme|423|Tribal Sub Plan|2408-01-102-0-09|Tribal Sub Plan|V|Data|Object-Head|43589.67||||100.0
105|05|13|2408|Food, Storage and Ware Housing|01|Food|102|Food|0||09|DBT under Annabhagya Scheme|||2408-01-102-0-09|HOA Total :|V|Total|Detailed-Head|589462.99|0.00|0.00|0.00|100.0
105|05|13|2408|Food, Storage and Ware Housing|01|Food|196|Assistance to Zilla Panchayats/District Level Panchayats|0||01|DBT Under Annabhagya Scheme|||2408-01-196-0-01|DBT Under Annabhagya Scheme|V|Header|Detailed-Head|||||100.0
105|05|13|2408|Food, Storage and Ware Housing|01|Food|196|Assistance to Zilla Panchayats/District Level Panchayats|0||01|DBT Under Annabhagya Scheme|300|Lumpsum - ZP|2408-01-196-0-01|Lumpsum - ZP|V|Data|Object-Head|196299.88|642600.00|642600.00|620000.00|100.0
105|05|13|2408|Food, Storage and Ware Housing|01|Food|196|Assistance to Zilla Panchayats/District Level Panchayats|0||01|DBT Under Annabhagya Scheme|||2408-01-196-0-01|HOA Total :|V|Total|Detailed-Head|196299.88|642600.00|642600.00|620000.00|100.0
105|05|13|2408|Food, Storage and Ware Housing|01|Food|911|Deduct Recoveries of Overpayments|0||00|Deduct - Recoveries of Overpayments|||2408-01-911-0-00|Deduct - Recoveries of Overpayments|V|Header|Detailed-Head|||||100.0
105|05|13|2408|Food, Storage and Ware Housing|01|Food|911|Deduct Recoveries of Overpayments|0||00|Deduct - Recoveries of Overpayments|364|Deduct - Recoveries|2408-01-911-0-00|Deduct - Recoveries|V|Data|Object-Head|-0.02||||100.0
105|05|13|2408|Food, Storage and Ware Housing|01|Food|911|Deduct Recoveries of Overpayments|0||00|Deduct - Recoveries of Overpayments|||2408-01-911-0-00|HOA Total :|V|Total|Detailed-Head|-0.02|0.00|0.00|0.00|100.0
105|05|13|2408|Food, Storage and Ware Housing|01|Food|911|Deduct Recoveries of Overpayments|0||01|Deduct Recovery of Over Payments of Current Year|||2408-01-911-0-01|Deduct Recovery of Over Payments of Current Year|V|Header|Detailed-Head|||||100.0
105|05|13|2408|Food, Storage and Ware Housing|01|Food|911|Deduct Recoveries of Overpayments|0||01|Deduct Recovery of Over Payments of Current Year|364|Deduct - Recoveries|2408-01-911-0-01|Deduct - Recoveries|V|Data|Object-Head|-0.91||||100.0
105|05|13|2408|Food, Storage and Ware Housing|01|Food|911|Deduct Recoveries of Overpayments|0||01|Deduct Recovery of Over Payments of Current Year|||2408-01-911-0-01|HOA Total :|V|Total|Detailed-Head|-0.91|0.00|0.00|0.00|100.0
105|05|13|2408|Food, Storage and Ware Housing|01|Food|911|Deduct Recoveries of Overpayments|0||04|Deduct- Refund of grants from SNA(Intra State Movement of Foodgrains)|||2408-01-911-0-04|Deduct- Refund of grants from SNA(Intra State Movement of Foodgrains)|V|Header|Detailed-Head|||||100.0
105|05|13|2408|Food, Storage and Ware Housing|01|Food|911|Deduct Recoveries of Overpayments|0||04|Deduct- Refund of grants from SNA(Intra State Movement of Foodgrains)|366|Refund from SNA bank account|2408-01-911-0-04|Refund from SNA bank account|V|Data|Object-Head|-22436.00||||100.0
105|05|13|2408|Food, Storage and Ware Housing|01|Food|911|Deduct Recoveries of Overpayments|0||04|Deduct- Refund of grants from SNA(Intra State Movement of Foodgrains)|||2408-01-911-0-04|HOA Total :|V|Total|Detailed-Head|-22436.00|0.00|0.00|0.00|100.0
105|05|13|2408|Food, Storage and Ware Housing|01|Food|||||||||2408 - Total :|2408 - Total :|V|Total|Major-Head|947031.02|819022.75|862799.13|783619.03|
106|05|13|3456|Civil Supplies|00||102|Consumer Fora|0||01|Consumer Fora|||3456-00-102-0-01|Consumer Fora|V|Header|Detailed-Head|||||100.0
106|05|13|3456|Civil Supplies|00||102|Consumer Fora|0||01|Consumer Fora|002|Basic Pay|3456-00-102-0-01|Basic Pay|V|Data|Object-Head|329.80|1843.00|1843.00|1911.00|100.0
106|05|13|3456|Civil Supplies|00||102|Consumer Fora|0||01|Consumer Fora|003|Basic Pay-Staff|3456-00-102-0-01|Basic Pay-Staff|V|Data|Object-Head|1124.58||||100.0
106|05|13|3456|Civil Supplies|00||102|Consumer Fora|0||01|Consumer Fora|004|Interim Relief|3456-00-102-0-01|Interim Relief|V|Data|Object-Head|86.36||||100.0
106|05|13|3456|Civil Supplies|00||102|Consumer Fora|0||01|Consumer Fora|011|Dearness Allowance|3456-00-102-0-01|Dearness Allowance|V|Data|Object-Head|335.78|414.00|414.00|487.00|100.0
106|05|13|3456|Civil Supplies|00||102|Consumer Fora|0||01|Consumer Fora|014|Other Allowance|3456-00-102-0-01|Other Allowance|V|Data|Object-Head|212.44|268.00|268.00|266.00|100.0
106|05|13|3456|Civil Supplies|00||102|Consumer Fora|0||01|Consumer Fora|020|Medical Allowance|3456-00-102-0-01|Medical Allowance|V|Data|Object-Head|9.81||||100.0
106|05|13|3456|Civil Supplies|00||102|Consumer Fora|0||01|Consumer Fora|021|Reimbursement of Medical Expenses|3456-00-102-0-01|Reimbursement of Medical Expenses|V|Data|Object-Head|5.17|19.00|19.00|18.00|100.0
106|05|13|3456|Civil Supplies|00||102|Consumer Fora|0||01|Consumer Fora|034|Contract/Outsource|3456-00-102-0-01|Contract/Outsource|V|Data|Object-Head|1864.41|2085.46|2085.46|2769.31|100.0
106|05|13|3456|Civil Supplies|00||102|Consumer Fora|0||01|Consumer Fora|041|Travel Expenses|3456-00-102-0-01|Travel Expenses|V|Data|Object-Head|6.18|10.00|18.61|11.00|100.0
106|05|13|3456|Civil Supplies|00||102|Consumer Fora|0||01|Consumer Fora|050|Office Expenses|3456-00-102-0-01|Office Expenses|V|Data|Object-Head||40.00|40.00|40.00|100.0
106|05|13|3456|Civil Supplies|00||102|Consumer Fora|0||01|Consumer Fora|051|General Expenses|3456-00-102-0-01|General Expenses|V|Data|Object-Head|124.45|48.00|48.00|48.00|100.0
106|05|13|3456|Civil Supplies|00||102|Consumer Fora|0||01|Consumer Fora|052|Telephone Charges|3456-00-102-0-01|Telephone Charges|V|Data|Object-Head|7.98||||100.0
106|05|13|3456|Civil Supplies|00||102|Consumer Fora|0||01|Consumer Fora|053|Purchase of Furniture and Fixture for Office|3456-00-102-0-01|Purchase of Furniture and Fixture for Office|V|Data|Object-Head|9.96||||100.0
106|05|13|3456|Civil Supplies|00||102|Consumer Fora|0||01|Consumer Fora|071|Building Expenses|3456-00-102-0-01|Building Expenses|V|Data|Object-Head|336.99|400.00|400.00|400.00|100.0
106|05|13|3456|Civil Supplies|00||102|Consumer Fora|0||01|Consumer Fora|195|Transport Expenses|3456-00-102-0-01|Transport Expenses|V|Data|Object-Head|20.64|33.18|33.18|10.18|100.0
106|05|13|3456|Civil Supplies|00||102|Consumer Fora|0||01|Consumer Fora|||3456-00-102-0-01|HOA Total :|V|Total|Detailed-Head|4474.55|5160.64|5169.25|5960.49|100.0
106|05|13|3456|Civil Supplies|00||104|Consumer Welfare|0||01|Setting up of Consumer Clubs for Consumer Awareness|||3456-00-104-0-01|Setting up of Consumer Clubs for Consumer Awareness|V|Header|Detailed-Head|||||100.0
106|05|13|3456|Civil Supplies|00||104|Consumer Welfare|0||01|Setting up of Consumer Clubs for Consumer Awareness|051|General Expenses|3456-00-104-0-01|General Expenses|V|Data|Object-Head|24.13|30.00|30.00|30.00|100.0
106|05|13|3456|Civil Supplies|00||104|Consumer Welfare|0||01|Setting up of Consumer Clubs for Consumer Awareness|||3456-00-104-0-01|HOA Total :|V|Total|Detailed-Head|24.13|30.00|30.00|30.00|100.0
106|05|13|3456|Civil Supplies|00||104|Consumer Welfare|0||02|Consumer Welfare Activities|||3456-00-104-0-02|Consumer Welfare Activities|V|Header|Detailed-Head|||||100.0
106|05|13|3456|Civil Supplies|00||104|Consumer Welfare|0||02|Consumer Welfare Activities|051|General Expenses|3456-00-104-0-02|General Expenses|V|Data|Object-Head|15.91|30.00|30.00|30.00|100.0
106|05|13|3456|Civil Supplies|00||104|Consumer Welfare|0||02|Consumer Welfare Activities|||3456-00-104-0-02|HOA Total :|V|Total|Detailed-Head|15.91|30.00|30.00|30.00|100.0
106|05|13|3456|Civil Supplies|00||104|Consumer Welfare|0||03|State Consumer Helpline|||3456-00-104-0-03|State Consumer Helpline|V|Header|Detailed-Head|||||100.0
106|05|13|3456|Civil Supplies|00||104|Consumer Welfare|0||03|State Consumer Helpline|034|Contract/Outsource|3456-00-104-0-03|Contract/Outsource|V|Data|Object-Head|11.59|12.87|12.87|13.27|100.0
107|05|13|3456|Civil Supplies|00||104|Consumer Welfare|0||03|State Consumer Helpline|050|Office Expenses|3456-00-104-0-03|Office Expenses|V|Data|Object-Head||7.00|7.00|5.00|100.0
107|05|13|3456|Civil Supplies|00||104|Consumer Welfare|0||03|State Consumer Helpline|051|General Expenses|3456-00-104-0-03|General Expenses|V|Data|Object-Head|4.29||||100.0
107|05|13|3456|Civil Supplies|00||104|Consumer Welfare|0||03|State Consumer Helpline|177|IT Expenditure|3456-00-104-0-03|IT Expenditure|V|Data|Object-Head||||30.00|100.0
107|05|13|3456|Civil Supplies|00||104|Consumer Welfare|0||03|State Consumer Helpline|||3456-00-104-0-03|HOA Total :|V|Total|Detailed-Head|15.88|19.87|19.87|48.27|100.0
107|05|13|3456|Civil Supplies|00||797|Transfer to Reserve Funds and Deposit Accounts|0||04|Transfer of Application Fee and Penalties to Consumer Welfare Fund|||3456-00-797-0-04|Transfer of Application Fee and Penalties to Consumer Welfare Fund|V|Header|Detailed-Head|||||100.0
107|05|13|3456|Civil Supplies|00||797|Transfer to Reserve Funds and Deposit Accounts|0||04|Transfer of Application Fee and Penalties to Consumer Welfare Fund|261|Inter Account Transfers|3456-00-797-0-04|Inter Account Transfers|V|Data|Object-Head|23.83|10.00|10.00|10.00|100.0
107|05|13|3456|Civil Supplies|00||797|Transfer to Reserve Funds and Deposit Accounts|0||04|Transfer of Application Fee and Penalties to Consumer Welfare Fund|||3456-00-797-0-04|HOA Total :|V|Total|Detailed-Head|23.83|10.00|10.00|10.00|100.0
107|05|13|3456|Civil Supplies|00||902|Deduct - Amount met from Consumer Welfare Fund|0||01|Deduct - Amount met from Consumer Welfare Fund|||3456-00-902-0-01|Deduct - Amount met from Consumer Welfare Fund|V|Header|Detailed-Head|||||100.0
107|05|13|3456|Civil Supplies|00||902|Deduct - Amount met from Consumer Welfare Fund|0||01|Deduct - Amount met from Consumer Welfare Fund|261|Inter Account Transfers|3456-00-902-0-01|Inter Account Transfers|V|Data|Object-Head|-15.90|-30.00|-30.00|-30.00|100.0
107|05|13|3456|Civil Supplies|00||902|Deduct - Amount met from Consumer Welfare Fund|0||01|Deduct - Amount met from Consumer Welfare Fund|||3456-00-902-0-01|HOA Total :|V|Total|Detailed-Head|-15.90|-30.00|-30.00|-30.00|100.0
107|05|13|3456|Civil Supplies|00||911|Deduct - Recoveries of Overpayments|0||00|Deduct - Recoveries of Overpayments|||3456-00-911-0-00|Deduct - Recoveries of Overpayments|V|Header|Detailed-Head|||||100.0
107|05|13|3456|Civil Supplies|00||911|Deduct - Recoveries of Overpayments|0||00|Deduct - Recoveries of Overpayments|364|Deduct - Recoveries|3456-00-911-0-00|Deduct - Recoveries|V|Data|Object-Head|-0.03||||100.0
107|05|13|3456|Civil Supplies|00||911|Deduct - Recoveries of Overpayments|0||00|Deduct - Recoveries of Overpayments|||3456-00-911-0-00|HOA Total :|V|Total|Detailed-Head|-0.03|0.00|0.00|0.00|100.0
107|05|13|3456|Civil Supplies|00||911|Deduct - Recoveries of Overpayments|0||01|Deduct Recovery of Over Payments of Current Year|||3456-00-911-0-01|Deduct Recovery of Over Payments of Current Year|V|Header|Detailed-Head|||||100.0
107|05|13|3456|Civil Supplies|00||911|Deduct - Recoveries of Overpayments|0||01|Deduct Recovery of Over Payments of Current Year|364|Deduct - Recoveries|3456-00-911-0-01|Deduct - Recoveries|V|Data|Object-Head|-0.39||||100.0
107|05|13|3456|Civil Supplies|00||911|Deduct - Recoveries of Overpayments|0||01|Deduct Recovery of Over Payments of Current Year|||3456-00-911-0-01|HOA Total :|V|Total|Detailed-Head|-0.39|0.00|0.00|0.00|100.0
107|05|13|3456|Civil Supplies|00||||||||||3456-00-000-0-00|3456 - Total :|V|Total|Major-Head|4537.98|5220.51|5229.12|6048.76|
108|05|13|3475|Other General Economic Services|00||||||||||3475-00-000-0-00|Other General Economic Services|V|Header|Major-Head|||||
108|05|13|3475|Other General Economic Services|00||106|Consumer Protection|0||01|Controller of Legal Metrology and Director of Consumer Protection|||3475-00-106-0-01|Controller of Legal Metrology and Director of Consumer Protection|V|Header|Detailed-Head|||||100.0
108|05|13|3475|Other General Economic Services|00||106|Consumer Protection|0||01|Controller of Legal Metrology and Director of Consumer Protection|002|Basic Pay|3475-00-106-0-01|Basic Pay|V|Data|Object-Head|278.92|1646.00|1646.00|1794.00|100.0
108|05|13|3475|Other General Economic Services|00||106|Consumer Protection|0||01|Controller of Legal Metrology and Director of Consumer Protection|003|Basic Pay-Staff|3475-00-106-0-01|Basic Pay-Staff|V|Data|Object-Head|1127.24||||100.0
108|05|13|3475|Other General Economic Services|00||106|Consumer Protection|0||01|Controller of Legal Metrology and Director of Consumer Protection|004|Interim Relief|3475-00-106-0-01|Interim Relief|V|Data|Object-Head|83.34||||100.0
108|05|13|3475|Other General Economic Services|00||106|Consumer Protection|0||01|Controller of Legal Metrology and Director of Consumer Protection|011|Dearness Allowance|3475-00-106-0-01|Dearness Allowance|V|Data|Object-Head|315.21|362.00|362.00|449.00|100.0
108|05|13|3475|Other General Economic Services|00||106|Consumer Protection|0||01|Controller of Legal Metrology and Director of Consumer Protection|014|Other Allowance|3475-00-106-0-01|Other Allowance|V|Data|Object-Head|233.24|262.00|262.00|272.00|100.0
108|05|13|3475|Other General Economic Services|00||106|Consumer Protection|0||01|Controller of Legal Metrology and Director of Consumer Protection|020|Medical Allowance|3475-00-106-0-01|Medical Allowance|V|Data|Object-Head|7.29||||100.0
108|05|13|3475|Other General Economic Services|00||106|Consumer Protection|0||01|Controller of Legal Metrology and Director of Consumer Protection|021|Reimbursement of Medical Expenses|3475-00-106-0-01|Reimbursement of Medical Expenses|V|Data|Object-Head|5.52|15.00|15.00|15.00|100.0
108|05|13|3475|Other General Economic Services|00||106|Consumer Protection|0||01|Controller of Legal Metrology and Director of Consumer Protection|034|Contract/Outsource|3475-00-106-0-01|Contract/Outsource|V|Data|Object-Head|248.54|249.81|249.81|258.44|100.0
108|05|13|3475|Other General Economic Services|00||106|Consumer Protection|0||01|Controller of Legal Metrology and Director of Consumer Protection|041|Travel Expenses|3475-00-106-0-01|Travel Expenses|V|Data|Object-Head|6.29|14.00|14.00|14.00|100.0
108|05|13|3475|Other General Economic Services|00||106|Consumer Protection|0||01|Controller of Legal Metrology and Director of Consumer Protection|050|Office Expenses|3475-00-106-0-01|Office Expenses|V|Data|Object-Head||20.00|20.00|32.00|100.0
108|05|13|3475|Other General Economic Services|00||106|Consumer Protection|0||01|Controller of Legal Metrology and Director of Consumer Protection|051|General Expenses|3475-00-106-0-01|General Expenses|V|Data|Object-Head|29.55|27.00|27.00|15.00|100.0
108|05|13|3475|Other General Economic Services|00||106|Consumer Protection|0||01|Controller of Legal Metrology and Director of Consumer Protection|052|Telephone Charges|3475-00-106-0-01|Telephone Charges|V|Data|Object-Head|1.73||||100.0
108|05|13|3475|Other General Economic Services|00||106|Consumer Protection|0||01|Controller of Legal Metrology and Director of Consumer Protection|053|Purchase of Furniture and Fixture for Office|3475-00-106-0-01|Purchase of Furniture and Fixture for Office|V|Data|Object-Head|49.73||||100.0
108|05|13|3475|Other General Economic Services|00||106|Consumer Protection|0||01|Controller of Legal Metrology and Director of Consumer Protection|071|Building Expenses|3475-00-106-0-01|Building Expenses|V|Data|Object-Head|51.42|70.00|70.00|70.00|100.0
108|05|13|3475|Other General Economic Services|00||106|Consumer Protection|0||01|Controller of Legal Metrology and Director of Consumer Protection|180|Machinery and Equipments|3475-00-106-0-01|Machinery and Equipments|V|Data|Object-Head|232.50||||100.0
108|05|13|3475|Other General Economic Services|00||106|Consumer Protection|0||01|Controller of Legal Metrology and Director of Consumer Protection|195|Transport Expenses|3475-00-106-0-01|Transport Expenses|V|Data|Object-Head|74.28|96.06|96.06|92.42|100.0
108|05|13|3475|Other General Economic Services|00||106|Consumer Protection|0||01|Controller of Legal Metrology and Director of Consumer Protection|200|Maintenance Expenditure|3475-00-106-0-01|Maintenance Expenditure|V|Data|Object-Head|1.07|10.00|10.00|10.00|100.0
108|05|13|3475|Other General Economic Services|00||106|Consumer Protection|0||01|Controller of Legal Metrology and Director of Consumer Protection|||3475-00-106-0-01|HOA Total :|V|Total|Detailed-Head|2745.87|2771.87|2771.87|3021.86|100.0
108|05|13|3475|Other General Economic Services|00||||||||||3475-00-000-0-00|3475 - Total :|V|Total|Major-Head|2745.87|2771.87|2771.87|3021.86|
109|05|13|4408|Capital Outlay on Food Storage & Ware Housing|01||||||||||4408-01-000-0-00|Capital Outlay on Food Storage & Ware Housing|V|Header|Major-Head|||||
109|05|13|4408|Capital Outlay on Food Storage & Ware Housing|01||001||0||01|Infrastructure Works in Food and Civil Supplies Department|||4408-01-001-0-01|Infrastructure Works in Food and Civil Supplies Department|V|Header|Detailed-Head|||||100.0
109|05|13|4408|Capital Outlay on Food Storage & Ware Housing|01||001||0||01|Infrastructure Works in Food and Civil Supplies Department|177|IT Expenditure|4408-01-001-0-01|IT Expenditure|V|Data|Object-Head||100.00|100.00|100.00|100.0
109|05|13|4408|Capital Outlay on Food Storage & Ware Housing|01||001||0||01|Infrastructure Works in Food and Civil Supplies Department|386|Purchase/Construction of Buildings|4408-01-001-0-01|Purchase/Construction of Buildings|V|Data|Object-Head|1500.00|1.00|1.00|900.00|100.0
109|05|13|4408|Capital Outlay on Food Storage & Ware Housing|01||001||0||01|Infrastructure Works in Food and Civil Supplies Department|||4408-01-001-0-01|HOA Total :|V|Total|Detailed-Head|1500.00|101.00|101.00|1000.00|100.0
109|05|13|4408|Capital Outlay on Food Storage & Ware Housing|01||||||||||4408-01-000-0-00|4408 - Total :|V|Total|Major-Head|1500.00|101.00|101.00|1000.00|
110|05|13|5475|Capital Outlay on Other General Economic Services|00||||||||||5475-00-000-0-00|Capital Outlay on Other General Economic Services|V|Header|Major-Head|||||
110|05|13|5475|Capital Outlay on Other General Economic Services|00||115||0||01|Infrastructure for Weights and Measures|||5475-00-115-0-01|Infrastructure for Weights and Measures|V|Header|Detailed-Head|||||100.0
110|05|13|5475|Capital Outlay on Other General Economic Services|00||115||0||01|Infrastructure for Weights and Measures|053|Purchase of Furniture and Fixture for Office|5475-00-115-0-01|Purchase of Furniture and Fixture for Office|V|Data|Object-Head||20.20|20.20|10.00|100.0
110|05|13|5475|Capital Outlay on Other General Economic Services|00||115||0||01|Infrastructure for Weights and Measures|132|Other Capital Expenses|5475-00-115-0-01|Other Capital Expenses|V|Data|Object-Head|397.96|100.00|100.00|200.00|100.0
110|05|13|5475|Capital Outlay on Other General Economic Services|00||115||0||01|Infrastructure for Weights and Measures|180|Machinery and Equipments|5475-00-115-0-01|Machinery and Equipments|V|Data|Object-Head|49.61|200.00|200.00|250.00|100.0
110|05|13|5475|Capital Outlay on Other General Economic Services|00||115||0||01|Infrastructure for Weights and Measures|||5475-00-115-0-01|HOA Total :|V|Total|Detailed-Head|447.57|320.20|320.20|460.00|100.0
110|05|13|5475|Capital Outlay on Other General Economic Services|00||115||0||90|Deduct-Receipts and Recoveries on Capital Account|||5475-00-115-0-90|Deduct-Receipts and Recoveries on Capital Account|V|Header|Detailed-Head|||||100.0
110|05|13|5475|Capital Outlay on Other General Economic Services|00||115||0||90|Deduct-Receipts and Recoveries on Capital Account|364|Deduct - Recoveries|5475-00-115-0-90|Deduct - Recoveries|V|Data|Object-Head|-250.00||||100.0
110|05|13|5475|Capital Outlay on Other General Economic Services|00||115||0||90|Deduct-Receipts and Recoveries on Capital Account|||5475-00-115-0-90|HOA Total :|V|Total|Detailed-Head|-250.00|0.00|0.00|0.00|100.0
110|05|13|5475|Capital Outlay on Other General Economic Services|00||||||||||5475-00-000-0-00|5475 - Total :|V|Total|Major-Head|197.57|320.20|320.20|460.00|
111|05|14|2029|Land Revenue|00||||||||||2029-00-000-0-00|Land Revenue||Header|Major-Head|||||
111|05|14|2029|Land Revenue|00||001||0||01|Directorate of Survey Settlement & Land Records|||2029-00-001-0-01|Directorate of Survey Settlement & Land Records||Header|Detailed-Head|||||100.0
111|05|14|2029|Land Revenue|00||001||0||01|Directorate of Survey Settlement & Land Records|002|Basic Pay|2029-00-001-0-01|Basic Pay||Data|Object-Head|87.48|799.00|799.00|765.00|100.0
111|05|14|2029|Land Revenue|00||001||0||01|Directorate of Survey Settlement & Land Records|003|Basic Pay-Staff|2029-00-001-0-01|Basic Pay-Staff||Data|Object-Head|603.41||||100.0
111|05|14|2029|Land Revenue|00||001||0||01|Directorate of Survey Settlement & Land Records|004|Interim Relief|2029-00-001-0-01|Interim Relief||Data|Object-Head|38.22||||100.0
111|05|14|2029|Land Revenue|00||001||0||01|Directorate of Survey Settlement & Land Records|011|Dearness Allowance|2029-00-001-0-01|Dearness Allowance||Data|Object-Head|157.04|184.00|184.00|200.00|100.0
111|05|14|2029|Land Revenue|00||001||0||01|Directorate of Survey Settlement & Land Records|014|Other Allowance|2029-00-001-0-01|Other Allowance||Data|Object-Head|162.04|184.00|184.00|171.00|100.0
111|05|14|2029|Land Revenue|00||001||0||01|Directorate of Survey Settlement & Land Records|020|Medical Allowance|2029-00-001-0-01|Medical Allowance||Data|Object-Head|4.88||||100.0
111|05|14|2029|Land Revenue|00||001||0||01|Directorate of Survey Settlement & Land Records|021|Reimbursement of Medical Expenses|2029-00-001-0-01|Reimbursement of Medical Expenses||Data|Object-Head|3.56|15.00|15.00|15.00|100.0
111|05|14|2029|Land Revenue|00||001||0||01|Directorate of Survey Settlement & Land Records|034|Contract/Outsource|2029-00-001-0-01|Contract/Outsource||Data|Object-Head|4975.39|4633.51|4633.51|4809.70|100.0
111|05|14|2029|Land Revenue|00||001||0||01|Directorate of Survey Settlement & Land Records|041|Travel Expenses|2029-00-001-0-01|Travel Expenses||Data|Object-Head|5.40|7.00|7.00|7.00|100.0
111|05|14|2029|Land Revenue|00||001||0||01|Directorate of Survey Settlement & Land Records|050|Office Expenses|2029-00-001-0-01|Office Expenses||Data|Object-Head|8.64|10.00|10.00|10.00|100.0
111|05|14|2029|Land Revenue|00||001||0||01|Directorate of Survey Settlement & Land Records|051|General Expenses|2029-00-001-0-01|General Expenses||Data|Object-Head|29.99|30.00|30.00|32.00|100.0
111|05|14|2029|Land Revenue|00||001||0||01|Directorate of Survey Settlement & Land Records|052|Telephone Charges|2029-00-001-0-01|Telephone Charges||Data|Object-Head|0.47||||100.0
111|05|14|2029|Land Revenue|00||001||0||01|Directorate of Survey Settlement & Land Records|071|Building Expenses|2029-00-001-0-01|Building Expenses||Data|Object-Head|26.43|32.00|32.00|35.00|100.0
111|05|14|2029|Land Revenue|00||001||0||01|Directorate of Survey Settlement & Land Records|195|Transport Expenses|2029-00-001-0-01|Transport Expenses||Data|Object-Head|34.34|51.93|51.93|48.86|100.0
111|05|14|2029|Land Revenue|00||001||0||01|Directorate of Survey Settlement & Land Records|200|Maintenance Expenditure|2029-00-001-0-01|Maintenance Expenditure||Data|Object-Head|9.96|5.00|5.00|5.00|100.0
111|05|14|2029|Land Revenue|00||001||0||01|Directorate of Survey Settlement & Land Records|||2029-00-001-0-01|HOA Total :||Total|Detailed-Head|6147.25|5951.44|5951.44|6098.56|100.0
111|05|14|2029|Land Revenue|00||001||0||04|Commissionerate of Revenue|||2029-00-001-0-04|Commissionerate of Revenue||Header|Detailed-Head|||||100.0
111|05|14|2029|Land Revenue|00||001||0||04|Commissionerate of Revenue|002|Basic Pay|2029-00-001-0-04|Basic Pay||Data|Object-Head|68.46|188.00|188.00|209.00|100.0
111|05|14|2029|Land Revenue|00||001||0||04|Commissionerate of Revenue|003|Basic Pay-Staff|2029-00-001-0-04|Basic Pay-Staff||Data|Object-Head|53.41||||100.0
111|05|14|2029|Land Revenue|00||001||0||04|Commissionerate of Revenue|004|Interim Relief|2029-00-001-0-04|Interim Relief||Data|Object-Head|7.21||||100.0
111|05|14|2029|Land Revenue|00||001||0||04|Commissionerate of Revenue|011|Dearness Allowance|2029-00-001-0-04|Dearness Allowance||Data|Object-Head|33.68|49.00|49.00|60.00|100.0
111|05|14|2029|Land Revenue|00||001||0||04|Commissionerate of Revenue|014|Other Allowance|2029-00-001-0-04|Other Allowance||Data|Object-Head|39.40|52.00|52.00|48.00|100.0
111|05|14|2029|Land Revenue|00||001||0||04|Commissionerate of Revenue|020|Medical Allowance|2029-00-001-0-04|Medical Allowance||Data|Object-Head|0.36||||100.0
111|05|14|2029|Land Revenue|00||001||0||04|Commissionerate of Revenue|021|Reimbursement of Medical Expenses|2029-00-001-0-04|Reimbursement of Medical Expenses||Data|Object-Head|0.83|9.00|9.00|9.00|100.0
111|05|14|2029|Land Revenue|00||001||0||04|Commissionerate of Revenue|034|Contract/Outsource|2029-00-001-0-04|Contract/Outsource||Data|Object-Head|40.21|73.10|73.10|62.12|100.0
111|05|14|2029|Land Revenue|00||001||0||04|Commissionerate of Revenue|041|Travel Expenses|2029-00-001-0-04|Travel Expenses||Data|Object-Head|6.10|11.00|11.00|11.00|100.0
112|05|14|2029|Land Revenue|00||001||0||04|Commissionerate of Revenue|050|Office Expenses|2029-00-001-0-04|Office Expenses||Data|Object-Head|5.00|38.00|38.00|30.00|100.0
112|05|14|2029|Land Revenue|00||001||0||04|Commissionerate of Revenue|051|General Expenses|2029-00-001-0-04|General Expenses||Data|Object-Head|50.00|103.00|103.00|70.00|100.0
112|05|14|2029|Land Revenue|00||001||0||04|Commissionerate of Revenue|052|Telephone Charges|2029-00-001-0-04|Telephone Charges||Data|Object-Head|0.81||||100.0
112|05|14|2029|Land Revenue|00||001||0||04|Commissionerate of Revenue|053|Purchase of Furniture and Fixture for Office|2029-00-001-0-04|Purchase of Furniture and Fixture for Office||Data|Object-Head|12.99||||100.0
112|05|14|2029|Land Revenue|00||001||0||04|Commissionerate of Revenue|071|Building Expenses|2029-00-001-0-04|Building Expenses||Data|Object-Head|2.64|5.00|5.00|5.00|100.0
112|05|14|2029|Land Revenue|00||001||0||04|Commissionerate of Revenue|140|Minor Works|2029-00-001-0-04|Minor Works||Data|Object-Head|4.98|20.00|20.00|15.00|100.0
112|05|14|2029|Land Revenue|00||001||0||04|Commissionerate of Revenue|180|Machinery and Equipments|2029-00-001-0-04|Machinery and Equipments||Data|Object-Head|34.96||||100.0
112|05|14|2029|Land Revenue|00||001||0||04|Commissionerate of Revenue|195|Transport Expenses|2029-00-001-0-04|Transport Expenses||Data|Object-Head|22.32|35.60|35.60|31.57|100.0
112|05|14|2029|Land Revenue|00||001||0||04|Commissionerate of Revenue||||2029-00-001-0-04|HOA Total :|Total|Detailed-Head|383.36|583.70|583.70|550.69|100.0
112|05|14|2029|Land Revenue|00||101|Village Establishments|1|Village Establishments|01|Village Establishments||||2029-00-101-1-01|Village Establishments|Header|Detailed-Head|||||100.0
112|05|14|2029|Land Revenue|00||101|Village Establishments|1|Village Establishments|01|Village Establishments|002|Basic Pay|2029-00-101-1-01|Basic Pay||Data|Object-Head||44152.00|44152.00|49604.00|100.0
112|05|14|2029|Land Revenue|00||101|Village Establishments|1|Village Establishments|01|Village Establishments|003|Basic Pay-Staff|2029-00-101-1-01|Basic Pay-Staff||Data|Object-Head|33911.70||||100.0
112|05|14|2029|Land Revenue|00||101|Village Establishments|1|Village Establishments|01|Village Establishments|004|Interim Relief|2029-00-101-1-01|Interim Relief||Data|Object-Head|1857.33||||100.0
112|05|14|2029|Land Revenue|00||101|Village Establishments|1|Village Establishments|01|Village Establishments|011|Dearness Allowance|2029-00-101-1-01|Dearness Allowance||Data|Object-Head|7286.41|9714.00|9714.00|12401.00|100.0
112|05|14|2029|Land Revenue|00||101|Village Establishments|1|Village Establishments|01|Village Establishments|014|Other Allowance|2029-00-101-1-01|Other Allowance||Data|Object-Head|3619.75|5229.00|5229.00|5188.00|100.0
112|05|14|2029|Land Revenue|00||101|Village Establishments|1|Village Establishments|01|Village Establishments|020|Medical Allowance|2029-00-101-1-01|Medical Allowance||Data|Object-Head|328.82||||100.0
112|05|14|2029|Land Revenue|00||101|Village Establishments|1|Village Establishments|01|Village Establishments|021|Reimbursement of Medical Expenses|2029-00-101-1-01|Reimbursement of Medical Expenses||Data|Object-Head|115.37|588.00|588.00|648.00|100.0
112|05|14|2029|Land Revenue|00||101|Village Establishments|1|Village Establishments|01|Village Establishments|034|Contract/Outsource|2029-00-101-1-01|Contract/Outsource||Data|Object-Head|17307.87|17987.06|17987.06|15884.66|100.0
112|05|14|2029|Land Revenue|00||101|Village Establishments|1|Village Establishments|01|Village Establishments|041|Travel Expenses|2029-00-101-1-01|Travel Expenses||Data|Object-Head|0.57|5.00|5.00|3.00|100.0
112|05|14|2029|Land Revenue|00||101|Village Establishments|1|Village Establishments|01|Village Establishments|050|Office Expenses|2029-00-101-1-01|Office Expenses||Data|Object-Head|134.37|157.00|157.00|200.00|100.0
112|05|14|2029|Land Revenue|00||101|Village Establishments|1|Village Establishments|01|Village Establishments|051|General Expenses|2029-00-101-1-01|General Expenses||Data|Object-Head|118.63|75.00|75.00|78.00|100.0
112|05|14|2029|Land Revenue|00||101|Village Establishments|1|Village Establishments|01|Village Establishments|052|Telephone Charges|2029-00-101-1-01|Telephone Charges||Data|Object-Head|0.22||||100.0
112|05|14|2029|Land Revenue|00||101|Village Establishments|1|Village Establishments|01|Village Establishments|071|Building Expenses|2029-00-101-1-01|Building Expenses||Data|Object-Head|13.23|26.00|26.00|27.00|100.0
112|05|14|2029|Land Revenue|00||101|Village Establishments|1|Village Establishments|01|Village Establishments|180|Machinery and Equipments|2029-00-101-1-01|Machinery and Equipments||Data|Object-Head|0.14||||100.0
112|05|14|2029|Land Revenue|00||101|Village Establishments|1|Village Establishments|01|Village Establishments||||2029-00-101-1-01|HOA Total :|Total|Detailed-Head|64694.41|77933.06|77933.06|84033.66|100.0
113|05|14|2029|Land Revenue|00||101|Village Establishments|1|Village Establishments|05|Visweswaraiah Canal Bhadra Project, B'lore, Mysore & Belgaum Divisions, Rev. Establishments for Collection of Betterment Contribution & Water Rates|||2029-00-101-1-05|Visweswaraiah Canal Bhadra Project, B'lore, Mysore & Belgaum Divisions, Rev. Establishments for Collection of Betterment Contribution & Water Rates||Header|Detailed-Head|||||100.0
113|05|14|2029|Land Revenue|00||101|Village Establishments|1|Village Establishments|05|Visweswaraiah Canal Bhadra Project, B'lore, Mysore & Belgaum Divisions, Rev. Establishments for Collection of Betterment Contribution & Water Rates|002|Basic Pay|2029-00-101-1-05|Basic Pay||Data|Object-Head||418.00|418.00|392.00|100.0
113|05|14|2029|Land Revenue|00||101|Village Establishments|1|Village Establishments|05|Visweswaraiah Canal Bhadra Project, B'lore, Mysore & Belgaum Divisions, Rev. Establishments for Collection of Betterment Contribution & Water Rates|003|Basic Pay-Staff|2029-00-101-1-05|Basic Pay-Staff||Data|Object-Head|336.44||||100.0
113|05|14|2029|Land Revenue|00||101|Village Establishments|1|Village Establishments|05|Visweswaraiah Canal Bhadra Project, B'lore, Mysore & Belgaum Divisions, Rev. Establishments for Collection of Betterment Contribution & Water Rates|004|Interim Relief|2029-00-101-1-05|Interim Relief||Data|Object-Head|18.01||||100.0
113|05|14|2029|Land Revenue|00||101|Village Establishments|1|Village Establishments|05|Visweswaraiah Canal Bhadra Project, B'lore, Mysore & Belgaum Divisions, Rev. Establishments for Collection of Betterment Contribution & Water Rates|011|Dearness Allowance|2029-00-101-1-05|Dearness Allowance||Data|Object-Head|71.71|92.00|92.00|98.00|100.0
113|05|14|2029|Land Revenue|00||101|Village Establishments|1|Village Establishments|05|Visweswaraiah Canal Bhadra Project, B'lore, Mysore & Belgaum Divisions, Rev. Establishments for Collection of Betterment Contribution & Water Rates|014|Other Allowance|2029-00-101-1-05|Other Allowance||Data|Object-Head|30.52|44.00|44.00|38.00|100.0
113|05|14|2029|Land Revenue|00||101|Village Establishments|1|Village Establishments|05|Visweswaraiah Canal Bhadra Project, B'lore, Mysore & Belgaum Divisions, Rev. Establishments for Collection of Betterment Contribution & Water Rates|020|Medical Allowance|2029-00-101-1-05|Medical Allowance||Data|Object-Head|2.65||||100.0
113|05|14|2029|Land Revenue|00||101|Village Establishments|1|Village Establishments|05|Visweswaraiah Canal Bhadra Project, B'lore, Mysore & Belgaum Divisions, Rev. Establishments for Collection of Betterment Contribution & Water Rates|021|Reimbursement of Medical Expenses|2029-00-101-1-05|Reimbursement of Medical Expenses||Data|Object-Head|0.51|15.00|15.00|15.00|100.0
113|05|14|2029|Land Revenue|00||101|Village Establishments|1|Village Establishments|05|Visweswaraiah Canal Bhadra Project, B'lore, Mysore & Belgaum Divisions, Rev. Establishments for Collection of Betterment Contribution & Water Rates|041|Travel Expenses|2029-00-101-1-05|Travel Expenses||Data|Object-Head||2.00|2.00|1.00|100.0
113|05|14|2029|Land Revenue|00||101|Village Establishments|1|Village Establishments|05|Visweswaraiah Canal Bhadra Project, B'lore, Mysore & Belgaum Divisions, Rev. Establishments for Collection of Betterment Contribution & Water Rates|||2029-00-101-1-05|HOA Total :||Total|Detailed-Head|459.84|571.00|571.00|544.00|100.0
113|05|14|2029|Land Revenue|00||102||0||01|Task Force for Identification of Government Lands|||2029-00-102-0-01|Task Force for Identification of Government Lands||Header|Detailed-Head|||||100.0
113|05|14|2029|Land Revenue|00||102||0||01|Task Force for Identification of Government Lands|041|Travel Expenses|2029-00-102-0-01|Travel Expenses||Data|Object-Head|0.43||||100.0
113|05|14|2029|Land Revenue|00||102||0||01|Task Force for Identification of Government Lands|050|Office Expenses|2029-00-102-0-01|Office Expenses||Data|Object-Head|1.00||||100.0
113|05|14|2029|Land Revenue|00||102||0||01|Task Force for Identification of Government Lands|051|General Expenses|2029-00-102-0-01|General Expenses||Data|Object-Head|1.99||||100.0
113|05|14|2029|Land Revenue|00||102||0||01|Task Force for Identification of Government Lands|053|Purchase of Furniture and Fixture for Office|2029-00-102-0-01|Purchase of Furniture and Fixture for Office||Data|Object-Head|1.45||||100.0
113|05|14|2029|Land Revenue|00||102||0||01|Task Force for Identification of Government Lands|071|Building Expenses|2029-00-102-0-01|Building Expenses||Data|Object-Head|0.80||||100.0
113|05|14|2029|Land Revenue|00||102||0||01|Task Force for Identification of Government Lands|195|Transport Expenses|2029-00-102-0-01|Transport Expenses||Data|Object-Head|0.97||||100.0
113|05|14|2029|Land Revenue|00||102||0||01|Task Force for Identification of Government Lands|||2029-00-102-0-01|HOA Total :||Total|Detailed-Head|6.64|0.00|0.00|0.00|100.0
113|05|14|2029|Land Revenue|00||102||1||05|Special Cell for creating Revenue Villages of Lambani Tanda's|||2029-00-102-1-05|Special Cell for creating Revenue Villages of Lambani Tanda's||Header|Detailed-Head|||||100.0
113|05|14|2029|Land Revenue|00||102||1||05|Special Cell for creating Revenue Villages of Lambani Tanda's|002|Basic Pay|2029-00-102-1-05|Basic Pay||Data|Object-Head|4.72|20.00|20.00|21.00|100.0
113|05|14|2029|Land Revenue|00||102||1||05|Special Cell for creating Revenue Villages of Lambani Tanda's|003|Basic Pay-Staff|2029-00-102-1-05|Basic Pay-Staff||Data|Object-Head|6.96||||100.0
114|05|14|2029|Land Revenue|00||102||1||05|Special Cell for creating Revenue Villages of Lambani Tanda's|004|Interim Relief|2029-00-102-1-05|Interim Relief|V|Data|Object-Head|0.53||||100.0
114|05|14|2029|Land Revenue|00||102||1||05|Special Cell for creating Revenue Villages of Lambani Tanda's|011|Dearness Allowance|2029-00-102-1-05|Dearness Allowance|V|Data|Object-Head|2.32|5.00|5.00|5.00|100.0
114|05|14|2029|Land Revenue|00||102||1||05|Special Cell for creating Revenue Villages of Lambani Tanda's|014|Other Allowance|2029-00-102-1-05|Other Allowance|V|Data|Object-Head|2.76|5.00|5.00|5.00|100.0
114|05|14|2029|Land Revenue|00||102||1||05|Special Cell for creating Revenue Villages of Lambani Tanda's|020|Medical Allowance|2029-00-102-1-05|Medical Allowance|V|Data|Object-Head|0.05||||100.0
114|05|14|2029|Land Revenue|00||102||1||05|Special Cell for creating Revenue Villages of Lambani Tanda's|021|Reimbursement of Medical Expenses|2029-00-102-1-05|Reimbursement of Medical Expenses|V|Data|Object-Head||3.00|3.00|3.00|100.0
114|05|14|2029|Land Revenue|00||102||1||05|Special Cell for creating Revenue Villages of Lambani Tanda's|034|Contract/Outsource|2029-00-102-1-05|Contract/Outsource|V|Data|Object-Head|11.34|12.17|12.17|12.58|100.0
114|05|14|2029|Land Revenue|00||102||1||05|Special Cell for creating Revenue Villages of Lambani Tanda's|041|Travel Expenses|2029-00-102-1-05|Travel Expenses|V|Data|Object-Head|0.37|1.00|1.00|1.00|100.0
114|05|14|2029|Land Revenue|00||102||1||05|Special Cell for creating Revenue Villages of Lambani Tanda's|050|Office Expenses|2029-00-102-1-05|Office Expenses|V|Data|Object-Head||1.00|1.00|2.00|100.0
114|05|14|2029|Land Revenue|00||102||1||05|Special Cell for creating Revenue Villages of Lambani Tanda's|051|General Expenses|2029-00-102-1-05|General Expenses|V|Data|Object-Head|1.97|1.00|1.00|50.00|100.0
114|05|14|2029|Land Revenue|00||102||1||05|Special Cell for creating Revenue Villages of Lambani Tanda's|195|Transport Expenses|2029-00-102-1-05|Transport Expenses|V|Data|Object-Head|1.95|2.10|2.10|2.20|100.0
114|05|14|2029|Land Revenue|00||102||1||05|Special Cell for creating Revenue Villages of Lambani Tanda's|||2029-00-102-1-05|HOA Total :|V|Total|Detailed-Head|32.97|50.27|50.27|101.78|100.0
114|05|14|2029|Land Revenue|00||102||1||06|Formation of New Revenue Villages|||2029-00-102-1-06|Formation of New Revenue Villages|V|Header|Detailed-Head|||||100.0
114|05|14|2029|Land Revenue|00||102||1||06|Formation of New Revenue Villages|051|General Expenses|2029-00-102-1-06|General Expenses|V|Data|Object-Head|0.76||||100.0
114|05|14|2029|Land Revenue|00||102||1||06|Formation of New Revenue Villages|||2029-00-102-1-06|HOA Total :|V|Total|Detailed-Head|0.76|0.00|0.00|0.00|100.0
114|05|14|2029|Land Revenue|00||102||1||07|Expenses incurred under Mojini|||2029-00-102-1-07|Expenses incurred under Mojini|V|Header|Detailed-Head|||||100.0
114|05|14|2029|Land Revenue|00||102||1||07|Expenses incurred under Mojini|034|Contract/Outsource|2029-00-102-1-07|Contract/Outsource|V|Data|Object-Head|32.80|51.46|51.46|53.09|100.0
114|05|14|2029|Land Revenue|00||102||1||07|Expenses incurred under Mojini|050|Office Expenses|2029-00-102-1-07|Office Expenses|V|Data|Object-Head|49.46|50.00|50.00|50.00|100.0
114|05|14|2029|Land Revenue|00||102||1||07|Expenses incurred under Mojini|051|General Expenses|2029-00-102-1-07|General Expenses|V|Data|Object-Head|9997.54|10400.00|10400.00|12500.00|100.0
114|05|14|2029|Land Revenue|00||102||1||07|Expenses incurred under Mojini|071|Building Expenses|2029-00-102-1-07|Building Expenses|V|Data|Object-Head|99.92|50.00|50.00|50.00|100.0
114|05|14|2029|Land Revenue|00||102||1||07|Expenses incurred under Mojini|200|Maintenance Expenditure|2029-00-102-1-07|Maintenance Expenditure|V|Data|Object-Head||50.00|50.00|50.00|100.0
114|05|14|2029|Land Revenue|00||102||1||07|Expenses incurred under Mojini|||2029-00-102-1-07|HOA Total :|V|Total|Detailed-Head|10179.72|10601.46|10601.46|12703.09|100.0
114|05|14|2029|Land Revenue|00||103||1||01|Survey Settlement and Land Records-Field Offices|||2029-00-103-1-01|Survey Settlement and Land Records-Field Offices|V|Header|Detailed-Head|||||100.0
114|05|14|2029|Land Revenue|00||103||1||01|Survey Settlement and Land Records-Field Offices|002|Basic Pay|2029-00-103-1-01|Basic Pay|V|Data|Object-Head|1791.81|29662.00|29662.00|29902.00|100.0
114|05|14|2029|Land Revenue|00||103||1||01|Survey Settlement and Land Records-Field Offices|003|Basic Pay-Staff|2029-00-103-1-01|Basic Pay-Staff|V|Data|Object-Head|22494.03||||100.0
115|05|14|2029|Land Revenue|00||103|Survey Settlement and Land Records|1||01|Survey Settlement and Land Records-Field Offices|004|Interim Relief|2029-00-103-1-01|Interim Relief|V|Data|Object-Head|1326.60||||100.0
115|05|14|2029|Land Revenue|00||103|Survey Settlement and Land Records|1||01|Survey Settlement and Land Records-Field Offices|011|Dearness Allowance|2029-00-103-1-01|Dearness Allowance|V|Data|Object-Head|5221.79|6526.00|6526.00|7476.00|100.0
115|05|14|2029|Land Revenue|00||103|Survey Settlement and Land Records|1||01|Survey Settlement and Land Records-Field Offices|014|Other Allowance|2029-00-103-1-01|Other Allowance|V|Data|Object-Head|2637.74|3450.00|3450.00|3293.00|100.0
115|05|14|2029|Land Revenue|00||103|Survey Settlement and Land Records|1||01|Survey Settlement and Land Records-Field Offices|020|Medical Allowance|2029-00-103-1-01|Medical Allowance|V|Data|Object-Head|184.16||||100.0
115|05|14|2029|Land Revenue|00||103|Survey Settlement and Land Records|1||01|Survey Settlement and Land Records-Field Offices|021|Reimbursement of Medical Expenses|2029-00-103-1-01|Reimbursement of Medical Expenses|V|Data|Object-Head|152.60|327.00|327.00|317.00|100.0
115|05|14|2029|Land Revenue|00||103|Survey Settlement and Land Records|1||01|Survey Settlement and Land Records-Field Offices|041|Travel Expenses|2029-00-103-1-01|Travel Expenses|V|Data|Object-Head|7.33|10.00|10.00|10.00|100.0
115|05|14|2029|Land Revenue|00||103|Survey Settlement and Land Records|1||01|Survey Settlement and Land Records-Field Offices|050|Office Expenses|2029-00-103-1-01|Office Expenses|V|Data|Object-Head|19.94|30.00|30.00|30.00|100.0
115|05|14|2029|Land Revenue|00||103|Survey Settlement and Land Records|1||01|Survey Settlement and Land Records-Field Offices|051|General Expenses|2029-00-103-1-01|General Expenses|V|Data|Object-Head|77.08|20.00|20.00|20.00|100.0
115|05|14|2029|Land Revenue|00||103|Survey Settlement and Land Records|1||01|Survey Settlement and Land Records-Field Offices|052|Telephone Charges|2029-00-103-1-01|Telephone Charges|V|Data|Object-Head|1.72||||100.0
115|05|14|2029|Land Revenue|00||103|Survey Settlement and Land Records|1||01|Survey Settlement and Land Records-Field Offices|053|Purchase of Furniture and Fixture for Office|2029-00-103-1-01|Purchase of Furniture and Fixture for Office|V|Data|Object-Head|4.91|||5.00|100.0
115|05|14|2029|Land Revenue|00||103|Survey Settlement and Land Records|1||01|Survey Settlement and Land Records-Field Offices|071|Building Expenses|2029-00-103-1-01|Building Expenses|V|Data|Object-Head|79.62|100.00|100.00|100.00|100.0
115|05|14|2029|Land Revenue|00||103|Survey Settlement and Land Records|1||01|Survey Settlement and Land Records-Field Offices|195|Transport Expenses|2029-00-103-1-01|Transport Expenses|V|Data|Object-Head|558.48|684.48|684.48|880.99|100.0
115|05|14|2029|Land Revenue|00||103|Survey Settlement and Land Records|1||01|Survey Settlement and Land Records-Field Offices|200|Maintenance Expenditure|2029-00-103-1-01|Maintenance Expenditure|V|Data|Object-Head|25.00|30.00|30.00|30.00|100.0
115|05|14|2029|Land Revenue|00||103|Survey Settlement and Land Records|1||01|Survey Settlement and Land Records-Field Offices||||HOA Total :|V|Total|Detailed-Head|34582.81|40839.48|40839.48|42063.99|100.0
115|05|14|2029|Land Revenue|00||103|Survey Settlement and Land Records|1||03|Expenses incurred under Atal Janasnehi Centres|||2029-00-103-1-03|Expenses incurred under Atal Janasnehi Centres|V|Header|Detailed-Head|||||100.0
115|05|14|2029|Land Revenue|00||103|Survey Settlement and Land Records|1||03|Expenses incurred under Atal Janasnehi Centres|034|Contract/Outsource|2029-00-103-1-03|Contract/Outsource|V|Data|Object-Head|5267.58|4818.27|4861.66|5032.75|100.0
115|05|14|2029|Land Revenue|00||103|Survey Settlement and Land Records|1||03|Expenses incurred under Atal Janasnehi Centres|050|Office Expenses|2029-00-103-1-03|Office Expenses|V|Data|Object-Head|332.81|400.00|400.00|300.00|100.0
115|05|14|2029|Land Revenue|00||103|Survey Settlement and Land Records|1||03|Expenses incurred under Atal Janasnehi Centres|051|General Expenses|2029-00-103-1-03|General Expenses|V|Data|Object-Head|41.88|30.00|30.00|220.00|100.0
115|05|14|2029|Land Revenue|00||103|Survey Settlement and Land Records|1||03|Expenses incurred under Atal Janasnehi Centres|052|Telephone Charges|2029-00-103-1-03|Telephone Charges|V|Data|Object-Head|31.80||||100.0
115|05|14|2029|Land Revenue|00||103|Survey Settlement and Land Records|1||03|Expenses incurred under Atal Janasnehi Centres|071|Building Expenses|2029-00-103-1-03|Building Expenses|V|Data|Object-Head|95.45|150.00|150.00|145.00|100.0
115|05|14|2029|Land Revenue|00||103|Survey Settlement and Land Records|1||03|Expenses incurred under Atal Janasnehi Centres|180|Machinery and Equipments|2029-00-103-1-03|Machinery and Equipments|V|Data|Object-Head|120.50||||100.0
115|05|14|2029|Land Revenue|00||103|Survey Settlement and Land Records|1||03|Expenses incurred under Atal Janasnehi Centres|200|Maintenance Expenditure|2029-00-103-1-03|Maintenance Expenditure|V|Data|Object-Head||50.00|50.00|50.00|100.0
115|05|14|2029|Land Revenue|00||103|Survey Settlement and Land Records|1||03|Expenses incurred under Atal Janasnehi Centres||||HOA Total :|V|Total|Detailed-Head|5890.02|5448.27|5491.66|5747.75|100.0
116|05|14|2029|Land Revenue|00||797|Transfer to Reserve Funds and Deposit Accounts|||||||2029-00-797|Transfer to Reserve Funds and Deposit Accounts|V|Header|Minor-Head|||||
116|05|14|2029|Land Revenue|00||797|Transfer to Reserve Funds and Deposit Accounts|0||01|Transfer to Mojini User Fund|||2029-00-797-0-01|Transfer to Mojini User Fund|V|Header|Detailed-Head|||||100.0
116|05|14|2029|Land Revenue|00||797|Transfer to Reserve Funds and Deposit Accounts|0||01|Transfer to Mojini User Fund|261|Inter Account Transfers|2029-00-797-0-01|Inter Account Transfers|V|Data|Object-Head|15963.82|20000.00||20000.00|100.0
116|05|14|2029|Land Revenue|00||797|Transfer to Reserve Funds and Deposit Accounts|0||01|Transfer to Mojini User Fund||||HOA Total :|V|Total|Detailed-Head|15963.82|20000.00|0.00|20000.00|100.0
116|05|14|2029|Land Revenue|00||797|Transfer to Reserve Funds and Deposit Accounts|0||02|Transfer to Atal Janasnehi User Fund|||2029-00-797-0-02|Transfer to Atal Janasnehi User Fund|V|Header|Detailed-Head|||||100.0
116|05|14|2029|Land Revenue|00||797|Transfer to Reserve Funds and Deposit Accounts|0||02|Transfer to Atal Janasnehi User Fund|261|Inter Account Transfers|2029-00-797-0-02|Inter Account Transfers|V|Data|Object-Head|6754.05|11100.00|11100.00|8000.00|100.0
116|05|14|2029|Land Revenue|00||797|Transfer to Reserve Funds and Deposit Accounts|0||02|Transfer to Atal Janasnehi User Fund||||HOA Total :|V|Total|Detailed-Head|6754.05|11100.00|11100.00|8000.00|100.0
116|05|14|2029|Land Revenue|00||902|Deduct - Amount met from Reserve Funds and Deposit Accounts|||||||2029-00-902|Deduct - Amount met from Reserve Funds and Deposit Accounts|V|Header|Minor-Head|||||
116|05|14|2029|Land Revenue|00||902|Deduct - Amount met from Reserve Funds and Deposit Accounts|0||01|Deduct Amount Met from Mojini User Fund|||2029-00-902-0-01|Deduct Amount Met from Mojini User Fund|V|Header|Detailed-Head|||||100.0
116|05|14|2029|Land Revenue|00||902|Deduct - Amount met from Reserve Funds and Deposit Accounts|0||01|Deduct Amount Met from Mojini User Fund|261|Inter Account Transfers|2029-00-902-0-01|Inter Account Transfers|V|Data|Object-Head|-10179.71|-13601.46|-13601.46|-22460.00|100.0
116|05|14|2029|Land Revenue|00||902|Deduct - Amount met from Reserve Funds and Deposit Accounts|0||01|Deduct Amount Met from Mojini User Fund||||HOA Total :|V|Total|Detailed-Head|-10179.71|-13601.46|-13601.46|-22460.00|100.0
116|05|14|2029|Land Revenue|00||902|Deduct - Amount met from Reserve Funds and Deposit Accounts|0||02|Deduct Amount Met from Atal Janasnehi User Fund|||2029-00-902-0-02|Deduct Amount Met from Atal Janasnehi User Fund|V|Header|Detailed-Head|||||100.0
116|05|14|2029|Land Revenue|00||902|Deduct - Amount met from Reserve Funds and Deposit Accounts|0||02|Deduct Amount Met from Atal Janasnehi User Fund|261|Inter Account Transfers|2029-00-902-0-02|Inter Account Transfers|V|Data|Object-Head|-5305.28|-5448.27|-5448.27|-5747.75|100.0
116|05|14|2029|Land Revenue|00||902|Deduct - Amount met from Reserve Funds and Deposit Accounts|0||02|Deduct Amount Met from Atal Janasnehi User Fund||||HOA Total :|V|Total|Detailed-Head|-5305.28|-5448.27|-5448.27|-5747.75|100.0
116|05|14|2029|Land Revenue|00||911|Deduct - Recoveries of Overpayments|||||||2029-00-911|Deduct - Recoveries of Overpayments|V|Header|Minor-Head|||||
116|05|14|2029|Land Revenue|00||911|Deduct - Recoveries of Overpayments|0||00|Deduct Recoveries of Over Payments|||2029-00-911-0-00|Deduct Recoveries of Over Payments|V|Header|Detailed-Head|||||100.0
116|05|14|2029|Land Revenue|00||911|Deduct - Recoveries of Overpayments|0||00|Deduct Recoveries of Over Payments|261|Inter Account Transfers|2029-00-911-0-00|Inter Account Transfers|V|Data|Object-Head|-0.14||||100.0
116|05|14|2029|Land Revenue|00||911|Deduct - Recoveries of Overpayments|0||00|Deduct Recoveries of Over Payments|364|Deduct - Recoveries|2029-00-911-0-00|Deduct - Recoveries|V|Data|Object-Head|-5.81||||100.0
116|05|14|2029|Land Revenue|00||911|Deduct - Recoveries of Overpayments|0||00|Deduct Recoveries of Over Payments||||HOA Total :|V|Total|Detailed-Head|-5.95|0.00|0.00|0.00|100.0
116|05|14|2029|Land Revenue|00||911|Deduct - Recoveries of Overpayments|0||01|Deduct Recovery of Over Payments of Current Year|||2029-00-911-0-01|Deduct Recovery of Over Payments of Current Year|V|Header|Detailed-Head|||||100.0
116|05|14|2029|Land Revenue|00||911|Deduct - Recoveries of Overpayments|0||01|Deduct Recovery of Over Payments of Current Year|364|Deduct - Recoveries|2029-00-911-0-01|Deduct - Recoveries|V|Data|Object-Head|-8.87||||100.0
116|05|14|2029|Land Revenue|00||911|Deduct - Recoveries of Overpayments|0||01|Deduct Recovery of Over Payments of Current Year||||HOA Total :|V|Total|Detailed-Head|-8.87|0.00|0.00|0.00|100.0
117|05|14|2029|Land Revenue|00||911|Deduct - Recoveries of Overpayments|0||02|Deduct Recovery of Overpayments|||2029-00-911-0-02|Deduct Recovery of Overpayments|V|Header|Detailed-Head|||||100.0
117|05|14|2029|Land Revenue|00||911|Deduct - Recoveries of Overpayments|0||02|Deduct Recovery of Overpayments|364|Deduct - Recoveries|2029-00-911-0-02|Deduct - Recoveries|V|Data|Object-Head|-4.69||||100.0
117|05|14|2029|Land Revenue|00||911|Deduct - Recoveries of Overpayments|0||02|Deduct Recovery of Overpayments||||HOA Total :|V|Total|Detailed-Head|-4.69|0.00|0.00|0.00|100.0
117|05|14|2029|Land Revenue|00|||||||||||2029 - Total :|V|Total|Major-Head|129591.15|154028.95|134072.34|151635.77|
118|05|14|2030|Stamps and Registration|03|Registration|001|Direction and Administration|1|Inspector General of Stamps & Registration|00|Inspector General of Stamps & Registration|||2030-03-001-1-00|Inspector General of Stamps & Registration|V|Header|Detailed-Head|||||100.0
118|05|14|2030|Stamps and Registration|03|Registration|001|Direction and Administration|1|Inspector General of Stamps & Registration|00|Inspector General of Stamps & Registration|002|Basic Pay|2030-03-001-1-00|Basic Pay|V|Data|Object-Head|1400.12|6620.00|6620.00|6814.00|100.0
118|05|14|2030|Stamps and Registration|03|Registration|001|Direction and Administration|1|Inspector General of Stamps & Registration|00|Inspector General of Stamps & Registration|003|Basic Pay-Staff|2030-03-001-1-00|Basic Pay-Staff|V|Data|Object-Head|3984.13||||100.0
118|05|14|2030|Stamps and Registration|03|Registration|001|Direction and Administration|1|Inspector General of Stamps & Registration|00|Inspector General of Stamps & Registration|004|Interim Relief|2030-03-001-1-00|Interim Relief|V|Data|Object-Head|335.20||||100.0
118|05|14|2030|Stamps and Registration|03|Registration|001|Direction and Administration|1|Inspector General of Stamps & Registration|00|Inspector General of Stamps & Registration|011|Dearness Allowance|2030-03-001-1-00|Dearness Allowance|V|Data|Object-Head|1227.38|1467.00|1467.00|1717.00|100.0
118|05|14|2030|Stamps and Registration|03|Registration|001|Direction and Administration|1|Inspector General of Stamps & Registration|00|Inspector General of Stamps & Registration|014|Other Allowance|2030-03-001-1-00|Other Allowance|V|Data|Object-Head|723.33|909.00|909.00|893.00|100.0
118|05|14|2030|Stamps and Registration|03|Registration|001|Direction and Administration|1|Inspector General of Stamps & Registration|00|Inspector General of Stamps & Registration|020|Medical Allowance|2030-03-001-1-00|Medical Allowance|V|Data|Object-Head|30.43||||100.0
118|05|14|2030|Stamps and Registration|03|Registration|001|Direction and Administration|1|Inspector General of Stamps & Registration|00|Inspector General of Stamps & Registration|021|Reimbursement of Medical Expenses|2030-03-001-1-00|Reimbursement of Medical Expenses|V|Data|Object-Head|29.69|64.00|64.00|62.00|100.0
118|05|14|2030|Stamps and Registration|03|Registration|001|Direction and Administration|1|Inspector General of Stamps & Registration|00|Inspector General of Stamps & Registration|034|Contract/Outsource|2030-03-001-1-00|Contract/Outsource|V|Data|Object-Head|119.37|131.03|131.03|135.82|100.0
118|05|14|2030|Stamps and Registration|03|Registration|001|Direction and Administration|1|Inspector General of Stamps & Registration|00|Inspector General of Stamps & Registration|041|Travel Expenses|2030-03-001-1-00|Travel Expenses|V|Data|Object-Head|8.40|3.00|3.00|9.00|100.0
118|05|14|2030|Stamps and Registration|03|Registration|001|Direction and Administration|1|Inspector General of Stamps & Registration|00|Inspector General of Stamps & Registration|050|Office Expenses|2030-03-001-1-00|Office Expenses|V|Data|Object-Head|180.05|260.00|260.00|200.00|100.0
118|05|14|2030|Stamps and Registration|03|Registration|001|Direction and Administration|1|Inspector General of Stamps & Registration|00|Inspector General of Stamps & Registration|051|General Expenses|2030-03-001-1-00|General Expenses|V|Data|Object-Head|127.01|100.00|130.00|130.00|100.0
118|05|14|2030|Stamps and Registration|03|Registration|001|Direction and Administration|1|Inspector General of Stamps & Registration|00|Inspector General of Stamps & Registration|052|Telephone Charges|2030-03-001-1-00|Telephone Charges|V|Data|Object-Head|0.53||||100.0
118|05|14|2030|Stamps and Registration|03|Registration|001|Direction and Administration|1|Inspector General of Stamps & Registration|00|Inspector General of Stamps & Registration|053|Purchase of Furniture and Fixture for Office|2030-03-001-1-00|Purchase of Furniture and Fixture for Office|V|Data|Object-Head|4.49||||100.0
118|05|14|2030|Stamps and Registration|03|Registration|001|Direction and Administration|1|Inspector General of Stamps & Registration|00|Inspector General of Stamps & Registration|071|Building Expenses|2030-03-001-1-00|Building Expenses|V|Data|Object-Head|1368.44|1735.00|1735.00|1735.00|100.0
118|05|14|2030|Stamps and Registration|03|Registration|001|Direction and Administration|1|Inspector General of Stamps & Registration|00|Inspector General of Stamps & Registration|180|Machinery and Equipments|2030-03-001-1-00|Machinery and Equipments|V|Data|Object-Head|13.75||||100.0
118|05|14|2030|Stamps and Registration|03|Registration|001|Direction and Administration|1|Inspector General of Stamps & Registration|00|Inspector General of Stamps & Registration|195|Transport Expenses|2030-03-001-1-00|Transport Expenses|V|Data|Object-Head|76.75|104.57|104.57|80.79|100.0
118|05|14|2030|Stamps and Registration|03|Registration|001|Direction and Administration|1|Inspector General of Stamps & Registration|00|Inspector General of Stamps & Registration|200|Maintenance Expenditure|2030-03-001-1-00|Maintenance Expenditure|V|Data|Object-Head|8.78|10.00|10.00|25.00|100.0
118|05|14|2030|Stamps and Registration|03|Registration|001|Direction and Administration|1|Inspector General of Stamps & Registration|00|Inspector General of Stamps & Registration||||HOA Total :|V|Total|Detailed-Head|9637.85|11403.60|11433.60|11801.61|100.0
118|05|14|2030|Stamps and Registration|03|Registration|001|Direction and Administration|2|Charges of Supply of Registered Documents|04|Charges of Supply of Registered Documents|||2030-03-001-2-04|Charges of Supply of Registered Documents|V|Header|Detailed-Head|||||100.0
118|05|14|2030|Stamps and Registration|03|Registration|001|Direction and Administration|2|Charges of Supply of Registered Documents|04|Charges of Supply of Registered Documents|051|General Expenses|2030-03-001-2-04|General Expenses|V|Data|Object-Head|9897.13|8000.00|13000.00|12300.00|100.0
118|05|14|2030|Stamps and Registration|03|Registration|001|Direction and Administration|2|Charges of Supply of Registered Documents|04|Charges of Supply of Registered Documents|059|Other Expenses|2030-03-001-2-04|Other Expenses|V|Data|Object-Head||500.00|470.00|2500.00|100.0
118|05|14|2030|Stamps and Registration|03|Registration|001|Direction and Administration|2|Charges of Supply of Registered Documents|04|Charges of Supply of Registered Documents||||HOA Total :|V|Total|Detailed-Head|9897.13|8500.00|13470.00|14800.00|100.0
119|05|14|2030|Stamps and Registration|03|Registration|911|Deduct- Recovery of Overpayment|||||||2030-03-911-0-00|Deduct- Recovery of Overpayment|V|Header|Minor-Head|||||
119|05|14|2030|Stamps and Registration|03|Registration|911|Deduct- Recovery of Overpayment|0||00|Deduct- Recovery of Overpayment|||2030-03-911-0-00|Deduct- Recovery of Overpayment|V|Header|Detailed-Head|||||100.0
119|05|14|2030|Stamps and Registration|03|Registration|911|Deduct- Recovery of Overpayment|0||00|Deduct- Recovery of Overpayment|364|Deduct - Recoveries|2030-03-911-0-00|Deduct - Recoveries|V|Data|Object-Head|-0.19||||100.0
119|05|14|2030|Stamps and Registration|03|Registration|911|Deduct- Recovery of Overpayment|0||00|Deduct- Recovery of Overpayment||||HOA Total :|V|Total|Detailed-Head|-0.19|0.00|0.00|0.00|100.0
119|05|14|2030|Stamps and Registration|03|Registration|911|Deduct- Recovery of Overpayment|0||01|Deduct Recovery of Over Payments of Current Year|||2030-03-911-0-01|Deduct Recovery of Over Payments of Current Year|V|Header|Detailed-Head|||||100.0
119|05|14|2030|Stamps and Registration|03|Registration|911|Deduct- Recovery of Overpayment|0||01|Deduct Recovery of Over Payments of Current Year|364|Deduct - Recoveries|2030-03-911-0-01|Deduct - Recoveries|V|Data|Object-Head|-3.15||||100.0
119|05|14|2030|Stamps and Registration|03|Registration|911|Deduct- Recovery of Overpayment|0||01|Deduct Recovery of Over Payments of Current Year||||HOA Total :|V|Total|Detailed-Head|-3.15|0.00|0.00|0.00|100.0
119|05|14|2030|Stamps and Registration|03|Registration|||||||||2030|2030 - Total :|V|Total|Major-Head|19531.64|19903.60|24903.60|26601.61|
120|05|14|2052|Secretariat-General Services|00||||||||||2052|Secretariat-General Services|V|Header|Major-Head|||||
120|05|14|2052|Secretariat-General Services|00||099|Board of Revenue|0|Karnataka Appellate Tribunal|01|Karnataka Appellate Tribunal|||2052-00-099-0-01|Karnataka Appellate Tribunal|V|Header|Detailed-Head|||||100.0
120|05|14|2052|Secretariat-General Services|00||099|Board of Revenue|0|Karnataka Appellate Tribunal|01|Karnataka Appellate Tribunal|002|Basic Pay|2052-00-099-0-01|Basic Pay|V|Data|Object-Head|252.57|692.00|692.00|643.00|100.0
120|05|14|2052|Secretariat-General Services|00||099|Board of Revenue|0|Karnataka Appellate Tribunal|01|Karnataka Appellate Tribunal|003|Basic Pay-Staff|2052-00-099-0-01|Basic Pay-Staff|V|Data|Object-Head|322.64||||100.0
120|05|14|2052|Secretariat-General Services|00||099|Board of Revenue|0|Karnataka Appellate Tribunal|01|Karnataka Appellate Tribunal|004|Interim Relief|2052-00-099-0-01|Interim Relief|V|Data|Object-Head|31.99||||100.0
120|05|14|2052|Secretariat-General Services|00||099|Board of Revenue|0|Karnataka Appellate Tribunal|01|Karnataka Appellate Tribunal|011|Dearness Allowance|2052-00-099-0-01|Dearness Allowance|V|Data|Object-Head|192.54|224.00|224.00|216.00|100.0
120|05|14|2052|Secretariat-General Services|00||099|Board of Revenue|0|Karnataka Appellate Tribunal|01|Karnataka Appellate Tribunal|014|Other Allowance|2052-00-099-0-01|Other Allowance|V|Data|Object-Head|150.57|134.00|134.00|122.00|100.0
120|05|14|2052|Secretariat-General Services|00||099|Board of Revenue|0|Karnataka Appellate Tribunal|01|Karnataka Appellate Tribunal|020|Medical Allowance|2052-00-099-0-01|Medical Allowance|V|Data|Object-Head|25.59||||100.0
120|05|14|2052|Secretariat-General Services|00||099|Board of Revenue|0|Karnataka Appellate Tribunal|01|Karnataka Appellate Tribunal|021|Reimbursement of Medical Expenses|2052-00-099-0-01|Reimbursement of Medical Expenses|V|Data|Object-Head|6.38|15.00|15.00|15.00|100.0
120|05|14|2052|Secretariat-General Services|00||099|Board of Revenue|0|Karnataka Appellate Tribunal|01|Karnataka Appellate Tribunal|034|Contract/Outsource|2052-00-099-0-01|Contract/Outsource|V|Data|Object-Head|36.67|38.10|38.10|39.32|100.0
120|05|14|2052|Secretariat-General Services|00||099|Board of Revenue|0|Karnataka Appellate Tribunal|01|Karnataka Appellate Tribunal|041|Travel Expenses|2052-00-099-0-01|Travel Expenses|V|Data|Object-Head|33.68|19.60|19.60|19.60|100.0
120|05|14|2052|Secretariat-General Services|00||099|Board of Revenue|0|Karnataka Appellate Tribunal|01|Karnataka Appellate Tribunal|050|Office Expenses|2052-00-099-0-01|Office Expenses|V|Data|Object-Head||18.60|18.60|18.60|100.0
120|05|14|2052|Secretariat-General Services|00||099|Board of Revenue|0|Karnataka Appellate Tribunal|01|Karnataka Appellate Tribunal|051|General Expenses|2052-00-099-0-01|General Expenses|V|Data|Object-Head|131.44|20.00|20.00|28.00|100.0
120|05|14|2052|Secretariat-General Services|00||099|Board of Revenue|0|Karnataka Appellate Tribunal|01|Karnataka Appellate Tribunal|052|Telephone Charges|2052-00-099-0-01|Telephone Charges|V|Data|Object-Head|0.33||||100.0
120|05|14|2052|Secretariat-General Services|00||099|Board of Revenue|0|Karnataka Appellate Tribunal|01|Karnataka Appellate Tribunal|071|Building Expenses|2052-00-099-0-01|Building Expenses|V|Data|Object-Head|0.93|1.25|1.25|2.00|100.0
120|05|14|2052|Secretariat-General Services|00||099|Board of Revenue|0|Karnataka Appellate Tribunal|01|Karnataka Appellate Tribunal|180|Machinery and Equipments|2052-00-099-0-01|Machinery and Equipments|V|Data|Object-Head|1.41||||100.0
120|05|14|2052|Secretariat-General Services|00||099|Board of Revenue|0|Karnataka Appellate Tribunal|01|Karnataka Appellate Tribunal|195|Transport Expenses|2052-00-099-0-01|Transport Expenses|V|Data|Object-Head|66.49|43.55|43.55|19.32|100.0
120|05|14|2052|Secretariat-General Services|00||099|Board of Revenue|0|Karnataka Appellate Tribunal|01|Karnataka Appellate Tribunal|200|Maintenance Expenditure|2052-00-099-0-01|Maintenance Expenditure|V|Data|Object-Head||2.00|2.00|1.00|100.0
120|05|14|2052|Secretariat-General Services|00||099|Board of Revenue|0|Karnataka Appellate Tribunal|01|Karnataka Appellate Tribunal||||HOA Total :|V|Total|Detailed-Head|1253.23|1208.10|1208.10|1123.84|100.0
120|05|14|2052|Secretariat-General Services|00||||||||||2052|2052 - Total :|V|Total|Major-Head|1253.23|1208.10|1208.10|1123.84|
121|05|14|2053|District Administration|00||||||||||2053|District Administration|V|Header|Major-Head|||||
121|05|14|2053|District Administration|00||093||0|Vacant Post Provision|01|Vacant Post Provision|||2053-00-093-0-01|Vacant Post Provision|V|Header|Detailed-Head|||||100.0
121|05|14|2053|District Administration|00||093||0|Vacant Post Provision|01|Vacant Post Provision|014|Other Allowance|2053-00-093-0-01|Other Allowance|V|Data|Object-Head||20938.51||25693.51|100.0
121|05|14|2053|District Administration|00||093||0|Vacant Post Provision|01|Vacant Post Provision||||HOA Total :|V|Total|Detailed-Head|0.00|20938.51|0.00|25693.51|100.0
121|05|14|2053|District Administration|00||093||1|Deputy Commissioners - Establishment|01|Deputy Commissioners - Establishment|||2053-00-093-1-01|Deputy Commissioners - Establishment|V|Header|Detailed-Head|||||100.0
121|05|14|2053|District Administration|00||093||1|Deputy Commissioners - Establishment|01|Deputy Commissioners - Establishment|002|Basic Pay|2053-00-093-1-01|Basic Pay|V|Data|Object-Head|1261.05|8061.00|8061.00|8297.00|100.0
121|05|14|2053|District Administration|00||093||1|Deputy Commissioners - Establishment|01|Deputy Commissioners - Establishment|003|Basic Pay-Staff|2053-00-093-1-01|Basic Pay-Staff|V|Data|Object-Head|5142.20||||100.0
121|05|14|2053|District Administration|00||093||1|Deputy Commissioners - Establishment|01|Deputy Commissioners - Establishment|004|Interim Relief|2053-00-093-1-01|Interim Relief|V|Data|Object-Head|349.39||||100.0
121|05|14|2053|District Administration|00||093||1|Deputy Commissioners - Establishment|01|Deputy Commissioners - Establishment|011|Dearness Allowance|2053-00-093-1-01|Dearness Allowance|V|Data|Object-Head|1555.02|1980.00|1980.00|2348.00|100.0
121|05|14|2053|District Administration|00||093||1|Deputy Commissioners - Establishment|01|Deputy Commissioners - Establishment|014|Other Allowance|2053-00-093-1-01|Other Allowance|V|Data|Object-Head|741.19|994.00|994.00|958.00|100.0
121|05|14|2053|District Administration|00||093||1|Deputy Commissioners - Establishment|01|Deputy Commissioners - Establishment|020|Medical Allowance|2053-00-093-1-01|Medical Allowance|V|Data|Object-Head|44.03||||100.0
121|05|14|2053|District Administration|00||093||1|Deputy Commissioners - Establishment|01|Deputy Commissioners - Establishment|021|Reimbursement of Medical Expenses|2053-00-093-1-01|Reimbursement of Medical Expenses|V|Data|Object-Head|69.76|84.00|84.00|82.00|100.0
121|05|14|2053|District Administration|00||093||1|Deputy Commissioners - Establishment|01|Deputy Commissioners - Establishment|034|Contract/Outsource|2053-00-093-1-01|Contract/Outsource|V|Data|Object-Head|608.14|780.13|780.13|783.40|100.0
121|05|14|2053|District Administration|00||093||1|Deputy Commissioners - Establishment|01|Deputy Commissioners - Establishment|041|Travel Expenses|2053-00-093-1-01|Travel Expenses|V|Data|Object-Head|60.00|150.00|150.00|150.00|100.0
121|05|14|2053|District Administration|00||093||1|Deputy Commissioners - Establishment|01|Deputy Commissioners - Establishment|050|Office Expenses|2053-00-093-1-01|Office Expenses|V|Data|Object-Head|566.35|800.00|800.00|820.00|100.0
121|05|14|2053|District Administration|00||093||1|Deputy Commissioners - Establishment|01|Deputy Commissioners - Establishment|051|General Expenses|2053-00-093-1-01|General Expenses|V|Data|Object-Head|2063.58|500.00|3736.15|500.00|100.0
121|05|14|2053|District Administration|00||093||1|Deputy Commissioners - Establishment|01|Deputy Commissioners - Establishment|052|Telephone Charges|2053-00-093-1-01|Telephone Charges|V|Data|Object-Head|38.32||||100.0
121|05|14|2053|District Administration|00||093||1|Deputy Commissioners - Establishment|01|Deputy Commissioners - Establishment|053|Purchase of Furniture and Fixture for Office|2053-00-093-1-01|Purchase of Furniture and Fixture for Office|V|Data|Object-Head|104.45||||100.0
121|05|14|2053|District Administration|00||093||1|Deputy Commissioners - Establishment|01|Deputy Commissioners - Establishment|071|Building Expenses|2053-00-093-1-01|Building Expenses|V|Data|Object-Head|492.20|660.00|660.00|700.00|100.0
121|05|14|2053|District Administration|00||093||1|Deputy Commissioners - Establishment|01|Deputy Commissioners - Establishment|180|Machinery and Equipments|2053-00-093-1-01|Machinery and Equipments|V|Data|Object-Head|99.05||||100.0
121|05|14|2053|District Administration|00||093||1|Deputy Commissioners - Establishment|01|Deputy Commissioners - Establishment|195|Transport Expenses|2053-00-093-1-01|Transport Expenses|V|Data|Object-Head|371.74|572.59|572.59|482.79|100.0
121|05|14|2053|District Administration|00||093||1|Deputy Commissioners - Establishment|01|Deputy Commissioners - Establishment|200|Maintenance Expenditure|2053-00-093-1-01|Maintenance Expenditure|V|Data|Object-Head|489.27|400.00|400.00|1100.00|100.0
121|05|14|2053|District Administration|00||093||1|Deputy Commissioners - Establishment|01|Deputy Commissioners - Establishment||||HOA Total :|V|Total|Detailed-Head|14055.74|14981.72|18217.87|16221.19|100.0
122|05|14|2053|District Administration|00||093||1|Deputy Commissioners - Establishment|07|Special Court under Karnataka Land Grabbing Prohibition Act 2011|||2053-00-093-1-07|Special Court under Karnataka Land Grabbing Prohibition Act 2011|V|Header|Detailed-Head|||||100.0
122|05|14|2053|District Administration|00||093||1|Deputy Commissioners - Establishment|07|Special Court under Karnataka Land Grabbing Prohibition Act 2011|001|Consolidated Salaries|2053-00-093-1-07|Consolidated Salaries|V|Data|Object-Head|97.46|98.00|132.86|98.00|100.0
122|05|14|2053|District Administration|00||093||1|Deputy Commissioners - Establishment|07|Special Court under Karnataka Land Grabbing Prohibition Act 2011|002|Basic Pay|2053-00-093-1-07|Basic Pay|V|Data|Object-Head|47.94|69.00|69.00|73.00|100.0
122|05|14|2053|District Administration|00||093||1|Deputy Commissioners - Establishment|07|Special Court under Karnataka Land Grabbing Prohibition Act 2011|004|Interim Relief|2053-00-093-1-07|Interim Relief|V|Data|Object-Head|2.31||||100.0
122|05|14|2053|District Administration|00||093||1|Deputy Commissioners - Establishment|07|Special Court under Karnataka Land Grabbing Prohibition Act 2011|011|Dearness Allowance|2053-00-093-1-07|Dearness Allowance|V|Data|Object-Head|18.06|24.00|24.00|28.00|100.0
122|05|14|2053|District Administration|00||093||1|Deputy Commissioners - Establishment|07|Special Court under Karnataka Land Grabbing Prohibition Act 2011|014|Other Allowance|2053-00-093-1-07|Other Allowance|V|Data|Object-Head|16.95|16.00|16.00|16.00|100.0
122|05|14|2053|District Administration|00||093||1|Deputy Commissioners - Establishment|07|Special Court under Karnataka Land Grabbing Prohibition Act 2011|020|Medical Allowance|2053-00-093-1-07|Medical Allowance|V|Data|Object-Head|2.32||||100.0
122|05|14|2053|District Administration|00||093||1|Deputy Commissioners - Establishment|07|Special Court under Karnataka Land Grabbing Prohibition Act 2011|021|Reimbursement of Medical Expenses|2053-00-093-1-07|Reimbursement of Medical Expenses|V|Data|Object-Head|4.28|3.00|3.00|3.00|100.0
122|05|14|2053|District Administration|00||093||1|Deputy Commissioners - Establishment|07|Special Court under Karnataka Land Grabbing Prohibition Act 2011|034|Contract/Outsource|2053-00-093-1-07|Contract/Outsource|V|Data|Object-Head|126.19|139.63|139.63|128.52|100.0
122|05|14|2053|District Administration|00||093||1|Deputy Commissioners - Establishment|07|Special Court under Karnataka Land Grabbing Prohibition Act 2011|041|Travel Expenses|2053-00-093-1-07|Travel Expenses|V|Data|Object-Head|6.83|2.00|2.00|2.00|100.0
122|05|14|2053|District Administration|00||093||1|Deputy Commissioners - Establishment|07|Special Court under Karnataka Land Grabbing Prohibition Act 2011|050|Office Expenses|2053-00-093-1-07|Office Expenses|V|Data|Object-Head|5.00|8.00|8.00|5.00|100.0
122|05|14|2053|District Administration|00||093||1|Deputy Commissioners - Establishment|07|Special Court under Karnataka Land Grabbing Prohibition Act 2011|051|General Expenses|2053-00-093-1-07|General Expenses|V|Data|Object-Head|38.98|20.00|20.00|20.00|100.0
122|05|14|2053|District Administration|00||093||1|Deputy Commissioners - Establishment|07|Special Court under Karnataka Land Grabbing Prohibition Act 2011|052|Telephone Charges|2053-00-093-1-07|Telephone Charges|V|Data|Object-Head|2.01||||100.0
122|05|14|2053|District Administration|00||093||1|Deputy Commissioners - Establishment|07|Special Court under Karnataka Land Grabbing Prohibition Act 2011|053|Purchase of Furniture and Fixture for Office|2053-00-093-1-07|Purchase of Furniture and Fixture for Office|V|Data|Object-Head|3.22||||100.0
122|05|14|2053|District Administration|00||093||1|Deputy Commissioners - Establishment|07|Special Court under Karnataka Land Grabbing Prohibition Act 2011|071|Building Expenses|2053-00-093-1-07|Building Expenses|V|Data|Object-Head|8.88|10.00|10.00|10.00|100.0
122|05|14|2053|District Administration|00||093||1|Deputy Commissioners - Establishment|07|Special Court under Karnataka Land Grabbing Prohibition Act 2011|195|Transport Expenses|2053-00-093-1-07|Transport Expenses|V|Data|Object-Head|24.49|18.48|18.48|17.99|100.0
122|05|14|2053|District Administration|00||093||1|Deputy Commissioners - Establishment|07|Special Court under Karnataka Land Grabbing Prohibition Act 2011||||HOA Total :|V|Total|Detailed-Head|404.92|408.11|442.97|401.51|100.0
122|05|14|2053|District Administration|00||094||1|Assistant Commissioners - Establishment|01|Assistant Commissioners - Establishment|||2053-00-094-1-01|Assistant Commissioners - Establishment|V|Header|Detailed-Head|||||100.0
122|05|14|2053|District Administration|00||094||1|Assistant Commissioners - Establishment|01|Assistant Commissioners - Establishment|002|Basic Pay|2053-00-094-1-01|Basic Pay|V|Data|Object-Head|633.89|3719.00|3719.00|3809.00|100.0
122|05|14|2053|District Administration|00||094||1|Assistant Commissioners - Establishment|01|Assistant Commissioners - Establishment|003|Basic Pay-Staff|2053-00-094-1-01|Basic Pay-Staff|V|Data|Object-Head|2287.46||||100.0
122|05|14|2053|District Administration|00||094||1|Assistant Commissioners - Establishment|01|Assistant Commissioners - Establishment|004|Interim Relief|2053-00-094-1-01|Interim Relief|V|Data|Object-Head|163.54||||100.0
122|05|14|2053|District Administration|00||094||1|Assistant Commissioners - Establishment|01|Assistant Commissioners - Establishment|011|Dearness Allowance|2053-00-094-1-01|Dearness Allowance|V|Data|Object-Head|661.18|848.00|848.00|977.00|100.0
122|05|14|2053|District Administration|00||094||1|Assistant Commissioners - Establishment|01|Assistant Commissioners - Establishment|014|Other Allowance|2053-00-094-1-01|Other Allowance|V|Data|Object-Head|321.55|434.00|434.00|423.00|100.0
122|05|14|2053|District Administration|00||094||1|Assistant Commissioners - Establishment|01|Assistant Commissioners - Establishment|020|Medical Allowance|2053-00-094-1-01|Medical Allowance|V|Data|Object-Head|19.88||||100.0
122|05|14|2053|District Administration|00||094||1|Assistant Commissioners - Establishment|01|Assistant Commissioners - Establishment|021|Reimbursement of Medical Expenses|2053-00-094-1-01|Reimbursement of Medical Expenses|V|Data|Object-Head|13.71|39.00|39.00|38.00|100.0
123|05|14|2053|District Administration|00||094|Assistant Commissioners - Establishment|1|Assistant Commissioners - Establishment|01|Assistant Commissioners - Establishment|034|Contract/Outsource|2053-00-094-1-01|Contract/Outsource|V|Data|Object-Head|202.10|142.95|142.95|148.05|100.0
123|05|14|2053|District Administration|00||094|Assistant Commissioners - Establishment|1|Assistant Commissioners - Establishment|01|Assistant Commissioners - Establishment|041|Travel Expenses|2053-00-094-1-01|Travel Expenses|V|Data|Object-Head|11.56|20.00|20.00|20.00|100.0
123|05|14|2053|District Administration|00||094|Assistant Commissioners - Establishment|1|Assistant Commissioners - Establishment|01|Assistant Commissioners - Establishment|050|Office Expenses|2053-00-094-1-01|Office Expenses|V|Data|Object-Head|180.08|230.00|230.00|250.00|100.0
123|05|14|2053|District Administration|00||094|Assistant Commissioners - Establishment|1|Assistant Commissioners - Establishment|01|Assistant Commissioners - Establishment|051|General Expenses|2053-00-094-1-01|General Expenses|V|Data|Object-Head|471.62|300.00|300.00|300.00|100.0
123|05|14|2053|District Administration|00||094|Assistant Commissioners - Establishment|1|Assistant Commissioners - Establishment|01|Assistant Commissioners - Establishment|052|Telephone Charges|2053-00-094-1-01|Telephone Charges|V|Data|Object-Head|7.39||||100.0
123|05|14|2053|District Administration|00||094|Assistant Commissioners - Establishment|1|Assistant Commissioners - Establishment|01|Assistant Commissioners - Establishment|053|Purchase of Furniture and Fixture for Office|2053-00-094-1-01|Purchase of Furniture and Fixture for Office|V|Data|Object-Head|20.24||||100.0
123|05|14|2053|District Administration|00||094|Assistant Commissioners - Establishment|1|Assistant Commissioners - Establishment|01|Assistant Commissioners - Establishment|071|Building Expenses|2053-00-094-1-01|Building Expenses|V|Data|Object-Head|81.57|100.00|100.00|250.00|100.0
123|05|14|2053|District Administration|00||094|Assistant Commissioners - Establishment|1|Assistant Commissioners - Establishment|01|Assistant Commissioners - Establishment|180|Machinery and Equipments|2053-00-094-1-01|Machinery and Equipments|V|Data|Object-Head|86.52||||100.0
123|05|14|2053|District Administration|00||094|Assistant Commissioners - Establishment|1|Assistant Commissioners - Establishment|01|Assistant Commissioners - Establishment|195|Transport Expenses|2053-00-094-1-01|Transport Expenses|V|Data|Object-Head|156.96|169.61|169.61|185.52|100.0
123|05|14|2053|District Administration|00||094|Assistant Commissioners - Establishment|1|Assistant Commissioners - Establishment|01|Assistant Commissioners - Establishment|200|Maintenance Expenditure|2053-00-094-1-01|Maintenance Expenditure|V|Data|Object-Head|257.63|100.00|100.00|200.00|100.0
123|05|14|2053|District Administration|00||094|Assistant Commissioners - Establishment|1|Assistant Commissioners - Establishment|01|Assistant Commissioners - Establishment|||2053-00-094-1-01|ಬೆಳಗಾವಿ HOA Total :|V|Total|Detailed-Head|5576.88|6102.56|6102.56|6600.57|100.0
123|05|14|2053|District Administration|00||094|Assistant Commissioners - Establishment|2|Aquisition of Land on Behalf of Railways-Bangalore Division|01|Aquisition of Land on Behalf of Railways-Bangalore Division|||2053-00-094-2-01|Aquisition of Land on Behalf of Railways-Bangalore Division|V|Header|Detailed-Head|||||100.0
123|05|14|2053|District Administration|00||094|Assistant Commissioners - Establishment|2|Aquisition of Land on Behalf of Railways-Bangalore Division|01|Aquisition of Land on Behalf of Railways-Bangalore Division|002|Basic Pay|2053-00-094-2-01|Basic Pay|V|Data|Object-Head||46.00|46.00|42.00|100.0
123|05|14|2053|District Administration|00||094|Assistant Commissioners - Establishment|2|Aquisition of Land on Behalf of Railways-Bangalore Division|01|Aquisition of Land on Behalf of Railways-Bangalore Division|003|Basic Pay-Staff|2053-00-094-2-01|Basic Pay-Staff|V|Data|Object-Head|39.08||||100.0
123|05|14|2053|District Administration|00||094|Assistant Commissioners - Establishment|2|Aquisition of Land on Behalf of Railways-Bangalore Division|01|Aquisition of Land on Behalf of Railways-Bangalore Division|004|Interim Relief|2053-00-094-2-01|Interim Relief|V|Data|Object-Head|2.94||||100.0
123|05|14|2053|District Administration|00||094|Assistant Commissioners - Establishment|2|Aquisition of Land on Behalf of Railways-Bangalore Division|01|Aquisition of Land on Behalf of Railways-Bangalore Division|011|Dearness Allowance|2053-00-094-2-01|Dearness Allowance|V|Data|Object-Head|9.64|11.00|11.00|11.00|100.0
123|05|14|2053|District Administration|00||094|Assistant Commissioners - Establishment|2|Aquisition of Land on Behalf of Railways-Bangalore Division|01|Aquisition of Land on Behalf of Railways-Bangalore Division|014|Other Allowance|2053-00-094-2-01|Other Allowance|V|Data|Object-Head|3.22|5.00|5.00|4.00|100.0
123|05|14|2053|District Administration|00||094|Assistant Commissioners - Establishment|2|Aquisition of Land on Behalf of Railways-Bangalore Division|01|Aquisition of Land on Behalf of Railways-Bangalore Division|020|Medical Allowance|2053-00-094-2-01|Medical Allowance|V|Data|Object-Head|0.32||||100.0
123|05|14|2053|District Administration|00||094|Assistant Commissioners - Establishment|2|Aquisition of Land on Behalf of Railways-Bangalore Division|01|Aquisition of Land on Behalf of Railways-Bangalore Division|021|Reimbursement of Medical Expenses|2053-00-094-2-01|Reimbursement of Medical Expenses|V|Data|Object-Head|0.17|3.00|3.00|3.00|100.0
123|05|14|2053|District Administration|00||094|Assistant Commissioners - Establishment|2|Aquisition of Land on Behalf of Railways-Bangalore Division|01|Aquisition of Land on Behalf of Railways-Bangalore Division|||2053-00-094-2-01|ಬೆಳಗಾವಿ HOA Total :|V|Total|Detailed-Head|55.37|65.00|65.00|60.00|100.0
123|05|14|2053|District Administration|00||094|Assistant Commissioners - Establishment|3|Belagavi Division|04|Belagavi Division|||2053-00-094-3-04|Belagavi Division|V|Header|Detailed-Head|||||100.0
123|05|14|2053|District Administration|00||094|Assistant Commissioners - Establishment|3|Belagavi Division|04|Belagavi Division|002|Basic Pay|2053-00-094-3-04|Basic Pay|V|Data|Object-Head||43.00|43.00|52.00|100.0
123|05|14|2053|District Administration|00||094|Assistant Commissioners - Establishment|3|Belagavi Division|04|Belagavi Division|003|Basic Pay-Staff|2053-00-094-3-04|Basic Pay-Staff|V|Data|Object-Head|35.60||||100.0
123|05|14|2053|District Administration|00||094|Assistant Commissioners - Establishment|3|Belagavi Division|04|Belagavi Division|004|Interim Relief|2053-00-094-3-04|Interim Relief|V|Data|Object-Head|2.18||||100.0
123|05|14|2053|District Administration|00||094|Assistant Commissioners - Establishment|3|Belagavi Division|04|Belagavi Division|011|Dearness Allowance|2053-00-094-3-04|Dearness Allowance|V|Data|Object-Head|8.02|10.00|10.00|13.00|100.0
123|05|14|2053|District Administration|00||094|Assistant Commissioners - Establishment|3|Belagavi Division|04|Belagavi Division|014|Other Allowance|2053-00-094-3-04|Other Allowance|V|Data|Object-Head|2.74|5.00|5.00|5.00|100.0
124|05|14|2053|District Administration|00||094|Assistant Commissioners - Establishment|3|Belagavi Division|04|Belagavi Division|020|Medical Allowance|2053-00-094-3-04|Medical Allowance|V|Data|Object-Head|0.28||||100.0
124|05|14|2053|District Administration|00||094|Assistant Commissioners - Establishment|3|Belagavi Division|04|Belagavi Division|021|Reimbursement of Medical Expenses|2053-00-094-3-04|Reimbursement of Medical Expenses|V|Data|Object-Head||3.00|3.00|3.00|100.0
124|05|14|2053|District Administration|00||094|Assistant Commissioners - Establishment|3|Belagavi Division|04|Belagavi Division|041|Travel Expenses|2053-00-094-3-04|Travel Expenses|V|Data|Object-Head||1.00|1.00||100.0
124|05|14|2053|District Administration|00||094|Assistant Commissioners - Establishment|3|Belagavi Division|04|Belagavi Division|050|Office Expenses|2053-00-094-3-04|Office Expenses|V|Data|Object-Head||1.00|1.00||100.0
124|05|14|2053|District Administration|00||094|Assistant Commissioners - Establishment|3|Belagavi Division|04|Belagavi Division|||2053-00-094-3-04|ಬೆಳಗಾವಿ HOA Total :|V|Total|Detailed-Head|48.82|63.00|63.00|73.00|100.0
124|05|14|2053|District Administration|00||094|Assistant Commissioners - Establishment|3|Belagavi Division|05|Hubli Ankola Railway Broadgauge|||2053-00-094-3-05|Hubli Ankola Railway Broadgauge|V|Header|Detailed-Head|||||100.0
124|05|14|2053|District Administration|00||094|Assistant Commissioners - Establishment|3|Belagavi Division|05|Hubli Ankola Railway Broadgauge|002|Basic Pay|2053-00-094-3-05|Basic Pay|V|Data|Object-Head||23.00|23.00|17.00|100.0
124|05|14|2053|District Administration|00||094|Assistant Commissioners - Establishment|3|Belagavi Division|05|Hubli Ankola Railway Broadgauge|003|Basic Pay-Staff|2053-00-094-3-05|Basic Pay-Staff|V|Data|Object-Head|19.77||||100.0
124|05|14|2053|District Administration|00||094|Assistant Commissioners - Establishment|3|Belagavi Division|05|Hubli Ankola Railway Broadgauge|004|Interim Relief|2053-00-094-3-05|Interim Relief|V|Data|Object-Head|1.19||||100.0
124|05|14|2053|District Administration|00||094|Assistant Commissioners - Establishment|3|Belagavi Division|05|Hubli Ankola Railway Broadgauge|011|Dearness Allowance|2053-00-094-3-05|Dearness Allowance|V|Data|Object-Head|4.34|5.00|5.00|5.00|100.0
124|05|14|2053|District Administration|00||094|Assistant Commissioners - Establishment|3|Belagavi Division|05|Hubli Ankola Railway Broadgauge|014|Other Allowance|2053-00-094-3-05|Other Allowance|V|Data|Object-Head|2.48|5.00|5.00|3.00|100.0
124|05|14|2053|District Administration|00||094|Assistant Commissioners - Establishment|3|Belagavi Division|05|Hubli Ankola Railway Broadgauge|020|Medical Allowance|2053-00-094-3-05|Medical Allowance|V|Data|Object-Head|0.14||||100.0
124|05|14|2053|District Administration|00||094|Assistant Commissioners - Establishment|3|Belagavi Division|05|Hubli Ankola Railway Broadgauge|021|Reimbursement of Medical Expenses|2053-00-094-3-05|Reimbursement of Medical Expenses|V|Data|Object-Head||3.00|3.00|3.00|100.0
124|05|14|2053|District Administration|00||094|Assistant Commissioners - Establishment|3|Belagavi Division|05|Hubli Ankola Railway Broadgauge|041|Travel Expenses|2053-00-094-3-05|Travel Expenses|V|Data|Object-Head||0.50|0.50||100.0
124|05|14|2053|District Administration|00||094|Assistant Commissioners - Establishment|3|Belagavi Division|05|Hubli Ankola Railway Broadgauge|050|Office Expenses|2053-00-094-3-05|Office Expenses|V|Data|Object-Head||0.50|0.50||100.0
124|05|14|2053|District Administration|00||094|Assistant Commissioners - Establishment|3|Belagavi Division|05|Hubli Ankola Railway Broadgauge|||2053-00-094-3-05|ಬೆಳಗಾವಿ HOA Total :|V|Total|Detailed-Head|27.92|37.00|37.00|28.00|100.0
124|05|14|2053|District Administration|00||094|Assistant Commissioners - Establishment|5|Acquisition of Land on behalf of Other Acquiring Bodies-Bangalore Division|01|Acquisition of Land on behalf of Other Acquiring Bodies-Bangalore Division|||2053-00-094-5-01|Acquisition of Land on behalf of Other Acquiring Bodies-Bangalore Division|V|Header|Detailed-Head|||||100.0
124|05|14|2053|District Administration|00||094|Assistant Commissioners - Establishment|5|Acquisition of Land on behalf of Other Acquiring Bodies-Bangalore Division|01|Acquisition of Land on behalf of Other Acquiring Bodies-Bangalore Division|002|Basic Pay|2053-00-094-5-01|Basic Pay|V|Data|Object-Head|9.58|128.00|128.00|123.00|100.0
124|05|14|2053|District Administration|00||094|Assistant Commissioners - Establishment|5|Acquisition of Land on behalf of Other Acquiring Bodies-Bangalore Division|01|Acquisition of Land on behalf of Other Acquiring Bodies-Bangalore Division|003|Basic Pay-Staff|2053-00-094-5-01|Basic Pay-Staff|V|Data|Object-Head|87.97||||100.0
124|05|14|2053|District Administration|00||094|Assistant Commissioners - Establishment|5|Acquisition of Land on behalf of Other Acquiring Bodies-Bangalore Division|01|Acquisition of Land on behalf of Other Acquiring Bodies-Bangalore Division|004|Interim Relief|2053-00-094-5-01|Interim Relief|V|Data|Object-Head|7.28||||100.0
124|05|14|2053|District Administration|00||094|Assistant Commissioners - Establishment|5|Acquisition of Land on behalf of Other Acquiring Bodies-Bangalore Division|01|Acquisition of Land on behalf of Other Acquiring Bodies-Bangalore Division|011|Dearness Allowance|2053-00-094-5-01|Dearness Allowance|V|Data|Object-Head|24.27|29.00|29.00|31.00|100.0
124|05|14|2053|District Administration|00||094|Assistant Commissioners - Establishment|5|Acquisition of Land on behalf of Other Acquiring Bodies-Bangalore Division|01|Acquisition of Land on behalf of Other Acquiring Bodies-Bangalore Division|014|Other Allowance|2053-00-094-5-01|Other Allowance|V|Data|Object-Head|18.05|23.00|23.00|23.00|100.0
124|05|14|2053|District Administration|00||094|Assistant Commissioners - Establishment|5|Acquisition of Land on behalf of Other Acquiring Bodies-Bangalore Division|01|Acquisition of Land on behalf of Other Acquiring Bodies-Bangalore Division|020|Medical Allowance|2053-00-094-5-01|Medical Allowance|V|Data|Object-Head|0.70||||100.0
124|05|14|2053|District Administration|00||094|Assistant Commissioners - Establishment|5|Acquisition of Land on behalf of Other Acquiring Bodies-Bangalore Division|01|Acquisition of Land on behalf of Other Acquiring Bodies-Bangalore Division|021|Reimbursement of Medical Expenses|2053-00-094-5-01|Reimbursement of Medical Expenses|V|Data|Object-Head|2.16|9.00|9.00|9.00|100.0
124|05|14|2053|District Administration|00||094|Assistant Commissioners - Establishment|5|Acquisition of Land on behalf of Other Acquiring Bodies-Bangalore Division|01|Acquisition of Land on behalf of Other Acquiring Bodies-Bangalore Division|041|Travel Expenses|2053-00-094-5-01|Travel Expenses|V|Data|Object-Head||1.00|1.00|1.00|100.0
125|05|14|2053|District Administration|00||094|Assistant Commissioners - Establishment|5|Acquisition of Land on behalf of Other Acquiring Bodies-Bangalore Division|01|Acquisition of Land on behalf of Other Acquiring Bodies-Bangalore Division|050|Office Expenses|2053-00-094-5-01|Office Expenses|V|Data|Object-Head||1.00|1.00|1.00|100.0
125|05|14|2053|District Administration|00||094|Assistant Commissioners - Establishment|5|Acquisition of Land on behalf of Other Acquiring Bodies-Bangalore Division|01|Acquisition of Land on behalf of Other Acquiring Bodies-Bangalore Division|051|General Expenses|2053-00-094-5-01|General Expenses|V|Data|Object-Head||1.00|1.00|1.00|100.0
125|05|14|2053|District Administration|00||094|Assistant Commissioners - Establishment|5|Acquisition of Land on behalf of Other Acquiring Bodies-Bangalore Division|01|Acquisition of Land on behalf of Other Acquiring Bodies-Bangalore Division|||2053-00-094-5-01|HOA Total :|V|Total|Detailed-Head|150.01|192.00|192.00|189.00|100.0
125|05|14|2053|District Administration|00||094|Assistant Commissioners - Establishment|7|Taluka Officers - Establishment|01|Taluka Officers - Establishment|||2053-00-094-7-01|Taluka Officers - Establishment|V|Header|Detailed-Head|||||100.0
125|05|14|2053|District Administration|00||094|Assistant Commissioners - Establishment|7|Taluka Officers - Establishment|01|Taluka Officers - Establishment|002|Basic Pay|2053-00-094-7-01|Basic Pay|V|Data|Object-Head|2416.43|36838.00|36838.00|37740.00|100.0
125|05|14|2053|District Administration|00||094|Assistant Commissioners - Establishment|7|Taluka Officers - Establishment|01|Taluka Officers - Establishment|003|Basic Pay-Staff|2053-00-094-7-01|Basic Pay-Staff|V|Data|Object-Head|27730.35||||100.0
125|05|14|2053|District Administration|00||094|Assistant Commissioners - Establishment|7|Taluka Officers - Establishment|01|Taluka Officers - Establishment|004|Interim Relief|2053-00-094-7-01|Interim Relief|V|Data|Object-Head|1722.89||||100.0
125|05|14|2053|District Administration|00||094|Assistant Commissioners - Establishment|7|Taluka Officers - Establishment|01|Taluka Officers - Establishment|011|Dearness Allowance|2053-00-094-7-01|Dearness Allowance|V|Data|Object-Head|6585.32|8105.00|8105.00|9435.00|100.0
125|05|14|2053|District Administration|00||094|Assistant Commissioners - Establishment|7|Taluka Officers - Establishment|01|Taluka Officers - Establishment|014|Other Allowance|2053-00-094-7-01|Other Allowance|V|Data|Object-Head|2993.58|4012.00|4012.00|3813.00|100.0
125|05|14|2053|District Administration|00||094|Assistant Commissioners - Establishment|7|Taluka Officers - Establishment|01|Taluka Officers - Establishment|020|Medical Allowance|2053-00-094-7-01|Medical Allowance|V|Data|Object-Head|231.63||||100.0
125|05|14|2053|District Administration|00||094|Assistant Commissioners - Establishment|7|Taluka Officers - Establishment|01|Taluka Officers - Establishment|021|Reimbursement of Medical Expenses|2053-00-094-7-01|Reimbursement of Medical Expenses|V|Data|Object-Head|208.24|414.00|414.00|413.00|100.0
125|05|14|2053|District Administration|00||094|Assistant Commissioners - Establishment|7|Taluka Officers - Establishment|01|Taluka Officers - Establishment|033|Daily-wages|2053-00-094-7-01|Daily-wages|V|Data|Object-Head|1.76|4.00|4.00|4.00|100.0
125|05|14|2053|District Administration|00||094|Assistant Commissioners - Establishment|7|Taluka Officers - Establishment|01|Taluka Officers - Establishment|034|Contract/Outsource|2053-00-094-7-01|Contract/Outsource|V|Data|Object-Head|1024.29|1254.35|1254.35|1300.21|100.0
125|05|14|2053|District Administration|00||094|Assistant Commissioners - Establishment|7|Taluka Officers - Establishment|01|Taluka Officers - Establishment|041|Travel Expenses|2053-00-094-7-01|Travel Expenses|V|Data|Object-Head|16.59|50.00|50.00|20.00|100.0
125|05|14|2053|District Administration|00||094|Assistant Commissioners - Establishment|7|Taluka Officers - Establishment|01|Taluka Officers - Establishment|050|Office Expenses|2053-00-094-7-01|Office Expenses|V|Data|Object-Head|385.19|800.00|800.00|800.00|100.0
125|05|14|2053|District Administration|00||094|Assistant Commissioners - Establishment|7|Taluka Officers - Establishment|01|Taluka Officers - Establishment|051|General Expenses|2053-00-094-7-01|General Expenses|V|Data|Object-Head|589.25|500.00|500.00|500.00|100.0
125|05|14|2053|District Administration|00||094|Assistant Commissioners - Establishment|7|Taluka Officers - Establishment|01|Taluka Officers - Establishment|052|Telephone Charges|2053-00-094-7-01|Telephone Charges|V|Data|Object-Head|23.20||||100.0
125|05|14|2053|District Administration|00||094|Assistant Commissioners - Establishment|7|Taluka Officers - Establishment|01|Taluka Officers - Establishment|053|Purchase of Furniture and Fixture for Office|2053-00-094-7-01|Purchase of Furniture and Fixture for Office|V|Data|Object-Head|187.86||||100.0
125|05|14|2053|District Administration|00||094|Assistant Commissioners - Establishment|7|Taluka Officers - Establishment|01|Taluka Officers - Establishment|071|Building Expenses|2053-00-094-7-01|Building Expenses|V|Data|Object-Head|515.37|550.00|550.00|500.00|100.0
125|05|14|2053|District Administration|00||094|Assistant Commissioners - Establishment|7|Taluka Officers - Establishment|01|Taluka Officers - Establishment|180|Machinery and Equipments|2053-00-094-7-01|Machinery and Equipments|V|Data|Object-Head|185.28||||100.0
125|05|14|2053|District Administration|00||094|Assistant Commissioners - Establishment|7|Taluka Officers - Establishment|01|Taluka Officers - Establishment|195|Transport Expenses|2053-00-094-7-01|Transport Expenses|V|Data|Object-Head|618.24|583.76|583.76|655.45|100.0
125|05|14|2053|District Administration|00||094|Assistant Commissioners - Establishment|7|Taluka Officers - Establishment|01|Taluka Officers - Establishment|200|Maintenance Expenditure|2053-00-094-7-01|Maintenance Expenditure|V|Data|Object-Head|833.96|700.00|700.00|700.00|100.0
125|05|14|2053|District Administration|00||094|Assistant Commissioners - Establishment|7|Taluka Officers - Establishment|01|Taluka Officers - Establishment|251|Pension & Retirement Benefits|2053-00-094-7-01|Pension & Retirement Benefits|V|Data|Object-Head|8.10|50.00|50.00|20.00|100.0
125|05|14|2053|District Administration|00||094|Assistant Commissioners - Establishment|7|Taluka Officers - Establishment|01|Taluka Officers - Establishment|||2053-00-094-7-01|HOA Total :|V|Total|Detailed-Head|46277.53|53861.11|53861.11|55900.66|100.0
126|05|14|2053|District Administration|00||094|Assistant Commissioners - Establishment|7|Taluka Officers - Establishment|06|Janasnehi Kendras|||2053-00-094-7-06|Janasnehi Kendras|V|Header|Detailed-Head|||||100.0
126|05|14|2053|District Administration|00||094|Assistant Commissioners - Establishment|7|Taluka Officers - Establishment|06|Janasnehi Kendras|002|Basic Pay|2053-00-094-7-06|Basic Pay|V|Data|Object-Head|17.01|48.00|48.00|26.00|100.0
126|05|14|2053|District Administration|00||094|Assistant Commissioners - Establishment|7|Taluka Officers - Establishment|06|Janasnehi Kendras|003|Basic Pay-Staff|2053-00-094-7-06|Basic Pay-Staff|V|Data|Object-Head|9.95||||100.0
126|05|14|2053|District Administration|00||094|Assistant Commissioners - Establishment|7|Taluka Officers - Establishment|06|Janasnehi Kendras|004|Interim Relief|2053-00-094-7-06|Interim Relief|V|Data|Object-Head|0.91||||100.0
126|05|14|2053|District Administration|00||094|Assistant Commissioners - Establishment|7|Taluka Officers - Establishment|06|Janasnehi Kendras|011|Dearness Allowance|2053-00-094-7-06|Dearness Allowance|V|Data|Object-Head|8.99|15.00|15.00|7.00|100.0
126|05|14|2053|District Administration|00||094|Assistant Commissioners - Establishment|7|Taluka Officers - Establishment|06|Janasnehi Kendras|014|Other Allowance|2053-00-094-7-06|Other Allowance|V|Data|Object-Head|8.05|14.00|14.00|6.00|100.0
126|05|14|2053|District Administration|00||094|Assistant Commissioners - Establishment|7|Taluka Officers - Establishment|06|Janasnehi Kendras|020|Medical Allowance|2053-00-094-7-06|Medical Allowance|V|Data|Object-Head|0.09||||100.0
126|05|14|2053|District Administration|00||094|Assistant Commissioners - Establishment|7|Taluka Officers - Establishment|06|Janasnehi Kendras|021|Reimbursement of Medical Expenses|2053-00-094-7-06|Reimbursement of Medical Expenses|V|Data|Object-Head||3.00|3.00|3.00|100.0
126|05|14|2053|District Administration|00||094|Assistant Commissioners - Establishment|7|Taluka Officers - Establishment|06|Janasnehi Kendras|041|Travel Expenses|2053-00-094-7-06|Travel Expenses|V|Data|Object-Head|1.11|1.00|1.00|1.00|100.0
126|05|14|2053|District Administration|00||094|Assistant Commissioners - Establishment|7|Taluka Officers - Establishment|06|Janasnehi Kendras|050|Office Expenses|2053-00-094-7-06|Office Expenses|V|Data|Object-Head||6.00|6.00|6.00|100.0
126|05|14|2053|District Administration|00||094|Assistant Commissioners - Establishment|7|Taluka Officers - Establishment|06|Janasnehi Kendras|051|General Expenses|2053-00-094-7-06|General Expenses|V|Data|Object-Head|14.69|6.00|6.00|6.00|100.0
126|05|14|2053|District Administration|00||094|Assistant Commissioners - Establishment|7|Taluka Officers - Establishment|06|Janasnehi Kendras|052|Telephone Charges|2053-00-094-7-06|Telephone Charges|V|Data|Object-Head|1.91||||100.0
126|05|14|2053|District Administration|00||094|Assistant Commissioners - Establishment|7|Taluka Officers - Establishment|06|Janasnehi Kendras|071|Building Expenses|2053-00-094-7-06|Building Expenses|V|Data|Object-Head||2.00|2.00|2.00|100.0
126|05|14|2053|District Administration|00||094|Assistant Commissioners - Establishment|7|Taluka Officers - Establishment|06|Janasnehi Kendras|195|Transport Expenses|2053-00-094-7-06|Transport Expenses|V|Data|Object-Head|7.21|5.34|5.34|11.23|100.0
126|05|14|2053|District Administration|00||094|Assistant Commissioners - Establishment|7|Taluka Officers - Establishment|06|Janasnehi Kendras|||2053-00-094-7-06|HOA Total :|V|Total|Detailed-Head|69.92|100.34|100.34|68.23|100.0
126|05|14|2053|District Administration|00||101|Regional Commissioners|0|Regional Commissioners Establishments|05|Regional Commissioners Establishments|||2053-00-101-0-05|Regional Commissioners Establishments|V|Header|Detailed-Head|||||100.0
126|05|14|2053|District Administration|00||101|Regional Commissioners|0|Regional Commissioners Establishments|05|Regional Commissioners Establishments|002|Basic Pay|2053-00-101-0-05|Basic Pay|V|Data|Object-Head|260.46|2496.00|2496.00|2474.00|100.0
126|05|14|2053|District Administration|00||101|Regional Commissioners|0|Regional Commissioners Establishments|05|Regional Commissioners Establishments|003|Basic Pay-Staff|2053-00-101-0-05|Basic Pay-Staff|V|Data|Object-Head|1732.15||||100.0
126|05|14|2053|District Administration|00||101|Regional Commissioners|0|Regional Commissioners Establishments|05|Regional Commissioners Establishments|004|Interim Relief|2053-00-101-0-05|Interim Relief|V|Data|Object-Head|112.55||||100.0
126|05|14|2053|District Administration|00||101|Regional Commissioners|0|Regional Commissioners Establishments|05|Regional Commissioners Establishments|011|Dearness Allowance|2053-00-101-0-05|Dearness Allowance|V|Data|Object-Head|454.00|569.00|569.00|642.00|100.0
126|05|14|2053|District Administration|00||101|Regional Commissioners|0|Regional Commissioners Establishments|05|Regional Commissioners Establishments|014|Other Allowance|2053-00-101-0-05|Other Allowance|V|Data|Object-Head|399.21|496.00|496.00|454.00|100.0
126|05|14|2053|District Administration|00||101|Regional Commissioners|0|Regional Commissioners Establishments|05|Regional Commissioners Establishments|020|Medical Allowance|2053-00-101-0-05|Medical Allowance|V|Data|Object-Head|12.71||||100.0
126|05|14|2053|District Administration|00||101|Regional Commissioners|0|Regional Commissioners Establishments|05|Regional Commissioners Establishments|021|Reimbursement of Medical Expenses|2053-00-101-0-05|Reimbursement of Medical Expenses|V|Data|Object-Head|4.43|24.00|24.00|23.00|100.0
126|05|14|2053|District Administration|00||101|Regional Commissioners|0|Regional Commissioners Establishments|05|Regional Commissioners Establishments|034|Contract/Outsource|2053-00-101-0-05|Contract/Outsource|V|Data|Object-Head|111.22|85.33|85.33|84.65|100.0
126|05|14|2053|District Administration|00||101|Regional Commissioners|0|Regional Commissioners Establishments|05|Regional Commissioners Establishments|041|Travel Expenses|2053-00-101-0-05|Travel Expenses|V|Data|Object-Head|7.92|12.00|12.00|12.00|100.0
126|05|14|2053|District Administration|00||101|Regional Commissioners|0|Regional Commissioners Establishments|05|Regional Commissioners Establishments|050|Office Expenses|2053-00-101-0-05|Office Expenses|V|Data|Object-Head|40.17|54.00|54.00|55.00|100.0
126|05|14|2053|District Administration|00||101|Regional Commissioners|0|Regional Commissioners Establishments|05|Regional Commissioners Establishments|051|General Expenses|2053-00-101-0-05|General Expenses|V|Data|Object-Head|52.34|60.00|60.00|62.00|100.0
127|05|14|2053|District Administration|00||101|Regional Commissioners|0|Regional Commissioners Establishments|05|Regional Commissioners Establishments|052|Telephone Charges|2053-00-101-0-05|Telephone Charges|V|Data|Object-Head|4.83||||100.0
127|05|14|2053|District Administration|00||101|Regional Commissioners|0|Regional Commissioners Establishments|05|Regional Commissioners Establishments|071|Building Expenses|2053-00-101-0-05|Building Expenses|V|Data|Object-Head|207.97|83.00|83.00|120.00|100.0
127|05|14|2053|District Administration|00||101|Regional Commissioners|0|Regional Commissioners Establishments|05|Regional Commissioners Establishments|195|Transport Expenses|2053-00-101-0-05|Transport Expenses|V|Data|Object-Head|39.45|50.25|50.25|66.95|100.0
127|05|14|2053|District Administration|00||101|Regional Commissioners|0|Regional Commissioners Establishments|05|Regional Commissioners Establishments|200|Maintenance Expenditure|2053-00-101-0-05|Maintenance Expenditure|V|Data|Object-Head|22.14|30.00|30.00|30.00|100.0
127|05|14|2053|District Administration|00||101|Regional Commissioners|0|Regional Commissioners Establishments|05|Regional Commissioners Establishments|||2053-00-101-0-05|HOA Total :|V|Total|Detailed-Head|3461.55|3959.58|3959.58|4023.60|100.0
127|05|14|2053|District Administration|00||101|Regional Commissioners|0|Regional Commissioners Establishments|09|Commissioner for State Rehabilitation and Resettlement|||2053-00-101-0-09|Commissioner for State Rehabilitation and Resettlement|V|Header|Detailed-Head|||||100.0
127|05|14|2053|District Administration|00||101|Regional Commissioners|0|Regional Commissioners Establishments|09|Commissioner for State Rehabilitation and Resettlement|034|Contract/Outsource|2053-00-101-0-09|Contract/Outsource|V|Data|Object-Head|8.87|8.77|14.94|9.07|100.0
127|05|14|2053|District Administration|00||101|Regional Commissioners|0|Regional Commissioners Establishments|09|Commissioner for State Rehabilitation and Resettlement|050|Office Expenses|2053-00-101-0-09|Office Expenses|V|Data|Object-Head|1.62|2.00|2.00|2.00|100.0
127|05|14|2053|District Administration|00||101|Regional Commissioners|0|Regional Commissioners Establishments|09|Commissioner for State Rehabilitation and Resettlement|051|General Expenses|2053-00-101-0-09|General Expenses|V|Data|Object-Head|1.79|2.00|2.00|2.00|100.0
127|05|14|2053|District Administration|00||101|Regional Commissioners|0|Regional Commissioners Establishments|09|Commissioner for State Rehabilitation and Resettlement|195|Transport Expenses|2053-00-101-0-09|Transport Expenses|V|Data|Object-Head|3.72|4.52|4.52||100.0
127|05|14|2053|District Administration|00||101|Regional Commissioners|0|Regional Commissioners Establishments|09|Commissioner for State Rehabilitation and Resettlement|||2053-00-101-0-09|HOA Total :|V|Total|Detailed-Head|16.00|17.29|23.46|13.07|100.0
127|05|14|2053|District Administration|00||800||0||11|Strenghthening of Karnataka Public Land Corporation Limited|||2053-00-800-0-11|Strenghthening of Karnataka Public Land Corporation Limited|V|Header|Detailed-Head|||||100.0
127|05|14|2053|District Administration|00||800||0||11|Strenghthening of Karnataka Public Land Corporation Limited|101|Grants-in-Aid-Salaries|2053-00-800-0-11|Grants-in-Aid-Salaries|V|Data|Object-Head|51.19|96.76|96.76|87.45|100.0
127|05|14|2053|District Administration|00||800||0||11|Strenghthening of Karnataka Public Land Corporation Limited|103|Grants-in-Aid -General|2053-00-800-0-11|Grants-in-Aid -General|V|Data|Object-Head|15.00|16.00|16.00|16.00|100.0
127|05|14|2053|District Administration|00||800||0||11|Strenghthening of Karnataka Public Land Corporation Limited|115|GIA Contract /Outsource|2053-00-800-0-11|GIA Contract /Outsource|V|Data|Object-Head|8.40|8.40|8.40|8.40|100.0
127|05|14|2053|District Administration|00||800||0||11|Strenghthening of Karnataka Public Land Corporation Limited|||2053-00-800-0-11|HOA Total :|V|Total|Detailed-Head|74.59|121.16|121.16|111.85|100.0
127|05|14|2053|District Administration|00||800||0||12|Unspent SCSP-TSP Amount as per the SCSP-TSPAct 2013|||2053-00-800-0-12|Unspent SCSP-TSP Amount as per the SCSP-TSPAct 2013|V|Header|Detailed-Head|||||100.0
127|05|14|2053|District Administration|00||800||0||12|Unspent SCSP-TSP Amount as per the SCSP-TSPAct 2013|422|Schedule Caste Sub Plan|2053-00-800-0-12|Schedule Caste Sub Plan|V|Data|Object-Head|138.00|148.08|148.08|5.92|100.0
127|05|14|2053|District Administration|00||800||0||12|Unspent SCSP-TSP Amount as per the SCSP-TSPAct 2013|423|Tribal Sub Plan|2053-00-800-0-12|Tribal Sub Plan|V|Data|Object-Head|117.00|2.65|2.65|0.02|100.0
127|05|14|2053|District Administration|00||800||0||12|Unspent SCSP-TSP Amount as per the SCSP-TSPAct 2013|||2053-00-800-0-12|HOA Total :|V|Total|Detailed-Head|255.00|150.73|150.73|5.94|100.0
128|05|14|2053|District Administration|00||911||0||00|Deduct - Recoveries of Overpayments|||2053-00-911-0-00|Deduct - Recoveries of Overpayments|V|Header|Detailed-Head|||||100.0
128|05|14|2053|District Administration|00||911||0||00|Deduct - Recoveries of Overpayments|364|Deduct - Recoveries|2053-00-911-0-00|Deduct - Recoveries|V|Data|Object-Head|-6.20||||100.0
128|05|14|2053|District Administration|00||911||0||00|Deduct - Recoveries of Overpayments|||2053-00-911-0-00|HOA Total :|V|Total|Detailed-Head|-6.20|0.00|0.00|0.00|100.0
128|05|14|2053|District Administration|00||911||0||01|Deduct Recovery of Over Payments of Current Year|||2053-00-911-0-01|Deduct Recovery of Over Payments of Current Year|V|Header|Detailed-Head|||||100.0
128|05|14|2053|District Administration|00||911||0||01|Deduct Recovery of Over Payments of Current Year|364|Deduct - Recoveries|2053-00-911-0-01|Deduct - Recoveries|V|Data|Object-Head|-22.09||||100.0
128|05|14|2053|District Administration|00||911||0||01|Deduct Recovery of Over Payments of Current Year|||2053-00-911-0-01|HOA Total :|V|Total|Detailed-Head|-22.09|0.00|0.00|0.00|100.0
128|05|14|2053|District Administration|00||911||0||02|Deduct Recoveries of Overpayment of Previous Years|||2053-00-911-0-02|Deduct Recoveries of Overpayment of Previous Years|V|Header|Detailed-Head|||||100.0
128|05|14|2053|District Administration|00||911||0||02|Deduct Recoveries of Overpayment of Previous Years|364|Deduct - Recoveries|2053-00-911-0-02|Deduct - Recoveries|V|Data|Object-Head|-10.38||||100.0
128|05|14|2053|District Administration|00||911||0||02|Deduct Recoveries of Overpayment of Previous Years|||2053-00-911-0-02|HOA Total :|V|Total|Detailed-Head|-10.38|0.00|0.00|0.00|100.0
128|05|14|2053|District Administration|00||||||||||2053|2053 - Total :|V|Total|Major-Head|70435.58|100998.11|83336.78|109390.13|
129|05|14|2070|Other Administrative Services|00||105||0||04|Competent Authority appointed to conduct inquiries under the KPID Act(Kanva and others)|||2070-00-105-0-04|Competent Authority appointed to conduct inquiries under the KPID Act(Kanva and others)|V|Header|Detailed-Head|||||100.0
129|05|14|2070|Other Administrative Services|00||105||0||04|Competent Authority appointed to conduct inquiries under the KPID Act(Kanva and others)|101|Grants-in-Aid-Salaries|2070-00-105-0-04|Grants-in-Aid-Salaries|V|Data|Object-Head||1.00|1.00|1.00|100.0
129|05|14|2070|Other Administrative Services|00||105||0||04|Competent Authority appointed to conduct inquiries under the KPID Act(Kanva and others)|103|Grants-in-Aid -General|2070-00-105-0-04|Grants-in-Aid -General|V|Data|Object-Head|106.64|45.00|45.00|45.00|100.0
129|05|14|2070|Other Administrative Services|00||105||0||04|Competent Authority appointed to conduct inquiries under the KPID Act(Kanva and others)|115|GIA Contract /Outsource|2070-00-105-0-04|GIA Contract /Outsource|V|Data|Object-Head|38.88|41.36|41.36|42.17|100.0
129|05|14|2070|Other Administrative Services|00||105||0||04|Competent Authority appointed to conduct inquiries under the KPID Act(Kanva and others)|177|IT Expenditure|2070-00-105-0-04|IT Expenditure|V|Data|Object-Head||100.00|100.00|100.00|100.0
129|05|14|2070|Other Administrative Services|00||105||0||04|Competent Authority appointed to conduct inquiries under the KPID Act(Kanva and others)|||2070-00-105-0-04|HOA Total :|V|Total|Detailed-Head|145.52|187.36|187.36|188.17|100.0
129|05|14|2070|Other Administrative Services|00||105||0||41|Enquiring Authority - Deception by IMA and related Companies|||2070-00-105-0-41|Enquiring Authority - Deception by IMA and related Companies|V|Header|Detailed-Head|||||100.0
129|05|14|2070|Other Administrative Services|00||105||0||41|Enquiring Authority - Deception by IMA and related Companies|015|Subsidiary Expenses|2070-00-105-0-41|Subsidiary Expenses|V|Data|Object-Head||32.00|32.00|32.00|100.0
129|05|14|2070|Other Administrative Services|00||105||0||41|Enquiring Authority - Deception by IMA and related Companies|021|Reimbursement of Medical Expenses|2070-00-105-0-41|Reimbursement of Medical Expenses|V|Data|Object-Head|0.13||||100.0
129|05|14|2070|Other Administrative Services|00||105||0||41|Enquiring Authority - Deception by IMA and related Companies|034|Contract/Outsource|2070-00-105-0-41|Contract/Outsource|V|Data|Object-Head|174.42|185.41|214.41|185.65|100.0
129|05|14|2070|Other Administrative Services|00||105||0||41|Enquiring Authority - Deception by IMA and related Companies|041|Travel Expenses|2070-00-105-0-41|Travel Expenses|V|Data|Object-Head|2.61|3.00|3.00|3.00|100.0
129|05|14|2070|Other Administrative Services|00||105||0||41|Enquiring Authority - Deception by IMA and related Companies|050|Office Expenses|2070-00-105-0-41|Office Expenses|V|Data|Object-Head|19.46|39.00|42.15|39.00|100.0
129|05|14|2070|Other Administrative Services|00||105||0||41|Enquiring Authority - Deception by IMA and related Companies|051|General Expenses|2070-00-105-0-41|General Expenses|V|Data|Object-Head|755.89|275.00|449.43|275.00|100.0
129|05|14|2070|Other Administrative Services|00||105||0||41|Enquiring Authority - Deception by IMA and related Companies|052|Telephone Charges|2070-00-105-0-41|Telephone Charges|V|Data|Object-Head|2.11||||100.0
129|05|14|2070|Other Administrative Services|00||105||0||41|Enquiring Authority - Deception by IMA and related Companies|053|Purchase of Furniture and Fixture for Office|2070-00-105-0-41|Purchase of Furniture and Fixture for Office|V|Data|Object-Head|3.08||||100.0
129|05|14|2070|Other Administrative Services|00||105||0||41|Enquiring Authority - Deception by IMA and related Companies|071|Building Expenses|2070-00-105-0-41|Building Expenses|V|Data|Object-Head|6.78|11.00|11.00|10.00|100.0
129|05|14|2070|Other Administrative Services|00||105||0||41|Enquiring Authority - Deception by IMA and related Companies|177|IT Expenditure|2070-00-105-0-41|IT Expenditure|V|Data|Object-Head||5.00|5.00|10.00|100.0
129|05|14|2070|Other Administrative Services|00||105||0||41|Enquiring Authority - Deception by IMA and related Companies|180|Machinery and Equipments|2070-00-105-0-41|Machinery and Equipments|V|Data|Object-Head|5.71||||100.0
129|05|14|2070|Other Administrative Services|00||105||0||41|Enquiring Authority - Deception by IMA and related Companies|195|Transport Expenses|2070-00-105-0-41|Transport Expenses|V|Data|Object-Head|48.38|35.31|42.15|5.74|100.0
129|05|14|2070|Other Administrative Services|00||105||0||41|Enquiring Authority - Deception by IMA and related Companies|200|Maintenance Expenditure|2070-00-105-0-41|Maintenance Expenditure|V|Data|Object-Head||3.00|3.00|3.00|100.0
129|05|14|2070|Other Administrative Services|00||105||0||41|Enquiring Authority - Deception by IMA and related Companies|||2070-00-105-0-41|HOA Total :|V|Total|Detailed-Head|1018.57|588.72|802.14|563.39|100.0
130|05|14|2070|Other Administrative Services|00||112||0||01|House Rent and Accommodation Controller - Bangalore Division|||2070-00-112-0-01|House Rent and Accommodation Controller - Bangalore Division|V|Header|Detailed-Head|||||100.0
130|05|14|2070|Other Administrative Services|00||112||0||01|House Rent and Accommodation Controller - Bangalore Division|002|Basic Pay|2070-00-112-0-01|Basic Pay|V|Data|Object-Head||224.00|224.00|164.00|100.0
130|05|14|2070|Other Administrative Services|00||112||0||01|House Rent and Accommodation Controller - Bangalore Division|003|Basic Pay-Staff|2070-00-112-0-01|Basic Pay-Staff|V|Data|Object-Head|157.41||||100.0
130|05|14|2070|Other Administrative Services|00||112||0||01|House Rent and Accommodation Controller - Bangalore Division|004|Interim Relief|2070-00-112-0-01|Interim Relief|V|Data|Object-Head|11.32||||100.0
130|05|14|2070|Other Administrative Services|00||112||0||01|House Rent and Accommodation Controller - Bangalore Division|011|Dearness Allowance|2070-00-112-0-01|Dearness Allowance|V|Data|Object-Head|33.79|50.00|50.00|41.00|100.0
130|05|14|2070|Other Administrative Services|00||112||0||01|House Rent and Accommodation Controller - Bangalore Division|014|Other Allowance|2070-00-112-0-01|Other Allowance|V|Data|Object-Head|38.44|55.00|55.00|37.00|100.0
130|05|14|2070|Other Administrative Services|00||112||0||01|House Rent and Accommodation Controller - Bangalore Division|020|Medical Allowance|2070-00-112-0-01|Medical Allowance|V|Data|Object-Head|1.26||||100.0
130|05|14|2070|Other Administrative Services|00||112||0||01|House Rent and Accommodation Controller - Bangalore Division|021|Reimbursement of Medical Expenses|2070-00-112-0-01|Reimbursement of Medical Expenses|V|Data|Object-Head|2.14|15.00|15.00|12.00|100.0
130|05|14|2070|Other Administrative Services|00||112||0||01|House Rent and Accommodation Controller - Bangalore Division|051|General Expenses|2070-00-112-0-01|General Expenses|V|Data|Object-Head|4.00||||100.0
130|05|14|2070|Other Administrative Services|00||112||0||01|House Rent and Accommodation Controller - Bangalore Division|||2070-00-112-0-01|HOA Total :|V|Total|Detailed-Head|248.36|344.00|344.00|254.00|100.0
130|05|14|2070|Other Administrative Services|00||||||||||2070-00-112-0-01|2070 - Total :|V|Total|Major-Head|1412.45|1120.08|1333.50|1005.56|
131|05|14|2075|Miscellaneous General Services|00|||||||||||2075|Miscellaneous General Services|Header|Major-Head|||||
131|05|14|2075|Miscellaneous General Services|00||101||1||01|Amount Payable to Religious & Charitable Institutions on Abolition of Inams|||2075-00-101-1-01|Amount Payable to Religious & Charitable Institutions on Abolition of Inams||Header|Detailed-Head|||||100.0
131|05|14|2075|Miscellaneous General Services|00||101||1||01|Amount Payable to Religious & Charitable Institutions on Abolition of Inams|100|Financial Assistance/Relief|2075-00-101-1-01|Financial Assistance/Relief||Data|Object-Head|15299.09|18500.00|18500.00|18500.00|100.0
131|05|14|2075|Miscellaneous General Services|00||101||1||01|Amount Payable to Religious & Charitable Institutions on Abolition of Inams|||2075-00-101-1-01|HOA Total :||Total|Detailed-Head|15299.09|18500.00|18500.00|18500.00|100.0
131|05|14|2075|Miscellaneous General Services|00||800||4||03|Roerich Estate Board|||2075-00-800-4-03|Roerich Estate Board||Header|Detailed-Head|||||100.0
131|05|14|2075|Miscellaneous General Services|00||800||4||03|Roerich Estate Board|101|Grants-in-Aid-Salaries|2075-00-800-4-03|Grants-in-Aid-Salaries||Data|Object-Head|9.44|12.46|12.46|13.02|100.0
131|05|14|2075|Miscellaneous General Services|00||800||4||03|Roerich Estate Board|103|Grants-in-Aid -General|2075-00-800-4-03|Grants-in-Aid -General||Data|Object-Head|5.00|5.00|5.00|5.00|100.0
131|05|14|2075|Miscellaneous General Services|00||800||4||03|Roerich Estate Board|115|GIA Contract /Outsource|2075-00-800-4-03|GIA Contract /Outsource||Data|Object-Head|11.71|8.96|13.56|9.26|100.0
131|05|14|2075|Miscellaneous General Services|00||800||4||03|Roerich Estate Board|||2075-00-800-4-03|HOA Total :||Total|Detailed-Head|26.15|26.42|31.02|27.28|100.0
131|05|14|2075|Miscellaneous General Services|00||911||0||00|Deduct Recoveries of Overpayment|||2075-00-911-0-00|Deduct Recoveries of Overpayment||Header|Detailed-Head|||||100.0
131|05|14|2075|Miscellaneous General Services|00||911||0||00|Deduct Recoveries of Overpayment|364|Deduct - Recoveries|2075-00-911-0-00|Deduct - Recoveries||Data|Object-Head|-2.11||||100.0
131|05|14|2075|Miscellaneous General Services|00||911||0||00|Deduct Recoveries of Overpayment|||2075-00-911-0-00|HOA Total :||Total|Detailed-Head|-2.11|0.00|0.00|0.00|100.0
131|05|14|2075|Miscellaneous General Services|00||||||||||2075-00-911-0-00|2075 - Total :||Total|Major-Head|15323.13|18526.42|18531.02|18527.28|
132|05|14|2235|Social Security and Welfare|01|||||||||||2235|Social Security and Welfare|Header|Major-Head|||||
132|05|14|2235|Social Security and Welfare|01||110||5||01|Development of Tibetans|||2235-01-110-5-01|Development of Tibetans||Header|Detailed-Head|||||100.0
132|05|14|2235|Social Security and Welfare|01||110||5||01|Development of Tibetans|103|Grants-in-Aid -General|2235-01-110-5-01|Grants-in-Aid -General||Data|Object-Head|300.00|300.00|300.00|300.00|100.0
132|05|14|2235|Social Security and Welfare|01||110||5||01|Development of Tibetans|||2235-01-110-5-01|HOA Total :||Total|Detailed-Head|300.00|300.00|300.00|300.00|100.0
132|05|14|2235|Social Security and Welfare|02||101||0||20|CSS-Central Share-Monthly Financial Assistance to the Physically Challenged and the Disabled Poor (NSAP)|||2235-02-101-0-20|CSS-Central Share-Monthly Financial Assistance to the Physically Challenged and the Disabled Poor (NSAP)||Header|Detailed-Head|||||100.0
132|05|14|2235|Social Security and Welfare|02||101||0||20|CSS-Central Share-Monthly Financial Assistance to the Physically Challenged and the Disabled Poor (NSAP)|116|Social Security Pensions|2235-02-101-0-20|Social Security Pensions||Data|Object-Head|629.34|1138.27|1646.77|1305.36|100.0
132|05|14|2235|Social Security and Welfare|02||101||0||20|CSS-Central Share-Monthly Financial Assistance to the Physically Challenged and the Disabled Poor (NSAP)|422|Schedule Caste Sub Plan|2235-02-101-0-20|Schedule Caste Sub Plan||Data|Object-Head|96.27|394.65|394.65|380.73|100.0
132|05|14|2235|Social Security and Welfare|02||101||0||20|CSS-Central Share-Monthly Financial Assistance to the Physically Challenged and the Disabled Poor (NSAP)|423|Tribal Sub Plan|2235-02-101-0-20|Tribal Sub Plan||Data|Object-Head|61.45|128.78|162.94|126.91|100.0
132|05|14|2235|Social Security and Welfare|02||101||0||20|CSS-Central Share-Monthly Financial Assistance to the Physically Challenged and the Disabled Poor (NSAP)|||2235-02-101-0-20|HOA Total :||Total|Detailed-Head|787.06|1661.70|2204.36|1813.00|100.0
132|05|14|2235|Social Security and Welfare|02||101||0||43|CSS-State Share-Monthly Financial Assistance to the Physically Challenged and the Disabled Poor (NSAP)|||2235-02-101-0-43|CSS-State Share-Monthly Financial Assistance to the Physically Challenged and the Disabled Poor (NSAP)||Header|Detailed-Head|||||100.0
132|05|14|2235|Social Security and Welfare|02||101||0||43|CSS-State Share-Monthly Financial Assistance to the Physically Challenged and the Disabled Poor (NSAP)|116|Social Security Pensions|2235-02-101-0-43|Social Security Pensions||Data|Object-Head|110360.47|105550.96|105430.59|120007.44|100.0
132|05|14|2235|Social Security and Welfare|02||101||0||43|CSS-State Share-Monthly Financial Assistance to the Physically Challenged and the Disabled Poor (NSAP)|422|Schedule Caste Sub Plan|2235-02-101-0-43|Schedule Caste Sub Plan||Data|Object-Head|34346.20|36596.14|36596.14|35002.17|100.0
132|05|14|2235|Social Security and Welfare|02||101||0||43|CSS-State Share-Monthly Financial Assistance to the Physically Challenged and the Disabled Poor (NSAP)|423|Tribal Sub Plan|2235-02-101-0-43|Tribal Sub Plan||Data|Object-Head|11709.40|11941.90|11941.90|11667.39|100.0
132|05|14|2235|Social Security and Welfare|02||101||0||43|CSS-State Share-Monthly Financial Assistance to the Physically Challenged and the Disabled Poor (NSAP)|||2235-02-101-0-43|HOA Total :||Total|Detailed-Head|156416.07|154089.00|153968.63|166677.00|100.0
132|05|14|2235|Social Security and Welfare|02||103||0||53|Pension to Devadasis|||2235-02-103-0-53|Pension to Devadasis||Header|Detailed-Head|||||100.0
132|05|14|2235|Social Security and Welfare|02||103||0||53|Pension to Devadasis|422|Schedule Caste Sub Plan|2235-02-103-0-53|Schedule Caste Sub Plan||Data|Object-Head|5612.14|6224.00|6224.00|6108.00|100.0
132|05|14|2235|Social Security and Welfare|02||103||0||53|Pension to Devadasis|||2235-02-103-0-53|HOA Total :||Total|Detailed-Head|5612.14|6224.00|6224.00|6108.00|100.0
132|05|14|2235|Social Security and Welfare|60||001||0||01|Directorate of Pension|||2235-60-001-0-01|Directorate of Pension||Header|Detailed-Head|||||100.0
132|05|14|2235|Social Security and Welfare|60||001||0||01|Directorate of Pension|002|Basic Pay|2235-60-001-0-01|Basic Pay||Data|Object-Head|226.51|2746.00|2746.00|2718.00|100.0
132|05|14|2235|Social Security and Welfare|60||001||0||01|Directorate of Pension|003|Basic Pay-Staff|2235-60-001-0-01|Basic Pay-Staff||Data|Object-Head|2012.52||||100.0
132|05|14|2235|Social Security and Welfare|60||001||0||01|Directorate of Pension|004|Interim Relief|2235-60-001-0-01|Interim Relief||Data|Object-Head|126.83||||100.0
132|05|14|2235|Social Security and Welfare|60||001||0||01|Directorate of Pension|011|Dearness Allowance|2235-60-001-0-01|Dearness Allowance||Data|Object-Head|491.40|610.00|610.00|687.00|100.0
133|05|14|2235|Social Security and Welfare|60|Other Social Security and Welfare Programmes|001|Direction and Administration|0||01|Directorate of Pension|014|Other Allowance|2235-60-001-0-01|Other Allowance|V|Data|Object-Head|233.14|298.00|298.00|285.00|100.0
133|05|14|2235|Social Security and Welfare|60|Other Social Security and Welfare Programmes|001|Direction and Administration|0||01|Directorate of Pension|020|Medical Allowance|2235-60-001-0-01|Medical Allowance|V|Data|Object-Head|13.74||||100.0
133|05|14|2235|Social Security and Welfare|60|Other Social Security and Welfare Programmes|001|Direction and Administration|0||01|Directorate of Pension|021|Reimbursement of Medical Expenses|2235-60-001-0-01|Reimbursement of Medical Expenses|V|Data|Object-Head|4.45|25.00|25.00|24.00|100.0
133|05|14|2235|Social Security and Welfare|60|Other Social Security and Welfare Programmes|001|Direction and Administration|0||01|Directorate of Pension|034|Contract/Outsource|2235-60-001-0-01|Contract/Outsource|V|Data|Object-Head|764.17|793.15|793.15|825.36|100.0
133|05|14|2235|Social Security and Welfare|60|Other Social Security and Welfare Programmes|001|Direction and Administration|0||01|Directorate of Pension|041|Travel Expenses|2235-60-001-0-01|Travel Expenses|V|Data|Object-Head|2.26|3.00|3.00|3.00|100.0
133|05|14|2235|Social Security and Welfare|60|Other Social Security and Welfare Programmes|001|Direction and Administration|0||01|Directorate of Pension|050|Office Expenses|2235-60-001-0-01|Office Expenses|V|Data|Object-Head|5.99|6.50|6.50|9.00|100.0
133|05|14|2235|Social Security and Welfare|60|Other Social Security and Welfare Programmes|001|Direction and Administration|0||01|Directorate of Pension|051|General Expenses|2235-60-001-0-01|General Expenses|V|Data|Object-Head|4.00|6.00|6.00|6.00|100.0
133|05|14|2235|Social Security and Welfare|60|Other Social Security and Welfare Programmes|001|Direction and Administration|0||01|Directorate of Pension|052|Telephone Charges|2235-60-001-0-01|Telephone Charges|V|Data|Object-Head|0.16||||100.0
133|05|14|2235|Social Security and Welfare|60|Other Social Security and Welfare Programmes|001|Direction and Administration|0||01|Directorate of Pension|071|Building Expenses|2235-60-001-0-01|Building Expenses|V|Data|Object-Head|2.23|4.00|4.00|4.00|100.0
133|05|14|2235|Social Security and Welfare|60|Other Social Security and Welfare Programmes|001|Direction and Administration|0||01|Directorate of Pension|195|Transport Expenses|2235-60-001-0-01|Transport Expenses|V|Data|Object-Head|13.71|11.90|11.90|15.69|100.0
133|05|14|2235|Social Security and Welfare|60|Other Social Security and Welfare Programmes|001|Direction and Administration|0||01|Directorate of Pension|||2235-60-001-0-01|HOA Total :|V|Total|Detailed-Head|3901.11|4503.55|4503.55|4577.05|100.0
133|05|14|2235|Social Security and Welfare|60|Other Social Security and Welfare Programmes|001|Direction and Administration|0||02|New Social Security (Sandhya Suraksha) (NSAP)|||2235-60-001-0-02|New Social Security (Sandhya Suraksha) (NSAP)|V|Header|Detailed-Head|||||100.0
133|05|14|2235|Social Security and Welfare|60|Other Social Security and Welfare Programmes|001|Direction and Administration|0||02|New Social Security (Sandhya Suraksha) (NSAP)|116|Social Security Pensions|2235-60-001-0-02|Social Security Pensions|V|Data|Object-Head|293361.23|298887.42|267846.50|357858.72|100.0
133|05|14|2235|Social Security and Welfare|60|Other Social Security and Welfare Programmes|001|Direction and Administration|0||02|New Social Security (Sandhya Suraksha) (NSAP)|422|Schedule Caste Sub Plan|2235-60-001-0-02|Schedule Caste Sub Plan|V|Data|Object-Head|104996.68|103628.85|103628.85|104375.46|100.0
133|05|14|2235|Social Security and Welfare|60|Other Social Security and Welfare Programmes|001|Direction and Administration|0||02|New Social Security (Sandhya Suraksha) (NSAP)|423|Tribal Sub Plan|2235-60-001-0-02|Tribal Sub Plan|V|Data|Object-Head|36209.56|33815.73|33815.73|34791.82|100.0
133|05|14|2235|Social Security and Welfare|60|Other Social Security and Welfare Programmes|001|Direction and Administration|0||02|New Social Security (Sandhya Suraksha) (NSAP)|||2235-60-001-0-02|HOA Total :|V|Total|Detailed-Head|434567.47|436332.00|405291.08|497026.00|100.0
133|05|14|2235|Social Security and Welfare|60|Other Social Security and Welfare Programmes|102|Pensions under Social Security Schemes|1||01|CSS-Central Share-Old Age Pension (NSAP)|||2235-60-102-1-01|CSS-Central Share-Old Age Pension (NSAP)|V|Header|Detailed-Head|||||100.0
133|05|14|2235|Social Security and Welfare|60|Other Social Security and Welfare Programmes|102|Pensions under Social Security Schemes|1||01|CSS-Central Share-Old Age Pension (NSAP)|116|Social Security Pensions|2235-60-102-1-01|Social Security Pensions|V|Data|Object-Head|8211.70|20427.38|24298.03|21600.00|100.0
133|05|14|2235|Social Security and Welfare|60|Other Social Security and Welfare Programmes|102|Pensions under Social Security Schemes|1||01|CSS-Central Share-Old Age Pension (NSAP)|422|Schedule Caste Sub Plan|2235-60-102-1-01|Schedule Caste Sub Plan|V|Data|Object-Head|2974.52|7082.49|7188.04|6300.00|100.0
133|05|14|2235|Social Security and Welfare|60|Other Social Security and Welfare Programmes|102|Pensions under Social Security Schemes|1||01|CSS-Central Share-Old Age Pension (NSAP)|423|Tribal Sub Plan|2235-60-102-1-01|Tribal Sub Plan|V|Data|Object-Head|3867.52|2311.13|3658.29|2100.00|100.0
133|05|14|2235|Social Security and Welfare|60|Other Social Security and Welfare Programmes|102|Pensions under Social Security Schemes|1||01|CSS-Central Share-Old Age Pension (NSAP)|||2235-60-102-1-01|HOA Total :|V|Total|Detailed-Head|15053.74|29821.00|35144.36|30000.00|100.0
133|05|14|2235|Social Security and Welfare|60|Other Social Security and Welfare Programmes|102|Pensions under Social Security Schemes|1||03|CSS-Central Share-National Family Benefit Scheme (NSAP)|||2235-60-102-1-03|CSS-Central Share-National Family Benefit Scheme (NSAP)|V|Header|Detailed-Head|||||100.0
133|05|14|2235|Social Security and Welfare|60|Other Social Security and Welfare Programmes|102|Pensions under Social Security Schemes|1||03|CSS-Central Share-National Family Benefit Scheme (NSAP)|100|Financial Assistance/Relief|2235-60-102-1-03|Financial Assistance/Relief|V|Data|Object-Head|2464.72|1233.00|4190.88|2636.64|100.0
134|05|14|2235|Social Security and Welfare|60|Other Social Security and Welfare Programmes|102|Pensions under Social Security Schemes|1||03|CSS-Central Share-National Family Benefit Scheme (NSAP)|422|Schedule Caste Sub Plan|2235-60-102-1-03|Schedule Caste Sub Plan|V|Data|Object-Head|855.20|427.50|427.50|769.02|100.0
134|05|14|2235|Social Security and Welfare|60|Other Social Security and Welfare Programmes|102|Pensions under Social Security Schemes|1||03|CSS-Central Share-National Family Benefit Scheme (NSAP)|423|Tribal Sub Plan|2235-60-102-1-03|Tribal Sub Plan|V|Data|Object-Head|342.08|139.50|264.66|256.34|100.0
134|05|14|2235|Social Security and Welfare|60|Other Social Security and Welfare Programmes|102|Pensions under Social Security Schemes|1||03|CSS-Central Share-National Family Benefit Scheme (NSAP)|||2235-60-102-1-03|HOA Total :|V|Total|Detailed-Head|3662.00|1800.00|4883.04|3662.00|100.0
134|05|14|2235|Social Security and Welfare|60|Other Social Security and Welfare Programmes|102|Pensions under Social Security Schemes|1||05|Monthly Financial Assistance to Endosulphan Victims|||2235-60-102-1-05|Monthly Financial Assistance to Endosulphan Victims|V|Header|Detailed-Head|||||100.0
134|05|14|2235|Social Security and Welfare|60|Other Social Security and Welfare Programmes|102|Pensions under Social Security Schemes|1||05|Monthly Financial Assistance to Endosulphan Victims|116|Social Security Pensions|2235-60-102-1-05|Social Security Pensions|V|Data|Object-Head|2746.00|2979.00|2979.00|3240.00|100.0
134|05|14|2235|Social Security and Welfare|60|Other Social Security and Welfare Programmes|102|Pensions under Social Security Schemes|1||05|Monthly Financial Assistance to Endosulphan Victims|||2235-60-102-1-05|HOA Total :|V|Total|Detailed-Head|2746.00|2979.00|2979.00|3240.00|100.0
134|05|14|2235|Social Security and Welfare|60|Other Social Security and Welfare Programmes|102|Pensions under Social Security Schemes|1||06|Manaswini|||2235-60-102-1-06|Manaswini|V|Header|Detailed-Head|||||100.0
134|05|14|2235|Social Security and Welfare|60|Other Social Security and Welfare Programmes|102|Pensions under Social Security Schemes|1||06|Manaswini|116|Social Security Pensions|2235-60-102-1-06|Social Security Pensions|V|Data|Object-Head|11487.54|13355.55|13355.55|11133.51|100.0
134|05|14|2235|Social Security and Welfare|60|Other Social Security and Welfare Programmes|102|Pensions under Social Security Schemes|1||06|Manaswini|422|Schedule Caste Sub Plan|2235-60-102-1-06|Schedule Caste Sub Plan|V|Data|Object-Head|1537.66|1740.96|1740.96|3031.66|100.0
134|05|14|2235|Social Security and Welfare|60|Other Social Security and Welfare Programmes|102|Pensions under Social Security Schemes|1||06|Manaswini|423|Tribal Sub Plan|2235-60-102-1-06|Tribal Sub Plan|V|Data|Object-Head|634.82|870.48|870.48|1515.83|100.0
134|05|14|2235|Social Security and Welfare|60|Other Social Security and Welfare Programmes|102|Pensions under Social Security Schemes|1||06|Manaswini|||2235-60-102-1-06|HOA Total :|V|Total|Detailed-Head|13660.02|15966.99|15966.99|15681.00|100.0
134|05|14|2235|Social Security and Welfare|60|Other Social Security and Welfare Programmes|102|Pensions under Social Security Schemes|1||07|Mythri|||2235-60-102-1-07|Mythri|V|Header|Detailed-Head|||||100.0
134|05|14|2235|Social Security and Welfare|60|Other Social Security and Welfare Programmes|102|Pensions under Social Security Schemes|1||07|Mythri|116|Social Security Pensions|2235-60-102-1-07|Social Security Pensions|V|Data|Object-Head|282.05|254.00|374.37|264.00|100.0
134|05|14|2235|Social Security and Welfare|60|Other Social Security and Welfare Programmes|102|Pensions under Social Security Schemes|1||07|Mythri|||2235-60-102-1-07|HOA Total :|V|Total|Detailed-Head|282.05|254.00|374.37|264.00|100.0
134|05|14|2235|Social Security and Welfare|60|Other Social Security and Welfare Programmes|102|Pensions under Social Security Schemes|1||08|Widow Pension for Farmers Suicide Cases|||2235-60-102-1-08|Widow Pension for Farmers Suicide Cases|V|Header|Detailed-Head|||||100.0
134|05|14|2235|Social Security and Welfare|60|Other Social Security and Welfare Programmes|102|Pensions under Social Security Schemes|1||08|Widow Pension for Farmers Suicide Cases|100|Financial Assistance/Relief|2235-60-102-1-08|Financial Assistance/Relief|V|Data|Object-Head|6955.34|6748.73|6748.73|6700.00|100.0
134|05|14|2235|Social Security and Welfare|60|Other Social Security and Welfare Programmes|102|Pensions under Social Security Schemes|1||08|Widow Pension for Farmers Suicide Cases|116|Social Security Pensions|2235-60-102-1-08|Social Security Pensions|V|Data|Object-Head|1024.10|1042.65|1042.65|1157.17|100.0
134|05|14|2235|Social Security and Welfare|60|Other Social Security and Welfare Programmes|102|Pensions under Social Security Schemes|1||08|Widow Pension for Farmers Suicide Cases|422|Schedule Caste Sub Plan|2235-60-102-1-08|Schedule Caste Sub Plan|V|Data|Object-Head|422.88|495.69|495.69|550.13|100.0
134|05|14|2235|Social Security and Welfare|60|Other Social Security and Welfare Programmes|102|Pensions under Social Security Schemes|1||08|Widow Pension for Farmers Suicide Cases|423|Tribal Sub Plan|2235-60-102-1-08|Tribal Sub Plan|V|Data|Object-Head|130.06|170.93|170.93|189.70|100.0
134|05|14|2235|Social Security and Welfare|60|Other Social Security and Welfare Programmes|102|Pensions under Social Security Schemes|1||08|Widow Pension for Farmers Suicide Cases|||2235-60-102-1-08|HOA Total :|V|Total|Detailed-Head|8532.38|8458.00|8458.00|8597.00|100.0
134|05|14|2235|Social Security and Welfare|60|Other Social Security and Welfare Programmes|102|Pensions under Social Security Schemes|1||09|Pension to Acid Attack Victims|||2235-60-102-1-09|Pension to Acid Attack Victims|V|Header|Detailed-Head|||||100.0
134|05|14|2235|Social Security and Welfare|60|Other Social Security and Welfare Programmes|102|Pensions under Social Security Schemes|1||09|Pension to Acid Attack Victims|116|Social Security Pensions|2235-60-102-1-09|Social Security Pensions|V|Data|Object-Head|66.80|73.00|73.00|72.00|100.0
134|05|14|2235|Social Security and Welfare|60|Other Social Security and Welfare Programmes|102|Pensions under Social Security Schemes|1||09|Pension to Acid Attack Victims|||2235-60-102-1-09|HOA Total :|V|Total|Detailed-Head|66.80|73.00|73.00|72.00|100.0
135|05|14|2235|Social Security and Welfare|60|Other Social Security and Welfare Programmes|102|Pensions under Social Security Schemes|1||10|CSS-State Share-Old Age Pension (NSAP)|||2235-60-102-1-10|CSS-State Share-Old Age Pension (NSAP)|V|Header|Detailed-Head|||||100.0
135|05|14|2235|Social Security and Welfare|60|Other Social Security and Welfare Programmes|102|Pensions under Social Security Schemes|1||10|CSS-State Share-Old Age Pension (NSAP)|116|Social Security Pensions|2235-60-102-1-10|Social Security Pensions|V|Data|Object-Head|182429.96|157175.98|157175.98|183459.60|100.0
135|05|14|2235|Social Security and Welfare|60|Other Social Security and Welfare Programmes|102|Pensions under Social Security Schemes|1||10|CSS-State Share-Old Age Pension (NSAP)|422|Schedule Caste Sub Plan|2235-60-102-1-10|Schedule Caste Sub Plan|V|Data|Object-Head|61847.43|54495.33|54495.33|53509.05|100.0
135|05|14|2235|Social Security and Welfare|60|Other Social Security and Welfare Programmes|102|Pensions under Social Security Schemes|1||10|CSS-State Share-Old Age Pension (NSAP)|423|Tribal Sub Plan|2235-60-102-1-10|Tribal Sub Plan|V|Data|Object-Head|19989.47|17782.69|17782.69|17836.35|100.0
135|05|14|2235|Social Security and Welfare|60|Other Social Security and Welfare Programmes|102|Pensions under Social Security Schemes|1||10|CSS-State Share-Old Age Pension (NSAP)|||2235-60-102-1-10|HOA Total :|V|Total|Detailed-Head|264266.86|229454.00|229454.00|254805.00|100.0
135|05|14|2235|Social Security and Welfare|60|Other Social Security and Welfare Programmes|102|Pensions under Social Security Schemes|1||11|CSS-State Share-National Family Benefit Scheme (NSAP)|||2235-60-102-1-11|CSS-State Share-National Family Benefit Scheme (NSAP)|V|Header|Detailed-Head|||||100.0
135|05|14|2235|Social Security and Welfare|60|Other Social Security and Welfare Programmes|102|Pensions under Social Security Schemes|1||11|CSS-State Share-National Family Benefit Scheme (NSAP)|100|Financial Assistance/Relief|2235-60-102-1-11|Financial Assistance/Relief|V|Data|Object-Head|2212.00|2916.04|2916.04|2592.00|100.0
135|05|14|2235|Social Security and Welfare|60|Other Social Security and Welfare Programmes|102|Pensions under Social Security Schemes|1||11|CSS-State Share-National Family Benefit Scheme (NSAP)|422|Schedule Caste Sub Plan|2235-60-102-1-11|Schedule Caste Sub Plan|V|Data|Object-Head|651.40|1011.04|1011.04|756.00|100.0
135|05|14|2235|Social Security and Welfare|60|Other Social Security and Welfare Programmes|102|Pensions under Social Security Schemes|1||11|CSS-State Share-National Family Benefit Scheme (NSAP)|423|Tribal Sub Plan|2235-60-102-1-11|Tribal Sub Plan|V|Data|Object-Head|319.80|329.92|329.92|252.00|100.0
135|05|14|2235|Social Security and Welfare|60|Other Social Security and Welfare Programmes|102|Pensions under Social Security Schemes|1||11|CSS-State Share-National Family Benefit Scheme (NSAP)|||2235-60-102-1-11|HOA Total :|V|Total|Detailed-Head|3183.20|4257.00|4257.00|3600.00|100.0
135|05|14|2235|Social Security and Welfare|60|Other Social Security and Welfare Programmes|102|Pensions under Social Security Schemes|2||01|CSS-Central Share-Destitute Widow Pension (NSAP)|||2235-60-102-2-01|CSS-Central Share-Destitute Widow Pension (NSAP)|V|Header|Detailed-Head|||||100.0
135|05|14|2235|Social Security and Welfare|60|Other Social Security and Welfare Programmes|102|Pensions under Social Security Schemes|2||01|CSS-Central Share-Destitute Widow Pension (NSAP)|116|Social Security Pensions|2235-60-102-2-01|Social Security Pensions|V|Data|Object-Head|6986.61|10814.78|14903.55|13680.00|100.0
135|05|14|2235|Social Security and Welfare|60|Other Social Security and Welfare Programmes|102|Pensions under Social Security Schemes|2||01|CSS-Central Share-Destitute Widow Pension (NSAP)|422|Schedule Caste Sub Plan|2235-60-102-2-01|Schedule Caste Sub Plan|V|Data|Object-Head|473.99|3749.65|3938.60|3990.00|100.0
135|05|14|2235|Social Security and Welfare|60|Other Social Security and Welfare Programmes|102|Pensions under Social Security Schemes|2||01|CSS-Central Share-Destitute Widow Pension (NSAP)|423|Tribal Sub Plan|2235-60-102-2-01|Tribal Sub Plan|V|Data|Object-Head|919.98|1223.57|2323.46|1330.00|100.0
135|05|14|2235|Social Security and Welfare|60|Other Social Security and Welfare Programmes|102|Pensions under Social Security Schemes|2||01|CSS-Central Share-Destitute Widow Pension (NSAP)|||2235-60-102-2-01|HOA Total :|V|Total|Detailed-Head|8380.58|15788.00|21165.61|19000.00|100.0
135|05|14|2235|Social Security and Welfare|60|Other Social Security and Welfare Programmes|102|Pensions under Social Security Schemes|2||03|CSS-State Share-Destitute Widow Pension (NSAP)|||2235-60-102-2-03|CSS-State Share-Destitute Widow Pension (NSAP)|V|Header|Detailed-Head|||||100.0
135|05|14|2235|Social Security and Welfare|60|Other Social Security and Welfare Programmes|102|Pensions under Social Security Schemes|2||03|CSS-State Share-Destitute Widow Pension (NSAP)|116|Social Security Pensions|2235-60-102-2-03|Social Security Pensions|V|Data|Object-Head|130661.23|117545.32|117545.32|123834.24|100.0
135|05|14|2235|Social Security and Welfare|60|Other Social Security and Welfare Programmes|102|Pensions under Social Security Schemes|2||03|CSS-State Share-Destitute Widow Pension (NSAP)|422|Schedule Caste Sub Plan|2235-60-102-2-03|Schedule Caste Sub Plan|V|Data|Object-Head|42215.36|40754.76|40754.76|36118.32|100.0
135|05|14|2235|Social Security and Welfare|60|Other Social Security and Welfare Programmes|102|Pensions under Social Security Schemes|2||03|CSS-State Share-Destitute Widow Pension (NSAP)|423|Tribal Sub Plan|2235-60-102-2-03|Tribal Sub Plan|V|Data|Object-Head|14440.12|13298.92|13298.92|12039.44|100.0
135|05|14|2235|Social Security and Welfare|60|Other Social Security and Welfare Programmes|102|Pensions under Social Security Schemes|2||03|CSS-State Share-Destitute Widow Pension (NSAP)|||2235-60-102-2-03|HOA Total :|V|Total|Detailed-Head|187316.71|171599.00|171599.00|171992.00|100.0
136|05|14|2235|Social Security and Welfare|60|Other Social Security and Welfare Programmes|107|Assistance to Freedom Fighters|0||01|State Freedom fighters Pensions|||2235-60-107-0-01|State Freedom fighters Pensions|V|Header|Detailed-Head|||||100.0
136|05|14|2235|Social Security and Welfare|60|Other Social Security and Welfare Programmes|107|Assistance to Freedom Fighters|0||01|State Freedom fighters Pensions|251|Pension & Retirement Benefits|2235-60-107-0-01|Pension & Retirement Benefits|V|Data|Object-Head|2889.00|4013.00|4013.00|3902.00|100.0
136|05|14|2235|Social Security and Welfare|60|Other Social Security and Welfare Programmes|107|Assistance to Freedom Fighters|0||01|State Freedom fighters Pensions|||2235-60-107-0-01|HOA Total :|V|Total|Detailed-Head|2889.00|4013.00|4013.00|3902.00|100.0
136|05|14|2235|Social Security and Welfare|60|Other Social Security and Welfare Programmes|107|Assistance to Freedom Fighters|0||08|Goa Freedom Fighters Pension|||2235-60-107-0-08|Goa Freedom Fighters Pension|V|Header|Detailed-Head|||||100.0
136|05|14|2235|Social Security and Welfare|60|Other Social Security and Welfare Programmes|107|Assistance to Freedom Fighters|0||08|Goa Freedom Fighters Pension|251|Pension & Retirement Benefits|2235-60-107-0-08|Pension & Retirement Benefits|V|Data|Object-Head|609.66|729.00|729.00|656.00|100.0
136|05|14|2235|Social Security and Welfare|60|Other Social Security and Welfare Programmes|107|Assistance to Freedom Fighters|0||08|Goa Freedom Fighters Pension|||2235-60-107-0-08|HOA Total :|V|Total|Detailed-Head|609.66|729.00|729.00|656.00|100.0
136|05|14|2235|Social Security and Welfare|60|Other Social Security and Welfare Programmes|||||||||2235|2235 - Total :|V|Total|Major-Head|1112232.85|1088302.24|1071587.99|1191972.05|
137|05|14|2245|Relief on Account of Natural Calamities|05||101||0||04|Transfer of State Share to State Disaster Response Fund|||2245-05-101-0-04|Transfer of State Share to State Disaster Response Fund||Header|Detailed-Head|||||100.0
137|05|14|2245|Relief on Account of Natural Calamities|05||101||0||04|Transfer of State Share to State Disaster Response Fund|261|Inter Account Transfers|2245-05-101-0-04|Inter Account Transfers||Data|Object-Head|24400.00|25626.66|5626.66|30975.00|100.0
137|05|14|2245|Relief on Account of Natural Calamities|05||101||0||04|Transfer of State Share to State Disaster Response Fund|||2245-05-101-0-04|HOA Total :||Total|Detailed-Head|24400.00|25626.66|5626.66|30975.00|100.0
137|05|14|2245|Relief on Account of Natural Calamities|05||101||0||05|National Disaster Response Fund|||2245-05-101-0-05|National Disaster Response Fund||Header|Detailed-Head|||||100.0
137|05|14|2245|Relief on Account of Natural Calamities|05||101||0||05|National Disaster Response Fund|261|Inter Account Transfers|2245-05-101-0-05|Inter Account Transfers||Data|Object-Head|360006.30||||100.0
137|05|14|2245|Relief on Account of Natural Calamities|05||101||0||05|National Disaster Response Fund|||2245-05-101-0-05|HOA Total :||Total|Detailed-Head|360006.30|0.00|0.00|0.00|100.0
137|05|14|2245|Relief on Account of Natural Calamities|05||101||0||08|XV FCG- Transfer of Central Share to State Disaster Response Fund|||2245-05-101-0-08|XV FCG- Transfer of Central Share to State Disaster Response Fund||Header|Detailed-Head|||||100.0
137|05|14|2245|Relief on Account of Natural Calamities|05||101||0||08|XV FCG- Transfer of Central Share to State Disaster Response Fund|261|Inter Account Transfers|2245-05-101-0-08|Inter Account Transfers||Data|Object-Head|73200.00|76880.00|76880.00||100.0
137|05|14|2245|Relief on Account of Natural Calamities|05||101||0||08|XV FCG- Transfer of Central Share to State Disaster Response Fund|||2245-05-101-0-08|HOA Total :||Total|Detailed-Head|73200.00|76880.00|76880.00|0.00|100.0
137|05|14|2245|Relief on Account of Natural Calamities|05||101||0||09|XV FCG- Transfer of Central Share to State Disaster Mitigation Fund|||2245-05-101-0-09|XV FCG- Transfer of Central Share to State Disaster Mitigation Fund||Header|Detailed-Head|||||100.0
137|05|14|2245|Relief on Account of Natural Calamities|05||101||0||09|XV FCG- Transfer of Central Share to State Disaster Mitigation Fund|261|Inter Account Transfers|2245-05-101-0-09|Inter Account Transfers||Data|Object-Head||19220.00|61950.00||100.0
137|05|14|2245|Relief on Account of Natural Calamities|05||101||0||09|XV FCG- Transfer of Central Share to State Disaster Mitigation Fund|||2245-05-101-0-09|HOA Total :||Total|Detailed-Head|0.00|19220.00|61950.00|0.00|100.0
137|05|14|2245|Relief on Account of Natural Calamities|05||101||0||10|Transfer of State Share to State Disaster Mitigation Fund|||2245-05-101-0-10|Transfer of State Share to State Disaster Mitigation Fund||Header|Detailed-Head|||||100.0
137|05|14|2245|Relief on Account of Natural Calamities|05||101||0||10|Transfer of State Share to State Disaster Mitigation Fund|261|Inter Account Transfers|2245-05-101-0-10|Inter Account Transfers||Data|Object-Head||6406.67||7750.00|100.0
137|05|14|2245|Relief on Account of Natural Calamities|05||101||0||10|Transfer of State Share to State Disaster Mitigation Fund|||2245-05-101-0-10|HOA Total :||Total|Detailed-Head|0.00|6406.67|0.00|7750.00|100.0
137|05|14|2245|Relief on Account of Natural Calamities|05||101||0||11|CSS-Central Share-XVI FCG- Transfer of Central Share to SDRF|||2245-05-101-0-11|CSS-Central Share-XVI FCG- Transfer of Central Share to SDRF||Header|Detailed-Head|||||100.0
137|05|14|2245|Relief on Account of Natural Calamities|05||101||0||11|CSS-Central Share-XVI FCG- Transfer of Central Share to SDRF|261|Inter Account Transfers|2245-05-101-0-11|Inter Account Transfers||Data|Object-Head||||92925.00|100.0
137|05|14|2245|Relief on Account of Natural Calamities|05||101||0||11|CSS-Central Share-XVI FCG- Transfer of Central Share to SDRF|||2245-05-101-0-11|HOA Total :||Total|Detailed-Head|0.00|0.00|0.00|92925.00|100.0
138|05|14|2245|Relief on Account of Natural Calamities|05||101||0||12|CSS-Central Share-XVI FCG- Transfer of Central Share to SDMF|||2245-05-101-0-12|CSS-Central Share-XVI FCG- Transfer of Central Share to SDMF||Header|Detailed-Head|||||100.0
138|05|14|2245|Relief on Account of Natural Calamities|05||101||0||12|CSS-Central Share-XVI FCG- Transfer of Central Share to SDMF|261|Inter Account Transfers|2245-05-101-0-12|Inter Account Transfers||Data|Object-Head||||23250.00|100.0
138|05|14|2245|Relief on Account of Natural Calamities|05||101||0||12|CSS-Central Share-XVI FCG- Transfer of Central Share to SDMF|||2245-05-101-0-12|HOA Total :||Total|Detailed-Head|0.00|0.00|0.00|23250.00|100.0
138|05|14|2245|Relief on Account of Natural Calamities|05||901||0||03|Deduct - Amount met from State Disaster Relief Fund - Karnataka|||2245-05-901-0-03|Deduct - Amount met from State Disaster Relief Fund - Karnataka||Header|Detailed-Head|||||100.0
138|05|14|2245|Relief on Account of Natural Calamities|05||901||0||03|Deduct - Amount met from State Disaster Relief Fund - Karnataka|261|Inter Account Transfers|2245-05-901-0-03|Inter Account Transfers||Data|Object-Head|-53013.09|-102506.66|-102506.66|-123900.00|100.0
138|05|14|2245|Relief on Account of Natural Calamities|05||901||0||03|Deduct - Amount met from State Disaster Relief Fund - Karnataka|||2245-05-901-0-03|HOA Total :||Total|Detailed-Head|-53013.09|-102506.66|-102506.66|-123900.00|100.0
138|05|14|2245|Relief on Account of Natural Calamities|05||901||0||04|Deduct - Amount met from National Disaster Relief Fund|||2245-05-901-0-04|Deduct - Amount met from National Disaster Relief Fund||Header|Detailed-Head|||||100.0
138|05|14|2245|Relief on Account of Natural Calamities|05||901||0||04|Deduct - Amount met from National Disaster Relief Fund|261|Inter Account Transfers|2245-05-901-0-04|Inter Account Transfers||Data|Object-Head|-345422.00||||100.0
138|05|14|2245|Relief on Account of Natural Calamities|05||901||0||04|Deduct - Amount met from National Disaster Relief Fund|||2245-05-901-0-04|HOA Total :||Total|Detailed-Head|-345422.00|0.00|0.00|0.00|100.0
138|05|14|2245|Relief on Account of Natural Calamities|05||901||0||05|Deduct - Amount met from State Disaster Mitigation Fund|||2245-05-901-0-05|Deduct - Amount met from State Disaster Mitigation Fund||Header|Detailed-Head|||||100.0
138|05|14|2245|Relief on Account of Natural Calamities|05||901||0||05|Deduct - Amount met from State Disaster Mitigation Fund|261|Inter Account Transfers|2245-05-901-0-05|Inter Account Transfers||Data|Object-Head|-10699.82|-25626.67|-82600.00|-31000.00|100.0
138|05|14|2245|Relief on Account of Natural Calamities|05||901||0||05|Deduct - Amount met from State Disaster Mitigation Fund|||2245-05-901-0-05|HOA Total :||Total|Detailed-Head|-10699.82|-25626.67|-82600.00|-31000.00|100.0
138|05|14|2245|Relief on Account of Natural Calamities|07||101||0||01|National Disaster Mitigation Fund(Central and State Share)|||2245-07-101-0-01|National Disaster Mitigation Fund(Central and State Share)||Header|Detailed-Head|||||100.0
138|05|14|2245|Relief on Account of Natural Calamities|07||101||0||01|National Disaster Mitigation Fund(Central and State Share)|059|Other Expenses|2245-07-101-0-01|Other Expenses||Data|Object-Head|||5500.00||100.0
138|05|14|2245|Relief on Account of Natural Calamities|07||101||0||01|National Disaster Mitigation Fund(Central and State Share)|||2245-07-101-0-01|HOA Total :||Total|Detailed-Head|0.00|0.00|5500.00|0.00|100.0
138|05|14|2245|Relief on Account of Natural Calamities|07||101||0||02|Transfer of Central Share to National Disaster Mitigation Fund|||2245-07-101-0-02|Transfer of Central Share to National Disaster Mitigation Fund||Header|Detailed-Head|||||100.0
138|05|14|2245|Relief on Account of Natural Calamities|07||101||0||02|Transfer of Central Share to National Disaster Mitigation Fund|261|Inter Account Transfers|2245-07-101-0-02|Inter Account Transfers||Data|Object-Head|||5000.00||100.0
138|05|14|2245|Relief on Account of Natural Calamities|07||101||0||02|Transfer of Central Share to National Disaster Mitigation Fund|||2245-07-101-0-02|HOA Total :||Total|Detailed-Head|0.00|0.00|5000.00|0.00|100.0
139|05|14|2245|Relief on Account of Natural Calamities|07||101||0||03|Transfer of State Share to National Disaster Mitigation Fund|||2245-07-101-0-03|Transfer of State Share to National Disaster Mitigation Fund||Header|Detailed-Head|||||100.0
139|05|14|2245|Relief on Account of Natural Calamities|07||101||0||03|Transfer of State Share to National Disaster Mitigation Fund|261|Inter Account Transfers|2245-07-101-0-03|Inter Account Transfers||Data|Object-Head|||500.00||100.0
139|05|14|2245|Relief on Account of Natural Calamities|07||101||0||03|Transfer of State Share to National Disaster Mitigation Fund|||2245-07-101-0-03|HOA Total :||Total|Detailed-Head|0.00|0.00|500.00|0.00|100.0
139|05|14|2245|Relief on Account of Natural Calamities|07||901||0||01|Deduct -Amount met from National Disaster Mitigation Fund|||2245-07-901-0-01|Deduct -Amount met from National Disaster Mitigation Fund||Header|Detailed-Head|||||100.0
139|05|14|2245|Relief on Account of Natural Calamities|07||901||0||01|Deduct -Amount met from National Disaster Mitigation Fund|261|Inter Account Transfers|2245-07-901-0-01|Inter Account Transfers||Data|Object-Head|||-5500.00||100.0
139|05|14|2245|Relief on Account of Natural Calamities|07||901||0||01|Deduct -Amount met from National Disaster Mitigation Fund|||2245-07-901-0-01|HOA Total :||Total|Detailed-Head|0.00|0.00|-5500.00|0.00|100.0
139|05|14|2245|Relief on Account of Natural Calamities|08||101||0||01|State Disaster Mitigation Fund|||2245-08-101-0-01|State Disaster Mitigation Fund||Header|Detailed-Head|||||100.0
139|05|14|2245|Relief on Account of Natural Calamities|08||101||0||01|State Disaster Mitigation Fund|059|Other Expenses|2245-08-101-0-01|Other Expenses||Data|Object-Head|10699.82|25626.67|49610.77|31000.00|100.0
139|05|14|2245|Relief on Account of Natural Calamities|08||101||0||01|State Disaster Mitigation Fund|||2245-08-101-0-01|HOA Total :||Total|Detailed-Head|10699.82|25626.67|49610.77|31000.00|100.0
139|05|14|2245|Relief on Account of Natural Calamities|80||001||0||01|Disaster Management Cell|||2245-80-001-0-01|Disaster Management Cell||Header|Detailed-Head|||||100.0
139|05|14|2245|Relief on Account of Natural Calamities|80||001||0||01|Disaster Management Cell|002|Basic Pay|2245-80-001-0-01|Basic Pay||Data|Object-Head|7.46|12.00|12.00|13.00|100.0
139|05|14|2245|Relief on Account of Natural Calamities|80||001||0||01|Disaster Management Cell|003|Basic Pay-Staff|2245-80-001-0-01|Basic Pay-Staff||Data|Object-Head|8.57||||100.0
139|05|14|2245|Relief on Account of Natural Calamities|80||001||0||01|Disaster Management Cell|004|Interim Relief|2245-80-001-0-01|Interim Relief||Data|Object-Head|0.52||||100.0
139|05|14|2245|Relief on Account of Natural Calamities|80||001||0||01|Disaster Management Cell|011|Dearness Allowance|2245-80-001-0-01|Dearness Allowance||Data|Object-Head|5.53|3.00|3.00|4.00|100.0
139|05|14|2245|Relief on Account of Natural Calamities|80||001||0||01|Disaster Management Cell|014|Other Allowance|2245-80-001-0-01|Other Allowance||Data|Object-Head|5.14|6.00|6.00|5.00|100.0
139|05|14|2245|Relief on Account of Natural Calamities|80||001||0||01|Disaster Management Cell|020|Medical Allowance|2245-80-001-0-01|Medical Allowance||Data|Object-Head|0.04||||100.0
139|05|14|2245|Relief on Account of Natural Calamities|80||001||0||01|Disaster Management Cell|021|Reimbursement of Medical Expenses|2245-80-001-0-01|Reimbursement of Medical Expenses||Data|Object-Head||3.00|3.00|3.00|100.0
139|05|14|2245|Relief on Account of Natural Calamities|80||001||0||01|Disaster Management Cell|034|Contract/Outsource|2245-80-001-0-01|Contract/Outsource||Data|Object-Head|2.66|9.20|19.64|12.00|100.0
139|05|14|2245|Relief on Account of Natural Calamities|80||001||0||01|Disaster Management Cell|041|Travel Expenses|2245-80-001-0-01|Travel Expenses||Data|Object-Head||1.00|1.00||100.0
139|05|14|2245|Relief on Account of Natural Calamities|80||001||0||01|Disaster Management Cell|195|Transport Expenses|2245-80-001-0-01|Transport Expenses||Data|Object-Head|4.19|5.00|5.00|4.65|100.0
139|05|14|2245|Relief on Account of Natural Calamities|80||001||0||01|Disaster Management Cell|||2245-80-001-0-01|HOA Total :||Total|Detailed-Head|34.11|39.20|49.64|41.65|100.0
140|05|14|2245|Relief on Account of Natural Calamities|80|General|001|Direction and Administration|0||04|Karnataka State Natural Disaster Monitoring Centre|||2245-80-001-0-04|Karnataka State Natural Disaster Monitoring Centre|V|Header|Detailed-Head|||||100.0
140|05|14|2245|Relief on Account of Natural Calamities|80|General|001|Direction and Administration|0||04|Karnataka State Natural Disaster Monitoring Centre|101|Grants-in-Aid-Salaries|2245-80-001-0-04|Grants-in-Aid-Salaries|V|Data|Object-Head|288.65|377.40|377.40|391.45|100.0
140|05|14|2245|Relief on Account of Natural Calamities|80|General|001|Direction and Administration|0||04|Karnataka State Natural Disaster Monitoring Centre|103|Grants-in-Aid -General|2245-80-001-0-04|Grants-in-Aid -General|V|Data|Object-Head|150.00|150.00|150.00|100.00|100.0
140|05|14|2245|Relief on Account of Natural Calamities|80|General|001|Direction and Administration|0||04|Karnataka State Natural Disaster Monitoring Centre|115|GIA Contract /Outsource|2245-80-001-0-04|GIA Contract /Outsource|V|Data|Object-Head|262.32|237.84|237.84|230.98|100.0
140|05|14|2245|Relief on Account of Natural Calamities|80|General|001|Direction and Administration|0||04|Karnataka State Natural Disaster Monitoring Centre|||2245-80-001-0-04|HOA Total :|V|Total|Detailed-Head|700.97|765.24|765.24|722.43|100.0
140|05|14|2245|Relief on Account of Natural Calamities|80|General|102|Management of Natural Disasters, Contingency Plans etc.|0||01|State Disaster Response Fund|||2245-80-102-0-01|State Disaster Response Fund|V|Header|Detailed-Head|||||100.0
140|05|14|2245|Relief on Account of Natural Calamities|80|General|102|Management of Natural Disasters, Contingency Plans etc.|0||01|State Disaster Response Fund|051|General Expenses|2245-80-102-0-01|General Expenses|V|Data|Object-Head|2772.34|12813.33|8606.66||100.0
140|05|14|2245|Relief on Account of Natural Calamities|80|General|102|Management of Natural Disasters, Contingency Plans etc.|0||01|State Disaster Response Fund|059|Other Expenses|2245-80-102-0-01|Other Expenses|V|Data|Object-Head|373062.75|51253.33|168146.00|61950.00|100.0
140|05|14|2245|Relief on Account of Natural Calamities|80|General|102|Management of Natural Disasters, Contingency Plans etc.|0||01|State Disaster Response Fund|140|Minor Works|2245-80-102-0-01|Minor Works|V|Data|Object-Head|22600.00|38440.00||61950.00|100.0
140|05|14|2245|Relief on Account of Natural Calamities|80|General|102|Management of Natural Disasters, Contingency Plans etc.|0||01|State Disaster Response Fund|||2245-80-102-0-01|HOA Total :|V|Total|Detailed-Head|398435.09|102506.66|176752.66|123900.00|100.0
140|05|14|2245|Relief on Account of Natural Calamities|80|General|102|Management of Natural Disasters, Contingency Plans etc.|0||03|CSS-Central Share-National Cyclone Risk Mitigation Project|||2245-80-102-0-03|CSS-Central Share-National Cyclone Risk Mitigation Project|V|Header|Detailed-Head|||||100.0
140|05|14|2245|Relief on Account of Natural Calamities|80|General|102|Management of Natural Disasters, Contingency Plans etc.|0||03|CSS-Central Share-National Cyclone Risk Mitigation Project|034|Contract/Outsource|2245-80-102-0-03|Contract/Outsource|V|Data|Object-Head|1.40||||100.0
140|05|14|2245|Relief on Account of Natural Calamities|80|General|102|Management of Natural Disasters, Contingency Plans etc.|0||03|CSS-Central Share-National Cyclone Risk Mitigation Project|059|Other Expenses|2245-80-102-0-03|Other Expenses|V|Data|Object-Head|0.11|1.00|448.16|1.00|100.0
140|05|14|2245|Relief on Account of Natural Calamities|80|General|102|Management of Natural Disasters, Contingency Plans etc.|0||03|CSS-Central Share-National Cyclone Risk Mitigation Project|||2245-80-102-0-03|HOA Total :|V|Total|Detailed-Head|1.51|1.00|448.16|1.00|100.0
140|05|14|2245|Relief on Account of Natural Calamities|80|General|102|Management of Natural Disasters, Contingency Plans etc.|0||04|Strengthening of State Disaster Management Authority and District Disaster Management Authoritly|||2245-80-102-0-04|Strengthening of State Disaster Management Authority and District Disaster Management Authoritly|V|Header|Detailed-Head|||||100.0
140|05|14|2245|Relief on Account of Natural Calamities|80|General|102|Management of Natural Disasters, Contingency Plans etc.|0||04|Strengthening of State Disaster Management Authority and District Disaster Management Authoritly|034|Contract/Outsource|2245-80-102-0-04|Contract/Outsource|V|Data|Object-Head|3.83|9.00|9.00||100.0
140|05|14|2245|Relief on Account of Natural Calamities|80|General|102|Management of Natural Disasters, Contingency Plans etc.|0||04|Strengthening of State Disaster Management Authority and District Disaster Management Authoritly|||2245-80-102-0-04|HOA Total :|V|Total|Detailed-Head|3.83|9.00|9.00|0.00|100.0
141|05|14|2245|Relief on Account of Natural Calamities|80|General|102|Management of Natural Disasters, Contingency Plans etc.|0||05|CSS-State Share-National Cyclone Risk Mitigation Project|||2245-80-102-0-05|CSS-State Share-National Cyclone Risk Mitigation Project|V|Header|Detailed-Head|||||100.0
141|05|14|2245|Relief on Account of Natural Calamities|80|General|102|Management of Natural Disasters, Contingency Plans etc.|0||05|CSS-State Share-National Cyclone Risk Mitigation Project|059|Other Expenses|2245-80-102-0-05|Other Expenses|V|Data|Object-Head||1.00|1.00|1.00|100.0
141|05|14|2245|Relief on Account of Natural Calamities|80|General|102|Management of Natural Disasters, Contingency Plans etc.|0||05|CSS-State Share-National Cyclone Risk Mitigation Project|||2245-80-102-0-05|HOA Total :|V|Total|Detailed-Head|0.00|1.00|1.00|1.00|100.0
141|05|14|2245|Relief on Account of Natural Calamities|80|General|102|Management of Natural Disasters, Contingency Plans etc.|0||06|State's Additional Share of expenditure under SDRF|||2245-80-102-0-06|State's Additional Share of expenditure under SDRF|V|Header|Detailed-Head|||||100.0
141|05|14|2245|Relief on Account of Natural Calamities|80|General|102|Management of Natural Disasters, Contingency Plans etc.|0||06|State's Additional Share of expenditure under SDRF|051|General Expenses|2245-80-102-0-06|General Expenses|V|Data|Object-Head|||1556.64|1.00|100.0
141|05|14|2245|Relief on Account of Natural Calamities|80|General|102|Management of Natural Disasters, Contingency Plans etc.|0||06|State's Additional Share of expenditure under SDRF|059|Other Expenses|2245-80-102-0-06|Other Expenses|V|Data|Object-Head||||1.00|100.0
141|05|14|2245|Relief on Account of Natural Calamities|80|General|102|Management of Natural Disasters, Contingency Plans etc.|0||06|State's Additional Share of expenditure under SDRF|140|Minor Works|2245-80-102-0-06|Minor Works|V|Data|Object-Head|||4200.00|1.00|100.0
141|05|14|2245|Relief on Account of Natural Calamities|80|General|102|Management of Natural Disasters, Contingency Plans etc.|0||06|State's Additional Share of expenditure under SDRF|||2245-80-102-0-06|HOA Total :|V|Total|Detailed-Head|0.00|0.00|5756.64|3.00|100.0
141|05|14|2245|Relief on Account of Natural Calamities|80|General|911|Deduct Recoveries of Overpayments|0||01|Deduct Recoveries of Over Payment of Current Year|||2245-80-911-0-01|Deduct Recoveries of Over Payment of Current Year|V|Header|Detailed-Head|||||100.0
141|05|14|2245|Relief on Account of Natural Calamities|80|General|911|Deduct Recoveries of Overpayments|0||01|Deduct Recoveries of Over Payment of Current Year|364|Deduct - Recoveries|2245-80-911-0-01|Deduct - Recoveries|V|Data|Object-Head|-0.74||||100.0
141|05|14|2245|Relief on Account of Natural Calamities|80|General|911|Deduct Recoveries of Overpayments|0||01|Deduct Recoveries of Over Payment of Current Year|||2245-80-911-0-01|HOA Total :|V|Total|Detailed-Head|-0.74|0.00|0.00|0.00|100.0
141|05|14|2245|Relief on Account of Natural Calamities|80|General|911|Deduct Recoveries of Overpayments|0||02|Deduct Recoveries of Overpayment of Previous Years|||2245-80-911-0-02|Deduct Recoveries of Overpayment of Previous Years|V|Header|Detailed-Head|||||100.0
141|05|14|2245|Relief on Account of Natural Calamities|80|General|911|Deduct Recoveries of Overpayments|0||02|Deduct Recoveries of Overpayment of Previous Years|364|Deduct - Recoveries|2245-80-911-0-02|Deduct - Recoveries|V|Data|Object-Head|-1074.36||||100.0
141|05|14|2245|Relief on Account of Natural Calamities|80|General|911|Deduct Recoveries of Overpayments|0||02|Deduct Recoveries of Overpayment of Previous Years|||2245-80-911-0-02|HOA Total :|V|Total|Detailed-Head|-1074.36|0.00|0.00|0.00|100.0
141|05|14|2245|Relief on Account of Natural Calamities|80|General|||||||||2245|2245 - Total :|V|Total|Major-Head|457271.62|128948.77|198243.11|155669.08|
142|05|14|2250|Other Social Services|00||102|Hindu Religious Institutions and Charitable Endowments|4|Hindu Religious Institutions and Charitable Endowments|00|Hindu Religious Institutions and Charitable Endowments|||2250-00-102-4-00|Hindu Religious Institutions and Charitable Endowments|V|Header|Detailed-Head|||||100.0
142|05|14|2250|Other Social Services|00||102|Hindu Religious Institutions and Charitable Endowments|4|Hindu Religious Institutions and Charitable Endowments|00|Hindu Religious Institutions and Charitable Endowments|002|Basic Pay|2250-00-102-4-00|Basic Pay|V|Data|Object-Head|217.91|1164.00|1802.45|1682.00|100.0
142|05|14|2250|Other Social Services|00||102|Hindu Religious Institutions and Charitable Endowments|4|Hindu Religious Institutions and Charitable Endowments|00|Hindu Religious Institutions and Charitable Endowments|003|Basic Pay-Staff|2250-00-102-4-00|Basic Pay-Staff|V|Data|Object-Head|630.37||||100.0
142|05|14|2250|Other Social Services|00||102|Hindu Religious Institutions and Charitable Endowments|4|Hindu Religious Institutions and Charitable Endowments|00|Hindu Religious Institutions and Charitable Endowments|004|Interim Relief|2250-00-102-4-00|Interim Relief|V|Data|Object-Head|51.31||||100.0
142|05|14|2250|Other Social Services|00||102|Hindu Religious Institutions and Charitable Endowments|4|Hindu Religious Institutions and Charitable Endowments|00|Hindu Religious Institutions and Charitable Endowments|011|Dearness Allowance|2250-00-102-4-00|Dearness Allowance|V|Data|Object-Head|198.79|264.00|337.71|429.00|100.0
142|05|14|2250|Other Social Services|00||102|Hindu Religious Institutions and Charitable Endowments|4|Hindu Religious Institutions and Charitable Endowments|00|Hindu Religious Institutions and Charitable Endowments|014|Other Allowance|2250-00-102-4-00|Other Allowance|V|Data|Object-Head|128.30|174.00|249.93|236.00|100.0
142|05|14|2250|Other Social Services|00||102|Hindu Religious Institutions and Charitable Endowments|4|Hindu Religious Institutions and Charitable Endowments|00|Hindu Religious Institutions and Charitable Endowments|020|Medical Allowance|2250-00-102-4-00|Medical Allowance|V|Data|Object-Head|5.64||||100.0
142|05|14|2250|Other Social Services|00||102|Hindu Religious Institutions and Charitable Endowments|4|Hindu Religious Institutions and Charitable Endowments|00|Hindu Religious Institutions and Charitable Endowments|021|Reimbursement of Medical Expenses|2250-00-102-4-00|Reimbursement of Medical Expenses|V|Data|Object-Head|11.25|15.00|15.00|17.00|100.0
142|05|14|2250|Other Social Services|00||102|Hindu Religious Institutions and Charitable Endowments|4|Hindu Religious Institutions and Charitable Endowments|00|Hindu Religious Institutions and Charitable Endowments|034|Contract/Outsource|2250-00-102-4-00|Contract/Outsource|V|Data|Object-Head|60.71|65.56|65.56|76.64|100.0
142|05|14|2250|Other Social Services|00||102|Hindu Religious Institutions and Charitable Endowments|4|Hindu Religious Institutions and Charitable Endowments|00|Hindu Religious Institutions and Charitable Endowments|041|Travel Expenses|2250-00-102-4-00|Travel Expenses|V|Data|Object-Head|3.83|6.00|6.00|6.00|100.0
142|05|14|2250|Other Social Services|00||102|Hindu Religious Institutions and Charitable Endowments|4|Hindu Religious Institutions and Charitable Endowments|00|Hindu Religious Institutions and Charitable Endowments|050|Office Expenses|2250-00-102-4-00|Office Expenses|V|Data|Object-Head||51.00|51.00|55.00|100.0
142|05|14|2250|Other Social Services|00||102|Hindu Religious Institutions and Charitable Endowments|4|Hindu Religious Institutions and Charitable Endowments|00|Hindu Religious Institutions and Charitable Endowments|051|General Expenses|2250-00-102-4-00|General Expenses|V|Data|Object-Head|74.88|125.00|125.00|100.00|100.0
142|05|14|2250|Other Social Services|00||102|Hindu Religious Institutions and Charitable Endowments|4|Hindu Religious Institutions and Charitable Endowments|00|Hindu Religious Institutions and Charitable Endowments|052|Telephone Charges|2250-00-102-4-00|Telephone Charges|V|Data|Object-Head|1.17||||100.0
142|05|14|2250|Other Social Services|00||102|Hindu Religious Institutions and Charitable Endowments|4|Hindu Religious Institutions and Charitable Endowments|00|Hindu Religious Institutions and Charitable Endowments|053|Purchase of Furniture and Fixture for Office|2250-00-102-4-00|Purchase of Furniture and Fixture for Office|V|Data|Object-Head|0.51||||100.0
142|05|14|2250|Other Social Services|00||102|Hindu Religious Institutions and Charitable Endowments|4|Hindu Religious Institutions and Charitable Endowments|00|Hindu Religious Institutions and Charitable Endowments|071|Building Expenses|2250-00-102-4-00|Building Expenses|V|Data|Object-Head|135.05|151.24|151.24|158.00|100.0
142|05|14|2250|Other Social Services|00||102|Hindu Religious Institutions and Charitable Endowments|4|Hindu Religious Institutions and Charitable Endowments|00|Hindu Religious Institutions and Charitable Endowments|195|Transport Expenses|2250-00-102-4-00|Transport Expenses|V|Data|Object-Head|83.50|106.90|106.90|123.00|100.0
142|05|14|2250|Other Social Services|00||102|Hindu Religious Institutions and Charitable Endowments|4|Hindu Religious Institutions and Charitable Endowments|00|Hindu Religious Institutions and Charitable Endowments|||2250-00-102-4-00|HOA Total :|V|Total|Detailed-Head|1603.22|2122.70|2910.79|2882.64|100.0
142|05|14|2250|Other Social Services|00||102|Hindu Religious Institutions and Charitable Endowments|4|Hindu Religious Institutions and Charitable Endowments|02|Maharaja Sanskrit College - Agama Section|||2250-00-102-4-02|Maharaja Sanskrit College - Agama Section|V|Header|Detailed-Head|||||100.0
142|05|14|2250|Other Social Services|00||102|Hindu Religious Institutions and Charitable Endowments|4|Hindu Religious Institutions and Charitable Endowments|02|Maharaja Sanskrit College - Agama Section|002|Basic Pay|2250-00-102-4-02|Basic Pay|V|Data|Object-Head|68.18|99.00|99.00|98.00|100.0
142|05|14|2250|Other Social Services|00||102|Hindu Religious Institutions and Charitable Endowments|4|Hindu Religious Institutions and Charitable Endowments|02|Maharaja Sanskrit College - Agama Section|003|Basic Pay-Staff|2250-00-102-4-02|Basic Pay-Staff|V|Data|Object-Head|11.08||||100.0
142|05|14|2250|Other Social Services|00||102|Hindu Religious Institutions and Charitable Endowments|4|Hindu Religious Institutions and Charitable Endowments|02|Maharaja Sanskrit College - Agama Section|004|Interim Relief|2250-00-102-4-02|Interim Relief|V|Data|Object-Head|4.72||||100.0
142|05|14|2250|Other Social Services|00||102|Hindu Religious Institutions and Charitable Endowments|4|Hindu Religious Institutions and Charitable Endowments|02|Maharaja Sanskrit College - Agama Section|011|Dearness Allowance|2250-00-102-4-02|Dearness Allowance|V|Data|Object-Head|17.94|22.00|22.00|25.00|100.0
142|05|14|2250|Other Social Services|00||102|Hindu Religious Institutions and Charitable Endowments|4|Hindu Religious Institutions and Charitable Endowments|02|Maharaja Sanskrit College - Agama Section|014|Other Allowance|2250-00-102-4-02|Other Allowance|V|Data|Object-Head|12.64|16.00|16.00|14.00|100.0
142|05|14|2250|Other Social Services|00||102|Hindu Religious Institutions and Charitable Endowments|4|Hindu Religious Institutions and Charitable Endowments|02|Maharaja Sanskrit College - Agama Section|020|Medical Allowance|2250-00-102-4-02|Medical Allowance|V|Data|Object-Head|0.10||||100.0
142|05|14|2250|Other Social Services|00||102|Hindu Religious Institutions and Charitable Endowments|4|Hindu Religious Institutions and Charitable Endowments|02|Maharaja Sanskrit College - Agama Section|021|Reimbursement of Medical Expenses|2250-00-102-4-02|Reimbursement of Medical Expenses|V|Data|Object-Head|5.40|3.00|3.00|3.00|100.0
142|05|14|2250|Other Social Services|00||102|Hindu Religious Institutions and Charitable Endowments|4|Hindu Religious Institutions and Charitable Endowments|02|Maharaja Sanskrit College - Agama Section|034|Contract/Outsource|2250-00-102-4-02|Contract/Outsource|V|Data|Object-Head|15.89|18.96|22.29|25.07|100.0
143|05|14|2250|Other Social Services|00||102|Hindu Religious Institutions and Charitable Endowments|4|Hindu Religious Institutions and Charitable Endowments|02|Maharaja Sanskrit College - Agama Section|041|Travel Expenses|2250-00-102-4-02|Travel Expenses|V|Data|Object-Head|2.20|3.00|3.00|2.50|100.0
143|05|14|2250|Other Social Services|00||102|Hindu Religious Institutions and Charitable Endowments|4|Hindu Religious Institutions and Charitable Endowments|02|Maharaja Sanskrit College - Agama Section|050|Office Expenses|2250-00-102-4-02|Office Expenses|V|Data|Object-Head||4.00|4.00|3.00|100.0
143|05|14|2250|Other Social Services|00||102|Hindu Religious Institutions and Charitable Endowments|4|Hindu Religious Institutions and Charitable Endowments|02|Maharaja Sanskrit College - Agama Section|051|General Expenses|2250-00-102-4-02|General Expenses|V|Data|Object-Head|1.74|1.00|1.00|2.00|100.0
143|05|14|2250|Other Social Services|00||102|Hindu Religious Institutions and Charitable Endowments|4|Hindu Religious Institutions and Charitable Endowments|02|Maharaja Sanskrit College - Agama Section|052|Telephone Charges|2250-00-102-4-02|Telephone Charges|V|Data|Object-Head|0.37||||100.0
143|05|14|2250|Other Social Services|00||102|Hindu Religious Institutions and Charitable Endowments|4|Hindu Religious Institutions and Charitable Endowments|02|Maharaja Sanskrit College - Agama Section|053|Purchase of Furniture and Fixture for Office|2250-00-102-4-02|Purchase of Furniture and Fixture for Office|V|Data|Object-Head|3.90||||100.0
143|05|14|2250|Other Social Services|00||102|Hindu Religious Institutions and Charitable Endowments|4|Hindu Religious Institutions and Charitable Endowments|02|Maharaja Sanskrit College - Agama Section|071|Building Expenses|2250-00-102-4-02|Building Expenses|V|Data|Object-Head|0.77|2.00|2.00|2.00|100.0
143|05|14|2250|Other Social Services|00||102|Hindu Religious Institutions and Charitable Endowments|4|Hindu Religious Institutions and Charitable Endowments|02|Maharaja Sanskrit College - Agama Section|117|Scholarships & Incentives|2250-00-102-4-02|Scholarships & Incentives|V|Data|Object-Head|1.00|1.00|1.00|1.00|100.0
143|05|14|2250|Other Social Services|00||102|Hindu Religious Institutions and Charitable Endowments|4|Hindu Religious Institutions and Charitable Endowments|02|Maharaja Sanskrit College - Agama Section|||2250-00-102-4-02|HOA Total :|V|Total|Detailed-Head|145.93|169.96|173.29|175.57|100.0
143|05|14|2250|Other Social Services|00||102|Hindu Religious Institutions and Charitable Endowments|4|Hindu Religious Institutions and Charitable Endowments|03|Special Grants to the Institute of Prakrit Studies and Research|||2250-00-102-4-03|Special Grants to the Institute of Prakrit Studies and Research|V|Header|Detailed-Head|||||100.0
143|05|14|2250|Other Social Services|00||102|Hindu Religious Institutions and Charitable Endowments|4|Hindu Religious Institutions and Charitable Endowments|03|Special Grants to the Institute of Prakrit Studies and Research|103|Grants-in-Aid -General|2250-00-102-4-03|Grants-in-Aid -General|V|Data|Object-Head|75.00|75.00|75.00|75.00|100.0
143|05|14|2250|Other Social Services|00||102|Hindu Religious Institutions and Charitable Endowments|4|Hindu Religious Institutions and Charitable Endowments|03|Special Grants to the Institute of Prakrit Studies and Research|||2250-00-102-4-03|HOA Total :|V|Total|Detailed-Head|75.00|75.00|75.00|75.00|100.0
143|05|14|2250|Other Social Services|00||103||1|Kudalasangama Development Board|00|Kudalasangama Development Board|||2250-00-103-1-00|Kudalasangama Development Board|V|Header|Detailed-Head|||||100.0
143|05|14|2250|Other Social Services|00||103||1|Kudalasangama Development Board|00|Kudalasangama Development Board|101|Grants-in-Aid-Salaries|2250-00-103-1-00|Grants-in-Aid-Salaries|V|Data|Object-Head|45.67|70.13|70.13|48.42|100.0
143|05|14|2250|Other Social Services|00||103||1|Kudalasangama Development Board|00|Kudalasangama Development Board|103|Grants-in-Aid -General|2250-00-103-1-00|Grants-in-Aid -General|V|Data|Object-Head||1.00|1.00|1.00|100.0
143|05|14|2250|Other Social Services|00||103||1|Kudalasangama Development Board|00|Kudalasangama Development Board|||2250-00-103-1-00|HOA Total :|V|Total|Detailed-Head|45.67|71.13|71.13|49.42|100.0
143|05|14|2250|Other Social Services|00||103||2|Basava Kalyana Development Board|00|Basava Kalyana Development Board|||2250-00-103-2-00|Basava Kalyana Development Board|V|Header|Detailed-Head|||||100.0
143|05|14|2250|Other Social Services|00||103||2|Basava Kalyana Development Board|00|Basava Kalyana Development Board|101|Grants-in-Aid-Salaries|2250-00-103-2-00|Grants-in-Aid-Salaries|V|Data|Object-Head|51.18|7.89|67.79|51.64|100.0
143|05|14|2250|Other Social Services|00||103||2|Basava Kalyana Development Board|00|Basava Kalyana Development Board|103|Grants-in-Aid -General|2250-00-103-2-00|Grants-in-Aid -General|V|Data|Object-Head|50.00|50.00|50.00|50.00|100.0
143|05|14|2250|Other Social Services|00||103||2|Basava Kalyana Development Board|00|Basava Kalyana Development Board|115|GIA Contract /Outsource|2250-00-103-2-00|GIA Contract /Outsource|V|Data|Object-Head|12.53|17.39|17.39|2.95|100.0
143|05|14|2250|Other Social Services|00||103||2|Basava Kalyana Development Board|00|Basava Kalyana Development Board|||2250-00-103-2-00|HOA Total :|V|Total|Detailed-Head|113.71|75.28|135.18|104.59|100.0
143|05|14|2250|Other Social Services|00||103||3|Kaginele Development Board|00|Kaginele Development Board|||2250-00-103-3-00|Kaginele Development Board|V|Header|Detailed-Head|||||100.0
143|05|14|2250|Other Social Services|00||103||3|Kaginele Development Board|00|Kaginele Development Board|101|Grants-in-Aid-Salaries|2250-00-103-3-00|Grants-in-Aid-Salaries|V|Data|Object-Head|22.63|29.62|29.62|17.75|100.0
144|05|14|2250|Other Social Services|00||103||3|Kaginele Development Board|00|Kaginele Development Board|103|Grants-in-Aid -General|2250-00-103-3-00|Grants-in-Aid -General|V|Data|Object-Head|50.00|100.00|100.00|500.00|100.0
144|05|14|2250|Other Social Services|00||103||3|Kaginele Development Board|00|Kaginele Development Board|||2250-00-103-3-00|HOA Total :|V|Total|Detailed-Head|72.63|129.62|129.62|517.75|100.0
144|05|14|2250|Other Social Services|00||103||5||02|Gandhi Bhavan|||2250-00-103-5-02|Gandhi Bhavan|V|Header|Detailed-Head|||||100.0
144|05|14|2250|Other Social Services|00||103||5||02|Gandhi Bhavan|103|Grants-in-Aid -General|2250-00-103-5-02|Grants-in-Aid -General|V|Data|Object-Head|100.00|100.00|100.00|150.00|100.0
144|05|14|2250|Other Social Services|00||103||5||02|Gandhi Bhavan|||2250-00-103-5-02|HOA Total :|V|Total|Detailed-Head|100.00|100.00|100.00|150.00|100.0
144|05|14|2250|Other Social Services|00||103||5||06|Yediyur Development Board|||2250-00-103-5-06|Yediyur Development Board|V|Header|Detailed-Head|||||100.0
144|05|14|2250|Other Social Services|00||103||5||06|Yediyur Development Board|103|Grants-in-Aid -General|2250-00-103-5-06|Grants-in-Aid -General|V|Data|Object-Head|1.00|1.00|1.00||100.0
144|05|14|2250|Other Social Services|00||103||5||06|Yediyur Development Board|||2250-00-103-5-06|HOA Total :|V|Total|Detailed-Head|1.00|1.00|1.00|0.00|100.0
144|05|14|2250|Other Social Services|00||103||5||08|Assistance to Manasa Sarovar Piligrims|||2250-00-103-5-08|Assistance to Manasa Sarovar Piligrims|V|Header|Detailed-Head|||||100.0
144|05|14|2250|Other Social Services|00||103||5||08|Assistance to Manasa Sarovar Piligrims|100|Financial Assistance/Relief|2250-00-103-5-08|Financial Assistance/Relief|V|Data|Object-Head|1999.99|2000.00|2000.00|2000.00|100.0
144|05|14|2250|Other Social Services|00||103||5||08|Assistance to Manasa Sarovar Piligrims|||2250-00-103-5-08|HOA Total :|V|Total|Detailed-Head|1999.99|2000.00|2000.00|2000.00|100.0
144|05|14|2250|Other Social Services|00||103||5||09|Aaradhana|||2250-00-103-5-09|Aaradhana|V|Header|Detailed-Head|||||100.0
144|05|14|2250|Other Social Services|00||103||5||09|Aaradhana|059|Other Expenses|2250-00-103-5-09|Other Expenses|V|Data|Object-Head|499.99|500.00|500.00|968.00|100.0
144|05|14|2250|Other Social Services|00||103||5||09|Aaradhana|422|Schedule Caste Sub Plan|2250-00-103-5-09|Schedule Caste Sub Plan|V|Data|Object-Head|499.99|500.00|500.00|990.00|100.0
144|05|14|2250|Other Social Services|00||103||5||09|Aaradhana|423|Tribal Sub Plan|2250-00-103-5-09|Tribal Sub Plan|V|Data|Object-Head|119.99|120.00|120.00|242.00|100.0
144|05|14|2250|Other Social Services|00||103||5||09|Aaradhana|||2250-00-103-5-09|HOA Total :|V|Total|Detailed-Head|1119.97|1120.00|1120.00|2200.00|100.0
144|05|14|2250|Other Social Services|00||103||5||12|Temples & Other Religious Institutions|||2250-00-103-5-12|Temples & Other Religious Institutions|V|Header|Detailed-Head|||||100.0
144|05|14|2250|Other Social Services|00||103||5||12|Temples & Other Religious Institutions|103|Grants-in-Aid -General|2250-00-103-5-12|Grants-in-Aid -General|V|Data|Object-Head|250.00|250.00|1500.00|250.00|100.0
144|05|14|2250|Other Social Services|00||103||5||12|Temples & Other Religious Institutions|200|Maintenance Expenditure|2250-00-103-5-12|Maintenance Expenditure|V|Data|Object-Head|1499.75|1250.00|750.00|1750.00|100.0
144|05|14|2250|Other Social Services|00||103||5||12|Temples & Other Religious Institutions|||2250-00-103-5-12|HOA Total :|V|Total|Detailed-Head|1749.75|1500.00|2250.00|2000.00|100.0
145|05|14|2250|Other Social Services|00||103||5||14|CM Special grants to Various Mutts and Temples in the State|||2250-00-103-5-14|CM Special grants to Various Mutts and Temples in the State|V|Header|Detailed-Head|||||100.0
145|05|14|2250|Other Social Services|00||103||5||14|CM Special grants to Various Mutts and Temples in the State|103|Grants-in-Aid -General|2250-00-103-5-14|Grants-in-Aid -General|V|Data|Object-Head|20007.28|3000.00|3000.00|5000.00|100.0
145|05|14|2250|Other Social Services|00||103||5||14|CM Special grants to Various Mutts and Temples in the State|||2250-00-103-5-14|HOA Total :|V|Total|Detailed-Head|20007.28|3000.00|3000.00|5000.00|100.0
145|05|14|2250|Other Social Services|00||103||5||15|Karnataka State Choultry Tirumala, Tirupati|||2250-00-103-5-15|Karnataka State Choultry Tirumala, Tirupati|V|Header|Detailed-Head|||||100.0
145|05|14|2250|Other Social Services|00||103||5||15|Karnataka State Choultry Tirumala, Tirupati|200|Maintenance Expenditure|2250-00-103-5-15|Maintenance Expenditure|V|Data|Object-Head|200.00||||100.0
145|05|14|2250|Other Social Services|00||103||5||15|Karnataka State Choultry Tirumala, Tirupati|||2250-00-103-5-15|HOA Total :|V|Total|Detailed-Head|200.00|0.00|0.00|0.00|100.0
145|05|14|2250|Other Social Services|00||103||5||16|Nadaprabhu Kempegowda Heritage Area Development Authority|||2250-00-103-5-16|Nadaprabhu Kempegowda Heritage Area Development Authority|V|Header|Detailed-Head|||||100.0
145|05|14|2250|Other Social Services|00||103||5||16|Nadaprabhu Kempegowda Heritage Area Development Authority|101|Grants-in-Aid-Salaries|2250-00-103-5-16|Grants-in-Aid-Salaries|V|Data|Object-Head||26.12|26.12|40.34|100.0
145|05|14|2250|Other Social Services|00||103||5||16|Nadaprabhu Kempegowda Heritage Area Development Authority|103|Grants-in-Aid -General|2250-00-103-5-16|Grants-in-Aid -General|V|Data|Object-Head||20.00|20.00|20.00|100.0
145|05|14|2250|Other Social Services|00||103||5||16|Nadaprabhu Kempegowda Heritage Area Development Authority|115|GIA Contract /Outsource|2250-00-103-5-16|GIA Contract /Outsource|V|Data|Object-Head|8.61|8.96|8.96|9.26|100.0
145|05|14|2250|Other Social Services|00||103||5||16|Nadaprabhu Kempegowda Heritage Area Development Authority|||2250-00-103-5-16|HOA Total :|V|Total|Detailed-Head|8.61|55.08|55.08|69.60|100.0
145|05|14|2250|Other Social Services|00||103||8||00|Kittooru Abhivruddhi Pradhikaara|||2250-00-103-8-00|Kittooru Abhivruddhi Pradhikaara|V|Header|Detailed-Head|||||100.0
145|05|14|2250|Other Social Services|00||103||8||00|Kittooru Abhivruddhi Pradhikaara|059|Other Expenses|2250-00-103-8-00|Other Expenses|V|Data|Object-Head|905.00||||100.0
145|05|14|2250|Other Social Services|00||103||8||00|Kittooru Abhivruddhi Pradhikaara|101|Grants-in-Aid-Salaries|2250-00-103-8-00|Grants-in-Aid-Salaries|V|Data|Object-Head||||28.71|100.0
145|05|14|2250|Other Social Services|00||103||8||00|Kittooru Abhivruddhi Pradhikaara|103|Grants-in-Aid -General|2250-00-103-8-00|Grants-in-Aid -General|V|Data|Object-Head||1000.00|1000.00|1000.00|100.0
145|05|14|2250|Other Social Services|00||103||8||00|Kittooru Abhivruddhi Pradhikaara|115|GIA Contract /Outsource|2250-00-103-8-00|GIA Contract /Outsource|V|Data|Object-Head||||12.08|100.0
145|05|14|2250|Other Social Services|00||103||8||00|Kittooru Abhivruddhi Pradhikaara|||2250-00-103-8-00|HOA Total :|V|Total|Detailed-Head|905.00|1000.00|1000.00|1040.79|100.0
146|05|14|2250|Other Social Services|00||103||9||02|Banavasi Development Authority|||2250-00-103-9-02|Banavasi Development Authority|V|Header|Detailed-Head|||||100.0
146|05|14|2250|Other Social Services|00||103||9||02|Banavasi Development Authority|103|Grants-in-Aid -General|2250-00-103-9-02|Grants-in-Aid -General|V|Data|Object-Head|50.00|20.00|20.00|1.00|100.0
146|05|14|2250|Other Social Services|00||103||9||02|Banavasi Development Authority|||2250-00-103-9-02|HOA Total :|V|Total|Detailed-Head|50.00|20.00|20.00|1.00|100.0
146|05|14|2250|Other Social Services|00||103||9||03|Sarvagnya Development Authority|||2250-00-103-9-03|Sarvagnya Development Authority|V|Header|Detailed-Head|||||100.0
146|05|14|2250|Other Social Services|00||103||9||03|Sarvagnya Development Authority|103|Grants-in-Aid -General|2250-00-103-9-03|Grants-in-Aid -General|V|Data|Object-Head||500.00|500.00|25.00|100.0
146|05|14|2250|Other Social Services|00||103||9||03|Sarvagnya Development Authority|||2250-00-103-9-03|HOA Total :|V|Total|Detailed-Head|0.00|500.00|500.00|25.00|100.0
146|05|14|2250|Other Social Services|00||103||9||07|Brahmin Development Board|||2250-00-103-9-07|Brahmin Development Board|V|Header|Detailed-Head|||||100.0
146|05|14|2250|Other Social Services|00||103||9||07|Brahmin Development Board|101|Grants-in-Aid-Salaries|2250-00-103-9-07|Grants-in-Aid-Salaries|V|Data|Object-Head|22.35|43.24|43.24|44.07|100.0
146|05|14|2250|Other Social Services|00||103||9||07|Brahmin Development Board|103|Grants-in-Aid -General|2250-00-103-9-07|Grants-in-Aid -General|V|Data|Object-Head|1000.00|1000.00|1000.00|1100.00|100.0
146|05|14|2250|Other Social Services|00||103||9||07|Brahmin Development Board|115|GIA Contract /Outsource|2250-00-103-9-07|GIA Contract /Outsource|V|Data|Object-Head|22.52|28.37|28.37|25.91|100.0
146|05|14|2250|Other Social Services|00||103||9||07|Brahmin Development Board|||2250-00-103-9-07|HOA Total :|V|Total|Detailed-Head|1044.87|1071.61|1071.61|1169.98|100.0
146|05|14|2250|Other Social Services|00||103||9||08|Arya Vaishya Nigama|||2250-00-103-9-08|Arya Vaishya Nigama|V|Header|Detailed-Head|||||100.0
146|05|14|2250|Other Social Services|00||103||9||08|Arya Vaishya Nigama|101|Grants-in-Aid-Salaries|2250-00-103-9-08|Grants-in-Aid-Salaries|V|Data|Object-Head|28.74|32.38|32.38|36.72|100.0
146|05|14|2250|Other Social Services|00||103||9||08|Arya Vaishya Nigama|103|Grants-in-Aid -General|2250-00-103-9-08|Grants-in-Aid -General|V|Data|Object-Head|1500.00|1000.00|1000.00|1100.00|100.0
146|05|14|2250|Other Social Services|00||103||9||08|Arya Vaishya Nigama|115|GIA Contract /Outsource|2250-00-103-9-08|GIA Contract /Outsource|V|Data|Object-Head|11.71|12.17|12.17|12.58|100.0
146|05|14|2250|Other Social Services|00||103||9||08|Arya Vaishya Nigama|||2250-00-103-9-08|HOA Total :|V|Total|Detailed-Head|1540.45|1044.55|1044.55|1149.30|100.0
146|05|14|2250|Other Social Services|00||800||2||02|GIA to Agama Schools|||2250-00-800-2-02|GIA to Agama Schools|V|Header|Detailed-Head|||||100.0
146|05|14|2250|Other Social Services|00||800||2||02|GIA to Agama Schools|101|Grants-in-Aid-Salaries|2250-00-800-2-02|Grants-in-Aid-Salaries|V|Data|Object-Head|37.10|46.90|102.56|117.18|100.0
146|05|14|2250|Other Social Services|00||800||2||02|GIA to Agama Schools|115|GIA Contract /Outsource|2250-00-800-2-02|GIA Contract /Outsource|V|Data|Object-Head||||2.52|100.0
146|05|14|2250|Other Social Services|00||800||2||02|GIA to Agama Schools|||2250-00-800-2-02|HOA Total :|V|Total|Detailed-Head|37.10|46.90|102.56|119.70|100.0
147|05|14|2250|Other Social Services|00||911|Deduct Recoveries of Overpayments|0||00|Recovery of Over Payments|||2250-00-911-0-00|Recovery of Over Payments|V|Header|Detailed-Head|||||100.0
147|05|14|2250|Other Social Services|00||911|Deduct Recoveries of Overpayments|0||00|Recovery of Over Payments|364|Deduct - Recoveries|2250-00-911-0-00|Deduct - Recoveries|V|Data|Object-Head|-9.07||||100.0
147|05|14|2250|Other Social Services|00||911|Deduct Recoveries of Overpayments|0||00|Recovery of Over Payments|||2250-00-911-0-00|HOA Total :|V|Total|Detailed-Head|-9.07|0.00|0.00|0.00|100.0
147|05|14|2250|Other Social Services|00||911|Deduct Recoveries of Overpayments|0||01|Deduct Recovery of Over Payments of Current Year|||2250-00-911-0-01|Deduct Recovery of Over Payments of Current Year|V|Header|Detailed-Head|||||100.0
147|05|14|2250|Other Social Services|00||911|Deduct Recoveries of Overpayments|0||01|Deduct Recovery of Over Payments of Current Year|364|Deduct - Recoveries|2250-00-911-0-01|Deduct - Recoveries|V|Data|Object-Head|-0.19||||100.0
147|05|14|2250|Other Social Services|00||911|Deduct Recoveries of Overpayments|0||01|Deduct Recovery of Over Payments of Current Year|||2250-00-911-0-01|HOA Total :|V|Total|Detailed-Head|-0.19|0.00|0.00|0.00|100.0
147|05|14|2250|Other Social Services|00||911|Deduct Recoveries of Overpayments|0||02|Deduct Recovery of Overpayments|||2250-00-911-0-02|Deduct Recovery of Overpayments|V|Header|Detailed-Head|||||100.0
147|05|14|2250|Other Social Services|00||911|Deduct Recoveries of Overpayments|0||02|Deduct Recovery of Overpayments|364|Deduct - Recoveries|2250-00-911-0-02|Deduct - Recoveries|V|Data|Object-Head|-21.50||||100.0
147|05|14|2250|Other Social Services|00||911|Deduct Recoveries of Overpayments|0||02|Deduct Recovery of Overpayments|||2250-00-911-0-02|HOA Total :|V|Total|Detailed-Head|-21.50|0.00|0.00|0.00|100.0
147|05|14|2250|Other Social Services|00||||||||||2250|2250 - Total :|V|Total|Major-Head|30789.42|14102.83|15759.81|18730.34|
148|05|14|2506|Land Reforms|00||012|Statistics and Evaluation|0|UPOR Project|03|UPOR Project|||2506-00-012-0-03|UPOR Project|V|Header|Detailed-Head|||||100.0
148|05|14|2506|Land Reforms|00||012|Statistics and Evaluation|0|UPOR Project|03|UPOR Project|034|Contract/Outsource|2506-00-012-0-03|Contract/Outsource|V|Data|Object-Head|35.84|57.44|57.44|48.33|100.0
148|05|14|2506|Land Reforms|00||012|Statistics and Evaluation|0|UPOR Project|03|UPOR Project|050|Office Expenses|2506-00-012-0-03|Office Expenses|V|Data|Object-Head|9.73|15.00|15.00|15.00|100.0
148|05|14|2506|Land Reforms|00||012|Statistics and Evaluation|0|UPOR Project|03|UPOR Project|051|General Expenses|2506-00-012-0-03|General Expenses|V|Data|Object-Head|34.67|9.00|9.00|9.00|100.0
148|05|14|2506|Land Reforms|00||012|Statistics and Evaluation|0|UPOR Project|03|UPOR Project|195|Transport Expenses|2506-00-012-0-03|Transport Expenses|V|Data|Object-Head|8.29|9.92|9.92|9.64|100.0
148|05|14|2506|Land Reforms|00||012|Statistics and Evaluation|0|UPOR Project|03|UPOR Project|||2506-00-012-0-03|HOA Total :|V|Total|Detailed-Head|88.53|91.36|91.36|81.97|100.0
148|05|14|2506|Land Reforms|00||101|Land Reforms|1|Estblishment and Other Charges|01|Estblishment and Other Charges|||2506-00-101-1-01|Estblishment and Other Charges|V|Header|Detailed-Head|||||100.0
148|05|14|2506|Land Reforms|00||101|Land Reforms|1|Estblishment and Other Charges|01|Estblishment and Other Charges|002|Basic Pay|2506-00-101-1-01|Basic Pay|V|Data|Object-Head||686.00|686.00|617.00|100.0
148|05|14|2506|Land Reforms|00||101|Land Reforms|1|Estblishment and Other Charges|01|Estblishment and Other Charges|003|Basic Pay-Staff|2506-00-101-1-01|Basic Pay-Staff|V|Data|Object-Head|594.02||||100.0
148|05|14|2506|Land Reforms|00||101|Land Reforms|1|Estblishment and Other Charges|01|Estblishment and Other Charges|004|Interim Relief|2506-00-101-1-01|Interim Relief|V|Data|Object-Head|34.20||||100.0
148|05|14|2506|Land Reforms|00||101|Land Reforms|1|Estblishment and Other Charges|01|Estblishment and Other Charges|011|Dearness Allowance|2506-00-101-1-01|Dearness Allowance|V|Data|Object-Head|129.83|151.00|151.00|155.00|100.0
148|05|14|2506|Land Reforms|00||101|Land Reforms|1|Estblishment and Other Charges|01|Estblishment and Other Charges|014|Other Allowance|2506-00-101-1-01|Other Allowance|V|Data|Object-Head|51.86|67.00|67.00|58.00|100.0
148|05|14|2506|Land Reforms|00||101|Land Reforms|1|Estblishment and Other Charges|01|Estblishment and Other Charges|020|Medical Allowance|2506-00-101-1-01|Medical Allowance|V|Data|Object-Head|4.47||||100.0
148|05|14|2506|Land Reforms|00||101|Land Reforms|1|Estblishment and Other Charges|01|Estblishment and Other Charges|021|Reimbursement of Medical Expenses|2506-00-101-1-01|Reimbursement of Medical Expenses|V|Data|Object-Head|6.79|15.00|15.00|15.00|100.0
148|05|14|2506|Land Reforms|00||101|Land Reforms|1|Estblishment and Other Charges|01|Estblishment and Other Charges|||2506-00-101-1-01|HOA Total :|V|Total|Detailed-Head|821.17|919.00|919.00|845.00|100.0
148|05|14|2506|Land Reforms|00||101|Land Reforms|4|Compensation to Non-Inam Lands|01|Compensation to Non-Inam Lands|||2506-00-101-4-01|Compensation to Non-Inam Lands|V|Header|Detailed-Head|||||100.0
148|05|14|2506|Land Reforms|00||101|Land Reforms|4|Compensation to Non-Inam Lands|01|Compensation to Non-Inam Lands|103|Grants-in-Aid -General|2506-00-101-4-01|Grants-in-Aid -General|V|Data|Object-Head|1961.16|2100.00|2100.00|2542.00|100.0
148|05|14|2506|Land Reforms|00||101|Land Reforms|4|Compensation to Non-Inam Lands|01|Compensation to Non-Inam Lands|||2506-00-101-4-01|HOA Total :|V|Total|Detailed-Head|1961.16|2100.00|2100.00|2542.00|100.0
148|05|14|2506|Land Reforms|00||101|Land Reforms|5|Survey and Settlement Training|01|Survey and Settlement Training|||2506-00-101-5-01|Survey and Settlement Training|V|Header|Detailed-Head|||||100.0
148|05|14|2506|Land Reforms|00||101|Land Reforms|5|Survey and Settlement Training|01|Survey and Settlement Training|002|Basic Pay|2506-00-101-5-01|Basic Pay|V|Data|Object-Head|75.48|162.00|162.00|181.00|100.0
148|05|14|2506|Land Reforms|00||101|Land Reforms|5|Survey and Settlement Training|01|Survey and Settlement Training|003|Basic Pay-Staff|2506-00-101-5-01|Basic Pay-Staff|V|Data|Object-Head|55.54||||100.0
148|05|14|2506|Land Reforms|00||101|Land Reforms|5|Survey and Settlement Training|01|Survey and Settlement Training|004|Interim Relief|2506-00-101-5-01|Interim Relief|V|Data|Object-Head|8.20||||100.0
148|05|14|2506|Land Reforms|00||101|Land Reforms|5|Survey and Settlement Training|01|Survey and Settlement Training|011|Dearness Allowance|2506-00-101-5-01|Dearness Allowance|V|Data|Object-Head|30.30|36.00|36.00|45.00|100.0
148|05|14|2506|Land Reforms|00||101|Land Reforms|5|Survey and Settlement Training|01|Survey and Settlement Training|014|Other Allowance|2506-00-101-5-01|Other Allowance|V|Data|Object-Head|31.17|36.00|36.00|39.00|100.0
148|05|14|2506|Land Reforms|00||101|Land Reforms|5|Survey and Settlement Training|01|Survey and Settlement Training|015|Subsidiary Expenses|2506-00-101-5-01|Subsidiary Expenses|V|Data|Object-Head|0.08|1.00|1.00|1.00|100.0
149|05|14|2506|Land Reforms|00||101|Land Reforms|5|Survey and Settlement Training|01|Survey and Settlement Training|020|Medical Allowance|2506-00-101-5-01|Medical Allowance|V|Data|Object-Head|0.43||||100.0
149|05|14|2506|Land Reforms|00||101|Land Reforms|5|Survey and Settlement Training|01|Survey and Settlement Training|021|Reimbursement of Medical Expenses|2506-00-101-5-01|Reimbursement of Medical Expenses|V|Data|Object-Head||9.00|9.00|9.00|100.0
149|05|14|2506|Land Reforms|00||101|Land Reforms|5|Survey and Settlement Training|01|Survey and Settlement Training|041|Travel Expenses|2506-00-101-5-01|Travel Expenses|V|Data|Object-Head|0.90|1.00|1.00|1.00|100.0
149|05|14|2506|Land Reforms|00||101|Land Reforms|5|Survey and Settlement Training|01|Survey and Settlement Training|050|Office Expenses|2506-00-101-5-01|Office Expenses|V|Data|Object-Head|2.94|3.00|3.00|3.00|100.0
149|05|14|2506|Land Reforms|00||101|Land Reforms|5|Survey and Settlement Training|01|Survey and Settlement Training|051|General Expenses|2506-00-101-5-01|General Expenses|V|Data|Object-Head|3.00|1.00|1.00|1.00|100.0
149|05|14|2506|Land Reforms|00||101|Land Reforms|5|Survey and Settlement Training|01|Survey and Settlement Training|052|Telephone Charges|2506-00-101-5-01|Telephone Charges|V|Data|Object-Head|0.03||||100.0
149|05|14|2506|Land Reforms|00||101|Land Reforms|5|Survey and Settlement Training|01|Survey and Settlement Training|195|Transport Expenses|2506-00-101-5-01|Transport Expenses|V|Data|Object-Head|11.42|10.92|10.92|6.39|100.0
149|05|14|2506|Land Reforms|00||101|Land Reforms|5|Survey and Settlement Training|01|Survey and Settlement Training|||2506-00-101-5-01|HOA Total :|V|Total|Detailed-Head|219.49|259.92|259.92|286.39|100.0
149|05|14|2506|Land Reforms|00||103|Land Records|0||01|Indexing, Cataloging, Pre List Preparation & Scanning of Land Records|||2506-00-103-0-01|Indexing, Cataloging, Pre List Preparation & Scanning of Land Records|V|Header|Detailed-Head|||||100.0
149|05|14|2506|Land Reforms|00||103|Land Records|0||01|Indexing, Cataloging, Pre List Preparation & Scanning of Land Records|034|Contract/Outsource|2506-00-103-0-01|Contract/Outsource|V|Data|Object-Head||2248.22|2248.22|3986.42|100.0
149|05|14|2506|Land Reforms|00||103|Land Records|0||01|Indexing, Cataloging, Pre List Preparation & Scanning of Land Records|051|General Expenses|2506-00-103-0-01|General Expenses|V|Data|Object-Head|999.99|600.00|600.00|600.00|100.0
149|05|14|2506|Land Reforms|00||103|Land Records|0||01|Indexing, Cataloging, Pre List Preparation & Scanning of Land Records|||2506-00-103-0-01|HOA Total :|V|Total|Detailed-Head|999.99|2848.22|2848.22|4586.42|100.0
149|05|14|2506|Land Reforms|00||103|Land Records|0||02|Karnataka State Land Records Management Programme|||2506-00-103-0-02|Karnataka State Land Records Management Programme|V|Header|Detailed-Head|||||100.0
149|05|14|2506|Land Reforms|00||103|Land Records|0||02|Karnataka State Land Records Management Programme|059|Other Expenses|2506-00-103-0-02|Other Expenses|V|Data|Object-Head|2563.28|3000.00|3000.00|7310.00|100.0
149|05|14|2506|Land Reforms|00||103|Land Records|0||02|Karnataka State Land Records Management Programme|||2506-00-103-0-02|HOA Total :|V|Total|Detailed-Head|2563.28|3000.00|3000.00|7310.00|100.0
149|05|14|2506|Land Reforms|00||103|Land Records|0||03|Expenses incurred under Bhoomi Cell|||2506-00-103-0-03|Expenses incurred under Bhoomi Cell|V|Header|Detailed-Head|||||100.0
149|05|14|2506|Land Reforms|00||103|Land Records|0||03|Expenses incurred under Bhoomi Cell|034|Contract/Outsource|2506-00-103-0-03|Contract/Outsource|V|Data|Object-Head|1173.22|1226.13|1226.13|1551.39|100.0
149|05|14|2506|Land Reforms|00||103|Land Records|0||03|Expenses incurred under Bhoomi Cell|041|Travel Expenses|2506-00-103-0-03|Travel Expenses|V|Data|Object-Head||5.00|5.00|3.00|100.0
149|05|14|2506|Land Reforms|00||103|Land Records|0||03|Expenses incurred under Bhoomi Cell|050|Office Expenses|2506-00-103-0-03|Office Expenses|V|Data|Object-Head|782.69|300.00|300.00|300.00|100.0
149|05|14|2506|Land Reforms|00||103|Land Records|0||03|Expenses incurred under Bhoomi Cell|051|General Expenses|2506-00-103-0-03|General Expenses|V|Data|Object-Head|99.94|33.00|33.00|8.00|100.0
149|05|14|2506|Land Reforms|00||103|Land Records|0||03|Expenses incurred under Bhoomi Cell|052|Telephone Charges|2506-00-103-0-03|Telephone Charges|V|Data|Object-Head|21.03||||100.0
149|05|14|2506|Land Reforms|00||103|Land Records|0||03|Expenses incurred under Bhoomi Cell|071|Building Expenses|2506-00-103-0-03|Building Expenses|V|Data|Object-Head|154.22|152.00|152.00|152.00|100.0
149|05|14|2506|Land Reforms|00||103|Land Records|0||03|Expenses incurred under Bhoomi Cell|177|IT Expenditure|2506-00-103-0-03|IT Expenditure|V|Data|Object-Head||5.50|5.50|5.00|100.0
150|05|14|2506|Land Reforms|00||103|Land Records|0||03|Expenses incurred under Bhoomi Cell|180|Machinery and Equipments|2506-00-103-0-03|Machinery and Equipments|V|Data|Object-Head|96.77||||100.0
150|05|14|2506|Land Reforms|00||103|Land Records|0||03|Expenses incurred under Bhoomi Cell|195|Transport Expenses|2506-00-103-0-03|Transport Expenses|V|Data|Object-Head|31.33|31.16|31.16|31.16|100.0
150|05|14|2506|Land Reforms|00||103|Land Records|0||03|Expenses incurred under Bhoomi Cell|200|Maintenance Expenditure|2506-00-103-0-03|Maintenance Expenditure|V|Data|Object-Head|21.97|20.00|20.00|20.00|100.0
150|05|14|2506|Land Reforms|00||103|Land Records|0||03|Expenses incurred under Bhoomi Cell|||2506-00-103-0-03|HOA Total :|V|Total|Detailed-Head|2381.17|1772.79|1772.79|2070.55|100.0
150|05|14|2506|Land Reforms|00||797|Transfer to Reserve Funds and Deposit Accounts|0||01|Transfer to Bhoomi User Fund|||2506-00-797-0-01|Transfer to Bhoomi User Fund|V|Header|Detailed-Head|||||100.0
150|05|14|2506|Land Reforms|00||797|Transfer to Reserve Funds and Deposit Accounts|0||01|Transfer to Bhoomi User Fund|261|Inter Account Transfers|2506-00-797-0-01|Inter Account Transfers|V|Data|Object-Head|7035.74|6650.00|6650.00|7000.00|100.0
150|05|14|2506|Land Reforms|00||797|Transfer to Reserve Funds and Deposit Accounts|0||01|Transfer to Bhoomi User Fund|||2506-00-797-0-01|HOA Total :|V|Total|Detailed-Head|7035.74|6650.00|6650.00|7000.00|100.0
150|05|14|2506|Land Reforms|00||902|Deduct-Amount met from Reserve Funds and Deposit Accounts|0||01|Deduct Amount Met from Bhoomi User Fund|||2506-00-902-0-01|Deduct Amount Met from Bhoomi User Fund|V|Header|Detailed-Head|||||100.0
150|05|14|2506|Land Reforms|00||902|Deduct-Amount met from Reserve Funds and Deposit Accounts|0||01|Deduct Amount Met from Bhoomi User Fund|261|Inter Account Transfers|2506-00-902-0-01|Inter Account Transfers|V|Data|Object-Head|-2381.17|-4621.01|-4621.01|-7956.00|100.0
150|05|14|2506|Land Reforms|00||902|Deduct-Amount met from Reserve Funds and Deposit Accounts|0||01|Deduct Amount Met from Bhoomi User Fund|||2506-00-902-0-01|HOA Total :|V|Total|Detailed-Head|-2381.17|-4621.01|-4621.01|-7956.00|100.0
150|05|14|2506|Land Reforms|00||911|Deduct-Recoveries of Overpayments|0||00|Deduct - Recoveries of Overpayments|||2506-00-911-0-00|Deduct - Recoveries of Overpayments|V|Header|Detailed-Head|||||100.0
150|05|14|2506|Land Reforms|00||911|Deduct-Recoveries of Overpayments|0||00|Deduct - Recoveries of Overpayments|364|Deduct - Recoveries|2506-00-911-0-00|Deduct - Recoveries|V|Data|Object-Head|-0.29||||100.0
150|05|14|2506|Land Reforms|00||911|Deduct-Recoveries of Overpayments|0||00|Deduct - Recoveries of Overpayments|||2506-00-911-0-00|HOA Total :|V|Total|Detailed-Head|-0.29|0.00|0.00|0.00|100.0
150|05|14|2506|Land Reforms|00||||||||||2506-00-Total|2506 - Total :|V|Total|Major-Head|13689.07|13020.28|13020.28|16766.33|
151|05|14|4059|Capital Outlay on Public Works|01|Office Buildings|051|Construction|0||01|Construction of New Nada Kacheri Offices||||4059-01-051-0-01|Construction of New Nada Kacheri Offices|Header|Detailed-Head|||||100.0
151|05|14|4059|Capital Outlay on Public Works|01|Office Buildings|051|Construction|0||01|Construction of New Nada Kacheri Offices|386|Purchase/Construction of Buildings|4059-01-051-0-01|Purchase/Construction of Buildings|V|Data|Object-Head|199.49|1500.00|1500.00|1500.00|100.0
151|05|14|4059|Capital Outlay on Public Works|01|Office Buildings|051|Construction|0||01|Construction of New Nada Kacheri Offices|||4059-01-051-0-01|HOA Total :|V|Total|Detailed-Head|199.49|1500.00|1500.00|1500.00|100.0
151|05|14|4059|Capital Outlay on Public Works|01|Office Buildings|201|Land Acquisition|0||02|Land Acquisition Compensation|||4059-01-201-0-02|Land Acquisition Compensation|V|Header|Detailed-Head|||||100.0
151|05|14|4059|Capital Outlay on Public Works|01|Office Buildings|201|Land Acquisition|0||02|Land Acquisition Compensation|132|Other Capital Expenses|4059-01-201-0-02|Other Capital Expenses|C|Data|Object-Head|52.80|50.00|50.00|1.00|100.0
151|05|14|4059|Capital Outlay on Public Works|01|Office Buildings|201|Land Acquisition|0||02|Land Acquisition Compensation|||4059-01-201-0-02|HOA Total :|C|Total|Detailed-Head|52.80|50.00|50.00|1.00|100.0
151|05|14|4059|Capital Outlay on Public Works|80|General|051|Construction|0||30|Construction of Mini Vidhana Soudha & Sub-Registrar's Offices|||4059-80-051-0-30|Construction of Mini Vidhana Soudha & Sub-Registrar's Offices|V|Header|Detailed-Head|||||100.0
151|05|14|4059|Capital Outlay on Public Works|80|General|051|Construction|0||30|Construction of Mini Vidhana Soudha & Sub-Registrar's Offices|132|Other Capital Expenses|4059-80-051-0-30|Other Capital Expenses|V|Data|Object-Head|7600.00|2500.00|2500.00|4050.00|100.0
151|05|14|4059|Capital Outlay on Public Works|80|General|051|Construction|0||30|Construction of Mini Vidhana Soudha & Sub-Registrar's Offices|180|Machinery and Equipments|4059-80-051-0-30|Machinery and Equipments|V|Data|Object-Head||15.00|15.00|50.00|100.0
151|05|14|4059|Capital Outlay on Public Works|80|General|051|Construction|0||30|Construction of Mini Vidhana Soudha & Sub-Registrar's Offices|386|Purchase/Construction of Buildings|4059-80-051-0-30|Purchase/Construction of Buildings|V|Data|Object-Head|7953.19|5000.00|5000.00|5000.00|100.0
151|05|14|4059|Capital Outlay on Public Works|80|General|051|Construction|0||30|Construction of Mini Vidhana Soudha & Sub-Registrar's Offices|||4059-80-051-0-30|HOA Total :|V|Total|Detailed-Head|15553.19|7515.00|7515.00|9100.00|100.0
151|05|14|4059|Capital Outlay on Public Works|80|General|051|Construction|0||42|Construction of District Office Buildings|||4059-80-051-0-42|Construction of District Office Buildings|V|Header|Detailed-Head|||||100.0
151|05|14|4059|Capital Outlay on Public Works|80|General|051|Construction|0||42|Construction of District Office Buildings|386|Purchase/Construction of Buildings|4059-80-051-0-42|Purchase/Construction of Buildings|V|Data|Object-Head|4999.46|5000.00|5000.00|5000.00|100.0
151|05|14|4059|Capital Outlay on Public Works|80|General|051|Construction|0||42|Construction of District Office Buildings|||4059-80-051-0-42|HOA Total :|V|Total|Detailed-Head|4999.46|5000.00|5000.00|5000.00|100.0
151|05|14|4059|Capital Outlay on Public Works|80|General|051|Construction|0||52|Infrastructure & Stay Facilities at Religious Places|||4059-80-051-0-52|Infrastructure & Stay Facilities at Religious Places|V|Header|Detailed-Head|||||100.0
151|05|14|4059|Capital Outlay on Public Works|80|General|051|Construction|0||52|Infrastructure & Stay Facilities at Religious Places|132|Other Capital Expenses|4059-80-051-0-52|Other Capital Expenses|V|Data|Object-Head||1500.00|1500.00||100.0
151|05|14|4059|Capital Outlay on Public Works|80|General|051|Construction|0||52|Infrastructure & Stay Facilities at Religious Places|386|Purchase/Construction of Buildings|4059-80-051-0-52|Purchase/Construction of Buildings|V|Data|Object-Head|1199.97|1000.00|1000.00|2500.00|100.0
151|05|14|4059|Capital Outlay on Public Works|80|General|051|Construction|0||52|Infrastructure & Stay Facilities at Religious Places|||4059-80-051-0-52|HOA Total :|V|Total|Detailed-Head|1199.97|2500.00|2500.00|2500.00|100.0
152|05|14|4059|Capital Outlay on Public Works|80|General|051|Construction|0||56|Establishment of Anubhava Mantapa|||4059-80-051-0-56|Establishment of Anubhava Mantapa|V|Header|Detailed-Head|||||100.0
152|05|14|4059|Capital Outlay on Public Works|80|General|051|Construction|0||56|Establishment of Anubhava Mantapa|386|Purchase/Construction of Buildings|4059-80-051-0-56|Purchase/Construction of Buildings|V|Data|Object-Head|7500.00|5000.00|5000.00|5000.00|100.0
152|05|14|4059|Capital Outlay on Public Works|80|General|051|Construction|0||56|Establishment of Anubhava Mantapa|||4059-80-051-0-56|HOA Total :|V|Total|Detailed-Head|7500.00|5000.00|5000.00|5000.00|100.0
152|05|14|4059|Capital Outlay on Public Works|80|General|051|Construction|0||59|Construction of DC Residential Quarters|||4059-80-051-0-59|Construction of DC Residential Quarters|V|Header|Detailed-Head|||||100.0
152|05|14|4059|Capital Outlay on Public Works|80|General|051|Construction|0||59|Construction of DC Residential Quarters|386|Purchase/Construction of Buildings|4059-80-051-0-59|Purchase/Construction of Buildings|V|Data|Object-Head||250.00|250.00||100.0
152|05|14|4059|Capital Outlay on Public Works|80|General|051|Construction|0||59|Construction of DC Residential Quarters|||4059-80-051-0-59|HOA Total :|V|Total|Detailed-Head|0.00|250.00|250.00|0.00|100.0
152|05|14|4059|Capital Outlay on Public Works|80|General|201|Land Acquisition|0||01|Karnataka Public Lands Corporation|||4059-80-201-0-01|Karnataka Public Lands Corporation|V|Header|Detailed-Head|||||100.0
152|05|14|4059|Capital Outlay on Public Works|80|General|201|Land Acquisition|0||01|Karnataka Public Lands Corporation|386|Purchase/Construction of Buildings|4059-80-201-0-01|Purchase/Construction of Buildings|V|Data|Object-Head|1.00|1.00|1.00|1.00|100.0
152|05|14|4059|Capital Outlay on Public Works|80|General|201|Land Acquisition|0||01|Karnataka Public Lands Corporation|||4059-80-201-0-01|HOA Total :|V|Total|Detailed-Head|1.00|1.00|1.00|1.00|100.0
152|05|14|4059|Capital Outlay on Public Works|80|General|||||||||4059|4059 - Total :|V|Total|Major-Head|29505.91|21816.00|21816.00|23102.00|
153|05|14|4070|Capital Outlay on Other Administrative Services|00||001||0||06|Capital Expenses incurred under Atal Janasnehi Centres|||4070-00-001-0-06|Capital Expenses incurred under Atal Janasnehi Centres|V|Header|Detailed-Head|||||100.0
153|05|14|4070|Capital Outlay on Other Administrative Services|00||001||0||06|Capital Expenses incurred under Atal Janasnehi Centres|180|Machinery and Equipments|4070-00-001-0-06|Machinery and Equipments|V|Data|Object-Head||54.00|54.00|1.00|100.0
153|05|14|4070|Capital Outlay on Other Administrative Services|00||001||0||06|Capital Expenses incurred under Atal Janasnehi Centres|||4070-00-001-0-06|HOA Total :|V|Total|Detailed-Head|0.00|54.00|54.00|1.00|100.0
153|05|14|4070|Capital Outlay on Other Administrative Services|00||001||0||07|Expenses incurred under Bhoomi Cell|||4070-00-001-0-07|Expenses incurred under Bhoomi Cell|V|Header|Detailed-Head|||||100.0
153|05|14|4070|Capital Outlay on Other Administrative Services|00||001||0||07|Expenses incurred under Bhoomi Cell|180|Machinery and Equipments|4070-00-001-0-07|Machinery and Equipments|V|Data|Object-Head||500.00|500.00|1.00|100.0
153|05|14|4070|Capital Outlay on Other Administrative Services|00||001||0||07|Expenses incurred under Bhoomi Cell|||4070-00-001-0-07|HOA Total :|V|Total|Detailed-Head|0.00|500.00|500.00|1.00|100.0
153|05|14|4070|Capital Outlay on Other Administrative Services|00||800||0||08|Strengthening of Revenue Department|||4070-00-800-0-08|Strengthening of Revenue Department|V|Header|Detailed-Head|||||100.0
153|05|14|4070|Capital Outlay on Other Administrative Services|00||800||0||08|Strengthening of Revenue Department|053|Purchase of Furniture and Fixture for Office|4070-00-800-0-08|Purchase of Furniture and Fixture for Office|V|Data|Object-Head||330.00|330.00|1.00|100.0
153|05|14|4070|Capital Outlay on Other Administrative Services|00||800||0||08|Strengthening of Revenue Department|180|Machinery and Equipments|4070-00-800-0-08|Machinery and Equipments|V|Data|Object-Head|1998.82|4220.00|4220.00|2551.00|100.0
153|05|14|4070|Capital Outlay on Other Administrative Services|00||800||0||08|Strengthening of Revenue Department|199|Transportation Assets|4070-00-800-0-08|Transportation Assets|V|Data|Object-Head|198.80|200.00|200.00|200.00|100.0
153|05|14|4070|Capital Outlay on Other Administrative Services|00||800||0||08|Strengthening of Revenue Department|||4070-00-800-0-08|HOA Total :|V|Total|Detailed-Head|2197.62|4750.00|4750.00|2752.00|100.0
153|05|14|4070|Capital Outlay on Other Administrative Services|00||902||0||01|Deduct Amount Met from Atal Janasnehi User Fund|||4070-00-902-0-01|Deduct Amount Met from Atal Janasnehi User Fund|V|Header|Detailed-Head|||||100.0
153|05|14|4070|Capital Outlay on Other Administrative Services|00||902||0||01|Deduct Amount Met from Atal Janasnehi User Fund|261|Inter Account Transfers|4070-00-902-0-01|Inter Account Transfers|V|Data|Object-Head||-1554.00|-1554.00|-1500.00|100.0
153|05|14|4070|Capital Outlay on Other Administrative Services|00||902||0||01|Deduct Amount Met from Atal Janasnehi User Fund|||4070-00-902-0-01|HOA Total :|V|Total|Detailed-Head|0.00|-1554.00|-1554.00|-1500.00|100.0
153|05|14|4070|Capital Outlay on Other Administrative Services|00||902||0||02|Deduct Amount Met from Bhoomi User Fund|||4070-00-902-0-02|Deduct Amount Met from Bhoomi User Fund|V|Header|Detailed-Head|||||100.0
153|05|14|4070|Capital Outlay on Other Administrative Services|00||902||0||02|Deduct Amount Met from Bhoomi User Fund|261|Inter Account Transfers|4070-00-902-0-02|Inter Account Transfers|V|Data|Object-Head||-500.00|-500.00|-2501.00|100.0
153|05|14|4070|Capital Outlay on Other Administrative Services|00||902||0||02|Deduct Amount Met from Bhoomi User Fund|||4070-00-902-0-02|HOA Total :|V|Total|Detailed-Head|0.00|-500.00|-500.00|-2501.00|100.0
154|05|14|4070|Capital Outlay on Other Administrative Services|00||902||0||03|Deduct Amount Met from Mojini User Fund|||4070-00-902-0-03|Deduct Amount Met from Mojini User Fund|V|Header|Detailed-Head|||||100.0
154|05|14|4070|Capital Outlay on Other Administrative Services|00||902||0||03|Deduct Amount Met from Mojini User Fund|261|Inter Account Transfers|4070-00-902-0-03|Inter Account Transfers|V|Data|Object-Head||||-1550.00|100.0
154|05|14|4070|Capital Outlay on Other Administrative Services|00||902||0||03|Deduct Amount Met from Mojini User Fund|||4070-00-902-0-03|HOA Total :|V|Total|Detailed-Head|0.00|0.00|0.00|-1550.00|100.0
154|05|14|4070|Capital Outlay on Other Administrative Services|00||||||||||4070-00-902-0-03|4070 - Total :|V|Total|Major-Head|2197.62|3250.00|3250.00|-2797.00|
155|05|14|4250|Capital Outlay on Other Social Services|00||||||||||4250-00|Capital Outlay on Other Social Services|V|Header|Major-Head|||||
155|05|14|4250|Capital Outlay on Other Social Services|00||101||0||01|The Karnataka Water Security and Resilience Program (KWSRP)-EAP|||4250-00-101-0-01|The Karnataka Water Security and Resilience Program (KWSRP)-EAP|V|Header|Detailed-Head|||||100.0
155|05|14|4250|Capital Outlay on Other Social Services|00||101||0||01|The Karnataka Water Security and Resilience Program (KWSRP)-EAP|132|Other Capital Expenses|4250-00-101-0-01|Other Capital Expenses|V|Data|Object-Head||||75000.00|100.0
155|05|14|4250|Capital Outlay on Other Social Services|00||101||0||01|The Karnataka Water Security and Resilience Program (KWSRP)-EAP|||4250-00-101-0-01|HOA Total :|V|Total|Detailed-Head|0.00|0.00|0.00|75000.00|100.0
155|05|14|4250|Capital Outlay on Other Social Services|00||800||0||09|Development and Maintenance of Hindu Graveyards|||4250-00-800-0-09|Development and Maintenance of Hindu Graveyards|V|Header|Detailed-Head|||||100.0
155|05|14|4250|Capital Outlay on Other Social Services|00||800||0||09|Development and Maintenance of Hindu Graveyards|386|Purchase/Construction of Buildings|4250-00-800-0-09|Purchase/Construction of Buildings|V|Data|Object-Head|800.00|1000.00|1000.00|1000.00|100.0
155|05|14|4250|Capital Outlay on Other Social Services|00||800||0||09|Development and Maintenance of Hindu Graveyards|||4250-00-800-0-09|HOA Total :|V|Total|Detailed-Head|800.00|1000.00|1000.00|1000.00|100.0
155|05|14|4250|Capital Outlay on Other Social Services|00||||||||||4250-00|4250 - Total :|V|Total|Major-Head|800.00|1000.00|1000.00|76000.00|
156|05|23|2210|Medical and Public Health|01||||||||||2210-01|Medical and Public Health|V|Header|Major-Head|||||
156|05|23|2210|Medical and Public Health|01||102||0||01|Employees State Insurance Scheme - Medical Services|||2210-01-102-0-01|Employees State Insurance Scheme - Medical Services|V|Header|Detailed-Head|||||100.0
156|05|23|2210|Medical and Public Health|01||102||0||01|Employees State Insurance Scheme - Medical Services|002|Basic Pay|2210-01-102-0-01|Basic Pay|V|Data|Object-Head|4538.38|13344.00|13459.45|13524.00|100.0
156|05|23|2210|Medical and Public Health|01||102||0||01|Employees State Insurance Scheme - Medical Services|003|Basic Pay-Staff|2210-01-102-0-01|Basic Pay-Staff|V|Data|Object-Head|6205.56||||100.0
156|05|23|2210|Medical and Public Health|01||102||0||01|Employees State Insurance Scheme - Medical Services|004|Interim Relief|2210-01-102-0-01|Interim Relief|V|Data|Object-Head|762.08||||100.0
156|05|23|2210|Medical and Public Health|01||102||0||01|Employees State Insurance Scheme - Medical Services|011|Dearness Allowance|2210-01-102-0-01|Dearness Allowance|V|Data|Object-Head|2648.84|2936.00|2936.00|3381.00|100.0
156|05|23|2210|Medical and Public Health|01||102||0||01|Employees State Insurance Scheme - Medical Services|014|Other Allowance|2210-01-102-0-01|Other Allowance|V|Data|Object-Head|4503.77|4821.00|4870.98|4761.00|100.0
156|05|23|2210|Medical and Public Health|01||102||0||01|Employees State Insurance Scheme - Medical Services|015|Subsidiary Expenses|2210-01-102-0-01|Subsidiary Expenses|V|Data|Object-Head|39.56|40.00|40.00|1.00|100.0
156|05|23|2210|Medical and Public Health|01||102||0||01|Employees State Insurance Scheme - Medical Services|020|Medical Allowance|2210-01-102-0-01|Medical Allowance|V|Data|Object-Head|36.46||||100.0
156|05|23|2210|Medical and Public Health|01||102||0||01|Employees State Insurance Scheme - Medical Services|021|Reimbursement of Medical Expenses|2210-01-102-0-01|Reimbursement of Medical Expenses|V|Data|Object-Head|68.72|91.00|91.00|89.00|100.0
156|05|23|2210|Medical and Public Health|01||102||0||01|Employees State Insurance Scheme - Medical Services|034|Contract/Outsource|2210-01-102-0-01|Contract/Outsource|V|Data|Object-Head|3036.42|3364.32|3364.32|1.00|100.0
156|05|23|2210|Medical and Public Health|01||102||0||01|Employees State Insurance Scheme - Medical Services|041|Travel Expenses|2210-01-102-0-01|Travel Expenses|V|Data|Object-Head|4.99|5.00|5.00|1.00|100.0
156|05|23|2210|Medical and Public Health|01||102||0||01|Employees State Insurance Scheme - Medical Services|050|Office Expenses|2210-01-102-0-01|Office Expenses|V|Data|Object-Head||30.00|30.00|1.00|100.0
156|05|23|2210|Medical and Public Health|01||102||0||01|Employees State Insurance Scheme - Medical Services|051|General Expenses|2210-01-102-0-01|General Expenses|V|Data|Object-Head|49.54|50.00|50.00|1.00|100.0
156|05|23|2210|Medical and Public Health|01||102||0||01|Employees State Insurance Scheme - Medical Services|052|Telephone Charges|2210-01-102-0-01|Telephone Charges|V|Data|Object-Head|9.99||||100.0
156|05|23|2210|Medical and Public Health|01||102||0||01|Employees State Insurance Scheme - Medical Services|053|Purchase of Furniture and Fixture for Office|2210-01-102-0-01|Purchase of Furniture and Fixture for Office|V|Data|Object-Head|3.96||||100.0
156|05|23|2210|Medical and Public Health|01||102||0||01|Employees State Insurance Scheme - Medical Services|059|Other Expenses|2210-01-102-0-01|Other Expenses|V|Data|Object-Head|15951.49|16100.00|16100.00|1.00|100.0
156|05|23|2210|Medical and Public Health|01||102||0||01|Employees State Insurance Scheme - Medical Services|071|Building Expenses|2210-01-102-0-01|Building Expenses|V|Data|Object-Head|622.84|625.00|625.00|1.00|100.0
156|05|23|2210|Medical and Public Health|01||102||0||01|Employees State Insurance Scheme - Medical Services|180|Machinery and Equipments|2210-01-102-0-01|Machinery and Equipments|V|Data|Object-Head|15.40||||100.0
156|05|23|2210|Medical and Public Health|01||102||0||01|Employees State Insurance Scheme - Medical Services|195|Transport Expenses|2210-01-102-0-01|Transport Expenses|V|Data|Object-Head|61.35|100.00|100.00|1.00|100.0
156|05|23|2210|Medical and Public Health|01||102||0||01|Employees State Insurance Scheme - Medical Services|200|Maintenance Expenditure|2210-01-102-0-01|Maintenance Expenditure|V|Data|Object-Head|19.06|20.00|20.00|1.00|100.0
156|05|23|2210|Medical and Public Health|01||102||0||01|Employees State Insurance Scheme - Medical Services|221|Materials and Supplies|2210-01-102-0-01|Materials and Supplies|V|Data|Object-Head|77.63|1150.00|1150.00|1.00|100.0
156|05|23|2210|Medical and Public Health|01||102||0||01|Employees State Insurance Scheme - Medical Services|222|Drugs and Chemicals|2210-01-102-0-01|Drugs and Chemicals|V|Data|Object-Head|10699.06|12500.00|12500.00||100.0
156|05|23|2210|Medical and Public Health|01||102||0||01|Employees State Insurance Scheme - Medical Services|230|Hospital Accessaries|2210-01-102-0-01|Hospital Accessaries|V|Data|Object-Head|50.19||||100.0
156|05|23|2210|Medical and Public Health|01||102||0||01|Employees State Insurance Scheme - Medical Services|234|Diet Expenses|2210-01-102-0-01|Diet Expenses|V|Data|Object-Head|61.94|60.00|60.00|1.00|100.0
156|05|23|2210|Medical and Public Health|01||102||0||01|Employees State Insurance Scheme - Medical Services|324|Honorarium|2210-01-102-0-01|Honorarium|V|Data|Object-Head||1.00|1.00|1.00|100.0
156|05|23|2210|Medical and Public Health|01||102||0||01|Employees State Insurance Scheme - Medical Services|||2210-01-102-0-01|HOA Total :|V|Total|Detailed-Head|49467.23|55237.32|55402.75|21767.00|100.0
157|05|23|2210|Medical and Public Health|02||101|Ayurveda|2|Employees State Insurance Scheme|03|Employees State Insurance - Ayurvedic Dispensaries|||2210-02-101-2-03|Employees State Insurance - Ayurvedic Dispensaries|V|Header|Detailed-Head|||||100.0
157|05|23|2210|Medical and Public Health|02||101|Ayurveda|2|Employees State Insurance Scheme|03|Employees State Insurance - Ayurvedic Dispensaries|002|Basic Pay|2210-02-101-2-03|Basic Pay|V|Data|Object-Head|11.59|17.00|17.00|18.00|100.0
157|05|23|2210|Medical and Public Health|02||101|Ayurveda|2|Employees State Insurance Scheme|03|Employees State Insurance - Ayurvedic Dispensaries|004|Interim Relief|2210-02-101-2-03|Interim Relief|V|Data|Object-Head|1.09||||100.0
157|05|23|2210|Medical and Public Health|02||101|Ayurveda|2|Employees State Insurance Scheme|03|Employees State Insurance - Ayurvedic Dispensaries|011|Dearness Allowance|2210-02-101-2-03|Dearness Allowance|V|Data|Object-Head|3.31|4.00|4.00|5.00|100.0
157|05|23|2210|Medical and Public Health|02||101|Ayurveda|2|Employees State Insurance Scheme|03|Employees State Insurance - Ayurvedic Dispensaries|014|Other Allowance|2210-02-101-2-03|Other Allowance|V|Data|Object-Head|8.06|10.00|10.00|10.00|100.0
157|05|23|2210|Medical and Public Health|02||101|Ayurveda|2|Employees State Insurance Scheme|03|Employees State Insurance - Ayurvedic Dispensaries|021|Reimbursement of Medical Expenses|2210-02-101-2-03|Reimbursement of Medical Expenses|V|Data|Object-Head||3.00|3.00|3.00|100.0
157|05|23|2210|Medical and Public Health|02||101|Ayurveda|2|Employees State Insurance Scheme|03|Employees State Insurance - Ayurvedic Dispensaries|221|Materials and Supplies|2210-02-101-2-03|Materials and Supplies|V|Data|Object-Head||||1.00|100.0
157|05|23|2210|Medical and Public Health|02||101|Ayurveda|2|Employees State Insurance Scheme|03|Employees State Insurance - Ayurvedic Dispensaries|222|Drugs and Chemicals|2210-02-101-2-03|Drugs and Chemicals|V|Data|Object-Head|0.94|1.00|1.00||100.0
157|05|23|2210|Medical and Public Health|02||101|Ayurveda|2|Employees State Insurance Scheme|03|Employees State Insurance - Ayurvedic Dispensaries|||2210-02-101-2-03|HOA Total :|V|Total|Detailed-Head|24.99|35.00|35.00|37.00|100.0
157|05|23|2210|Medical and Public Health|02||||||||||2210|2210 - Total :|V|Total|Major-Head|49492.22|55272.32|55437.75|21804.00|
158|05|23|2230|Labour, Employment and Skill Development|01||||||||||2230|Labour, Employment and Skill Development|V|Header|Major-Head|||||
158|05|23|2230|Labour, Employment and Skill Development|01||001||0||01|Commissioner of Labour|||2230-01-001-0-01|Commissioner of Labour|V|Header|Detailed-Head|||||100.0
158|05|23|2230|Labour, Employment and Skill Development|01||001||0||01|Commissioner of Labour|002|Basic Pay|2230-01-001-0-01|Basic Pay|V|Data|Object-Head|122.23|406.00|406.00|379.00|100.0
158|05|23|2230|Labour, Employment and Skill Development|01||001||0||01|Commissioner of Labour|003|Basic Pay-Staff|2230-01-001-0-01|Basic Pay-Staff|V|Data|Object-Head|199.91||||100.0
158|05|23|2230|Labour, Employment and Skill Development|01||001||0||01|Commissioner of Labour|004|Interim Relief|2230-01-001-0-01|Interim Relief|V|Data|Object-Head|20.76||||100.0
158|05|23|2230|Labour, Employment and Skill Development|01||001||0||01|Commissioner of Labour|011|Dearness Allowance|2230-01-001-0-01|Dearness Allowance|V|Data|Object-Head|81.45|96.00|96.00|102.00|100.0
158|05|23|2230|Labour, Employment and Skill Development|01||001||0||01|Commissioner of Labour|014|Other Allowance|2230-01-001-0-01|Other Allowance|V|Data|Object-Head|84.86|92.00|92.00|86.00|100.0
158|05|23|2230|Labour, Employment and Skill Development|01||001||0||01|Commissioner of Labour|015|Subsidiary Expenses|2230-01-001-0-01|Subsidiary Expenses|V|Data|Object-Head|100.00|100.00|127.03|110.00|100.0
158|05|23|2230|Labour, Employment and Skill Development|01||001||0||01|Commissioner of Labour|020|Medical Allowance|2230-01-001-0-01|Medical Allowance|V|Data|Object-Head|1.78||||100.0
158|05|23|2230|Labour, Employment and Skill Development|01||001||0||01|Commissioner of Labour|021|Reimbursement of Medical Expenses|2230-01-001-0-01|Reimbursement of Medical Expenses|V|Data|Object-Head|5.48|15.00|15.00|15.00|100.0
158|05|23|2230|Labour, Employment and Skill Development|01||001||0||01|Commissioner of Labour|034|Contract/Outsource|2230-01-001-0-01|Contract/Outsource|V|Data|Object-Head|85.82|107.24|109.64|79.63|100.0
158|05|23|2230|Labour, Employment and Skill Development|01||001||0||01|Commissioner of Labour|037|Payment on Service Contract|2230-01-001-0-01|Payment on Service Contract|V|Data|Object-Head||||20.00|100.0
158|05|23|2230|Labour, Employment and Skill Development|01||001||0||01|Commissioner of Labour|041|Travel Expenses|2230-01-001-0-01|Travel Expenses|V|Data|Object-Head|2.08|2.00|2.38|3.00|100.0
158|05|23|2230|Labour, Employment and Skill Development|01||001||0||01|Commissioner of Labour|050|Office Expenses|2230-01-001-0-01|Office Expenses|V|Data|Object-Head|24.99|20.00|20.37|21.00|100.0
158|05|23|2230|Labour, Employment and Skill Development|01||001||0||01|Commissioner of Labour|051|General Expenses|2230-01-001-0-01|General Expenses|V|Data|Object-Head|14.96|5.00|5.00|5.00|100.0
158|05|23|2230|Labour, Employment and Skill Development|01||001||0||01|Commissioner of Labour|052|Telephone Charges|2230-01-001-0-01|Telephone Charges|V|Data|Object-Head|4.60||||100.0
158|05|23|2230|Labour, Employment and Skill Development|01||001||0||01|Commissioner of Labour|071|Building Expenses|2230-01-001-0-01|Building Expenses|V|Data|Object-Head|17.54|32.00|33.27|36.00|100.0
158|05|23|2230|Labour, Employment and Skill Development|01||001||0||01|Commissioner of Labour|195|Transport Expenses|2230-01-001-0-01|Transport Expenses|V|Data|Object-Head|15.59|16.00|18.00|18.85|100.0
158|05|23|2230|Labour, Employment and Skill Development|01||001||0||01|Commissioner of Labour|||2230-01-001-0-01|HOA Total :|V|Total|Detailed-Head|782.05|891.24|924.69|875.48|100.0
158|05|23|2230|Labour, Employment and Skill Development|01||101||0||01|Enforcement of Labour Laws|||2230-01-101-0-01|Enforcement of Labour Laws|V|Header|Detailed-Head|||||
158|05|23|2230|Labour, Employment and Skill Development|01||101||0||01|Enforcement of Labour Laws|002|Basic Pay|2230-01-101-0-01|Basic Pay|V|Data|Object-Head|423.38|3538.00|3538.00|3633.00|
158|05|23|2230|Labour, Employment and Skill Development|01||101||0||01|Enforcement of Labour Laws|003|Basic Pay-Staff|2230-01-101-0-01|Basic Pay-Staff|V|Data|Object-Head|2340.14||||
158|05|23|2230|Labour, Employment and Skill Development|01||101||0||01|Enforcement of Labour Laws|004|Interim Relief|2230-01-101-0-01|Interim Relief|V|Data|Object-Head|155.88||||
158|05|23|2230|Labour, Employment and Skill Development|01||101||0||01|Enforcement of Labour Laws|011|Dearness Allowance|2230-01-101-0-01|Dearness Allowance|V|Data|Object-Head|599.17|779.00|779.00|908.00|
158|05|23|2230|Labour, Employment and Skill Development|01||101||0||01|Enforcement of Labour Laws|014|Other Allowance|2230-01-101-0-01|Other Allowance|V|Data|Object-Head|446.13|565.00|565.00|570.00|
158|05|23|2230|Labour, Employment and Skill Development|01||101||0||01|Enforcement of Labour Laws|020|Medical Allowance|2230-01-101-0-01|Medical Allowance|V|Data|Object-Head|16.43||||
158|05|23|2230|Labour, Employment and Skill Development|01||101||0||01|Enforcement of Labour Laws|021|Reimbursement of Medical Expenses|2230-01-101-0-01|Reimbursement of Medical Expenses|V|Data|Object-Head|18.44|32.00|32.00|32.00|
158|05|23|2230|Labour, Employment and Skill Development|01||101||0||01|Enforcement of Labour Laws|034|Contract/Outsource|2230-01-101-0-01|Contract/Outsource|V|Data|Object-Head|234.11|395.15|395.15|399.71|
159|Volume 5|23|2230|Labour,Employment and Skill Development|01|Labour|101||0||04||037|Payment on Service Contract|2230-01-101-0-04|Payment on Service Contract|V|Data|Object-Head||||9.00|9.22
159|Volume 5|23|2230|Labour,Employment and Skill Development|01|Labour|101||0||04||041|Travel Expenses|2230-01-101-0-04|Travel Expenses|V|Data|Object-Head|4.15|5.00|5.00|5.00|9.22
159|Volume 5|23|2230|Labour,Employment and Skill Development|01|Labour|101||0||04||050|Office Expenses|2230-01-101-0-04|Office Expenses|V|Data|Object-Head|24.51|30.00|30.00|31.00|9.22
159|Volume 5|23|2230|Labour,Employment and Skill Development|01|Labour|101||0||04||051|General Expenses|2230-01-101-0-04|General Expenses|V|Data|Object-Head|24.54|5.00|5.00|7.00|9.22
159|Volume 5|23|2230|Labour,Employment and Skill Development|01|Labour|101||0||04||052|Telephone Charges|2230-01-101-0-04|Telephone Charges|V|Data|Object-Head|3.40||||9.22
159|Volume 5|23|2230|Labour,Employment and Skill Development|01|Labour|101||0||04||071|Building Expenses|2230-01-101-0-04|Building Expenses|V|Data|Object-Head|265.47|200.00|200.00|250.00|9.22
159|Volume 5|23|2230|Labour,Employment and Skill Development|01|Labour|101||0||04||195|Transport Expenses|2230-01-101-0-04|Transport Expenses|V|Data|Object-Head|215.57|248.87|248.87|229.05|9.22
159|Volume 5|23|2230|Labour,Employment and Skill Development|01|Labour|101||0||04||||2230-01-101-0-04|HOA Total :|V|Total|Detailed-Head|4771.32|5798.02|5798.02|6073.76|9.22
159|Volume 5|23|2230|Labour,Employment and Skill Development|01|Labour|101||0||05|Ashadeep|||2230-01-101-0-05|Ashadeep|V|Header|Detailed-Head|||||100.0
159|Volume 5|23|2230|Labour,Employment and Skill Development|01|Labour|101||0||05|Ashadeep|059|Other Expenses|2230-01-101-0-05|Other Expenses|V|Data|Object-Head|250.00|200.00|200.00|200.00|100.0
159|Volume 5|23|2230|Labour,Employment and Skill Development|01|Labour|101||0||05|Ashadeep|422|Schedule Caste Sub Plan|2230-01-101-0-05|Schedule Caste Sub Plan|V|Data|Object-Head|700.00|550.00|550.00|550.00|100.0
159|Volume 5|23|2230|Labour,Employment and Skill Development|01|Labour|101||0||05|Ashadeep|423|Tribal Sub Plan|2230-01-101-0-05|Tribal Sub Plan|V|Data|Object-Head|300.00|250.00|250.00|250.00|100.0
159|Volume 5|23|2230|Labour,Employment and Skill Development|01|Labour|101||0||05|Ashadeep|||2230-01-101-0-05|HOA Total :|V|Total|Detailed-Head|1250.00|1000.00|1000.00|1000.00|100.0
159|Volume 5|23|2230|Labour,Employment and Skill Development|01|Labour|102||0||01|Inspector of Factories|||2230-01-102-0-01|Inspector of Factories|V|Header|Detailed-Head|||||100.0
159|Volume 5|23|2230|Labour,Employment and Skill Development|01|Labour|102||0||01|Inspector of Factories|002|Basic Pay|2230-01-102-0-01|Basic Pay|V|Data|Object-Head|505.48|1299.00|1299.00|1298.00|100.0
159|Volume 5|23|2230|Labour,Employment and Skill Development|01|Labour|102||0||01|Inspector of Factories|003|Basic Pay-Staff|2230-01-102-0-01|Basic Pay-Staff|V|Data|Object-Head|523.12||||100.0
159|Volume 5|23|2230|Labour,Employment and Skill Development|01|Labour|102||0||01|Inspector of Factories|004|Interim Relief|2230-01-102-0-01|Interim Relief|V|Data|Object-Head|63.10||||100.0
159|Volume 5|23|2230|Labour,Employment and Skill Development|01|Labour|102||0||01|Inspector of Factories|011|Dearness Allowance|2230-01-102-0-01|Dearness Allowance|V|Data|Object-Head|234.50|286.00|286.00|325.00|100.0
159|Volume 5|23|2230|Labour,Employment and Skill Development|01|Labour|102||0||01|Inspector of Factories|014|Other Allowance|2230-01-102-0-01|Other Allowance|V|Data|Object-Head|200.82|245.00|245.00|244.00|100.0
159|Volume 5|23|2230|Labour,Employment and Skill Development|01|Labour|102||0||01|Inspector of Factories|020|Medical Allowance|2230-01-102-0-01|Medical Allowance|V|Data|Object-Head|4.35||||100.0
159|Volume 5|23|2230|Labour,Employment and Skill Development|01|Labour|102||0||01|Inspector of Factories|021|Reimbursement of Medical Expenses|2230-01-102-0-01|Reimbursement of Medical Expenses|V|Data|Object-Head|6.92|15.00|15.00|15.00|100.0
159|Volume 5|23|2230|Labour,Employment and Skill Development|01|Labour|102||0||01|Inspector of Factories|034|Contract/Outsource|2230-01-102-0-01|Contract/Outsource|V|Data|Object-Head|92.21|101.73|101.73|105.29|100.0
159|Volume 5|23|2230|Labour,Employment and Skill Development|01|Labour|102||0||01|Inspector of Factories|037|Payment on Service Contract|2230-01-102-0-01|Payment on Service Contract|V|Data|Object-Head||||25.00|100.0
159|Volume 5|23|2230|Labour,Employment and Skill Development|01|Labour|102||0||01|Inspector of Factories|041|Travel Expenses|2230-01-102-0-01|Travel Expenses|V|Data|Object-Head|3.98|4.00|4.00|4.00|100.0
159|Volume 5|23|2230|Labour,Employment and Skill Development|01|Labour|102||0||01|Inspector of Factories|050|Office Expenses|2230-01-102-0-01|Office Expenses|V|Data|Object-Head|54.16|80.00|159.89|60.00|100.0
159|Volume 5|23|2230|Labour,Employment and Skill Development|01|Labour|102||0||01|Inspector of Factories|051|General Expenses|2230-01-102-0-01|General Expenses|V|Data|Object-Head|71.35||||100.0
159|Volume 5|23|2230|Labour,Employment and Skill Development|01|Labour|102||0||01|Inspector of Factories|052|Telephone Charges|2230-01-102-0-01|Telephone Charges|V|Data|Object-Head|5.45||||100.0
160|Volume 5|23|2230|Labour,Employment and Skill Development|01|Labour|102|Inspector of Factories|0||01|Inspector of Factories|071|Building Expenses|2230-01-102-0-01|Building Expenses|V|Data|Object-Head|66.70|80.00|80.00|80.00|100.0
160|Volume 5|23|2230|Labour,Employment and Skill Development|01|Labour|102|Inspector of Factories|0||01|Inspector of Factories|195|Transport Expenses|2230-01-102-0-01|Transport Expenses|V|Data|Object-Head|184.43|214.18|214.18|212.67|100.0
160|Volume 5|23|2230|Labour,Employment and Skill Development|01|Labour|102|Inspector of Factories|0||01|Inspector of Factories|||2230-01-102-0-01|HOA Total :|V|Total|Detailed-Head|2016.57|2324.91|2404.80|2368.96|100.0
160|Volume 5|23|2230|Labour,Employment and Skill Development|01|Labour|103||4||00|Karnataka Labour Welfare Fund Contribution|||2230-01-103-4-00|Karnataka Labour Welfare Fund Contribution|V|Header|Detailed-Head|||||100.0
160|Volume 5|23|2230|Labour,Employment and Skill Development|01|Labour|103||4||00|Karnataka Labour Welfare Fund Contribution|100|Financial Assistance/Relief|2230-01-103-4-00|Financial Assistance/Relief|V|Data|Object-Head||||1000.00|100.0
160|Volume 5|23|2230|Labour,Employment and Skill Development|01|Labour|103||4||00|Karnataka Labour Welfare Fund Contribution|104|Contributions|2230-01-103-4-00|Contributions|V|Data|Object-Head|500.00|1000.00|1000.00||100.0
160|Volume 5|23|2230|Labour,Employment and Skill Development|01|Labour|103||4||00|Karnataka Labour Welfare Fund Contribution|||2230-01-103-4-00|HOA Total :|V|Total|Detailed-Head|500.00|1000.00|1000.00|1000.00|100.0
160|Volume 5|23|2230|Labour,Employment and Skill Development|01|Labour|103||6||01|Child Labour Rehabilitation|||2230-01-103-6-01|Child Labour Rehabilitation|V|Header|Detailed-Head|||||100.0
160|Volume 5|23|2230|Labour,Employment and Skill Development|01|Labour|103||6||01|Child Labour Rehabilitation|100|Financial Assistance/Relief|2230-01-103-6-01|Financial Assistance/Relief|V|Data|Object-Head||||401.40|100.0
160|Volume 5|23|2230|Labour,Employment and Skill Development|01|Labour|103||6||01|Child Labour Rehabilitation|104|Contributions|2230-01-103-6-01|Contributions|V|Data|Object-Head|304.61|401.40|401.40||100.0
160|Volume 5|23|2230|Labour,Employment and Skill Development|01|Labour|103||6||01|Child Labour Rehabilitation|422|Schedule Caste Sub Plan|2230-01-103-6-01|Schedule Caste Sub Plan|V|Data|Object-Head|49.59|70.59|70.59|70.59|100.0
160|Volume 5|23|2230|Labour,Employment and Skill Development|01|Labour|103||6||01|Child Labour Rehabilitation|423|Tribal Sub Plan|2230-01-103-6-01|Tribal Sub Plan|V|Data|Object-Head|20.01|28.01|28.01|28.01|100.0
160|Volume 5|23|2230|Labour,Employment and Skill Development|01|Labour|103||6||01|Child Labour Rehabilitation|||2230-01-103-6-01|HOA Total :|V|Total|Detailed-Head|374.21|500.00|500.00|500.00|100.0
160|Volume 5|23|2230|Labour,Employment and Skill Development|01|Labour|103||7||03|Karnataka State Private Commercial Vehicle Drivers Accident Benefit Scheme|||2230-01-103-7-03|Karnataka State Private Commercial Vehicle Drivers Accident Benefit Scheme|V|Header|Detailed-Head|||||100.0
160|Volume 5|23|2230|Labour,Employment and Skill Development|01|Labour|103||7||03|Karnataka State Private Commercial Vehicle Drivers Accident Benefit Scheme|059|Other Expenses|2230-01-103-7-03|Other Expenses|V|Data|Object-Head|1000.00|1000.00|1000.00|1200.00|100.0
160|Volume 5|23|2230|Labour,Employment and Skill Development|01|Labour|103||7||03|Karnataka State Private Commercial Vehicle Drivers Accident Benefit Scheme|||2230-01-103-7-03|HOA Total :|V|Total|Detailed-Head|1000.00|1000.00|1000.00|1200.00|100.0
160|Volume 5|23|2230|Labour,Employment and Skill Development|01|Labour|111||0||05|Karnataka State Unorganised Labour Social Security Board|||2230-01-111-0-05|Karnataka State Unorganised Labour Social Security Board|V|Header|Detailed-Head|||||100.0
160|Volume 5|23|2230|Labour,Employment and Skill Development|01|Labour|111||0||05|Karnataka State Unorganised Labour Social Security Board|059|Other Expenses|2230-01-111-0-05|Other Expenses|V|Data|Object-Head|600.00|1.00|1.00|1.00|100.0
160|Volume 5|23|2230|Labour,Employment and Skill Development|01|Labour|111||0||05|Karnataka State Unorganised Labour Social Security Board|100|Financial Assistance/Relief|2230-01-111-0-05|Financial Assistance/Relief|V|Data|Object-Head|100.00|||1.00|100.0
160|Volume 5|23|2230|Labour,Employment and Skill Development|01|Labour|111||0||05|Karnataka State Unorganised Labour Social Security Board|||2230-01-111-0-05|HOA Total :|V|Total|Detailed-Head|700.00|1.00|1.00|2.00|100.0
161|Volume 5|23|2230|Labour,Employment and Skill Development|01|Labour|911||0||00|Deduct Recoveries of Over Payment|||2230-01-911-0-00|Deduct Recoveries of Over Payment|V|Header|Detailed-Head|||||100.0
161|Volume 5|23|2230|Labour,Employment and Skill Development|01|Labour|911||0||00|Deduct Recoveries of Over Payment|364|Deduct - Recoveries|2230-01-911-0-00|Deduct - Recoveries|V|Data|Object-Head|-0.01||||100.0
161|Volume 5|23|2230|Labour,Employment and Skill Development|01|Labour|911||0||00|Deduct Recoveries of Over Payment|||2230-01-911-0-00|HOA Total :|V|Total|Detailed-Head|-0.01|0.00|0.00|0.00|100.0
161|Volume 5|23|2230|Labour,Employment and Skill Development|01|Labour|911||0||01|Deduct Recovery of Over Payments of Current Year|||2230-01-911-0-01|Deduct Recovery of Over Payments of Current Year|V|Header|Detailed-Head|||||100.0
161|Volume 5|23|2230|Labour,Employment and Skill Development|01|Labour|911||0||01|Deduct Recovery of Over Payments of Current Year|364|Deduct - Recoveries|2230-01-911-0-01|Deduct - Recoveries|V|Data|Object-Head|-2.44||||100.0
161|Volume 5|23|2230|Labour,Employment and Skill Development|01|Labour|911||0||01|Deduct Recovery of Over Payments of Current Year|||2230-01-911-0-01|HOA Total :|V|Total|Detailed-Head|-2.44|0.00|0.00|0.00|100.0
161|Volume 5|23|2230|Labour,Employment and Skill Development|01|Labour|911||0||02|Deduct Recoveries of Over Payments of Previous Years|||2230-01-911-0-02|Deduct Recoveries of Over Payments of Previous Years|V|Header|Detailed-Head|||||100.0
161|Volume 5|23|2230|Labour,Employment and Skill Development|01|Labour|911||0||02|Deduct Recoveries of Over Payments of Previous Years|364|Deduct - Recoveries|2230-01-911-0-02|Deduct - Recoveries|V|Data|Object-Head|-4.30||||100.0
161|Volume 5|23|2230|Labour,Employment and Skill Development|01|Labour|911||0||02|Deduct Recoveries of Over Payments of Previous Years|||2230-01-911-0-02|HOA Total :|V|Total|Detailed-Head|-4.30|0.00|0.00|0.00|100.0
161|Volume 5|23|2230|Labour,Employment and Skill Development|02||001||0||49|Vacant Post Provision|||2230-02-001-0-49|Vacant Post Provision|V|Header|Detailed-Head|||||100.0
161|Volume 5|23|2230|Labour,Employment and Skill Development|02||001||0||49|Vacant Post Provision|014|Other Allowance|2230-02-001-0-49|Other Allowance|V|Data|Object-Head||21950.16|21784.73|26315.16|100.0
161|Volume 5|23|2230|Labour,Employment and Skill Development|02||001||0||49|Vacant Post Provision|||2230-02-001-0-49|HOA Total :|V|Total|Detailed-Head|0.00|21950.16|21784.73|26315.16|100.0
161|Volume 5|23|2230|Labour,Employment and Skill Development|02||911||0||01|Deduct Recovery of Over Payments of Current Year|||2230-02-911-0-01|Deduct Recovery of Over Payments of Current Year|V|Header|Detailed-Head|||||100.0
161|Volume 5|23|2230|Labour,Employment and Skill Development|02||911||0||01|Deduct Recovery of Over Payments of Current Year|364|Deduct - Recoveries|2230-02-911-0-01|Deduct - Recoveries|V|Data|Object-Head|-17.36||||100.0
161|Volume 5|23|2230|Labour,Employment and Skill Development|02||911||0||01|Deduct Recovery of Over Payments of Current Year|||2230-02-911-0-01|HOA Total :|V|Total|Detailed-Head|-17.36|0.00|0.00|0.00|100.0
161|Volume 5|23|2230|Labour,Employment and Skill Development|02||911||0||02|Deduct-Recovery of Overpayments|||2230-02-911-0-02|Deduct-Recovery of Overpayments|V|Header|Detailed-Head|||||100.0
161|Volume 5|23|2230|Labour,Employment and Skill Development|02||911||0||02|Deduct-Recovery of Overpayments|364|Deduct - Recoveries|2230-02-911-0-02|Deduct - Recoveries|V|Data|Object-Head|-0.42||||100.0
161|Volume 5|23|2230|Labour,Employment and Skill Development|02||911||0||02|Deduct-Recovery of Overpayments|||2230-02-911-0-02|HOA Total :|V|Total|Detailed-Head|-0.42|0.00|0.00|0.00|100.0
162|Volume 5|23|2230|Labour,Employment and Skill Development|03||911||0||00|Deduct Recoveries of Over Payment|||2230-03-911-0-00|Deduct Recoveries of Over Payment||Header|Detailed-Head|||||100.0
162|Volume 5|23|2230|Labour,Employment and Skill Development|03||911||0||00|Deduct Recoveries of Over Payment|364|Deduct - Recoveries|2230-03-911-0-00|Deduct - Recoveries||Data|Object-Head|-0.14||||100.0
162|Volume 5|23|2230|Labour,Employment and Skill Development|03||911||0||00|Deduct Recoveries of Over Payment|||2230-03-911-0-00|HOA Total :||Total|Detailed-Head|-0.14|0.00|0.00|0.00|100.0
162|Volume 5|23|2230|Labour,Employment and Skill Development|03||911||0||01|Deduct Recovery of Over Payments of Current Year|||2230-03-911-0-01|Deduct Recovery of Over Payments of Current Year||Header|Detailed-Head|||||100.0
162|Volume 5|23|2230|Labour,Employment and Skill Development|03||911||0||01|Deduct Recovery of Over Payments of Current Year|364|Deduct - Recoveries|2230-03-911-0-01|Deduct - Recoveries||Data|Object-Head|-0.76||||100.0
162|Volume 5|23|2230|Labour,Employment and Skill Development|03||911||0||01|Deduct Recovery of Over Payments of Current Year|||2230-03-911-0-01|HOA Total :||Total|Detailed-Head|-0.76|0.00|0.00|0.00|100.0
162|Volume 5|23|2230|Labour,Employment and Skill Development|03||911||0||05|Deduct Recovery of Over Payment of Previous Years-TP|||2230-03-911-0-05|Deduct Recovery of Over Payment of Previous Years-TP||Header|Detailed-Head|||||100.0
162|Volume 5|23|2230|Labour,Employment and Skill Development|03||911||0||05|Deduct Recovery of Over Payment of Previous Years-TP|261|Inter Account Transfers|2230-03-911-0-05|Inter Account Transfers||Data|Object-Head||-34.56|-34.56|-113.29|100.0
162|Volume 5|23|2230|Labour,Employment and Skill Development|03||911||0||05|Deduct Recovery of Over Payment of Previous Years-TP|||2230-03-911-0-05|HOA Total :||Total|Detailed-Head|0.00|-34.56|-34.56|-113.29|100.0
162|Volume 5|23|2230|Labour,Employment and Skill Development|03||||||||||2230|2230 - Total :||Total|Major-Head|11368.72|34430.77|34378.68|39222.07|
163|Volume 5|23|4250|Capital Outlay on Other Social Services|00||201||0||04|Construction of Karmika Bhavan|||4250-00-201-0-04|Construction of Karmika Bhavan||Header|Detailed-Head|||||100.0
163|Volume 5|23|4250|Capital Outlay on Other Social Services|00||201||0||04|Construction of Karmika Bhavan|386|Purchase/Construction of Buildings|4250-00-201-0-04|Purchase/Construction of Buildings||Data|Object-Head|387.50|400.00|400.00|400.00|100.0
163|Volume 5|23|4250|Capital Outlay on Other Social Services|00||201||0||04|Construction of Karmika Bhavan|||4250-00-201-0-04|HOA Total :||Total|Detailed-Head|387.50|400.00|400.00|400.00|100.0
163|Volume 5|23|4250|Capital Outlay on Other Social Services|00||203||0||12|Purchase of Vehicles|||4250-00-203-0-12|Purchase of Vehicles||Header|Detailed-Head|||||100.0
163|Volume 5|23|4250|Capital Outlay on Other Social Services|00||203||0||12|Purchase of Vehicles|199|Transportation Assets|4250-00-203-0-12|Transportation Assets||Data|Object-Head|12.15|1.00|1.00|1.00|100.0
163|Volume 5|23|4250|Capital Outlay on Other Social Services|00||203||0||12|Purchase of Vehicles|||4250-00-203-0-12|HOA Total :||Total|Detailed-Head|12.15|1.00|1.00|1.00|100.0
163|Volume 5|23|4250|Capital Outlay on Other Social Services|00||||||||||4250|4250 - Total :||Total|Major-Head|399.65|401.00|401.00|401.00|
164|5|23|2230|Labour,Employment and Skill Development|02||001||0||03|Commissioner for Employment and Training|||2230-02-001-0-03|Commissioner for Employment and Training|V|Header|Detailed-Head|||||100.0
164|5|23|2230|Labour,Employment and Skill Development|02||001||0||03|Commissioner for Employment and Training|002|Basic Pay|2230-02-001-0-03|Basic Pay|V|Data|Object-Head|1914.90|23878.00|27450.30|23454.00|100.0
164|5|23|2230|Labour,Employment and Skill Development|02||001||0||03|Commissioner for Employment and Training|003|Basic Pay-Staff|2230-02-001-0-03|Basic Pay-Staff|V|Data|Object-Head|17960.79||||100.0
164|5|23|2230|Labour,Employment and Skill Development|02||001||0||03|Commissioner for Employment and Training|004|Interim Relief|2230-02-001-0-03|Interim Relief|V|Data|Object-Head|1126.01||||100.0
164|5|23|2230|Labour,Employment and Skill Development|02||001||0||03|Commissioner for Employment and Training|011|Dearness Allowance|2230-02-001-0-03|Dearness Allowance|V|Data|Object-Head|4373.18|5261.00|5261.00|5872.00|100.0
164|5|23|2230|Labour,Employment and Skill Development|02||001||0||03|Commissioner for Employment and Training|014|Other Allowance|2230-02-001-0-03|Other Allowance|V|Data|Object-Head|2361.67|2931.00|3543.12|2769.00|100.0
164|5|23|2230|Labour,Employment and Skill Development|02||001||0||03|Commissioner for Employment and Training|015|Subsidiary Expenses|2230-02-001-0-03|Subsidiary Expenses|V|Data|Object-Head|1020.05|800.00|1287.00|955.00|100.0
164|5|23|2230|Labour,Employment and Skill Development|02||001||0||03|Commissioner for Employment and Training|020|Medical Allowance|2230-02-001-0-03|Medical Allowance|V|Data|Object-Head|108.48||||100.0
164|5|23|2230|Labour,Employment and Skill Development|02||001||0||03|Commissioner for Employment and Training|021|Reimbursement of Medical Expenses|2230-02-001-0-03|Reimbursement of Medical Expenses|V|Data|Object-Head|69.35|192.00|192.00|188.00|100.0
164|5|23|2230|Labour,Employment and Skill Development|02||001||0||03|Commissioner for Employment and Training|034|Contract/Outsource|2230-02-001-0-03|Contract/Outsource|V|Data|Object-Head|606.65|828.73|1009.98|860.31|100.0
164|5|23|2230|Labour,Employment and Skill Development|02||001||0||03|Commissioner for Employment and Training|037|Payment on Service Contract|2230-02-001-0-03|Payment on Service Contract|V|Data|Object-Head|||101.00|200.00|100.0
164|5|23|2230|Labour,Employment and Skill Development|02||001||0||03|Commissioner for Employment and Training|041|Travel Expenses|2230-02-001-0-03|Travel Expenses|V|Data|Object-Head|68.08|70.00|70.00|90.00|100.0
164|5|23|2230|Labour,Employment and Skill Development|02||001||0||03|Commissioner for Employment and Training|050|Office Expenses|2230-02-001-0-03|Office Expenses|V|Data|Object-Head|23.90|50.00|50.00|75.00|100.0
164|5|23|2230|Labour,Employment and Skill Development|02||001||0||03|Commissioner for Employment and Training|051|General Expenses|2230-02-001-0-03|General Expenses|V|Data|Object-Head|192.55|100.00|100.00|104.00|100.0
164|5|23|2230|Labour,Employment and Skill Development|02||001||0||03|Commissioner for Employment and Training|052|Telephone Charges|2230-02-001-0-03|Telephone Charges|V|Data|Object-Head|30.51||||100.0
164|5|23|2230|Labour,Employment and Skill Development|02||001||0||03|Commissioner for Employment and Training|053|Purchase of Furniture and Fixture for Office|2230-02-001-0-03|Purchase of Furniture and Fixture for Office|V|Data|Object-Head|1.94||||100.0
164|5|23|2230|Labour,Employment and Skill Development|02||001||0||03|Commissioner for Employment and Training|071|Building Expenses|2230-02-001-0-03|Building Expenses|V|Data|Object-Head|881.64|800.00|800.00|825.00|100.0
164|5|23|2230|Labour,Employment and Skill Development|02||001||0||03|Commissioner for Employment and Training|117|Scholarships & Incentives|2230-02-001-0-03|Scholarships & Incentives|V|Data|Object-Head||2.00|2.00|1.00|100.0
164|5|23|2230|Labour,Employment and Skill Development|02||001||0||03|Commissioner for Employment and Training|140|Minor Works|2230-02-001-0-03|Minor Works|V|Data|Object-Head||||10.00|100.0
164|5|23|2230|Labour,Employment and Skill Development|02||001||0||03|Commissioner for Employment and Training|177|IT Expenditure|2230-02-001-0-03|IT Expenditure|V|Data|Object-Head|||156.35|1.00|100.0
164|5|23|2230|Labour,Employment and Skill Development|02||001||0||03|Commissioner for Employment and Training|195|Transport Expenses|2230-02-001-0-03|Transport Expenses|V|Data|Object-Head|51.27|85.95|85.95|185.14|100.0
164|5|23|2230|Labour,Employment and Skill Development|02||001||0||03|Commissioner for Employment and Training|200|Maintenance Expenditure|2230-02-001-0-03|Maintenance Expenditure|V|Data|Object-Head|24.94|20.00|20.00|15.00|100.0
164|5|23|2230|Labour,Employment and Skill Development|02||001||0||03|Commissioner for Employment and Training|221|Materials and Supplies|2230-02-001-0-03|Materials and Supplies|V|Data|Object-Head|145.10|100.00|100.00|125.00|100.0
164|5|23|2230|Labour,Employment and Skill Development|02||001||0||03|Commissioner for Employment and Training|433|Examination Expenses|2230-02-001-0-03|Examination Expenses|V|Data|Object-Head|143.16|60.00|60.00|100.00|100.0
164|5|23|2230|Labour,Employment and Skill Development|02||001||0||03|Commissioner for Employment and Training|||2230-02-001-0-03|HOA Total :|V|Total|Detailed-Head|31104.17|35178.68|40288.70|35829.45|100.0
165|5|23|2230|Labour,Employment and Skill Development|02||001||0||04|Karnataka Skill Development Authority|||2230-02-001-0-04|Karnataka Skill Development Authority|V|Header|Detailed-Head|||||100.0
165|5|23|2230|Labour,Employment and Skill Development|02||001||0||04|Karnataka Skill Development Authority|101|Grants-in-Aid-Salaries|2230-02-001-0-04|Grants-in-Aid-Salaries|V|Data|Object-Head||1.00|30.00|26.27|100.0
165|5|23|2230|Labour,Employment and Skill Development|02||001||0||04|Karnataka Skill Development Authority|103|Grants-in-Aid -General|2230-02-001-0-04|Grants-in-Aid -General|V|Data|Object-Head||100.00|191.00|674.80|100.0
165|5|23|2230|Labour,Employment and Skill Development|02||001||0||04|Karnataka Skill Development Authority|115|GIA Contract /Outsource|2230-02-001-0-04|GIA Contract /Outsource|V|Data|Object-Head||||74.04|100.0
165|5|23|2230|Labour,Employment and Skill Development|02||001||0||04|Karnataka Skill Development Authority|||2230-02-001-0-04|HOA Total :|V|Total|Detailed-Head|0.00|101.00|221.00|775.11|100.0
165|5|23|2230|Labour,Employment and Skill Development|02||001||0||50|Vacant Post Provision|||2230-02-001-0-50|Vacant Post Provision|V|Header|Detailed-Head|||||100.0
165|5|23|2230|Labour,Employment and Skill Development|02||001||0||50|Vacant Post Provision|014|Other Allowance|2230-02-001-0-50|Other Allowance|V|Data|Object-Head||44251.33|39946.91|52688.33|100.0
165|5|23|2230|Labour,Employment and Skill Development|02||001||0||50|Vacant Post Provision|||2230-02-001-0-50|HOA Total :|V|Total|Detailed-Head|0.00|44251.33|39946.91|52688.33|100.0
165|5|23|2230|Labour,Employment and Skill Development|02||101||0||09|Skill Devlopment Mission|||2230-02-101-0-09|Skill Devlopment Mission|V|Header|Detailed-Head|||||100.0
165|5|23|2230|Labour,Employment and Skill Development|02||101||0||09|Skill Devlopment Mission|002|Basic Pay|2230-02-101-0-09|Basic Pay|V|Data|Object-Head|221.13|505.00|505.00|537.00|100.0
165|5|23|2230|Labour,Employment and Skill Development|02||101||0||09|Skill Devlopment Mission|003|Basic Pay-Staff|2230-02-101-0-09|Basic Pay-Staff|V|Data|Object-Head|156.15||||100.0
165|5|23|2230|Labour,Employment and Skill Development|02||101||0||09|Skill Devlopment Mission|004|Interim Relief|2230-02-101-0-09|Interim Relief|V|Data|Object-Head|22.74||||100.0
165|5|23|2230|Labour,Employment and Skill Development|02||101||0||09|Skill Devlopment Mission|011|Dearness Allowance|2230-02-101-0-09|Dearness Allowance|V|Data|Object-Head|91.06|119.00|119.00|149.00|100.0
165|5|23|2230|Labour,Employment and Skill Development|02||101||0||09|Skill Devlopment Mission|014|Other Allowance|2230-02-101-0-09|Other Allowance|V|Data|Object-Head|58.14|68.00|68.00|76.00|100.0
165|5|23|2230|Labour,Employment and Skill Development|02||101||0||09|Skill Devlopment Mission|015|Subsidiary Expenses|2230-02-101-0-09|Subsidiary Expenses|V|Data|Object-Head|||2077.95|2501.46|100.0
165|5|23|2230|Labour,Employment and Skill Development|02||101||0||09|Skill Devlopment Mission|020|Medical Allowance|2230-02-101-0-09|Medical Allowance|V|Data|Object-Head|1.00||||100.0
165|5|23|2230|Labour,Employment and Skill Development|02||101||0||09|Skill Devlopment Mission|021|Reimbursement of Medical Expenses|2230-02-101-0-09|Reimbursement of Medical Expenses|V|Data|Object-Head||15.00|15.00|15.00|100.0
165|5|23|2230|Labour,Employment and Skill Development|02||101||0||09|Skill Devlopment Mission|034|Contract/Outsource|2230-02-101-0-09|Contract/Outsource|V|Data|Object-Head|570.53|421.95|541.95|435.81|100.0
165|5|23|2230|Labour,Employment and Skill Development|02||101||0||09|Skill Devlopment Mission|035|Salary of Board/Corp.Staff working in State Government|2230-02-101-0-09|Salary of Board/Corp.Staff working in State Government|V|Data|Object-Head|553.64|633.72|633.72|427.35|100.0
165|5|23|2230|Labour,Employment and Skill Development|02||101||0||09|Skill Devlopment Mission|041|Travel Expenses|2230-02-101-0-09|Travel Expenses|V|Data|Object-Head|2.23|3.00|3.00|7.00|100.0
165|5|23|2230|Labour,Employment and Skill Development|02||101||0||09|Skill Devlopment Mission|050|Office Expenses|2230-02-101-0-09|Office Expenses|V|Data|Object-Head|3.98|10.00|28.75|38.00|100.0
165|5|23|2230|Labour,Employment and Skill Development|02||101||0||09|Skill Devlopment Mission|051|General Expenses|2230-02-101-0-09|General Expenses|V|Data|Object-Head|3.33|1.00|2151.00|3000.00|100.0
165|5|23|2230|Labour,Employment and Skill Development|02||101||0||09|Skill Devlopment Mission|052|Telephone Charges|2230-02-101-0-09|Telephone Charges|V|Data|Object-Head|3.90||||100.0
166|05|23|2230|Labour,Employment and Skill Development|02|Employment Service|101|Employment Services|0||09|Skill Development Mission|059|Other Expenses|2230-02-101-0-09|Other Expenses|V|Data|Object-Head|2372.65|6350.00|1587.50||100.0
166|05|23|2230|Labour,Employment and Skill Development|02|Employment Service|101|Employment Services|0||09|Skill Development Mission|071|Building Expenses|2230-02-101-0-09|Building Expenses|V|Data|Object-Head|87.70|100.00|100.00|105.00|100.0
166|05|23|2230|Labour,Employment and Skill Development|02|Employment Service|101|Employment Services|0||09|Skill Development Mission|101|Grants-in-Aid-Salaries|2230-02-101-0-09|Grants-in-Aid-Salaries|V|Data|Object-Head|64.92|61.61|61.61|7.93|100.0
166|05|23|2230|Labour,Employment and Skill Development|02|Employment Service|101|Employment Services|0||09|Skill Development Mission|177|IT Expenditure|2230-02-101-0-09|IT Expenditure|V|Data|Object-Head|||91.00|30.00|100.0
166|05|23|2230|Labour,Employment and Skill Development|02|Employment Service|101|Employment Services|0||09|Skill Development Mission|180|Machinery and Equipments|2230-02-101-0-09|Machinery and Equipments|V|Data|Object-Head|4.31||||100.0
166|05|23|2230|Labour,Employment and Skill Development|02|Employment Service|101|Employment Services|0||09|Skill Development Mission|195|Transport Expenses|2230-02-101-0-09|Transport Expenses|V|Data|Object-Head|157.42|181.98|207.53|235.34|100.0
166|05|23|2230|Labour,Employment and Skill Development|02|Employment Service|101|Employment Services|0||09|Skill Development Mission|221|Materials and Supplies|2230-02-101-0-09|Materials and Supplies|V|Data|Object-Head|2.10|3.00|3.00|3.00|100.0
166|05|23|2230|Labour,Employment and Skill Development|02|Employment Service|101|Employment Services|0||09|Skill Development Mission|422|Schedule Caste Sub Plan|2230-02-101-0-09|Schedule Caste Sub Plan|V|Data|Object-Head|127.14|560.00|560.00|247.10|100.0
166|05|23|2230|Labour,Employment and Skill Development|02|Employment Service|101|Employment Services|0||09|Skill Development Mission|423|Tribal Sub Plan|2230-02-101-0-09|Tribal Sub Plan|V|Data|Object-Head|51.92|490.00|490.00|165.04|100.0
166|05|23|2230|Labour,Employment and Skill Development|02|Employment Service|101|Employment Services|0||09|Skill Development Mission|||2230-02-101-0-09|HOA Total :|V|Total|Detailed-Head|4555.99|9523.26|9244.01|7980.03|100.0
166|05|23|2230|Labour,Employment and Skill Development|02|Employment Service|101|Employment Services|0||10|General Employment Exchanges|||2230-02-101-0-10|General Employment Exchanges|V|Header|Detailed-Head|||||100.0
166|05|23|2230|Labour,Employment and Skill Development|02|Employment Service|101|Employment Services|0||10|General Employment Exchanges|002|Basic Pay|2230-02-101-0-10|Basic Pay|V|Data|Object-Head|133.46|648.00|648.00|623.00|100.0
166|05|23|2230|Labour,Employment and Skill Development|02|Employment Service|101|Employment Services|0||10|General Employment Exchanges|003|Basic Pay-Staff|2230-02-101-0-10|Basic Pay-Staff|V|Data|Object-Head|412.34||||100.0
166|05|23|2230|Labour,Employment and Skill Development|02|Employment Service|101|Employment Services|0||10|General Employment Exchanges|004|Interim Relief|2230-02-101-0-10|Interim Relief|V|Data|Object-Head|32.03||||100.0
166|05|23|2230|Labour,Employment and Skill Development|02|Employment Service|101|Employment Services|0||10|General Employment Exchanges|011|Dearness Allowance|2230-02-101-0-10|Dearness Allowance|V|Data|Object-Head|122.36|143.00|143.00|156.00|100.0
166|05|23|2230|Labour,Employment and Skill Development|02|Employment Service|101|Employment Services|0||10|General Employment Exchanges|014|Other Allowance|2230-02-101-0-10|Other Allowance|V|Data|Object-Head|92.81|95.00|95.00|84.00|100.0
166|05|23|2230|Labour,Employment and Skill Development|02|Employment Service|101|Employment Services|0||10|General Employment Exchanges|015|Subsidiary Expenses|2230-02-101-0-10|Subsidiary Expenses|V|Data|Object-Head||||8.00|100.0
166|05|23|2230|Labour,Employment and Skill Development|02|Employment Service|101|Employment Services|0||10|General Employment Exchanges|020|Medical Allowance|2230-02-101-0-10|Medical Allowance|V|Data|Object-Head|3.52||||100.0
166|05|23|2230|Labour,Employment and Skill Development|02|Employment Service|101|Employment Services|0||10|General Employment Exchanges|021|Reimbursement of Medical Expenses|2230-02-101-0-10|Reimbursement of Medical Expenses|V|Data|Object-Head|0.67|15.00|15.00|15.00|100.0
166|05|23|2230|Labour,Employment and Skill Development|02|Employment Service|101|Employment Services|0||10|General Employment Exchanges|034|Contract/Outsource|2230-02-101-0-10|Contract/Outsource|V|Data|Object-Head|113.61|118.92|118.92|581.44|100.0
166|05|23|2230|Labour,Employment and Skill Development|02|Employment Service|101|Employment Services|0||10|General Employment Exchanges|041|Travel Expenses|2230-02-101-0-10|Travel Expenses|V|Data|Object-Head|3.76|4.00|4.00|4.00|100.0
166|05|23|2230|Labour,Employment and Skill Development|02|Employment Service|101|Employment Services|0||10|General Employment Exchanges|050|Office Expenses|2230-02-101-0-10|Office Expenses|V|Data|Object-Head|7.50|10.00|10.00|10.00|100.0
166|05|23|2230|Labour,Employment and Skill Development|02|Employment Service|101|Employment Services|0||10|General Employment Exchanges|051|General Expenses|2230-02-101-0-10|General Expenses|V|Data|Object-Head|4.86|5.00|5.00|2.00|100.0
166|05|23|2230|Labour,Employment and Skill Development|02|Employment Service|101|Employment Services|0||10|General Employment Exchanges|052|Telephone Charges|2230-02-101-0-10|Telephone Charges|V|Data|Object-Head|4.13||||100.0
166|05|23|2230|Labour,Employment and Skill Development|02|Employment Service|101|Employment Services|0||10|General Employment Exchanges|071|Building Expenses|2230-02-101-0-10|Building Expenses|V|Data|Object-Head|56.21|74.80|74.80|80.00|100.0
166|05|23|2230|Labour,Employment and Skill Development|02|Employment Service|101|Employment Services|0||10|General Employment Exchanges|140|Minor Works|2230-02-101-0-10|Minor Works|V|Data|Object-Head||||2.00|100.0
166|05|23|2230|Labour,Employment and Skill Development|02|Employment Service|101|Employment Services|0||10|General Employment Exchanges|||2230-02-101-0-10|HOA Total :|V|Total|Detailed-Head|987.26|1113.72|1113.72|1565.44|100.0
167|05|23|2230|Labour,Employment and Skill Development|02|Employment Service|101|Employment Services|0||12|Mission Director, Livelihood|||2230-02-101-0-12|Mission Director, Livelihood|V|Header|Detailed-Head|||||100.0
167|05|23|2230|Labour,Employment and Skill Development|02|Employment Service|101|Employment Services|0||12|Mission Director, Livelihood|002|Basic Pay|2230-02-101-0-12|Basic Pay|V|Data|Object-Head|23.55|28.00|28.00|26.00|100.0
167|05|23|2230|Labour,Employment and Skill Development|02|Employment Service|101|Employment Services|0||12|Mission Director, Livelihood|003|Basic Pay-Staff|2230-02-101-0-12|Basic Pay-Staff|V|Data|Object-Head|6.17||||100.0
167|05|23|2230|Labour,Employment and Skill Development|02|Employment Service|101|Employment Services|0||12|Mission Director, Livelihood|004|Interim Relief|2230-02-101-0-12|Interim Relief|V|Data|Object-Head|0.87||||100.0
167|05|23|2230|Labour,Employment and Skill Development|02|Employment Service|101|Employment Services|0||12|Mission Director, Livelihood|011|Dearness Allowance|2230-02-101-0-12|Dearness Allowance|V|Data|Object-Head|11.73|14.00|14.00|7.00|100.0
167|05|23|2230|Labour,Employment and Skill Development|02|Employment Service|101|Employment Services|0||12|Mission Director, Livelihood|014|Other Allowance|2230-02-101-0-12|Other Allowance|V|Data|Object-Head|8.72|8.00|8.00|6.00|100.0
167|05|23|2230|Labour,Employment and Skill Development|02|Employment Service|101|Employment Services|0||12|Mission Director, Livelihood|020|Medical Allowance|2230-02-101-0-12|Medical Allowance|V|Data|Object-Head|0.04||||100.0
167|05|23|2230|Labour,Employment and Skill Development|02|Employment Service|101|Employment Services|0||12|Mission Director, Livelihood|021|Reimbursement of Medical Expenses|2230-02-101-0-12|Reimbursement of Medical Expenses|V|Data|Object-Head||3.00|3.00|3.00|100.0
167|05|23|2230|Labour,Employment and Skill Development|02|Employment Service|101|Employment Services|0||12|Mission Director, Livelihood|041|Travel Expenses|2230-02-101-0-12|Travel Expenses|V|Data|Object-Head|||3.00|1.00|100.0
167|05|23|2230|Labour,Employment and Skill Development|02|Employment Service|101|Employment Services|0||12|Mission Director, Livelihood|051|General Expenses|2230-02-101-0-12|General Expenses|V|Data|Object-Head|1.67|1.92|41.92|1.92|100.0
167|05|23|2230|Labour,Employment and Skill Development|02|Employment Service|101|Employment Services|0||12|Mission Director, Livelihood|||2230-02-101-0-12|HOA Total :|V|Total|Detailed-Head|52.75|54.92|97.92|44.92|100.0
167|05|23|2230|Labour,Employment and Skill Development|02|Employment Service|101|Employment Services|0||13|CSS-Central Share-SANKALP (Skills Acquisition and Knowledge Awareness for Livelihood Promotion)|||2230-02-101-0-13|CSS-Central Share-SANKALP (Skills Acquisition and Knowledge Awareness for Livelihood Promotion)|V|Header|Detailed-Head|||||100.0
167|05|23|2230|Labour,Employment and Skill Development|02|Employment Service|101|Employment Services|0||13|CSS-Central Share-SANKALP (Skills Acquisition and Knowledge Awareness for Livelihood Promotion)|059|Other Expenses|2230-02-101-0-13|Other Expenses|V|Data|Object-Head|866.26|200.00|||100.0
167|05|23|2230|Labour,Employment and Skill Development|02|Employment Service|101|Employment Services|0||13|CSS-Central Share-SANKALP (Skills Acquisition and Knowledge Awareness for Livelihood Promotion)|||2230-02-101-0-13|HOA Total :|V|Total|Detailed-Head|866.26|200.00|0.00|0.00|100.0
167|05|23|2230|Labour,Employment and Skill Development|02|Employment Service|101|Employment Services|0||14|Payment of Interest on Loans(Karnataka Skill Development Corporation)|||2230-02-101-0-14|Payment of Interest on Loans(Karnataka Skill Development Corporation)|C|Header|Detailed-Head|||||100.0
167|05|23|2230|Labour,Employment and Skill Development|02|Employment Service|101|Employment Services|0||14|Payment of Interest on Loans(Karnataka Skill Development Corporation)|240|Repayment of Borrowings|2230-02-101-0-14|Repayment of Borrowings|C|Data|Object-Head|1647.68||||100.0
167|05|23|2230|Labour,Employment and Skill Development|02|Employment Service|101|Employment Services|0||14|Payment of Interest on Loans(Karnataka Skill Development Corporation)|241|Interest Payments|2230-02-101-0-14|Interest Payments|C|Data|Object-Head||1500.00|1500.00|1110.20|100.0
167|05|23|2230|Labour,Employment and Skill Development|02|Employment Service|101|Employment Services|0||14|Payment of Interest on Loans(Karnataka Skill Development Corporation)|||2230-02-101-0-14|HOA Total :|C|Total|Detailed-Head|1647.68|1500.00|1500.00|1110.20|100.0
167|05|23|2230|Labour,Employment and Skill Development|02|Employment Service|101|Employment Services|0||15|Payment of Government Guarantee Commission- KSDC|||2230-02-101-0-15|Payment of Government Guarantee Commission- KSDC|V|Header|Detailed-Head|||||100.0
167|05|23|2230|Labour,Employment and Skill Development|02|Employment Service|101|Employment Services|0||15|Payment of Government Guarantee Commission- KSDC|100|Financial Assistance/Relief|2230-02-101-0-15|Financial Assistance/Relief|V|Data|Object-Head|350.00|300.00|300.00|183.00|100.0
167|05|23|2230|Labour,Employment and Skill Development|02|Employment Service|101|Employment Services|0||15|Payment of Government Guarantee Commission- KSDC|||2230-02-101-0-15|HOA Total :|V|Total|Detailed-Head|350.00|300.00|300.00|183.00|100.0
168|05|23|2230|Labour,Employment and Skill Development|02|Employment Service|101|Employment Services|0||16|CSS-State Share-SANKALP (Skills Acquisition and Knowledge Awareness for Livelihood Promotion)|||2230-02-101-0-16|CSS-State Share-SANKALP (Skills Acquisition and Knowledge Awareness for Livelihood Promotion)|V|Header|Detailed-Head|||||100.0
168|05|23|2230|Labour,Employment and Skill Development|02|Employment Service|101|Employment Services|0||16|CSS-State Share-SANKALP (Skills Acquisition and Knowledge Awareness for Livelihood Promotion)|059|Other Expenses|2230-02-101-0-16|Other Expenses|V|Data|Object-Head|570.00|130.00|||100.0
168|05|23|2230|Labour,Employment and Skill Development|02|Employment Service|101|Employment Services|0||16|CSS-State Share-SANKALP (Skills Acquisition and Knowledge Awareness for Livelihood Promotion)|||2230-02-101-0-16|HOA Total :|V|Total|Detailed-Head|570.00|130.00|0.00|0.00|100.0
168|05|23|2230|Labour,Employment and Skill Development|02|Employment Service|101|Employment Services|0||17|Yuvanidhi Scheme|||2230-02-101-0-17|Yuvanidhi Scheme|V|Header|Detailed-Head|||||100.0
168|05|23|2230|Labour,Employment and Skill Development|02|Employment Service|101|Employment Services|0||17|Yuvanidhi Scheme|100|Financial Assistance/Relief|2230-02-101-0-17|Financial Assistance/Relief|V|Data|Object-Head|23464.57|43800.00|43800.00|43800.00|100.0
168|05|23|2230|Labour,Employment and Skill Development|02|Employment Service|101|Employment Services|0||17|Yuvanidhi Scheme|422|Schedule Caste Sub Plan|2230-02-101-0-17|Schedule Caste Sub Plan|V|Data|Object-Head|4048.84|11400.00|11400.00|11400.00|100.0
168|05|23|2230|Labour,Employment and Skill Development|02|Employment Service|101|Employment Services|0||17|Yuvanidhi Scheme|423|Tribal Sub Plan|2230-02-101-0-17|Tribal Sub Plan|V|Data|Object-Head|1177.44|4800.00|4800.00|4800.00|100.0
168|05|23|2230|Labour,Employment and Skill Development|02|Employment Service|101|Employment Services|0||17|Yuvanidhi Scheme|||2230-02-101-0-17|HOA Total :|V|Total|Detailed-Head|28690.85|60000.00|60000.00|60000.00|100.0
168|05|23|2230|Labour,Employment and Skill Development|02|Employment Service|101|Employment Services|0||18|CSS-Central Share-NRLM/Ajeevika|||2230-02-101-0-18|CSS-Central Share-NRLM/Ajeevika|V|Header|Detailed-Head|||||100.0
168|05|23|2230|Labour,Employment and Skill Development|02|Employment Service|101|Employment Services|0||18|CSS-Central Share-NRLM/Ajeevika|422|Schedule Caste Sub Plan|2230-02-101-0-18|Schedule Caste Sub Plan|V|Data|Object-Head|2492.09||2420.19||100.0
168|05|23|2230|Labour,Employment and Skill Development|02|Employment Service|101|Employment Services|0||18|CSS-Central Share-NRLM/Ajeevika|423|Tribal Sub Plan|2230-02-101-0-18|Tribal Sub Plan|V|Data|Object-Head|743.89||1109.55||100.0
168|05|23|2230|Labour,Employment and Skill Development|02|Employment Service|101|Employment Services|0||18|CSS-Central Share-NRLM/Ajeevika|||2230-02-101-0-18|HOA Total :|V|Total|Detailed-Head|3235.98|0.00|3529.74|0.00|100.0
168|05|23|2230|Labour,Employment and Skill Development|02|Employment Service|101|Employment Services|0||19|CSS-State Share-NRLM/Ajeevika|||2230-02-101-0-19|CSS-State Share-NRLM/Ajeevika|V|Header|Detailed-Head|||||100.0
168|05|23|2230|Labour,Employment and Skill Development|02|Employment Service|101|Employment Services|0||19|CSS-State Share-NRLM/Ajeevika|422|Schedule Caste Sub Plan|2230-02-101-0-19|Schedule Caste Sub Plan|V|Data|Object-Head|1661.39||1613.40||100.0
168|05|23|2230|Labour,Employment and Skill Development|02|Employment Service|101|Employment Services|0||19|CSS-State Share-NRLM/Ajeevika|423|Tribal Sub Plan|2230-02-101-0-19|Tribal Sub Plan|V|Data|Object-Head|495.92||739.70||100.0
168|05|23|2230|Labour,Employment and Skill Development|02|Employment Service|101|Employment Services|0||19|CSS-State Share-NRLM/Ajeevika|||2230-02-101-0-19|HOA Total :|V|Total|Detailed-Head|2157.31|0.00|2353.10|0.00|100.0
168|05|23|2230|Labour,Employment and Skill Development|02|Employment Service|101|Employment Services|0||20|CSS-Central Share-Deen Dayal Jan Ajeevika Yojana(SHEHARI)|||2230-02-101-0-20|CSS-Central Share-Deen Dayal Jan Ajeevika Yojana(SHEHARI)|V|Header|Detailed-Head|||||100.0
168|05|23|2230|Labour,Employment and Skill Development|02|Employment Service|101|Employment Services|0||20|CSS-Central Share-Deen Dayal Jan Ajeevika Yojana(SHEHARI)|051|General Expenses|2230-02-101-0-20|General Expenses|V|Data|Object-Head|170.50||458.00|1.00|100.0
168|05|23|2230|Labour,Employment and Skill Development|02|Employment Service|101|Employment Services|0||20|CSS-Central Share-Deen Dayal Jan Ajeevika Yojana(SHEHARI)|||2230-02-101-0-20|HOA Total :|V|Total|Detailed-Head|170.50|0.00|458.00|1.00|100.0
169|05|23|2230|Labour,Employment and Skill Development|02|Employment Service|102||0||01|CM Swanidhi-Assistance to Street Vendors|||2230-02-102-0-01|CM Swanidhi-Assistance to Street Vendors|V|Header|Detailed-Head|||||100.0
169|05|23|2230|Labour,Employment and Skill Development|02|Employment Service|102||0||01|CM Swanidhi-Assistance to Street Vendors|100|Financial Assistance/Relief|2230-02-102-0-01|Financial Assistance/Relief|V|Data|Object-Head||500.00|500.00|200.00|100.0
169|05|23|2230|Labour,Employment and Skill Development|02|Employment Service|102||0||01|CM Swanidhi-Assistance to Street Vendors|||2230-02-102-0-01|HOA Total :|V|Total|Detailed-Head|0.00|500.00|500.00|200.00|100.0
169|05|23|2230|Labour,Employment and Skill Development|02|Employment Service|800||0||03|Unspent SCSP-TSP Amount as per the SCSP-TSP Act 2013|||2230-02-800-0-03|Unspent SCSP-TSP Amount as per the SCSP-TSP Act 2013|V|Header|Detailed-Head|||||100.0
169|05|23|2230|Labour,Employment and Skill Development|02|Employment Service|800||0||03|Unspent SCSP-TSP Amount as per the SCSP-TSP Act 2013|422|Schedule Caste Sub Plan|2230-02-800-0-03|Schedule Caste Sub Plan|V|Data|Object-Head|2.63|12.47|12.47|33.30|100.0
169|05|23|2230|Labour,Employment and Skill Development|02|Employment Service|800||0||03|Unspent SCSP-TSP Amount as per the SCSP-TSP Act 2013|423|Tribal Sub Plan|2230-02-800-0-03|Tribal Sub Plan|V|Data|Object-Head|1.51|8.90|8.90|14.42|100.0
169|05|23|2230|Labour,Employment and Skill Development|02|Employment Service|800||0||03|Unspent SCSP-TSP Amount as per the SCSP-TSP Act 2013|||2230-02-800-0-03|HOA Total :|V|Total|Detailed-Head|4.14|21.37|21.37|47.72|100.0
169|05|23|2230|Labour,Employment and Skill Development|03|Training|003||0||01|Centre for Entrepreneurship Development of Karnataka (CEDoK)|||2230-03-003-0-01|Centre for Entrepreneurship Development of Karnataka (CEDoK)|V|Header|Detailed-Head|||||100.0
169|05|23|2230|Labour,Employment and Skill Development|03|Training|003||0||01|Centre for Entrepreneurship Development of Karnataka (CEDoK)|059|Other Expenses|2230-03-003-0-01|Other Expenses|V|Data|Object-Head|481.00|481.00|481.00|481.00|100.0
169|05|23|2230|Labour,Employment and Skill Development|03|Training|003||0||01|Centre for Entrepreneurship Development of Karnataka (CEDoK)|422|Schedule Caste Sub Plan|2230-03-003-0-01|Schedule Caste Sub Plan|V|Data|Object-Head|14.00|14.00|14.00|14.00|100.0
169|05|23|2230|Labour,Employment and Skill Development|03|Training|003||0||01|Centre for Entrepreneurship Development of Karnataka (CEDoK)|423|Tribal Sub Plan|2230-03-003-0-01|Tribal Sub Plan|V|Data|Object-Head|5.00|5.00|5.00|5.00|100.0
169|05|23|2230|Labour,Employment and Skill Development|03|Training|003||0||01|Centre for Entrepreneurship Development of Karnataka (CEDoK)|||2230-03-003-0-01|HOA Total :|V|Total|Detailed-Head|500.00|500.00|500.00|500.00|100.0
169|05|23|2230|Labour,Employment and Skill Development|03|Training|101||0||48|GiA ITI s|||2230-03-101-0-48|GiA ITI s|V|Header|Detailed-Head|||||100.0
169|05|23|2230|Labour,Employment and Skill Development|03|Training|101||0||48|GiA ITI s|101|Grants-in-Aid-Salaries|2230-03-101-0-48|Grants-in-Aid-Salaries|V|Data|Object-Head|18515.61|21279.60|21279.60|21453.09|100.0
169|05|23|2230|Labour,Employment and Skill Development|03|Training|101||0||48|GiA ITI s|||2230-03-101-0-48|HOA Total :|V|Total|Detailed-Head|18515.61|21279.60|21279.60|21453.09|100.0
169|05|23|2230|Labour,Employment and Skill Development|03|Training|101||0||57|Karnataka-German Multi Skilled Development (KGMSD) Centres|||2230-03-101-0-57|Karnataka-German Multi Skilled Development (KGMSD) Centres|V|Header|Detailed-Head|||||100.0
169|05|23|2230|Labour,Employment and Skill Development|03|Training|101||0||57|Karnataka-German Multi Skilled Development (KGMSD) Centres|051|General Expenses|2230-03-101-0-57|General Expenses|V|Data|Object-Head|1000.00||||100.0
169|05|23|2230|Labour,Employment and Skill Development|03|Training|101||0||57|Karnataka-German Multi Skilled Development (KGMSD) Centres|180|Machinery and Equipments|2230-03-101-0-57|Machinery and Equipments|V|Data|Object-Head|500.00||||100.0
169|05|23|2230|Labour,Employment and Skill Development|03|Training|101||0||57|Karnataka-German Multi Skilled Development (KGMSD) Centres|||2230-03-101-0-57|HOA Total :|V|Total|Detailed-Head|1500.00|0.00|0.00|0.00|100.0
170|05|23|2230|Labour,Employment and Skill Development|03|Training|101|Industrial Training Institutes|0||59|CSS-Central Share-Pradhan Manthri Kowshalyavikas Program|||2230-03-101-0-59|CSS-Central Share-Pradhan Manthri Kowshalyavikas Program|V|Header|Detailed-Head|||||100.0
170|05|23|2230|Labour,Employment and Skill Development|03|Training|101|Industrial Training Institutes|0||59|CSS-Central Share-Pradhan Manthri Kowshalyavikas Program|059|Other Expenses|2230-03-101-0-59|Other Expenses|V|Data|Object-Head||1.00|1.00|1.00|100.0
170|05|23|2230|Labour,Employment and Skill Development|03|Training|101|Industrial Training Institutes|0||59|CSS-Central Share-Pradhan Manthri Kowshalyavikas Program|||2230-03-101-0-59|HOA Total :|V|Total|Detailed-Head|0.00|1.00|1.00|1.00|100.0
170|05|23|2230|Labour,Employment and Skill Development|03|Training|101|Industrial Training Institutes|0||64|CSS-Central Share-PM SETU Upgradation of ITIs|||2230-03-101-0-64|CSS-Central Share-PM SETU Upgradation of ITIs|V|Header|Detailed-Head|||||100.0
170|05|23|2230|Labour,Employment and Skill Development|03|Training|101|Industrial Training Institutes|0||64|CSS-Central Share-PM SETU Upgradation of ITIs|015|Subsidiary Expenses|2230-03-101-0-64|Subsidiary Expenses|V|Data|Object-Head||||4480.00|100.0
170|05|23|2230|Labour,Employment and Skill Development|03|Training|101|Industrial Training Institutes|0||64|CSS-Central Share-PM SETU Upgradation of ITIs|||2230-03-101-0-64|HOA Total :|V|Total|Detailed-Head|0.00|0.00|0.00|4480.00|100.0
170|05|23|2230|Labour,Employment and Skill Development|03|Training|101|Industrial Training Institutes|0||65|CSS-State Share-PM SETU Upgradation of ITIs|||2230-03-101-0-65|CSS-State Share-PM SETU Upgradation of ITIs|V|Header|Detailed-Head|||||100.0
170|05|23|2230|Labour,Employment and Skill Development|03|Training|101|Industrial Training Institutes|0||65|CSS-State Share-PM SETU Upgradation of ITIs|015|Subsidiary Expenses|2230-03-101-0-65|Subsidiary Expenses|V|Data|Object-Head||||3920.00|100.0
170|05|23|2230|Labour,Employment and Skill Development|03|Training|101|Industrial Training Institutes|0||65|CSS-State Share-PM SETU Upgradation of ITIs|||2230-03-101-0-65|HOA Total :|V|Total|Detailed-Head|0.00|0.00|0.00|3920.00|100.0
170|05|23|2230|Labour,Employment and Skill Development|03|Training|102|Apprenticeship Training|0||01|Apprentice Training under Karnataka Apprenticeship Training Scheme|||2230-03-102-0-01|Apprentice Training under Karnataka Apprenticeship Training Scheme|V|Header|Detailed-Head|||||100.0
170|05|23|2230|Labour,Employment and Skill Development|03|Training|102|Apprenticeship Training|0||01|Apprentice Training under Karnataka Apprenticeship Training Scheme|117|Scholarships & Incentives|2230-03-102-0-01|Scholarships & Incentives|V|Data|Object-Head|100.00|1.00|1.00|1.00|100.0
170|05|23|2230|Labour,Employment and Skill Development|03|Training|102|Apprenticeship Training|0||01|Apprentice Training under Karnataka Apprenticeship Training Scheme|||2230-03-102-0-01|HOA Total :|V|Total|Detailed-Head|100.00|1.00|1.00|1.00|100.0
170|05|23|2230|Labour,Employment and Skill Development|03|Training|102|Apprenticeship Training|0||02|Central Scheme-National Apprenticeship Promotion Scheme(NAPS)|||2230-03-102-0-02|Central Scheme-National Apprenticeship Promotion Scheme(NAPS)|V|Header|Detailed-Head|||||100.0
170|05|23|2230|Labour,Employment and Skill Development|03|Training|102|Apprenticeship Training|0||02|Central Scheme-National Apprenticeship Promotion Scheme(NAPS)|117|Scholarships & Incentives|2230-03-102-0-02|Scholarships & Incentives|V|Data|Object-Head||1.00|1.00|1.00|100.0
170|05|23|2230|Labour,Employment and Skill Development|03|Training|102|Apprenticeship Training|0||02|Central Scheme-National Apprenticeship Promotion Scheme(NAPS)|||2230-03-102-0-02|HOA Total :|V|Total|Detailed-Head|0.00|1.00|1.00|1.00|100.0
171|05|23|2230|Labour,Employment and Skill Development|03|Training|196|Assistance to Zilla Panchayats|1||02|Industrial Training Institutes/Centres|||2230-03-196-1-02|Industrial Training Institutes/Centres|V|Header|Detailed-Head|||||100.0
171|05|23|2230|Labour,Employment and Skill Development|03|Training|196|Assistance to Zilla Panchayats|1||02|Industrial Training Institutes/Centres|403|Chitradurga|2230-03-196-1-02|Chitradurga|V|Data|Object-Head|119.91|125.59|125.59|133.34|100.0
171|05|23|2230|Labour,Employment and Skill Development|03|Training|196|Assistance to Zilla Panchayats|1||02|Industrial Training Institutes/Centres|404|Kolar|2230-03-196-1-02|Kolar|V|Data|Object-Head|71.00|70.46|70.46|74.14|100.0
171|05|23|2230|Labour,Employment and Skill Development|03|Training|196|Assistance to Zilla Panchayats|1||02|Industrial Training Institutes/Centres|406|Tumakuru|2230-03-196-1-02|Tumakuru|V|Data|Object-Head|108.22|104.74|104.74|110.69|100.0
171|05|23|2230|Labour,Employment and Skill Development|03|Training|196|Assistance to Zilla Panchayats|1||02|Industrial Training Institutes/Centres|411|Kodagu|2230-03-196-1-02|Kodagu|V|Data|Object-Head|60.24|69.07|69.07|72.69|100.0
171|05|23|2230|Labour,Employment and Skill Development|03|Training|196|Assistance to Zilla Panchayats|1||02|Industrial Training Institutes/Centres|412|Mandya|2230-03-196-1-02|Mandya|V|Data|Object-Head|90.33|102.26|102.26|90.28|100.0
171|05|23|2230|Labour,Employment and Skill Development|03|Training|196|Assistance to Zilla Panchayats|1||02|Industrial Training Institutes/Centres|413|Belagavi|2230-03-196-1-02|Belagavi|V|Data|Object-Head|117.68|133.10|133.10|112.28|100.0
171|05|23|2230|Labour,Employment and Skill Development|03|Training|196|Assistance to Zilla Panchayats|1||02|Industrial Training Institutes/Centres|414|Vijayapura|2230-03-196-1-02|Vijayapura|V|Data|Object-Head|216.92|201.55|201.55|210.49|100.0
171|05|23|2230|Labour,Employment and Skill Development|03|Training|196|Assistance to Zilla Panchayats|1||02|Industrial Training Institutes/Centres|416|Uttara Kannada|2230-03-196-1-02|Uttara Kannada|V|Data|Object-Head|28.89|13.00|13.00|14.00|100.0
171|05|23|2230|Labour,Employment and Skill Development|03|Training|196|Assistance to Zilla Panchayats|1||02|Industrial Training Institutes/Centres|418|Ballari|2230-03-196-1-02|Ballari|V|Data|Object-Head|55.53|59.85|59.85|62.70|100.0
171|05|23|2230|Labour,Employment and Skill Development|03|Training|196|Assistance to Zilla Panchayats|1||02|Industrial Training Institutes/Centres|457|Udupi|2230-03-196-1-02|Udupi|V|Data|Object-Head|70.35|77.76|77.76|81.90|100.0
171|05|23|2230|Labour,Employment and Skill Development|03|Training|196|Assistance to Zilla Panchayats|1||02|Industrial Training Institutes/Centres|462|Gadag|2230-03-196-1-02|Gadag|V|Data|Object-Head|68.05|67.08|67.08|62.92|100.0
171|05|23|2230|Labour,Employment and Skill Development|03|Training|196|Assistance to Zilla Panchayats|1||02|Industrial Training Institutes/Centres|463|Haveri|2230-03-196-1-02|Haveri|V|Data|Object-Head|181.42|191.66|191.66|196.41|100.0
171|05|23|2230|Labour,Employment and Skill Development|03|Training|196|Assistance to Zilla Panchayats|1||02|Industrial Training Institutes/Centres|466|Koppal|2230-03-196-1-02|Koppal|V|Data|Object-Head|420.42|466.30|466.30|512.42|100.0
171|05|23|2230|Labour,Employment and Skill Development|03|Training|196|Assistance to Zilla Panchayats|1||02|Industrial Training Institutes/Centres|||2230-03-196-1-02|HOA Total :|V|Total|Detailed-Head|1608.96|1682.42|1682.42|1734.26|100.0
171|05|23|2230|Labour,Employment and Skill Development|03|Training|197|Assistance to Block Panchayats|1||02|SCP Training Programme for SC/ST|||2230-03-197-1-02|SCP Training Programme for SC/ST|V|Header|Detailed-Head|||||100.0
171|05|23|2230|Labour,Employment and Skill Development|03|Training|197|Assistance to Block Panchayats|1||02|SCP Training Programme for SC/ST|401|Bengaluru (Urban)|2230-03-197-1-02|Bengaluru (Urban)|V|Data|Object-Head|6.24|6.24|6.24||100.0
171|05|23|2230|Labour,Employment and Skill Development|03|Training|197|Assistance to Block Panchayats|1||02|SCP Training Programme for SC/ST|404|Kolar|2230-03-197-1-02|Kolar|V|Data|Object-Head|2.08|2.08|2.08||100.0
171|05|23|2230|Labour,Employment and Skill Development|03|Training|197|Assistance to Block Panchayats|1||02|SCP Training Programme for SC/ST|406|Tumakuru|2230-03-197-1-02|Tumakuru|V|Data|Object-Head|9.24|9.24|9.24||100.0
171|05|23|2230|Labour,Employment and Skill Development|03|Training|197|Assistance to Block Panchayats|1||02|SCP Training Programme for SC/ST|451|Davanagere|2230-03-197-1-02|Davanagere|V|Data|Object-Head|4.16|4.16|4.16||100.0
171|05|23|2230|Labour,Employment and Skill Development|03|Training|197|Assistance to Block Panchayats|1||02|SCP Training Programme for SC/ST|452|Bengaluru South|2230-03-197-1-02|Bengaluru South|V|Data|Object-Head|4.16|4.16|4.16||100.0
171|05|23|2230|Labour,Employment and Skill Development|03|Training|197|Assistance to Block Panchayats|1||02|SCP Training Programme for SC/ST|456|Chamarajanagar|2230-03-197-1-02|Chamarajanagar|V|Data|Object-Head|6.24|6.24|6.24||100.0
171|05|23|2230|Labour,Employment and Skill Development|03|Training|197|Assistance to Block Panchayats|1||02|SCP Training Programme for SC/ST|463|Haveri|2230-03-197-1-02|Haveri|V|Data|Object-Head|2.22|2.22|2.22||100.0
172|05|23|2230|Labour,Employment and Skill Development|03|Training|197|Assistance to Block Panchayats|1||02|SCP Training Programme for SC/ST|466|Koppal|2230-03-197-1-02|Koppal|V|Data|Object-Head|22.68|22.68|22.68||100.0
172|05|23|2230|Labour,Employment and Skill Development|03|Training|197|Assistance to Block Panchayats|1||02|SCP Training Programme for SC/ST|||2230-03-197-1-02|HOA Total :|V|Total|Detailed-Head|57.02|57.02|57.02|0.00|100.0
172|05|23|2230|Labour,Employment and Skill Development|03|Training|911|Deduct Recoveries of Overpayment of Previous Years|0||02|Deduct Recoveries of Overpayment of Previous Years|||2230-03-911-0-02|Deduct Recoveries of Overpayment of Previous Years|V|Header|Detailed-Head|||||100.0
172|05|23|2230|Labour,Employment and Skill Development|03|Training|911|Deduct Recoveries of Overpayment of Previous Years|0||02|Deduct Recoveries of Overpayment of Previous Years|364|Deduct - Recoveries|2230-03-911-0-02|Deduct - Recoveries|V|Data|Object-Head|-11.34||||100.0
172|05|23|2230|Labour,Employment and Skill Development|03|Training|911|Deduct Recoveries of Overpayment of Previous Years|0||02|Deduct Recoveries of Overpayment of Previous Years|||2230-03-911-0-02|HOA Total :|V|Total|Detailed-Head|-11.34|0.00|0.00|0.00|100.0
172|05|23|2230|Labour,Employment and Skill Development|03|Training|||||||||2230|2230 - Total :|V|Total|Major-Head|96663.14|176396.32|183096.51|192515.55|
173|05|23|2235|Social Security and Welfare|02||||||||||2235|Social Security and Welfare|V|Header|Major-Head|||||
173|05|23|2235|Social Security and Welfare|02||103||0||74|CSS-Central Share-Mahila Kisan Sashaktikaran Pariyojana-Integrated Farming Cluster (MKSP-IFC)|||2235-02-103-0-74|CSS-Central Share-Mahila Kisan Sashaktikaran Pariyojana-Integrated Farming Cluster (MKSP-IFC)|V|Header|Detailed-Head|||||100.0
173|05|23|2235|Social Security and Welfare|02||103||0||74|CSS-Central Share-Mahila Kisan Sashaktikaran Pariyojana-Integrated Farming Cluster (MKSP-IFC)|100|Financial Assistance/Relief|2235-02-103-0-74|Financial Assistance/Relief|V|Data|Object-Head||500.00|1679.44|1679.44|100.0
173|05|23|2235|Social Security and Welfare|02||103||0||74|CSS-Central Share-Mahila Kisan Sashaktikaran Pariyojana-Integrated Farming Cluster (MKSP-IFC)|422|Schedule Caste Sub Plan|2235-02-103-0-74|Schedule Caste Sub Plan|V|Data|Object-Head|||411.76|411.76|100.0
173|05|23|2235|Social Security and Welfare|02||103||0||74|CSS-Central Share-Mahila Kisan Sashaktikaran Pariyojana-Integrated Farming Cluster (MKSP-IFC)|423|Tribal Sub Plan|2235-02-103-0-74|Tribal Sub Plan|V|Data|Object-Head|||188.80|188.80|100.0
173|05|23|2235|Social Security and Welfare|02||103||0||74|CSS-Central Share-Mahila Kisan Sashaktikaran Pariyojana-Integrated Farming Cluster (MKSP-IFC)|||2235-02-103-0-74|HOA Total :|V|Total|Detailed-Head|0.00|500.00|2280.00|2280.00|100.0
173|05|23|2235|Social Security and Welfare|02||103||0||75|CSS-State Share-Mahila Kisan Sashaktikaran Pariyojana-Integrated Farming Cluster (MKSP-IFC)|||2235-02-103-0-75|CSS-State Share-Mahila Kisan Sashaktikaran Pariyojana-Integrated Farming Cluster (MKSP-IFC)|V|Header|Detailed-Head|||||100.0
173|05|23|2235|Social Security and Welfare|02||103||0||75|CSS-State Share-Mahila Kisan Sashaktikaran Pariyojana-Integrated Farming Cluster (MKSP-IFC)|100|Financial Assistance/Relief|2235-02-103-0-75|Financial Assistance/Relief|V|Data|Object-Head||333.00|1119.63|1119.63|100.0
173|05|23|2235|Social Security and Welfare|02||103||0||75|CSS-State Share-Mahila Kisan Sashaktikaran Pariyojana-Integrated Farming Cluster (MKSP-IFC)|422|Schedule Caste Sub Plan|2235-02-103-0-75|Schedule Caste Sub Plan|V|Data|Object-Head|||274.50|274.50|100.0
173|05|23|2235|Social Security and Welfare|02||103||0||75|CSS-State Share-Mahila Kisan Sashaktikaran Pariyojana-Integrated Farming Cluster (MKSP-IFC)|423|Tribal Sub Plan|2235-02-103-0-75|Tribal Sub Plan|V|Data|Object-Head|||125.87|125.87|100.0
173|05|23|2235|Social Security and Welfare|02||103||0||75|CSS-State Share-Mahila Kisan Sashaktikaran Pariyojana-Integrated Farming Cluster (MKSP-IFC)|||2235-02-103-0-75|HOA Total :|V|Total|Detailed-Head|0.00|333.00|1520.00|1520.00|100.0
173|05|23|2235|Social Security and Welfare|02||||||||||2235|2235 - ಒಟ್ಟು Total :|V|Total|Major-Head|0.00|833.00|3800.00|3800.00|
174|05|23|2501|Special Programmes for Rural Development|06||||||||||2501|Special Programmes for Rural Development|V|Header|Major-Head|||||
174|05|23|2501|Special Programmes for Rural Development|06||198||6||01|CSS-Central Share-National Rural Livelihood Mission (NRLM)|||2501-06-198-6-01|CSS-Central Share-National Rural Livelihood Mission (NRLM)|V|Header|Detailed-Head|||||100.0
174|05|23|2501|Special Programmes for Rural Development|06||198||6||01|CSS-Central Share-National Rural Livelihood Mission (NRLM)|300|Lumpsum - ZP|2501-06-198-6-01|Lumpsum - ZP|V|Data|Object-Head|23819.51|8900.00|1472.42|19734.00|100.0
174|05|23|2501|Special Programmes for Rural Development|06||198||6||01|CSS-Central Share-National Rural Livelihood Mission (NRLM)|332|Lumpsum-SCSP|2501-06-198-6-01|Lumpsum-SCSP|V|Data|Object-Head||||4459.00|100.0
174|05|23|2501|Special Programmes for Rural Development|06||198||6||01|CSS-Central Share-National Rural Livelihood Mission (NRLM)|333|Lumpsum-TSP|2501-06-198-6-01|Lumpsum-TSP|V|Data|Object-Head||||1807.00|100.0
174|05|23|2501|Special Programmes for Rural Development|06||198||6||01|CSS-Central Share-National Rural Livelihood Mission (NRLM)|||2501-06-198-6-01|HOA Total :|V|Total|Detailed-Head|23819.51|8900.00|1472.42|26000.00|100.0
174|05|23|2501|Special Programmes for Rural Development|06||198||6||02|CSS-State Share-National Rural Livelihood Mission (NRLM)|||2501-06-198-6-02|CSS-State Share-National Rural Livelihood Mission (NRLM)|V|Header|Detailed-Head|||||100.0
174|05|23|2501|Special Programmes for Rural Development|06||198||6||02|CSS-State Share-National Rural Livelihood Mission (NRLM)|300|Lumpsum - ZP|2501-06-198-6-02|Lumpsum - ZP|V|Data|Object-Head|15879.67|6100.00|6580.46|14041.50|100.0
174|05|23|2501|Special Programmes for Rural Development|06||198||6||02|CSS-State Share-National Rural Livelihood Mission (NRLM)|332|Lumpsum-SCSP|2501-06-198-6-02|Lumpsum-SCSP|V|Data|Object-Head||||3172.75|100.0
174|05|23|2501|Special Programmes for Rural Development|06||198||6||02|CSS-State Share-National Rural Livelihood Mission (NRLM)|333|Lumpsum-TSP|2501-06-198-6-02|Lumpsum-TSP|V|Data|Object-Head||||1285.75|100.0
174|05|23|2501|Special Programmes for Rural Development|06||198||6||02|CSS-State Share-National Rural Livelihood Mission (NRLM)|||2501-06-198-6-02|HOA Total :|V|Total|Detailed-Head|15879.67|6100.00|6580.46|18500.00|100.0
174|05|23|2501|Special Programmes for Rural Development|06||198||6||03|CSS-Central Share-Start Up Village Entrepreneurship Program -SVEP(NRLM)|||2501-06-198-6-03|CSS-Central Share-Start Up Village Entrepreneurship Program -SVEP(NRLM)|V|Header|Detailed-Head|||||100.0
174|05|23|2501|Special Programmes for Rural Development|06||198||6||03|CSS-Central Share-Start Up Village Entrepreneurship Program -SVEP(NRLM)|300|Lumpsum - ZP|2501-06-198-6-03|Lumpsum - ZP|V|Data|Object-Head||100.00|324.60|379.50|100.0
174|05|23|2501|Special Programmes for Rural Development|06||198||6||03|CSS-Central Share-Start Up Village Entrepreneurship Program -SVEP(NRLM)|332|Lumpsum-SCSP|2501-06-198-6-03|Lumpsum-SCSP|V|Data|Object-Head||||85.75|100.0
174|05|23|2501|Special Programmes for Rural Development|06||198||6||03|CSS-Central Share-Start Up Village Entrepreneurship Program -SVEP(NRLM)|333|Lumpsum-TSP|2501-06-198-6-03|Lumpsum-TSP|V|Data|Object-Head||||34.75|100.0
174|05|23|2501|Special Programmes for Rural Development|06||198||6||03|CSS-Central Share-Start Up Village Entrepreneurship Program -SVEP(NRLM)|||2501-06-198-6-03|HOA Total :|V|Total|Detailed-Head|0.00|100.00|324.60|500.00|100.0
174|05|23|2501|Special Programmes for Rural Development|06||198||6||04|CSS-State Share-Start Up Village Entrepreneurship Program -SVEP(NRLM)|||2501-06-198-6-04|CSS-State Share-Start Up Village Entrepreneurship Program -SVEP(NRLM)|V|Header|Detailed-Head|||||100.0
174|05|23|2501|Special Programmes for Rural Development|06||198||6||04|CSS-State Share-Start Up Village Entrepreneurship Program -SVEP(NRLM)|300|Lumpsum - ZP|2501-06-198-6-04|Lumpsum - ZP|V|Data|Object-Head||100.00|216.40|227.70|100.0
174|05|23|2501|Special Programmes for Rural Development|06||198||6||04|CSS-State Share-Start Up Village Entrepreneurship Program -SVEP(NRLM)|332|Lumpsum-SCSP|2501-06-198-6-04|Lumpsum-SCSP|V|Data|Object-Head||||51.45|100.0
174|05|23|2501|Special Programmes for Rural Development|06||198||6||04|CSS-State Share-Start Up Village Entrepreneurship Program -SVEP(NRLM)|333|Lumpsum-TSP|2501-06-198-6-04|Lumpsum-TSP|V|Data|Object-Head||||20.85|100.0
174|05|23|2501|Special Programmes for Rural Development|06||198||6||04|CSS-State Share-Start Up Village Entrepreneurship Program -SVEP(NRLM)|||2501-06-198-6-04|HOA Total :|V|Total|Detailed-Head|0.00|100.00|216.40|300.00|100.0
175|05|23|2501|Special Programmes for Rural Development|06||198||6||05|CSS-Central Share-Rural Self Employment Training Institutes-RSETI (NRLM)|||2501-06-198-6-05|CSS-Central Share-Rural Self Employment Training Institutes-RSETI (NRLM)|V|Header|Detailed-Head|||||100.0
175|05|23|2501|Special Programmes for Rural Development|06||198||6||05|CSS-Central Share-Rural Self Employment Training Institutes-RSETI (NRLM)|300|Lumpsum - ZP|2501-06-198-6-05|Lumpsum - ZP|V|Data|Object-Head|1109.76|400.00|1854.41|1518.00|100.0
175|05|23|2501|Special Programmes for Rural Development|06||198||6||05|CSS-Central Share-Rural Self Employment Training Institutes-RSETI (NRLM)|332|Lumpsum-SCSP|2501-06-198-6-05|Lumpsum-SCSP|V|Data|Object-Head||||343.00|100.0
175|05|23|2501|Special Programmes for Rural Development|06||198||6||05|CSS-Central Share-Rural Self Employment Training Institutes-RSETI (NRLM)|333|Lumpsum-TSP|2501-06-198-6-05|Lumpsum-TSP|V|Data|Object-Head||||139.00|100.0
175|05|23|2501|Special Programmes for Rural Development|06||198||6||05|CSS-Central Share-Rural Self Employment Training Institutes-RSETI (NRLM)|||2501-06-198-6-05|HOA Total :|V|Total|Detailed-Head|1109.76|400.00|1854.41|2000.00|100.0
175|05|23|2501|Special Programmes for Rural Development|06||198||6||07|CSS-Central Share-National Rural Economic Transformation Project-NRETP (NRLM)|||2501-06-198-6-07|CSS-Central Share-National Rural Economic Transformation Project-NRETP (NRLM)|V|Header|Detailed-Head|||||100.0
175|05|23|2501|Special Programmes for Rural Development|06||198||6||07|CSS-Central Share-National Rural Economic Transformation Project-NRETP (NRLM)|300|Lumpsum - ZP|2501-06-198-6-07|Lumpsum - ZP|V|Data|Object-Head|731.89|700.00|||100.0
175|05|23|2501|Special Programmes for Rural Development|06||198||6||07|CSS-Central Share-National Rural Economic Transformation Project-NRETP (NRLM)|||2501-06-198-6-07|HOA Total :|V|Total|Detailed-Head|731.89|700.00|0.00|0.00|100.0
175|05|23|2501|Special Programmes for Rural Development|06||198||6||08|CSS-State Share-National Rural Economic Transformation Project-NRETP (NRLM)|||2501-06-198-6-08|CSS-State Share-National Rural Economic Transformation Project-NRETP (NRLM)|V|Header|Detailed-Head|||||100.0
175|05|23|2501|Special Programmes for Rural Development|06||198||6||08|CSS-State Share-National Rural Economic Transformation Project-NRETP (NRLM)|300|Lumpsum - ZP|2501-06-198-6-08|Lumpsum - ZP|V|Data|Object-Head|487.93|500.00|||100.0
175|05|23|2501|Special Programmes for Rural Development|06||198||6||08|CSS-State Share-National Rural Economic Transformation Project-NRETP (NRLM)|||2501-06-198-6-08|HOA Total :|V|Total|Detailed-Head|487.93|500.00|0.00|0.00|100.0
175|05|23|2501|Special Programmes for Rural Development|06||198||6||09|CSS-Central Share-Deen Dayal Upadhaya Grameena Kaushalya Yojana -DDUGKY (NRLM)|||2501-06-198-6-09|CSS-Central Share-Deen Dayal Upadhaya Grameena Kaushalya Yojana -DDUGKY (NRLM)|V|Header|Detailed-Head|||||100.0
175|05|23|2501|Special Programmes for Rural Development|06||198||6||09|CSS-Central Share-Deen Dayal Upadhaya Grameena Kaushalya Yojana -DDUGKY (NRLM)|300|Lumpsum - ZP|2501-06-198-6-09|Lumpsum - ZP|V|Data|Object-Head|22.15|1900.00|1900.00|1138.50|100.0
175|05|23|2501|Special Programmes for Rural Development|06||198||6||09|CSS-Central Share-Deen Dayal Upadhaya Grameena Kaushalya Yojana -DDUGKY (NRLM)|332|Lumpsum-SCSP|2501-06-198-6-09|Lumpsum-SCSP|V|Data|Object-Head|||299.72|257.25|100.0
175|05|23|2501|Special Programmes for Rural Development|06||198||6||09|CSS-Central Share-Deen Dayal Upadhaya Grameena Kaushalya Yojana -DDUGKY (NRLM)|333|Lumpsum-TSP|2501-06-198-6-09|Lumpsum-TSP|V|Data|Object-Head|||180.46|104.25|100.0
175|05|23|2501|Special Programmes for Rural Development|06||198||6||09|CSS-Central Share-Deen Dayal Upadhaya Grameena Kaushalya Yojana -DDUGKY (NRLM)|||2501-06-198-6-09|HOA Total :|V|Total|Detailed-Head|22.15|1900.00|2380.18|1500.00|100.0
176|05|23|2501|Special Programmes for Rural Development|06||198||6||10|CSS-State Share-Deen Dayal Upadhaya Grameena Kaushalya Yojana DDUGKY - (NRLM)|||2501-06-198-6-10|CSS-State Share-Deen Dayal Upadhaya Grameena Kaushalya Yojana DDUGKY - (NRLM)|V|Header|Detailed-Head|||||100.0
176|05|23|2501|Special Programmes for Rural Development|06||198||6||10|CSS-State Share-Deen Dayal Upadhaya Grameena Kaushalya Yojana DDUGKY - (NRLM)|300|Lumpsum - ZP|2501-06-198-6-10|Lumpsum - ZP|V|Data|Object-Head|14.77|1300.00|1300.00|910.80|100.0
176|05|23|2501|Special Programmes for Rural Development|06||198||6||10|CSS-State Share-Deen Dayal Upadhaya Grameena Kaushalya Yojana DDUGKY - (NRLM)|332|Lumpsum-SCSP|2501-06-198-6-10|Lumpsum-SCSP|V|Data|Object-Head|||199.81|205.80|100.0
176|05|23|2501|Special Programmes for Rural Development|06||198||6||10|CSS-State Share-Deen Dayal Upadhaya Grameena Kaushalya Yojana DDUGKY - (NRLM)|333|Lumpsum-TSP|2501-06-198-6-10|Lumpsum-TSP|V|Data|Object-Head|||120.30|83.40|100.0
176|05|23|2501|Special Programmes for Rural Development|06||198||6||10|CSS-State Share-Deen Dayal Upadhaya Grameena Kaushalya Yojana DDUGKY - (NRLM)|||2501-06-198-6-10|HOA Total :|V|Total|Detailed-Head|14.77|1300.00|1620.11|1200.00|100.0
176|05|23|2501|Special Programmes for Rural Development|06||||||||||2501|2501 - Total :|V|Total|Major-Head|42065.68|20000.00|14448.58|50000.00|
177|05|23|2851|Village and Small Industries|00||102||0||82|Assistance to Government Tools Room and Training Centre (GTTC)|||2851-00-102-0-82|Assistance to Government Tools Room and Training Centre (GTTC)|V|Header|Detailed-Head|||||100.0
177|05|23|2851|Village and Small Industries|00||102||0||82|Assistance to Government Tools Room and Training Centre (GTTC)|059|Other Expenses|2851-00-102-0-82|Other Expenses|V|Data|Object-Head|2400.00|2500.00|2500.00|3333.00|100.0
177|05|23|2851|Village and Small Industries|00||102||0||82|Assistance to Government Tools Room and Training Centre (GTTC)|422|Schedule Caste Sub Plan|2851-00-102-0-82|Schedule Caste Sub Plan|V|Data|Object-Head|427.50|350.00|350.00|467.00|100.0
177|05|23|2851|Village and Small Industries|00||102||0||82|Assistance to Government Tools Room and Training Centre (GTTC)|423|Tribal Sub Plan|2851-00-102-0-82|Tribal Sub Plan|V|Data|Object-Head|172.50|150.00|150.00|200.00|100.0
177|05|23|2851|Village and Small Industries|00||102||0||82|Assistance to Government Tools Room and Training Centre (GTTC)|||2851-00-102-0-82|HOA Total :|V|Total|Detailed-Head|3000.00|3000.00|3000.00|4000.00|100.0
177|05|23|2851|Village and Small Industries|00||||||||||2851|2851 - Total :|V|Total|Major-Head|3000.00|3000.00|3000.00|4000.00|
178|05|23|3604|Compensation and Assignments to Local Bodies and Panchayat Raj Institutions|00||||||||||3604|Compensation and Assignments to Local Bodies and Panchayat Raj Institutions|V|Header|Major-Head|||||
178|05|23|3604|Compensation and Assignments to Local Bodies and Panchayat Raj Institutions|00||191||5||52|CSS-Central Share-National Urban Livelihood Mission|||3604-00-191-5-52|CSS-Central Share-National Urban Livelihood Mission|V|Header|Detailed-Head|||||100.0
178|05|23|3604|Compensation and Assignments to Local Bodies and Panchayat Raj Institutions|00||191||5||52|CSS-Central Share-National Urban Livelihood Mission|059|Other Expenses|3604-00-191-5-52|Other Expenses|V|Data|Object-Head|1000.00|2268.00|2268.00|2268.00|100.0
178|05|23|3604|Compensation and Assignments to Local Bodies and Panchayat Raj Institutions|00||191||5||52|CSS-Central Share-National Urban Livelihood Mission|422|Schedule Caste Sub Plan|3604-00-191-5-52|Schedule Caste Sub Plan|V|Data|Object-Head||666.00|666.00|666.00|100.0
178|05|23|3604|Compensation and Assignments to Local Bodies and Panchayat Raj Institutions|00||191||5||52|CSS-Central Share-National Urban Livelihood Mission|423|Tribal Sub Plan|3604-00-191-5-52|Tribal Sub Plan|V|Data|Object-Head||66.00|66.00|66.00|100.0
178|05|23|3604|Compensation and Assignments to Local Bodies and Panchayat Raj Institutions|00||191||5||52|CSS-Central Share-National Urban Livelihood Mission|||3604-00-191-5-52|HOA Total :|V|Total|Detailed-Head|1000.00|3000.00|3000.00|3000.00|100.0
178|05|23|3604|Compensation and Assignments to Local Bodies and Panchayat Raj Institutions|00||191||5||53|CSS-State Share-National Urban Livelihood Mission|||3604-00-191-5-53|CSS-State Share-National Urban Livelihood Mission|V|Header|Detailed-Head|||||100.0
178|05|23|3604|Compensation and Assignments to Local Bodies and Panchayat Raj Institutions|00||191||5||53|CSS-State Share-National Urban Livelihood Mission|059|Other Expenses|3604-00-191-5-53|Other Expenses|V|Data|Object-Head||759.00|759.00|759.00|100.0
178|05|23|3604|Compensation and Assignments to Local Bodies and Panchayat Raj Institutions|00||191||5||53|CSS-State Share-National Urban Livelihood Mission|422|Schedule Caste Sub Plan|3604-00-191-5-53|Schedule Caste Sub Plan|V|Data|Object-Head||171.50|171.50|171.50|100.0
178|05|23|3604|Compensation and Assignments to Local Bodies and Panchayat Raj Institutions|00||191||5||53|CSS-State Share-National Urban Livelihood Mission|423|Tribal Sub Plan|3604-00-191-5-53|Tribal Sub Plan|V|Data|Object-Head||69.50|69.50|69.50|100.0
178|05|23|3604|Compensation and Assignments to Local Bodies and Panchayat Raj Institutions|00||191||5||53|CSS-State Share-National Urban Livelihood Mission|||3604-00-191-5-53|HOA Total :|V|Total|Detailed-Head|0.00|1000.00|1000.00|1000.00|100.0
178|05|23|3604|Compensation and Assignments to Local Bodies and Panchayat Raj Institutions|00||||||||||3604|3604 - Total :|V|Total|Major-Head|1000.00|4000.00|4000.00|4000.00|
179|05|23|4250|Capital Outlay on Other Social Services|00||||||||||4250|Capital Outlay on Other Social Services|V|Header|Major-Head|||||
179|05|23|4250|Capital Outlay on Other Social Services|00||203||0||07|ITI- Constrcution and Other Infrastructure Facilities|||4250-00-203-0-07|ITI- Constrcution and Other Infrastructure Facilities|V|Header|Detailed-Head|||||100.0
179|05|23|4250|Capital Outlay on Other Social Services|00||203||0||07|ITI- Constrcution and Other Infrastructure Facilities|053|Purchase of Furniture and Fixture for Office|4250-00-203-0-07|Purchase of Furniture and Fixture for Office|V|Data|Object-Head||||100.00|100.0
179|05|23|4250|Capital Outlay on Other Social Services|00||203||0||07|ITI- Constrcution and Other Infrastructure Facilities|133|Regional Imbalance Redressal Program|4250-00-203-0-07|Regional Imbalance Redressal Program|V|Data|Object-Head||||1000.00|100.0
179|05|23|4250|Capital Outlay on Other Social Services|00||203||0||07|ITI- Constrcution and Other Infrastructure Facilities|180|Machinery and Equipments|4250-00-203-0-07|Machinery and Equipments|V|Data|Object-Head||5000.00|5000.00|2500.00|100.0
179|05|23|4250|Capital Outlay on Other Social Services|00||203||0||07|ITI- Constrcution and Other Infrastructure Facilities|386|Purchase/Construction of Buildings|4250-00-203-0-07|Purchase/Construction of Buildings|V|Data|Object-Head|2699.81|2000.00|2000.00|1500.00|100.0
179|05|23|4250|Capital Outlay on Other Social Services|00||203||0||07|ITI- Constrcution and Other Infrastructure Facilities|||4250-00-203-0-07|HOA Total :|V|Total|Detailed-Head|2699.81|7000.00|7000.00|5100.00|100.0
179|05|23|4250|Capital Outlay on Other Social Services|00||203||0||08|Sir Mokshagundam Visveswaraiah Centre for Training the Master Trainers in Skill Development|||4250-00-203-0-08|Sir Mokshagundam Visveswaraiah Centre for Training the Master Trainers in Skill Development|V|Header|Detailed-Head|||||100.0
179|05|23|4250|Capital Outlay on Other Social Services|00||203||0||08|Sir Mokshagundam Visveswaraiah Centre for Training the Master Trainers in Skill Development|386|Purchase/Construction of Buildings|4250-00-203-0-08|Purchase/Construction of Buildings|V|Data|Object-Head|750.00|300.00|300.00|300.00|100.0
179|05|23|4250|Capital Outlay on Other Social Services|00||203||0||08|Sir Mokshagundam Visveswaraiah Centre for Training the Master Trainers in Skill Development|||4250-00-203-0-08|HOA Total :|V|Total|Detailed-Head|750.00|300.00|300.00|300.00|100.0
179|05|23|4250|Capital Outlay on Other Social Services|00||203||0||10|Repayment of Principal- Karnataka Skill Development Corporation|||4250-00-203-0-10|Repayment of Principal- Karnataka Skill Development Corporation|V|Header|Detailed-Head|||||100.0
179|05|23|4250|Capital Outlay on Other Social Services|00||203||0||10|Repayment of Principal- Karnataka Skill Development Corporation|240|Repayment of Borrowings|4250-00-203-0-10|Repayment of Borrowings|C|Data|Object-Head|9388.00|5714.00|5714.00|8907.00|100.0
179|05|23|4250|Capital Outlay on Other Social Services|00||203||0||10|Repayment of Principal- Karnataka Skill Development Corporation|||4250-00-203-0-10|HOA Total :|C|Total|Detailed-Head|9388.00|5714.00|5714.00|8907.00|100.0
179|05|23|4250|Capital Outlay on Other Social Services|00||203||0||11|Purchase of Vehicles|||4250-00-203-0-11|Purchase of Vehicles|V|Header|Detailed-Head|||||100.0
179|05|23|4250|Capital Outlay on Other Social Services|00||203||0||11|Purchase of Vehicles|199|Transportation Assets|4250-00-203-0-11|Transportation Assets|V|Data|Object-Head|18.82||||100.0
179|05|23|4250|Capital Outlay on Other Social Services|00||203||0||11|Purchase of Vehicles|||4250-00-203-0-11|HOA Total :|V|Total|Detailed-Head|18.82|0.00|0.00|0.00|100.0
180|05|23|4250|Capital Outlay on Other Social Services|00||203|Employment|0||14|Karnataka-German Multi Skilled Development (KGMSD) Centres|||4250-00-203-0-14|Karnataka-German Multi Skilled Development (KGMSD) Centres|V|Header|Detailed-Head|||||100.0
180|05|23|4250|Capital Outlay on Other Social Services|00||203|Employment|0||14|Karnataka-German Multi Skilled Development (KGMSD) Centres|180|Machinery and Equipments|4250-00-203-0-14|Machinery and Equipments|V|Data|Object-Head||1000.00|1000.00|50.00|100.0
180|05|23|4250|Capital Outlay on Other Social Services|00||203|Employment|0||14|Karnataka-German Multi Skilled Development (KGMSD) Centres|386|Purchase/Construction of Buildings|4250-00-203-0-14|Purchase/Construction of Buildings|V|Data|Object-Head||1000.00|1000.00||100.0
180|05|23|4250|Capital Outlay on Other Social Services|00||203|Employment|0||14|Karnataka-German Multi Skilled Development (KGMSD) Centres|||4250-00-203-0-14|HOA Total :|V|Total|Detailed-Head|0.00|2000.00|2000.00|50.00|100.0
180|05|23|4250|Capital Outlay on Other Social Services|00||203|Employment|0||15|Establishment of GTTC Centers-UIDF|||4250-00-203-0-15|Establishment of GTTC Centers-UIDF|V|Header|Detailed-Head|||||100.0
180|05|23|4250|Capital Outlay on Other Social Services|00||203|Employment|0||15|Establishment of GTTC Centers-UIDF|132|Other Capital Expenses|4250-00-203-0-15|Other Capital Expenses|V|Data|Object-Head||2000.00|||100.0
180|05|23|4250|Capital Outlay on Other Social Services|00||203|Employment|0||15|Establishment of GTTC Centers-UIDF|||4250-00-203-0-15|HOA Total :|V|Total|Detailed-Head|0.00|2000.00|0.00|0.00|100.0
180|05|23|4250|Capital Outlay on Other Social Services|00||203|Employment|0||17|Karnataka Quality Upgradation for Employment and Skills Transformation (K-QUEST)-EAP|||4250-00-203-0-17|Karnataka Quality Upgradation for Employment and Skills Transformation (K-QUEST)-EAP|V|Header|Detailed-Head|||||100.0
180|05|23|4250|Capital Outlay on Other Social Services|00||203|Employment|0||17|Karnataka Quality Upgradation for Employment and Skills Transformation (K-QUEST)-EAP|132|Other Capital Expenses|4250-00-203-0-17|Other Capital Expenses|V|Data|Object-Head||||5000.00|100.0
180|05|23|4250|Capital Outlay on Other Social Services|00||203|Employment|0||17|Karnataka Quality Upgradation for Employment and Skills Transformation (K-QUEST)-EAP|||4250-00-203-0-17|HOA Total :|V|Total|Detailed-Head|0.00|0.00|0.00|5000.00|100.0
180|05|23|4250|Capital Outlay on Other Social Services|00||||||||||4250|4250 - Total :|V|Total|Major-Head|12856.63|17014.00|15014.00|19357.00|
181|05|23|4851|Capital Outlay on Village & Small Industries|||||||||||4851|Capital Outlay on Village & Small Industries|V|Header|Major-Head|||||
181|05|23|4851|Capital Outlay on Village & Small Industries|00||102||0||18|GTTC-Machinery and Equipment Expenses and Works|||4851-00-102-0-18|GTTC-Machinery and Equipment Expenses and Works|V|Header|Detailed-Head|||||100.0
181|05|23|4851|Capital Outlay on Village & Small Industries|00||102||0||18|GTTC-Machinery and Equipment Expenses and Works|132|Other Capital Expenses|4851-00-102-0-18|Other Capital Expenses|V|Data|Object-Head|4341.36|||1000.00|100.0
181|05|23|4851|Capital Outlay on Village & Small Industries|00||102||0||18|GTTC-Machinery and Equipment Expenses and Works|133|Regional Imbalance Redressal Program|4851-00-102-0-18|Regional Imbalance Redressal Program|V|Data|Object-Head||||4000.00|100.0
181|05|23|4851|Capital Outlay on Village & Small Industries|00||102||0||18|GTTC-Machinery and Equipment Expenses and Works|180|Machinery and Equipments|4851-00-102-0-18|Machinery and Equipments|V|Data|Object-Head||8400.00|8400.00|3000.00|100.0
181|05|23|4851|Capital Outlay on Village & Small Industries|00||102||0||18|GTTC-Machinery and Equipment Expenses and Works|386|Purchase/Construction of Buildings|4851-00-102-0-18|Purchase/Construction of Buildings|V|Data|Object-Head||||1000.00|100.0
181|05|23|4851|Capital Outlay on Village & Small Industries|00||102||0||18|GTTC-Machinery and Equipment Expenses and Works|422|Schedule Caste Sub Plan|4851-00-102-0-18|Schedule Caste Sub Plan|V|Data|Object-Head|823.12|1500.00|1500.00|1429.00|100.0
181|05|23|4851|Capital Outlay on Village & Small Industries|00||102||0||18|GTTC-Machinery and Equipment Expenses and Works|423|Tribal Sub Plan|4851-00-102-0-18|Tribal Sub Plan|V|Data|Object-Head|335.50|600.00|600.00|571.00|100.0
181|05|23|4851|Capital Outlay on Village & Small Industries|00||102||0||18|GTTC-Machinery and Equipment Expenses and Works|436|NABARD Works|4851-00-102-0-18|NABARD Works|V|Data|Object-Head|4736.28|6000.00|6000.00|6000.00|100.0
181|05|23|4851|Capital Outlay on Village & Small Industries|00||102||0||18|GTTC-Machinery and Equipment Expenses and Works|437|NABARD - SCSP|4851-00-102-0-18|NABARD - SCSP|V|Data|Object-Head|368.36||||100.0
181|05|23|4851|Capital Outlay on Village & Small Industries|00||102||0||18|GTTC-Machinery and Equipment Expenses and Works|438|NABARD - Tribal Sub Plan|4851-00-102-0-18|NABARD - Tribal Sub Plan|V|Data|Object-Head|157.86||||100.0
181|05|23|4851|Capital Outlay on Village & Small Industries|00||102||0||18|GTTC-Machinery and Equipment Expenses and Works|||4851-00-102-0-18|HOA Total :|V|Total|Detailed-Head|10762.48|16500.00|16500.00|17000.00|100.0
181|05|23|4851|Capital Outlay on Village & Small Industries|||||||||||4851|4851 - Total :|V|Total|Major-Head|10762.48|16500.00|16500.00|17000.00|
