Source_Page_Number|Volume_Number|Demand_Number|Major_Head_Code|Major_Head_Name|Sub_Major_Head_Code|Sub_Major_Head_Name|Minor_Head_Code|Minor_Head_Name|Sub_Head_Code|Sub_Head_Name|Detailed_Head_Code|Detailed_Head_Name|Object_Head_Code|Object_Head_Description|Full_Account_Code|Description|Vote_Charge_Marker|Row_Type|Row_Level|Financial_Col_1|Financial_Col_2|Financial_Col_3|Financial_Col_4|Avg_Accuracy_%
1|03|01|2202|General Education|80|||||||||||General Education||Header|Major-Head|||||
1|03|01|2202|General Education|80||107||0||06|Mukhya Mantri Raitha Vidyanidhi Programme|||2202-80-107-0-06|Mukhya Mantri Raitha Vidyanidhi Programme||Header|Detailed-Head|||||100.0
1|03|01|2202|General Education|80||107||0||06|Mukhya Mantri Raitha Vidyanidhi Programme|117|Scholarships & Incentives|2202-80-107-0-06|Scholarships & Incentives|V|Data|Object-Head|196.80|3600.00|3538.00|3600.00|100.0
1|03|01|2202|General Education|80||107||0||06|Mukhya Mantri Raitha Vidyanidhi Programme|422|Schedule Caste Sub Plan|2202-80-107-0-06|Schedule Caste Sub Plan|V|Data|Object-Head||975.00|275.00|975.00|100.0
1|03|01|2202|General Education|80||107||0||06|Mukhya Mantri Raitha Vidyanidhi Programme|423|Tribal Sub Plan|2202-80-107-0-06|Tribal Sub Plan|V|Data|Object-Head||425.00|125.00|425.00|100.0
1|03|01|2202|General Education|80||107||0||06|Mukhya Mantri Raitha Vidyanidhi Programme||||HOA Total :|V|Total|Detailed-Head|196.80|5000.00|3938.00|5000.00|100.0
1|03|01|2202|General Education|80|||||||||||2202 - Total :|V|Total|Major-Head|196.80|5000.00|3938.00|5000.00|
2|03|01|2401|Crop Husbandry|00|||||||||||Crop Husbandry||Header|Major-Head|||||
2|03|01|2401|Crop Husbandry|00||001||1||01|Commissionerate of Agriculture|||2401-00-001-1-01|Commissionerate of Agriculture||Header|Detailed-Head|||||100.0
2|03|01|2401|Crop Husbandry|00||001||1||01|Commissionerate of Agriculture|002|Basic Pay|2401-00-001-1-01|Basic Pay||Data|Object-Head|4616.63|10373.00|10451.96|10690.00|100.0
2|03|01|2401|Crop Husbandry|00||001||1||01|Commissionerate of Agriculture|003|Basic Pay-Staff|2401-00-001-1-01|Basic Pay-Staff||Data|Object-Head|2390.83||||100.0
2|03|01|2401|Crop Husbandry|00||001||1||01|Commissionerate of Agriculture|004|Interim Relief|2401-00-001-1-01|Interim Relief||Data|Object-Head|513.24||||100.0
2|03|01|2401|Crop Husbandry|00||001||1||01|Commissionerate of Agriculture|011|Dearness Allowance|2401-00-001-1-01|Dearness Allowance||Data|Object-Head|1762.81|2288.00|2301.84|2680.00|100.0
2|03|01|2401|Crop Husbandry|00||001||1||01|Commissionerate of Agriculture|014|Other Allowance|2401-00-001-1-01|Other Allowance||Data|Object-Head|1033.92|1435.00|1448.05|1436.00|100.0
2|03|01|2401|Crop Husbandry|00||001||1||01|Commissionerate of Agriculture|015|Subsidiary Expenses|2401-00-001-1-01|Subsidiary Expenses||Data|Object-Head|199.85|200.00|200.00|250.00|100.0
2|03|01|2401|Crop Husbandry|00||001||1||01|Commissionerate of Agriculture|020|Medical Allowance|2401-00-001-1-01|Medical Allowance||Data|Object-Head|18.67||||100.0
2|03|01|2401|Crop Husbandry|00||001||1||01|Commissionerate of Agriculture|021|Reimbursement of Medical Expenses|2401-00-001-1-01|Reimbursement of Medical Expenses||Data|Object-Head|63.28|79.00|129.00|76.00|100.0
2|03|01|2401|Crop Husbandry|00||001||1||01|Commissionerate of Agriculture|033|Daily-wages|2401-00-001-1-01|Daily-wages||Data|Object-Head|83.85|102.86|102.86|85.83|100.0
2|03|01|2401|Crop Husbandry|00||001||1||01|Commissionerate of Agriculture|034|Contract/Outsource|2401-00-001-1-01|Contract/Outsource||Data|Object-Head|3954.27|4551.86|4613.86|4941.17|100.0
2|03|01|2401|Crop Husbandry|00||001||1||01|Commissionerate of Agriculture|041|Travel Expenses|2401-00-001-1-01|Travel Expenses||Data|Object-Head|134.79|180.00|180.00|180.00|100.0
2|03|01|2401|Crop Husbandry|00||001||1||01|Commissionerate of Agriculture|050|Office Expenses|2401-00-001-1-01|Office Expenses||Data|Object-Head||22.00|22.00|25.00|100.0
2|03|01|2401|Crop Husbandry|00||001||1||01|Commissionerate of Agriculture|051|General Expenses|2401-00-001-1-01|General Expenses||Data|Object-Head|583.07|850.00|1350.00|880.00|100.0
2|03|01|2401|Crop Husbandry|00||001||1||01|Commissionerate of Agriculture|052|Telephone Charges|2401-00-001-1-01|Telephone Charges||Data|Object-Head|19.52||||100.0
2|03|01|2401|Crop Husbandry|00||001||1||01|Commissionerate of Agriculture|059|Other Expenses|2401-00-001-1-01|Other Expenses||Data|Object-Head|369.62|370.00|370.00|250.00|100.0
2|03|01|2401|Crop Husbandry|00||001||1||01|Commissionerate of Agriculture|071|Building Expenses|2401-00-001-1-01|Building Expenses||Data|Object-Head|239.16|284.00|284.00|295.00|100.0
2|03|01|2401|Crop Husbandry|00||001||1||01|Commissionerate of Agriculture|103|Grants-in-Aid -General|2401-00-001-1-01|Grants-in-Aid -General||Data|Object-Head|219.80|570.00|570.00|240.00|100.0
2|03|01|2401|Crop Husbandry|00||001||1||01|Commissionerate of Agriculture|177|IT Expenditure|2401-00-001-1-01|IT Expenditure||Data|Object-Head||200.00|200.00|30.00|100.0
2|03|01|2401|Crop Husbandry|00||001||1||01|Commissionerate of Agriculture|180|Machinery and Equipments|2401-00-001-1-01|Machinery and Equipments||Data|Object-Head|19.93||||100.0
2|03|01|2401|Crop Husbandry|00||001||1||01|Commissionerate of Agriculture|195|Transport Expenses|2401-00-001-1-01|Transport Expenses||Data|Object-Head|789.15|936.20|936.20|1229.39|100.0
2|03|01|2401|Crop Husbandry|00||001||1||01|Commissionerate of Agriculture|200|Maintenance Expenditure|2401-00-001-1-01|Maintenance Expenditure||Data|Object-Head|549.94|654.00|654.00|680.00|100.0
2|03|01|2401|Crop Husbandry|00||001||1||01|Commissionerate of Agriculture|221|Materials and Supplies|2401-00-001-1-01|Materials and Supplies||Data|Object-Head||||120.00|100.0
2|03|01|2401|Crop Husbandry|00||001||1||01|Commissionerate of Agriculture|251|Pension & Retirement Benefits|2401-00-001-1-01|Pension & Retirement Benefits||Data|Object-Head|16.95|34.04|34.04|22.93|100.0
2|03|01|2401|Crop Husbandry|00||001||1||01|Commissionerate of Agriculture|||||HOA Total :|Total|Detailed-Head|17579.28|23129.96|23847.81|24111.32|100.0
3|03|01|2401|Crop Husbandry|00|||||||||||Crop Husbandry|V|Header|Major-Head|||||
3|03|01|2401|Crop Husbandry|00||001||1||14|Secondary Agriculture Directorate|||2401-00-001-1-14|Secondary Agriculture Directorate|V|Header|Detailed-Head|||||100.0
3|03|01|2401|Crop Husbandry|00||001||1||14|Secondary Agriculture Directorate|002|Basic Pay|2401-00-001-1-14|Basic Pay|V|Data|Object-Head|19.93|3.00|23.90|23.00|100.0
3|03|01|2401|Crop Husbandry|00||001||1||14|Secondary Agriculture Directorate|004|Interim Relief|2401-00-001-1-14|Interim Relief|V|Data|Object-Head|2.41||||100.0
3|03|01|2401|Crop Husbandry|00||001||1||14|Secondary Agriculture Directorate|011|Dearness Allowance|2401-00-001-1-14|Dearness Allowance|V|Data|Object-Head|6.36|1.00|3.25|6.00|100.0
3|03|01|2401|Crop Husbandry|00||001||1||14|Secondary Agriculture Directorate|014|Other Allowance|2401-00-001-1-14|Other Allowance|V|Data|Object-Head|5.01|1.00|5.29|5.00|100.0
3|03|01|2401|Crop Husbandry|00||001||1||14|Secondary Agriculture Directorate|021|Reimbursement of Medical Expenses|2401-00-001-1-14|Reimbursement of Medical Expenses|V|Data|Object-Head||3.00|3.00|3.00|100.0
3|03|01|2401|Crop Husbandry|00||001||1||14|Secondary Agriculture Directorate|034|Contract/Outsource|2401-00-001-1-14|Contract/Outsource|V|Data|Object-Head||3.22|3.22|3.32|100.0
3|03|01|2401|Crop Husbandry|00||001||1||14|Secondary Agriculture Directorate|041|Travel Expenses|2401-00-001-1-14|Travel Expenses|V|Data|Object-Head|0.62|1.00|1.00|1.00|100.0
3|03|01|2401|Crop Husbandry|00||001||1||14|Secondary Agriculture Directorate|050|Office Expenses|2401-00-001-1-14|Office Expenses|V|Data|Object-Head||5.00|5.00|3.00|100.0
3|03|01|2401|Crop Husbandry|00||001||1||14|Secondary Agriculture Directorate|051|General Expenses|2401-00-001-1-14|General Expenses|V|Data|Object-Head|9.98|2.00|2.00|3.00|100.0
3|03|01|2401|Crop Husbandry|00||001||1||14|Secondary Agriculture Directorate|052|Telephone Charges|2401-00-001-1-14|Telephone Charges|V|Data|Object-Head|0.20||||100.0
3|03|01|2401|Crop Husbandry|00||001||1||14|Secondary Agriculture Directorate|071|Building Expenses|2401-00-001-1-14|Building Expenses|V|Data|Object-Head|40.00|40.00|40.00|40.00|100.0
3|03|01|2401|Crop Husbandry|00||001||1||14|Secondary Agriculture Directorate|106|Subsidies|2401-00-001-1-14|Subsidies|V|Data|Object-Head|75.76|75.90|75.90|2380.00|100.0
3|03|01|2401|Crop Husbandry|00||001||1||14|Secondary Agriculture Directorate|195|Transport Expenses|2401-00-001-1-14|Transport Expenses|V|Data|Object-Head|5.00|5.00|5.00|1.00|100.0
3|03|01|2401|Crop Husbandry|00||001||1||14|Secondary Agriculture Directorate|422|Schedule Caste Sub Plan|2401-00-001-1-14|Schedule Caste Sub Plan|V|Data|Object-Head|17.19|17.15|17.15|460.00|100.0
3|03|01|2401|Crop Husbandry|00||001||1||14|Secondary Agriculture Directorate|423|Tribal Sub Plan|2401-00-001-1-14|Tribal Sub Plan|V|Data|Object-Head|6.99|6.95|6.95|160.00|100.0
3|03|01|2401|Crop Husbandry|00||001||1||14|Secondary Agriculture Directorate||||HOA Total :|V|Total|Detailed-Head|189.45|164.22|191.66|3088.32|100.0
3|03|01|2401|Crop Husbandry|00||001||1||50|Vacant Post Provision|||2401-00-001-1-50|Vacant Post Provision|V|Header|Detailed-Head|||||100.0
3|03|01|2401|Crop Husbandry|00||001||1||50|Vacant Post Provision|014|Other Allowance|2401-00-001-1-50|Other Allowance|V|Data|Object-Head||60848.20|60352.69|77403.20|100.0
3|03|01|2401|Crop Husbandry|00||001||1||50|Vacant Post Provision||||HOA Total :|V|Total|Detailed-Head|0.00|60848.20|60352.69|77403.20|100.0
3|03|01|2401|Crop Husbandry|00||001||1||75|Unspent SCSP-TSP Amount as per the SCSP-TSP Act 2013|||2401-00-001-1-75|Unspent SCSP-TSP Amount as per the SCSP-TSP Act 2013|V|Header|Detailed-Head|||||100.0
3|03|01|2401|Crop Husbandry|00||001||1||75|Unspent SCSP-TSP Amount as per the SCSP-TSP Act 2013|422|Schedule Caste Sub Plan|2401-00-001-1-75|Schedule Caste Sub Plan|V|Data|Object-Head|120.42|28.38|28.38|0.57|100.0
3|03|01|2401|Crop Husbandry|00||001||1||75|Unspent SCSP-TSP Amount as per the SCSP-TSP Act 2013|423|Tribal Sub Plan|2401-00-001-1-75|Tribal Sub Plan|V|Data|Object-Head|319.03|14.45|14.45|0.47|100.0
3|03|01|2401|Crop Husbandry|00||001||1||75|Unspent SCSP-TSP Amount as per the SCSP-TSP Act 2013||||HOA Total :|V|Total|Detailed-Head|439.45|42.83|42.83|1.04|100.0
4|03|01|2401|Crop Husbandry|00||102||0||08|CSS-Central Share- National Food Security and Nutrition Mission (NFSNM)|||2401-00-102-0-08|CSS-Central Share- National Food Security and Nutrition Mission (NFSNM)|V|Header|Detailed-Head|||||100.0
4|03|01|2401|Crop Husbandry|00||102||0||08|CSS-Central Share- National Food Security and Nutrition Mission (NFSNM)|106|Subsidies|2401-00-102-0-08|Subsidies|V|Data|Object-Head|10878.08|13593.69|13593.69|4986.63|100.0
4|03|01|2401|Crop Husbandry|00||102||0||08|CSS-Central Share- National Food Security and Nutrition Mission (NFSNM)|422|Schedule Caste Sub Plan|2401-00-102-0-08|Schedule Caste Sub Plan|V|Data|Object-Head|2614.18|3071.56|3071.56|1126.75|100.0
4|03|01|2401|Crop Husbandry|00||102||0||08|CSS-Central Share- National Food Security and Nutrition Mission (NFSNM)|423|Tribal Sub Plan|2401-00-102-0-08|Tribal Sub Plan|V|Data|Object-Head|1097.81|1244.75|1244.75|456.62|100.0
4|03|01|2401|Crop Husbandry|00||102||0||08|CSS-Central Share- National Food Security and Nutrition Mission (NFSNM)||||HOA Total :|V|Total|Detailed-Head|14590.07|17910.00|17910.00|6570.00|100.0
4|03|01|2401|Crop Husbandry|00||102||0||09|CSS-State Share -National Food Security and Nutrition Mission (NFSNM)|||2401-00-102-0-09|CSS-State Share -National Food Security and Nutrition Mission (NFSNM)|V|Header|Detailed-Head|||||100.0
4|03|01|2401|Crop Husbandry|00||102||0||09|CSS-State Share -National Food Security and Nutrition Mission (NFSNM)|106|Subsidies|2401-00-102-0-09|Subsidies|V|Data|Object-Head|7252.06|9062.46|9062.46|3324.42|100.0
4|03|01|2401|Crop Husbandry|00||102||0||09|CSS-State Share -National Food Security and Nutrition Mission (NFSNM)|422|Schedule Caste Sub Plan|2401-00-102-0-09|Schedule Caste Sub Plan|V|Data|Object-Head|1742.78|2047.71|2047.71|751.17|100.0
4|03|01|2401|Crop Husbandry|00||102||0||09|CSS-State Share -National Food Security and Nutrition Mission (NFSNM)|423|Tribal Sub Plan|2401-00-102-0-09|Tribal Sub Plan|V|Data|Object-Head|731.87|829.83|829.83|304.41|100.0
4|03|01|2401|Crop Husbandry|00||102||0||09|CSS-State Share -National Food Security and Nutrition Mission (NFSNM)||||HOA Total :|V|Total|Detailed-Head|9726.71|11940.00|11940.00|4380.00|100.0
4|03|01|2401|Crop Husbandry|00||102||0||27|Krishi Bhagya|||2401-00-102-0-27|Krishi Bhagya|V|Header|Detailed-Head|||||100.0
4|03|01|2401|Crop Husbandry|00||102||0||27|Krishi Bhagya|059|Other Expenses|2401-00-102-0-27|Other Expenses|V|Data|Object-Head|149.88|150.00|150.00|150.00|100.0
4|03|01|2401|Crop Husbandry|00||102||0||27|Krishi Bhagya|106|Subsidies|2401-00-102-0-27|Subsidies|V|Data|Object-Head|8085.23|7440.00|7440.00|7440.00|100.0
4|03|01|2401|Crop Husbandry|00||102||0||27|Krishi Bhagya|422|Schedule Caste Sub Plan|2401-00-102-0-27|Schedule Caste Sub Plan|V|Data|Object-Head|1248.76|1715.00|1715.00|1715.00|100.0
4|03|01|2401|Crop Husbandry|00||102||0||27|Krishi Bhagya|423|Tribal Sub Plan|2401-00-102-0-27|Tribal Sub Plan|V|Data|Object-Head|513.94|695.00|695.00|695.00|100.0
4|03|01|2401|Crop Husbandry|00||102||0||27|Krishi Bhagya||||HOA Total :|V|Total|Detailed-Head|9997.81|10000.00|10000.00|10000.00|100.0
4|03|01|2401|Crop Husbandry|00||102||0||28|Farmers Incentive and Support Schemes|||2401-00-102-0-28|Farmers Incentive and Support Schemes|V|Header|Detailed-Head|||||100.0
4|03|01|2401|Crop Husbandry|00||102||0||28|Farmers Incentive and Support Schemes|051|General Expenses|2401-00-102-0-28|General Expenses|V|Data|Object-Head||||100.00|100.0
4|03|01|2401|Crop Husbandry|00||102||0||28|Farmers Incentive and Support Schemes|059|Other Expenses|2401-00-102-0-28|Other Expenses|V|Data|Object-Head|400.00|400.00|400.00|400.00|100.0
4|03|01|2401|Crop Husbandry|00||102||0||28|Farmers Incentive and Support Schemes|106|Subsidies|2401-00-102-0-28|Subsidies|V|Data|Object-Head||||228.00|100.0
4|03|01|2401|Crop Husbandry|00||102||0||28|Farmers Incentive and Support Schemes|115|GIA Contract /Outsource|2401-00-102-0-28|GIA Contract /Outsource|V|Data|Object-Head|17.68|22.69|57.45|59.67|100.0
4|03|01|2401|Crop Husbandry|00||102||0||28|Farmers Incentive and Support Schemes|422|Schedule Caste Sub Plan|2401-00-102-0-28|Schedule Caste Sub Plan|V|Data|Object-Head||||51.00|100.0
5|03|01|2401|Crop Husbandry|00||102||0||28|Farmers Incentive and Support Schemes|423|Tribal Sub Plan|2401-00-102-0-28|Tribal Sub Plan|V|Data|Object-Head||||21.00|100.0
5|03|01|2401|Crop Husbandry|00||102||0||28|Farmers Incentive and Support Schemes||||HOA Total :|V|Total|Detailed-Head|417.68|422.69|457.45|859.67|100.0
5|03|01|2401|Crop Husbandry|00||102||0||33|CSS-Central Share-National Mission on Natural Farming (NMNF)|||2401-00-102-0-33|CSS-Central Share-National Mission on Natural Farming (NMNF)|V|Header|Detailed-Head|||||100.0
5|03|01|2401|Crop Husbandry|00||102||0||33|CSS-Central Share-National Mission on Natural Farming (NMNF)|106|Subsidies|2401-00-102-0-33|Subsidies|V|Data|Object-Head|||1916.40|3643.20|100.0
5|03|01|2401|Crop Husbandry|00||102||0||33|CSS-Central Share-National Mission on Natural Farming (NMNF)|422|Schedule Caste Sub Plan|2401-00-102-0-33|Schedule Caste Sub Plan|V|Data|Object-Head|||459.94|823.20|100.0
5|03|01|2401|Crop Husbandry|00||102||0||33|CSS-Central Share-National Mission on Natural Farming (NMNF)|423|Tribal Sub Plan|2401-00-102-0-33|Tribal Sub Plan|V|Data|Object-Head|||178.86|333.60|100.0
5|03|01|2401|Crop Husbandry|00||102||0||33|CSS-Central Share-National Mission on Natural Farming (NMNF)||||HOA Total :|V|Total|Detailed-Head|0.00|0.00|2555.20|4800.00|100.0
5|03|01|2401|Crop Husbandry|00||102||0||34|CSS-State Share-National Mission on Natural Farming(NMNF)|||2401-00-102-0-34|CSS-State Share-National Mission on Natural Farming(NMNF)|V|Header|Detailed-Head|||||100.0
5|03|01|2401|Crop Husbandry|00||102||0||34|CSS-State Share-National Mission on Natural Farming(NMNF)|106|Subsidies|2401-00-102-0-34|Subsidies|V|Data|Object-Head|||1277.60|2429.27|100.0
5|03|01|2401|Crop Husbandry|00||102||0||34|CSS-State Share-National Mission on Natural Farming(NMNF)|422|Schedule Caste Sub Plan|2401-00-102-0-34|Schedule Caste Sub Plan|V|Data|Object-Head|||306.62|548.91|100.0
5|03|01|2401|Crop Husbandry|00||102||0||34|CSS-State Share-National Mission on Natural Farming(NMNF)|423|Tribal Sub Plan|2401-00-102-0-34|Tribal Sub Plan|V|Data|Object-Head|||119.24|222.44|100.0
5|03|01|2401|Crop Husbandry|00||102||0||34|CSS-State Share-National Mission on Natural Farming(NMNF)||||HOA Total :|V|Total|Detailed-Head|0.00|0.00|1703.46|3200.62|100.0
5|03|01|2401|Crop Husbandry|00||103||0||15|Agricultural inputs and Quality Control|||2401-00-103-0-15|Agricultural inputs and Quality Control|V|Header|Detailed-Head|||||100.0
5|03|01|2401|Crop Husbandry|00||103||0||15|Agricultural inputs and Quality Control|002|Basic Pay|2401-00-103-0-15|Basic Pay|V|Data|Object-Head|939.77||||100.0
5|03|01|2401|Crop Husbandry|00||103||0||15|Agricultural inputs and Quality Control|003|Basic Pay-Staff|2401-00-103-0-15|Basic Pay-Staff|V|Data|Object-Head|428.99||||100.0
5|03|01|2401|Crop Husbandry|00||103||0||15|Agricultural inputs and Quality Control|004|Interim Relief|2401-00-103-0-15|Interim Relief|V|Data|Object-Head|105.65||||100.0
5|03|01|2401|Crop Husbandry|00||103||0||15|Agricultural inputs and Quality Control|011|Dearness Allowance|2401-00-103-0-15|Dearness Allowance|V|Data|Object-Head|352.23||||100.0
5|03|01|2401|Crop Husbandry|00||103||0||15|Agricultural inputs and Quality Control|014|Other Allowance|2401-00-103-0-15|Other Allowance|V|Data|Object-Head|198.94||||100.0
5|03|01|2401|Crop Husbandry|00||103||0||15|Agricultural inputs and Quality Control|020|Medical Allowance|2401-00-103-0-15|Medical Allowance|V|Data|Object-Head|3.40||||100.0
5|03|01|2401|Crop Husbandry|00||103||0||15|Agricultural inputs and Quality Control|021|Reimbursement of Medical Expenses|2401-00-103-0-15|Reimbursement of Medical Expenses|V|Data|Object-Head|14.06||||100.0
5|03|01|2401|Crop Husbandry|00||103||0||15|Agricultural inputs and Quality Control|034|Contract/Outsource|2401-00-103-0-15|Contract/Outsource|V|Data|Object-Head|414.39||||100.0
5|03|01|2401|Crop Husbandry|00||103||0||15|Agricultural inputs and Quality Control|041|Travel Expenses|2401-00-103-0-15|Travel Expenses|V|Data|Object-Head|42.13||||100.0
5|03|01|2401|Crop Husbandry|00||103||0||15|Agricultural inputs and Quality Control|051|General Expenses|2401-00-103-0-15|General Expenses|V|Data|Object-Head|448.72||||100.0
6|03|01|2401|Crop Husbandry|00||103||0||15|Agricultural inputs and Quality Control|052|Telephone Charges|2401-00-103-0-15|Telephone Charges|V|Data|Object-Head|1.75||||100.0
6|03|01|2401|Crop Husbandry|00||103||0||15|Agricultural inputs and Quality Control|059|Other Expenses|2401-00-103-0-15|Other Expenses|V|Data|Object-Head|149.47|150.00|150.00|150.00|100.0
6|03|01|2401|Crop Husbandry|00||103||0||15|Agricultural inputs and Quality Control|071|Building Expenses|2401-00-103-0-15|Building Expenses|V|Data|Object-Head|42.70||||100.0
6|03|01|2401|Crop Husbandry|00||103||0||15|Agricultural inputs and Quality Control|103|Grants-in-Aid -General|2401-00-103-0-15|Grants-in-Aid -General|V|Data|Object-Head|3903.00|5000.00|5000.00|4600.00|100.0
6|03|01|2401|Crop Husbandry|00||103||0||15|Agricultural inputs and Quality Control|106|Subsidies|2401-00-103-0-15|Subsidies|V|Data|Object-Head|33092.31|31985.56|31485.56|32263.76|100.0
6|03|01|2401|Crop Husbandry|00||103||0||15|Agricultural inputs and Quality Control|180|Machinery and Equipments|2401-00-103-0-15|Machinery and Equipments|V|Data|Object-Head|169.53||||100.0
6|03|01|2401|Crop Husbandry|00||103||0||15|Agricultural inputs and Quality Control|195|Transport Expenses|2401-00-103-0-15|Transport Expenses|V|Data|Object-Head|1.97||||100.0
6|03|01|2401|Crop Husbandry|00||103||0||15|Agricultural inputs and Quality Control|200|Maintenance Expenditure|2401-00-103-0-15|Maintenance Expenditure|V|Data|Object-Head|98.97||||100.0
6|03|01|2401|Crop Husbandry|00||103||0||15|Agricultural inputs and Quality Control|422|Schedule Caste Sub Plan|2401-00-103-0-15|Schedule Caste Sub Plan|V|Data|Object-Head|8632.74|3443.67|3443.67|3603.80|100.0
6|03|01|2401|Crop Husbandry|00||103||0||15|Agricultural inputs and Quality Control|423|Tribal Sub Plan|2401-00-103-0-15|Tribal Sub Plan|V|Data|Object-Head|3557.94|1520.77|1520.77|1582.44|100.0
6|03|01|2401|Crop Husbandry|00||103||0||15|Agricultural inputs and Quality Control||||HOA Total :|V|Total|Detailed-Head|52598.66|42100.00|41600.00|42200.00|100.0
6|03|01|2401|Crop Husbandry|00||103||0||22|CSS-Central Share-NFSNM-Seed Components|||2401-00-103-0-22|CSS-Central Share-NFSNM-Seed Components|V|Header|Detailed-Head|||||100.0
6|03|01|2401|Crop Husbandry|00||103||0||22|CSS-Central Share-NFSNM-Seed Components|106|Subsidies|2401-00-103-0-22|Subsidies|V|Data|Object-Head|21.46|22.77|22.77|22.77|100.0
6|03|01|2401|Crop Husbandry|00||103||0||22|CSS-Central Share-NFSNM-Seed Components|422|Schedule Caste Sub Plan|2401-00-103-0-22|Schedule Caste Sub Plan|V|Data|Object-Head|5.54|5.14|5.14|5.14|100.0
6|03|01|2401|Crop Husbandry|00||103||0||22|CSS-Central Share-NFSNM-Seed Components|423|Tribal Sub Plan|2401-00-103-0-22|Tribal Sub Plan|V|Data|Object-Head|2.07|2.09|2.09|2.09|100.0
6|03|01|2401|Crop Husbandry|00||103||0||22|CSS-Central Share-NFSNM-Seed Components||||HOA Total :|V|Total|Detailed-Head|29.07|30.00|30.00|30.00|100.0
6|03|01|2401|Crop Husbandry|00||103||0||23|CSS-State Share-NFSNM-Seed Components|||2401-00-103-0-23|CSS-State Share-NFSNM-Seed Components|V|Header|Detailed-Head|||||100.0
6|03|01|2401|Crop Husbandry|00||103||0||23|CSS-State Share-NFSNM-Seed Components|106|Subsidies|2401-00-103-0-23|Subsidies|V|Data|Object-Head|164.31|15.18|15.18|15.18|100.0
6|03|01|2401|Crop Husbandry|00||103||0||23|CSS-State Share-NFSNM-Seed Components|422|Schedule Caste Sub Plan|2401-00-103-0-23|Schedule Caste Sub Plan|V|Data|Object-Head|2.23|3.43|3.43|3.43|100.0
6|03|01|2401|Crop Husbandry|00||103||0||23|CSS-State Share-NFSNM-Seed Components|423|Tribal Sub Plan|2401-00-103-0-23|Tribal Sub Plan|V|Data|Object-Head|1.38|1.39|1.39|1.39|100.0
6|03|01|2401|Crop Husbandry|00||103||0||23|CSS-State Share-NFSNM-Seed Components||||HOA Total :|V|Total|Detailed-Head|167.92|20.00|20.00|20.00|100.0
7|03|01|2401|Crop Husbandry|00||103||0||24|CSS-Central Share(100% GoI)-NFSNM-Seed Components|||2401-00-103-0-24|CSS-Central Share(100% GoI)-NFSNM-Seed Components|V|Header|Detailed-Head|||||100.0
7|03|01|2401|Crop Husbandry|00||103||0||24|CSS-Central Share(100% GoI)-NFSNM-Seed Components|106|Subsidies|2401-00-103-0-24|Subsidies|V|Data|Object-Head|989.85|1160.00|1160.00|2500.00|100.0
7|03|01|2401|Crop Husbandry|00||103||0||24|CSS-Central Share(100% GoI)-NFSNM-Seed Components||||HOA Total :|V|Total|Detailed-Head|989.85|1160.00|1160.00|2500.00|100.0
7|03|01|2401|Crop Husbandry|00||103||0||25|CSS-Central Share-NFSNM-Seed Components -Support to Seed Certification Agency|||2401-00-103-0-25|CSS-Central Share-NFSNM-Seed Components -Support to Seed Certification Agency|V|Header|Detailed-Head|||||100.0
7|03|01|2401|Crop Husbandry|00||103||0||25|CSS-Central Share-NFSNM-Seed Components -Support to Seed Certification Agency|106|Subsidies|2401-00-103-0-25|Subsidies|V|Data|Object-Head|192.50|110.00|110.00||100.0
7|03|01|2401|Crop Husbandry|00||103||0||25|CSS-Central Share-NFSNM-Seed Components -Support to Seed Certification Agency||||HOA Total :|V|Total|Detailed-Head|192.50|110.00|110.00|0.00|100.0
7|03|01|2401|Crop Husbandry|00||103||0||26|CSS-State Share-NFSNM-Seed Components -Support to Seed Certification Agency|||2401-00-103-0-26|CSS-State Share-NFSNM-Seed Components -Support to Seed Certification Agency|V|Header|Detailed-Head|||||100.0
7|03|01|2401|Crop Husbandry|00||103||0||26|CSS-State Share-NFSNM-Seed Components -Support to Seed Certification Agency|106|Subsidies|2401-00-103-0-26|Subsidies|V|Data|Object-Head|577.50|330.00|330.00||100.0
7|03|01|2401|Crop Husbandry|00||103||0||26|CSS-State Share-NFSNM-Seed Components -Support to Seed Certification Agency||||HOA Total :|V|Total|Detailed-Head|577.50|330.00|330.00|0.00|100.0
7|03|01|2401|Crop Husbandry|00||103||0||27|CSS-Central Share-NFSNM-Seed Components-Assistance for maintenance of Breeder Seeds|||2401-00-103-0-27|CSS-Central Share-NFSNM-Seed Components-Assistance for maintenance of Breeder Seeds|V|Header|Detailed-Head|||||100.0
7|03|01|2401|Crop Husbandry|00||103||0||27|CSS-Central Share-NFSNM-Seed Components-Assistance for maintenance of Breeder Seeds|106|Subsidies|2401-00-103-0-27|Subsidies|V|Data|Object-Head||1.00|1.00||100.0
7|03|01|2401|Crop Husbandry|00||103||0||27|CSS-Central Share-NFSNM-Seed Components-Assistance for maintenance of Breeder Seeds||||HOA Total :|V|Total|Detailed-Head|0.00|1.00|1.00|0.00|100.0
8|03|01|2401|Crop Husbandry|00||103||0||28|CSS-State Share-NFSNM-Seed Components-Assistance for Maintenance of Breeder Seeds|||2401-00-103-0-28|CSS-State Share-NFSNM-Seed Components-Assistance for Maintenance of Breeder Seeds|V|Header|Detailed-Head|||||100.0
8|03|01|2401|Crop Husbandry|00||103||0||28|CSS-State Share-NFSNM-Seed Components-Assistance for Maintenance of Breeder Seeds|106|Subsidies|2401-00-103-0-28|Subsidies|V|Data|Object-Head||1.00|1.00||100.0
8|03|01|2401|Crop Husbandry|00||103||0||28|CSS-State Share-NFSNM-Seed Components-Assistance for Maintenance of Breeder Seeds||||HOA Total :|V|Total|Detailed-Head|0.00|1.00|1.00|0.00|100.0
8|03|01|2401|Crop Husbandry|00||104||0||12|Organic Farming and Millets Programmes|||2401-00-104-0-12|Organic Farming and Millets Programmes|V|Header|Detailed-Head|||||100.0
8|03|01|2401|Crop Husbandry|00||104||0||12|Organic Farming and Millets Programmes|051|General Expenses|2401-00-104-0-12|General Expenses|V|Data|Object-Head||100.00|100.00||100.0
8|03|01|2401|Crop Husbandry|00||104||0||12|Organic Farming and Millets Programmes|059|Other Expenses|2401-00-104-0-12|Other Expenses|V|Data|Object-Head|149.89|150.00|150.00||100.0
8|03|01|2401|Crop Husbandry|00||104||0||12|Organic Farming and Millets Programmes|106|Subsidies|2401-00-104-0-12|Subsidies|V|Data|Object-Head|1816.05|609.00|609.00||100.0
8|03|01|2401|Crop Husbandry|00||104||0||12|Organic Farming and Millets Programmes|422|Schedule Caste Sub Plan|2401-00-104-0-12|Schedule Caste Sub Plan|V|Data|Object-Head|377.08|171.50|171.50||100.0
8|03|01|2401|Crop Husbandry|00||104||0||12|Organic Farming and Millets Programmes|423|Tribal Sub Plan|2401-00-104-0-12|Tribal Sub Plan|V|Data|Object-Head|153.19|69.50|69.50||100.0
8|03|01|2401|Crop Husbandry|00||104||0||12|Organic Farming and Millets Programmes||||HOA Total :|V|Total|Detailed-Head|2496.21|1100.00|1100.00|0.00|100.0
8|03|01|2401|Crop Husbandry|00||108||1||15|State Additional Topup for CSS PMKSY (Agriculture)|||2401-00-108-1-15|State Additional Topup for CSS PMKSY (Agriculture)|V|Header|Detailed-Head|||||100.0
8|03|01|2401|Crop Husbandry|00||108||1||15|State Additional Topup for CSS PMKSY (Agriculture)|106|Subsidies|2401-00-108-1-15|Subsidies|V|Data|Object-Head|16759.89|9108.00|9108.00|12903.00|100.0
8|03|01|2401|Crop Husbandry|00||108||1||15|State Additional Topup for CSS PMKSY (Agriculture)|422|Schedule Caste Sub Plan|2401-00-108-1-15|Schedule Caste Sub Plan|V|Data|Object-Head|1559.96|2058.00|2058.00|2916.00|100.0
8|03|01|2401|Crop Husbandry|00||108||1||15|State Additional Topup for CSS PMKSY (Agriculture)|423|Tribal Sub Plan|2401-00-108-1-15|Tribal Sub Plan|V|Data|Object-Head|1079.83|834.00|834.00|1182.00|100.0
8|03|01|2401|Crop Husbandry|00||108||1||15|State Additional Topup for CSS PMKSY (Agriculture)||||HOA Total :|V|Total|Detailed-Head|19399.68|12000.00|12000.00|17001.00|100.0
8|03|01|2401|Crop Husbandry|00||108||1||16|CSS-Central Share- Rainfed Area Development (RAD) - RKVY RAFTAAR|||2401-00-108-1-16|CSS-Central Share- Rainfed Area Development (RAD) - RKVY RAFTAAR|V|Header|Detailed-Head|||||100.0
8|03|01|2401|Crop Husbandry|00||108||1||16|CSS-Central Share- Rainfed Area Development (RAD) - RKVY RAFTAAR|106|Subsidies|2401-00-108-1-16|Subsidies|V|Data|Object-Head|989.52|3059.57|3059.57|770.00|100.0
8|03|01|2401|Crop Husbandry|00||108||1||16|CSS-Central Share- Rainfed Area Development (RAD) - RKVY RAFTAAR|422|Schedule Caste Sub Plan|2401-00-108-1-16|Schedule Caste Sub Plan|V|Data|Object-Head|205.70|239.41|239.41|160.00|100.0
9|03|01|2401|Crop Husbandry|00||108||1||16|CSS-Central Share- Rainfed Area Development (RAD) - RKVY RAFTAAR|423|Tribal Sub Plan|2401-00-108-1-16|Tribal Sub Plan|V|Data|Object-Head|82.86|97.02|97.02|70.00|100.0
9|03|01|2401|Crop Husbandry|00||108||1||16|CSS-Central Share- Rainfed Area Development (RAD) - RKVY RAFTAAR||||HOA Total :|V|Total|Detailed-Head|1278.08|3396.00|3396.00|1000.00|100.0
9|03|01|2401|Crop Husbandry|00||108||1||17|CSS-State Share-Rainfed Area Development (RAD) - RKVY RAFTAAR|||2401-00-108-1-17|CSS-State Share-Rainfed Area Development (RAD) - RKVY RAFTAAR|V|Header|Detailed-Head|||||100.0
9|03|01|2401|Crop Husbandry|00||108||1||17|CSS-State Share-Rainfed Area Development (RAD) - RKVY RAFTAAR|106|Subsidies|2401-00-108-1-17|Subsidies|V|Data|Object-Head|659.68|1706.64|1706.64|513.59|100.0
9|03|01|2401|Crop Husbandry|00||108||1||17|CSS-State Share-Rainfed Area Development (RAD) - RKVY RAFTAAR|422|Schedule Caste Sub Plan|2401-00-108-1-17|Schedule Caste Sub Plan|V|Data|Object-Head|137.13|159.66|159.66|106.72|100.0
9|03|01|2401|Crop Husbandry|00||108||1||17|CSS-State Share-Rainfed Area Development (RAD) - RKVY RAFTAAR|423|Tribal Sub Plan|2401-00-108-1-17|Tribal Sub Plan|V|Data|Object-Head|55.24|64.70|64.70|46.69|100.0
9|03|01|2401|Crop Husbandry|00||108||1||17|CSS-State Share-Rainfed Area Development (RAD) - RKVY RAFTAAR||||HOA Total :|V|Total|Detailed-Head|852.05|1931.00|1931.00|667.00|100.0
9|03|01|2401|Crop Husbandry|00||108||1||18|CSS-Central Share-PM-RKVY-Crop Diversification (PM-RKVY-CDP)|||2401-00-108-1-18|CSS-Central Share-PM-RKVY-Crop Diversification (PM-RKVY-CDP)|V|Header|Detailed-Head|||||100.0
9|03|01|2401|Crop Husbandry|00||108||1||18|CSS-Central Share-PM-RKVY-Crop Diversification (PM-RKVY-CDP)|059|Other Expenses|2401-00-108-1-18|Other Expenses|V|Data|Object-Head|7.20||||100.0
9|03|01|2401|Crop Husbandry|00||108||1||18|CSS-Central Share-PM-RKVY-Crop Diversification (PM-RKVY-CDP)|106|Subsidies|2401-00-108-1-18|Subsidies|V|Data|Object-Head|144.25|182.16|182.16|182.16|100.0
9|03|01|2401|Crop Husbandry|00||108||1||18|CSS-Central Share-PM-RKVY-Crop Diversification (PM-RKVY-CDP)|422|Schedule Caste Sub Plan|2401-00-108-1-18|Schedule Caste Sub Plan|V|Data|Object-Head|33.40|41.16|41.16|41.16|100.0
9|03|01|2401|Crop Husbandry|00||108||1||18|CSS-Central Share-PM-RKVY-Crop Diversification (PM-RKVY-CDP)|423|Tribal Sub Plan|2401-00-108-1-18|Tribal Sub Plan|V|Data|Object-Head|12.41|16.68|16.68|16.68|100.0
9|03|01|2401|Crop Husbandry|00||108||1||18|CSS-Central Share-PM-RKVY-Crop Diversification (PM-RKVY-CDP)||||HOA Total :|V|Total|Detailed-Head|197.26|240.00|240.00|240.00|100.0
9|03|01|2401|Crop Husbandry|00||108||1||19|CSS-State Share-PM-RKVY-Crop Diversification (PM-RKVY-CDP)|||2401-00-108-1-19|CSS-State Share-PM-RKVY-Crop Diversification (PM-RKVY-CDP)|V|Header|Detailed-Head|||||100.0
9|03|01|2401|Crop Husbandry|00||108||1||19|CSS-State Share-PM-RKVY-Crop Diversification (PM-RKVY-CDP)|059|Other Expenses|2401-00-108-1-19|Other Expenses|V|Data|Object-Head|4.80||||100.0
9|03|01|2401|Crop Husbandry|00||108||1||19|CSS-State Share-PM-RKVY-Crop Diversification (PM-RKVY-CDP)|106|Subsidies|2401-00-108-1-19|Subsidies|V|Data|Object-Head|96.16|121.44|121.44|121.44|100.0
9|03|01|2401|Crop Husbandry|00||108||1||19|CSS-State Share-PM-RKVY-Crop Diversification (PM-RKVY-CDP)|422|Schedule Caste Sub Plan|2401-00-108-1-19|Schedule Caste Sub Plan|V|Data|Object-Head|22.27|27.44|27.44|27.44|100.0
9|03|01|2401|Crop Husbandry|00||108||1||19|CSS-State Share-PM-RKVY-Crop Diversification (PM-RKVY-CDP)|423|Tribal Sub Plan|2401-00-108-1-19|Tribal Sub Plan|V|Data|Object-Head|8.27|11.12|11.12|11.12|100.0
9|03|01|2401|Crop Husbandry|00||108||1||19|CSS-State Share-PM-RKVY-Crop Diversification (PM-RKVY-CDP)||||HOA Total :|V|Total|Detailed-Head|131.50|160.00|160.00|160.00|100.0
10|03|01|2401|Crop Husbandry|00||109||0||34|CSS-Central Share-Agriculture Extension (ATMA)|||2401-00-109-0-34|CSS-Central Share-Agriculture Extension (ATMA)||Header|Detailed-Head|||||100.0
10|03|01|2401|Crop Husbandry|00||109||0||34|CSS-Central Share-Agriculture Extension (ATMA)|059|Other Expenses|2401-00-109-0-34|Other Expenses||Data|Object-Head|1592.27|1593.90|1593.90|3187.80|100.0
10|03|01|2401|Crop Husbandry|00||109||0||34|CSS-Central Share-Agriculture Extension (ATMA)|422|Schedule Caste Sub Plan|2401-00-109-0-34|Schedule Caste Sub Plan||Data|Object-Head|354.52|360.15|360.15|720.30|100.0
10|03|01|2401|Crop Husbandry|00||109||0||34|CSS-Central Share-Agriculture Extension (ATMA)|423|Tribal Sub Plan|2401-00-109-0-34|Tribal Sub Plan||Data|Object-Head|143.34|145.95|145.95|291.90|100.0
10|03|01|2401|Crop Husbandry|00||109||0||34|CSS-Central Share-Agriculture Extension (ATMA)|||||HOA Total :|Total|Detailed-Head|2090.13|2100.00|2100.00|4200.00|100.0
10|03|01|2401|Crop Husbandry|00||109||0||35|CSS-State Share- Agriculture Extension (ATMA)|||2401-00-109-0-35|CSS-State Share- Agriculture Extension (ATMA)||Header|Detailed-Head|||||100.0
10|03|01|2401|Crop Husbandry|00||109||0||35|CSS-State Share- Agriculture Extension (ATMA)|059|Other Expenses|2401-00-109-0-35|Other Expenses||Data|Object-Head|1061.52|1062.60|1062.60|2125.20|100.0
10|03|01|2401|Crop Husbandry|00||109||0||35|CSS-State Share- Agriculture Extension (ATMA)|422|Schedule Caste Sub Plan|2401-00-109-0-35|Schedule Caste Sub Plan||Data|Object-Head|236.34|240.10|240.10|480.20|100.0
10|03|01|2401|Crop Husbandry|00||109||0||35|CSS-State Share- Agriculture Extension (ATMA)|423|Tribal Sub Plan|2401-00-109-0-35|Tribal Sub Plan||Data|Object-Head|95.56|97.30|97.30|194.60|100.0
10|03|01|2401|Crop Husbandry|00||109||0||35|CSS-State Share- Agriculture Extension (ATMA)|||||HOA Total :|Total|Detailed-Head|1393.42|1400.00|1400.00|2800.00|100.0
10|03|01|2401|Crop Husbandry|00||110||0||07|Pradhan Mantri Fasal Bhima Yojana|||2401-00-110-0-07|Pradhan Mantri Fasal Bhima Yojana||Header|Detailed-Head|||||100.0
10|03|01|2401|Crop Husbandry|00||110||0||07|Pradhan Mantri Fasal Bhima Yojana|106|Subsidies|2401-00-110-0-07|Subsidies||Data|Object-Head|90408.19|70533.44|70533.44|116832.00|100.0
10|03|01|2401|Crop Husbandry|00||110||0||07|Pradhan Mantri Fasal Bhima Yojana|133|Regional Imbalance Redressal Program|2401-00-110-0-07|Regional Imbalance Redressal Program||Data|Object-Head|31900.00|22614.46|22614.46|25443.00|100.0
10|03|01|2401|Crop Husbandry|00||110||0||07|Pradhan Mantri Fasal Bhima Yojana|135|Regional Imbalances Redressal Program-SCP|2401-00-110-0-07|Regional Imbalances Redressal Program-SCP||Data|Object-Head||||3409.00|100.0
10|03|01|2401|Crop Husbandry|00||110||0||07|Pradhan Mantri Fasal Bhima Yojana|136|Regional Imbalances Redressal Program-TSP|2401-00-110-0-07|Regional Imbalances Redressal Program-TSP||Data|Object-Head||||1548.00|100.0
10|03|01|2401|Crop Husbandry|00||110||0||07|Pradhan Mantri Fasal Bhima Yojana|422|Schedule Caste Sub Plan|2401-00-110-0-07|Schedule Caste Sub Plan||Data|Object-Head|13202.79|12479.57|12479.57|15652.00|100.0
10|03|01|2401|Crop Husbandry|00||110||0||07|Pradhan Mantri Fasal Bhima Yojana|423|Tribal Sub Plan|2401-00-110-0-07|Tribal Sub Plan||Data|Object-Head|6001.26|5672.53|5672.53|7116.00|100.0
10|03|01|2401|Crop Husbandry|00||110||0||07|Pradhan Mantri Fasal Bhima Yojana|||||HOA Total :|Total|Detailed-Head|141512.24|111300.00|111300.00|170000.00|100.0
10|03|01|2401|Crop Husbandry|00||111||0||10|Crop Survey|||2401-00-111-0-10|Crop Survey||Header|Detailed-Head|||||100.0
10|03|01|2401|Crop Husbandry|00||111||0||10|Crop Survey|051|General Expenses|2401-00-111-0-10|General Expenses||Data|Object-Head|596.04|500.00|500.00||100.0
11|03|01|2401|Crop Husbandry|00||111||0||10|Crop Survey|324|Honorarium|2401-00-111-0-10|Honorarium|V|Data|Object-Head|4477.07|4800.00|4800.00||100.0
11|03|01|2401|Crop Husbandry|00||111||0||10|Crop Survey|||2401-00-111-0-10|HOA Total :|V|Total|Detailed-Head|5073.11|5300.00|5300.00|0.00|100.0
11|03|01|2401|Crop Husbandry|00||111||0||11|CSS-Central Share-Digital Crop Survey Programme (Krishionnati)|||2401-00-111-0-11|CSS-Central Share-Digital Crop Survey Programme (Krishionnati)|V|Header|Detailed-Head|||||100.0
11|03|01|2401|Crop Husbandry|00||111||0||11|CSS-Central Share-Digital Crop Survey Programme (Krishionnati)|051|General Expenses|2401-00-111-0-11|General Expenses|V|Data|Object-Head||||2656.50|100.0
11|03|01|2401|Crop Husbandry|00||111||0||11|CSS-Central Share-Digital Crop Survey Programme (Krishionnati)|422|Schedule Caste Sub Plan|2401-00-111-0-11|Schedule Caste Sub Plan|V|Data|Object-Head||||600.25|100.0
11|03|01|2401|Crop Husbandry|00||111||0||11|CSS-Central Share-Digital Crop Survey Programme (Krishionnati)|423|Tribal Sub Plan|2401-00-111-0-11|Tribal Sub Plan|V|Data|Object-Head||||243.25|100.0
11|03|01|2401|Crop Husbandry|00||111||0||11|CSS-Central Share-Digital Crop Survey Programme (Krishionnati)|||2401-00-111-0-11|HOA Total :|V|Total|Detailed-Head|0.00|0.00|0.00|3500.00|100.0
11|03|01|2401|Crop Husbandry|00||111||0||12|CSS-State Share-Digital Crop Survey Programme (Krishionnati)|||2401-00-111-0-12|CSS-State Share-Digital Crop Survey Programme (Krishionnati)|V|Header|Detailed-Head|||||100.0
11|03|01|2401|Crop Husbandry|00||111||0||12|CSS-State Share-Digital Crop Survey Programme (Krishionnati)|051|General Expenses|2401-00-111-0-12|General Expenses|V|Data|Object-Head||||1770.75|100.0
11|03|01|2401|Crop Husbandry|00||111||0||12|CSS-State Share-Digital Crop Survey Programme (Krishionnati)|422|Schedule Caste Sub Plan|2401-00-111-0-12|Schedule Caste Sub Plan|V|Data|Object-Head||||400.11|100.0
11|03|01|2401|Crop Husbandry|00||111||0||12|CSS-State Share-Digital Crop Survey Programme (Krishionnati)|423|Tribal Sub Plan|2401-00-111-0-12|Tribal Sub Plan|V|Data|Object-Head||||162.14|100.0
11|03|01|2401|Crop Husbandry|00||111||0||12|CSS-State Share-Digital Crop Survey Programme (Krishionnati)|||2401-00-111-0-12|HOA Total :|V|Total|Detailed-Head|0.00|0.00|0.00|2333.00|100.0
11|03|01|2401|Crop Husbandry|00||112||0||03|CSS-Central Share- KY-Mission for Aatmanirbharata in Pulses|||2401-00-112-0-03|CSS-Central Share- KY-Mission for Aatmanirbharata in Pulses|V|Header|Detailed-Head|||||100.0
11|03|01|2401|Crop Husbandry|00||112||0||03|CSS-Central Share- KY-Mission for Aatmanirbharata in Pulses|106|Subsidies|2401-00-112-0-03|Subsidies|V|Data|Object-Head||||6982.80|100.0
11|03|01|2401|Crop Husbandry|00||112||0||03|CSS-Central Share- KY-Mission for Aatmanirbharata in Pulses|422|Schedule Caste Sub Plan|2401-00-112-0-03|Schedule Caste Sub Plan|V|Data|Object-Head||||1577.80|100.0
11|03|01|2401|Crop Husbandry|00||112||0||03|CSS-Central Share- KY-Mission for Aatmanirbharata in Pulses|423|Tribal Sub Plan|2401-00-112-0-03|Tribal Sub Plan|V|Data|Object-Head||||639.40|100.0
11|03|01|2401|Crop Husbandry|00||112||0||03|CSS-Central Share- KY-Mission for Aatmanirbharata in Pulses|||2401-00-112-0-03|HOA Total :|V|Total|Detailed-Head|0.00|0.00|0.00|9200.00|100.0
11|03|01|2401|Crop Husbandry|00||112||0||04|CSS-State Share- KY-Mission for Aatmanirbharata in Pulses|||2401-00-112-0-04|CSS-State Share- KY-Mission for Aatmanirbharata in Pulses|V|Header|Detailed-Head|||||100.0
11|03|01|2401|Crop Husbandry|00||112||0||04|CSS-State Share- KY-Mission for Aatmanirbharata in Pulses|106|Subsidies|2401-00-112-0-04|Subsidies|V|Data|Object-Head||||4654.95|100.0
12|03|01|2401|Crop Husbandry|00||112||0||04|CSS-State Share- KY-Mission for Aatmanirbharata in Pulses|422|Schedule Caste Sub Plan|2401-00-112-0-04|Schedule Caste Sub Plan|V|Data|Object-Head||||1051.81|100.0
12|03|01|2401|Crop Husbandry|00||112||0||04|CSS-State Share- KY-Mission for Aatmanirbharata in Pulses|423|Tribal Sub Plan|2401-00-112-0-04|Tribal Sub Plan|V|Data|Object-Head||||426.24|100.0
12|03|01|2401|Crop Husbandry|00||112||0||04|CSS-State Share- KY-Mission for Aatmanirbharata in Pulses|||2401-00-112-0-04|HOA Total :|V|Total|Detailed-Head|0.00|0.00|0.00|6133.00|100.0
12|03|01|2401|Crop Husbandry|00||112||0||05|CSS-Central Share(100% GoI)- KY-Mission for Aatmanirbharata in Pulses|||2401-00-112-0-05|CSS-Central Share(100% GoI)- KY-Mission for Aatmanirbharata in Pulses|V|Header|Detailed-Head|||||100.0
12|03|01|2401|Crop Husbandry|00||112||0||05|CSS-Central Share(100% GoI)- KY-Mission for Aatmanirbharata in Pulses|106|Subsidies|2401-00-112-0-05|Subsidies|V|Data|Object-Head||||500.00|100.0
12|03|01|2401|Crop Husbandry|00||112||0||05|CSS-Central Share(100% GoI)- KY-Mission for Aatmanirbharata in Pulses|||2401-00-112-0-05|HOA Total :|V|Total|Detailed-Head|0.00|0.00|0.00|500.00|100.0
12|03|01|2401|Crop Husbandry|00||113||0||02|CSS-Central Share -PM-RKVY-Submission on Agricultural Mechanization (PM-RKVY-SMAM)|||2401-00-113-0-02|CSS-Central Share -PM-RKVY-Submission on Agricultural Mechanization (PM-RKVY-SMAM)|V|Header|Detailed-Head|||||100.0
12|03|01|2401|Crop Husbandry|00||113||0||02|CSS-Central Share -PM-RKVY-Submission on Agricultural Mechanization (PM-RKVY-SMAM)|106|Subsidies|2401-00-113-0-02|Subsidies|V|Data|Object-Head|8064.76|11767.54|9112.17|10563.90|100.0
12|03|01|2401|Crop Husbandry|00||113||0||02|CSS-Central Share -PM-RKVY-Submission on Agricultural Mechanization (PM-RKVY-SMAM)|422|Schedule Caste Sub Plan|2401-00-113-0-02|Schedule Caste Sub Plan|V|Data|Object-Head|1874.36|2658.94|2301.02|2277.00|100.0
12|03|01|2401|Crop Husbandry|00||113||0||02|CSS-Central Share -PM-RKVY-Submission on Agricultural Mechanization (PM-RKVY-SMAM)|423|Tribal Sub Plan|2401-00-113-0-02|Tribal Sub Plan|V|Data|Object-Head|784.96|1077.52|915.81|959.10|100.0
12|03|01|2401|Crop Husbandry|00||113||0||02|CSS-Central Share -PM-RKVY-Submission on Agricultural Mechanization (PM-RKVY-SMAM)|||2401-00-113-0-02|HOA Total :|V|Total|Detailed-Head|10724.08|15504.00|12329.00|13800.00|100.0
12|03|01|2401|Crop Husbandry|00||113||0||03|CSS-State Share - PM-RKVY-Submission on Agricultural Mechanization (PM-RKVY-SMAM)|||2401-00-113-0-03|CSS-State Share - PM-RKVY-Submission on Agricultural Mechanization (PM-RKVY-SMAM)|V|Header|Detailed-Head|||||100.0
12|03|01|2401|Crop Husbandry|00||113||0||03|CSS-State Share - PM-RKVY-Submission on Agricultural Mechanization (PM-RKVY-SMAM)|106|Subsidies|2401-00-113-0-03|Subsidies|V|Data|Object-Head|5376.50|7845.03|6074.79|7042.60|100.0
12|03|01|2401|Crop Husbandry|00||113||0||03|CSS-State Share - PM-RKVY-Submission on Agricultural Mechanization (PM-RKVY-SMAM)|422|Schedule Caste Sub Plan|2401-00-113-0-03|Schedule Caste Sub Plan|V|Data|Object-Head|1249.57|1772.62|1534.00|1518.00|100.0
12|03|01|2401|Crop Husbandry|00||113||0||03|CSS-State Share - PM-RKVY-Submission on Agricultural Mechanization (PM-RKVY-SMAM)|423|Tribal Sub Plan|2401-00-113-0-03|Tribal Sub Plan|V|Data|Object-Head|523.30|718.35|610.54|639.40|100.0
12|03|01|2401|Crop Husbandry|00||113||0||03|CSS-State Share - PM-RKVY-Submission on Agricultural Mechanization (PM-RKVY-SMAM)|||2401-00-113-0-03|HOA Total :|V|Total|Detailed-Head|7149.37|10336.00|8219.33|9200.00|100.0
12|03|01|2401|Crop Husbandry|00||114||0||01|CSS-Central Share - National Mission on Edible Oils- Oilseeds (NMEO-OS)|||2401-00-114-0-01|CSS-Central Share - National Mission on Edible Oils- Oilseeds (NMEO-OS)|V|Header|Detailed-Head|||||100.0
12|03|01|2401|Crop Husbandry|00||114||0||01|CSS-Central Share - National Mission on Edible Oils- Oilseeds (NMEO-OS)|106|Subsidies|2401-00-114-0-01|Subsidies|V|Data|Object-Head|976.63|1234.14|1578.62|3524.80|100.0
12|03|01|2401|Crop Husbandry|00||114||0||01|CSS-Central Share - National Mission on Edible Oils- Oilseeds (NMEO-OS)|422|Schedule Caste Sub Plan|2401-00-114-0-01|Schedule Caste Sub Plan|V|Data|Object-Head|215.42|278.86|356.70|796.45|100.0
13|03|01|2401|Crop Husbandry|00||114|National Mission on Edible Oils- Oilseeds (NMEO-OS)|0||01|CSS-Central Share - National Mission on Edible Oils- Oilseeds (NMEO-OS)|423|Tribal Sub Plan|2401-00-114-0-01|Tribal Sub Plan|V|Data|Object-Head|87.02|113.00|144.55|322.75|100.0
13|03|01|2401|Crop Husbandry|00||114|National Mission on Edible Oils- Oilseeds (NMEO-OS)|0||01|CSS-Central Share - National Mission on Edible Oils- Oilseeds (NMEO-OS)|||2401-00-114-0-01|HOA Total :|V|Total|Detailed-Head|1279.07|1626.00|2079.87|4644.00|100.0
13|03|01|2401|Crop Husbandry|00||114|National Mission on Edible Oils- Oilseeds (NMEO-OS)|0||06|CSS-State Share - National Mission on Edible Oils- Oilseeds (NMEO-OS)|||2401-00-114-0-06|CSS-State Share - National Mission on Edible Oils- Oilseeds (NMEO-OS)|V|Header|Detailed-Head|||||100.0
13|03|01|2401|Crop Husbandry|00||114|National Mission on Edible Oils- Oilseeds (NMEO-OS)|0||06|CSS-State Share - National Mission on Edible Oils- Oilseeds (NMEO-OS)|106|Subsidies|2401-00-114-0-06|Subsidies|V|Data|Object-Head|651.09|822.76|1052.41|2349.87|100.0
13|03|01|2401|Crop Husbandry|00||114|National Mission on Edible Oils- Oilseeds (NMEO-OS)|0||06|CSS-State Share - National Mission on Edible Oils- Oilseeds (NMEO-OS)|422|Schedule Caste Sub Plan|2401-00-114-0-06|Schedule Caste Sub Plan|V|Data|Object-Head|143.61|185.90|237.80|530.96|100.0
13|03|01|2401|Crop Husbandry|00||114|National Mission on Edible Oils- Oilseeds (NMEO-OS)|0||06|CSS-State Share - National Mission on Edible Oils- Oilseeds (NMEO-OS)|423|Tribal Sub Plan|2401-00-114-0-06|Tribal Sub Plan|V|Data|Object-Head|58.01|75.34|96.37|215.17|100.0
13|03|01|2401|Crop Husbandry|00||114|National Mission on Edible Oils- Oilseeds (NMEO-OS)|0||06|CSS-State Share - National Mission on Edible Oils- Oilseeds (NMEO-OS)|||2401-00-114-0-06|HOA Total :|V|Total|Detailed-Head|852.71|1084.00|1386.58|3096.00|100.0
13|03|01|2401|Crop Husbandry|00||114|National Mission on Edible Oils- Oilseeds (NMEO-OS)|0||07|CSS-Central Share - National Mission on Edible Oils- Oilseeds- Purchase of Breeder Seeds (NMEO-OS)|||2401-00-114-0-07|CSS-Central Share - National Mission on Edible Oils- Oilseeds- Purchase of Breeder Seeds (NMEO-OS)|V|Header|Detailed-Head|||||100.0
13|03|01|2401|Crop Husbandry|00||114|National Mission on Edible Oils- Oilseeds (NMEO-OS)|0||07|CSS-Central Share - National Mission on Edible Oils- Oilseeds- Purchase of Breeder Seeds (NMEO-OS)|106|Subsidies|2401-00-114-0-07|Subsidies|V|Data|Object-Head|174.81|190.00|301.91|152.00|100.0
13|03|01|2401|Crop Husbandry|00||114|National Mission on Edible Oils- Oilseeds (NMEO-OS)|0||07|CSS-Central Share - National Mission on Edible Oils- Oilseeds- Purchase of Breeder Seeds (NMEO-OS)|422|Schedule Caste Sub Plan|2401-00-114-0-07|Schedule Caste Sub Plan|V|Data|Object-Head||43.00|43.00|34.40|100.0
13|03|01|2401|Crop Husbandry|00||114|National Mission on Edible Oils- Oilseeds (NMEO-OS)|0||07|CSS-Central Share - National Mission on Edible Oils- Oilseeds- Purchase of Breeder Seeds (NMEO-OS)|423|Tribal Sub Plan|2401-00-114-0-07|Tribal Sub Plan|V|Data|Object-Head||17.00|17.00|13.60|100.0
13|03|01|2401|Crop Husbandry|00||114|National Mission on Edible Oils- Oilseeds (NMEO-OS)|0||07|CSS-Central Share - National Mission on Edible Oils- Oilseeds- Purchase of Breeder Seeds (NMEO-OS)|||2401-00-114-0-07|HOA Total :|V|Total|Detailed-Head|174.81|250.00|361.91|200.00|100.0
13|03|01|2401|Crop Husbandry|00||195|Assistance to FPOs|0||01|Supporting Farmer Producer Organisations(FPOs)|||2401-00-195-0-01|Supporting Farmer Producer Organisations(FPOs)|V|Header|Detailed-Head|||||100.0
13|03|01|2401|Crop Husbandry|00||195|Assistance to FPOs|0||01|Supporting Farmer Producer Organisations(FPOs)|051|General Expenses|2401-00-195-0-01|General Expenses|V|Data|Object-Head|24.97|10.00|10.00||100.0
13|03|01|2401|Crop Husbandry|00||195|Assistance to FPOs|0||01|Supporting Farmer Producer Organisations(FPOs)|103|Grants-in-Aid -General|2401-00-195-0-01|Grants-in-Aid -General|V|Data|Object-Head|2169.09|1990.00|1990.00||100.0
13|03|01|2401|Crop Husbandry|00||195|Assistance to FPOs|0||01|Supporting Farmer Producer Organisations(FPOs)|||2401-00-195-0-01|HOA Total :|V|Total|Detailed-Head|2194.06|2000.00|2000.00|0.00|100.0
13|03|01|2401|Crop Husbandry|00||196|Assistance to Zilla Panchayats|1||01|Grants to District Agriculture Development Establishments|||2401-00-196-1-01|Grants to District Agriculture Development Establishments|V|Header|Detailed-Head|||||100.0
13|03|01|2401|Crop Husbandry|00||196|Assistance to Zilla Panchayats|1||01|Grants to District Agriculture Development Establishments|300|Lumpsum - ZP|2401-00-196-1-01|Lumpsum - ZP|V|Data|Object-Head||||200.00|100.0
13|03|01|2401|Crop Husbandry|00||196|Assistance to Zilla Panchayats|1||01|Grants to District Agriculture Development Establishments|401|Bengaluru (Urban)|2401-00-196-1-01|Bengaluru (Urban)|V|Data|Object-Head|293.91|271.30|271.30|247.67|100.0
13|03|01|2401|Crop Husbandry|00||196|Assistance to Zilla Panchayats|1||01|Grants to District Agriculture Development Establishments|402|Bengaluru (Rural)|2401-00-196-1-01|Bengaluru (Rural)|V|Data|Object-Head|238.50|271.73|271.73|286.45|100.0
14|03|01|2401|Crop Husbandry|00||196|Assistance to Zilla Panchayats|1||01|Grants to District Agriculture Development Establishments|403|Chitradurga|2401-00-196-1-01|Chitradurga|V|Data|Object-Head|372.43|390.90|404.40|391.83|100.0
14|03|01|2401|Crop Husbandry|00||196|Assistance to Zilla Panchayats|1||01|Grants to District Agriculture Development Establishments|404|Kolar|2401-00-196-1-01|Kolar|V|Data|Object-Head|350.92|353.22|353.22|330.66|100.0
14|03|01|2401|Crop Husbandry|00||196|Assistance to Zilla Panchayats|1||01|Grants to District Agriculture Development Establishments|405|Shivamogga|2401-00-196-1-01|Shivamogga|V|Data|Object-Head|487.13|501.32|501.32|488.38|100.0
14|03|01|2401|Crop Husbandry|00||196|Assistance to Zilla Panchayats|1||01|Grants to District Agriculture Development Establishments|406|Tumakuru|2401-00-196-1-01|Tumakuru|V|Data|Object-Head|474.70|505.87|507.61|520.63|100.0
14|03|01|2401|Crop Husbandry|00||196|Assistance to Zilla Panchayats|1||01|Grants to District Agriculture Development Establishments|407|Mysuru|2401-00-196-1-01|Mysuru|V|Data|Object-Head|583.36|552.90|555.65|600.03|100.0
14|03|01|2401|Crop Husbandry|00||196|Assistance to Zilla Panchayats|1||01|Grants to District Agriculture Development Establishments|408|Chikkamagaluru|2401-00-196-1-01|Chikkamagaluru|V|Data|Object-Head|341.79|387.11|387.11|467.59|100.0
14|03|01|2401|Crop Husbandry|00||196|Assistance to Zilla Panchayats|1||01|Grants to District Agriculture Development Establishments|409|Dakshina Kannada|2401-00-196-1-01|Dakshina Kannada|V|Data|Object-Head|179.44|316.46|316.46|271.80|100.0
14|03|01|2401|Crop Husbandry|00||196|Assistance to Zilla Panchayats|1||01|Grants to District Agriculture Development Establishments|410|Hassan|2401-00-196-1-01|Hassan|V|Data|Object-Head|531.56|588.08|593.81|652.72|100.0
14|03|01|2401|Crop Husbandry|00||196|Assistance to Zilla Panchayats|1||01|Grants to District Agriculture Development Establishments|411|Kodagu|2401-00-196-1-01|Kodagu|V|Data|Object-Head|196.39|188.42|188.42|219.31|100.0
14|03|01|2401|Crop Husbandry|00||196|Assistance to Zilla Panchayats|1||01|Grants to District Agriculture Development Establishments|412|Mandya|2401-00-196-1-01|Mandya|V|Data|Object-Head|418.49|422.16|427.85|493.11|100.0
14|03|01|2401|Crop Husbandry|00||196|Assistance to Zilla Panchayats|1||01|Grants to District Agriculture Development Establishments|413|Belagavi|2401-00-196-1-01|Belagavi|V|Data|Object-Head|575.49|589.35|589.35|615.71|100.0
14|03|01|2401|Crop Husbandry|00||196|Assistance to Zilla Panchayats|1||01|Grants to District Agriculture Development Establishments|414|Vijayapura|2401-00-196-1-01|Vijayapura|V|Data|Object-Head|442.18|528.72|529.72|590.16|100.0
14|03|01|2401|Crop Husbandry|00||196|Assistance to Zilla Panchayats|1||01|Grants to District Agriculture Development Establishments|415|Dharwad|2401-00-196-1-01|Dharwad|V|Data|Object-Head|410.66|417.16|421.36|510.26|100.0
14|03|01|2401|Crop Husbandry|00||196|Assistance to Zilla Panchayats|1||01|Grants to District Agriculture Development Establishments|416|Uttara Kannada|2401-00-196-1-01|Uttara Kannada|V|Data|Object-Head|414.89|469.13|469.43|493.28|100.0
14|03|01|2401|Crop Husbandry|00||196|Assistance to Zilla Panchayats|1||01|Grants to District Agriculture Development Establishments|417|Kalaburagi|2401-00-196-1-01|Kalaburagi|V|Data|Object-Head|522.26|530.97|530.97|633.88|100.0
14|03|01|2401|Crop Husbandry|00||196|Assistance to Zilla Panchayats|1||01|Grants to District Agriculture Development Establishments|418|Ballari|2401-00-196-1-01|Ballari|V|Data|Object-Head|469.73|503.09|506.14|435.23|100.0
14|03|01|2401|Crop Husbandry|00||196|Assistance to Zilla Panchayats|1||01|Grants to District Agriculture Development Establishments|419|Bidar|2401-00-196-1-01|Bidar|V|Data|Object-Head|674.09|705.79|705.79|785.57|100.0
14|03|01|2401|Crop Husbandry|00||196|Assistance to Zilla Panchayats|1||01|Grants to District Agriculture Development Establishments|420|Raichur|2401-00-196-1-01|Raichur|V|Data|Object-Head|519.32|555.23|562.45|616.25|100.0
14|03|01|2401|Crop Husbandry|00||196|Assistance to Zilla Panchayats|1||01|Grants to District Agriculture Development Establishments|421|Yadgiri|2401-00-196-1-01|Yadgiri|V|Data|Object-Head|176.15|159.00|159.00|232.38|100.0
14|03|01|2401|Crop Husbandry|00||196|Assistance to Zilla Panchayats|1||01|Grants to District Agriculture Development Establishments|451|Davanagere|2401-00-196-1-01|Davanagere|V|Data|Object-Head|433.83|497.85|506.50|494.63|100.0
14|03|01|2401|Crop Husbandry|00||196|Assistance to Zilla Panchayats|1||01|Grants to District Agriculture Development Establishments|452|Bengaluru South|2401-00-196-1-01|Bengaluru South|V|Data|Object-Head|99.07|126.45|126.55|175.69|100.0
14|03|01|2401|Crop Husbandry|00||196|Assistance to Zilla Panchayats|1||01|Grants to District Agriculture Development Establishments|453|Chikkaballapura|2401-00-196-1-01|Chikkaballapura|V|Data|Object-Head|188.30|249.64|249.64|290.60|100.0
14|03|01|2401|Crop Husbandry|00||196|Assistance to Zilla Panchayats|1||01|Grants to District Agriculture Development Establishments|456|Chamarajanagar|2401-00-196-1-01|Chamarajanagar|V|Data|Object-Head|265.29|331.84|331.84|324.95|100.0
14|03|01|2401|Crop Husbandry|00||196|Assistance to Zilla Panchayats|1||01|Grants to District Agriculture Development Establishments|457|Udupi|2401-00-196-1-01|Udupi|V|Data|Object-Head|54.45|68.57|69.53|100.62|100.0
14|03|01|2401|Crop Husbandry|00||196|Assistance to Zilla Panchayats|1||01|Grants to District Agriculture Development Establishments|461|Bagalkot|2401-00-196-1-01|Bagalkot|V|Data|Object-Head|151.45|209.44|209.44|232.32|100.0
14|03|01|2401|Crop Husbandry|00||196|Assistance to Zilla Panchayats|1||01|Grants to District Agriculture Development Establishments|462|Gadag|2401-00-196-1-01|Gadag|V|Data|Object-Head|295.58|355.98|395.33|376.26|100.0
14|03|01|2401|Crop Husbandry|00||196|Assistance to Zilla Panchayats|1||01|Grants to District Agriculture Development Establishments|463|Haveri|2401-00-196-1-01|Haveri|V|Data|Object-Head|376.38|400.87|400.87|411.14|100.0
14|03|01|2401|Crop Husbandry|00||196|Assistance to Zilla Panchayats|1||01|Grants to District Agriculture Development Establishments|466|Koppal|2401-00-196-1-01|Koppal|V|Data|Object-Head|479.35|509.54|509.54|619.08|100.0
14|03|01|2401|Crop Husbandry|00||196|Assistance to Zilla Panchayats|1||01|Grants to District Agriculture Development Establishments|467|Vijayanagara|2401-00-196-1-01|Vijayanagara|V|Data|Object-Head|268.35|335.04|369.43|368.98|100.0
14|03|01|2401|Crop Husbandry|00||196|Assistance to Zilla Panchayats|1||01|Grants to District Agriculture Development Establishments|||2401-00-196-1-01|HOA Total :|V|Total|Detailed-Head|11285.44|12293.13|12421.76|13477.17|100.0
15|03|01|2401|Crop Husbandry|00||197|Assistance to Taluk Panchayats|1||01|Grants to TPs-Agriculture Development|||2401-00-197-1-01|Grants to TPs-Agriculture Development|V|Header|Detailed-Head|||||100.0
15|03|01|2401|Crop Husbandry|00||197|Assistance to Taluk Panchayats|1||01|Grants to TPs-Agriculture Development|401|Bengaluru (Urban)|2401-00-197-1-01|Bengaluru (Urban)|V|Data|Object-Head|131.32|153.80|153.80|126.82|100.0
15|03|01|2401|Crop Husbandry|00||197|Assistance to Taluk Panchayats|1||01|Grants to TPs-Agriculture Development|402|Bengaluru (Rural)|2401-00-197-1-01|Bengaluru (Rural)|V|Data|Object-Head|210.30|202.32|202.32|239.87|100.0
15|03|01|2401|Crop Husbandry|00||197|Assistance to Taluk Panchayats|1||01|Grants to TPs-Agriculture Development|403|Chitradurga|2401-00-197-1-01|Chitradurga|V|Data|Object-Head|517.87|569.33|583.25|549.98|100.0
15|03|01|2401|Crop Husbandry|00||197|Assistance to Taluk Panchayats|1||01|Grants to TPs-Agriculture Development|404|Kolar|2401-00-197-1-01|Kolar|V|Data|Object-Head|322.33|357.18|357.18|326.65|100.0
15|03|01|2401|Crop Husbandry|00||197|Assistance to Taluk Panchayats|1||01|Grants to TPs-Agriculture Development|405|Shivamogga|2401-00-197-1-01|Shivamogga|V|Data|Object-Head|566.70|586.18|587.30|629.36|100.0
15|03|01|2401|Crop Husbandry|00||197|Assistance to Taluk Panchayats|1||01|Grants to TPs-Agriculture Development|406|Tumakuru|2401-00-197-1-01|Tumakuru|V|Data|Object-Head|850.55|941.33|951.10|790.61|100.0
15|03|01|2401|Crop Husbandry|00||197|Assistance to Taluk Panchayats|1||01|Grants to TPs-Agriculture Development|407|Mysuru|2401-00-197-1-01|Mysuru|V|Data|Object-Head|330.07|381.57|381.57|323.99|100.0
15|03|01|2401|Crop Husbandry|00||197|Assistance to Taluk Panchayats|1||01|Grants to TPs-Agriculture Development|408|Chikkamagaluru|2401-00-197-1-01|Chikkamagaluru|V|Data|Object-Head|420.47|420.95|425.10|418.12|100.0
15|03|01|2401|Crop Husbandry|00||197|Assistance to Taluk Panchayats|1||01|Grants to TPs-Agriculture Development|409|Dakshina Kannada|2401-00-197-1-01|Dakshina Kannada|V|Data|Object-Head|126.19|104.48|104.48|139.43|100.0
15|03|01|2401|Crop Husbandry|00||197|Assistance to Taluk Panchayats|1||01|Grants to TPs-Agriculture Development|410|Hassan|2401-00-197-1-01|Hassan|V|Data|Object-Head|387.67|455.30|462.52|428.53|100.0
15|03|01|2401|Crop Husbandry|00||197|Assistance to Taluk Panchayats|1||01|Grants to TPs-Agriculture Development|411|Kodagu|2401-00-197-1-01|Kodagu|V|Data|Object-Head|136.67|142.30|142.30|153.31|100.0
15|03|01|2401|Crop Husbandry|00||197|Assistance to Taluk Panchayats|1||01|Grants to TPs-Agriculture Development|412|Mandya|2401-00-197-1-01|Mandya|V|Data|Object-Head|531.06|660.80|660.80|624.30|100.0
15|03|01|2401|Crop Husbandry|00||197|Assistance to Taluk Panchayats|1||01|Grants to TPs-Agriculture Development|413|Belagavi|2401-00-197-1-01|Belagavi|V|Data|Object-Head|866.59|864.12|864.12|837.28|100.0
15|03|01|2401|Crop Husbandry|00||197|Assistance to Taluk Panchayats|1||01|Grants to TPs-Agriculture Development|414|Vijayapura|2401-00-197-1-01|Vijayapura|V|Data|Object-Head|703.80|746.62|746.62|735.43|100.0
15|03|01|2401|Crop Husbandry|00||197|Assistance to Taluk Panchayats|1||01|Grants to TPs-Agriculture Development|415|Dharwad|2401-00-197-1-01|Dharwad|V|Data|Object-Head|295.35|315.93|320.63|262.08|100.0
15|03|01|2401|Crop Husbandry|00||197|Assistance to Taluk Panchayats|1||01|Grants to TPs-Agriculture Development|416|Uttara Kannada|2401-00-197-1-01|Uttara Kannada|V|Data|Object-Head|322.96|388.26|391.75|355.70|100.0
15|03|01|2401|Crop Husbandry|00||197|Assistance to Taluk Panchayats|1||01|Grants to TPs-Agriculture Development|417|Kalaburagi|2401-00-197-1-01|Kalaburagi|V|Data|Object-Head|736.84|714.07|714.07|608.38|100.0
15|03|01|2401|Crop Husbandry|00||197|Assistance to Taluk Panchayats|1||01|Grants to TPs-Agriculture Development|418|Ballari|2401-00-197-1-01|Ballari|V|Data|Object-Head|304.90|316.08|316.13|302.65|100.0
15|03|01|2401|Crop Husbandry|00||197|Assistance to Taluk Panchayats|1||01|Grants to TPs-Agriculture Development|419|Bidar|2401-00-197-1-01|Bidar|V|Data|Object-Head|468.77|443.03|443.03|357.15|100.0
15|03|01|2401|Crop Husbandry|00||197|Assistance to Taluk Panchayats|1||01|Grants to TPs-Agriculture Development|420|Raichur|2401-00-197-1-01|Raichur|V|Data|Object-Head|530.04|577.96|581.25|487.84|100.0
15|03|01|2401|Crop Husbandry|00||197|Assistance to Taluk Panchayats|1||01|Grants to TPs-Agriculture Development|421|Yadgiri|2401-00-197-1-01|Yadgiri|V|Data|Object-Head|375.39|394.53|394.53|343.20|100.0
15|03|01|2401|Crop Husbandry|00||197|Assistance to Taluk Panchayats|1||01|Grants to TPs-Agriculture Development|451|Davanagere|2401-00-197-1-01|Davanagere|V|Data|Object-Head|441.45|424.03|427.29|422.27|100.0
15|03|01|2401|Crop Husbandry|00||197|Assistance to Taluk Panchayats|1||01|Grants to TPs-Agriculture Development|452|Bengaluru South|2401-00-197-1-01|Bengaluru South|V|Data|Object-Head|198.58|220.83|221.25|240.36|100.0
15|03|01|2401|Crop Husbandry|00||197|Assistance to Taluk Panchayats|1||01|Grants to TPs-Agriculture Development|453|Chikkaballapura|2401-00-197-1-01|Chikkaballapura|V|Data|Object-Head|277.99|261.83|263.57|289.21|100.0
15|03|01|2401|Crop Husbandry|00||197|Assistance to Taluk Panchayats|1||01|Grants to TPs-Agriculture Development|456|Chamarajanagar|2401-00-197-1-01|Chamarajanagar|V|Data|Object-Head|222.82|173.93|173.93|184.97|100.0
15|03|01|2401|Crop Husbandry|00||197|Assistance to Taluk Panchayats|1||01|Grants to TPs-Agriculture Development|457|Udupi|2401-00-197-1-01|Udupi|V|Data|Object-Head|205.58|209.70|212.49|182.19|100.0
15|03|01|2401|Crop Husbandry|00||197|Assistance to Taluk Panchayats|1||01|Grants to TPs-Agriculture Development|461|Bagalkot|2401-00-197-1-01|Bagalkot|V|Data|Object-Head|797.82|811.01|815.03|802.35|100.0
15|03|01|2401|Crop Husbandry|00||197|Assistance to Taluk Panchayats|1||01|Grants to TPs-Agriculture Development|462|Gadag|2401-00-197-1-01|Gadag|V|Data|Object-Head|308.90|332.61|332.61|325.77|100.0
16|03|01|2401|Crop Husbandry|00||197|Assistance to Taluk Panchayats|1|Grants to TPs-Agriculture Development|01|Grants to TPs-Agriculture Development|463|Haveri|2401-00-197-1-01|Haveri|V|Data|Object-Head|412.69|350.74|351.96|347.98|100.0
16|03|01|2401|Crop Husbandry|00||197|Assistance to Taluk Panchayats|1|Grants to TPs-Agriculture Development|01|Grants to TPs-Agriculture Development|466|Koppal|2401-00-197-1-01|Koppal|V|Data|Object-Head|387.59|375.76|375.76|238.47|100.0
16|03|01|2401|Crop Husbandry|00||197|Assistance to Taluk Panchayats|1|Grants to TPs-Agriculture Development|01|Grants to TPs-Agriculture Development|467|Vijayanagara|2401-00-197-1-01|Vijayanagara|V|Data|Object-Head|455.58|453.24|453.24|425.88|100.0
16|03|01|2401|Crop Husbandry|00||197|Assistance to Taluk Panchayats|1|Grants to TPs-Agriculture Development|01|Grants to TPs-Agriculture Development|||2401-00-197-1-01|HOA Total :|V|Total|Detailed-Head|12844.84|13349.82|13410.98|12500.13|100.0
16|03|01|2401|Crop Husbandry|00||800|Other Expenditure|1||57|CSS-Central Share-PM-Rashtriya Krishi Vikasa Yojana-DPR component (PM-RKVY-DPR)|||2401-00-800-1-57|CSS-Central Share-PM-Rashtriya Krishi Vikasa Yojana-DPR component (PM-RKVY-DPR)|V|Header|Detailed-Head|||||100.0
16|03|01|2401|Crop Husbandry|00||800|Other Expenditure|1||57|CSS-Central Share-PM-Rashtriya Krishi Vikasa Yojana-DPR component (PM-RKVY-DPR)|059|Other Expenses|2401-00-800-1-57|Other Expenses|V|Data|Object-Head|100.00||||100.0
16|03|01|2401|Crop Husbandry|00||800|Other Expenditure|1||57|CSS-Central Share-PM-Rashtriya Krishi Vikasa Yojana-DPR component (PM-RKVY-DPR)|103|Grants-in-Aid -General|2401-00-800-1-57|Grants-in-Aid -General|V|Data|Object-Head|955.00||||100.0
16|03|01|2401|Crop Husbandry|00||800|Other Expenditure|1||57|CSS-Central Share-PM-Rashtriya Krishi Vikasa Yojana-DPR component (PM-RKVY-DPR)|106|Subsidies|2401-00-800-1-57|Subsidies|V|Data|Object-Head|5055.76|6293.63|8949.00|12259.48|100.0
16|03|01|2401|Crop Husbandry|00||800|Other Expenditure|1||57|CSS-Central Share-PM-Rashtriya Krishi Vikasa Yojana-DPR component (PM-RKVY-DPR)|422|Schedule Caste Sub Plan|2401-00-800-1-57|Schedule Caste Sub Plan|V|Data|Object-Head|1344.28|1422.08|1780.00|2642.48|100.0
16|03|01|2401|Crop Husbandry|00||800|Other Expenditure|1||57|CSS-Central Share-PM-Rashtriya Krishi Vikasa Yojana-DPR component (PM-RKVY-DPR)|423|Tribal Sub Plan|2401-00-800-1-57|Tribal Sub Plan|V|Data|Object-Head|529.49|576.29|738.00|1113.04|100.0
16|03|01|2401|Crop Husbandry|00||800|Other Expenditure|1||57|CSS-Central Share-PM-Rashtriya Krishi Vikasa Yojana-DPR component (PM-RKVY-DPR)|||2401-00-800-1-57|HOA Total :|V|Total|Detailed-Head|7984.53|8292.00|11467.00|16015.00|100.0
16|03|01|2401|Crop Husbandry|00||800|Other Expenditure|1||73|CSS-State Share-PM-Rashtriya Krishi Vikasa Yojana-DPR component (PM-RKVY-DPR)|||2401-00-800-1-73|CSS-State Share-PM-Rashtriya Krishi Vikasa Yojana-DPR component (PM-RKVY-DPR)|V|Header|Detailed-Head|||||100.0
16|03|01|2401|Crop Husbandry|00||800|Other Expenditure|1||73|CSS-State Share-PM-Rashtriya Krishi Vikasa Yojana-DPR component (PM-RKVY-DPR)|059|Other Expenses|2401-00-800-1-73|Other Expenses|V|Data|Object-Head|66.67||||100.0
16|03|01|2401|Crop Husbandry|00||800|Other Expenditure|1||73|CSS-State Share-PM-Rashtriya Krishi Vikasa Yojana-DPR component (PM-RKVY-DPR)|103|Grants-in-Aid -General|2401-00-800-1-73|Grants-in-Aid -General|V|Data|Object-Head|636.67||||100.0
16|03|01|2401|Crop Husbandry|00||800|Other Expenditure|1||73|CSS-State Share-PM-Rashtriya Krishi Vikasa Yojana-DPR component (PM-RKVY-DPR)|106|Subsidies|2401-00-800-1-73|Subsidies|V|Data|Object-Head|3370.51|4195.76|5966.00|8173.24|100.0
16|03|01|2401|Crop Husbandry|00||800|Other Expenditure|1||73|CSS-State Share-PM-Rashtriya Krishi Vikasa Yojana-DPR component (PM-RKVY-DPR)|422|Schedule Caste Sub Plan|2401-00-800-1-73|Schedule Caste Sub Plan|V|Data|Object-Head|896.18|948.05|1186.67|1761.71|100.0
16|03|01|2401|Crop Husbandry|00||800|Other Expenditure|1||73|CSS-State Share-PM-Rashtriya Krishi Vikasa Yojana-DPR component (PM-RKVY-DPR)|423|Tribal Sub Plan|2401-00-800-1-73|Tribal Sub Plan|V|Data|Object-Head|352.99|384.19|492.00|742.05|100.0
16|03|01|2401|Crop Husbandry|00||800|Other Expenditure|1||73|CSS-State Share-PM-Rashtriya Krishi Vikasa Yojana-DPR component (PM-RKVY-DPR)|||2401-00-800-1-73|HOA Total :|V|Total|Detailed-Head|5323.02|5528.00|7644.67|10677.00|100.0
16|03|01|2401|Crop Husbandry|00||911|Deduct Recoveries of Over Payment|0||00|Deduct Recoveries of Over Payment|||2401-00-911-0-00|Deduct Recoveries of Over Payment|V|Header|Detailed-Head|||||100.0
16|03|01|2401|Crop Husbandry|00||911|Deduct Recoveries of Over Payment|0||00|Deduct Recoveries of Over Payment|364|Deduct - Recoveries|2401-00-911-0-00|Deduct - Recoveries|V|Data|Object-Head|-72.87||||100.0
16|03|01|2401|Crop Husbandry|00||911|Deduct Recoveries of Over Payment|0||00|Deduct Recoveries of Over Payment|||2401-00-911-0-00|HOA Total :|V|Total|Detailed-Head|-72.87|0.00|0.00|0.00|100.0
17|03|01|2401|Crop Husbandry|00||911|Deduct Recoveries of Over Payment|0||01|Deduct Recovery of Over Payments of Current Year|||2401-00-911-0-01|Deduct Recovery of Over Payments of Current Year|V|Header|Detailed-Head|||||100.0
17|03|01|2401|Crop Husbandry|00||911|Deduct Recoveries of Over Payment|0||01|Deduct Recovery of Over Payments of Current Year|364|Deduct - Recoveries|2401-00-911-0-01|Deduct - Recoveries|V|Data|Object-Head|-261.06||||100.0
17|03|01|2401|Crop Husbandry|00||911|Deduct Recoveries of Over Payment|0||01|Deduct Recovery of Over Payments of Current Year|||2401-00-911-0-01|HOA Total :|V|Total|Detailed-Head|-261.06|0.00|0.00|0.00|100.0
17|03|01|2401|Crop Husbandry|00||911|Deduct Recoveries of Over Payment|0||04|Deduct Recovery of Over Payment of Previous years-ZP|||2401-00-911-0-04|Deduct Recovery of Over Payment of Previous years-ZP|V|Header|Detailed-Head|||||100.0
17|03|01|2401|Crop Husbandry|00||911|Deduct Recoveries of Over Payment|0||04|Deduct Recovery of Over Payment of Previous years-ZP|261|Inter Account Transfers|2401-00-911-0-04|Inter Account Transfers|V|Data|Object-Head||-4599.89|-4599.89|-5351.39|100.0
17|03|01|2401|Crop Husbandry|00||911|Deduct Recoveries of Over Payment|0||04|Deduct Recovery of Over Payment of Previous years-ZP|||2401-00-911-0-04|HOA Total :|V|Total|Detailed-Head|0.00|-4599.89|-4599.89|-5351.39|100.0
17|03|01|2401|Crop Husbandry|00||911|Deduct Recoveries of Over Payment|0||05|Deduct Recovery of Over Payment of Previous Years-TP|||2401-00-911-0-05|Deduct Recovery of Over Payment of Previous Years-TP|V|Header|Detailed-Head|||||100.0
17|03|01|2401|Crop Husbandry|00||911|Deduct Recoveries of Over Payment|0||05|Deduct Recovery of Over Payment of Previous Years-TP|261|Inter Account Transfers|2401-00-911-0-05|Inter Account Transfers|V|Data|Object-Head||-4502.87|-4502.87|-4251.99|100.0
17|03|01|2401|Crop Husbandry|00||911|Deduct Recoveries of Over Payment|0||05|Deduct Recovery of Over Payment of Previous Years-TP|||2401-00-911-0-05|HOA Total :|V|Total|Detailed-Head|0.00|-4502.87|-4502.87|-4251.99|100.0
17|03|01|2401|Crop Husbandry|00||||||||||2401|2401 - Total :|V|Total|Major-Head|341397.63|368297.09|373398.44|470904.09|
18|01|03|2402|Soil & Water Conservation|00||||||||||2402-00|Soil & Water Conservation|V|Header|Major-Head|||||
18|01|03|2402|Soil & Water Conservation|00||101||0||03|CSS-Central Share - PM-RKVY-Soil Health and Fertility (PM-RKVY-SH&F)|||2402-00-101-0-03|CSS-Central Share - PM-RKVY-Soil Health and Fertility (PM-RKVY-SH&F)|V|Header|Detailed-Head|||||100.0
18|01|03|2402|Soil & Water Conservation|00||101||0||03|CSS-Central Share - PM-RKVY-Soil Health and Fertility (PM-RKVY-SH&F)|059|Other Expenses|2402-00-101-0-03|Other Expenses|V|Data|Object-Head|118.00||||100.0
18|01|03|2402|Soil & Water Conservation|00||101||0||03|CSS-Central Share - PM-RKVY-Soil Health and Fertility (PM-RKVY-SH&F)|106|Subsidies|2402-00-101-0-03|Subsidies|V|Data|Object-Head|352.60|473.62|580.00|1178.87|100.0
18|01|03|2402|Soil & Water Conservation|00||101||0||03|CSS-Central Share - PM-RKVY-Soil Health and Fertility (PM-RKVY-SH&F)|422|Schedule Caste Sub Plan|2402-00-101-0-03|Schedule Caste Sub Plan|V|Data|Object-Head|105.78|107.01|115.00|254.10|100.0
18|01|03|2402|Soil & Water Conservation|00||101||0||03|CSS-Central Share - PM-RKVY-Soil Health and Fertility (PM-RKVY-SH&F)|423|Tribal Sub Plan|2402-00-101-0-03|Tribal Sub Plan|V|Data|Object-Head|43.66|43.37|48.00|107.03|100.0
18|01|03|2402|Soil & Water Conservation|00||101||0||03|CSS-Central Share - PM-RKVY-Soil Health and Fertility (PM-RKVY-SH&F)|||2402-00-101-0-03|HOA Total :|V|Total|Detailed-Head|620.04|624.00|743.00|1540.00|100.0
18|01|03|2402|Soil & Water Conservation|00||101||0||04|CSS-State Share - PM-RKVY-Soil Health and Fertility (PM-RKVY-SH&F)|||2402-00-101-0-04|CSS-State Share - PM-RKVY-Soil Health and Fertility (PM-RKVY-SH&F)|V|Header|Detailed-Head|||||100.0
18|01|03|2402|Soil & Water Conservation|00||101||0||04|CSS-State Share - PM-RKVY-Soil Health and Fertility (PM-RKVY-SH&F)|059|Other Expenses|2402-00-101-0-04|Other Expenses|V|Data|Object-Head|78.66||||100.0
18|01|03|2402|Soil & Water Conservation|00||101||0||04|CSS-State Share - PM-RKVY-Soil Health and Fertility (PM-RKVY-SH&F)|106|Subsidies|2402-00-101-0-04|Subsidies|V|Data|Object-Head|235.06|315.75|386.67|785.40|100.0
18|01|03|2402|Soil & Water Conservation|00||101||0||04|CSS-State Share - PM-RKVY-Soil Health and Fertility (PM-RKVY-SH&F)|422|Schedule Caste Sub Plan|2402-00-101-0-04|Schedule Caste Sub Plan|V|Data|Object-Head|70.52|71.34|76.67|169.29|100.0
18|01|03|2402|Soil & Water Conservation|00||101||0||04|CSS-State Share - PM-RKVY-Soil Health and Fertility (PM-RKVY-SH&F)|423|Tribal Sub Plan|2402-00-101-0-04|Tribal Sub Plan|V|Data|Object-Head|29.11|28.91|32.00|71.31|100.0
18|01|03|2402|Soil & Water Conservation|00||101||0||04|CSS-State Share - PM-RKVY-Soil Health and Fertility (PM-RKVY-SH&F)|||2402-00-101-0-04|HOA Total :|V|Total|Detailed-Head|413.35|416.00|495.34|1026.00|100.0
18|01|03|2402|Soil & Water Conservation|00||102||0||15|Soil & Water Conservation - Watershed Development Department - Directorate of Watershed Development|||2402-00-102-0-15|Soil & Water Conservation - Watershed Development Department - Directorate of Watershed Development|V|Header|Detailed-Head|||||
18|01|03|2402|Soil & Water Conservation|00||102||0||15|Soil & Water Conservation - Watershed Development Department - Directorate of Watershed Development|002|Basic Pay|2402-00-102-0-15|Basic Pay|V|Data|Object-Head|737.27|1569.00|1570.24|1602.00|
18|01|03|2402|Soil & Water Conservation|00||102||0||15|Soil & Water Conservation - Watershed Development Department - Directorate of Watershed Development|003|Basic Pay-Staff|2402-00-102-0-15|Basic Pay-Staff|V|Data|Object-Head|533.42||||
18|01|03|2402|Soil & Water Conservation|00||102||0||15|Soil & Water Conservation - Watershed Development Department - Directorate of Watershed Development|004|Interim Relief|2402-00-102-0-15|Interim Relief|V|Data|Object-Head|83.74||||
18|01|03|2402|Soil & Water Conservation|00||102||0||15|Soil & Water Conservation - Watershed Development Department - Directorate of Watershed Development|011|Dearness Allowance|2402-00-102-0-15|Dearness Allowance|V|Data|Object-Head|311.60|358.00|358.32|412.00|
18|01|03|2402|Soil & Water Conservation|00||102||0||15|Soil & Water Conservation - Watershed Development Department - Directorate of Watershed Development|014|Other Allowance|2402-00-102-0-15|Other Allowance|V|Data|Object-Head|218.23|267.00|267.17|255.00|
18|01|03|2402|Soil & Water Conservation|00||102||0||15|Soil & Water Conservation - Watershed Development Department - Directorate of Watershed Development|020|Medical Allowance|2402-00-102-0-15|Medical Allowance|V|Data|Object-Head|4.00||||
18|01|03|2402|Soil & Water Conservation|00||102||0||15|Soil & Water Conservation - Watershed Development Department - Directorate of Watershed Development|021|Reimbursement of Medical Expenses|2402-00-102-0-15|Reimbursement of Medical Expenses|V|Data|Object-Head|5.02|15.00|15.00|15.00|
18|01|03|2402|Soil & Water Conservation|00||102||0||15|Soil & Water Conservation - Watershed Development Department - Directorate of Watershed Development|041|Travel Expenses|2402-00-102-0-15|Travel Expenses|V|Data|Object-Head|18.51|19.00|19.00|20.00|
19|03|01|2402|Soil & Water Conservation|00||102||0||15|Soil & Water Conservation - Watershed Development Department - Directorate of Watershed Development|050|Office Expenses|2402-00-102-0-15|Office Expenses|V|Data|Object-Head||6.00|6.00|6.00|14.67
19|03|01|2402|Soil & Water Conservation|00||102||0||15|Soil & Water Conservation - Watershed Development Department - Directorate of Watershed Development|051|General Expenses|2402-00-102-0-15|General Expenses|V|Data|Object-Head|49.50|50.00|50.00|62.00|14.67
19|03|01|2402|Soil & Water Conservation|00||102||0||15|Soil & Water Conservation - Watershed Development Department - Directorate of Watershed Development|052|Telephone Charges|2402-00-102-0-15|Telephone Charges|V|Data|Object-Head|4.91||||14.67
19|03|01|2402|Soil & Water Conservation|00||102||0||15|Soil & Water Conservation - Watershed Development Department - Directorate of Watershed Development|071|Building Expenses|2402-00-102-0-15|Building Expenses|V|Data|Object-Head|340.46|250.00|250.00|300.00|14.67
19|03|01|2402|Soil & Water Conservation|00||102||0||15|Soil & Water Conservation - Watershed Development Department - Directorate of Watershed Development|180|Machinery and Equipments|2402-00-102-0-15|Machinery and Equipments|V|Data|Object-Head|0.78||||14.67
19|03|01|2402|Soil & Water Conservation|00||102||0||15|Soil & Water Conservation - Watershed Development Department - Directorate of Watershed Development|195|Transport Expenses|2402-00-102-0-15|Transport Expenses|V|Data|Object-Head|20.50|23.34|23.34|40.24|14.67
19|03|01|2402|Soil & Water Conservation|00||102||0||15|Soil & Water Conservation - Watershed Development Department - Directorate of Watershed Development||||HOA Total :|V|Total|Detailed-Head|2327.94|2557.34|2559.07|2712.24|14.67
19|03|01|2402|Soil & Water Conservation|00||102||0||30|CSS-Central Share- Watershed Development Component of Pradhana Mantri Krishi Sinchayee Yojana 2.0 (WDC-PMKSY 2.0)|||2402-00-102-0-30|CSS-Central Share- Watershed Development Component of Pradhana Mantri Krishi Sinchayee Yojana 2.0 (WDC-PMKSY 2.0)|V|Header|Detailed-Head|||||100.0
19|03|01|2402|Soil & Water Conservation|00||102||0||30|CSS-Central Share- Watershed Development Component of Pradhana Mantri Krishi Sinchayee Yojana 2.0 (WDC-PMKSY 2.0)|140|Minor Works|2402-00-102-0-30|Minor Works|V|Data|Object-Head|3401.39||||100.0
19|03|01|2402|Soil & Water Conservation|00||102||0||30|CSS-Central Share- Watershed Development Component of Pradhana Mantri Krishi Sinchayee Yojana 2.0 (WDC-PMKSY 2.0)|422|Schedule Caste Sub Plan|2402-00-102-0-30|Schedule Caste Sub Plan|V|Data|Object-Head|282.76||||100.0
19|03|01|2402|Soil & Water Conservation|00||102||0||30|CSS-Central Share- Watershed Development Component of Pradhana Mantri Krishi Sinchayee Yojana 2.0 (WDC-PMKSY 2.0)|423|Tribal Sub Plan|2402-00-102-0-30|Tribal Sub Plan|V|Data|Object-Head|127.61||||100.0
19|03|01|2402|Soil & Water Conservation|00||102||0||30|CSS-Central Share- Watershed Development Component of Pradhana Mantri Krishi Sinchayee Yojana 2.0 (WDC-PMKSY 2.0)||||HOA Total :|V|Total|Detailed-Head|3811.76|0.00|0.00|0.00|100.0
19|03|01|2402|Soil & Water Conservation|00||102||0||33|CSS-State Share- Watershed Development Component of Pradhana Mantri Krishi Sinchayee Yojana 2.0 (WDC-PMKSY 2.0)|||2402-00-102-0-33|CSS-State Share- Watershed Development Component of Pradhana Mantri Krishi Sinchayee Yojana 2.0 (WDC-PMKSY 2.0)|V|Header|Detailed-Head|||||100.0
19|03|01|2402|Soil & Water Conservation|00||102||0||33|CSS-State Share- Watershed Development Component of Pradhana Mantri Krishi Sinchayee Yojana 2.0 (WDC-PMKSY 2.0)|140|Minor Works|2402-00-102-0-33|Minor Works|V|Data|Object-Head|2267.59||||100.0
19|03|01|2402|Soil & Water Conservation|00||102||0||33|CSS-State Share- Watershed Development Component of Pradhana Mantri Krishi Sinchayee Yojana 2.0 (WDC-PMKSY 2.0)|422|Schedule Caste Sub Plan|2402-00-102-0-33|Schedule Caste Sub Plan|V|Data|Object-Head|188.51||||100.0
19|03|01|2402|Soil & Water Conservation|00||102||0||33|CSS-State Share- Watershed Development Component of Pradhana Mantri Krishi Sinchayee Yojana 2.0 (WDC-PMKSY 2.0)|423|Tribal Sub Plan|2402-00-102-0-33|Tribal Sub Plan|V|Data|Object-Head|85.08||||100.0
19|03|01|2402|Soil & Water Conservation|00||102||0||33|CSS-State Share- Watershed Development Component of Pradhana Mantri Krishi Sinchayee Yojana 2.0 (WDC-PMKSY 2.0)||||HOA Total :|V|Total|Detailed-Head|2541.18|0.00|0.00|0.00|100.0
19|03|01|2402|Soil & Water Conservation|00||103||0||06|World Bank Assisted REWARD (Rejuvinating Watersheds for Agricultural Resilience through Innovative Development) Project-EAP(IND-9314)|||2402-00-103-0-06|World Bank Assisted REWARD (Rejuvinating Watersheds for Agricultural Resilience through Innovative Development) Project-EAP(IND-9314)|V|Header|Detailed-Head|||||100.0
19|03|01|2402|Soil & Water Conservation|00||103||0||06|World Bank Assisted REWARD (Rejuvinating Watersheds for Agricultural Resilience through Innovative Development) Project-EAP(IND-9314)|051|General Expenses|2402-00-103-0-06|General Expenses|V|Data|Object-Head|3500.00||||100.0
20|03|01|2402|Soil & Water Conservation|00||103||0||06|World Bank Assisted REWARD (Rejuvinating Watersheds for Agricultural Resilience through Innovative Development) Project-EAP(IND-9314)|103|Grants-in-Aid -General|2402-00-103-0-06|Grants-in-Aid -General|V|Data|Object-Head|1500.00||||100.0
20|03|01|2402|Soil & Water Conservation|00||103||0||06|World Bank Assisted REWARD (Rejuvinating Watersheds for Agricultural Resilience through Innovative Development) Project-EAP(IND-9314)|140|Minor Works|2402-00-103-0-06|Minor Works|V|Data|Object-Head|10000.00||||100.0
20|03|01|2402|Soil & Water Conservation|00||103||0||06|World Bank Assisted REWARD (Rejuvinating Watersheds for Agricultural Resilience through Innovative Development) Project-EAP(IND-9314)||||HOA Total :|V|Total|Detailed-Head|15000.00|0.00|0.00|0.00|100.0
20|03|01|2402|Soil & Water Conservation|00||196||2||01|Grants to Watershed Development Establishments|||2402-00-196-2-01|Grants to Watershed Development Establishments|V|Header|Detailed-Head|||||100.0
20|03|01|2402|Soil & Water Conservation|00||196||2||01|Grants to Watershed Development Establishments|401|Bengaluru (Urban)|2402-00-196-2-01|Bengaluru (Urban)|V|Data|Object-Head|22.50|1.00|1.00|1.00|100.0
20|03|01|2402|Soil & Water Conservation|00||196||2||01|Grants to Watershed Development Establishments|402|Bengaluru (Rural)|2402-00-196-2-01|Bengaluru (Rural)|V|Data|Object-Head|121.64|100.91|100.91|90.41|100.0
20|03|01|2402|Soil & Water Conservation|00||196||2||01|Grants to Watershed Development Establishments|403|Chitradurga|2402-00-196-2-01|Chitradurga|V|Data|Object-Head|187.49|225.95|231.61|256.61|100.0
20|03|01|2402|Soil & Water Conservation|00||196||2||01|Grants to Watershed Development Establishments|404|Kolar|2402-00-196-2-01|Kolar|V|Data|Object-Head|107.39|103.19|103.19|121.31|100.0
20|03|01|2402|Soil & Water Conservation|00||196||2||01|Grants to Watershed Development Establishments|405|Shivamogga|2402-00-196-2-01|Shivamogga|V|Data|Object-Head|194.01|189.18|196.36|207.09|100.0
20|03|01|2402|Soil & Water Conservation|00||196||2||01|Grants to Watershed Development Establishments|406|Tumakuru|2402-00-196-2-01|Tumakuru|V|Data|Object-Head|226.05|263.16|274.16|254.36|100.0
20|03|01|2402|Soil & Water Conservation|00||196||2||01|Grants to Watershed Development Establishments|407|Mysuru|2402-00-196-2-01|Mysuru|V|Data|Object-Head|246.05|316.18|316.79|341.93|100.0
20|03|01|2402|Soil & Water Conservation|00||196||2||01|Grants to Watershed Development Establishments|408|Chikkamagaluru|2402-00-196-2-01|Chikkamagaluru|V|Data|Object-Head|196.87|198.19|198.49|233.02|100.0
20|03|01|2402|Soil & Water Conservation|00||196||2||01|Grants to Watershed Development Establishments|409|Dakshina Kannada|2402-00-196-2-01|Dakshina Kannada|V|Data|Object-Head|21.86|18.00|18.00|19.00|100.0
20|03|01|2402|Soil & Water Conservation|00||196||2||01|Grants to Watershed Development Establishments|410|Hassan|2402-00-196-2-01|Hassan|V|Data|Object-Head|168.78|228.62|252.77|291.38|100.0
20|03|01|2402|Soil & Water Conservation|00||196||2||01|Grants to Watershed Development Establishments|411|Kodagu|2402-00-196-2-01|Kodagu|V|Data|Object-Head|49.54|44.12|44.12|49.03|100.0
20|03|01|2402|Soil & Water Conservation|00||196||2||01|Grants to Watershed Development Establishments|412|Mandya|2402-00-196-2-01|Mandya|V|Data|Object-Head|201.74|247.19|247.19|227.03|100.0
20|03|01|2402|Soil & Water Conservation|00||196||2||01|Grants to Watershed Development Establishments|413|Belagavi|2402-00-196-2-01|Belagavi|V|Data|Object-Head|333.26|362.34|376.02|379.00|100.0
20|03|01|2402|Soil & Water Conservation|00||196||2||01|Grants to Watershed Development Establishments|414|Vijayapura|2402-00-196-2-01|Vijayapura|V|Data|Object-Head|222.49|274.20|275.48|297.62|100.0
20|03|01|2402|Soil & Water Conservation|00||196||2||01|Grants to Watershed Development Establishments|415|Dharwad|2402-00-196-2-01|Dharwad|V|Data|Object-Head|334.38|293.52|312.19|293.77|100.0
20|03|01|2402|Soil & Water Conservation|00||196||2||01|Grants to Watershed Development Establishments|416|Uttara Kannada|2402-00-196-2-01|Uttara Kannada|V|Data|Object-Head|91.88|77.51|77.51|107.75|100.0
20|03|01|2402|Soil & Water Conservation|00||196||2||01|Grants to Watershed Development Establishments|417|Kalaburagi|2402-00-196-2-01|Kalaburagi|V|Data|Object-Head|223.28|241.82|241.82|266.25|100.0
20|03|01|2402|Soil & Water Conservation|00||196||2||01|Grants to Watershed Development Establishments|418|Ballari|2402-00-196-2-01|Ballari|V|Data|Object-Head|134.84|138.05|138.50|161.23|100.0
20|03|01|2402|Soil & Water Conservation|00||196||2||01|Grants to Watershed Development Establishments|419|Bidar|2402-00-196-2-01|Bidar|V|Data|Object-Head|180.52|188.41|188.41|204.19|100.0
20|03|01|2402|Soil & Water Conservation|00||196||2||01|Grants to Watershed Development Establishments|420|Raichur|2402-00-196-2-01|Raichur|V|Data|Object-Head|98.81|98.12|98.12|118.24|100.0
20|03|01|2402|Soil & Water Conservation|00||196||2||01|Grants to Watershed Development Establishments|421|Yadgiri|2402-00-196-2-01|Yadgiri|V|Data|Object-Head|108.96|156.75|156.75|182.74|100.0
20|03|01|2402|Soil & Water Conservation|00||196||2||01|Grants to Watershed Development Establishments|451|Davanagere|2402-00-196-2-01|Davanagere|V|Data|Object-Head|177.53|165.92|165.92|183.17|100.0
20|03|01|2402|Soil & Water Conservation|00||196||2||01|Grants to Watershed Development Establishments|452|Bengaluru South|2402-00-196-2-01|Bengaluru South|V|Data|Object-Head|109.88|168.45|168.45|181.26|100.0
20|03|01|2402|Soil & Water Conservation|00||196||2||01|Grants to Watershed Development Establishments|453|Chikkaballapura|2402-00-196-2-01|Chikkaballapura|V|Data|Object-Head|208.22|256.63|256.63|247.69|100.0
20|03|01|2402|Soil & Water Conservation|00||196||2||01|Grants to Watershed Development Establishments|456|Chamarajanagar|2402-00-196-2-01|Chamarajanagar|V|Data|Object-Head|93.25|121.95|121.95|119.16|100.0
21|03|01|2402|Soil & Water Conservation|00||196||2||01|Grants to Watershed Development Establishments|457|Udupi|2402-00-196-2-01|Udupi|V|Data|Object-Head|105.05|124.95|125.50|122.14|100.0
21|03|01|2402|Soil & Water Conservation|00||196||2||01|Grants to Watershed Development Establishments|461|Bagalkot|2402-00-196-2-01|Bagalkot|V|Data|Object-Head|219.77|233.01|233.31|207.44|100.0
21|03|01|2402|Soil & Water Conservation|00||196||2||01|Grants to Watershed Development Establishments|462|Gadag|2402-00-196-2-01|Gadag|V|Data|Object-Head|118.29|131.78|133.45|122.14|100.0
21|03|01|2402|Soil & Water Conservation|00||196||2||01|Grants to Watershed Development Establishments|463|Haveri|2402-00-196-2-01|Haveri|V|Data|Object-Head|191.31|237.68|238.12|234.36|100.0
21|03|01|2402|Soil & Water Conservation|00||196||2||01|Grants to Watershed Development Establishments|466|Koppal|2402-00-196-2-01|Koppal|V|Data|Object-Head|141.88|134.32|134.32|192.20|100.0
21|03|01|2402|Soil & Water Conservation|00||196||2||01|Grants to Watershed Development Establishments|467|Vijayanagara|2402-00-196-2-01|Vijayanagara|V|Data|Object-Head|53.60|74.89|74.89|50.39|100.0
21|03|01|2402|Soil & Water Conservation|00||196||2||01|Grants to Watershed Development Establishments||||HOA Total :|V|Total|Detailed-Head|4891.12|5415.99|5501.93|5762.91|100.0
21|03|01|2402|Soil & Water Conservation|00||197||1|Grants to TPs-Watershed Development|01|Grants to TPs-Watershed Development||||2402-00-197-1-01|Grants to TPs-Watershed Development|Header|Detailed-Head|||||100.0
21|03|01|2402|Soil & Water Conservation|00||197||1|Grants to TPs-Watershed Development|01|Grants to TPs-Watershed Development|401|Bengaluru (Urban)|2402-00-197-1-01|Bengaluru (Urban)|V|Data|Object-Head|3.12|3.12|3.12|3.12|100.0
21|03|01|2402|Soil & Water Conservation|00||197||1|Grants to TPs-Watershed Development|01|Grants to TPs-Watershed Development|402|Bengaluru (Rural)|2402-00-197-1-01|Bengaluru (Rural)|V|Data|Object-Head|1.27|1.27|1.27|2.00|100.0
21|03|01|2402|Soil & Water Conservation|00||197||1|Grants to TPs-Watershed Development|01|Grants to TPs-Watershed Development|403|Chitradurga|2402-00-197-1-01|Chitradurga|V|Data|Object-Head|8.32|8.32|8.32|8.32|100.0
21|03|01|2402|Soil & Water Conservation|00||197||1|Grants to TPs-Watershed Development|01|Grants to TPs-Watershed Development|404|Kolar|2402-00-197-1-01|Kolar|V|Data|Object-Head|3.12|3.12|3.12|3.12|100.0
21|03|01|2402|Soil & Water Conservation|00||197||1|Grants to TPs-Watershed Development|01|Grants to TPs-Watershed Development|405|Shivamogga|2402-00-197-1-01|Shivamogga|V|Data|Object-Head|3.12|3.12|3.12|3.50|100.0
21|03|01|2402|Soil & Water Conservation|00||197||1|Grants to TPs-Watershed Development|01|Grants to TPs-Watershed Development|406|Tumakuru|2402-00-197-1-01|Tumakuru|V|Data|Object-Head|5.20|5.20|5.20|5.20|100.0
21|03|01|2402|Soil & Water Conservation|00||197||1|Grants to TPs-Watershed Development|01|Grants to TPs-Watershed Development|408|Chikkamagaluru|2402-00-197-1-01|Chikkamagaluru|V|Data|Object-Head|2.08|2.08|2.08|2.08|100.0
21|03|01|2402|Soil & Water Conservation|00||197||1|Grants to TPs-Watershed Development|01|Grants to TPs-Watershed Development|410|Hassan|2402-00-197-1-01|Hassan|V|Data|Object-Head|2.08|2.50|2.50|5.00|100.0
21|03|01|2402|Soil & Water Conservation|00||197||1|Grants to TPs-Watershed Development|01|Grants to TPs-Watershed Development|412|Mandya|2402-00-197-1-01|Mandya|V|Data|Object-Head|1.27|1.27|1.27|6.00|100.0
21|03|01|2402|Soil & Water Conservation|00||197||1|Grants to TPs-Watershed Development|01|Grants to TPs-Watershed Development|413|Belagavi|2402-00-197-1-01|Belagavi|V|Data|Object-Head|1.04|1.04|1.04|2.00|100.0
21|03|01|2402|Soil & Water Conservation|00||197||1|Grants to TPs-Watershed Development|01|Grants to TPs-Watershed Development|414|Vijayapura|2402-00-197-1-01|Vijayapura|V|Data|Object-Head|29.12|29.12|29.12|29.12|100.0
21|03|01|2402|Soil & Water Conservation|00||197||1|Grants to TPs-Watershed Development|01|Grants to TPs-Watershed Development|415|Dharwad|2402-00-197-1-01|Dharwad|V|Data|Object-Head|2.98|4.16|4.16|4.16|100.0
21|03|01|2402|Soil & Water Conservation|00||197||1|Grants to TPs-Watershed Development|01|Grants to TPs-Watershed Development|416|Uttara Kannada|2402-00-197-1-01|Uttara Kannada|V|Data|Object-Head|4.16|4.16|4.16|4.16|100.0
21|03|01|2402|Soil & Water Conservation|00||197||1|Grants to TPs-Watershed Development|01|Grants to TPs-Watershed Development|418|Ballari|2402-00-197-1-01|Ballari|V|Data|Object-Head|6.24|6.50|6.50|6.50|100.0
21|03|01|2402|Soil & Water Conservation|00||197||1|Grants to TPs-Watershed Development|01|Grants to TPs-Watershed Development|420|Raichur|2402-00-197-1-01|Raichur|V|Data|Object-Head|1.04|1.04|1.04|1.04|100.0
21|03|01|2402|Soil & Water Conservation|00||197||1|Grants to TPs-Watershed Development|01|Grants to TPs-Watershed Development|421|Yadgiri|2402-00-197-1-01|Yadgiri|V|Data|Object-Head|1.04|2.00|2.00|2.00|100.0
21|03|01|2402|Soil & Water Conservation|00||197||1|Grants to TPs-Watershed Development|01|Grants to TPs-Watershed Development|451|Davanagere|2402-00-197-1-01|Davanagere|V|Data|Object-Head|6.24|6.24|6.24|6.24|100.0
21|03|01|2402|Soil & Water Conservation|00||197||1|Grants to TPs-Watershed Development|01|Grants to TPs-Watershed Development|452|Bengaluru South|2402-00-197-1-01|Bengaluru South|V|Data|Object-Head|2.08|2.08|2.08|2.00|100.0
21|03|01|2402|Soil & Water Conservation|00||197||1|Grants to TPs-Watershed Development|01|Grants to TPs-Watershed Development|453|Chikkaballapura|2402-00-197-1-01|Chikkaballapura|V|Data|Object-Head|5.20|5.20|5.20|5.20|100.0
21|03|01|2402|Soil & Water Conservation|00||197||1|Grants to TPs-Watershed Development|01|Grants to TPs-Watershed Development|456|Chamarajanagar|2402-00-197-1-01|Chamarajanagar|V|Data|Object-Head|13.52|13.52|13.52|13.52|100.0
21|03|01|2402|Soil & Water Conservation|00||197||1|Grants to TPs-Watershed Development|01|Grants to TPs-Watershed Development|457|Udupi|2402-00-197-1-01|Udupi|V|Data|Object-Head|1.27|1.27|1.27|1.27|100.0
22|03|01|2402|Soil & Water Conservation|00||197||1|Grants to TPs-Watershed Development|01|Grants to TPs-Watershed Development|461|Bagalkot|2402-00-197-1-01|Bagalkot|V|Data|Object-Head|3.12|3.12|3.12|3.12|100.0
22|03|01|2402|Soil & Water Conservation|00||197||1|Grants to TPs-Watershed Development|01|Grants to TPs-Watershed Development|462|Gadag|2402-00-197-1-01|Gadag|V|Data|Object-Head|9.36|9.36|9.36||100.0
22|03|01|2402|Soil & Water Conservation|00||197||1|Grants to TPs-Watershed Development|01|Grants to TPs-Watershed Development|463|Haveri|2402-00-197-1-01|Haveri|V|Data|Object-Head|4.16|4.16|4.16|4.00|100.0
22|03|01|2402|Soil & Water Conservation|00||197||1|Grants to TPs-Watershed Development|01|Grants to TPs-Watershed Development|466|Koppal|2402-00-197-1-01|Koppal|V|Data|Object-Head|1.12|1.12|1.12|1.12|100.0
22|03|01|2402|Soil & Water Conservation|00||197||1|Grants to TPs-Watershed Development|01|Grants to TPs-Watershed Development|467|Vijayanagara|2402-00-197-1-01|Vijayanagara|V|Data|Object-Head|4.16|4.16|4.16|4.16|100.0
22|03|01|2402|Soil & Water Conservation|00||197||1|Grants to TPs-Watershed Development|01|Grants to TPs-Watershed Development||||HOA Total :|V|Total|Detailed-Head|125.43|128.25|128.25|127.95|100.0
22|03|01|2402|Soil & Water Conservation|00||911|Deduct Recoveries of Over Payment|0||00|Deduct - Recoveries|||2402-00-911-0-00|Deduct Recoveries of Over Payment|V|Header|Minor-Head|||||100.0
22|03|01|2402|Soil & Water Conservation|00||911|Deduct Recoveries of Over Payment|0||00|Deduct - Recoveries|364|Deduct - Recoveries|2402-00-911-0-00|Deduct - Recoveries|V|Data|Object-Head|-0.02||||100.0
22|03|01|2402|Soil & Water Conservation|00||911|Deduct Recoveries of Over Payment|0||00|Deduct - Recoveries||||HOA Total :|V|Total|Detailed-Head|-0.02|0.00|0.00|0.00|100.0
22|03|01|2402|Soil & Water Conservation|00||911|Deduct Recoveries of Over Payment|0||01|Deduct Recovery of Over Payments of Current Year|||2402-00-911-0-01|Deduct Recovery of Over Payments of Current Year|V|Header|Detailed-Head|||||100.0
22|03|01|2402|Soil & Water Conservation|00||911|Deduct Recoveries of Over Payment|0||01|Deduct Recovery of Over Payments of Current Year|364|Deduct - Recoveries|2402-00-911-0-01|Deduct - Recoveries|V|Data|Object-Head|-12.31||||100.0
22|03|01|2402|Soil & Water Conservation|00||911|Deduct Recoveries of Over Payment|0||01|Deduct Recovery of Over Payments of Current Year||||HOA Total :|V|Total|Detailed-Head|-12.31|0.00|0.00|0.00|100.0
22|03|01|2402|Soil & Water Conservation|00||911|Deduct Recoveries of Over Payment|0||04|Deduct Recovery of Over Payment of Previous years-ZP|||2402-00-911-0-04|Deduct Recovery of Over Payment of Previous years-ZP|V|Header|Detailed-Head|||||100.0
22|03|01|2402|Soil & Water Conservation|00||911|Deduct Recoveries of Over Payment|0||04|Deduct Recovery of Over Payment of Previous years-ZP|261|Inter Account Transfers|2402-00-911-0-04|Inter Account Transfers|V|Data|Object-Head||-1088.87|-1088.87|-4016.16|100.0
22|03|01|2402|Soil & Water Conservation|00||911|Deduct Recoveries of Over Payment|0||04|Deduct Recovery of Over Payment of Previous years-ZP||||HOA Total :|V|Total|Detailed-Head|0.00|-1088.87|-1088.87|-4016.16|100.0
22|03|01|2402|Soil & Water Conservation|00||911|Deduct Recoveries of Over Payment|0||05|Deduct Recovery of Over Payment of Previous Years-TP|||2402-00-911-0-05|Deduct Recovery of Over Payment of Previous Years-TP|V|Header|Detailed-Head|||||100.0
22|03|01|2402|Soil & Water Conservation|00||911|Deduct Recoveries of Over Payment|0||05|Deduct Recovery of Over Payment of Previous Years-TP|261|Inter Account Transfers|2402-00-911-0-05|Inter Account Transfers|V|Data|Object-Head||-49.84|-49.84|-127.19|100.0
22|03|01|2402|Soil & Water Conservation|00||911|Deduct Recoveries of Over Payment|0||05|Deduct Recovery of Over Payment of Previous Years-TP||||HOA Total :|V|Total|Detailed-Head|0.00|-49.84|-49.84|-127.19|100.0
22|03|01|2402|Soil & Water Conservation|00|||||||||||2402 - Total :|V|Total|Major-Head|29718.49|8002.87|8288.88|7025.75|
23|03|01|2408|Food, Storage and Ware Housing|01|Food|||||||||2408-01|Food, Storage and Ware Housing|V|Header|Major-Head|||||
23|03|01|2408|Food, Storage and Ware Housing|01|Food|103|Food Processing|||||||2408-01-103|Food Processing|V|Header|Minor-Head|||||
23|03|01|2408|Food, Storage and Ware Housing|01|Food|103|Food Processing|0||01|CSS-Central Share-PM Formalisation of Micro food processing Enterprises (PMFME)|||2408-01-103-0-01|CSS-Central Share-PM Formalisation of Micro food processing Enterprises (PMFME)|V|Header|Detailed-Head|||||100.0
23|03|01|2408|Food, Storage and Ware Housing|01|Food|103|Food Processing|0||01|CSS-Central Share-PM Formalisation of Micro food processing Enterprises (PMFME)|059|Other Expenses|2408-01-103-0-01|Other Expenses|V|Data|Object-Head|172.00||||100.0
23|03|01|2408|Food, Storage and Ware Housing|01|Food|103|Food Processing|0||01|CSS-Central Share-PM Formalisation of Micro food processing Enterprises (PMFME)|106|Subsidies|2408-01-103-0-01|Subsidies|V|Data|Object-Head|4114.51|7541.43|7541.43|7953.77|100.0
23|03|01|2408|Food, Storage and Ware Housing|01|Food|103|Food Processing|0||01|CSS-Central Share-PM Formalisation of Micro food processing Enterprises (PMFME)|422|Schedule Caste Sub Plan|2408-01-103-0-01|Schedule Caste Sub Plan|V|Data|Object-Head|522.10|1704.02|1704.02|1291.68|100.0
23|03|01|2408|Food, Storage and Ware Housing|01|Food|103|Food Processing|0||01|CSS-Central Share-PM Formalisation of Micro food processing Enterprises (PMFME)|423|Tribal Sub Plan|2408-01-103-0-01|Tribal Sub Plan|V|Data|Object-Head|282.81|690.55|690.55|690.55|100.0
23|03|01|2408|Food, Storage and Ware Housing|01|Food|103|Food Processing|0||01|CSS-Central Share-PM Formalisation of Micro food processing Enterprises (PMFME)||||HOA Total :|V|Total|Detailed-Head|5091.42|9936.00|9936.00|9936.00|100.0
23|03|01|2408|Food, Storage and Ware Housing|01|Food|103|Food Processing|0||02|CSS-State Share-PM Formalisation of Micro food processing Enterprises (PMFME)|||2408-01-103-0-02|CSS-State Share-PM Formalisation of Micro food processing Enterprises (PMFME)|V|Header|Detailed-Head|||||100.0
23|03|01|2408|Food, Storage and Ware Housing|01|Food|103|Food Processing|0||02|CSS-State Share-PM Formalisation of Micro food processing Enterprises (PMFME)|059|Other Expenses|2408-01-103-0-02|Other Expenses|V|Data|Object-Head|114.67||||100.0
23|03|01|2408|Food, Storage and Ware Housing|01|Food|103|Food Processing|0||02|CSS-State Share-PM Formalisation of Micro food processing Enterprises (PMFME)|106|Subsidies|2408-01-103-0-02|Subsidies|V|Data|Object-Head|2743.00|5027.62|5027.62|5027.62|100.0
23|03|01|2408|Food, Storage and Ware Housing|01|Food|103|Food Processing|0||02|CSS-State Share-PM Formalisation of Micro food processing Enterprises (PMFME)|422|Schedule Caste Sub Plan|2408-01-103-0-02|Schedule Caste Sub Plan|V|Data|Object-Head|348.07|1136.01|1136.01|1136.01|100.0
23|03|01|2408|Food, Storage and Ware Housing|01|Food|103|Food Processing|0||02|CSS-State Share-PM Formalisation of Micro food processing Enterprises (PMFME)|423|Tribal Sub Plan|2408-01-103-0-02|Tribal Sub Plan|V|Data|Object-Head|188.54|460.37|460.37|460.37|100.0
23|03|01|2408|Food, Storage and Ware Housing|01|Food|103|Food Processing|0||02|CSS-State Share-PM Formalisation of Micro food processing Enterprises (PMFME)||||HOA Total :|V|Total|Detailed-Head|3394.28|6624.00|6624.00|6624.00|100.0
23|03|01|2408|Food, Storage and Ware Housing|01|Food|103|Food Processing|0||03|State Top up for PMFME Scheme|||2408-01-103-0-03|State Top up for PMFME Scheme|V|Header|Detailed-Head|||||100.0
23|03|01|2408|Food, Storage and Ware Housing|01|Food|103|Food Processing|0||03|State Top up for PMFME Scheme|059|Other Expenses|2408-01-103-0-03|Other Expenses|V|Data|Object-Head|9.37||||100.0
23|03|01|2408|Food, Storage and Ware Housing|01|Food|103|Food Processing|0||03|State Top up for PMFME Scheme|106|Subsidies|2408-01-103-0-03|Subsidies|V|Data|Object-Head|1774.74|1873.22|1873.22|1975.63|100.0
23|03|01|2408|Food, Storage and Ware Housing|01|Food|103|Food Processing|0||03|State Top up for PMFME Scheme|422|Schedule Caste Sub Plan|2408-01-103-0-03|Schedule Caste Sub Plan|V|Data|Object-Head|167.91|423.26|423.26|320.84|100.0
23|03|01|2408|Food, Storage and Ware Housing|01|Food|103|Food Processing|0||03|State Top up for PMFME Scheme|423|Tribal Sub Plan|2408-01-103-0-03|Tribal Sub Plan|V|Data|Object-Head|94.50|171.52|171.52|171.53|100.0
23|03|01|2408|Food, Storage and Ware Housing|01|Food|103|Food Processing|0||03|State Top up for PMFME Scheme||||HOA Total :|V|Total|Detailed-Head|2046.52|2468.00|2468.00|2468.00|100.0
24|03|01|2408|Food, Storage and Ware Housing|01|Food|103|Food Processing|0||04|CSS-Central Share(100% GoI)-PMFME(Soft Intervention-Incubation Centre, Capacity Building)|||2408-01-103-0-04|CSS-Central Share(100% GoI)-PMFME(Soft Intervention-Incubation Centre, Capacity Building)|V|Header|Detailed-Head|||||100.0
24|03|01|2408|Food, Storage and Ware Housing|01|Food|103|Food Processing|0||04|CSS-Central Share(100% GoI)-PMFME(Soft Intervention-Incubation Centre, Capacity Building)|106|Subsidies|2408-01-103-0-04|Subsidies|V|Data|Object-Head|658.51|1214.40|1260.00|1214.40|100.0
24|03|01|2408|Food, Storage and Ware Housing|01|Food|103|Food Processing|0||04|CSS-Central Share(100% GoI)-PMFME(Soft Intervention-Incubation Centre, Capacity Building)|422|Schedule Caste Sub Plan|2408-01-103-0-04|Schedule Caste Sub Plan|V|Data|Object-Head||274.40|274.40|274.40|100.0
24|03|01|2408|Food, Storage and Ware Housing|01|Food|103|Food Processing|0||04|CSS-Central Share(100% GoI)-PMFME(Soft Intervention-Incubation Centre, Capacity Building)|423|Tribal Sub Plan|2408-01-103-0-04|Tribal Sub Plan|V|Data|Object-Head||111.20|111.20|111.20|100.0
24|03|01|2408|Food, Storage and Ware Housing|01|Food|103|Food Processing|0||04|CSS-Central Share(100% GoI)-PMFME(Soft Intervention-Incubation Centre, Capacity Building)||||HOA Total :|V|Total|Detailed-Head|658.51|1600.00|1645.60|1600.00|100.0
24|03|01|2408|Food, Storage and Ware Housing|01|Food|||||||||2408|2408 - Total :|V|Total|Major-Head|11190.73|20628.00|20673.60|20628.00|
25|03|01|2415|Agricultural Research and Education|01||||||||||2415|Agricultural Research and Education||Header|Major-Head|||||
25|03|01|2415|Agricultural Research and Education|01||277||0||23|University of Agricultural Sciences, Mandya|||2415-01-277-0-23|University of Agricultural Sciences, Mandya||Header|Detailed-Head|||||100.0
25|03|01|2415|Agricultural Research and Education|01||277||0||23|University of Agricultural Sciences, Mandya|101|Grants-in-Aid-Salaries|2415-01-277-0-23|Grants-in-Aid-Salaries||Data|Object-Head||||1566.94|100.0
25|03|01|2415|Agricultural Research and Education|01||277||0||23|University of Agricultural Sciences, Mandya|103|Grants-in-Aid -General|2415-01-277-0-23|Grants-in-Aid -General||Data|Object-Head||||181.81|100.0
25|03|01|2415|Agricultural Research and Education|01||277||0||23|University of Agricultural Sciences, Mandya|115|GIA Contract /Outsource|2415-01-277-0-23|GIA Contract /Outsource||Data|Object-Head||||149.61|100.0
25|03|01|2415|Agricultural Research and Education|01||277||0||23|University of Agricultural Sciences, Mandya|118|Grants-in-Aid-Pensions|2415-01-277-0-23|Grants-in-Aid-Pensions||Data|Object-Head||||709.87|100.0
25|03|01|2415|Agricultural Research and Education|01||277||0||23|University of Agricultural Sciences, Mandya||||2415-01-277-0-23|HOA Total :|Total|Detailed-Head|0.00|0.00|0.00|2608.23|100.0
25|03|01|2415|Agricultural Research and Education|80||004||1||01|UAS Bangalore- Research and Education|||2415-80-004-1-01|UAS Bangalore- Research and Education||Header|Detailed-Head|||||100.0
25|03|01|2415|Agricultural Research and Education|80||004||1||01|UAS Bangalore- Research and Education|101|Grants-in-Aid-Salaries|2415-80-004-1-01|Grants-in-Aid-Salaries||Data|Object-Head|11553.87|12826.50|12826.50|12341.27|100.0
25|03|01|2415|Agricultural Research and Education|80||004||1||01|UAS Bangalore- Research and Education|103|Grants-in-Aid -General|2415-80-004-1-01|Grants-in-Aid -General||Data|Object-Head|917.60|670.00|670.00|578.76|100.0
25|03|01|2415|Agricultural Research and Education|80||004||1||01|UAS Bangalore- Research and Education|115|GIA Contract /Outsource|2415-80-004-1-01|GIA Contract /Outsource||Data|Object-Head|1589.95|1680.43|1680.43|1214.62|100.0
25|03|01|2415|Agricultural Research and Education|80||004||1||01|UAS Bangalore- Research and Education|118|Grants-in-Aid-Pensions|2415-80-004-1-01|Grants-in-Aid-Pensions||Data|Object-Head|12000.00|12000.00|12000.00|17229.73|100.0
25|03|01|2415|Agricultural Research and Education|80||004||1||01|UAS Bangalore- Research and Education|422|Schedule Caste Sub Plan|2415-80-004-1-01|Schedule Caste Sub Plan||Data|Object-Head|176.40||176.00||100.0
25|03|01|2415|Agricultural Research and Education|80||004||1||01|UAS Bangalore- Research and Education|423|Tribal Sub Plan|2415-80-004-1-01|Tribal Sub Plan||Data|Object-Head|76.00||76.00||100.0
25|03|01|2415|Agricultural Research and Education|80||004||1||01|UAS Bangalore- Research and Education||||2415-80-004-1-01|HOA Total :|Total|Detailed-Head|26313.82|27176.93|27428.93|31364.38|100.0
25|03|01|2415|Agricultural Research and Education|80||004||2||01|UAS Dharwad Research and Education|||2415-80-004-2-01|UAS Dharwad Research and Education||Header|Detailed-Head|||||100.0
25|03|01|2415|Agricultural Research and Education|80||004||2||01|UAS Dharwad Research and Education|101|Grants-in-Aid-Salaries|2415-80-004-2-01|Grants-in-Aid-Salaries||Data|Object-Head|11764.86|12233.18|12233.18|11438.88|100.0
25|03|01|2415|Agricultural Research and Education|80||004||2||01|UAS Dharwad Research and Education|103|Grants-in-Aid -General|2415-80-004-2-01|Grants-in-Aid -General||Data|Object-Head|799.69|580.72|580.72|657.08|100.0
25|03|01|2415|Agricultural Research and Education|80||004||2||01|UAS Dharwad Research and Education|115|GIA Contract /Outsource|2415-80-004-2-01|GIA Contract /Outsource||Data|Object-Head|932.62|1145.45|1145.45|1084.90|100.0
25|03|01|2415|Agricultural Research and Education|80||004||2||01|UAS Dharwad Research and Education|118|Grants-in-Aid-Pensions|2415-80-004-2-01|Grants-in-Aid-Pensions||Data|Object-Head|9140.35|9000.00|9000.00|13038.41|100.0
25|03|01|2415|Agricultural Research and Education|80||004||2||01|UAS Dharwad Research and Education|422|Schedule Caste Sub Plan|2415-80-004-2-01|Schedule Caste Sub Plan||Data|Object-Head|176.40||176.00||100.0
26|03|01|2415|Agricultural Research and Education|80||004||2||01|UAS Dharwad Research and Education|423|Tribal Sub Plan|2415-80-004-2-01|Tribal Sub Plan||Data|Object-Head|76.00||76.00||100.0
26|03|01|2415|Agricultural Research and Education|80||004||2||01|UAS Dharwad Research and Education||||2415-80-004-2-01|HOA Total :|Total|Detailed-Head|22889.92|22959.35|23211.35|26219.27|100.0
26|03|01|2415|Agricultural Research and Education|80||004||3||00|Raichur Agriculture University Research and Education Programmes|||2415-80-004-3-00|Raichur Agriculture University Research and Education Programmes||Header|Detailed-Head|||||100.0
26|03|01|2415|Agricultural Research and Education|80||004||3||00|Raichur Agriculture University Research and Education Programmes|101|Grants-in-Aid-Salaries|2415-80-004-3-00|Grants-in-Aid-Salaries||Data|Object-Head|8226.37|9330.22|9330.22|10076.70|100.0
26|03|01|2415|Agricultural Research and Education|80||004||3||00|Raichur Agriculture University Research and Education Programmes|103|Grants-in-Aid -General|2415-80-004-3-00|Grants-in-Aid -General||Data|Object-Head|542.49|500.35|500.35|331.25|100.0
26|03|01|2415|Agricultural Research and Education|80||004||3||00|Raichur Agriculture University Research and Education Programmes|115|GIA Contract /Outsource|2415-80-004-3-00|GIA Contract /Outsource||Data|Object-Head|636.26|788.35|788.35|743.91|100.0
26|03|01|2415|Agricultural Research and Education|80||004||3||00|Raichur Agriculture University Research and Education Programmes|118|Grants-in-Aid-Pensions|2415-80-004-3-00|Grants-in-Aid-Pensions||Data|Object-Head|2200.00|2200.00|2200.00|3700.00|100.0
26|03|01|2415|Agricultural Research and Education|80||004||3||00|Raichur Agriculture University Research and Education Programmes|422|Schedule Caste Sub Plan|2415-80-004-3-00|Schedule Caste Sub Plan||Data|Object-Head|182.28|5.00|180.00||100.0
26|03|01|2415|Agricultural Research and Education|80||004||3||00|Raichur Agriculture University Research and Education Programmes|423|Tribal Sub Plan|2415-80-004-3-00|Tribal Sub Plan||Data|Object-Head|78.00|2.00|77.00||100.0
26|03|01|2415|Agricultural Research and Education|80||004||3||00|Raichur Agriculture University Research and Education Programmes||||2415-80-004-3-00|HOA Total :|Total|Detailed-Head|11865.40|12825.92|13075.92|14851.86|100.0
26|03|01|2415|Agricultural Research and Education|80||277||5||01|Shimoga Agriculture University|||2415-80-277-5-01|Shimoga Agriculture University||Header|Detailed-Head|||||100.0
26|03|01|2415|Agricultural Research and Education|80||277||5||01|Shimoga Agriculture University|101|Grants-in-Aid-Salaries|2415-80-277-5-01|Grants-in-Aid-Salaries||Data|Object-Head|5489.26|6118.20|6118.20|6111.21|100.0
26|03|01|2415|Agricultural Research and Education|80||277||5||01|Shimoga Agriculture University|103|Grants-in-Aid -General|2415-80-277-5-01|Grants-in-Aid -General||Data|Object-Head|337.86|253.00|253.00|84.88|100.0
26|03|01|2415|Agricultural Research and Education|80||277||5||01|Shimoga Agriculture University|115|GIA Contract /Outsource|2415-80-277-5-01|GIA Contract /Outsource||Data|Object-Head|668.80|717.91|717.91|604.49|100.0
26|03|01|2415|Agricultural Research and Education|80||277||5||01|Shimoga Agriculture University|118|Grants-in-Aid-Pensions|2415-80-277-5-01|Grants-in-Aid-Pensions||Data|Object-Head|1705.04|1700.00|1700.00|2745.58|100.0
26|03|01|2415|Agricultural Research and Education|80||277||5||01|Shimoga Agriculture University|422|Schedule Caste Sub Plan|2415-80-277-5-01|Schedule Caste Sub Plan||Data|Object-Head|184.90|5.00|180.00||100.0
26|03|01|2415|Agricultural Research and Education|80||277||5||01|Shimoga Agriculture University|423|Tribal Sub Plan|2415-80-277-5-01|Tribal Sub Plan||Data|Object-Head|79.00|2.00|77.00||100.0
26|03|01|2415|Agricultural Research and Education|80||277||5||01|Shimoga Agriculture University||||2415-80-277-5-01|HOA Total :|Total|Detailed-Head|8464.86|8796.11|9046.11|9546.16|100.0
26|03|01|2415|Agricultural Research and Education|80||||||||||2415|2415 - Total :||Total|Major-Head|69534.00|71758.31|72762.31|84589.90|
27|03|01|4401|Capital Outlay on Crop Husbandry|00||||||||||4401|Capital Outlay on Crop Husbandry||Header|Major-Head|||||
27|03|01|4401|Capital Outlay on Crop Husbandry|00||001|Direction and Administration|1|Agricultural Infrastructure|01|Agricultural Infrastructure|||4401-00-001-1-01|Agricultural Infrastructure||Header|Detailed-Head|||||100.0
27|03|01|4401|Capital Outlay on Crop Husbandry|00||001|Direction and Administration|1|Agricultural Infrastructure|01|Agricultural Infrastructure|132|Other Capital Expenses|4401-00-001-1-01|Other Capital Expenses||Data|Object-Head||||200.00|100.0
27|03|01|4401|Capital Outlay on Crop Husbandry|00||001|Direction and Administration|1|Agricultural Infrastructure|01|Agricultural Infrastructure|139|Major Works|4401-00-001-1-01|Major Works||Data|Object-Head|1.00|1.00|1.00||100.0
27|03|01|4401|Capital Outlay on Crop Husbandry|00||001|Direction and Administration|1|Agricultural Infrastructure|01|Agricultural Infrastructure|180|Machinery and Equipments|4401-00-001-1-01|Machinery and Equipments||Data|Object-Head||20.00|20.00|20.00|100.0
27|03|01|4401|Capital Outlay on Crop Husbandry|00||001|Direction and Administration|1|Agricultural Infrastructure|01|Agricultural Infrastructure|436|NABARD Works|4401-00-001-1-01|NABARD Works||Data|Object-Head|2483.00|5463.00|5463.00||100.0
27|03|01|4401|Capital Outlay on Crop Husbandry|00||001|Direction and Administration|1|Agricultural Infrastructure|01|Agricultural Infrastructure||||4401-00-001-1-01|HOA Total :|Total|Detailed-Head|2484.00|5484.00|5484.00|220.00|100.0
27|03|01|4401|Capital Outlay on Crop Husbandry|00||001|Direction and Administration|1|Agricultural Infrastructure|02|Agriculture Quality Control-Capital Expenses|||4401-00-001-1-02|Agriculture Quality Control-Capital Expenses||Header|Detailed-Head|||||100.0
27|03|01|4401|Capital Outlay on Crop Husbandry|00||001|Direction and Administration|1|Agricultural Infrastructure|02|Agriculture Quality Control-Capital Expenses|180|Machinery and Equipments|4401-00-001-1-02|Machinery and Equipments||Data|Object-Head||770.00|770.00|300.00|100.0
27|03|01|4401|Capital Outlay on Crop Husbandry|00||001|Direction and Administration|1|Agricultural Infrastructure|02|Agriculture Quality Control-Capital Expenses||||4401-00-001-1-02|HOA Total :|Total|Detailed-Head|0.00|770.00|770.00|300.00|100.0
27|03|01|4401|Capital Outlay on Crop Husbandry|00||102|Food Grain Crops|1|Building Expenses of Agricultural Universities|01|Building Expenses of Agricultural Universities|||4401-00-102-1-01|Building Expenses of Agricultural Universities||Header|Detailed-Head|||||100.0
27|03|01|4401|Capital Outlay on Crop Husbandry|00||102|Food Grain Crops|1|Building Expenses of Agricultural Universities|01|Building Expenses of Agricultural Universities|132|Other Capital Expenses|4401-00-102-1-01|Other Capital Expenses||Data|Object-Head||1.00|1.00||100.0
27|03|01|4401|Capital Outlay on Crop Husbandry|00||102|Food Grain Crops|1|Building Expenses of Agricultural Universities|01|Building Expenses of Agricultural Universities|386|Purchase/Construction of Buildings|4401-00-102-1-01|Purchase/Construction of Buildings||Data|Object-Head||2700.00|2700.00|2500.00|100.0
27|03|01|4401|Capital Outlay on Crop Husbandry|00||102|Food Grain Crops|1|Building Expenses of Agricultural Universities|01|Building Expenses of Agricultural Universities||||4401-00-102-1-01|HOA Total :|Total|Detailed-Head|0.00|2701.00|2701.00|2500.00|100.0
27|03|01|4401|Capital Outlay on Crop Husbandry|00||800|Other Expenditure|1|Agricultural University-RIDF|02|Shimoga Agricultural University-RIDF|||4401-00-800-1-02|Shimoga Agricultural University-RIDF||Header|Detailed-Head|||||100.0
27|03|01|4401|Capital Outlay on Crop Husbandry|00||800|Other Expenditure|1|Agricultural University-RIDF|02|Shimoga Agricultural University-RIDF|436|NABARD Works|4401-00-800-1-02|NABARD Works||Data|Object-Head|1555.21|811.00|811.00||100.0
27|03|01|4401|Capital Outlay on Crop Husbandry|00||800|Other Expenditure|1|Agricultural University-RIDF|02|Shimoga Agricultural University-RIDF||||4401-00-800-1-02|HOA Total :|Total|Detailed-Head|1555.21|811.00|811.00|0.00|100.0
27|03|01|4401|Capital Outlay on Crop Husbandry|00||800|Other Expenditure|1|Agricultural University-RIDF|03|Raichur Agricultural University-RIDF|||4401-00-800-1-03|Raichur Agricultural University-RIDF||Header|Detailed-Head|||||100.0
27|03|01|4401|Capital Outlay on Crop Husbandry|00||800|Other Expenditure|1|Agricultural University-RIDF|03|Raichur Agricultural University-RIDF|436|NABARD Works|4401-00-800-1-03|NABARD Works||Data|Object-Head|1000.00|807.00|807.00|693.00|100.0
27|03|01|4401|Capital Outlay on Crop Husbandry|00||800|Other Expenditure|1|Agricultural University-RIDF|03|Raichur Agricultural University-RIDF||||4401-00-800-1-03|HOA Total :|Total|Detailed-Head|1000.00|807.00|807.00|693.00|100.0
28|03|01|4401|Capital Outlay on Crop Husbandry|00||800|Other Expenditure|1|Agricultural University-RIDF|05|Bangalore Agriculture University-RIDF|||4401-00-800-1-05|Bangalore Agriculture University-RIDF|V|Header|Detailed-Head|||||100.0
28|03|01|4401|Capital Outlay on Crop Husbandry|00||800|Other Expenditure|1|Agricultural University-RIDF|05|Bangalore Agriculture University-RIDF|436|NABARD Works|4401-00-800-1-05|NABARD Works|V|Data|Object-Head|1321.58||||100.0
28|03|01|4401|Capital Outlay on Crop Husbandry|00||800|Other Expenditure|1|Agricultural University-RIDF|05|Bangalore Agriculture University-RIDF|||4401-00-800-1-05|HOA Total :|V|Total|Detailed-Head|1321.58|0.00|0.00|0.00|100.0
28|03|01|4401|Capital Outlay on Crop Husbandry|00||800|Other Expenditure|1|Agricultural University-RIDF|06|Dharwad Agriculture University-RIDF|||4401-00-800-1-06|Dharwad Agriculture University-RIDF|V|Header|Detailed-Head|||||100.0
28|03|01|4401|Capital Outlay on Crop Husbandry|00||800|Other Expenditure|1|Agricultural University-RIDF|06|Dharwad Agriculture University-RIDF|436|NABARD Works|4401-00-800-1-06|NABARD Works|V|Data|Object-Head|535.00|319.00|319.00||100.0
28|03|01|4401|Capital Outlay on Crop Husbandry|00||800|Other Expenditure|1|Agricultural University-RIDF|06|Dharwad Agriculture University-RIDF|||4401-00-800-1-06|HOA Total :|V|Total|Detailed-Head|535.00|319.00|319.00|0.00|100.0
28|03|01|4401|Capital Outlay on Crop Husbandry|00||||||||||4401|4401 - Total :|V|Total|Major-Head|6895.79|10892.00|10892.00|3713.00|
29|03|01|4402|Capital Outlay on Soil and Water Conservation|00||||||||||4402|Capital Outlay on Soil and Water Conservation|V|Header|Major-Head|||||
29|03|01|4402|Capital Outlay on Soil and Water Conservation|00||102||||||||4402-00-102|102|V|Header|Minor-Head|||||
29|03|01|4402|Capital Outlay on Soil and Water Conservation|00||102||0||||||4402-00-102-0|0|V|Header|Sub-Head|||||
29|03|01|4402|Capital Outlay on Soil and Water Conservation|00||102||0||01|RIDF Assisted Watershed Development Projects|||4402-00-102-0-01|RIDF Assisted Watershed Development Projects|V|Header|Detailed-Head|||||100.0
29|03|01|4402|Capital Outlay on Soil and Water Conservation|00||102||0||01|RIDF Assisted Watershed Development Projects|436|NABARD Works|4402-00-102-0-01|NABARD Works|V|Data|Object-Head|241.04||||100.0
29|03|01|4402|Capital Outlay on Soil and Water Conservation|00||102||0||01|RIDF Assisted Watershed Development Projects|||4402-00-102-0-01|HOA Total :|V|Total|Detailed-Head|241.04|0.00|0.00|0.00|100.0
29|03|01|4402|Capital Outlay on Soil and Water Conservation|00||102||0||06|CSS-Central Share- Watershed Development Component of Pradhana Mantri Krishi Sinchayee Yojana 2.0 (WDC-PMKSY 2.0)|||4402-00-102-0-06|CSS-Central Share- Watershed Development Component of Pradhana Mantri Krishi Sinchayee Yojana 2.0 (WDC-PMKSY 2.0)|V|Header|Detailed-Head|||||100.0
29|03|01|4402|Capital Outlay on Soil and Water Conservation|00||102||0||06|CSS-Central Share- Watershed Development Component of Pradhana Mantri Krishi Sinchayee Yojana 2.0 (WDC-PMKSY 2.0)|132|Other Capital Expenses|4402-00-102-0-06|Other Capital Expenses|V|Data|Object-Head||2218.56|2218.56|2656.50|100.0
29|03|01|4402|Capital Outlay on Soil and Water Conservation|00||102||0||06|CSS-Central Share- Watershed Development Component of Pradhana Mantri Krishi Sinchayee Yojana 2.0 (WDC-PMKSY 2.0)|422|Schedule Caste Sub Plan|4402-00-102-0-06|Schedule Caste Sub Plan|V|Data|Object-Head||501.29|501.29|600.25|100.0
29|03|01|4402|Capital Outlay on Soil and Water Conservation|00||102||0||06|CSS-Central Share- Watershed Development Component of Pradhana Mantri Krishi Sinchayee Yojana 2.0 (WDC-PMKSY 2.0)|423|Tribal Sub Plan|4402-00-102-0-06|Tribal Sub Plan|V|Data|Object-Head||203.15|203.15|243.25|100.0
29|03|01|4402|Capital Outlay on Soil and Water Conservation|00||102||0||06|CSS-Central Share- Watershed Development Component of Pradhana Mantri Krishi Sinchayee Yojana 2.0 (WDC-PMKSY 2.0)|||4402-00-102-0-06|HOA Total :|V|Total|Detailed-Head|0.00|2923.00|2923.00|3500.00|100.0
29|03|01|4402|Capital Outlay on Soil and Water Conservation|00||102||0||07|CSS-State Share- Watershed Development Component of Pradhana Mantri Krishi Sinchayee Yojana 2.0 (WDC-PMKSY 2.0)|||4402-00-102-0-07|CSS-State Share- Watershed Development Component of Pradhana Mantri Krishi Sinchayee Yojana 2.0 (WDC-PMKSY 2.0)|V|Header|Detailed-Head|||||100.0
29|03|01|4402|Capital Outlay on Soil and Water Conservation|00||102||0||07|CSS-State Share- Watershed Development Component of Pradhana Mantri Krishi Sinchayee Yojana 2.0 (WDC-PMKSY 2.0)|132|Other Capital Expenses|4402-00-102-0-07|Other Capital Expenses|V|Data|Object-Head||1479.30|1479.30|1770.75|100.0
29|03|01|4402|Capital Outlay on Soil and Water Conservation|00||102||0||07|CSS-State Share- Watershed Development Component of Pradhana Mantri Krishi Sinchayee Yojana 2.0 (WDC-PMKSY 2.0)|422|Schedule Caste Sub Plan|4402-00-102-0-07|Schedule Caste Sub Plan|V|Data|Object-Head||334.25|334.25|400.11|100.0
29|03|01|4402|Capital Outlay on Soil and Water Conservation|00||102||0||07|CSS-State Share- Watershed Development Component of Pradhana Mantri Krishi Sinchayee Yojana 2.0 (WDC-PMKSY 2.0)|423|Tribal Sub Plan|4402-00-102-0-07|Tribal Sub Plan|V|Data|Object-Head||135.45|135.45|162.14|100.0
29|03|01|4402|Capital Outlay on Soil and Water Conservation|00||102||0||07|CSS-State Share- Watershed Development Component of Pradhana Mantri Krishi Sinchayee Yojana 2.0 (WDC-PMKSY 2.0)|||4402-00-102-0-07|HOA Total :|V|Total|Detailed-Head|0.00|1949.00|1949.00|2333.00|100.0
29|03|01|4402|Capital Outlay on Soil and Water Conservation|00||203||||||||4402-00-203|203|V|Header|Minor-Head|||||
29|03|01|4402|Capital Outlay on Soil and Water Conservation|00||203||0||||||4402-00-203-0|0|V|Header|Sub-Head|||||
29|03|01|4402|Capital Outlay on Soil and Water Conservation|00||203||0||01|World Bank Assisted REWARD Project-EAP(IND-9314)|||4402-00-203-0-01|World Bank Assisted REWARD Project-EAP(IND-9314)|V|Header|Detailed-Head|||||100.0
29|03|01|4402|Capital Outlay on Soil and Water Conservation|00||203||0||01|World Bank Assisted REWARD Project-EAP(IND-9314)|132|Other Capital Expenses|4402-00-203-0-01|Other Capital Expenses|V|Data|Object-Head||5000.00|5000.00|7500.00|100.0
29|03|01|4402|Capital Outlay on Soil and Water Conservation|00||203||0||01|World Bank Assisted REWARD Project-EAP(IND-9314)|139|Major Works|4402-00-203-0-01|Major Works|V|Data|Object-Head||10000.00|10000.00||100.0
29|03|01|4402|Capital Outlay on Soil and Water Conservation|00||203||0||01|World Bank Assisted REWARD Project-EAP(IND-9314)|||4402-00-203-0-01|HOA Total :|V|Total|Detailed-Head|0.00|15000.00|15000.00|7500.00|100.0
29|03|01|4402|Capital Outlay on Soil and Water Conservation|00||||||||||4402|4402 - ಜುಮ್ಲಾ Total :|V|Total|Major-Head|241.04|19872.00|19872.00|13333.00|
30|03|01|2401|Crop Husbandry|00||||||||||2401|Crop Husbandry|V|Header|Major-Head|||||
30|03|01|2401|Crop Husbandry|00||001||2||01|Directorate of Horticulture|||2401-00-001-2-01|Directorate of Horticulture|V|Header|Detailed-Head|||||100.0
30|03|01|2401|Crop Husbandry|00||001||2||01|Directorate of Horticulture|002|Basic Pay|2401-00-001-2-01|Basic Pay|V|Data|Object-Head|3499.09|9505.00|9505.00|9571.00|100.0
30|03|01|2401|Crop Husbandry|00||001||2||01|Directorate of Horticulture|003|Basic Pay-Staff|2401-00-001-2-01|Basic Pay-Staff|V|Data|Object-Head|4374.71||||100.0
30|03|01|2401|Crop Husbandry|00||001||2||01|Directorate of Horticulture|004|Interim Relief|2401-00-001-2-01|Interim Relief|V|Data|Object-Head|493.93||||100.0
30|03|01|2401|Crop Husbandry|00||001||2||01|Directorate of Horticulture|011|Dearness Allowance|2401-00-001-2-01|Dearness Allowance|V|Data|Object-Head|1824.94|2099.00|2099.00|2402.00|100.0
30|03|01|2401|Crop Husbandry|00||001||2||01|Directorate of Horticulture|014|Other Allowance|2401-00-001-2-01|Other Allowance|V|Data|Object-Head|1199.24|1439.00|1439.00|1400.00|100.0
30|03|01|2401|Crop Husbandry|00||001||2||01|Directorate of Horticulture|015|Subsidiary Expenses|2401-00-001-2-01|Subsidiary Expenses|V|Data|Object-Head||||50.00|100.0
30|03|01|2401|Crop Husbandry|00||001||2||01|Directorate of Horticulture|020|Medical Allowance|2401-00-001-2-01|Medical Allowance|V|Data|Object-Head|40.89||||100.0
30|03|01|2401|Crop Husbandry|00||001||2||01|Directorate of Horticulture|021|Reimbursement of Medical Expenses|2401-00-001-2-01|Reimbursement of Medical Expenses|V|Data|Object-Head|89.48|95.00|95.00|91.00|100.0
30|03|01|2401|Crop Husbandry|00||001||2||01|Directorate of Horticulture|033|Daily-wages|2401-00-001-2-01|Daily-wages|V|Data|Object-Head|814.64|909.79|909.79|714.97|100.0
30|03|01|2401|Crop Husbandry|00||001||2||01|Directorate of Horticulture|034|Contract/Outsource|2401-00-001-2-01|Contract/Outsource|V|Data|Object-Head|906.79|1071.84|1071.84|1112.59|100.0
30|03|01|2401|Crop Husbandry|00||001||2||01|Directorate of Horticulture|041|Travel Expenses|2401-00-001-2-01|Travel Expenses|V|Data|Object-Head|44.50|52.00|52.00|52.00|100.0
30|03|01|2401|Crop Husbandry|00||001||2||01|Directorate of Horticulture|050|Office Expenses|2401-00-001-2-01|Office Expenses|V|Data|Object-Head||8.00|8.00|8.00|100.0
30|03|01|2401|Crop Husbandry|00||001||2||01|Directorate of Horticulture|051|General Expenses|2401-00-001-2-01|General Expenses|V|Data|Object-Head|230.52|225.00|225.00|230.00|100.0
30|03|01|2401|Crop Husbandry|00||001||2||01|Directorate of Horticulture|052|Telephone Charges|2401-00-001-2-01|Telephone Charges|V|Data|Object-Head|5.26||||100.0
30|03|01|2401|Crop Husbandry|00||001||2||01|Directorate of Horticulture|053|Purchase of Furniture and Fixture for Office|2401-00-001-2-01|Purchase of Furniture and Fixture for Office|V|Data|Object-Head|5.48||||100.0
30|03|01|2401|Crop Husbandry|00||001||2||01|Directorate of Horticulture|071|Building Expenses|2401-00-001-2-01|Building Expenses|V|Data|Object-Head|119.55|150.00|150.00|150.00|100.0
30|03|01|2401|Crop Husbandry|00||001||2||01|Directorate of Horticulture|103|Grants-in-Aid -General|2401-00-001-2-01|Grants-in-Aid -General|V|Data|Object-Head|396.00|400.00|400.00||100.0
30|03|01|2401|Crop Husbandry|00||001||2||01|Directorate of Horticulture|140|Minor Works|2401-00-001-2-01|Minor Works|V|Data|Object-Head|75.83|50.00|50.00|50.00|100.0
30|03|01|2401|Crop Husbandry|00||001||2||01|Directorate of Horticulture|180|Machinery and Equipments|2401-00-001-2-01|Machinery and Equipments|V|Data|Object-Head|6.97||||100.0
30|03|01|2401|Crop Husbandry|00||001||2||01|Directorate of Horticulture|195|Transport Expenses|2401-00-001-2-01|Transport Expenses|V|Data|Object-Head|872.53|875.19|875.19|976.28|100.0
30|03|01|2401|Crop Husbandry|00||001||2||01|Directorate of Horticulture|251|Pension & Retirement Benefits|2401-00-001-2-01|Pension & Retirement Benefits|V|Data|Object-Head|307.32|261.06|261.06|266.00|100.0
30|03|01|2401|Crop Husbandry|00||001||2||01|Directorate of Horticulture||||HOA Total :|V|Total|Detailed-Head|15307.67|17140.88|17140.88|17073.84|100.0
31|03|01|2401|Crop Husbandry|00||001|Direction and Administration|2||10|Unspent SCSP-TSP Amount as per the SCSP-TSP Act 2013|||2401-00-001-2-10|Unspent SCSP-TSP Amount as per the SCSP-TSP Act 2013|V|Header|Detailed-Head|||||100.0
31|03|01|2401|Crop Husbandry|00||001|Direction and Administration|2||10|Unspent SCSP-TSP Amount as per the SCSP-TSP Act 2013|422|Schedule Caste Sub Plan|2401-00-001-2-10|Schedule Caste Sub Plan|V|Data|Object-Head|193.28|8.24|8.24|0.02|100.0
31|03|01|2401|Crop Husbandry|00||001|Direction and Administration|2||10|Unspent SCSP-TSP Amount as per the SCSP-TSP Act 2013|423|Tribal Sub Plan|2401-00-001-2-10|Tribal Sub Plan|V|Data|Object-Head|26.87|10.25|10.25|0.03|100.0
31|03|01|2401|Crop Husbandry|00||001|Direction and Administration|2||10|Unspent SCSP-TSP Amount as per the SCSP-TSP Act 2013||||HOA Total :|V|Total|Detailed-Head|220.15|18.49|18.49|0.05|100.0
31|03|01|2401|Crop Husbandry|00||001|Direction and Administration|2||50|Vacant Post Provision|||2401-00-001-2-50|Vacant Post Provision|V|Header|Detailed-Head|||||100.0
31|03|01|2401|Crop Husbandry|00||001|Direction and Administration|2||50|Vacant Post Provision|014|Other Allowance|2401-00-001-2-50|Other Allowance|V|Data|Object-Head||7560.06|7560.06|9277.06|100.0
31|03|01|2401|Crop Husbandry|00||001|Direction and Administration|2||50|Vacant Post Provision||||HOA Total :|V|Total|Detailed-Head|0.00|7560.06|7560.06|9277.06|100.0
31|03|01|2401|Crop Husbandry|00||102|Food Grain Crops|||||||2401-00-102|Food Grain Crops|V|Header|Minor-Head|||||
31|03|01|2401|Crop Husbandry|00||102|Food Grain Crops|0||30|CSS-Central Share-Paramparagat Krishi Vikas Yojane(RKVY)|||2401-00-102-0-30|CSS-Central Share-Paramparagat Krishi Vikas Yojane(RKVY)|V|Header|Detailed-Head|||||100.0
31|03|01|2401|Crop Husbandry|00||102|Food Grain Crops|0||30|CSS-Central Share-Paramparagat Krishi Vikas Yojane(RKVY)|106|Subsidies|2401-00-102-0-30|Subsidies|V|Data|Object-Head|370.00|1214.40|1380.00|1170.00|100.0
31|03|01|2401|Crop Husbandry|00||102|Food Grain Crops|0||30|CSS-Central Share-Paramparagat Krishi Vikas Yojane(RKVY)|422|Schedule Caste Sub Plan|2401-00-102-0-30|Schedule Caste Sub Plan|V|Data|Object-Head|83.00|274.40|275.00|233.00|100.0
31|03|01|2401|Crop Husbandry|00||102|Food Grain Crops|0||30|CSS-Central Share-Paramparagat Krishi Vikas Yojane(RKVY)|423|Tribal Sub Plan|2401-00-102-0-30|Tribal Sub Plan|V|Data|Object-Head|34.00|111.20|114.00|97.00|100.0
31|03|01|2401|Crop Husbandry|00||102|Food Grain Crops|0||30|CSS-Central Share-Paramparagat Krishi Vikas Yojane(RKVY)||||HOA Total :|V|Total|Detailed-Head|487.00|1600.00|1769.00|1500.00|100.0
31|03|01|2401|Crop Husbandry|00||102|Food Grain Crops|0||31|CSS-State Share-Paramparagat Krishi Vikas Yojane(RKVY)|||2401-00-102-0-31|CSS-State Share-Paramparagat Krishi Vikas Yojane(RKVY)|V|Header|Detailed-Head|||||100.0
31|03|01|2401|Crop Husbandry|00||102|Food Grain Crops|0||31|CSS-State Share-Paramparagat Krishi Vikas Yojane(RKVY)|106|Subsidies|2401-00-102-0-31|Subsidies|V|Data|Object-Head|246.67|809.61|920.00|788.00|100.0
31|03|01|2401|Crop Husbandry|00||102|Food Grain Crops|0||31|CSS-State Share-Paramparagat Krishi Vikas Yojane(RKVY)|422|Schedule Caste Sub Plan|2401-00-102-0-31|Schedule Caste Sub Plan|V|Data|Object-Head|55.33|182.93|183.33|155.00|100.0
31|03|01|2401|Crop Husbandry|00||102|Food Grain Crops|0||31|CSS-State Share-Paramparagat Krishi Vikas Yojane(RKVY)|423|Tribal Sub Plan|2401-00-102-0-31|Tribal Sub Plan|V|Data|Object-Head|22.67|74.13|76.00|57.00|100.0
31|03|01|2401|Crop Husbandry|00||102|Food Grain Crops|0||31|CSS-State Share-Paramparagat Krishi Vikas Yojane(RKVY)||||HOA Total :|V|Total|Detailed-Head|324.67|1066.67|1179.33|1000.00|100.0
31|03|01|2401|Crop Husbandry|00||108|Commercial Crops|||||||2401-00-108|Commercial Crops|V|Header|Minor-Head|||||
31|03|01|2401|Crop Husbandry|00||108|Commercial Crops|2||18|CSS-State Share-National Mission on Edible Oil- Oil Palm(Krishonnati Yojane)|||2401-00-108-2-18|CSS-State Share-National Mission on Edible Oil- Oil Palm(Krishonnati Yojane)|V|Header|Detailed-Head|||||100.0
31|03|01|2401|Crop Husbandry|00||108|Commercial Crops|2||18|CSS-State Share-National Mission on Edible Oil- Oil Palm(Krishonnati Yojane)|106|Subsidies|2401-00-108-2-18|Subsidies|V|Data|Object-Head|368.41|303.60|778.73|364.00|100.0
31|03|01|2401|Crop Husbandry|00||108|Commercial Crops|2||18|CSS-State Share-National Mission on Edible Oil- Oil Palm(Krishonnati Yojane)|422|Schedule Caste Sub Plan|2401-00-108-2-18|Schedule Caste Sub Plan|V|Data|Object-Head|18.55|68.60|175.96|82.00|100.0
32|03|01|2401|Crop Husbandry|00||108|Commercial Crops|2||18|CSS-State Share-National Mission on Edible Oil- Oil Palm(Krishonnati Yojane)|423|Tribal Sub Plan|2401-00-108-2-18|Tribal Sub Plan|V|Data|Object-Head|8.91|27.80|71.31|34.00|100.0
32|03|01|2401|Crop Husbandry|00||108|Commercial Crops|2||18|CSS-State Share-National Mission on Edible Oil- Oil Palm(Krishonnati Yojane)||||HOA Total :|V|Total|Detailed-Head|395.87|400.00|1026.00|480.00|100.0
32|03|01|2401|Crop Husbandry|00||108|Commercial Crops|2||20|CSS-Central Share-National Mission on Edible Oil- Oil Palm(Krishonnati Yojane)|||2401-00-108-2-20|CSS-Central Share-National Mission on Edible Oil- Oil Palm(Krishonnati Yojane)|V|Header|Detailed-Head|||||100.0
32|03|01|2401|Crop Husbandry|00||108|Commercial Crops|2||20|CSS-Central Share-National Mission on Edible Oil- Oil Palm(Krishonnati Yojane)|106|Subsidies|2401-00-108-2-20|Subsidies|V|Data|Object-Head|936.49|455.32|1168.10|546.64|100.0
32|03|01|2401|Crop Husbandry|00||108|Commercial Crops|2||20|CSS-Central Share-National Mission on Edible Oil- Oil Palm(Krishonnati Yojane)|422|Schedule Caste Sub Plan|2401-00-108-2-20|Schedule Caste Sub Plan|V|Data|Object-Head|27.83|102.98|263.94|124.00|100.0
32|03|01|2401|Crop Husbandry|00||108|Commercial Crops|2||20|CSS-Central Share-National Mission on Edible Oil- Oil Palm(Krishonnati Yojane)|423|Tribal Sub Plan|2401-00-108-2-20|Tribal Sub Plan|V|Data|Object-Head|13.36|41.70|106.96|50.00|100.0
32|03|01|2401|Crop Husbandry|00||108|Commercial Crops|2||20|CSS-Central Share-National Mission on Edible Oil- Oil Palm(Krishonnati Yojane)||||HOA Total :|V|Total|Detailed-Head|977.68|600.00|1539.00|720.64|100.0
32|03|01|2401|Crop Husbandry|00||108|Commercial Crops|2||23|CSS-Central Share(100% GoI)- National Mission on Edible Oil-Oil Palm-Seed Garden & Viability Gap Price (Krishonnati Yojane)|||2401-00-108-2-23|CSS-Central Share(100% GoI)- National Mission on Edible Oil-Oil Palm-Seed Garden & Viability Gap Price (Krishonnati Yojane)|V|Header|Detailed-Head|||||100.0
32|03|01|2401|Crop Husbandry|00||108|Commercial Crops|2||23|CSS-Central Share(100% GoI)- National Mission on Edible Oil-Oil Palm-Seed Garden & Viability Gap Price (Krishonnati Yojane)|059|Other Expenses|2401-00-108-2-23|Other Expenses|V|Data|Object-Head|198.75|1.00|1.00|15.00|100.0
32|03|01|2401|Crop Husbandry|00||108|Commercial Crops|2||23|CSS-Central Share(100% GoI)- National Mission on Edible Oil-Oil Palm-Seed Garden & Viability Gap Price (Krishonnati Yojane)||||HOA Total :|V|Total|Detailed-Head|198.75|1.00|1.00|15.00|100.0
32|03|01|2401|Crop Husbandry|00||108|Commercial Crops|2||30|CSS-Central Share-Pradhana Mantri Krishi Sinchayee Yojane(RKVY)|||2401-00-108-2-30|CSS-Central Share-Pradhana Mantri Krishi Sinchayee Yojane(RKVY)|V|Header|Detailed-Head|||||100.0
32|03|01|2401|Crop Husbandry|00||108|Commercial Crops|2||30|CSS-Central Share-Pradhana Mantri Krishi Sinchayee Yojane(RKVY)|059|Other Expenses|2401-00-108-2-30|Other Expenses|V|Data|Object-Head|60.00||||100.0
32|03|01|2401|Crop Husbandry|00||108|Commercial Crops|2||30|CSS-Central Share-Pradhana Mantri Krishi Sinchayee Yojane(RKVY)|106|Subsidies|2401-00-108-2-30|Subsidies|V|Data|Object-Head|24409.70|22770.00|27603.00|26128.00|100.0
32|03|01|2401|Crop Husbandry|00||108|Commercial Crops|2||30|CSS-Central Share-Pradhana Mantri Krishi Sinchayee Yojane(RKVY)|422|Schedule Caste Sub Plan|2401-00-108-2-30|Schedule Caste Sub Plan|V|Data|Object-Head|5375.67|5145.00|5490.00|5197.00|100.0
32|03|01|2401|Crop Husbandry|00||108|Commercial Crops|2||30|CSS-Central Share-Pradhana Mantri Krishi Sinchayee Yojane(RKVY)|423|Tribal Sub Plan|2401-00-108-2-30|Tribal Sub Plan|V|Data|Object-Head|2118.50|2085.00|2276.00|2154.00|100.0
32|03|01|2401|Crop Husbandry|00||108|Commercial Crops|2||30|CSS-Central Share-Pradhana Mantri Krishi Sinchayee Yojane(RKVY)||||HOA Total :|V|Total|Detailed-Head|31963.87|30000.00|35369.00|33479.00|100.0
32|03|01|2401|Crop Husbandry|00||108|Commercial Crops|2||58|CSS-State Share-Pradhana Mantri Krishi Sinchayi Yojane(RKVY)|||2401-00-108-2-58|CSS-State Share-Pradhana Mantri Krishi Sinchayi Yojane(RKVY)|V|Header|Detailed-Head|||||100.0
32|03|01|2401|Crop Husbandry|00||108|Commercial Crops|2||58|CSS-State Share-Pradhana Mantri Krishi Sinchayi Yojane(RKVY)|059|Other Expenses|2401-00-108-2-58|Other Expenses|V|Data|Object-Head|40.00||||100.0
33|03|01|2401|Crop Husbandry|00||108|Commercial Crops|2||58|CSS-State Share-Pradhana Mantri Krishi Sinchayi Yojane(RKVY)|106|Subsidies|2401-00-108-2-58|Subsidies|V|Data|Object-Head|16273.13|15180.00|18402.00|17419.00|100.0
33|03|01|2401|Crop Husbandry|00||108|Commercial Crops|2||58|CSS-State Share-Pradhana Mantri Krishi Sinchayi Yojane(RKVY)|422|Schedule Caste Sub Plan|2401-00-108-2-58|Schedule Caste Sub Plan|V|Data|Object-Head|3583.78|3430.00|3660.00|3464.00|100.0
33|03|01|2401|Crop Husbandry|00||108|Commercial Crops|2||58|CSS-State Share-Pradhana Mantri Krishi Sinchayi Yojane(RKVY)|423|Tribal Sub Plan|2401-00-108-2-58|Tribal Sub Plan|V|Data|Object-Head|1412.33|1390.00|1517.33|1436.00|100.0
33|03|01|2401|Crop Husbandry|00||108|Commercial Crops|2||58|CSS-State Share-Pradhana Mantri Krishi Sinchayi Yojane(RKVY)||||HOA Total :|V|Total|Detailed-Head|21309.24|20000.00|23579.33|22319.00|100.0
33|03|01|2401|Crop Husbandry|00||108|Commercial Crops|2||59|State Additional Topup for CSS PMKSY (Horticulture)|||2401-00-108-2-59|State Additional Topup for CSS PMKSY (Horticulture)|V|Header|Detailed-Head|||||100.0
33|03|01|2401|Crop Husbandry|00||108|Commercial Crops|2||59|State Additional Topup for CSS PMKSY (Horticulture)|106|Subsidies|2401-00-108-2-59|Subsidies|V|Data|Object-Head||3795.00|3795.00|7591.00|100.0
33|03|01|2401|Crop Husbandry|00||108|Commercial Crops|2||59|State Additional Topup for CSS PMKSY (Horticulture)|422|Schedule Caste Sub Plan|2401-00-108-2-59|Schedule Caste Sub Plan|V|Data|Object-Head|1998.39|857.50|857.50|1715.50|100.0
33|03|01|2401|Crop Husbandry|00||108|Commercial Crops|2||59|State Additional Topup for CSS PMKSY (Horticulture)|423|Tribal Sub Plan|2401-00-108-2-59|Tribal Sub Plan|V|Data|Object-Head|999.79|347.50|347.50|693.50|100.0
33|03|01|2401|Crop Husbandry|00||108|Commercial Crops|2||59|State Additional Topup for CSS PMKSY (Horticulture)||||HOA Total :|V|Total|Detailed-Head|2998.18|5000.00|5000.00|10000.00|100.0
33|03|01|2401|Crop Husbandry|00||110|Pradhan Mantri Fasal Bhima Yojana|0||10|Pradhan Mantri Fasal Bhima Yojana|||2401-00-110-0-10|Pradhan Mantri Fasal Bhima Yojana|V|Header|Detailed-Head|||||100.0
33|03|01|2401|Crop Husbandry|00||110|Pradhan Mantri Fasal Bhima Yojana|0||10|Pradhan Mantri Fasal Bhima Yojana|106|Subsidies|2401-00-110-0-10|Subsidies|V|Data|Object-Head|||1.00||100.0
33|03|01|2401|Crop Husbandry|00||110|Pradhan Mantri Fasal Bhima Yojana|0||10|Pradhan Mantri Fasal Bhima Yojana|422|Schedule Caste Sub Plan|2401-00-110-0-10|Schedule Caste Sub Plan|V|Data|Object-Head|||1.00||100.0
33|03|01|2401|Crop Husbandry|00||110|Pradhan Mantri Fasal Bhima Yojana|0||10|Pradhan Mantri Fasal Bhima Yojana|423|Tribal Sub Plan|2401-00-110-0-10|Tribal Sub Plan|V|Data|Object-Head|||1.00||100.0
33|03|01|2401|Crop Husbandry|00||110|Pradhan Mantri Fasal Bhima Yojana|0||10|Pradhan Mantri Fasal Bhima Yojana||||HOA Total :|V|Total|Detailed-Head|0.00|0.00|3.00|0.00|100.0
33|03|01|2401|Crop Husbandry|00||111|Comprehensive Horticulture Development Programs|0||08|Comprehensive Horticulture Development Programs|||2401-00-111-0-08|Comprehensive Horticulture Development Programs|V|Header|Detailed-Head|||||100.0
33|03|01|2401|Crop Husbandry|00||111|Comprehensive Horticulture Development Programs|0||08|Comprehensive Horticulture Development Programs|034|Contract/Outsource|2401-00-111-0-08|Contract/Outsource|V|Data|Object-Head|4.99|150.00|150.00||100.0
33|03|01|2401|Crop Husbandry|00||111|Comprehensive Horticulture Development Programs|0||08|Comprehensive Horticulture Development Programs|059|Other Expenses|2401-00-111-0-08|Other Expenses|V|Data|Object-Head|2832.76|4000.00|2335.50||100.0
33|03|01|2401|Crop Husbandry|00||111|Comprehensive Horticulture Development Programs|0||08|Comprehensive Horticulture Development Programs|106|Subsidies|2401-00-111-0-08|Subsidies|V|Data|Object-Head|3789.48|3646.96|3646.96||100.0
33|03|01|2401|Crop Husbandry|00||111|Comprehensive Horticulture Development Programs|0||08|Comprehensive Horticulture Development Programs|422|Schedule Caste Sub Plan|2401-00-111-0-08|Schedule Caste Sub Plan|V|Data|Object-Head|825.17|1275.96|1175.96||100.0
33|03|01|2401|Crop Husbandry|00||111|Comprehensive Horticulture Development Programs|0||08|Comprehensive Horticulture Development Programs|423|Tribal Sub Plan|2401-00-111-0-08|Tribal Sub Plan|V|Data|Object-Head|429.70|517.08|517.08||100.0
33|03|01|2401|Crop Husbandry|00||111|Comprehensive Horticulture Development Programs|0||08|Comprehensive Horticulture Development Programs||||HOA Total :|V|Total|Detailed-Head|7882.10|9590.00|7825.50|0.00|100.0
34|03|01|2401|Crop Husbandry|00||119||4||05|Development and Maintenance of Farms and Nurseries|||2401-00-119-4-05|Development and Maintenance of Farms and Nurseries|V|Header|Detailed-Head|||||100.0
34|03|01|2401|Crop Husbandry|00||119||4||05|Development and Maintenance of Farms and Nurseries|059|Other Expenses|2401-00-119-4-05|Other Expenses|V|Data|Object-Head|748.98|750.00|750.00||100.0
34|03|01|2401|Crop Husbandry|00||119||4||05|Development and Maintenance of Farms and Nurseries||||HOA Total :|V|Total|Detailed-Head|748.98|750.00|750.00|0.00|100.0
34|03|01|2401|Crop Husbandry|00||119||4||06|CSS-State Share-Integrated Development of Horticulture(Krishonnati Yojane)|||2401-00-119-4-06|CSS-State Share-Integrated Development of Horticulture(Krishonnati Yojane)|V|Header|Detailed-Head|||||100.0
34|03|01|2401|Crop Husbandry|00||119||4||06|CSS-State Share-Integrated Development of Horticulture(Krishonnati Yojane)|059|Other Expenses|2401-00-119-4-06|Other Expenses|V|Data|Object-Head|50.00||||100.0
34|03|01|2401|Crop Husbandry|00||119||4||06|CSS-State Share-Integrated Development of Horticulture(Krishonnati Yojane)|101|Grants-in-Aid-Salaries|2401-00-119-4-06|Grants-in-Aid-Salaries|V|Data|Object-Head|100.00||||100.0
34|03|01|2401|Crop Husbandry|00||119||4||06|CSS-State Share-Integrated Development of Horticulture(Krishonnati Yojane)|106|Subsidies|2401-00-119-4-06|Subsidies|V|Data|Object-Head|4136.92|3946.80|3946.80|4250.00|100.0
34|03|01|2401|Crop Husbandry|00||119||4||06|CSS-State Share-Integrated Development of Horticulture(Krishonnati Yojane)|422|Schedule Caste Sub Plan|2401-00-119-4-06|Schedule Caste Sub Plan|V|Data|Object-Head|866.22|891.80|891.80|961.00|100.0
34|03|01|2401|Crop Husbandry|00||119||4||06|CSS-State Share-Integrated Development of Horticulture(Krishonnati Yojane)|423|Tribal Sub Plan|2401-00-119-4-06|Tribal Sub Plan|V|Data|Object-Head|424.16|361.40|361.40|389.00|100.0
34|03|01|2401|Crop Husbandry|00||119||4||06|CSS-State Share-Integrated Development of Horticulture(Krishonnati Yojane)||||HOA Total :|V|Total|Detailed-Head|5577.30|5200.00|5200.00|5600.00|100.0
34|03|01|2401|Crop Husbandry|00||119||4||13|CSS-Central Share-Integrated Development of Horticulture(Krishonnati Yojane)|||2401-00-119-4-13|CSS-Central Share-Integrated Development of Horticulture(Krishonnati Yojane)|V|Header|Detailed-Head|||||100.0
34|03|01|2401|Crop Husbandry|00||119||4||13|CSS-Central Share-Integrated Development of Horticulture(Krishonnati Yojane)|106|Subsidies|2401-00-119-4-13|Subsidies|V|Data|Object-Head|6430.37|5899.71|5899.71|6375.00|100.0
34|03|01|2401|Crop Husbandry|00||119||4||13|CSS-Central Share-Integrated Development of Horticulture(Krishonnati Yojane)|422|Schedule Caste Sub Plan|2401-00-119-4-13|Schedule Caste Sub Plan|V|Data|Object-Head|1299.34|1333.07|1333.07|1441.00|100.0
34|03|01|2401|Crop Husbandry|00||119||4||13|CSS-Central Share-Integrated Development of Horticulture(Krishonnati Yojane)|423|Tribal Sub Plan|2401-00-119-4-13|Tribal Sub Plan|V|Data|Object-Head|636.25|540.22|540.22|584.00|100.0
34|03|01|2401|Crop Husbandry|00||119||4||13|CSS-Central Share-Integrated Development of Horticulture(Krishonnati Yojane)||||HOA Total :|V|Total|Detailed-Head|8365.96|7773.00|7773.00|8400.00|100.0
34|03|01|2401|Crop Husbandry|00||119||5||01|Development of Departmental Laboratories|||2401-00-119-5-01|Development of Departmental Laboratories|V|Header|Detailed-Head|||||100.0
34|03|01|2401|Crop Husbandry|00||119||5||01|Development of Departmental Laboratories|106|Subsidies|2401-00-119-5-01|Subsidies|V|Data|Object-Head||||75.00|100.0
34|03|01|2401|Crop Husbandry|00||119||5||01|Development of Departmental Laboratories|200|Maintenance Expenditure|2401-00-119-5-01|Maintenance Expenditure|V|Data|Object-Head|399.65|400.00|400.00|400.00|100.0
34|03|01|2401|Crop Husbandry|00||119||5||01|Development of Departmental Laboratories|422|Schedule Caste Sub Plan|2401-00-119-5-01|Schedule Caste Sub Plan|V|Data|Object-Head||||17.00|100.0
34|03|01|2401|Crop Husbandry|00||119||5||01|Development of Departmental Laboratories|423|Tribal Sub Plan|2401-00-119-5-01|Tribal Sub Plan|V|Data|Object-Head||||8.00|100.0
34|03|01|2401|Crop Husbandry|00||119||5||01|Development of Departmental Laboratories||||HOA Total :|V|Total|Detailed-Head|399.65|400.00|400.00|500.00|100.0
35|03|01|2401|Crop Husbandry|00||119||5||02|Scheme for Integrated Control of Pests & Diseases of Horticultural Crops|||2401-00-119-5-02|Scheme for Integrated Control of Pests & Diseases of Horticultural Crops|V|Header|Detailed-Head|||||100.0
35|03|01|2401|Crop Husbandry|00||119||5||02|Scheme for Integrated Control of Pests & Diseases of Horticultural Crops|103|Grants-in-Aid -General|2401-00-119-5-02|Grants-in-Aid -General|V|Data|Object-Head||||1000.00|100.0
35|03|01|2401|Crop Husbandry|00||119||5||02|Scheme for Integrated Control of Pests & Diseases of Horticultural Crops|200|Maintenance Expenditure|2401-00-119-5-02|Maintenance Expenditure|V|Data|Object-Head|399.89|400.00|400.00|400.00|100.0
35|03|01|2401|Crop Husbandry|00||119||5||02|Scheme for Integrated Control of Pests & Diseases of Horticultural Crops|422|Schedule Caste Sub Plan|2401-00-119-5-02|Schedule Caste Sub Plan|V|Data|Object-Head|69.97|70.00|70.00|70.00|100.0
35|03|01|2401|Crop Husbandry|00||119||5||02|Scheme for Integrated Control of Pests & Diseases of Horticultural Crops|423|Tribal Sub Plan|2401-00-119-5-02|Tribal Sub Plan|V|Data|Object-Head|29.96|30.00|30.00|30.00|100.0
35|03|01|2401|Crop Husbandry|00||119||5||02|Scheme for Integrated Control of Pests & Diseases of Horticultural Crops||||HOA Total :|V|Total|Detailed-Head|499.82|500.00|500.00|1500.00|100.0
35|03|01|2401|Crop Husbandry|00||196||2||01|Grants to District Horticulture Development Establishments|||2401-00-196-2-01|Grants to District Horticulture Development Establishments|V|Header|Detailed-Head|||||100.0
35|03|01|2401|Crop Husbandry|00||196||2||01|Grants to District Horticulture Development Establishments|300|Lumpsum - ZP|2401-00-196-2-01|Lumpsum - ZP|V|Data|Object-Head||||7655.61|100.0
35|03|01|2401|Crop Husbandry|00||196||2||01|Grants to District Horticulture Development Establishments|401|Bengaluru (Urban)|2401-00-196-2-01|Bengaluru (Urban)|V|Data|Object-Head|666.32|764.39|764.39|690.91|100.0
35|03|01|2401|Crop Husbandry|00||196||2||01|Grants to District Horticulture Development Establishments|402|Bengaluru (Rural)|2401-00-196-2-01|Bengaluru (Rural)|V|Data|Object-Head|552.41|666.85|666.85|644.04|100.0
35|03|01|2401|Crop Husbandry|00||196||2||01|Grants to District Horticulture Development Establishments|403|Chitradurga|2401-00-196-2-01|Chitradurga|V|Data|Object-Head|985.58|985.92|985.92|1046.37|100.0
35|03|01|2401|Crop Husbandry|00||196||2||01|Grants to District Horticulture Development Establishments|404|Kolar|2401-00-196-2-01|Kolar|V|Data|Object-Head|722.25|746.50|746.50|729.14|100.0
35|03|01|2401|Crop Husbandry|00||196||2||01|Grants to District Horticulture Development Establishments|405|Shivamogga|2401-00-196-2-01|Shivamogga|V|Data|Object-Head|1004.20|1141.83|1141.83|1095.80|100.0
35|03|01|2401|Crop Husbandry|00||196||2||01|Grants to District Horticulture Development Establishments|406|Tumakuru|2401-00-196-2-01|Tumakuru|V|Data|Object-Head|1390.35|1503.96|1503.96|1340.98|100.0
35|03|01|2401|Crop Husbandry|00||196||2||01|Grants to District Horticulture Development Establishments|407|Mysuru|2401-00-196-2-01|Mysuru|V|Data|Object-Head|1246.00|1275.36|1275.36|1276.70|100.0
35|03|01|2401|Crop Husbandry|00||196||2||01|Grants to District Horticulture Development Establishments|408|Chikkamagaluru|2401-00-196-2-01|Chikkamagaluru|V|Data|Object-Head|926.99|1063.14|1063.14|1013.18|100.0
35|03|01|2401|Crop Husbandry|00||196||2||01|Grants to District Horticulture Development Establishments|409|Dakshina Kannada|2401-00-196-2-01|Dakshina Kannada|V|Data|Object-Head|479.57|531.37|531.37|576.07|100.0
35|03|01|2401|Crop Husbandry|00||196||2||01|Grants to District Horticulture Development Establishments|410|Hassan|2401-00-196-2-01|Hassan|V|Data|Object-Head|999.29|1060.71|1060.71|1089.22|100.0
35|03|01|2401|Crop Husbandry|00||196||2||01|Grants to District Horticulture Development Establishments|411|Kodagu|2401-00-196-2-01|Kodagu|V|Data|Object-Head|255.36|310.59|310.59|277.09|100.0
35|03|01|2401|Crop Husbandry|00||196||2||01|Grants to District Horticulture Development Establishments|412|Mandya|2401-00-196-2-01|Mandya|V|Data|Object-Head|1057.64|1187.46|1187.46|1161.60|100.0
35|03|01|2401|Crop Husbandry|00||196||2||01|Grants to District Horticulture Development Establishments|413|Belagavi|2401-00-196-2-01|Belagavi|V|Data|Object-Head|1314.13|1509.55|1509.55|1546.24|100.0
35|03|01|2401|Crop Husbandry|00||196||2||01|Grants to District Horticulture Development Establishments|414|Vijayapura|2401-00-196-2-01|Vijayapura|V|Data|Object-Head|777.71|892.21|892.21|914.41|100.0
35|03|01|2401|Crop Husbandry|00||196||2||01|Grants to District Horticulture Development Establishments|415|Dharwad|2401-00-196-2-01|Dharwad|V|Data|Object-Head|768.54|847.81|847.81|838.03|100.0
35|03|01|2401|Crop Husbandry|00||196||2||01|Grants to District Horticulture Development Establishments|416|Uttara Kannada|2401-00-196-2-01|Uttara Kannada|V|Data|Object-Head|1042.86|1051.64|1051.64|1203.51|100.0
35|03|01|2401|Crop Husbandry|00||196||2||01|Grants to District Horticulture Development Establishments|417|Kalaburagi|2401-00-196-2-01|Kalaburagi|V|Data|Object-Head|1084.87|1236.68|1236.68|1286.99|100.0
35|03|01|2401|Crop Husbandry|00||196||2||01|Grants to District Horticulture Development Establishments|418|Ballari|2401-00-196-2-01|Ballari|V|Data|Object-Head|392.79|484.29|484.29|510.61|100.0
36|03|01|2401|Crop Husbandry|00||196||2||01|Grants to District Horticulture Development Establishments|419|Bidar|2401-00-196-2-01|Bidar|V|Data|Object-Head|869.17|1040.39|1040.39|1083.53|100.0
36|03|01|2401|Crop Husbandry|00||196||2||01|Grants to District Horticulture Development Establishments|420|Raichur|2401-00-196-2-01|Raichur|V|Data|Object-Head|861.58|898.54|898.54|858.36|100.0
36|03|01|2401|Crop Husbandry|00||196||2||01|Grants to District Horticulture Development Establishments|421|Yadgiri|2401-00-196-2-01|Yadgiri|V|Data|Object-Head|444.91|479.40|479.40|492.66|100.0
36|03|01|2401|Crop Husbandry|00||196||2||01|Grants to District Horticulture Development Establishments|451|Davanagere|2401-00-196-2-01|Davanagere|V|Data|Object-Head|773.78|860.60|860.60|889.24|100.0
36|03|01|2401|Crop Husbandry|00||196||2||01|Grants to District Horticulture Development Establishments|452|Bengaluru South|2401-00-196-2-01|Bengaluru South|V|Data|Object-Head|554.88|686.15|686.15|677.63|100.0
36|03|01|2401|Crop Husbandry|00||196||2||01|Grants to District Horticulture Development Establishments|453|Chikkaballapura|2401-00-196-2-01|Chikkaballapura|V|Data|Object-Head|759.33|803.96|803.96|863.56|100.0
36|03|01|2401|Crop Husbandry|00||196||2||01|Grants to District Horticulture Development Establishments|456|Chamarajanagar|2401-00-196-2-01|Chamarajanagar|V|Data|Object-Head|458.88|492.63|492.63|507.20|100.0
36|03|01|2401|Crop Husbandry|00||196||2||01|Grants to District Horticulture Development Establishments|457|Udupi|2401-00-196-2-01|Udupi|V|Data|Object-Head|302.23|333.29|333.29|336.19|100.0
36|03|01|2401|Crop Husbandry|00||196||2||01|Grants to District Horticulture Development Establishments|461|Bagalkot|2401-00-196-2-01|Bagalkot|V|Data|Object-Head|748.88|845.20|845.20|941.24|100.0
36|03|01|2401|Crop Husbandry|00||196||2||01|Grants to District Horticulture Development Establishments|462|Gadag|2401-00-196-2-01|Gadag|V|Data|Object-Head|570.44|622.70|622.70|688.62|100.0
36|03|01|2401|Crop Husbandry|00||196||2||01|Grants to District Horticulture Development Establishments|463|Haveri|2401-00-196-2-01|Haveri|V|Data|Object-Head|876.16|913.75|913.75|916.76|100.0
36|03|01|2401|Crop Husbandry|00||196||2||01|Grants to District Horticulture Development Establishments|466|Koppal|2401-00-196-2-01|Koppal|V|Data|Object-Head|859.38|947.29|947.29|932.19|100.0
36|03|01|2401|Crop Husbandry|00||196||2||01|Grants to District Horticulture Development Establishments|467|Vijayanagara|2401-00-196-2-01|Vijayanagara|V|Data|Object-Head|587.65|703.76|703.76|799.83|100.0
36|03|01|2401|Crop Husbandry|00||196||2||01|Grants to District Horticulture Development Establishments||||HOA Total :|V|Total|Detailed-Head|24334.13|26887.92|26887.92|34883.51|100.0
36|03|01|2401|Crop Husbandry|00||196||2||02|Organic Farming /Millets Programmes and Maintenance of Horticultural Farms|||2401-00-196-2-02|Organic Farming /Millets Programmes and Maintenance of Horticultural Farms|V|Header|Detailed-Head|||||100.0
36|03|01|2401|Crop Husbandry|00||196||2||02|Organic Farming /Millets Programmes and Maintenance of Horticultural Farms|300|Lumpsum - ZP|2401-00-196-2-02|Lumpsum - ZP|V|Data|Object-Head||||150.00|100.0
36|03|01|2401|Crop Husbandry|00||196||2||02|Organic Farming /Millets Programmes and Maintenance of Horticultural Farms|401|Bengaluru (Urban)|2401-00-196-2-02|Bengaluru (Urban)|V|Data|Object-Head||||25.29|100.0
36|03|01|2401|Crop Husbandry|00||196||2||02|Organic Farming /Millets Programmes and Maintenance of Horticultural Farms|402|Bengaluru (Rural)|2401-00-196-2-02|Bengaluru (Rural)|V|Data|Object-Head||||32.98|100.0
36|03|01|2401|Crop Husbandry|00||196||2||02|Organic Farming /Millets Programmes and Maintenance of Horticultural Farms|403|Chitradurga|2401-00-196-2-02|Chitradurga|V|Data|Object-Head||||43.93|100.0
36|03|01|2401|Crop Husbandry|00||196||2||02|Organic Farming /Millets Programmes and Maintenance of Horticultural Farms|404|Kolar|2401-00-196-2-02|Kolar|V|Data|Object-Head||||27.15|100.0
36|03|01|2401|Crop Husbandry|00||196||2||02|Organic Farming /Millets Programmes and Maintenance of Horticultural Farms|405|Shivamogga|2401-00-196-2-02|Shivamogga|V|Data|Object-Head||||55.22|100.0
36|03|01|2401|Crop Husbandry|00||196||2||02|Organic Farming /Millets Programmes and Maintenance of Horticultural Farms|406|Tumakuru|2401-00-196-2-02|Tumakuru|V|Data|Object-Head||||43.25|100.0
36|03|01|2401|Crop Husbandry|00||196||2||02|Organic Farming /Millets Programmes and Maintenance of Horticultural Farms|407|Mysuru|2401-00-196-2-02|Mysuru|V|Data|Object-Head||||40.65|100.0
36|03|01|2401|Crop Husbandry|00||196||2||02|Organic Farming /Millets Programmes and Maintenance of Horticultural Farms|408|Chikkamagaluru|2401-00-196-2-02|Chikkamagaluru|V|Data|Object-Head||||86.75|100.0
36|03|01|2401|Crop Husbandry|00||196||2||02|Organic Farming /Millets Programmes and Maintenance of Horticultural Farms|409|Dakshina Kannada|2401-00-196-2-02|Dakshina Kannada|V|Data|Object-Head||||52.55|100.0
36|03|01|2401|Crop Husbandry|00||196||2||02|Organic Farming /Millets Programmes and Maintenance of Horticultural Farms|410|Hassan|2401-00-196-2-02|Hassan|V|Data|Object-Head||||92.69|100.0
36|03|01|2401|Crop Husbandry|00||196||2||02|Organic Farming /Millets Programmes and Maintenance of Horticultural Farms|411|Kodagu|2401-00-196-2-02|Kodagu|V|Data|Object-Head||||49.48|100.0
36|03|01|2401|Crop Husbandry|00||196||2||02|Organic Farming /Millets Programmes and Maintenance of Horticultural Farms|412|Mandya|2401-00-196-2-02|Mandya|V|Data|Object-Head||||54.25|100.0
37|03|01|2401|Crop Husbandry|00||196|Assistance to Zilla Panchayats|2|Other Schemes|02|Organic Farming /Millets Programmes and Maintenance of Horticultural Farms|413|Belagavi|2401-00-196-2-02|Belagavi|V|Data|Object-Head||||54.50|100.0
37|03|01|2401|Crop Husbandry|00||196|Assistance to Zilla Panchayats|2|Other Schemes|02|Organic Farming /Millets Programmes and Maintenance of Horticultural Farms|414|Vijayapura|2401-00-196-2-02|Vijayapura|V|Data|Object-Head||||63.50|100.0
37|03|01|2401|Crop Husbandry|00||196|Assistance to Zilla Panchayats|2|Other Schemes|02|Organic Farming /Millets Programmes and Maintenance of Horticultural Farms|415|Dharwad|2401-00-196-2-02|Dharwad|V|Data|Object-Head||||40.86|100.0
37|03|01|2401|Crop Husbandry|00||196|Assistance to Zilla Panchayats|2|Other Schemes|02|Organic Farming /Millets Programmes and Maintenance of Horticultural Farms|416|Uttara Kannada|2401-00-196-2-02|Uttara Kannada|V|Data|Object-Head||||37.86|100.0
37|03|01|2401|Crop Husbandry|00||196|Assistance to Zilla Panchayats|2|Other Schemes|02|Organic Farming /Millets Programmes and Maintenance of Horticultural Farms|417|Kalaburagi|2401-00-196-2-02|Kalaburagi|V|Data|Object-Head||||59.57|100.0
37|03|01|2401|Crop Husbandry|00||196|Assistance to Zilla Panchayats|2|Other Schemes|02|Organic Farming /Millets Programmes and Maintenance of Horticultural Farms|418|Ballari|2401-00-196-2-02|Ballari|V|Data|Object-Head||||44.24|100.0
37|03|01|2401|Crop Husbandry|00||196|Assistance to Zilla Panchayats|2|Other Schemes|02|Organic Farming /Millets Programmes and Maintenance of Horticultural Farms|419|Bidar|2401-00-196-2-02|Bidar|V|Data|Object-Head||||60.73|100.0
37|03|01|2401|Crop Husbandry|00||196|Assistance to Zilla Panchayats|2|Other Schemes|02|Organic Farming /Millets Programmes and Maintenance of Horticultural Farms|420|Raichur|2401-00-196-2-02|Raichur|V|Data|Object-Head||||60.83|100.0
37|03|01|2401|Crop Husbandry|00||196|Assistance to Zilla Panchayats|2|Other Schemes|02|Organic Farming /Millets Programmes and Maintenance of Horticultural Farms|421|Yadgiri|2401-00-196-2-02|Yadgiri|V|Data|Object-Head||||13.93|100.0
37|03|01|2401|Crop Husbandry|00||196|Assistance to Zilla Panchayats|2|Other Schemes|02|Organic Farming /Millets Programmes and Maintenance of Horticultural Farms|451|Davanagere|2401-00-196-2-02|Davanagere|V|Data|Object-Head||||39.89|100.0
37|03|01|2401|Crop Husbandry|00||196|Assistance to Zilla Panchayats|2|Other Schemes|02|Organic Farming /Millets Programmes and Maintenance of Horticultural Farms|452|Bengaluru South|2401-00-196-2-02|Bengaluru South|V|Data|Object-Head||||41.14|100.0
37|03|01|2401|Crop Husbandry|00||196|Assistance to Zilla Panchayats|2|Other Schemes|02|Organic Farming /Millets Programmes and Maintenance of Horticultural Farms|453|Chikkaballapura|2401-00-196-2-02|Chikkaballapura|V|Data|Object-Head||||38.65|100.0
37|03|01|2401|Crop Husbandry|00||196|Assistance to Zilla Panchayats|2|Other Schemes|02|Organic Farming /Millets Programmes and Maintenance of Horticultural Farms|456|Chamarajanagar|2401-00-196-2-02|Chamarajanagar|V|Data|Object-Head||||34.29|100.0
37|03|01|2401|Crop Husbandry|00||196|Assistance to Zilla Panchayats|2|Other Schemes|02|Organic Farming /Millets Programmes and Maintenance of Horticultural Farms|457|Udupi|2401-00-196-2-02|Udupi|V|Data|Object-Head||||33.73|100.0
37|03|01|2401|Crop Husbandry|00||196|Assistance to Zilla Panchayats|2|Other Schemes|02|Organic Farming /Millets Programmes and Maintenance of Horticultural Farms|461|Bagalkot|2401-00-196-2-02|Bagalkot|V|Data|Object-Head||||31.67|100.0
37|03|01|2401|Crop Husbandry|00||196|Assistance to Zilla Panchayats|2|Other Schemes|02|Organic Farming /Millets Programmes and Maintenance of Horticultural Farms|462|Gadag|2401-00-196-2-02|Gadag|V|Data|Object-Head||||36.88|100.0
37|03|01|2401|Crop Husbandry|00||196|Assistance to Zilla Panchayats|2|Other Schemes|02|Organic Farming /Millets Programmes and Maintenance of Horticultural Farms|463|Haveri|2401-00-196-2-02|Haveri|V|Data|Object-Head||||29.02|100.0
37|03|01|2401|Crop Husbandry|00||196|Assistance to Zilla Panchayats|2|Other Schemes|02|Organic Farming /Millets Programmes and Maintenance of Horticultural Farms|466|Koppal|2401-00-196-2-02|Koppal|V|Data|Object-Head||||45.07|100.0
37|03|01|2401|Crop Husbandry|00||196|Assistance to Zilla Panchayats|2|Other Schemes|02|Organic Farming /Millets Programmes and Maintenance of Horticultural Farms|467|Vijayanagara|2401-00-196-2-02|Vijayanagara|V|Data|Object-Head||||54.57|100.0
37|03|01|2401|Crop Husbandry|00||196|Assistance to Zilla Panchayats|2|Other Schemes|02|Organic Farming /Millets Programmes and Maintenance of Horticultural Farms|||2401-00-196-2-02|HOA Total :|V|Total|Detailed-Head|0.00|0.00|0.00|1575.12|100.0
37|03|01|2401|Crop Husbandry|00||796|Tribal Area Sub-Plan|2|Other Schemes|01|CSS-Central Share-Dharti Aaba Janajatiya Grama Utkarsha Abiyan (MIDH) Krishonnati Yojane|||2401-00-796-2-01|CSS-Central Share-Dharti Aaba Janajatiya Grama Utkarsha Abiyan (MIDH) Krishonnati Yojane|V|Header|Detailed-Head|||||100.0
37|03|01|2401|Crop Husbandry|00||796|Tribal Area Sub-Plan|2|Other Schemes|01|CSS-Central Share-Dharti Aaba Janajatiya Grama Utkarsha Abiyan (MIDH) Krishonnati Yojane|423|Tribal Sub Plan|2401-00-796-2-01|Tribal Sub Plan|V|Data|Object-Head|||50.00|100.00|100.0
37|03|01|2401|Crop Husbandry|00||796|Tribal Area Sub-Plan|2|Other Schemes|01|CSS-Central Share-Dharti Aaba Janajatiya Grama Utkarsha Abiyan (MIDH) Krishonnati Yojane|||2401-00-796-2-01|HOA Total :|V|Total|Detailed-Head|0.00|0.00|50.00|100.00|100.0
38|03|01|2401|Crop Husbandry|00||796|Tribal Area Sub-Plan|2|Other Schemes|02|CSS-State Share-Dharti Aaba Janajatiya Grama Utkarsha Abiyan (MIDH) Krishonnati Yojane|||2401-00-796-2-02|CSS-State Share-Dharti Aaba Janajatiya Grama Utkarsha Abiyan (MIDH) Krishonnati Yojane|V|Header|Detailed-Head|||||100.0
38|03|01|2401|Crop Husbandry|00||796|Tribal Area Sub-Plan|2|Other Schemes|02|CSS-State Share-Dharti Aaba Janajatiya Grama Utkarsha Abiyan (MIDH) Krishonnati Yojane|423|Tribal Sub Plan|2401-00-796-2-02|Tribal Sub Plan|V|Data|Object-Head|||33.33|66.66|100.0
38|03|01|2401|Crop Husbandry|00||796|Tribal Area Sub-Plan|2|Other Schemes|02|CSS-State Share-Dharti Aaba Janajatiya Grama Utkarsha Abiyan (MIDH) Krishonnati Yojane|||2401-00-796-2-02|HOA Total :|V|Total|Detailed-Head|0.00|0.00|33.33|66.66|100.0
38|03|01|2401|Crop Husbandry|00||911|Deduct Recoveries of Overpayments|0||02|Deduct Recovery of Overpayments of Previous Years|||2401-00-911-0-02|Deduct Recovery of Overpayments of Previous Years|V|Header|Detailed-Head|||||100.0
38|03|01|2401|Crop Husbandry|00||911|Deduct Recoveries of Overpayments|0||02|Deduct Recovery of Overpayments of Previous Years|364|Deduct - Recoveries|2401-00-911-0-02|Deduct - Recoveries|V|Data|Object-Head|-2794.92||||100.0
38|03|01|2401|Crop Husbandry|00||911|Deduct Recoveries of Overpayments|0||02|Deduct Recovery of Overpayments of Previous Years|||2401-00-911-0-02|HOA Total :|V|Total|Detailed-Head|-2794.92|0.00|0.00|0.00|100.0
38|03|01|2401|Crop Husbandry|00||911|Deduct Recoveries of Overpayments|0||06|Deduct -Recovery of unspent balance from SNA Bank account|||2401-00-911-0-06|Deduct -Recovery of unspent balance from SNA Bank account|V|Header|Detailed-Head|||||100.0
38|03|01|2401|Crop Husbandry|00||911|Deduct Recoveries of Overpayments|0||06|Deduct -Recovery of unspent balance from SNA Bank account|366|Refund from SNA bank account|2401-00-911-0-06|Refund from SNA bank account|V|Data|Object-Head|-13.07||||100.0
38|03|01|2401|Crop Husbandry|00||911|Deduct Recoveries of Overpayments|0||06|Deduct -Recovery of unspent balance from SNA Bank account|||2401-00-911-0-06|HOA Total :|V|Total|Detailed-Head|-13.07|0.00|0.00|0.00|100.0
38|03|01|2401|Crop Husbandry|00||||||||||2401|2401 - Total :|V|Total|Major-Head|119183.03|134488.02|143604.84|148489.88|
39|03|01|2406|Forestry and Wild Life|02||||||||||2406|Forestry and Wild Life|V|Header|Major-Head|||||
39|03|01|2406|Forestry and Wild Life|02||112|Public Gardens|0||17|Horticulture Parks and Gardens|||2406-02-112-0-17|Horticulture Parks and Gardens|V|Header|Detailed-Head|||||100.0
39|03|01|2406|Forestry and Wild Life|02||112|Public Gardens|0||17|Horticulture Parks and Gardens|140|Minor Works|2406-02-112-0-17|Minor Works|V|Data|Object-Head|1616.69|1500.00|1500.00|1600.00|100.0
39|03|01|2406|Forestry and Wild Life|02||112|Public Gardens|0||17|Horticulture Parks and Gardens|||2406-02-112-0-17|HOA Total :|V|Total|Detailed-Head|1616.69|1500.00|1500.00|1600.00|100.0
39|03|01|2406|Forestry and Wild Life|02||||||||||2406|2406 - Total :|V|Total|Major-Head|1616.69|1500.00|1500.00|1600.00|
40|03|01|2415|Agricultural Research and Education|80||||||||||2415|Agricultural Research and Education|V|Header|Major-Head|||||
40|03|01|2415|Agricultural Research and Education|80||277||6||01|Bagalkot Horticultural University|||2415-80-277-6-01|Bagalkot Horticultural University|V|Header|Detailed-Head|||||100.0
40|03|01|2415|Agricultural Research and Education|80||277||6||01|Bagalkot Horticultural University|101|Grants-in-Aid-Salaries|2415-80-277-6-01|Grants-in-Aid-Salaries|V|Data|Object-Head|10844.01|12873.53|12873.53|12965.65|100.0
40|03|01|2415|Agricultural Research and Education|80||277||6||01|Bagalkot Horticultural University|103|Grants-in-Aid -General|2415-80-277-6-01|Grants-in-Aid -General|V|Data|Object-Head|387.93|301.80|301.80|132.38|100.0
40|03|01|2415|Agricultural Research and Education|80||277||6||01|Bagalkot Horticultural University|115|GIA Contract /Outsource|2415-80-277-6-01|GIA Contract /Outsource|V|Data|Object-Head|55.36|59.19|59.19|52.96|100.0
40|03|01|2415|Agricultural Research and Education|80||277||6||01|Bagalkot Horticultural University|118|Grants-in-Aid-Pensions|2415-80-277-6-01|Grants-in-Aid-Pensions|V|Data|Object-Head|739.47|600.00|600.00|1147.30|100.0
40|03|01|2415|Agricultural Research and Education|80||277||6||01|Bagalkot Horticultural University|422|Schedule Caste Sub Plan|2415-80-277-6-01|Schedule Caste Sub Plan|V|Data|Object-Head|42.15|34.30|134.30||100.0
40|03|01|2415|Agricultural Research and Education|80||277||6||01|Bagalkot Horticultural University|423|Tribal Sub Plan|2415-80-277-6-01|Tribal Sub Plan|V|Data|Object-Head|28.10|13.90|13.90||100.0
40|03|01|2415|Agricultural Research and Education|80||277||6||01|Bagalkot Horticultural University|||2415-80-277-6-01|HOA Total :|V|Total|Detailed-Head|12097.02|13882.72|13982.72|14298.29|100.0
40|03|01|2415|Agricultural Research and Education|80||||||||||2415|2415 - Total :|V|Total|Major-Head|12097.02|13882.72|13982.72|14298.29|
41|03|01|2851|Village and Small Industries|00||||||||||2851|Village and Small Industries||Header|Major-Head|||||
41|03|01|2851|Village and Small Industries|00||200||0||01|Development of Madhuvana and Apiculture|||2851-00-200-0-01|Development of Madhuvana and Apiculture||Header|Detailed-Head|||||100.0
41|03|01|2851|Village and Small Industries|00||200||0||01|Development of Madhuvana and Apiculture|051|General Expenses|2851-00-200-0-01|General Expenses||Data|Object-Head|199.71|200.00|200.00|200.00|100.0
41|03|01|2851|Village and Small Industries|00||200||0||01|Development of Madhuvana and Apiculture|||2851-00-200-0-01|HOA Total :||Total|Detailed-Head|199.71|200.00|200.00|200.00|100.0
41|03|01|2851|Village and Small Industries|00||||||||||2851|2851 - Total :||Total|Major-Head|199.71|200.00|200.00|200.00|
42|03|01|4401|Capital Outlay on Crop Husbandry|00||||||||||4401|Capital Outlay on Crop Husbandry||Header|Major-Head|||||
42|03|01|4401|Capital Outlay on Crop Husbandry|00||001||2||01|Infrastructure Works- Horticulture Development|||4401-00-001-2-01|Infrastructure Works- Horticulture Development||Header|Detailed-Head|||||100.0
42|03|01|4401|Capital Outlay on Crop Husbandry|00||001||2||01|Infrastructure Works- Horticulture Development|132|Other Capital Expenses|4401-00-001-2-01|Other Capital Expenses||Data|Object-Head||||100.00|100.0
42|03|01|4401|Capital Outlay on Crop Husbandry|00||001||2||01|Infrastructure Works- Horticulture Development|139|Major Works|4401-00-001-2-01|Major Works||Data|Object-Head||160.00|160.00||100.0
42|03|01|4401|Capital Outlay on Crop Husbandry|00||001||2||01|Infrastructure Works- Horticulture Development|180|Machinery and Equipments|4401-00-001-2-01|Machinery and Equipments||Data|Object-Head||7.00|7.00||100.0
42|03|01|4401|Capital Outlay on Crop Husbandry|00||001||2||01|Infrastructure Works- Horticulture Development||||4401-00-001-2-01|HOA Total :|Total|Detailed-Head|0.00|167.00|167.00|100.00|100.0
42|03|01|4401|Capital Outlay on Crop Husbandry|00||800||1||07|Horticulture Infrastructure Development- NABARD Works|||4401-00-800-1-07|Horticulture Infrastructure Development- NABARD Works||Header|Detailed-Head|||||100.0
42|03|01|4401|Capital Outlay on Crop Husbandry|00||800||1||07|Horticulture Infrastructure Development- NABARD Works|436|NABARD Works|4401-00-800-1-07|NABARD Works||Data|Object-Head|1536.73|3000.00|3000.00|5585.00|100.0
42|03|01|4401|Capital Outlay on Crop Husbandry|00||800||1||07|Horticulture Infrastructure Development- NABARD Works||||4401-00-800-1-07|HOA Total :|Total|Detailed-Head|1536.73|3000.00|3000.00|5585.00|100.0
42|03|01|4401|Capital Outlay on Crop Husbandry|00||||||||||4401|4401 - Total :||Total|Major-Head|1536.73|3167.00|3167.00|5685.00|
43|03|01|6401|Loans for Crop Husbandry|00||||||||||6401|Loans for Crop Husbandry||Header|Major-Head|||||
43|03|01|6401|Loans for Crop Husbandry|00||195||0||01|Loans to HOPCOMS for Working Capital|||6401-00-195-0-01|Loans to HOPCOMS for Working Capital||Header|Detailed-Head|||||100.0
43|03|01|6401|Loans for Crop Husbandry|00||195||0||01|Loans to HOPCOMS for Working Capital|394|Loans|6401-00-195-0-01|Loans||Data|Object-Head|1500.00||||100.0
43|03|01|6401|Loans for Crop Husbandry|00||195||0||01|Loans to HOPCOMS for Working Capital|||6401-00-195-0-01|HOA Total :||Total|Detailed-Head|1500.00|0.00|0.00|0.00|100.0
43|03|01|6401|Loans for Crop Husbandry|00||||||||||6401|6401 - Total :||Total|Major-Head|1500.00|0.00|0.00|0.00|
44|03|01|2851|Village and Small Industries|00||||||||||2851|Village and Small Industries||Header|Major-Head|||||
44|03|01|2851|Village and Small Industries|00||107||1||01|Commissionerate of Sericulture Department|||2851-00-107-1-01|Commissionerate of Sericulture Department||Header|Detailed-Head|||||100.0
44|03|01|2851|Village and Small Industries|00||107||1||01|Commissionerate of Sericulture Department|002|Basic Pay|2851-00-107-1-01|Basic Pay||Data|Object-Head|1827.08|6110.00|6110.00|5982.00|100.0
44|03|01|2851|Village and Small Industries|00||107||1||01|Commissionerate of Sericulture Department|003|Basic Pay-Staff|2851-00-107-1-01|Basic Pay-Staff||Data|Object-Head|3357.28||||100.0
44|03|01|2851|Village and Small Industries|00||107||1||01|Commissionerate of Sericulture Department|004|Interim Relief|2851-00-107-1-01|Interim Relief||Data|Object-Head|371.87||||100.0
44|03|01|2851|Village and Small Industries|00||107||1||01|Commissionerate of Sericulture Department|011|Dearness Allowance|2851-00-107-1-01|Dearness Allowance||Data|Object-Head|1300.13|1351.00|1351.00|1504.00|100.0
44|03|01|2851|Village and Small Industries|00||107||1||01|Commissionerate of Sericulture Department|014|Other Allowance|2851-00-107-1-01|Other Allowance||Data|Object-Head|686.32|780.00|780.00|767.00|100.0
44|03|01|2851|Village and Small Industries|00||107||1||01|Commissionerate of Sericulture Department|020|Medical Allowance|2851-00-107-1-01|Medical Allowance||Data|Object-Head|26.16||||100.0
44|03|01|2851|Village and Small Industries|00||107||1||01|Commissionerate of Sericulture Department|021|Reimbursement of Medical Expenses|2851-00-107-1-01|Reimbursement of Medical Expenses||Data|Object-Head|63.49|58.00|58.00|55.00|100.0
44|03|01|2851|Village and Small Industries|00||107||1||01|Commissionerate of Sericulture Department|033|Daily-wages|2851-00-107-1-01|Daily-wages||Data|Object-Head|295.63|303.33|303.33|213.50|100.0
44|03|01|2851|Village and Small Industries|00||107||1||01|Commissionerate of Sericulture Department|034|Contract/Outsource|2851-00-107-1-01|Contract/Outsource||Data|Object-Head|22.33|23.46|23.46|24.28|100.0
44|03|01|2851|Village and Small Industries|00||107||1||01|Commissionerate of Sericulture Department|041|Travel Expenses|2851-00-107-1-01|Travel Expenses||Data|Object-Head|72.06|85.00|85.00|80.00|100.0
44|03|01|2851|Village and Small Industries|00||107||1||01|Commissionerate of Sericulture Department|050|Office Expenses|2851-00-107-1-01|Office Expenses||Data|Object-Head||13.00|13.00|15.00|100.0
44|03|01|2851|Village and Small Industries|00||107||1||01|Commissionerate of Sericulture Department|051|General Expenses|2851-00-107-1-01|General Expenses||Data|Object-Head|386.22|400.00|400.00|400.00|100.0
44|03|01|2851|Village and Small Industries|00||107||1||01|Commissionerate of Sericulture Department|052|Telephone Charges|2851-00-107-1-01|Telephone Charges||Data|Object-Head|10.47||||100.0
44|03|01|2851|Village and Small Industries|00||107||1||01|Commissionerate of Sericulture Department|053|Purchase of Furniture and Fixture for Office|2851-00-107-1-01|Purchase of Furniture and Fixture for Office||Data|Object-Head|8.66||||100.0
44|03|01|2851|Village and Small Industries|00||107||1||01|Commissionerate of Sericulture Department|071|Building Expenses|2851-00-107-1-01|Building Expenses||Data|Object-Head|146.59|166.00|166.00|166.00|100.0
44|03|01|2851|Village and Small Industries|00||107||1||01|Commissionerate of Sericulture Department|101|Grants-in-Aid-Salaries|2851-00-107-1-01|Grants-in-Aid-Salaries||Data|Object-Head|567.70|560.80|560.80|460.85|100.0
44|03|01|2851|Village and Small Industries|00||107||1||01|Commissionerate of Sericulture Department|103|Grants-in-Aid -General|2851-00-107-1-01|Grants-in-Aid -General||Data|Object-Head|23.00|23.00|23.00|24.00|100.0
44|03|01|2851|Village and Small Industries|00||107||1||01|Commissionerate of Sericulture Department|115|GIA Contract /Outsource|2851-00-107-1-01|GIA Contract /Outsource||Data|Object-Head|191.07|245.80|245.80|194.58|100.0
44|03|01|2851|Village and Small Industries|00||107||1||01|Commissionerate of Sericulture Department|118|Grants-in-Aid-Pensions|2851-00-107-1-01|Grants-in-Aid-Pensions||Data|Object-Head|271.24|275.00|275.00|285.78|100.0
44|03|01|2851|Village and Small Industries|00||107||1||01|Commissionerate of Sericulture Department|195|Transport Expenses|2851-00-107-1-01|Transport Expenses||Data|Object-Head|112.67|79.24|79.24|61.50|100.0
44|03|01|2851|Village and Small Industries|00||107||1||01|Commissionerate of Sericulture Department|251|Pension & Retirement Benefits|2851-00-107-1-01|Pension & Retirement Benefits||Data|Object-Head|136.34|119.00|119.00|150.66|100.0
44|03|01|2851|Village and Small Industries|00||107||1||01|Commissionerate of Sericulture Department|||2851-00-107-1-01|HOA Total :||Total|Detailed-Head|9876.31|10592.63|10592.63|10384.15|100.0
45|03|01|2851|Village and Small Industries|00||107|Sericulture|1||35|Sericulture Development Programme|||2851-00-107-1-35|Sericulture Development Programme||Header|Detailed-Head|||||100.0
45|03|01|2851|Village and Small Industries|00||107|Sericulture|1||35|Sericulture Development Programme|015|Subsidiary Expenses|2851-00-107-1-35|Subsidiary Expenses||Data|Object-Head|56.79|75.00|75.00||100.0
45|03|01|2851|Village and Small Industries|00||107|Sericulture|1||35|Sericulture Development Programme|059|Other Expenses|2851-00-107-1-35|Other Expenses||Data|Object-Head|714.32|700.00|700.00||100.0
45|03|01|2851|Village and Small Industries|00||107|Sericulture|1||35|Sericulture Development Programme|106|Subsidies|2851-00-107-1-35|Subsidies||Data|Object-Head|3621.25|3655.72|3655.72||100.0
45|03|01|2851|Village and Small Industries|00||107|Sericulture|1||35|Sericulture Development Programme|422|Schedule Caste Sub Plan|2851-00-107-1-35|Schedule Caste Sub Plan||Data|Object-Head|729.18|733.22|733.22||100.0
45|03|01|2851|Village and Small Industries|00||107|Sericulture|1||35|Sericulture Development Programme|423|Tribal Sub Plan|2851-00-107-1-35|Tribal Sub Plan||Data|Object-Head|334.76|336.06|336.06||100.0
45|03|01|2851|Village and Small Industries|00||107|Sericulture|1||35|Sericulture Development Programme|||2851-00-107-1-35|HOA Total :||Total|Detailed-Head|5456.30|5500.00|5500.00|0.00|100.0
45|03|01|2851|Village and Small Industries|00||107|Sericulture|1||48|New Initiatives for Sericulture Development & Assesment to Stake holders|||2851-00-107-1-48|New Initiatives for Sericulture Development & Assesment to Stake holders||Header|Detailed-Head|||||100.0
45|03|01|2851|Village and Small Industries|00||107|Sericulture|1||48|New Initiatives for Sericulture Development & Assesment to Stake holders|106|Subsidies|2851-00-107-1-48|Subsidies||Data|Object-Head|-0.01||||100.0
45|03|01|2851|Village and Small Industries|00||107|Sericulture|1||48|New Initiatives for Sericulture Development & Assesment to Stake holders|||2851-00-107-1-48|HOA Total :||Total|Detailed-Head|-0.01|0.00|0.00|0.00|100.0
45|03|01|2851|Village and Small Industries|00||107|Sericulture|1||49|State Additional Topup for CSS PMKSY (Sericulture)|||2851-00-107-1-49|State Additional Topup for CSS PMKSY (Sericulture)||Header|Detailed-Head|||||100.0
45|03|01|2851|Village and Small Industries|00||107|Sericulture|1||49|State Additional Topup for CSS PMKSY (Sericulture)|106|Subsidies|2851-00-107-1-49|Subsidies||Data|Object-Head||189.75|189.75|189.75|100.0
45|03|01|2851|Village and Small Industries|00||107|Sericulture|1||49|State Additional Topup for CSS PMKSY (Sericulture)|422|Schedule Caste Sub Plan|2851-00-107-1-49|Schedule Caste Sub Plan||Data|Object-Head|65.34|42.88|42.88|42.88|100.0
45|03|01|2851|Village and Small Industries|00||107|Sericulture|1||49|State Additional Topup for CSS PMKSY (Sericulture)|423|Tribal Sub Plan|2851-00-107-1-49|Tribal Sub Plan||Data|Object-Head|52.79|17.37|17.37|17.37|100.0
45|03|01|2851|Village and Small Industries|00||107|Sericulture|1||49|State Additional Topup for CSS PMKSY (Sericulture)|||2851-00-107-1-49|HOA Total :||Total|Detailed-Head|118.13|250.00|250.00|250.00|100.0
45|03|01|2851|Village and Small Industries|00||107|Sericulture|1||50|Unspent SCSP-TSP Amount as per the SCSP-TSPAct 2013|||2851-00-107-1-50|Unspent SCSP-TSP Amount as per the SCSP-TSPAct 2013||Header|Detailed-Head|||||100.0
45|03|01|2851|Village and Small Industries|00||107|Sericulture|1||50|Unspent SCSP-TSP Amount as per the SCSP-TSPAct 2013|422|Schedule Caste Sub Plan|2851-00-107-1-50|Schedule Caste Sub Plan||Data|Object-Head|17.77|||1.01|100.0
45|03|01|2851|Village and Small Industries|00||107|Sericulture|1||50|Unspent SCSP-TSP Amount as per the SCSP-TSPAct 2013|423|Tribal Sub Plan|2851-00-107-1-50|Tribal Sub Plan||Data|Object-Head|6.49|||0.27|100.0
45|03|01|2851|Village and Small Industries|00||107|Sericulture|1||50|Unspent SCSP-TSP Amount as per the SCSP-TSPAct 2013|||2851-00-107-1-50|HOA Total :||Total|Detailed-Head|24.26|0.00|0.00|1.28|100.0
46|03|01|2851|Village and Small Industries|00||107|Sericulture|1||51|Programs implemented by Price Stabilization Fund|||2851-00-107-1-51|Programs implemented by Price Stabilization Fund||Header|Detailed-Head|||||100.0
46|03|01|2851|Village and Small Industries|00||107|Sericulture|1||51|Programs implemented by Price Stabilization Fund|015|Subsidiary Expenses|2851-00-107-1-51|Subsidiary Expenses||Data|Object-Head|71.55|900.00|900.00|950.00|100.0
46|03|01|2851|Village and Small Industries|00||107|Sericulture|1||51|Programs implemented by Price Stabilization Fund|050|Office Expenses|2851-00-107-1-51|Office Expenses||Data|Object-Head|24.64|25.00|25.00|25.00|100.0
46|03|01|2851|Village and Small Industries|00||107|Sericulture|1||51|Programs implemented by Price Stabilization Fund|059|Other Expenses|2851-00-107-1-51|Other Expenses||Data|Object-Head|299.68|100.00|257.30|100.00|100.0
46|03|01|2851|Village and Small Industries|00||107|Sericulture|1||51|Programs implemented by Price Stabilization Fund|071|Building Expenses|2851-00-107-1-51|Building Expenses||Data|Object-Head|73.56|75.00|75.00|75.00|100.0
46|03|01|2851|Village and Small Industries|00||107|Sericulture|1||51|Programs implemented by Price Stabilization Fund|100|Financial Assistance/Relief|2851-00-107-1-51|Financial Assistance/Relief||Data|Object-Head|10.00|10.00|10.00||100.0
46|03|01|2851|Village and Small Industries|00||107|Sericulture|1||51|Programs implemented by Price Stabilization Fund|103|Grants-in-Aid -General|2851-00-107-1-51|Grants-in-Aid -General||Data|Object-Head||1.00|1.00|10.00|100.0
46|03|01|2851|Village and Small Industries|00||107|Sericulture|1||51|Programs implemented by Price Stabilization Fund|106|Subsidies|2851-00-107-1-51|Subsidies||Data|Object-Head|4361.28|2800.00|2800.00|2800.00|100.0
46|03|01|2851|Village and Small Industries|00||107|Sericulture|1||51|Programs implemented by Price Stabilization Fund|140|Minor Works|2851-00-107-1-51|Minor Works||Data|Object-Head|225.00|225.00|1027.85|225.00|100.0
46|03|01|2851|Village and Small Industries|00||107|Sericulture|1||51|Programs implemented by Price Stabilization Fund|221|Materials and Supplies|2851-00-107-1-51|Materials and Supplies||Data|Object-Head|74.79|300.00|300.00|275.00|100.0
46|03|01|2851|Village and Small Industries|00||107|Sericulture|1||51|Programs implemented by Price Stabilization Fund|422|Schedule Caste Sub Plan|2851-00-107-1-51|Schedule Caste Sub Plan||Data|Object-Head||300.00|300.00|300.00|100.0
46|03|01|2851|Village and Small Industries|00||107|Sericulture|1||51|Programs implemented by Price Stabilization Fund|423|Tribal Sub Plan|2851-00-107-1-51|Tribal Sub Plan||Data|Object-Head||100.00|100.00|100.00|100.0
46|03|01|2851|Village and Small Industries|00||107|Sericulture|1||51|Programs implemented by Price Stabilization Fund|||2851-00-107-1-51|HOA Total :||Total|Detailed-Head|5140.50|4836.00|5796.15|4860.00|100.0
46|03|01|2851|Village and Small Industries|00||107|Sericulture|1||55|Vacant Post Provision|||2851-00-107-1-55|Vacant Post Provision||Header|Detailed-Head|||||100.0
46|03|01|2851|Village and Small Industries|00||107|Sericulture|1||55|Vacant Post Provision|014|Other Allowance|2851-00-107-1-55|Other Allowance||Data|Object-Head||3347.02|3249.19|4107.02|100.0
46|03|01|2851|Village and Small Industries|00||107|Sericulture|1||55|Vacant Post Provision|||2851-00-107-1-55|HOA Total :||Total|Detailed-Head|0.00|3347.02|3249.19|4107.02|100.0
46|03|01|2851|Village and Small Industries|00||196|Assistance to Zilla Panchayats|1||01|Sericulture Development Establishments|||2851-00-196-1-01|Grants to District Sericulture Development Establishments||Header|Detailed-Head|||||100.0
46|03|01|2851|Village and Small Industries|00||196|Assistance to Zilla Panchayats|1||01|Sericulture Development Establishments|401|Bengaluru (Urban)|2851-00-196-1-01|Bengaluru (Urban)||Data|Object-Head|334.31|348.26|348.26|290.67|100.0
46|03|01|2851|Village and Small Industries|00||196|Assistance to Zilla Panchayats|1||01|Sericulture Development Establishments|402|Bengaluru (Rural)|2851-00-196-1-01|Bengaluru (Rural)||Data|Object-Head|607.33|668.22|670.71|617.11|100.0
46|03|01|2851|Village and Small Industries|00||196|Assistance to Zilla Panchayats|1||01|Sericulture Development Establishments|403|Chitradurga|2851-00-196-1-01|Chitradurga||Data|Object-Head|463.41|465.72|465.72|411.23|100.0
46|03|01|2851|Village and Small Industries|00||196|Assistance to Zilla Panchayats|1||01|Sericulture Development Establishments|404|Kolar|2851-00-196-1-01|Kolar||Data|Object-Head|445.30|439.44|439.44|425.48|100.0
46|03|01|2851|Village and Small Industries|00||196|Assistance to Zilla Panchayats|1||01|Sericulture Development Establishments|405|Shivamogga|2851-00-196-1-01|Shivamogga||Data|Object-Head|178.32|190.56|190.56|102.28|100.0
46|03|01|2851|Village and Small Industries|00||196|Assistance to Zilla Panchayats|1||01|Sericulture Development Establishments|406|Tumakuru|2851-00-196-1-01|Tumakuru||Data|Object-Head|638.67|672.68|672.68|477.69|100.0
46|03|01|2851|Village and Small Industries|00||196|Assistance to Zilla Panchayats|1||01|Sericulture Development Establishments|407|Mysuru|2851-00-196-1-01|Mysuru||Data|Object-Head|809.03|849.69|878.46|710.42|100.0
46|03|01|2851|Village and Small Industries|00||196|Assistance to Zilla Panchayats|1||01|Sericulture Development Establishments|408|Chikkamagaluru|2851-00-196-1-01|Chikkamagaluru||Data|Object-Head|57.59|70.28|70.28|81.13|100.0
47|03|01|2851|Village and Small Industries|00||196|Assistance to Zilla Panchayats|1||01|Sericulture Development Establishments|409|Dakshina Kannada|2851-00-196-1-01|Dakshina Kannada|V|Data|Object-Head|138.37|146.34|146.34|57.36|100.0
47|03|01|2851|Village and Small Industries|00||196|Assistance to Zilla Panchayats|1||01|Sericulture Development Establishments|410|Hassan|2851-00-196-1-01|Hassan|V|Data|Object-Head|441.07|407.96|407.96|358.44|100.0
47|03|01|2851|Village and Small Industries|00||196|Assistance to Zilla Panchayats|1||01|Sericulture Development Establishments|411|Kodagu|2851-00-196-1-01|Kodagu|V|Data|Object-Head|81.94|91.76|91.76|25.15|100.0
47|03|01|2851|Village and Small Industries|00||196|Assistance to Zilla Panchayats|1||01|Sericulture Development Establishments|412|Mandya|2851-00-196-1-01|Mandya|V|Data|Object-Head|885.68|874.74|874.74|804.27|100.0
47|03|01|2851|Village and Small Industries|00||196|Assistance to Zilla Panchayats|1||01|Sericulture Development Establishments|413|Belagavi|2851-00-196-1-01|Belagavi|V|Data|Object-Head|294.98|274.15|274.15|257.36|100.0
47|03|01|2851|Village and Small Industries|00||196|Assistance to Zilla Panchayats|1||01|Sericulture Development Establishments|414|Vijayapura|2851-00-196-1-01|Vijayapura|V|Data|Object-Head|460.98|437.82|437.82|329.21|100.0
47|03|01|2851|Village and Small Industries|00||196|Assistance to Zilla Panchayats|1||01|Sericulture Development Establishments|415|Dharwad|2851-00-196-1-01|Dharwad|V|Data|Object-Head|147.83|176.76|176.76|116.89|100.0
47|03|01|2851|Village and Small Industries|00||196|Assistance to Zilla Panchayats|1||01|Sericulture Development Establishments|416|Uttara Kannada|2851-00-196-1-01|Uttara Kannada|V|Data|Object-Head|123.92|135.21|135.21|52.20|100.0
47|03|01|2851|Village and Small Industries|00||196|Assistance to Zilla Panchayats|1||01|Sericulture Development Establishments|417|Kalaburagi|2851-00-196-1-01|Kalaburagi|V|Data|Object-Head|344.90|397.67|397.67|380.16|100.0
47|03|01|2851|Village and Small Industries|00||196|Assistance to Zilla Panchayats|1||01|Sericulture Development Establishments|418|Ballari|2851-00-196-1-01|Ballari|V|Data|Object-Head|112.75|50.11|50.11|56.52|100.0
47|03|01|2851|Village and Small Industries|00||196|Assistance to Zilla Panchayats|1||01|Sericulture Development Establishments|419|Bidar|2851-00-196-1-01|Bidar|V|Data|Object-Head|217.17|263.36|328.23|220.13|100.0
47|03|01|2851|Village and Small Industries|00||196|Assistance to Zilla Panchayats|1||01|Sericulture Development Establishments|420|Raichur|2851-00-196-1-01|Raichur|V|Data|Object-Head|347.21|375.47|375.47|232.71|100.0
47|03|01|2851|Village and Small Industries|00||196|Assistance to Zilla Panchayats|1||01|Sericulture Development Establishments|421|Yadgiri|2851-00-196-1-01|Yadgiri|V|Data|Object-Head|91.46|105.34|105.34|66.88|100.0
47|03|01|2851|Village and Small Industries|00||196|Assistance to Zilla Panchayats|1||01|Sericulture Development Establishments|451|Davanagere|2851-00-196-1-01|Davanagere|V|Data|Object-Head|176.84|197.29|197.29|167.10|100.0
47|03|01|2851|Village and Small Industries|00||196|Assistance to Zilla Panchayats|1||01|Sericulture Development Establishments|452|Bengaluru South|2851-00-196-1-01|Bengaluru South|V|Data|Object-Head|658.81|720.97|720.97|585.48|100.0
47|03|01|2851|Village and Small Industries|00||196|Assistance to Zilla Panchayats|1||01|Sericulture Development Establishments|453|Chikkaballapura|2851-00-196-1-01|Chikkaballapura|V|Data|Object-Head|496.55|535.36|535.36|493.82|100.0
47|03|01|2851|Village and Small Industries|00||196|Assistance to Zilla Panchayats|1||01|Sericulture Development Establishments|456|Chamarajanagar|2851-00-196-1-01|Chamarajanagar|V|Data|Object-Head|387.60|383.97|385.67|269.73|100.0
47|03|01|2851|Village and Small Industries|00||196|Assistance to Zilla Panchayats|1||01|Sericulture Development Establishments|457|Udupi|2851-00-196-1-01|Udupi|V|Data|Object-Head|34.99|38.37|38.37|20.70|100.0
47|03|01|2851|Village and Small Industries|00||196|Assistance to Zilla Panchayats|1||01|Sericulture Development Establishments|461|Bagalkot|2851-00-196-1-01|Bagalkot|V|Data|Object-Head|475.16|504.15|504.15|364.90|100.0
47|03|01|2851|Village and Small Industries|00||196|Assistance to Zilla Panchayats|1||01|Sericulture Development Establishments|462|Gadag|2851-00-196-1-01|Gadag|V|Data|Object-Head|199.65|217.95|217.95|158.90|100.0
47|03|01|2851|Village and Small Industries|00||196|Assistance to Zilla Panchayats|1||01|Sericulture Development Establishments|463|Haveri|2851-00-196-1-01|Haveri|V|Data|Object-Head|198.93|246.60|246.60|121.26|100.0
47|03|01|2851|Village and Small Industries|00||196|Assistance to Zilla Panchayats|1||01|Sericulture Development Establishments|466|Koppal|2851-00-196-1-01|Koppal|V|Data|Object-Head|315.37|298.68|298.68|236.40|100.0
47|03|01|2851|Village and Small Industries|00||196|Assistance to Zilla Panchayats|1||01|Sericulture Development Establishments|467|Vijayanagara|2851-00-196-1-01|Vijayanagara|V|Data|Object-Head|360.22|442.20|442.20|326.80|100.0
47|03|01|2851|Village and Small Industries|00||196|Assistance to Zilla Panchayats|1||01|Sericulture Development Establishments|||2851-00-196-1-01|HOA Total :|V|Total|Detailed-Head|10526.34|11027.08|11124.91|8818.38|100.0
47|03|01|2851|Village and Small Industries|00||196|Assistance to Zilla Panchayats|1||02|Assistance to Sericulturists and Apiculture Development Programs|||2851-00-196-1-02|Assistance to Sericulturists and Apiculture Development Programs|V|Header|Detailed-Head|||||100.0
47|03|01|2851|Village and Small Industries|00||196|Assistance to Zilla Panchayats|1||02|Assistance to Sericulturists and Apiculture Development Programs|300|Lumpsum - ZP|2851-00-196-1-02|Lumpsum - ZP|V|Data|Object-Head||||5500.00|100.0
47|03|01|2851|Village and Small Industries|00||196|Assistance to Zilla Panchayats|1||02|Assistance to Sericulturists and Apiculture Development Programs|401|Bengaluru (Urban)|2851-00-196-1-02|Bengaluru (Urban)|V|Data|Object-Head||||46.00|100.0
47|03|01|2851|Village and Small Industries|00||196|Assistance to Zilla Panchayats|1||02|Assistance to Sericulturists and Apiculture Development Programs|402|Bengaluru (Rural)|2851-00-196-1-02|Bengaluru (Rural)|V|Data|Object-Head||||99.64|100.0
48|03|01|2851|Village and Small Industries|00||196|Assistance to Zilla Panchayats|1||02|Assistance to Sericulturists and Apiculture Development Programs|403|Chitradurga|2851-00-196-1-02|Chitradurga|V|Data|Object-Head||||110.00|100.0
48|03|01|2851|Village and Small Industries|00||196|Assistance to Zilla Panchayats|1||02|Assistance to Sericulturists and Apiculture Development Programs|404|Kolar|2851-00-196-1-02|Kolar|V|Data|Object-Head||||141.50|100.0
48|03|01|2851|Village and Small Industries|00||196|Assistance to Zilla Panchayats|1||02|Assistance to Sericulturists and Apiculture Development Programs|405|Shivamogga|2851-00-196-1-02|Shivamogga|V|Data|Object-Head||||82.20|100.0
48|03|01|2851|Village and Small Industries|00||196|Assistance to Zilla Panchayats|1||02|Assistance to Sericulturists and Apiculture Development Programs|406|Tumakuru|2851-00-196-1-02|Tumakuru|V|Data|Object-Head||||203.73|100.0
48|03|01|2851|Village and Small Industries|00||196|Assistance to Zilla Panchayats|1||02|Assistance to Sericulturists and Apiculture Development Programs|407|Mysuru|2851-00-196-1-02|Mysuru|V|Data|Object-Head||||140.00|100.0
48|03|01|2851|Village and Small Industries|00||196|Assistance to Zilla Panchayats|1||02|Assistance to Sericulturists and Apiculture Development Programs|408|Chikkamagaluru|2851-00-196-1-02|Chikkamagaluru|V|Data|Object-Head||||15.59|100.0
48|03|01|2851|Village and Small Industries|00||196|Assistance to Zilla Panchayats|1||02|Assistance to Sericulturists and Apiculture Development Programs|409|Dakshina Kannada|2851-00-196-1-02|Dakshina Kannada|V|Data|Object-Head||||60.00|100.0
48|03|01|2851|Village and Small Industries|00||196|Assistance to Zilla Panchayats|1||02|Assistance to Sericulturists and Apiculture Development Programs|410|Hassan|2851-00-196-1-02|Hassan|V|Data|Object-Head||||55.32|100.0
48|03|01|2851|Village and Small Industries|00||196|Assistance to Zilla Panchayats|1||02|Assistance to Sericulturists and Apiculture Development Programs|411|Kodagu|2851-00-196-1-02|Kodagu|V|Data|Object-Head||||61.31|100.0
48|03|01|2851|Village and Small Industries|00||196|Assistance to Zilla Panchayats|1||02|Assistance to Sericulturists and Apiculture Development Programs|412|Mandya|2851-00-196-1-02|Mandya|V|Data|Object-Head||||178.12|100.0
48|03|01|2851|Village and Small Industries|00||196|Assistance to Zilla Panchayats|1||02|Assistance to Sericulturists and Apiculture Development Programs|413|Belagavi|2851-00-196-1-02|Belagavi|V|Data|Object-Head||||60.10|100.0
48|03|01|2851|Village and Small Industries|00||196|Assistance to Zilla Panchayats|1||02|Assistance to Sericulturists and Apiculture Development Programs|414|Vijayapura|2851-00-196-1-02|Vijayapura|V|Data|Object-Head||||110.46|100.0
48|03|01|2851|Village and Small Industries|00||196|Assistance to Zilla Panchayats|1||02|Assistance to Sericulturists and Apiculture Development Programs|415|Dharwad|2851-00-196-1-02|Dharwad|V|Data|Object-Head||||43.85|100.0
48|03|01|2851|Village and Small Industries|00||196|Assistance to Zilla Panchayats|1||02|Assistance to Sericulturists and Apiculture Development Programs|416|Uttara Kannada|2851-00-196-1-02|Uttara Kannada|V|Data|Object-Head||||34.50|100.0
48|03|01|2851|Village and Small Industries|00||196|Assistance to Zilla Panchayats|1||02|Assistance to Sericulturists and Apiculture Development Programs|417|Kalaburagi|2851-00-196-1-02|Kalaburagi|V|Data|Object-Head||||59.50|100.0
48|03|01|2851|Village and Small Industries|00||196|Assistance to Zilla Panchayats|1||02|Assistance to Sericulturists and Apiculture Development Programs|418|Ballari|2851-00-196-1-02|Ballari|V|Data|Object-Head||||6.00|100.0
48|03|01|2851|Village and Small Industries|00||196|Assistance to Zilla Panchayats|1||02|Assistance to Sericulturists and Apiculture Development Programs|419|Bidar|2851-00-196-1-02|Bidar|V|Data|Object-Head||||25.20|100.0
48|03|01|2851|Village and Small Industries|00||196|Assistance to Zilla Panchayats|1||02|Assistance to Sericulturists and Apiculture Development Programs|420|Raichur|2851-00-196-1-02|Raichur|V|Data|Object-Head||||78.00|100.0
48|03|01|2851|Village and Small Industries|00||196|Assistance to Zilla Panchayats|1||02|Assistance to Sericulturists and Apiculture Development Programs|421|Yadgiri|2851-00-196-1-02|Yadgiri|V|Data|Object-Head||||53.60|100.0
48|03|01|2851|Village and Small Industries|00||196|Assistance to Zilla Panchayats|1||02|Assistance to Sericulturists and Apiculture Development Programs|451|Davanagere|2851-00-196-1-02|Davanagere|V|Data|Object-Head||||37.00|100.0
48|03|01|2851|Village and Small Industries|00||196|Assistance to Zilla Panchayats|1||02|Assistance to Sericulturists and Apiculture Development Programs|452|Bengaluru South|2851-00-196-1-02|Bengaluru South|V|Data|Object-Head||||185.50|100.0
48|03|01|2851|Village and Small Industries|00||196|Assistance to Zilla Panchayats|1||02|Assistance to Sericulturists and Apiculture Development Programs|453|Chikkaballapura|2851-00-196-1-02|Chikkaballapura|V|Data|Object-Head||||222.75|100.0
48|03|01|2851|Village and Small Industries|00||196|Assistance to Zilla Panchayats|1||02|Assistance to Sericulturists and Apiculture Development Programs|456|Chamarajanagar|2851-00-196-1-02|Chamarajanagar|V|Data|Object-Head||||94.00|100.0
48|03|01|2851|Village and Small Industries|00||196|Assistance to Zilla Panchayats|1||02|Assistance to Sericulturists and Apiculture Development Programs|457|Udupi|2851-00-196-1-02|Udupi|V|Data|Object-Head||||14.42|100.0
48|03|01|2851|Village and Small Industries|00||196|Assistance to Zilla Panchayats|1||02|Assistance to Sericulturists and Apiculture Development Programs|461|Bagalkot|2851-00-196-1-02|Bagalkot|V|Data|Object-Head||||95.05|100.0
48|03|01|2851|Village and Small Industries|00||196|Assistance to Zilla Panchayats|1||02|Assistance to Sericulturists and Apiculture Development Programs|462|Gadag|2851-00-196-1-02|Gadag|V|Data|Object-Head||||85.00|100.0
48|03|01|2851|Village and Small Industries|00||196|Assistance to Zilla Panchayats|1||02|Assistance to Sericulturists and Apiculture Development Programs|463|Haveri|2851-00-196-1-02|Haveri|V|Data|Object-Head||||141.59|100.0
48|03|01|2851|Village and Small Industries|00||196|Assistance to Zilla Panchayats|1||02|Assistance to Sericulturists and Apiculture Development Programs|466|Koppal|2851-00-196-1-02|Koppal|V|Data|Object-Head||||82.13|100.0
48|03|01|2851|Village and Small Industries|00||196|Assistance to Zilla Panchayats|1||02|Assistance to Sericulturists and Apiculture Development Programs|467|Vijayanagara|2851-00-196-1-02|Vijayanagara|V|Data|Object-Head||||102.12|100.0
48|03|01|2851|Village and Small Industries|00||196|Assistance to Zilla Panchayats|1||02|Assistance to Sericulturists and Apiculture Development Programs|||2851-00-196-1-02|HOA Total :|V|Total|Detailed-Head|0.00|0.00|0.00|8224.18|100.0
49|03|01|2851|Village and Small Industries|00||197||1||01|Silk Production/ Productivity Linked Incentives|||2851-00-197-1-01|Silk Production/ Productivity Linked Incentives||Header|Detailed-Head|||||100.0
49|03|01|2851|Village and Small Industries|00||197||1||01|Silk Production/ Productivity Linked Incentives|401|Bengaluru (Urban)|2851-00-197-1-01|Bengaluru (Urban)||Data|Object-Head|3.00|3.00|3.00|3.00|100.0
49|03|01|2851|Village and Small Industries|00||197||1||01|Silk Production/ Productivity Linked Incentives|402|Bengaluru (Rural)|2851-00-197-1-01|Bengaluru (Rural)||Data|Object-Head|14.00|15.00|15.00|15.00|100.0
49|03|01|2851|Village and Small Industries|00||197||1||01|Silk Production/ Productivity Linked Incentives|403|Chitradurga|2851-00-197-1-01|Chitradurga||Data|Object-Head|3.00|3.00|3.00|4.00|100.0
49|03|01|2851|Village and Small Industries|00||197||1||01|Silk Production/ Productivity Linked Incentives|404|Kolar|2851-00-197-1-01|Kolar||Data|Object-Head|1.90|2.00|2.00|2.00|100.0
49|03|01|2851|Village and Small Industries|00||197||1||01|Silk Production/ Productivity Linked Incentives|405|Shivamogga|2851-00-197-1-01|Shivamogga||Data|Object-Head|0.30|0.50|0.50|1.00|100.0
49|03|01|2851|Village and Small Industries|00||197||1||01|Silk Production/ Productivity Linked Incentives|406|Tumakuru|2851-00-197-1-01|Tumakuru||Data|Object-Head|15.00|15.00|15.00|15.00|100.0
49|03|01|2851|Village and Small Industries|00||197||1||01|Silk Production/ Productivity Linked Incentives|407|Mysuru|2851-00-197-1-01|Mysuru||Data|Object-Head|18.00|20.00|20.00|20.00|100.0
49|03|01|2851|Village and Small Industries|00||197||1||01|Silk Production/ Productivity Linked Incentives|408|Chikkamagaluru|2851-00-197-1-01|Chikkamagaluru||Data|Object-Head|1.00|1.00|1.00||100.0
49|03|01|2851|Village and Small Industries|00||197||1||01|Silk Production/ Productivity Linked Incentives|410|Hassan|2851-00-197-1-01|Hassan||Data|Object-Head|9.00|9.00|9.00|9.00|100.0
49|03|01|2851|Village and Small Industries|00||197||1||01|Silk Production/ Productivity Linked Incentives|412|Mandya|2851-00-197-1-01|Mandya||Data|Object-Head|7.00|7.00|7.00|7.00|100.0
49|03|01|2851|Village and Small Industries|00||197||1||01|Silk Production/ Productivity Linked Incentives|413|Belagavi|2851-00-197-1-01|Belagavi||Data|Object-Head|4.00|4.00|4.00|4.00|100.0
49|03|01|2851|Village and Small Industries|00||197||1||01|Silk Production/ Productivity Linked Incentives|414|Vijayapura|2851-00-197-1-01|Vijayapura||Data|Object-Head|6.00|38.15|38.15|39.00|100.0
49|03|01|2851|Village and Small Industries|00||197||1||01|Silk Production/ Productivity Linked Incentives|417|Kalaburagi|2851-00-197-1-01|Kalaburagi||Data|Object-Head|4.00|4.00|4.00|4.00|100.0
49|03|01|2851|Village and Small Industries|00||197||1||01|Silk Production/ Productivity Linked Incentives|418|Ballari|2851-00-197-1-01|Ballari||Data|Object-Head|1.00|1.00|1.00|1.00|100.0
49|03|01|2851|Village and Small Industries|00||197||1||01|Silk Production/ Productivity Linked Incentives|419|Bidar|2851-00-197-1-01|Bidar||Data|Object-Head|1.20|2.20|2.20|2.20|100.0
49|03|01|2851|Village and Small Industries|00||197||1||01|Silk Production/ Productivity Linked Incentives|451|Davanagere|2851-00-197-1-01|Davanagere||Data|Object-Head|1.00|1.00|1.00|1.00|100.0
49|03|01|2851|Village and Small Industries|00||197||1||01|Silk Production/ Productivity Linked Incentives|452|Bengaluru South|2851-00-197-1-01|Bengaluru South||Data|Object-Head|15.00|15.00|15.00|15.00|100.0
49|03|01|2851|Village and Small Industries|00||197||1||01|Silk Production/ Productivity Linked Incentives|453|Chikkaballapura|2851-00-197-1-01|Chikkaballapura||Data|Object-Head|20.00|25.00|25.00|25.00|100.0
49|03|01|2851|Village and Small Industries|00||197||1||01|Silk Production/ Productivity Linked Incentives|456|Chamarajanagar|2851-00-197-1-01|Chamarajanagar||Data|Object-Head|2.00|2.00|2.00|2.00|100.0
49|03|01|2851|Village and Small Industries|00||197||1||01|Silk Production/ Productivity Linked Incentives|457|Udupi|2851-00-197-1-01|Udupi||Data|Object-Head|0.75|3.00|3.00|3.00|100.0
49|03|01|2851|Village and Small Industries|00||197||1||01|Silk Production/ Productivity Linked Incentives|461|Bagalkot|2851-00-197-1-01|Bagalkot||Data|Object-Head|5.00|5.00|5.00|5.00|100.0
49|03|01|2851|Village and Small Industries|00||197||1||01|Silk Production/ Productivity Linked Incentives|463|Haveri|2851-00-197-1-01|Haveri||Data|Object-Head|6.00|6.00|6.00|6.00|100.0
49|03|01|2851|Village and Small Industries|00||197||1||01|Silk Production/ Productivity Linked Incentives|466|Koppal|2851-00-197-1-01|Koppal||Data|Object-Head|2.00|2.00|2.00|2.00|100.0
49|03|01|2851|Village and Small Industries|00||197||1||01|Silk Production/ Productivity Linked Incentives||||2851-00-197-1-01|HOA Total :|Total|Detailed-Head|140.15|183.85|183.85|185.20|100.0
50|03|01|2851|Village and Small Industries|00||797||0||01|Transfer of Market Fees and Licence Fee to Karnataka Silk Worm Seed Cocoon and Silk Yarn Development and Price Stabilisation Fund.|||2851-00-797-0-01|Transfer of Market Fees and Licence Fee to Karnataka Silk Worm Seed Cocoon and Silk Yarn Development and Price Stabilisation Fund.||Header|Detailed-Head|||||100.0
50|03|01|2851|Village and Small Industries|00||797||0||01|Transfer of Market Fees and Licence Fee to Karnataka Silk Worm Seed Cocoon and Silk Yarn Development and Price Stabilisation Fund.|261|Inter Account Transfers|2851-00-797-0-01|Inter Account Transfers||Data|Object-Head|3654.94|4312.00|4312.00|4312.00|100.0
50|03|01|2851|Village and Small Industries|00||797||0||01|Transfer of Market Fees and Licence Fee to Karnataka Silk Worm Seed Cocoon and Silk Yarn Development and Price Stabilisation Fund.||||HOA Total :||Total|Detailed-Head|3654.94|4312.00|4312.00|4312.00|100.0
50|03|01|2851|Village and Small Industries|00||902||0||00|Deduct-Transfer of Expenditure Met from Karnataka Silk Worm Seed Cocoon and Silk Yarn Development Price Stabilisation Fund.|||2851-00-902-0-00|Deduct-Transfer of Expenditure Met from Karnataka Silk Worm Seed Cocoon and Silk Yarn Development Price Stabilisation Fund.||Header|Detailed-Head|||||100.0
50|03|01|2851|Village and Small Industries|00||902||0||00|Deduct-Transfer of Expenditure Met from Karnataka Silk Worm Seed Cocoon and Silk Yarn Development Price Stabilisation Fund.|261|Inter Account Transfers|2851-00-902-0-00|Inter Account Transfers||Data|Object-Head|-5140.50|-4836.00|-5796.15|-4861.00|100.0
50|03|01|2851|Village and Small Industries|00||902||0||00|Deduct-Transfer of Expenditure Met from Karnataka Silk Worm Seed Cocoon and Silk Yarn Development Price Stabilisation Fund.||||HOA Total :||Total|Detailed-Head|-5140.50|-4836.00|-5796.15|-4861.00|100.0
50|03|01|2851|Village and Small Industries|00|||||||||||2851 - Total :||Total|Major-Head|29796.42|35212.58|35212.58|36281.21|
51|03|01|2852|Industries|08||202||2||01|Management of Government Silk Filature, Santemarahalli|||2852-08-202-2-01|Management of Government Silk Filature, Santemarahalli||Header|Detailed-Head|||||100.0
51|03|01|2852|Industries|08||202||2||01|Management of Government Silk Filature, Santemarahalli|002|Basic Pay|2852-08-202-2-01|Basic Pay||Data|Object-Head|11.70|234.00|234.00|231.00|100.0
51|03|01|2852|Industries|08||202||2||01|Management of Government Silk Filature, Santemarahalli|003|Basic Pay-Staff|2852-08-202-2-01|Basic Pay-Staff||Data|Object-Head|195.71||||100.0
51|03|01|2852|Industries|08||202||2||01|Management of Government Silk Filature, Santemarahalli|004|Interim Relief|2852-08-202-2-01|Interim Relief||Data|Object-Head|12.60||||100.0
51|03|01|2852|Industries|08||202||2||01|Management of Government Silk Filature, Santemarahalli|011|Dearness Allowance|2852-08-202-2-01|Dearness Allowance||Data|Object-Head|47.45|52.00|52.00|58.00|100.0
51|03|01|2852|Industries|08||202||2||01|Management of Government Silk Filature, Santemarahalli|014|Other Allowance|2852-08-202-2-01|Other Allowance||Data|Object-Head|16.38|20.00|20.00|20.00|100.0
51|03|01|2852|Industries|08||202||2||01|Management of Government Silk Filature, Santemarahalli|015|Subsidiary Expenses|2852-08-202-2-01|Subsidiary Expenses||Data|Object-Head|655.29|512.64|512.64|422.45|100.0
51|03|01|2852|Industries|08||202||2||01|Management of Government Silk Filature, Santemarahalli|020|Medical Allowance|2852-08-202-2-01|Medical Allowance||Data|Object-Head|0.14||||100.0
51|03|01|2852|Industries|08||202||2||01|Management of Government Silk Filature, Santemarahalli|021|Reimbursement of Medical Expenses|2852-08-202-2-01|Reimbursement of Medical Expenses||Data|Object-Head||15.00|15.00|12.00|100.0
51|03|01|2852|Industries|08||202||2||01|Management of Government Silk Filature, Santemarahalli|041|Travel Expenses|2852-08-202-2-01|Travel Expenses||Data|Object-Head|0.96|1.00|1.00|1.00|100.0
51|03|01|2852|Industries|08||202||2||01|Management of Government Silk Filature, Santemarahalli|050|Office Expenses|2852-08-202-2-01|Office Expenses||Data|Object-Head||||2.00|100.0
51|03|01|2852|Industries|08||202||2||01|Management of Government Silk Filature, Santemarahalli|051|General Expenses|2852-08-202-2-01|General Expenses||Data|Object-Head|0.64|2.00|2.00||100.0
51|03|01|2852|Industries|08||202||2||01|Management of Government Silk Filature, Santemarahalli|071|Building Expenses|2852-08-202-2-01|Building Expenses||Data|Object-Head|2.83|3.00|3.00|3.00|100.0
51|03|01|2852|Industries|08||202||2||01|Management of Government Silk Filature, Santemarahalli|241|Interest Payments|2852-08-202-2-01|Interest Payments||Data|Object-Head||73.00|73.00|73.00|100.0
51|03|01|2852|Industries|08||202||2||01|Management of Government Silk Filature, Santemarahalli|243|Interest on Capital|2852-08-202-2-01|Interest on Capital||Data|Object-Head|73.69||||100.0
51|03|01|2852|Industries|08||202||2||01|Management of Government Silk Filature, Santemarahalli|271|Depreciation|2852-08-202-2-01|Depreciation||Data|Object-Head|0.21|8.25|8.25|8.25|100.0
51|03|01|2852|Industries|08||202||2||01|Management of Government Silk Filature, Santemarahalli||||HOA Total :||Total|Detailed-Head|1017.60|920.89|920.89|830.70|100.0
51|03|01|2852|Industries|08||202||2||05|Deduct-Amount Transferred to Depreciation Reserve Fund|||2852-08-202-2-05|Deduct-Amount Transferred to Depreciation Reserve Fund||Header|Detailed-Head|||||100.0
51|03|01|2852|Industries|08||202||2||05|Deduct-Amount Transferred to Depreciation Reserve Fund|261|Inter Account Transfers|2852-08-202-2-05|Inter Account Transfers||Data|Object-Head||-8.25|-8.25|-8.25|100.0
51|03|01|2852|Industries|08||202||2||05|Deduct-Amount Transferred to Depreciation Reserve Fund||||HOA Total :||Total|Detailed-Head|0.00|-8.25|-8.25|-8.25|100.0
51|03|01|2852|Industries|08|||||||||||2852 - Total :||Total|Major-Head|1017.60|912.64|912.64|822.45|
52|03|01|4851|Capital Outlay on Village & Small Industries|00||107||1||01|Construction and Maintenance of Sericulture Buildings|||4851-00-107-1-01|Construction and Maintenance of Sericulture Buildings||Header|Detailed-Head|||||100.0
52|03|01|4851|Capital Outlay on Village & Small Industries|00||107||1||01|Construction and Maintenance of Sericulture Buildings|053|Purchase of Furniture and Fixture for Office|4851-00-107-1-01|Purchase of Furniture and Fixture for Office||Data|Object-Head||10.00|10.00|10.00|100.0
52|03|01|4851|Capital Outlay on Village & Small Industries|00||107||1||01|Construction and Maintenance of Sericulture Buildings|132|Other Capital Expenses|4851-00-107-1-01|Other Capital Expenses||Data|Object-Head||||98.00|100.0
52|03|01|4851|Capital Outlay on Village & Small Industries|00||107||1||01|Construction and Maintenance of Sericulture Buildings|139|Major Works|4851-00-107-1-01|Major Works||Data|Object-Head|97.48|98.00|98.00||100.0
52|03|01|4851|Capital Outlay on Village & Small Industries|00||107||1||01|Construction and Maintenance of Sericulture Buildings|422|Schedule Caste Sub Plan|4851-00-107-1-01|Schedule Caste Sub Plan||Data|Object-Head|1.00|1.00|1.00|1.00|100.0
52|03|01|4851|Capital Outlay on Village & Small Industries|00||107||1||01|Construction and Maintenance of Sericulture Buildings|423|Tribal Sub Plan|4851-00-107-1-01|Tribal Sub Plan||Data|Object-Head|1.00|1.00|1.00|1.00|100.0
52|03|01|4851|Capital Outlay on Village & Small Industries|00||107||1||01|Construction and Maintenance of Sericulture Buildings|436|NABARD Works|4851-00-107-1-01|NABARD Works||Data|Object-Head|4396.00|5500.00|5500.00|6029.00|100.0
52|03|01|4851|Capital Outlay on Village & Small Industries|00||107||1||01|Construction and Maintenance of Sericulture Buildings||||HOA Total :||Total|Detailed-Head|4495.48|5610.00|5610.00|6139.00|100.0
52|03|01|4851|Capital Outlay on Village & Small Industries|00|||||||||||4851 - Total :||Total|Major-Head|4495.48|5610.00|5610.00|6139.00|
53|03|02|2403|Animal Husbandry|00||001||0||01|Director Animal Husbandry & Veterinary Services|||2403-00-001-0-01|Director Animal Husbandry & Veterinary Services|V|Header|Detailed-Head|||||100.0
53|03|02|2403|Animal Husbandry|00||001||0||01|Director Animal Husbandry & Veterinary Services|002|Basic Pay|2403-00-001-0-01|Basic Pay|V|Data|Object-Head|2946.23|6996.00|6996.00|7060.00|100.0
53|03|02|2403|Animal Husbandry|00||001||0||01|Director Animal Husbandry & Veterinary Services|003|Basic Pay-Staff|2403-00-001-0-01|Basic Pay-Staff|V|Data|Object-Head|2453.67||||100.0
53|03|02|2403|Animal Husbandry|00||001||0||01|Director Animal Husbandry & Veterinary Services|004|Interim Relief|2403-00-001-0-01|Interim Relief|V|Data|Object-Head|385.27||||100.0
53|03|02|2403|Animal Husbandry|00||001||0||01|Director Animal Husbandry & Veterinary Services|011|Dearness Allowance|2403-00-001-0-01|Dearness Allowance|V|Data|Object-Head|1344.14|1551.00|1551.00|1772.00|100.0
53|03|02|2403|Animal Husbandry|00||001||0||01|Director Animal Husbandry & Veterinary Services|014|Other Allowance|2403-00-001-0-01|Other Allowance|V|Data|Object-Head|1093.19|1293.00|1293.00|1277.00|100.0
53|03|02|2403|Animal Husbandry|00||001||0||01|Director Animal Husbandry & Veterinary Services|015|Subsidiary Expenses|2403-00-001-0-01|Subsidiary Expenses|V|Data|Object-Head|19.79|20.00|20.00|20.00|100.0
53|03|02|2403|Animal Husbandry|00||001||0||01|Director Animal Husbandry & Veterinary Services|020|Medical Allowance|2403-00-001-0-01|Medical Allowance|V|Data|Object-Head|20.17||||100.0
53|03|02|2403|Animal Husbandry|00||001||0||01|Director Animal Husbandry & Veterinary Services|021|Reimbursement of Medical Expenses|2403-00-001-0-01|Reimbursement of Medical Expenses|V|Data|Object-Head|65.06|54.00|54.00|53.00|100.0
53|03|02|2403|Animal Husbandry|00||001||0||01|Director Animal Husbandry & Veterinary Services|033|Daily-wages|2403-00-001-0-01|Daily-wages|V|Data|Object-Head|117.65|129.53|129.53|113.38|100.0
53|03|02|2403|Animal Husbandry|00||001||0||01|Director Animal Husbandry & Veterinary Services|034|Contract/Outsource|2403-00-001-0-01|Contract/Outsource|V|Data|Object-Head|6632.86|11284.33|11284.33|11622.67|100.0
53|03|02|2403|Animal Husbandry|00||001||0||01|Director Animal Husbandry & Veterinary Services|041|Travel Expenses|2403-00-001-0-01|Travel Expenses|V|Data|Object-Head|19.94|20.00|20.00|20.00|100.0
53|03|02|2403|Animal Husbandry|00||001||0||01|Director Animal Husbandry & Veterinary Services|050|Office Expenses|2403-00-001-0-01|Office Expenses|V|Data|Object-Head||255.00|255.00|250.00|100.0
53|03|02|2403|Animal Husbandry|00||001||0||01|Director Animal Husbandry & Veterinary Services|051|General Expenses|2403-00-001-0-01|General Expenses|V|Data|Object-Head|488.67|250.00|250.00|250.00|100.0
53|03|02|2403|Animal Husbandry|00||001||0||01|Director Animal Husbandry & Veterinary Services|052|Telephone Charges|2403-00-001-0-01|Telephone Charges|V|Data|Object-Head|7.56||||100.0
53|03|02|2403|Animal Husbandry|00||001||0||01|Director Animal Husbandry & Veterinary Services|059|Other Expenses|2403-00-001-0-01|Other Expenses|V|Data|Object-Head|419.01|940.00|940.00|700.00|100.0
53|03|02|2403|Animal Husbandry|00||001||0||01|Director Animal Husbandry & Veterinary Services|071|Building Expenses|2403-00-001-0-01|Building Expenses|V|Data|Object-Head|71.88|73.00|73.00|77.00|100.0
53|03|02|2403|Animal Husbandry|00||001||0||01|Director Animal Husbandry & Veterinary Services|101|Grants-in-Aid-Salaries|2403-00-001-0-01|Grants-in-Aid-Salaries|V|Data|Object-Head|88.10|57.48|57.48|41.64|100.0
53|03|02|2403|Animal Husbandry|00||001||0||01|Director Animal Husbandry & Veterinary Services|103|Grants-in-Aid -General|2403-00-001-0-01|Grants-in-Aid -General|V|Data|Object-Head|15.00|15.00|15.00|15.00|100.0
53|03|02|2403|Animal Husbandry|00||001||0||01|Director Animal Husbandry & Veterinary Services|140|Minor Works|2403-00-001-0-01|Minor Works|V|Data|Object-Head|800.00||||100.0
53|03|02|2403|Animal Husbandry|00||001||0||01|Director Animal Husbandry & Veterinary Services|195|Transport Expenses|2403-00-001-0-01|Transport Expenses|V|Data|Object-Head|211.90|259.99|259.99|232.42|100.0
53|03|02|2403|Animal Husbandry|00||001||0||01|Director Animal Husbandry & Veterinary Services|200|Maintenance Expenditure|2403-00-001-0-01|Maintenance Expenditure|V|Data|Object-Head|297.67|210.00|210.00|210.00|100.0
53|03|02|2403|Animal Husbandry|00||001||0||01|Director Animal Husbandry & Veterinary Services|221|Materials and Supplies|2403-00-001-0-01|Materials and Supplies|V|Data|Object-Head|1199.99|3113.00|3113.00|3113.00|100.0
53|03|02|2403|Animal Husbandry|00||001||0||01|Director Animal Husbandry & Veterinary Services|222|Drugs and Chemicals|2403-00-001-0-01|Drugs and Chemicals|V|Data|Object-Head|1311.71||||100.0
53|03|02|2403|Animal Husbandry|00||001||0||01|Director Animal Husbandry & Veterinary Services|230|Hospital Accessaries|2403-00-001-0-01|Hospital Accessaries|V|Data|Object-Head|899.94||||100.0
53|03|02|2403|Animal Husbandry|00||001||0||01|Director Animal Husbandry & Veterinary Services|251|Pension & Retirement Benefits|2403-00-001-0-01|Pension & Retirement Benefits|V|Data|Object-Head|20.54|1.00|48.20|95.42|100.0
53|03|02|2403|Animal Husbandry|00||001||0||01|Director Animal Husbandry & Veterinary Services|324|Honorarium|2403-00-001-0-01|Honorarium|V|Data|Object-Head|2.00|2.00|2.00|2.00|100.0
53|03|02|2403|Animal Husbandry|00||001||0||01|Director Animal Husbandry & Veterinary Services|422|Schedule Caste Sub Plan|2403-00-001-0-01|Schedule Caste Sub Plan|V|Data|Object-Head|61.84|62.00|62.00|62.00|100.0
54|03|02|2403|Animal Husbandry|00||001||0||01|Director Animal Husbandry & Veterinary Services|423|Tribal Sub Plan|2403-00-001-0-01|Tribal Sub Plan|V|Data|Object-Head|25.00|25.00|25.00|25.00|100.0
54|03|02|2403|Animal Husbandry|00||001||0||01|Director Animal Husbandry & Veterinary Services|||2403-00-001-0-01|HOA Total :|V|Total|Detailed-Head|21018.78|26611.33|26658.53|27011.53|100.0
54|03|02|2403|Animal Husbandry|00||001||0||04|Unspent SCSP-TSP Amount as per the SCSP-TSPAct 2013|||2403-00-001-0-04|Unspent SCSP-TSP Amount as per the SCSP-TSPAct 2013|V|Header|Detailed-Head|||||100.0
54|03|02|2403|Animal Husbandry|00||001||0||04|Unspent SCSP-TSP Amount as per the SCSP-TSPAct 2013|422|Schedule Caste Sub Plan|2403-00-001-0-04|Schedule Caste Sub Plan|V|Data|Object-Head|27.56|2.37|2.37|0.11|100.0
54|03|02|2403|Animal Husbandry|00||001||0||04|Unspent SCSP-TSP Amount as per the SCSP-TSPAct 2013|423|Tribal Sub Plan|2403-00-001-0-04|Tribal Sub Plan|V|Data|Object-Head|405.19|1.57|1.57||100.0
54|03|02|2403|Animal Husbandry|00||001||0||04|Unspent SCSP-TSP Amount as per the SCSP-TSPAct 2013|||2403-00-001-0-04|HOA Total :|V|Total|Detailed-Head|432.75|3.94|3.94|0.11|100.0
54|03|02|2403|Animal Husbandry|00||001||0||50|Vacant Post Provision|||2403-00-001-0-50|Vacant Post Provision|V|Header|Detailed-Head|||||100.0
54|03|02|2403|Animal Husbandry|00||001||0||50|Vacant Post Provision|014|Other Allowance|2403-00-001-0-50|Other Allowance|V|Data|Object-Head||11553.35|11495.51|14177.35|100.0
54|03|02|2403|Animal Husbandry|00||001||0||50|Vacant Post Provision|||2403-00-001-0-50|HOA Total :|V|Total|Detailed-Head|0.00|11553.35|11495.51|14177.35|100.0
54|03|02|2403|Animal Husbandry|00||101||0||06|Institute of Animal Health and Veterinary Biologicals and Clinical Laboratories, Bangalore|||2403-00-101-0-06|Institute of Animal Health and Veterinary Biologicals and Clinical Laboratories, Bangalore|V|Header|Detailed-Head|||||100.0
54|03|02|2403|Animal Husbandry|00||101||0||06|Institute of Animal Health and Veterinary Biologicals and Clinical Laboratories, Bangalore|101|Grants-in-Aid-Salaries|2403-00-101-0-06|Grants-in-Aid-Salaries|V|Data|Object-Head|1601.46|1781.91|1781.91|1866.64|100.0
54|03|02|2403|Animal Husbandry|00||101||0||06|Institute of Animal Health and Veterinary Biologicals and Clinical Laboratories, Bangalore|103|Grants-in-Aid -General|2403-00-101-0-06|Grants-in-Aid -General|V|Data|Object-Head||1.00|1.00|1.00|100.0
54|03|02|2403|Animal Husbandry|00||101||0||06|Institute of Animal Health and Veterinary Biologicals and Clinical Laboratories, Bangalore|115|GIA Contract /Outsource|2403-00-101-0-06|GIA Contract /Outsource|V|Data|Object-Head||1.00|1.00|126.35|100.0
54|03|02|2403|Animal Husbandry|00||101||0||06|Institute of Animal Health and Veterinary Biologicals and Clinical Laboratories, Bangalore|118|Grants-in-Aid-Pensions|2403-00-101-0-06|Grants-in-Aid-Pensions|V|Data|Object-Head||||906.29|100.0
54|03|02|2403|Animal Husbandry|00||101||0||06|Institute of Animal Health and Veterinary Biologicals and Clinical Laboratories, Bangalore|||2403-00-101-0-06|HOA Total :|V|Total|Detailed-Head|1601.46|1783.91|1783.91|2900.28|100.0
54|03|02|2403|Animal Husbandry|00||101||0||11|Animal Welfare Board|||2403-00-101-0-11|Animal Welfare Board|V|Header|Detailed-Head|||||100.0
54|03|02|2403|Animal Husbandry|00||101||0||11|Animal Welfare Board|103|Grants-in-Aid -General|2403-00-101-0-11|Grants-in-Aid -General|V|Data|Object-Head|50.00|50.00|50.00|50.00|100.0
54|03|02|2403|Animal Husbandry|00||101||0||11|Animal Welfare Board|||2403-00-101-0-11|HOA Total :|V|Total|Detailed-Head|50.00|50.00|50.00|50.00|100.0
55|03|02|2403|Animal Husbandry|00||101||0||21|CSS-State Share-Control of Animal Diseases|||2403-00-101-0-21|CSS-State Share-Control of Animal Diseases|V|Header|Detailed-Head|||||100.0
55|03|02|2403|Animal Husbandry|00||101||0||21|CSS-State Share-Control of Animal Diseases|051|General Expenses|2403-00-101-0-21|General Expenses|V|Data|Object-Head|748.18|1011.50|1011.50|1012.00|100.0
55|03|02|2403|Animal Husbandry|00||101||0||21|CSS-State Share-Control of Animal Diseases|422|Schedule Caste Sub Plan|2403-00-101-0-21|Schedule Caste Sub Plan|V|Data|Object-Head|166.96|228.44|228.44|228.00|100.0
55|03|02|2403|Animal Husbandry|00||101||0||21|CSS-State Share-Control of Animal Diseases|423|Tribal Sub Plan|2403-00-101-0-21|Tribal Sub Plan|V|Data|Object-Head|83.90|93.06|93.06|93.00|100.0
55|03|02|2403|Animal Husbandry|00||101||0||21|CSS-State Share-Control of Animal Diseases|||2403-00-101-0-21|HOA Total :|V|Total|Detailed-Head|999.04|1333.00|1333.00|1333.00|100.0
55|03|02|2403|Animal Husbandry|00||101||0||42|CSS-Central Share-Control of Animal Diseases|||2403-00-101-0-42|CSS-Central Share-Control of Animal Diseases|V|Header|Detailed-Head|||||100.0
55|03|02|2403|Animal Husbandry|00||101||0||42|CSS-Central Share-Control of Animal Diseases|051|General Expenses|2403-00-101-0-42|General Expenses|V|Data|Object-Head|1122.27|1517.62|1517.62|1518.00|100.0
55|03|02|2403|Animal Husbandry|00||101||0||42|CSS-Central Share-Control of Animal Diseases|422|Schedule Caste Sub Plan|2403-00-101-0-42|Schedule Caste Sub Plan|V|Data|Object-Head|250.45|342.74|342.74|343.00|100.0
55|03|02|2403|Animal Husbandry|00||101||0||42|CSS-Central Share-Control of Animal Diseases|423|Tribal Sub Plan|2403-00-101-0-42|Tribal Sub Plan|V|Data|Object-Head|125.86|139.64|139.64|139.00|100.0
55|03|02|2403|Animal Husbandry|00||101||0||42|CSS-Central Share-Control of Animal Diseases|||2403-00-101-0-42|HOA Total :|V|Total|Detailed-Head|1498.58|2000.00|2000.00|2000.00|100.0
55|03|02|2403|Animal Husbandry|00||101||0||43|CSS-Central Share-ASCAD Payment of compensation|||2403-00-101-0-43|CSS-Central Share-ASCAD Payment of compensation|V|Header|Detailed-Head|||||100.0
55|03|02|2403|Animal Husbandry|00||101||0||43|CSS-Central Share-ASCAD Payment of compensation|100|Financial Assistance/Relief|2403-00-101-0-43|Financial Assistance/Relief|V|Data|Object-Head|1.32|75.90|75.90|76.00|100.0
55|03|02|2403|Animal Husbandry|00||101||0||43|CSS-Central Share-ASCAD Payment of compensation|422|Schedule Caste Sub Plan|2403-00-101-0-43|Schedule Caste Sub Plan|V|Data|Object-Head||17.15|17.15|17.00|100.0
55|03|02|2403|Animal Husbandry|00||101||0||43|CSS-Central Share-ASCAD Payment of compensation|423|Tribal Sub Plan|2403-00-101-0-43|Tribal Sub Plan|V|Data|Object-Head||6.95|6.95|7.00|100.0
55|03|02|2403|Animal Husbandry|00||101||0||43|CSS-Central Share-ASCAD Payment of compensation|||2403-00-101-0-43|HOA Total :|V|Total|Detailed-Head|1.32|100.00|100.00|100.00|100.0
55|03|02|2403|Animal Husbandry|00||101||0||44|CSS-State Share-ASCAD Payment of compensation|||2403-00-101-0-44|CSS-State Share-ASCAD Payment of compensation|V|Header|Detailed-Head|||||100.0
55|03|02|2403|Animal Husbandry|00||101||0||44|CSS-State Share-ASCAD Payment of compensation|100|Financial Assistance/Relief|2403-00-101-0-44|Financial Assistance/Relief|V|Data|Object-Head|1.32|75.90|75.90|76.00|100.0
55|03|02|2403|Animal Husbandry|00||101||0||44|CSS-State Share-ASCAD Payment of compensation|422|Schedule Caste Sub Plan|2403-00-101-0-44|Schedule Caste Sub Plan|V|Data|Object-Head||17.15|17.15|17.00|100.0
55|03|02|2403|Animal Husbandry|00||101||0||44|CSS-State Share-ASCAD Payment of compensation|423|Tribal Sub Plan|2403-00-101-0-44|Tribal Sub Plan|V|Data|Object-Head||6.95|6.95|7.00|100.0
55|03|02|2403|Animal Husbandry|00||101||0||44|CSS-State Share-ASCAD Payment of compensation|||2403-00-101-0-44|HOA Total :|V|Total|Detailed-Head|1.32|100.00|100.00|100.00|100.0
56|03|02|2403|Animal Husbandry|00||101||0||45|CSS-Central Share(100% GoI)-ASCAD Training and Awareness|||2403-00-101-0-45|CSS-Central Share(100% GoI)-ASCAD Training and Awareness|V|Header|Detailed-Head|||||100.0
56|03|02|2403|Animal Husbandry|00||101||0||45|CSS-Central Share(100% GoI)-ASCAD Training and Awareness|015|Subsidiary Expenses|2403-00-101-0-45|Subsidiary Expenses|V|Data|Object-Head|7.31|151.79|151.79|152.00|100.0
56|03|02|2403|Animal Husbandry|00||101||0||45|CSS-Central Share(100% GoI)-ASCAD Training and Awareness|422|Schedule Caste Sub Plan|2403-00-101-0-45|Schedule Caste Sub Plan|V|Data|Object-Head||34.30|34.30|34.00|100.0
56|03|02|2403|Animal Husbandry|00||101||0||45|CSS-Central Share(100% GoI)-ASCAD Training and Awareness|423|Tribal Sub Plan|2403-00-101-0-45|Tribal Sub Plan|V|Data|Object-Head||13.91|13.91|14.00|100.0
56|03|02|2403|Animal Husbandry|00||101||0||45|CSS-Central Share(100% GoI)-ASCAD Training and Awareness|||2403-00-101-0-45|HOA Total :|V|Total|Detailed-Head|7.31|200.00|200.00|200.00|100.0
56|03|02|2403|Animal Husbandry|00||101||0||46|CSS-Central Share-(ESVHD)Mobile Veterinary Units|||2403-00-101-0-46|CSS-Central Share-(ESVHD)Mobile Veterinary Units|V|Header|Detailed-Head|||||100.0
56|03|02|2403|Animal Husbandry|00||101||0||46|CSS-Central Share-(ESVHD)Mobile Veterinary Units|051|General Expenses|2403-00-101-0-46|General Expenses|V|Data|Object-Head|1918.15|1229.58|2321.15|2581.00|100.0
56|03|02|2403|Animal Husbandry|00||101||0||46|CSS-Central Share-(ESVHD)Mobile Veterinary Units|422|Schedule Caste Sub Plan|2403-00-101-0-46|Schedule Caste Sub Plan|V|Data|Object-Head|551.50|277.83|664.92|583.00|100.0
56|03|02|2403|Animal Husbandry|00||101||0||46|CSS-Central Share-(ESVHD)Mobile Veterinary Units|423|Tribal Sub Plan|2403-00-101-0-46|Tribal Sub Plan|V|Data|Object-Head|280.77|112.59|338.50|236.00|100.0
56|03|02|2403|Animal Husbandry|00||101||0||46|CSS-Central Share-(ESVHD)Mobile Veterinary Units|||2403-00-101-0-46|HOA Total :|V|Total|Detailed-Head|2750.42|1620.00|3324.57|3400.00|100.0
56|03|02|2403|Animal Husbandry|00||101||0||47|CSS-State Share-(ESVHD)Mobile Veterinary Units|||2403-00-101-0-47|CSS-State Share-(ESVHD)Mobile Veterinary Units|V|Header|Detailed-Head|||||100.0
56|03|02|2403|Animal Husbandry|00||101||0||47|CSS-State Share-(ESVHD)Mobile Veterinary Units|051|General Expenses|2403-00-101-0-47|General Expenses|V|Data|Object-Head|1278.76|819.72|1547.43|1721.00|100.0
56|03|02|2403|Animal Husbandry|00||101||0||47|CSS-State Share-(ESVHD)Mobile Veterinary Units|422|Schedule Caste Sub Plan|2403-00-101-0-47|Schedule Caste Sub Plan|V|Data|Object-Head|367.66|185.22|443.28|389.00|100.0
56|03|02|2403|Animal Husbandry|00||101||0||47|CSS-State Share-(ESVHD)Mobile Veterinary Units|423|Tribal Sub Plan|2403-00-101-0-47|Tribal Sub Plan|V|Data|Object-Head|187.18|75.06|225.67|157.00|100.0
56|03|02|2403|Animal Husbandry|00||101||0||47|CSS-State Share-(ESVHD)Mobile Veterinary Units|||2403-00-101-0-47|HOA Total :|V|Total|Detailed-Head|1833.60|1080.00|2216.38|2267.00|100.0
56|03|02|2403|Animal Husbandry|00||102||2||40|Assistance to Pinjarapole and Goshalas|||2403-00-102-2-40|Assistance to Pinjarapole and Goshalas|V|Header|Detailed-Head|||||100.0
56|03|02|2403|Animal Husbandry|00||102||2||40|Assistance to Pinjarapole and Goshalas|059|Other Expenses|2403-00-102-2-40|Other Expenses|V|Data|Object-Head|100.00|100.00|100.00|100.00|100.0
56|03|02|2403|Animal Husbandry|00||102||2||40|Assistance to Pinjarapole and Goshalas|103|Grants-in-Aid -General|2403-00-102-2-40|Grants-in-Aid -General|V|Data|Object-Head|410.12|400.00|400.00|400.00|100.0
56|03|02|2403|Animal Husbandry|00||102||2||40|Assistance to Pinjarapole and Goshalas|||2403-00-102-2-40|HOA Total :|V|Total|Detailed-Head|510.12|500.00|500.00|500.00|100.0
57|03|02|2403|Animal Husbandry|00||103||0||01|State Poultry Farms|||2403-00-103-0-01|State Poultry Farms|V|Header|Detailed-Head|||||100.0
57|03|02|2403|Animal Husbandry|00||103||0||01|State Poultry Farms|101|Grants-in-Aid-Salaries|2403-00-103-0-01|Grants-in-Aid-Salaries|V|Data|Object-Head|419.47|614.65|614.65|676.83|100.0
57|03|02|2403|Animal Husbandry|00||103||0||01|State Poultry Farms|103|Grants-in-Aid -General|2403-00-103-0-01|Grants-in-Aid -General|V|Data|Object-Head|20.00|20.00|20.00|20.00|100.0
57|03|02|2403|Animal Husbandry|00||103||0||01|State Poultry Farms|115|GIA Contract /Outsource|2403-00-103-0-01|GIA Contract /Outsource|V|Data|Object-Head|32.54|33.95|33.95|35.18|100.0
57|03|02|2403|Animal Husbandry|00||103||0||01|State Poultry Farms|||2403-00-103-0-01|HOA Total :|V|Total|Detailed-Head|472.01|668.60|668.60|732.01|100.0
57|03|02|2403|Animal Husbandry|00||104||0||02|Karnataka Sheep and Wool Development Corporation Limited|||2403-00-104-0-02|Karnataka Sheep and Wool Development Corporation Limited|V|Header|Detailed-Head|||||100.0
57|03|02|2403|Animal Husbandry|00||104||0||02|Karnataka Sheep and Wool Development Corporation Limited|101|Grants-in-Aid-Salaries|2403-00-104-0-02|Grants-in-Aid-Salaries|V|Data|Object-Head|917.87|1388.05|1388.05|1540.05|100.0
57|03|02|2403|Animal Husbandry|00||104||0||02|Karnataka Sheep and Wool Development Corporation Limited|103|Grants-in-Aid -General|2403-00-104-0-02|Grants-in-Aid -General|V|Data|Object-Head|2835.50|2400.00|2400.00|2200.42|100.0
57|03|02|2403|Animal Husbandry|00||104||0||02|Karnataka Sheep and Wool Development Corporation Limited|115|GIA Contract /Outsource|2403-00-104-0-02|GIA Contract /Outsource|V|Data|Object-Head|250.78|262.10|262.10|271.98|100.0
57|03|02|2403|Animal Husbandry|00||104||0||02|Karnataka Sheep and Wool Development Corporation Limited|422|Schedule Caste Sub Plan|2403-00-104-0-02|Schedule Caste Sub Plan|V|Data|Object-Head|370.58|500.00|500.00|357.13|100.0
57|03|02|2403|Animal Husbandry|00||104||0||02|Karnataka Sheep and Wool Development Corporation Limited|423|Tribal Sub Plan|2403-00-104-0-02|Tribal Sub Plan|V|Data|Object-Head|150.92|200.00|200.00|142.45|100.0
57|03|02|2403|Animal Husbandry|00||104||0||02|Karnataka Sheep and Wool Development Corporation Limited|||2403-00-104-0-02|HOA Total :|V|Total|Detailed-Head|4525.65|4750.15|4750.15|4512.03|100.0
57|03|02|2403|Animal Husbandry|00||104||0||12|Apathu Nidhi for Accidental Death of Small Animals|||2403-00-104-0-12|Apathu Nidhi for Accidental Death of Small Animals|V|Header|Detailed-Head|||||100.0
57|03|02|2403|Animal Husbandry|00||104||0||12|Apathu Nidhi for Accidental Death of Small Animals|103|Grants-in-Aid -General|2403-00-104-0-12|Grants-in-Aid -General|V|Data|Object-Head|1985.00|2201.10|2201.10|2201.00|100.0
57|03|02|2403|Animal Husbandry|00||104||0||12|Apathu Nidhi for Accidental Death of Small Animals|422|Schedule Caste Sub Plan|2403-00-104-0-12|Schedule Caste Sub Plan|V|Data|Object-Head||497.35|497.35|497.00|100.0
57|03|02|2403|Animal Husbandry|00||104||0||12|Apathu Nidhi for Accidental Death of Small Animals|423|Tribal Sub Plan|2403-00-104-0-12|Tribal Sub Plan|V|Data|Object-Head||201.55|201.55|202.00|100.0
57|03|02|2403|Animal Husbandry|00||104||0||12|Apathu Nidhi for Accidental Death of Small Animals|||2403-00-104-0-12|HOA Total :|V|Total|Detailed-Head|1985.00|2900.00|2900.00|2900.00|100.0
57|03|02|2403|Animal Husbandry|00||104||0||13|Apathu Nidhi for Accidental Death of Cattle|||2403-00-104-0-13|Apathu Nidhi for Accidental Death of Cattle|V|Header|Detailed-Head|||||100.0
57|03|02|2403|Animal Husbandry|00||104||0||13|Apathu Nidhi for Accidental Death of Cattle|100|Financial Assistance/Relief|2403-00-104-0-13|Financial Assistance/Relief|V|Data|Object-Head|1499.40|1593.90|1593.90|1594.00|100.0
57|03|02|2403|Animal Husbandry|00||104||0||13|Apathu Nidhi for Accidental Death of Cattle|422|Schedule Caste Sub Plan|2403-00-104-0-13|Schedule Caste Sub Plan|V|Data|Object-Head||360.15|360.15|360.00|100.0
57|03|02|2403|Animal Husbandry|00||104||0||13|Apathu Nidhi for Accidental Death of Cattle|423|Tribal Sub Plan|2403-00-104-0-13|Tribal Sub Plan|V|Data|Object-Head||145.95|145.95|146.00|100.0
57|03|02|2403|Animal Husbandry|00||104||0||13|Apathu Nidhi for Accidental Death of Cattle|||2403-00-104-0-13|HOA Total :|V|Total|Detailed-Head|1499.40|2100.00|2100.00|2100.00|100.0
58|03|02|2403|Animal Husbandry|00||106||0||03|CSS-Central Share- Sub-Mission on Breed Development of Livestock & Poultry and Seminars(NLM)|||2403-00-106-0-03|CSS-Central Share- Sub-Mission on Breed Development of Livestock & Poultry and Seminars(NLM)|V|Header|Detailed-Head|||||100.0
58|03|02|2403|Animal Husbandry|00||106||0||03|CSS-Central Share- Sub-Mission on Breed Development of Livestock & Poultry and Seminars(NLM)|059|Other Expenses|2403-00-106-0-03|Other Expenses|V|Data|Object-Head||27.32|27.32|27.00|100.0
58|03|02|2403|Animal Husbandry|00||106||0||03|CSS-Central Share- Sub-Mission on Breed Development of Livestock & Poultry and Seminars(NLM)|422|Schedule Caste Sub Plan|2403-00-106-0-03|Schedule Caste Sub Plan|V|Data|Object-Head||6.17|6.17|6.00|100.0
58|03|02|2403|Animal Husbandry|00||106||0||03|CSS-Central Share- Sub-Mission on Breed Development of Livestock & Poultry and Seminars(NLM)|423|Tribal Sub Plan|2403-00-106-0-03|Tribal Sub Plan|V|Data|Object-Head||2.51|2.51|3.00|100.0
58|03|02|2403|Animal Husbandry|00||106||0||03|CSS-Central Share- Sub-Mission on Breed Development of Livestock & Poultry and Seminars(NLM)|||2403-00-106-0-03|HOA Total :|V|Total|Detailed-Head|0.00|36.00|36.00|36.00|100.0
58|03|02|2403|Animal Husbandry|00||106||0||04|CSS- State Share-Sub-Mission on Breed Development of Livestock & Poultry and Seminars(NLM)|||2403-00-106-0-04|CSS- State Share-Sub-Mission on Breed Development of Livestock & Poultry and Seminars(NLM)|V|Header|Detailed-Head|||||100.0
58|03|02|2403|Animal Husbandry|00||106||0||04|CSS- State Share-Sub-Mission on Breed Development of Livestock & Poultry and Seminars(NLM)|059|Other Expenses|2403-00-106-0-04|Other Expenses|V|Data|Object-Head||22.00|22.00|22.00|100.0
58|03|02|2403|Animal Husbandry|00||106||0||04|CSS- State Share-Sub-Mission on Breed Development of Livestock & Poultry and Seminars(NLM)|422|Schedule Caste Sub Plan|2403-00-106-0-04|Schedule Caste Sub Plan|V|Data|Object-Head||1.00|1.00|1.00|100.0
58|03|02|2403|Animal Husbandry|00||106||0||04|CSS- State Share-Sub-Mission on Breed Development of Livestock & Poultry and Seminars(NLM)|423|Tribal Sub Plan|2403-00-106-0-04|Tribal Sub Plan|V|Data|Object-Head||1.00|1.00|1.00|100.0
58|03|02|2403|Animal Husbandry|00||106||0||04|CSS- State Share-Sub-Mission on Breed Development of Livestock & Poultry and Seminars(NLM)|||2403-00-106-0-04|HOA Total :|V|Total|Detailed-Head|0.00|24.00|24.00|24.00|100.0
58|03|02|2403|Animal Husbandry|00||107||0||03|CSS-Central Share-100% GoI)-Sub Mission on Feed and Fodder Development(NLM)|||2403-00-107-0-03|CSS-Central Share-100% GoI)-Sub Mission on Feed and Fodder Development(NLM)|V|Header|Detailed-Head|||||100.0
58|03|02|2403|Animal Husbandry|00||107||0||03|CSS-Central Share-100% GoI)-Sub Mission on Feed and Fodder Development(NLM)|059|Other Expenses|2403-00-107-0-03|Other Expenses|V|Data|Object-Head|453.27|760.00|760.00|760.00|100.0
58|03|02|2403|Animal Husbandry|00||107||0||03|CSS-Central Share-100% GoI)-Sub Mission on Feed and Fodder Development(NLM)|422|Schedule Caste Sub Plan|2403-00-107-0-03|Schedule Caste Sub Plan|V|Data|Object-Head|105.00|171.00|171.00|171.00|100.0
58|03|02|2403|Animal Husbandry|00||107||0||03|CSS-Central Share-100% GoI)-Sub Mission on Feed and Fodder Development(NLM)|423|Tribal Sub Plan|2403-00-107-0-03|Tribal Sub Plan|V|Data|Object-Head|41.69|69.00|69.00|69.00|100.0
58|03|02|2403|Animal Husbandry|00||107||0||03|CSS-Central Share-100% GoI)-Sub Mission on Feed and Fodder Development(NLM)|||2403-00-107-0-03|HOA Total :|V|Total|Detailed-Head|599.96|1000.00|1000.00|1000.00|100.0
58|03|02|2403|Animal Husbandry|00||108||0||01|CSS- Central Share-Livestock Insurance(NLM)|||2403-00-108-0-01|CSS- Central Share-Livestock Insurance(NLM)|V|Header|Detailed-Head|||||100.0
58|03|02|2403|Animal Husbandry|00||108||0||01|CSS- Central Share-Livestock Insurance(NLM)|051|General Expenses|2403-00-108-0-01|General Expenses|V|Data|Object-Head|94.42|171.00|171.00|608.00|100.0
58|03|02|2403|Animal Husbandry|00||108||0||01|CSS- Central Share-Livestock Insurance(NLM)|422|Schedule Caste Sub Plan|2403-00-108-0-01|Schedule Caste Sub Plan|V|Data|Object-Head|21.88|38.25|52.50|136.00|100.0
59|03|02|2403|Animal Husbandry|00||108||0||01|CSS- Central Share-Livestock Insurance(NLM)|423|Tribal Sub Plan|2403-00-108-0-01|Tribal Sub Plan|V|Data|Object-Head|8.69|15.75|31.25|56.00|100.0
59|03|02|2403|Animal Husbandry|00||108||0||01|CSS- Central Share-Livestock Insurance(NLM)|||2403-00-108-0-01|HOA Total :|V|Total|Detailed-Head|124.99|225.00|254.75|800.00|100.0
59|03|02|2403|Animal Husbandry|00||108||0||02|CSS- State Share Livestock Insurance(NLM)|||2403-00-108-0-02|CSS- State Share Livestock Insurance(NLM)|V|Header|Detailed-Head|||||100.0
59|03|02|2403|Animal Husbandry|00||108||0||02|CSS- State Share Livestock Insurance(NLM)|051|General Expenses|2403-00-108-0-02|General Expenses|V|Data|Object-Head|62.95|114.00|114.00|405.33|100.0
59|03|02|2403|Animal Husbandry|00||108||0||02|CSS- State Share Livestock Insurance(NLM)|422|Schedule Caste Sub Plan|2403-00-108-0-02|Schedule Caste Sub Plan|V|Data|Object-Head|14.59|25.50|35.00|91.00|100.0
59|03|02|2403|Animal Husbandry|00||108||0||02|CSS- State Share Livestock Insurance(NLM)|423|Tribal Sub Plan|2403-00-108-0-02|Tribal Sub Plan|V|Data|Object-Head|5.79|10.50|20.83|37.00|100.0
59|03|02|2403|Animal Husbandry|00||108||0||02|CSS- State Share Livestock Insurance(NLM)|||2403-00-108-0-02|HOA Total :|V|Total|Detailed-Head|83.33|150.00|169.83|533.33|100.0
59|03|02|2403|Animal Husbandry|00||109||0||05|CSS- Central Share-(100% GoI) -NLM -Traning|||2403-00-109-0-05|CSS- Central Share-(100% GoI) -NLM -Traning|V|Header|Detailed-Head|||||100.0
59|03|02|2403|Animal Husbandry|00||109||0||05|CSS- Central Share-(100% GoI) -NLM -Traning|051|General Expenses|2403-00-109-0-05|General Expenses|V|Data|Object-Head||94.12|94.12|94.00|100.0
59|03|02|2403|Animal Husbandry|00||109||0||05|CSS- Central Share-(100% GoI) -NLM -Traning|422|Schedule Caste Sub Plan|2403-00-109-0-05|Schedule Caste Sub Plan|V|Data|Object-Head||21.27|21.27|21.00|100.0
59|03|02|2403|Animal Husbandry|00||109||0||05|CSS- Central Share-(100% GoI) -NLM -Traning|423|Tribal Sub Plan|2403-00-109-0-05|Tribal Sub Plan|V|Data|Object-Head||8.61|8.61|9.00|100.0
59|03|02|2403|Animal Husbandry|00||109||0||05|CSS- Central Share-(100% GoI) -NLM -Traning|||2403-00-109-0-05|HOA Total :|V|Total|Detailed-Head|0.00|124.00|124.00|124.00|100.0
59|03|02|2403|Animal Husbandry|00||109||0||06|CSS-Central Share-(100% GoI) - NLM -Entrepreneurship Development Programme|||2403-00-109-0-06|CSS-Central Share-(100% GoI) - NLM -Entrepreneurship Development Programme|V|Header|Detailed-Head|||||100.0
59|03|02|2403|Animal Husbandry|00||109||0||06|CSS-Central Share-(100% GoI) - NLM -Entrepreneurship Development Programme|051|General Expenses|2403-00-109-0-06|General Expenses|V|Data|Object-Head|||25.00|25.00|100.0
59|03|02|2403|Animal Husbandry|00||109||0||06|CSS-Central Share-(100% GoI) - NLM -Entrepreneurship Development Programme|||2403-00-109-0-06|HOA Total :|V|Total|Detailed-Head|0.00|0.00|25.00|25.00|100.0
59|03|02|2403|Animal Husbandry|00||113||0||01|Animal Husbandry Statistics|||2403-00-113-0-01|Animal Husbandry Statistics|V|Header|Detailed-Head|||||100.0
59|03|02|2403|Animal Husbandry|00||113||0||01|Animal Husbandry Statistics|002|Basic Pay|2403-00-113-0-01|Basic Pay|V|Data|Object-Head|57.62|323.00|323.00|309.00|100.0
59|03|02|2403|Animal Husbandry|00||113||0||01|Animal Husbandry Statistics|003|Basic Pay-Staff|2403-00-113-0-01|Basic Pay-Staff|V|Data|Object-Head|202.34||||100.0
59|03|02|2403|Animal Husbandry|00||113||0||01|Animal Husbandry Statistics|004|Interim Relief|2403-00-113-0-01|Interim Relief|V|Data|Object-Head|15.07||||100.0
59|03|02|2403|Animal Husbandry|00||113||0||01|Animal Husbandry Statistics|011|Dearness Allowance|2403-00-113-0-01|Dearness Allowance|V|Data|Object-Head|57.91|71.00|71.00|77.00|100.0
59|03|02|2403|Animal Husbandry|00||113||0||01|Animal Husbandry Statistics|014|Other Allowance|2403-00-113-0-01|Other Allowance|V|Data|Object-Head|54.76|65.00|65.00|64.00|100.0
59|03|02|2403|Animal Husbandry|00||113||0||01|Animal Husbandry Statistics|020|Medical Allowance|2403-00-113-0-01|Medical Allowance|V|Data|Object-Head|1.47||||100.0
60|03|02|2403|Animal Husbandry|00||113|Animal Husbandry Statistics|0||01|Animal Husbandry Statistics|021|Reimbursement of Medical Expenses|2403-00-113-0-01|Reimbursement of Medical Expenses|V|Data|Object-Head|4.52|15.00|15.00|15.00|100.0
60|03|02|2403|Animal Husbandry|00||113|Animal Husbandry Statistics|0||01|Animal Husbandry Statistics|041|Travel Expenses|2403-00-113-0-01|Travel Expenses|V|Data|Object-Head|12.50|15.00|15.00|15.00|100.0
60|03|02|2403|Animal Husbandry|00||113|Animal Husbandry Statistics|0||01|Animal Husbandry Statistics|050|Office Expenses|2403-00-113-0-01|Office Expenses|V|Data|Object-Head||2.00|2.00|2.00|100.0
60|03|02|2403|Animal Husbandry|00||113|Animal Husbandry Statistics|0||01|Animal Husbandry Statistics|051|General Expenses|2403-00-113-0-01|General Expenses|V|Data|Object-Head|3.74|5.00|5.00|5.00|100.0
60|03|02|2403|Animal Husbandry|00||113|Animal Husbandry Statistics|0||01|Animal Husbandry Statistics|052|Telephone Charges|2403-00-113-0-01|Telephone Charges|V|Data|Object-Head|0.88||||100.0
60|03|02|2403|Animal Husbandry|00||113|Animal Husbandry Statistics|0||01|Animal Husbandry Statistics|071|Building Expenses|2403-00-113-0-01|Building Expenses|V|Data|Object-Head|0.12|2.00|2.00|2.00|100.0
60|03|02|2403|Animal Husbandry|00||113|Animal Husbandry Statistics|0||01|Animal Husbandry Statistics|195|Transport Expenses|2403-00-113-0-01|Transport Expenses|V|Data|Object-Head||5.00|5.00|4.96|100.0
60|03|02|2403|Animal Husbandry|00||113|Animal Husbandry Statistics|0||01|Animal Husbandry Statistics|||2403-00-113-0-01|HOA Total :|V|Total|Detailed-Head|410.93|503.00|503.00|493.96|100.0
60|03|02|2403|Animal Husbandry|00||113|Animal Husbandry Statistics|0||02|CSS-Salary-Integrated Sample Survey|||2403-00-113-0-02|CSS-Salary-Integrated Sample Survey|V|Header|Detailed-Head|||||100.0
60|03|02|2403|Animal Husbandry|00||113|Animal Husbandry Statistics|0||02|CSS-Salary-Integrated Sample Survey|002|Basic Pay|2403-00-113-0-02|Basic Pay|V|Data|Object-Head|81.21|446.00|455.50|463.00|100.0
60|03|02|2403|Animal Husbandry|00||113|Animal Husbandry Statistics|0||02|CSS-Salary-Integrated Sample Survey|003|Basic Pay-Staff|2403-00-113-0-02|Basic Pay-Staff|V|Data|Object-Head|266.37||||100.0
60|03|02|2403|Animal Husbandry|00||113|Animal Husbandry Statistics|0||02|CSS-Salary-Integrated Sample Survey|004|Interim Relief|2403-00-113-0-02|Interim Relief|V|Data|Object-Head|21.64||||100.0
60|03|02|2403|Animal Husbandry|00||113|Animal Husbandry Statistics|0||02|CSS-Salary-Integrated Sample Survey|011|Dearness Allowance|2403-00-113-0-02|Dearness Allowance|V|Data|Object-Head|80.12|99.00|99.00|116.00|100.0
60|03|02|2403|Animal Husbandry|00||113|Animal Husbandry Statistics|0||02|CSS-Salary-Integrated Sample Survey|014|Other Allowance|2403-00-113-0-02|Other Allowance|V|Data|Object-Head|48.24|62.00|63.14|65.00|100.0
60|03|02|2403|Animal Husbandry|00||113|Animal Husbandry Statistics|0||02|CSS-Salary-Integrated Sample Survey|020|Medical Allowance|2403-00-113-0-02|Medical Allowance|V|Data|Object-Head|1.80||||100.0
60|03|02|2403|Animal Husbandry|00||113|Animal Husbandry Statistics|0||02|CSS-Salary-Integrated Sample Survey|021|Reimbursement of Medical Expenses|2403-00-113-0-02|Reimbursement of Medical Expenses|V|Data|Object-Head|2.89|15.00|15.00|15.00|100.0
60|03|02|2403|Animal Husbandry|00||113|Animal Husbandry Statistics|0||02|CSS-Salary-Integrated Sample Survey|||2403-00-113-0-02|HOA Total :|V|Total|Detailed-Head|502.27|622.00|632.64|659.00|100.0
60|03|02|2403|Animal Husbandry|00||113|Animal Husbandry Statistics|0||04|CSS-Central Share(100% GoI)-Livestock Census|||2403-00-113-0-04|CSS-Central Share(100% GoI)-Livestock Census|V|Header|Detailed-Head|||||100.0
60|03|02|2403|Animal Husbandry|00||113|Animal Husbandry Statistics|0||04|CSS-Central Share(100% GoI)-Livestock Census|015|Subsidiary Expenses|2403-00-113-0-04|Subsidiary Expenses|V|Data|Object-Head|124.68|150.00|400.00|400.00|100.0
60|03|02|2403|Animal Husbandry|00||113|Animal Husbandry Statistics|0||04|CSS-Central Share(100% GoI)-Livestock Census|||2403-00-113-0-04|HOA Total :|V|Total|Detailed-Head|124.68|150.00|400.00|400.00|100.0
60|03|02|2403|Animal Husbandry|00||113|Animal Husbandry Statistics|0||06|Establishment of Veterinary and Animal Sciences University,Bidar|||2403-00-113-0-06|Establishment of Veterinary and Animal Sciences University,Bidar|V|Header|Detailed-Head|||||100.0
60|03|02|2403|Animal Husbandry|00||113|Animal Husbandry Statistics|0||06|Establishment of Veterinary and Animal Sciences University,Bidar|101|Grants-in-Aid-Salaries|2403-00-113-0-06|Grants-in-Aid-Salaries|V|Data|Object-Head|10220.92|10966.98|10966.98|11575.34|100.0
60|03|02|2403|Animal Husbandry|00||113|Animal Husbandry Statistics|0||06|Establishment of Veterinary and Animal Sciences University,Bidar|103|Grants-in-Aid -General|2403-00-113-0-06|Grants-in-Aid -General|V|Data|Object-Head|150.00|150.00|150.00|180.00|100.0
61|03|02|2403|Animal Husbandry|00||113|Animal Husbandry Statistics|0||06|Establishment of Veterinary and Animal Sciences University,Bidar|115|GIA Contract /Outsource|2403-00-113-0-06|GIA Contract /Outsource|V|Data|Object-Head|2335.52|2563.66|2563.66|2685.55|100.0
61|03|02|2403|Animal Husbandry|00||113|Animal Husbandry Statistics|0||06|Establishment of Veterinary and Animal Sciences University,Bidar|117|Scholarships & Incentives|2403-00-113-0-06|Scholarships & Incentives|V|Data|Object-Head|720.78|720.00|720.00|755.67|100.0
61|03|02|2403|Animal Husbandry|00||113|Animal Husbandry Statistics|0||06|Establishment of Veterinary and Animal Sciences University,Bidar|118|Grants-in-Aid-Pensions|2403-00-113-0-06|Grants-in-Aid-Pensions|V|Data|Object-Head|3056.27|3027.09|3027.09|3687.71|100.0
61|03|02|2403|Animal Husbandry|00||113|Animal Husbandry Statistics|0||06|Establishment of Veterinary and Animal Sciences University,Bidar|422|Schedule Caste Sub Plan|2403-00-113-0-06|Schedule Caste Sub Plan|V|Data|Object-Head|25.78|27.00|27.00|35.00|100.0
61|03|02|2403|Animal Husbandry|00||113|Animal Husbandry Statistics|0||06|Establishment of Veterinary and Animal Sciences University,Bidar|423|Tribal Sub Plan|2403-00-113-0-06|Tribal Sub Plan|V|Data|Object-Head|10.48|11.00|11.00|11.00|100.0
61|03|02|2403|Animal Husbandry|00||113|Animal Husbandry Statistics|0||06|Establishment of Veterinary and Animal Sciences University,Bidar|||2403-00-113-0-06|HOA Total :|V|Total|Detailed-Head|16519.75|17465.73|17465.73|18930.27|100.0
61|03|02|2403|Animal Husbandry|00||113|Animal Husbandry Statistics|0||07|CSS-Central Share-Integrated Sample Survey||||2403-00-113-0-07|CSS-Central Share-Integrated Sample Survey|Header|Detailed-Head|||||100.0
61|03|02|2403|Animal Husbandry|00||113|Animal Husbandry Statistics|0||07|CSS-Central Share-Integrated Sample Survey|009|Transfer of Salary-Honorarium to SNA/SPARSH Salary Grants|2403-00-113-0-07|Transfer of Salary-Honorarium to SNA/SPARSH Salary Grants|V|Data|Object-Head|180.00|225.00|225.00|360.00|100.0
61|03|02|2403|Animal Husbandry|00||113|Animal Husbandry Statistics|0||07|CSS-Central Share-Integrated Sample Survey|||2403-00-113-0-07|HOA Total :|V|Total|Detailed-Head|180.00|225.00|225.00|360.00|100.0
61|03|02|2403|Animal Husbandry|00||113|Animal Husbandry Statistics|0||08|CSS-State Share-Integrated Sample Survey||||2403-00-113-0-08|CSS-State Share-Integrated Sample Survey|Header|Detailed-Head|||||100.0
61|03|02|2403|Animal Husbandry|00||113|Animal Husbandry Statistics|0||08|CSS-State Share-Integrated Sample Survey|009|Transfer of Salary-Honorarium to SNA/SPARSH Salary Grants|2403-00-113-0-08|Transfer of Salary-Honorarium to SNA/SPARSH Salary Grants|V|Data|Object-Head|180.00|225.00|225.00|360.00|100.0
61|03|02|2403|Animal Husbandry|00||113|Animal Husbandry Statistics|0||08|CSS-State Share-Integrated Sample Survey|||2403-00-113-0-08|HOA Total :|V|Total|Detailed-Head|180.00|225.00|225.00|360.00|100.0
61|03|02|2403|Animal Husbandry|00||113|Animal Husbandry Statistics|0||09|CSS-Central Share(100% GoI)-Integrated Sample Survey- Other Components||||2403-00-113-0-09|CSS-Central Share(100% GoI)-Integrated Sample Survey- Other Components|Header|Detailed-Head|||||100.0
61|03|02|2403|Animal Husbandry|00||113|Animal Husbandry Statistics|0||09|CSS-Central Share(100% GoI)-Integrated Sample Survey- Other Components|015|Subsidiary Expenses|2403-00-113-0-09|Subsidiary Expenses|V|Data|Object-Head||12.50|12.50|11.00|100.0
61|03|02|2403|Animal Husbandry|00||113|Animal Husbandry Statistics|0||09|CSS-Central Share(100% GoI)-Integrated Sample Survey- Other Components|051|General Expenses|2403-00-113-0-09|General Expenses|V|Data|Object-Head|7.85|12.50|12.50|10.00|100.0
61|03|02|2403|Animal Husbandry|00||113|Animal Husbandry Statistics|0||09|CSS-Central Share(100% GoI)-Integrated Sample Survey- Other Components|||2403-00-113-0-09|HOA Total :|V|Total|Detailed-Head|7.85|25.00|25.00|21.00|100.0
62|03|02|2403|Animal Husbandry|00||195|Assistance to Animal Husbandry Co-operatives|0||01|Grants to Animal Husbandry Co- Operatives|||2403-00-195-0-01|Grants to Animal Husbandry Co- Operatives|V|Header|Detailed-Head|||||100.0
62|03|02|2403|Animal Husbandry|00||195|Assistance to Animal Husbandry Co-operatives|0||01|Grants to Animal Husbandry Co- Operatives|103|Grants-in-Aid -General|2403-00-195-0-01|Grants-in-Aid -General|V|Data|Object-Head|100.00|100.00|100.00|100.00|100.0
62|03|02|2403|Animal Husbandry|00||195|Assistance to Animal Husbandry Co-operatives|0||01|Grants to Animal Husbandry Co- Operatives|||2403-00-195-0-01|HOA Total :|V|Total|Detailed-Head|100.00|100.00|100.00|100.00|100.0
62|03|02|2403|Animal Husbandry|00||196|Assistance to Zilla Panchayats/District Level Panchayats|1||01|Grants to District Animal Husbandry Development Establishments|||2403-00-196-1-01|Grants to District Animal Husbandry Development Establishments|V|Header|Detailed-Head|||||100.0
62|03|02|2403|Animal Husbandry|00||196|Assistance to Zilla Panchayats/District Level Panchayats|1||01|Grants to District Animal Husbandry Development Establishments|300|Lumpsum - ZP|2403-00-196-1-01|Lumpsum - ZP|V|Data|Object-Head||||100.00|100.0
62|03|02|2403|Animal Husbandry|00||196|Assistance to Zilla Panchayats/District Level Panchayats|1||01|Grants to District Animal Husbandry Development Establishments|401|Bengaluru (Urban)|2403-00-196-1-01|Bengaluru (Urban)|V|Data|Object-Head|1461.42|1195.58|1195.91|952.22|100.0
62|03|02|2403|Animal Husbandry|00||196|Assistance to Zilla Panchayats/District Level Panchayats|1||01|Grants to District Animal Husbandry Development Establishments|402|Bengaluru (Rural)|2403-00-196-1-01|Bengaluru (Rural)|V|Data|Object-Head|310.15|301.46|301.29|106.16|100.0
62|03|02|2403|Animal Husbandry|00||196|Assistance to Zilla Panchayats/District Level Panchayats|1||01|Grants to District Animal Husbandry Development Establishments|403|Chitradurga|2403-00-196-1-01|Chitradurga|V|Data|Object-Head|386.83|528.35|528.51|213.36|100.0
62|03|02|2403|Animal Husbandry|00||196|Assistance to Zilla Panchayats/District Level Panchayats|1||01|Grants to District Animal Husbandry Development Establishments|404|Kolar|2403-00-196-1-01|Kolar|V|Data|Object-Head|435.85|455.91|445.57|262.51|100.0
62|03|02|2403|Animal Husbandry|00||196|Assistance to Zilla Panchayats/District Level Panchayats|1||01|Grants to District Animal Husbandry Development Establishments|405|Shivamogga|2403-00-196-1-01|Shivamogga|V|Data|Object-Head|575.86|501.37|650.20|267.89|100.0
62|03|02|2403|Animal Husbandry|00||196|Assistance to Zilla Panchayats/District Level Panchayats|1||01|Grants to District Animal Husbandry Development Establishments|406|Tumakuru|2403-00-196-1-01|Tumakuru|V|Data|Object-Head|841.04|727.32|940.98|335.45|100.0
62|03|02|2403|Animal Husbandry|00||196|Assistance to Zilla Panchayats/District Level Panchayats|1||01|Grants to District Animal Husbandry Development Establishments|407|Mysuru|2403-00-196-1-01|Mysuru|V|Data|Object-Head|1002.26|1010.21|1132.54|634.32|100.0
62|03|02|2403|Animal Husbandry|00||196|Assistance to Zilla Panchayats/District Level Panchayats|1||01|Grants to District Animal Husbandry Development Establishments|408|Chikkamagaluru|2403-00-196-1-01|Chikkamagaluru|V|Data|Object-Head|387.93|596.66|444.32|197.49|100.0
62|03|02|2403|Animal Husbandry|00||196|Assistance to Zilla Panchayats/District Level Panchayats|1||01|Grants to District Animal Husbandry Development Establishments|409|Dakshina Kannada|2403-00-196-1-01|Dakshina Kannada|V|Data|Object-Head|505.49|740.09|516.41|173.92|100.0
62|03|02|2403|Animal Husbandry|00||196|Assistance to Zilla Panchayats/District Level Panchayats|1||01|Grants to District Animal Husbandry Development Establishments|410|Hassan|2403-00-196-1-01|Hassan|V|Data|Object-Head|603.26|551.48|750.31|290.19|100.0
62|03|02|2403|Animal Husbandry|00||196|Assistance to Zilla Panchayats/District Level Panchayats|1||01|Grants to District Animal Husbandry Development Establishments|411|Kodagu|2403-00-196-1-01|Kodagu|V|Data|Object-Head|336.94|433.42|306.10|169.34|100.0
62|03|02|2403|Animal Husbandry|00||196|Assistance to Zilla Panchayats/District Level Panchayats|1||01|Grants to District Animal Husbandry Development Establishments|412|Mandya|2403-00-196-1-01|Mandya|V|Data|Object-Head|611.37|511.51|639.17|342.55|100.0
62|03|02|2403|Animal Husbandry|00||196|Assistance to Zilla Panchayats/District Level Panchayats|1||01|Grants to District Animal Husbandry Development Establishments|413|Belagavi|2403-00-196-1-01|Belagavi|V|Data|Object-Head|1583.18|884.30|1128.46|373.05|100.0
62|03|02|2403|Animal Husbandry|00||196|Assistance to Zilla Panchayats/District Level Panchayats|1||01|Grants to District Animal Husbandry Development Establishments|414|Vijayapura|2403-00-196-1-01|Vijayapura|V|Data|Object-Head|634.38|478.54|635.36|330.43|100.0
62|03|02|2403|Animal Husbandry|00||196|Assistance to Zilla Panchayats/District Level Panchayats|1||01|Grants to District Animal Husbandry Development Establishments|415|Dharwad|2403-00-196-1-01|Dharwad|V|Data|Object-Head|738.72|779.31|597.13|420.91|100.0
62|03|02|2403|Animal Husbandry|00||196|Assistance to Zilla Panchayats/District Level Panchayats|1||01|Grants to District Animal Husbandry Development Establishments|416|Uttara Kannada|2403-00-196-1-01|Uttara Kannada|V|Data|Object-Head|628.32|540.35|456.51|172.54|100.0
62|03|02|2403|Animal Husbandry|00||196|Assistance to Zilla Panchayats/District Level Panchayats|1||01|Grants to District Animal Husbandry Development Establishments|417|Kalaburagi|2403-00-196-1-01|Kalaburagi|V|Data|Object-Head|554.89|569.50|618.00|387.61|100.0
62|03|02|2403|Animal Husbandry|00||196|Assistance to Zilla Panchayats/District Level Panchayats|1||01|Grants to District Animal Husbandry Development Establishments|418|Ballari|2403-00-196-1-01|Ballari|V|Data|Object-Head|357.43|804.84|309.82|203.90|100.0
62|03|02|2403|Animal Husbandry|00||196|Assistance to Zilla Panchayats/District Level Panchayats|1||01|Grants to District Animal Husbandry Development Establishments|419|Bidar|2403-00-196-1-01|Bidar|V|Data|Object-Head|531.80|552.27|458.10|276.84|100.0
62|03|02|2403|Animal Husbandry|00||196|Assistance to Zilla Panchayats/District Level Panchayats|1||01|Grants to District Animal Husbandry Development Establishments|420|Raichur|2403-00-196-1-01|Raichur|V|Data|Object-Head|432.19|365.49|417.82|222.04|100.0
63|03|02|2403|Animal Husbandry|00||196|Assistance to Zilla Panchayats/District Level Panchayats|1|Grants to District Animal Husbandry Development Establishments|01|Grants to District Animal Husbandry Development Establishments|421|Yadgiri|2403-00-196-1-01|Yadgiri|V|Data|Object-Head|331.67|362.33|374.99|235.31|100.0
63|03|02|2403|Animal Husbandry|00||196|Assistance to Zilla Panchayats/District Level Panchayats|1|Grants to District Animal Husbandry Development Establishments|01|Grants to District Animal Husbandry Development Establishments|451|Davanagere|2403-00-196-1-01|Davanagere|V|Data|Object-Head|514.70|557.55|542.38|334.96|100.0
63|03|02|2403|Animal Husbandry|00||196|Assistance to Zilla Panchayats/District Level Panchayats|1|Grants to District Animal Husbandry Development Establishments|01|Grants to District Animal Husbandry Development Establishments|452|Bengaluru South|2403-00-196-1-01|Bengaluru South|V|Data|Object-Head|479.99|531.46|515.79|222.54|100.0
63|03|02|2403|Animal Husbandry|00||196|Assistance to Zilla Panchayats/District Level Panchayats|1|Grants to District Animal Husbandry Development Establishments|01|Grants to District Animal Husbandry Development Establishments|453|Chikkaballapura|2403-00-196-1-01|Chikkaballapura|V|Data|Object-Head|503.39|520.41|487.57|193.92|100.0
63|03|02|2403|Animal Husbandry|00||196|Assistance to Zilla Panchayats/District Level Panchayats|1|Grants to District Animal Husbandry Development Establishments|01|Grants to District Animal Husbandry Development Establishments|456|Chamarajanagar|2403-00-196-1-01|Chamarajanagar|V|Data|Object-Head|596.59|482.63|536.63|215.92|100.0
63|03|02|2403|Animal Husbandry|00||196|Assistance to Zilla Panchayats/District Level Panchayats|1|Grants to District Animal Husbandry Development Establishments|01|Grants to District Animal Husbandry Development Establishments|457|Udupi|2403-00-196-1-01|Udupi|V|Data|Object-Head|326.39|381.36|393.36|185.66|100.0
63|03|02|2403|Animal Husbandry|00||196|Assistance to Zilla Panchayats/District Level Panchayats|1|Grants to District Animal Husbandry Development Establishments|01|Grants to District Animal Husbandry Development Establishments|461|Bagalkot|2403-00-196-1-01|Bagalkot|V|Data|Object-Head|446.17|512.20|567.03|269.42|100.0
63|03|02|2403|Animal Husbandry|00||196|Assistance to Zilla Panchayats/District Level Panchayats|1|Grants to District Animal Husbandry Development Establishments|01|Grants to District Animal Husbandry Development Establishments|462|Gadag|2403-00-196-1-01|Gadag|V|Data|Object-Head|338.19|450.07|377.23|267.78|100.0
63|03|02|2403|Animal Husbandry|00||196|Assistance to Zilla Panchayats/District Level Panchayats|1|Grants to District Animal Husbandry Development Establishments|01|Grants to District Animal Husbandry Development Establishments|463|Haveri|2403-00-196-1-01|Haveri|V|Data|Object-Head|517.57|513.37|534.03|249.12|100.0
63|03|02|2403|Animal Husbandry|00||196|Assistance to Zilla Panchayats/District Level Panchayats|1|Grants to District Animal Husbandry Development Establishments|01|Grants to District Animal Husbandry Development Establishments|466|Koppal|2403-00-196-1-01|Koppal|V|Data|Object-Head|313.84|311.05|348.38|171.17|100.0
63|03|02|2403|Animal Husbandry|00||196|Assistance to Zilla Panchayats/District Level Panchayats|1|Grants to District Animal Husbandry Development Establishments|01|Grants to District Animal Husbandry Development Establishments|467|Vijayanagara|2403-00-196-1-01|Vijayanagara|V|Data|Object-Head|125.42|251.29|251.78|46.32|100.0
63|03|02|2403|Animal Husbandry|00||196|Assistance to Zilla Panchayats/District Level Panchayats|1|Grants to District Animal Husbandry Development Establishments|01|Grants to District Animal Husbandry Development Establishments|||2403-00-196-1-01|HOA Total :|V|Total|Detailed-Head|17413.23|17401.68|17401.68|8824.84|100.0
63|03|02|2403|Animal Husbandry|00||196|Assistance to Zilla Panchayats/District Level Panchayats|1|Grants to District Animal Husbandry Development Establishments|02|Grants to District Animal Husbandry Development Programs|||2403-00-196-1-02|Grants to District Animal Husbandry Development Programs|V|Header|Detailed-Head|||||100.0
63|03|02|2403|Animal Husbandry|00||196|Assistance to Zilla Panchayats/District Level Panchayats|1|Grants to District Animal Husbandry Development Establishments|02|Grants to District Animal Husbandry Development Programs|401|Bengaluru (Urban)|2403-00-196-1-02|Bengaluru (Urban)|V|Data|Object-Head||||188.00|100.0
63|03|02|2403|Animal Husbandry|00||196|Assistance to Zilla Panchayats/District Level Panchayats|1|Grants to District Animal Husbandry Development Establishments|02|Grants to District Animal Husbandry Development Programs|402|Bengaluru (Rural)|2403-00-196-1-02|Bengaluru (Rural)|V|Data|Object-Head||||227.00|100.0
63|03|02|2403|Animal Husbandry|00||196|Assistance to Zilla Panchayats/District Level Panchayats|1|Grants to District Animal Husbandry Development Establishments|02|Grants to District Animal Husbandry Development Programs|403|Chitradurga|2403-00-196-1-02|Chitradurga|V|Data|Object-Head||||388.74|100.0
63|03|02|2403|Animal Husbandry|00||196|Assistance to Zilla Panchayats/District Level Panchayats|1|Grants to District Animal Husbandry Development Establishments|02|Grants to District Animal Husbandry Development Programs|404|Kolar|2403-00-196-1-02|Kolar|V|Data|Object-Head||||256.00|100.0
63|03|02|2403|Animal Husbandry|00||196|Assistance to Zilla Panchayats/District Level Panchayats|1|Grants to District Animal Husbandry Development Establishments|02|Grants to District Animal Husbandry Development Programs|405|Shivamogga|2403-00-196-1-02|Shivamogga|V|Data|Object-Head||||445.10|100.0
63|03|02|2403|Animal Husbandry|00||196|Assistance to Zilla Panchayats/District Level Panchayats|1|Grants to District Animal Husbandry Development Establishments|02|Grants to District Animal Husbandry Development Programs|406|Tumakuru|2403-00-196-1-02|Tumakuru|V|Data|Object-Head||||658.24|100.0
63|03|02|2403|Animal Husbandry|00||196|Assistance to Zilla Panchayats/District Level Panchayats|1|Grants to District Animal Husbandry Development Establishments|02|Grants to District Animal Husbandry Development Programs|407|Mysuru|2403-00-196-1-02|Mysuru|V|Data|Object-Head||||536.71|100.0
63|03|02|2403|Animal Husbandry|00||196|Assistance to Zilla Panchayats/District Level Panchayats|1|Grants to District Animal Husbandry Development Establishments|02|Grants to District Animal Husbandry Development Programs|408|Chikkamagaluru|2403-00-196-1-02|Chikkamagaluru|V|Data|Object-Head||||268.00|100.0
63|03|02|2403|Animal Husbandry|00||196|Assistance to Zilla Panchayats/District Level Panchayats|1|Grants to District Animal Husbandry Development Establishments|02|Grants to District Animal Husbandry Development Programs|409|Dakshina Kannada|2403-00-196-1-02|Dakshina Kannada|V|Data|Object-Head||||259.00|100.0
63|03|02|2403|Animal Husbandry|00||196|Assistance to Zilla Panchayats/District Level Panchayats|1|Grants to District Animal Husbandry Development Establishments|02|Grants to District Animal Husbandry Development Programs|410|Hassan|2403-00-196-1-02|Hassan|V|Data|Object-Head||||485.00|100.0
63|03|02|2403|Animal Husbandry|00||196|Assistance to Zilla Panchayats/District Level Panchayats|1|Grants to District Animal Husbandry Development Establishments|02|Grants to District Animal Husbandry Development Programs|411|Kodagu|2403-00-196-1-02|Kodagu|V|Data|Object-Head||||108.00|100.0
63|03|02|2403|Animal Husbandry|00||196|Assistance to Zilla Panchayats/District Level Panchayats|1|Grants to District Animal Husbandry Development Establishments|02|Grants to District Animal Husbandry Development Programs|412|Mandya|2403-00-196-1-02|Mandya|V|Data|Object-Head||||408.00|100.0
63|03|02|2403|Animal Husbandry|00||196|Assistance to Zilla Panchayats/District Level Panchayats|1|Grants to District Animal Husbandry Development Establishments|02|Grants to District Animal Husbandry Development Programs|413|Belagavi|2403-00-196-1-02|Belagavi|V|Data|Object-Head||||798.00|100.0
63|03|02|2403|Animal Husbandry|00||196|Assistance to Zilla Panchayats/District Level Panchayats|1|Grants to District Animal Husbandry Development Establishments|02|Grants to District Animal Husbandry Development Programs|414|Vijayapura|2403-00-196-1-02|Vijayapura|V|Data|Object-Head||||357.30|100.0
63|03|02|2403|Animal Husbandry|00||196|Assistance to Zilla Panchayats/District Level Panchayats|1|Grants to District Animal Husbandry Development Establishments|02|Grants to District Animal Husbandry Development Programs|415|Dharwad|2403-00-196-1-02|Dharwad|V|Data|Object-Head||||348.05|100.0
64|03|02|2403|Animal Husbandry|00||196|Assistance to Zilla Panchayats/District Level Panchayats|1|Grants to District Animal Husbandry Development Establishments|02|Grants to District Animal Husbandry Development Programs|416|Uttara Kannada|2403-00-196-1-02|Uttara Kannada|V|Data|Object-Head||||353.00|100.0
64|03|02|2403|Animal Husbandry|00||196|Assistance to Zilla Panchayats/District Level Panchayats|1|Grants to District Animal Husbandry Development Establishments|02|Grants to District Animal Husbandry Development Programs|417|Kalaburagi|2403-00-196-1-02|Kalaburagi|V|Data|Object-Head||||397.00|100.0
64|03|02|2403|Animal Husbandry|00||196|Assistance to Zilla Panchayats/District Level Panchayats|1|Grants to District Animal Husbandry Development Establishments|02|Grants to District Animal Husbandry Development Programs|418|Ballari|2403-00-196-1-02|Ballari|V|Data|Object-Head||||187.00|100.0
64|03|02|2403|Animal Husbandry|00||196|Assistance to Zilla Panchayats/District Level Panchayats|1|Grants to District Animal Husbandry Development Establishments|02|Grants to District Animal Husbandry Development Programs|419|Bidar|2403-00-196-1-02|Bidar|V|Data|Object-Head||||201.00|100.0
64|03|02|2403|Animal Husbandry|00||196|Assistance to Zilla Panchayats/District Level Panchayats|1|Grants to District Animal Husbandry Development Establishments|02|Grants to District Animal Husbandry Development Programs|420|Raichur|2403-00-196-1-02|Raichur|V|Data|Object-Head||||361.32|100.0
64|03|02|2403|Animal Husbandry|00||196|Assistance to Zilla Panchayats/District Level Panchayats|1|Grants to District Animal Husbandry Development Establishments|02|Grants to District Animal Husbandry Development Programs|421|Yadgiri|2403-00-196-1-02|Yadgiri|V|Data|Object-Head||||216.00|100.0
64|03|02|2403|Animal Husbandry|00||196|Assistance to Zilla Panchayats/District Level Panchayats|1|Grants to District Animal Husbandry Development Establishments|02|Grants to District Animal Husbandry Development Programs|451|Davanagere|2403-00-196-1-02|Davanagere|V|Data|Object-Head||||283.00|100.0
64|03|02|2403|Animal Husbandry|00||196|Assistance to Zilla Panchayats/District Level Panchayats|1|Grants to District Animal Husbandry Development Establishments|02|Grants to District Animal Husbandry Development Programs|452|Bengaluru South|2403-00-196-1-02|Bengaluru South|V|Data|Object-Head||||268.00|100.0
64|03|02|2403|Animal Husbandry|00||196|Assistance to Zilla Panchayats/District Level Panchayats|1|Grants to District Animal Husbandry Development Establishments|02|Grants to District Animal Husbandry Development Programs|453|Chikkaballapura|2403-00-196-1-02|Chikkaballapura|V|Data|Object-Head||||314.00|100.0
64|03|02|2403|Animal Husbandry|00||196|Assistance to Zilla Panchayats/District Level Panchayats|1|Grants to District Animal Husbandry Development Establishments|02|Grants to District Animal Husbandry Development Programs|456|Chamarajanagar|2403-00-196-1-02|Chamarajanagar|V|Data|Object-Head||||221.00|100.0
64|03|02|2403|Animal Husbandry|00||196|Assistance to Zilla Panchayats/District Level Panchayats|1|Grants to District Animal Husbandry Development Establishments|02|Grants to District Animal Husbandry Development Programs|457|Udupi|2403-00-196-1-02|Udupi|V|Data|Object-Head||||192.00|100.0
64|03|02|2403|Animal Husbandry|00||196|Assistance to Zilla Panchayats/District Level Panchayats|1|Grants to District Animal Husbandry Development Establishments|02|Grants to District Animal Husbandry Development Programs|461|Bagalkot|2403-00-196-1-02|Bagalkot|V|Data|Object-Head||||320.00|100.0
64|03|02|2403|Animal Husbandry|00||196|Assistance to Zilla Panchayats/District Level Panchayats|1|Grants to District Animal Husbandry Development Establishments|02|Grants to District Animal Husbandry Development Programs|462|Gadag|2403-00-196-1-02|Gadag|V|Data|Object-Head||||205.00|100.0
64|03|02|2403|Animal Husbandry|00||196|Assistance to Zilla Panchayats/District Level Panchayats|1|Grants to District Animal Husbandry Development Establishments|02|Grants to District Animal Husbandry Development Programs|463|Haveri|2403-00-196-1-02|Haveri|V|Data|Object-Head||||323.00|100.0
64|03|02|2403|Animal Husbandry|00||196|Assistance to Zilla Panchayats/District Level Panchayats|1|Grants to District Animal Husbandry Development Establishments|02|Grants to District Animal Husbandry Development Programs|466|Koppal|2403-00-196-1-02|Koppal|V|Data|Object-Head||||262.15|100.0
64|03|02|2403|Animal Husbandry|00||196|Assistance to Zilla Panchayats/District Level Panchayats|1|Grants to District Animal Husbandry Development Establishments|02|Grants to District Animal Husbandry Development Programs|467|Vijayanagara|2403-00-196-1-02|Vijayanagara|V|Data|Object-Head||||255.00|100.0
64|03|02|2403|Animal Husbandry|00||196|Assistance to Zilla Panchayats/District Level Panchayats|1|Grants to District Animal Husbandry Development Establishments|02|Grants to District Animal Husbandry Development Programs|||2403-00-196-1-02|HOA Total :|V|Total|Detailed-Head|0.00|0.00|0.00|10089.61|100.0
64|03|02|2403|Animal Husbandry|00||197|Assistance to Block Panchayats/Intermediate Level Panchayats|1|Grants to Rural Veterinary Dispensaries and Taluk Level Dispensaries|01|Grants to Rural Veterinary Dispensaries and Taluk Level Dispensaries|||2403-00-197-1-01|Grants to Rural Veterinary Dispensaries and Taluk Level Dispensaries|V|Header|Detailed-Head|||||100.0
64|03|02|2403|Animal Husbandry|00||197|Assistance to Block Panchayats/Intermediate Level Panchayats|1|Grants to Rural Veterinary Dispensaries and Taluk Level Dispensaries|01|Grants to Rural Veterinary Dispensaries and Taluk Level Dispensaries|401|Bengaluru (Urban)|2403-00-197-1-01|Bengaluru (Urban)|V|Data|Object-Head|2391.85|2238.79|2238.79|2172.34|100.0
64|03|02|2403|Animal Husbandry|00||197|Assistance to Block Panchayats/Intermediate Level Panchayats|1|Grants to Rural Veterinary Dispensaries and Taluk Level Dispensaries|01|Grants to Rural Veterinary Dispensaries and Taluk Level Dispensaries|402|Bengaluru (Rural)|2403-00-197-1-01|Bengaluru (Rural)|V|Data|Object-Head|2568.84|2716.61|2716.61|2723.14|100.0
64|03|02|2403|Animal Husbandry|00||197|Assistance to Block Panchayats/Intermediate Level Panchayats|1|Grants to Rural Veterinary Dispensaries and Taluk Level Dispensaries|01|Grants to Rural Veterinary Dispensaries and Taluk Level Dispensaries|403|Chitradurga|2403-00-197-1-01|Chitradurga|V|Data|Object-Head|2941.07|3121.89|3121.89|3143.40|100.0
64|03|02|2403|Animal Husbandry|00||197|Assistance to Block Panchayats/Intermediate Level Panchayats|1|Grants to Rural Veterinary Dispensaries and Taluk Level Dispensaries|01|Grants to Rural Veterinary Dispensaries and Taluk Level Dispensaries|404|Kolar|2403-00-197-1-01|Kolar|V|Data|Object-Head|1809.84|1959.04|1959.04|1903.66|100.0
64|03|02|2403|Animal Husbandry|00||197|Assistance to Block Panchayats/Intermediate Level Panchayats|1|Grants to Rural Veterinary Dispensaries and Taluk Level Dispensaries|01|Grants to Rural Veterinary Dispensaries and Taluk Level Dispensaries|405|Shivamogga|2403-00-197-1-01|Shivamogga|V|Data|Object-Head|2988.09|3243.76|3243.76|3180.15|100.0
64|03|02|2403|Animal Husbandry|00||197|Assistance to Block Panchayats/Intermediate Level Panchayats|1|Grants to Rural Veterinary Dispensaries and Taluk Level Dispensaries|01|Grants to Rural Veterinary Dispensaries and Taluk Level Dispensaries|406|Tumakuru|2403-00-197-1-01|Tumakuru|V|Data|Object-Head|4955.41|5347.56|5347.56|5307.90|100.0
64|03|02|2403|Animal Husbandry|00||197|Assistance to Block Panchayats/Intermediate Level Panchayats|1|Grants to Rural Veterinary Dispensaries and Taluk Level Dispensaries|01|Grants to Rural Veterinary Dispensaries and Taluk Level Dispensaries|407|Mysuru|2403-00-197-1-01|Mysuru|V|Data|Object-Head|3982.83|4180.59|4180.59|4234.75|100.0
64|03|02|2403|Animal Husbandry|00||197|Assistance to Block Panchayats/Intermediate Level Panchayats|1|Grants to Rural Veterinary Dispensaries and Taluk Level Dispensaries|01|Grants to Rural Veterinary Dispensaries and Taluk Level Dispensaries|408|Chikkamagaluru|2403-00-197-1-01|Chikkamagaluru|V|Data|Object-Head|2731.06|2984.27|2984.27|3074.01|100.0
64|03|02|2403|Animal Husbandry|00||197|Assistance to Block Panchayats/Intermediate Level Panchayats|1|Grants to Rural Veterinary Dispensaries and Taluk Level Dispensaries|01|Grants to Rural Veterinary Dispensaries and Taluk Level Dispensaries|409|Dakshina Kannada|2403-00-197-1-01|Dakshina Kannada|V|Data|Object-Head|1031.18|1143.15|1143.15|1116.93|100.0
65|03|02|2403|Animal Husbandry|00||197|Assistance to Block Panchayats/Intermediate Level Panchayats|1|Grants to Rural Veterinary Dispensaries and Taluk Level Dispensaries|01|Grants to Rural Veterinary Dispensaries and Taluk Level Dispensaries|410|Hassan|2403-00-197-1-01|Hassan|V|Data|Object-Head|3606.81|3783.93|3783.93|3764.14|100.0
65|03|02|2403|Animal Husbandry|00||197|Assistance to Block Panchayats/Intermediate Level Panchayats|1|Grants to Rural Veterinary Dispensaries and Taluk Level Dispensaries|01|Grants to Rural Veterinary Dispensaries and Taluk Level Dispensaries|411|Kodagu|2403-00-197-1-01|Kodagu|V|Data|Object-Head|712.48|738.85|738.85|679.56|100.0
65|03|02|2403|Animal Husbandry|00||197|Assistance to Block Panchayats/Intermediate Level Panchayats|1|Grants to Rural Veterinary Dispensaries and Taluk Level Dispensaries|01|Grants to Rural Veterinary Dispensaries and Taluk Level Dispensaries|412|Mandya|2403-00-197-1-01|Mandya|V|Data|Object-Head|3777.95|3768.90|3768.90|3686.41|100.0
65|03|02|2403|Animal Husbandry|00||197|Assistance to Block Panchayats/Intermediate Level Panchayats|1|Grants to Rural Veterinary Dispensaries and Taluk Level Dispensaries|01|Grants to Rural Veterinary Dispensaries and Taluk Level Dispensaries|413|Belagavi|2403-00-197-1-01|Belagavi|V|Data|Object-Head|5743.07|5803.92|5803.92|5628.30|100.0
65|03|02|2403|Animal Husbandry|00||197|Assistance to Block Panchayats/Intermediate Level Panchayats|1|Grants to Rural Veterinary Dispensaries and Taluk Level Dispensaries|01|Grants to Rural Veterinary Dispensaries and Taluk Level Dispensaries|414|Vijayapura|2403-00-197-1-01|Vijayapura|V|Data|Object-Head|3278.81|3449.42|3449.42|3422.22|100.0
65|03|02|2403|Animal Husbandry|00||197|Assistance to Block Panchayats/Intermediate Level Panchayats|1|Grants to Rural Veterinary Dispensaries and Taluk Level Dispensaries|01|Grants to Rural Veterinary Dispensaries and Taluk Level Dispensaries|415|Dharwad|2403-00-197-1-01|Dharwad|V|Data|Object-Head|2051.13|2078.74|2078.74|2096.53|100.0
65|03|02|2403|Animal Husbandry|00||197|Assistance to Block Panchayats/Intermediate Level Panchayats|1|Grants to Rural Veterinary Dispensaries and Taluk Level Dispensaries|01|Grants to Rural Veterinary Dispensaries and Taluk Level Dispensaries|416|Uttara Kannada|2403-00-197-1-01|Uttara Kannada|V|Data|Object-Head|1353.71|1423.22|1423.22|1394.54|100.0
65|03|02|2403|Animal Husbandry|00||197|Assistance to Block Panchayats/Intermediate Level Panchayats|1|Grants to Rural Veterinary Dispensaries and Taluk Level Dispensaries|01|Grants to Rural Veterinary Dispensaries and Taluk Level Dispensaries|417|Kalaburagi|2403-00-197-1-01|Kalaburagi|V|Data|Object-Head|4713.37|4988.33|4988.33|4960.79|100.0
65|03|02|2403|Animal Husbandry|00||197|Assistance to Block Panchayats/Intermediate Level Panchayats|1|Grants to Rural Veterinary Dispensaries and Taluk Level Dispensaries|01|Grants to Rural Veterinary Dispensaries and Taluk Level Dispensaries|418|Ballari|2403-00-197-1-01|Ballari|V|Data|Object-Head|661.73|702.84|702.84|701.67|100.0
65|03|02|2403|Animal Husbandry|00||197|Assistance to Block Panchayats/Intermediate Level Panchayats|1|Grants to Rural Veterinary Dispensaries and Taluk Level Dispensaries|01|Grants to Rural Veterinary Dispensaries and Taluk Level Dispensaries|419|Bidar|2403-00-197-1-01|Bidar|V|Data|Object-Head|3594.43|3976.05|3976.05|4085.15|100.0
65|03|02|2403|Animal Husbandry|00||197|Assistance to Block Panchayats/Intermediate Level Panchayats|1|Grants to Rural Veterinary Dispensaries and Taluk Level Dispensaries|01|Grants to Rural Veterinary Dispensaries and Taluk Level Dispensaries|420|Raichur|2403-00-197-1-01|Raichur|V|Data|Object-Head|1716.64|1722.00|1722.00|1618.06|100.0
65|03|02|2403|Animal Husbandry|00||197|Assistance to Block Panchayats/Intermediate Level Panchayats|1|Grants to Rural Veterinary Dispensaries and Taluk Level Dispensaries|01|Grants to Rural Veterinary Dispensaries and Taluk Level Dispensaries|421|Yadgiri|2403-00-197-1-01|Yadgiri|V|Data|Object-Head|1617.80|1704.18|1704.18|1622.47|100.0
65|03|02|2403|Animal Husbandry|00||197|Assistance to Block Panchayats/Intermediate Level Panchayats|1|Grants to Rural Veterinary Dispensaries and Taluk Level Dispensaries|01|Grants to Rural Veterinary Dispensaries and Taluk Level Dispensaries|451|Davanagere|2403-00-197-1-01|Davanagere|V|Data|Object-Head|3025.31|3267.84|3267.84|3327.83|100.0
65|03|02|2403|Animal Husbandry|00||197|Assistance to Block Panchayats/Intermediate Level Panchayats|1|Grants to Rural Veterinary Dispensaries and Taluk Level Dispensaries|01|Grants to Rural Veterinary Dispensaries and Taluk Level Dispensaries|452|Bengaluru South|2403-00-197-1-01|Bengaluru South|V|Data|Object-Head|2192.22|2383.11|2383.11|2450.43|100.0
65|03|02|2403|Animal Husbandry|00||197|Assistance to Block Panchayats/Intermediate Level Panchayats|1|Grants to Rural Veterinary Dispensaries and Taluk Level Dispensaries|01|Grants to Rural Veterinary Dispensaries and Taluk Level Dispensaries|453|Chikkaballapura|2403-00-197-1-01|Chikkaballapura|V|Data|Object-Head|2107.19|2162.73|2162.73|2154.42|100.0
65|03|02|2403|Animal Husbandry|00||197|Assistance to Block Panchayats/Intermediate Level Panchayats|1|Grants to Rural Veterinary Dispensaries and Taluk Level Dispensaries|01|Grants to Rural Veterinary Dispensaries and Taluk Level Dispensaries|456|Chamarajanagar|2403-00-197-1-01|Chamarajanagar|V|Data|Object-Head|1072.72|1131.24|1131.24|1122.57|100.0
65|03|02|2403|Animal Husbandry|00||197|Assistance to Block Panchayats/Intermediate Level Panchayats|1|Grants to Rural Veterinary Dispensaries and Taluk Level Dispensaries|01|Grants to Rural Veterinary Dispensaries and Taluk Level Dispensaries|457|Udupi|2403-00-197-1-01|Udupi|V|Data|Object-Head|722.56|805.03|805.03|776.70|100.0
65|03|02|2403|Animal Husbandry|00||197|Assistance to Block Panchayats/Intermediate Level Panchayats|1|Grants to Rural Veterinary Dispensaries and Taluk Level Dispensaries|01|Grants to Rural Veterinary Dispensaries and Taluk Level Dispensaries|461|Bagalkot|2403-00-197-1-01|Bagalkot|V|Data|Object-Head|2962.73|3148.58|3148.58|3132.73|100.0
65|03|02|2403|Animal Husbandry|00||197|Assistance to Block Panchayats/Intermediate Level Panchayats|1|Grants to Rural Veterinary Dispensaries and Taluk Level Dispensaries|01|Grants to Rural Veterinary Dispensaries and Taluk Level Dispensaries|462|Gadag|2403-00-197-1-01|Gadag|V|Data|Object-Head|956.73|1087.15|1087.15|1069.25|100.0
65|03|02|2403|Animal Husbandry|00||197|Assistance to Block Panchayats/Intermediate Level Panchayats|1|Grants to Rural Veterinary Dispensaries and Taluk Level Dispensaries|01|Grants to Rural Veterinary Dispensaries and Taluk Level Dispensaries|463|Haveri|2403-00-197-1-01|Haveri|V|Data|Object-Head|1869.43|2047.42|2047.42|2052.19|100.0
65|03|02|2403|Animal Husbandry|00||197|Assistance to Block Panchayats/Intermediate Level Panchayats|1|Grants to Rural Veterinary Dispensaries and Taluk Level Dispensaries|01|Grants to Rural Veterinary Dispensaries and Taluk Level Dispensaries|466|Koppal|2403-00-197-1-01|Koppal|V|Data|Object-Head|1249.85|1461.61|1461.61|1273.24|100.0
65|03|02|2403|Animal Husbandry|00||197|Assistance to Block Panchayats/Intermediate Level Panchayats|1|Grants to Rural Veterinary Dispensaries and Taluk Level Dispensaries|01|Grants to Rural Veterinary Dispensaries and Taluk Level Dispensaries|467|Vijayanagara|2403-00-197-1-01|Vijayanagara|V|Data|Object-Head|1734.39|1871.44|1871.44|1922.47|100.0
65|03|02|2403|Animal Husbandry|00||197|Assistance to Block Panchayats/Intermediate Level Panchayats|1|Grants to Rural Veterinary Dispensaries and Taluk Level Dispensaries|01|Grants to Rural Veterinary Dispensaries and Taluk Level Dispensaries|||2403-00-197-1-01|HOA Total :|V|Total|Detailed-Head|76121.23|80442.19|80442.19|79797.95|100.0
65|03|02|2403|Animal Husbandry|00||911|Deduct Recoveries of Over Payment|0||00|Deduct Recoveries of Over Payment|||2403-00-911-0-00|Deduct Recoveries of Over Payment|V|Header|Detailed-Head|||||100.0
65|03|02|2403|Animal Husbandry|00||911|Deduct Recoveries of Over Payment|0||00|Deduct Recoveries of Over Payment|364|Deduct - Recoveries|2403-00-911-0-00|Deduct - Recoveries|V|Data|Object-Head|-1.81||||100.0
65|03|02|2403|Animal Husbandry|00||911|Deduct Recoveries of Over Payment|0||00|Deduct Recoveries of Over Payment|||2403-00-911-0-00|HOA Total :|V|Total|Detailed-Head|-1.81|0.00|0.00|0.00|100.0
66|03|02|2403|Animal Husbandry|00||911|Deduct Recoveries of Over Payment|0||01|Deduct Recovery of Over Payments of Current Year|||2403-00-911-0-01|Deduct Recovery of Over Payments of Current Year|V|Header|Detailed-Head|||||100.0
66|03|02|2403|Animal Husbandry|00||911|Deduct Recoveries of Over Payment|0||01|Deduct Recovery of Over Payments of Current Year|364|Deduct - Recoveries|2403-00-911-0-01|Deduct - Recoveries|V|Data|Object-Head|-8.31||||100.0
66|03|02|2403|Animal Husbandry|00||911|Deduct Recoveries of Over Payment|0||01|Deduct Recovery of Over Payments of Current Year|||2403-00-911-0-01|HOA Total :|V|Total|Detailed-Head|-8.31|0.00|0.00|0.00|100.0
66|03|02|2403|Animal Husbandry|00||911|Deduct Recoveries of Over Payment|0||02|Deduct Recovery of Over Payments of earlier Years|||2403-00-911-0-02|Deduct Recovery of Over Payments of earlier Years|V|Header|Detailed-Head|||||100.0
66|03|02|2403|Animal Husbandry|00||911|Deduct Recoveries of Over Payment|0||02|Deduct Recovery of Over Payments of earlier Years|364|Deduct - Recoveries|2403-00-911-0-02|Deduct - Recoveries|V|Data|Object-Head|-14.58||||100.0
66|03|02|2403|Animal Husbandry|00||911|Deduct Recoveries of Over Payment|0||02|Deduct Recovery of Over Payments of earlier Years|||2403-00-911-0-02|HOA Total :|V|Total|Detailed-Head|-14.58|0.00|0.00|0.00|100.0
66|03|02|2403|Animal Husbandry|00||911|Deduct Recoveries of Over Payment|0||03|Deduct Recovery of Over Payments of Current Year|||2403-00-911-0-03|Deduct Recovery of Over Payments of Current Year|V|Header|Detailed-Head|||||100.0
66|03|02|2403|Animal Husbandry|00||911|Deduct Recoveries of Over Payment|0||03|Deduct Recovery of Over Payments of Current Year|364|Deduct - Recoveries|2403-00-911-0-03|Deduct - Recoveries|V|Data|Object-Head|-155.19||||100.0
66|03|02|2403|Animal Husbandry|00||911|Deduct Recoveries of Over Payment|0||03|Deduct Recovery of Over Payments of Current Year|||2403-00-911-0-03|HOA Total :|V|Total|Detailed-Head|-155.19|0.00|0.00|0.00|100.0
66|03|02|2403|Animal Husbandry|00||911|Deduct Recoveries of Over Payment|0||04|Deduct Recovery of Over Payment of Previous years-ZP|||2403-00-911-0-04|Deduct Recovery of Over Payment of Previous years-ZP|V|Header|Detailed-Head|||||100.0
66|03|02|2403|Animal Husbandry|00||911|Deduct Recoveries of Over Payment|0||04|Deduct Recovery of Over Payment of Previous years-ZP|261|Inter Account Transfers|2403-00-911-0-04|Inter Account Transfers|V|Data|Object-Head||-1861.18|-1861.18|-7955.13|100.0
66|03|02|2403|Animal Husbandry|00||911|Deduct Recoveries of Over Payment|0||04|Deduct Recovery of Over Payment of Previous years-ZP|||2403-00-911-0-04|HOA Total :|V|Total|Detailed-Head|0.00|-1861.18|-1861.18|-7955.13|100.0
66|03|02|2403|Animal Husbandry|00||911|Deduct Recoveries of Over Payment|0||05|Deduct Recovery of Over Payment of Previous Years-TP|||2403-00-911-0-05|Deduct Recovery of Over Payment of Previous Years-TP|V|Header|Detailed-Head|||||100.0
66|03|02|2403|Animal Husbandry|00||911|Deduct Recoveries of Over Payment|0||05|Deduct Recovery of Over Payment of Previous Years-TP|261|Inter Account Transfers|2403-00-911-0-05|Inter Account Transfers|V|Data|Object-Head||-18083.36|-18083.36|-7834.91|100.0
66|03|02|2403|Animal Husbandry|00||911|Deduct Recoveries of Over Payment|0||05|Deduct Recovery of Over Payment of Previous Years-TP|||2403-00-911-0-05|HOA Total :|V|Total|Detailed-Head|0.00|-18083.36|-18083.36|-7834.91|100.0
67|03|02|2403|Animal Husbandry|00||911|Deduct Recoveries of Over Payment|0||09|Deduct -Refund of salary grants from SNA Bank Account-Sample Survey|||2403-00-911-0-09|Deduct -Refund of salary grants from SNA Bank Account-Sample Survey|V|Header|Detailed-Head|||||100.0
67|03|02|2403|Animal Husbandry|00||911|Deduct Recoveries of Over Payment|0||09|Deduct -Refund of salary grants from SNA Bank Account-Sample Survey|366|Refund from SNA bank account|2403-00-911-0-09|Refund from SNA bank account|V|Data|Object-Head|-360.00||||100.0
67|03|02|2403|Animal Husbandry|00||911|Deduct Recoveries of Over Payment|0||09|Deduct -Refund of salary grants from SNA Bank Account-Sample Survey|||2403-00-911-0-09|HOA Total :|V|Total|Detailed-Head|-360.00|0.00|0.00|0.00|100.0
67|03|02|2403|Animal Husbandry|00||||||||||2403|2403 - Total :|V|Total|Major-Head|151015.09|156128.34|159293.87|171072.23|
68|03|02|2404|Dairy Development|00||191||1||16|Animal Husbandry Programme for Women|||2404-00-191-1-16|Animal Husbandry Programme for Women||Header|Detailed-Head|||||100.0
68|03|02|2404|Dairy Development|00||191||1||16|Animal Husbandry Programme for Women|106|Subsidies|2404-00-191-1-16|Subsidies||Data|Object-Head||||1476.00|100.0
68|03|02|2404|Dairy Development|00||191||1||16|Animal Husbandry Programme for Women|422|Schedule Caste Sub Plan|2404-00-191-1-16|Schedule Caste Sub Plan||Data|Object-Head||||234.00|100.0
68|03|02|2404|Dairy Development|00||191||1||16|Animal Husbandry Programme for Women|423|Tribal Sub Plan|2404-00-191-1-16|Tribal Sub Plan||Data|Object-Head||||90.00|100.0
68|03|02|2404|Dairy Development|00||191||1||16|Animal Husbandry Programme for Women||||HOA Total :||Total|Detailed-Head|0.00|0.00|0.00|1800.00|100.0
68|03|02|2404|Dairy Development|00||191||1||17|Incentive to Milk Producers|||2404-00-191-1-17|Incentive to Milk Producers||Header|Detailed-Head|||||100.0
68|03|02|2404|Dairy Development|00||191||1||17|Incentive to Milk Producers|100|Financial Assistance/Relief|2404-00-191-1-17|Financial Assistance/Relief||Data|Object-Head|155488.73||||100.0
68|03|02|2404|Dairy Development|00||191||1||17|Incentive to Milk Producers|106|Subsidies|2404-00-191-1-17|Subsidies||Data|Object-Head|11.33|155400.00|155400.00|154211.65|100.0
68|03|02|2404|Dairy Development|00||191||1||17|Incentive to Milk Producers|422|Schedule Caste Sub Plan|2404-00-191-1-17|Schedule Caste Sub Plan||Data|Object-Head|8104.59|8760.00|8760.00|8693.01|100.0
68|03|02|2404|Dairy Development|00||191||1||17|Incentive to Milk Producers|423|Tribal Sub Plan|2404-00-191-1-17|Tribal Sub Plan||Data|Object-Head|5641.32|5840.00|5840.00|5795.34|100.0
68|03|02|2404|Dairy Development|00||191||1||17|Incentive to Milk Producers||||HOA Total :||Total|Detailed-Head|169245.97|170000.00|170000.00|168700.00|100.0
68|03|02|2404|Dairy Development|00||||||||||2404|2404 - Total :||Total|Major-Head|169245.97|170000.00|170000.00|170500.00|
69|03|02|4403|Capital Outlay on Animal Husbandry|00||||||||||4403|Capital Outlay on Animal Husbandry||Header|Major-Head|||||
69|03|02|4403|Capital Outlay on Animal Husbandry|00||101||0||02|Construction of Veterinary Institutions Building|||4403-00-101-0-02|Construction of Veterinary Institutions Building||Header|Detailed-Head|||||100.0
69|03|02|4403|Capital Outlay on Animal Husbandry|00||101||0||02|Construction of Veterinary Institutions Building|132|Other Capital Expenses|4403-00-101-0-02|Other Capital Expenses||Data|Object-Head||||100.00|100.0
69|03|02|4403|Capital Outlay on Animal Husbandry|00||101||0||02|Construction of Veterinary Institutions Building|139|Major Works|4403-00-101-0-02|Major Works||Data|Object-Head||100.00|100.00||100.0
69|03|02|4403|Capital Outlay on Animal Husbandry|00||101||0||02|Construction of Veterinary Institutions Building|180|Machinery and Equipments|4403-00-101-0-02|Machinery and Equipments||Data|Object-Head||||1100.00|100.0
69|03|02|4403|Capital Outlay on Animal Husbandry|00||101||0||02|Construction of Veterinary Institutions Building|436|NABARD Works|4403-00-101-0-02|NABARD Works||Data|Object-Head|2000.00|6000.00|6000.00|5268.00|100.0
69|03|02|4403|Capital Outlay on Animal Husbandry|00||101||0||02|Construction of Veterinary Institutions Building||||HOA Total :||Total|Detailed-Head|2000.00|6100.00|6100.00|6468.00|100.0
69|03|02|4403|Capital Outlay on Animal Husbandry|00||101||0||11|Construction of New Veterinary Colleges|||4403-00-101-0-11|Construction of New Veterinary Colleges||Header|Detailed-Head|||||100.0
69|03|02|4403|Capital Outlay on Animal Husbandry|00||101||0||11|Construction of New Veterinary Colleges|386|Purchase/Construction of Buildings|4403-00-101-0-11|Purchase/Construction of Buildings||Data|Object-Head|1987.74|2000.00|2000.00|500.00|100.0
69|03|02|4403|Capital Outlay on Animal Husbandry|00||101||0||11|Construction of New Veterinary Colleges||||HOA Total :||Total|Detailed-Head|1987.74|2000.00|2000.00|500.00|100.0
69|03|02|4403|Capital Outlay on Animal Husbandry|00||||||||||4403|4403 - Total :||Total|Major-Head|3987.74|8100.00|8100.00|6968.00|
70|03|02|2202|General Education|80||||||||||2202|General Education||Header|Major-Head|||||
70|03|02|2202|General Education|80||107||0||08|Vidyanidhi Scheme-Scholarship for Higher Education of Fishermen/Fish Farmer's Children|||2202-80-107-0-08|Vidyanidhi Scheme-Scholarship for Higher Education of Fishermen/Fish Farmer's Children||Header|Detailed-Head|||||100.0
70|03|02|2202|General Education|80||107||0||08|Vidyanidhi Scheme-Scholarship for Higher Education of Fishermen/Fish Farmer's Children|117|Scholarships & Incentives|2202-80-107-0-08|Scholarships & Incentives||Data|Object-Head|82.19|100.00|100.00|25.00|100.0
70|03|02|2202|General Education|80||107||0||08|Vidyanidhi Scheme-Scholarship for Higher Education of Fishermen/Fish Farmer's Children||||HOA Total :||Total|Detailed-Head|82.19|100.00|100.00|25.00|100.0
70|03|02|2202|General Education|80||||||||||2202|2202 - Total :||Total|Major-Head|82.19|100.00|100.00|25.00|
71|03|02|2405|Fisheries|00||||||||||2405|Fisheries||Header|Major-Head|||||
71|03|02|2405|Fisheries|00||001||0||01|Director of Fisheries|||2405-00-001-0-01|Director of Fisheries||Header|Detailed-Head|||||100.0
71|03|02|2405|Fisheries|00||001||0||01|Director of Fisheries|002|Basic Pay|2405-00-001-0-01|Basic Pay||Data|Object-Head|746.09|2095.00|2095.00|1955.00|100.0
71|03|02|2405|Fisheries|00||001||0||01|Director of Fisheries|003|Basic Pay-Staff|2405-00-001-0-01|Basic Pay-Staff||Data|Object-Head|923.68||||100.0
71|03|02|2405|Fisheries|00||001||0||01|Director of Fisheries|004|Interim Relief|2405-00-001-0-01|Interim Relief||Data|Object-Head|104.97||||100.0
71|03|02|2405|Fisheries|00||001||0||01|Director of Fisheries|011|Dearness Allowance|2405-00-001-0-01|Dearness Allowance||Data|Object-Head|386.65|461.00|461.00|489.00|100.0
71|03|02|2405|Fisheries|00||001||0||01|Director of Fisheries|014|Other Allowance|2405-00-001-0-01|Other Allowance||Data|Object-Head|245.94|294.00|294.00|256.00|100.0
71|03|02|2405|Fisheries|00||001||0||01|Director of Fisheries|015|Subsidiary Expenses|2405-00-001-0-01|Subsidiary Expenses||Data|Object-Head||||2.00|100.0
71|03|02|2405|Fisheries|00||001||0||01|Director of Fisheries|020|Medical Allowance|2405-00-001-0-01|Medical Allowance||Data|Object-Head|7.36||||100.0
71|03|02|2405|Fisheries|00||001||0||01|Director of Fisheries|021|Reimbursement of Medical Expenses|2405-00-001-0-01|Reimbursement of Medical Expenses||Data|Object-Head|11.51|18.00|18.00|17.00|100.0
71|03|02|2405|Fisheries|00||001||0||01|Director of Fisheries|033|Daily-wages|2405-00-001-0-01|Daily-wages||Data|Object-Head|72.98|78.56|78.56|67.29|100.0
71|03|02|2405|Fisheries|00||001||0||01|Director of Fisheries|034|Contract/Outsource|2405-00-001-0-01|Contract/Outsource||Data|Object-Head|609.73|377.66|377.66|390.30|100.0
71|03|02|2405|Fisheries|00||001||0||01|Director of Fisheries|041|Travel Expenses|2405-00-001-0-01|Travel Expenses||Data|Object-Head|14.91|15.00|15.00|15.00|100.0
71|03|02|2405|Fisheries|00||001||0||01|Director of Fisheries|050|Office Expenses|2405-00-001-0-01|Office Expenses||Data|Object-Head||8.00|8.00|8.00|100.0
71|03|02|2405|Fisheries|00||001||0||01|Director of Fisheries|051|General Expenses|2405-00-001-0-01|General Expenses||Data|Object-Head|539.99|140.00|1126.29|340.00|100.0
71|03|02|2405|Fisheries|00||001||0||01|Director of Fisheries|052|Telephone Charges|2405-00-001-0-01|Telephone Charges||Data|Object-Head|6.64||||100.0
71|03|02|2405|Fisheries|00||001||0||01|Director of Fisheries|059|Other Expenses|2405-00-001-0-01|Other Expenses||Data|Object-Head|61.91|62.00|62.00|4.00|100.0
71|03|02|2405|Fisheries|00||001||0||01|Director of Fisheries|071|Building Expenses|2405-00-001-0-01|Building Expenses||Data|Object-Head|43.00|34.00|34.00|35.00|100.0
71|03|02|2405|Fisheries|00||001||0||01|Director of Fisheries|117|Scholarships & Incentives|2405-00-001-0-01|Scholarships & Incentives||Data|Object-Head|2.00|2.00|2.00||100.0
71|03|02|2405|Fisheries|00||001||0||01|Director of Fisheries|195|Transport Expenses|2405-00-001-0-01|Transport Expenses||Data|Object-Head|96.67|101.71|101.71|95.95|100.0
71|03|02|2405|Fisheries|00||001||0||01|Director of Fisheries|200|Maintenance Expenditure|2405-00-001-0-01|Maintenance Expenditure||Data|Object-Head|300.00|300.00|375.06|312.00|100.0
71|03|02|2405|Fisheries|00||001||0||01|Director of Fisheries|221|Materials and Supplies|2405-00-001-0-01|Materials and Supplies||Data|Object-Head||9.00|9.00|69.00|100.0
71|03|02|2405|Fisheries|00||001||0||01|Director of Fisheries|222|Drugs and Chemicals|2405-00-001-0-01|Drugs and Chemicals||Data|Object-Head|15.96||||100.0
71|03|02|2405|Fisheries|00||001||0||01|Director of Fisheries|251|Pension & Retirement Benefits|2405-00-001-0-01|Pension & Retirement Benefits||Data|Object-Head|37.70|20.84|20.84|25.12|100.0
71|03|02|2405|Fisheries|00||001||0||01|Director of Fisheries||||HOA Total :||Total|Detailed-Head|4227.69|4016.77|5078.12|4080.66|100.0
72|03|02|2405|Fisheries|00||001||0||50|Vacant Post Provision|||2405-00-001-0-50|Vacant Post Provision||Header|Detailed-Head|||||100.0
72|03|02|2405|Fisheries|00||001||0||50|Vacant Post Provision|014|Other Allowance|2405-00-001-0-50|Other Allowance||Data|Object-Head||3527.61|3527.61|4328.61|100.0
72|03|02|2405|Fisheries|00||001||0||50|Vacant Post Provision|||2405-00-001-0-50|HOA Total :||Total|Detailed-Head|0.00|3527.61|3527.61|4328.61|100.0
72|03|02|2405|Fisheries|00||101||0||03|Comprehensive Fisheries Development Programs|||2405-00-101-0-03|Comprehensive Fisheries Development Programs||Header|Detailed-Head|||||100.0
72|03|02|2405|Fisheries|00||101||0||03|Comprehensive Fisheries Development Programs|051|General Expenses|2405-00-101-0-03|General Expenses||Data|Object-Head|200.00|200.00|200.00||100.0
72|03|02|2405|Fisheries|00||101||0||03|Comprehensive Fisheries Development Programs|059|Other Expenses|2405-00-101-0-03|Other Expenses||Data|Object-Head|190.00|200.00|200.00||100.0
72|03|02|2405|Fisheries|00||101||0||03|Comprehensive Fisheries Development Programs|106|Subsidies|2405-00-101-0-03|Subsidies||Data|Object-Head|1284.55|980.00|980.00||100.0
72|03|02|2405|Fisheries|00||101||0||03|Comprehensive Fisheries Development Programs|422|Schedule Caste Sub Plan|2405-00-101-0-03|Schedule Caste Sub Plan||Data|Object-Head||250.00|250.00||100.0
72|03|02|2405|Fisheries|00||101||0||03|Comprehensive Fisheries Development Programs|423|Tribal Sub Plan|2405-00-101-0-03|Tribal Sub Plan||Data|Object-Head||150.00|150.00||100.0
72|03|02|2405|Fisheries|00||101||0||03|Comprehensive Fisheries Development Programs|||2405-00-101-0-03|HOA Total :||Total|Detailed-Head|1674.55|1780.00|1780.00|0.00|100.0
72|03|02|2405|Fisheries|00||101||0||31|Share of Expenditure on Tunga Bhadra Board Fisheries|||2405-00-101-0-31|Share of Expenditure on Tunga Bhadra Board Fisheries||Header|Detailed-Head|||||100.0
72|03|02|2405|Fisheries|00||101||0||31|Share of Expenditure on Tunga Bhadra Board Fisheries|001|Consolidated Salaries|2405-00-101-0-31|Consolidated Salaries||Data|Object-Head||1.00|1.00|1.00|100.0
72|03|02|2405|Fisheries|00||101||0||31|Share of Expenditure on Tunga Bhadra Board Fisheries|||2405-00-101-0-31|HOA Total :||Total|Detailed-Head|0.00|1.00|1.00|1.00|100.0
72|03|02|2405|Fisheries|00||101||0||58|CSS-Central Share-Pradhan Mantri Matsya Sampada Yojana (PMMSY)|||2405-00-101-0-58|CSS-Central Share-Pradhan Mantri Matsya Sampada Yojana (PMMSY)||Header|Detailed-Head|||||100.0
72|03|02|2405|Fisheries|00||101||0||58|CSS-Central Share-Pradhan Mantri Matsya Sampada Yojana (PMMSY)|106|Subsidies|2405-00-101-0-58|Subsidies||Data|Object-Head|9421.70|4299.29|4299.29|5418.00|100.0
72|03|02|2405|Fisheries|00||101||0||58|CSS-Central Share-Pradhan Mantri Matsya Sampada Yojana (PMMSY)|422|Schedule Caste Sub Plan|2405-00-101-0-58|Schedule Caste Sub Plan||Data|Object-Head|722.78|500.71|1000.00|630.00|100.0
72|03|02|2405|Fisheries|00||101||0||58|CSS-Central Share-Pradhan Mantri Matsya Sampada Yojana (PMMSY)|423|Tribal Sub Plan|2405-00-101-0-58|Tribal Sub Plan||Data|Object-Head|424.83|200.00|1000.00|252.00|100.0
72|03|02|2405|Fisheries|00||101||0||58|CSS-Central Share-Pradhan Mantri Matsya Sampada Yojana (PMMSY)|||2405-00-101-0-58|HOA Total :||Total|Detailed-Head|10569.31|5000.00|6299.29|6300.00|100.0
72|03|02|2405|Fisheries|00||101||0||59|CSS-State Share-Pradhan Mantri Matsya Sampada Yojana (PMMSY)|||2405-00-101-0-59|CSS-State Share-Pradhan Mantri Matsya Sampada Yojana (PMMSY)||Header|Detailed-Head|||||100.0
72|03|02|2405|Fisheries|00||101||0||59|CSS-State Share-Pradhan Mantri Matsya Sampada Yojana (PMMSY)|106|Subsidies|2405-00-101-0-59|Subsidies||Data|Object-Head|3448.05|2866.38|2866.38|3612.00|100.0
72|03|02|2405|Fisheries|00||101||0||59|CSS-State Share-Pradhan Mantri Matsya Sampada Yojana (PMMSY)|422|Schedule Caste Sub Plan|2405-00-101-0-59|Schedule Caste Sub Plan||Data|Object-Head|481.86|333.30|666.97|420.00|100.0
73|03|02|2405|Fisheries|00||101|Inland Fisheries|0||59|CSS-State Share-Pradhan Mantri Matsya Sampada Yojana (PMMSY)|423|Tribal Sub Plan|2405-00-101-0-59|Tribal Sub Plan||Data|Object-Head|283.22|133.32|666.67|168.00|100.0
73|03|02|2405|Fisheries|00||101|Inland Fisheries|0||59|CSS-State Share-Pradhan Mantri Matsya Sampada Yojana (PMMSY)|||2405-00-101-0-59|ಜುಮ್ಲಾ HOA Total :||Total|Detailed-Head|4213.13|3333.00|4200.02|4200.00|100.0
73|03|02|2405|Fisheries|00||101|Inland Fisheries|0||66|Unspent SCSP-TSP Amount as per the SCSP-TSPAct 2013|||2405-00-101-0-66|Unspent SCSP-TSP Amount as per the SCSP-TSPAct 2013||Header|Detailed-Head|||||100.0
73|03|02|2405|Fisheries|00||101|Inland Fisheries|0||66|Unspent SCSP-TSP Amount as per the SCSP-TSPAct 2013|422|Schedule Caste Sub Plan|2405-00-101-0-66|Schedule Caste Sub Plan||Data|Object-Head|11.36||||100.0
73|03|02|2405|Fisheries|00||101|Inland Fisheries|0||66|Unspent SCSP-TSP Amount as per the SCSP-TSPAct 2013|423|Tribal Sub Plan|2405-00-101-0-66|Tribal Sub Plan||Data|Object-Head|0.02||||100.0
73|03|02|2405|Fisheries|00||101|Inland Fisheries|0||66|Unspent SCSP-TSP Amount as per the SCSP-TSPAct 2013|||2405-00-101-0-66|ಜುಮ್ಲಾ HOA Total :||Total|Detailed-Head|11.38|0.00|0.00|0.00|100.0
73|03|02|2405|Fisheries|00||103|Marine Fisheries|0||15|Contribution to Distress Relief Fund|||2405-00-103-0-15|Contribution to Distress Relief Fund||Header|Detailed-Head|||||100.0
73|03|02|2405|Fisheries|00||103|Marine Fisheries|0||15|Contribution to Distress Relief Fund|100|Financial Assistance/Relief|2405-00-103-0-15|Financial Assistance/Relief||Data|Object-Head||||1.00|100.0
73|03|02|2405|Fisheries|00||103|Marine Fisheries|0||15|Contribution to Distress Relief Fund|104|Contributions|2405-00-103-0-15|Contributions||Data|Object-Head|400.00|1.00|1.00||100.0
73|03|02|2405|Fisheries|00||103|Marine Fisheries|0||15|Contribution to Distress Relief Fund|||2405-00-103-0-15|ಜುಮ್ಲಾ HOA Total :||Total|Detailed-Head|400.00|1.00|1.00|1.00|100.0
73|03|02|2405|Fisheries|00||103|Marine Fisheries|0||17|Supply of Kerosene to Conventional Boats|||2405-00-103-0-17|Supply of Kerosene to Conventional Boats||Header|Detailed-Head|||||100.0
73|03|02|2405|Fisheries|00||103|Marine Fisheries|0||17|Supply of Kerosene to Conventional Boats|106|Subsidies|2405-00-103-0-17|Subsidies||Data|Object-Head|2913.30|4850.00|4850.00|3880.00|100.0
73|03|02|2405|Fisheries|00||103|Marine Fisheries|0||17|Supply of Kerosene to Conventional Boats|422|Schedule Caste Sub Plan|2405-00-103-0-17|Schedule Caste Sub Plan||Data|Object-Head|86.70|150.00|150.00|120.00|100.0
73|03|02|2405|Fisheries|00||103|Marine Fisheries|0||17|Supply of Kerosene to Conventional Boats|||2405-00-103-0-17|ಜುಮ್ಲಾ HOA Total :||Total|Detailed-Head|3000.00|5000.00|5000.00|4000.00|100.0
73|03|02|2405|Fisheries|00||103|Marine Fisheries|0||20|Matsyashraya|||2405-00-103-0-20|Matsyashraya||Header|Detailed-Head|||||100.0
73|03|02|2405|Fisheries|00||103|Marine Fisheries|0||20|Matsyashraya|059|Other Expenses|2405-00-103-0-20|Other Expenses||Data|Object-Head||1.00|1.00||100.0
73|03|02|2405|Fisheries|00||103|Marine Fisheries|0||20|Matsyashraya|||2405-00-103-0-20|ಜುಮ್ಲಾ HOA Total :||Total|Detailed-Head|0.00|1.00|1.00|0.00|100.0
73|03|02|2405|Fisheries|00||103|Marine Fisheries|0||24|Subsidy for purchase of new engines to Motorboats|||2405-00-103-0-24|Subsidy for purchase of new engines to Motorboats||Header|Detailed-Head|||||100.0
73|03|02|2405|Fisheries|00||103|Marine Fisheries|0||24|Subsidy for purchase of new engines to Motorboats|106|Subsidies|2405-00-103-0-24|Subsidies||Data|Object-Head||1000.00|413.71||100.0
73|03|02|2405|Fisheries|00||103|Marine Fisheries|0||24|Subsidy for purchase of new engines to Motorboats|||2405-00-103-0-24|ಜುಮ್ಲಾ HOA Total :||Total|Detailed-Head|0.00|1000.00|413.71|0.00|100.0
74|03|02|2405|Fisheries|00||120||0||07|CSS-Central Share-Fishermen Welfare(PMMSY)|||2405-00-120-0-07|CSS-Central Share-Fishermen Welfare(PMMSY)|V|Header|Detailed-Head|||||100.0
74|03|02|2405|Fisheries|00||120||0||07|CSS-Central Share-Fishermen Welfare(PMMSY)|106|Subsidies|2405-00-120-0-07|Subsidies|V|Data|Object-Head|455.16|300.00|300.00|300.00|100.0
74|03|02|2405|Fisheries|00||120||0||07|CSS-Central Share-Fishermen Welfare(PMMSY)|||2405-00-120-0-07|ಜುಮ್ಲಾ HOA Total :|V|Total|Detailed-Head|455.16|300.00|300.00|300.00|100.0
74|03|02|2405|Fisheries|00||120||0||08|CSS-State Share-Fishermen Welfare(PMMSY)|||2405-00-120-0-08|CSS-State Share-Fishermen Welfare(PMMSY)|V|Header|Detailed-Head|||||100.0
74|03|02|2405|Fisheries|00||120||0||08|CSS-State Share-Fishermen Welfare(PMMSY)|106|Subsidies|2405-00-120-0-08|Subsidies|V|Data|Object-Head|455.16|300.00|300.00|300.00|100.0
74|03|02|2405|Fisheries|00||120||0||08|CSS-State Share-Fishermen Welfare(PMMSY)|||2405-00-120-0-08|ಜುಮ್ಲಾ HOA Total :|V|Total|Detailed-Head|455.16|300.00|300.00|300.00|100.0
74|03|02|2405|Fisheries|00||120||0||09|Fishermen Welfare State Top-Up (Matsya Ashakirana)|||2405-00-120-0-09|Fishermen Welfare State Top-Up (Matsya Ashakirana)|V|Header|Detailed-Head|||||100.0
74|03|02|2405|Fisheries|00||120||0||09|Fishermen Welfare State Top-Up (Matsya Ashakirana)|106|Subsidies|2405-00-120-0-09|Subsidies|V|Data|Object-Head|257.80|300.00|300.00|300.00|100.0
74|03|02|2405|Fisheries|00||120||0||09|Fishermen Welfare State Top-Up (Matsya Ashakirana)|||2405-00-120-0-09|ಜುಮ್ಲಾ HOA Total :|V|Total|Detailed-Head|257.80|300.00|300.00|300.00|100.0
74|03|02|2405|Fisheries|00||196||1||01|Grants to District Fisheries Development Establishments|||2405-00-196-1-01|Grants to District Fisheries Development Establishments|V|Header|Detailed-Head|||||100.0
74|03|02|2405|Fisheries|00||196||1||01|Grants to District Fisheries Development Establishments|034|Contract/Outsource|2405-00-196-1-01|Contract/Outsource|V|Data|Object-Head|||22.01||100.0
74|03|02|2405|Fisheries|00||196||1||01|Grants to District Fisheries Development Establishments|090|Non Salary Expenditure in District Sector|2405-00-196-1-01|Non Salary Expenditure in District Sector|V|Data|Object-Head|||21.34||100.0
74|03|02|2405|Fisheries|00||196||1||01|Grants to District Fisheries Development Establishments|300|Lumpsum - ZP|2405-00-196-1-01|Lumpsum - ZP|V|Data|Object-Head||||1.00|100.0
74|03|02|2405|Fisheries|00||196||1||01|Grants to District Fisheries Development Establishments|401|Bengaluru (Urban)|2405-00-196-1-01|Bengaluru (Urban)|V|Data|Object-Head|176.79|186.70|186.70|133.25|100.0
74|03|02|2405|Fisheries|00||196||1||01|Grants to District Fisheries Development Establishments|402|Bengaluru (Rural)|2405-00-196-1-01|Bengaluru (Rural)|V|Data|Object-Head|153.65|150.35|150.35|137.40|100.0
74|03|02|2405|Fisheries|00||196||1||01|Grants to District Fisheries Development Establishments|403|Chitradurga|2405-00-196-1-01|Chitradurga|V|Data|Object-Head|155.39|191.54|191.54|139.24|100.0
74|03|02|2405|Fisheries|00||196||1||01|Grants to District Fisheries Development Establishments|404|Kolar|2405-00-196-1-01|Kolar|V|Data|Object-Head|159.04|183.63|183.63|129.06|100.0
74|03|02|2405|Fisheries|00||196||1||01|Grants to District Fisheries Development Establishments|405|Shivamogga|2405-00-196-1-01|Shivamogga|V|Data|Object-Head|319.13|352.49|352.49|240.17|100.0
74|03|02|2405|Fisheries|00||196||1||01|Grants to District Fisheries Development Establishments|406|Tumakuru|2405-00-196-1-01|Tumakuru|V|Data|Object-Head|324.94|317.55|317.55|231.09|100.0
74|03|02|2405|Fisheries|00||196||1||01|Grants to District Fisheries Development Establishments|407|Mysuru|2405-00-196-1-01|Mysuru|V|Data|Object-Head|314.21|316.04|316.04|246.08|100.0
74|03|02|2405|Fisheries|00||196||1||01|Grants to District Fisheries Development Establishments|408|Chikkamagaluru|2405-00-196-1-01|Chikkamagaluru|V|Data|Object-Head|181.77|231.60|231.60|175.16|100.0
75|03|02|2405|Fisheries|00||196||1||01|Grants to District Fisheries Development Establishments|409|Dakshina Kannada|2405-00-196-1-01|Dakshina Kannada|V|Data|Object-Head|149.29|172.76|172.76|159.79|100.0
75|03|02|2405|Fisheries|00||196||1||01|Grants to District Fisheries Development Establishments|410|Hassan|2405-00-196-1-01|Hassan|V|Data|Object-Head|267.54|303.72|303.72|216.42|100.0
75|03|02|2405|Fisheries|00||196||1||01|Grants to District Fisheries Development Establishments|411|Kodagu|2405-00-196-1-01|Kodagu|V|Data|Object-Head|191.78|184.29|184.29|124.60|100.0
75|03|02|2405|Fisheries|00||196||1||01|Grants to District Fisheries Development Establishments|412|Mandya|2405-00-196-1-01|Mandya|V|Data|Object-Head|284.84|302.29|302.29|264.44|100.0
75|03|02|2405|Fisheries|00||196||1||01|Grants to District Fisheries Development Establishments|413|Belagavi|2405-00-196-1-01|Belagavi|V|Data|Object-Head|157.23|153.40|153.40|130.98|100.0
75|03|02|2405|Fisheries|00||196||1||01|Grants to District Fisheries Development Establishments|414|Vijayapura|2405-00-196-1-01|Vijayapura|V|Data|Object-Head|255.46|296.91|296.91|165.44|100.0
75|03|02|2405|Fisheries|00||196||1||01|Grants to District Fisheries Development Establishments|415|Dharwad|2405-00-196-1-01|Dharwad|V|Data|Object-Head|132.72|144.04|144.04|118.77|100.0
75|03|02|2405|Fisheries|00||196||1||01|Grants to District Fisheries Development Establishments|416|Uttara Kannada|2405-00-196-1-01|Uttara Kannada|V|Data|Object-Head|269.27|319.09|319.09|244.44|100.0
75|03|02|2405|Fisheries|00||196||1||01|Grants to District Fisheries Development Establishments|417|Kalaburagi|2405-00-196-1-01|Kalaburagi|V|Data|Object-Head|133.47|178.59|178.59|151.93|100.0
75|03|02|2405|Fisheries|00||196||1||01|Grants to District Fisheries Development Establishments|418|Ballari|2405-00-196-1-01|Ballari|V|Data|Object-Head|205.13|193.94|193.94|131.38|100.0
75|03|02|2405|Fisheries|00||196||1||01|Grants to District Fisheries Development Establishments|419|Bidar|2405-00-196-1-01|Bidar|V|Data|Object-Head|194.51|188.77|188.77|118.44|100.0
75|03|02|2405|Fisheries|00||196||1||01|Grants to District Fisheries Development Establishments|420|Raichur|2405-00-196-1-01|Raichur|V|Data|Object-Head|147.15|152.18|152.18|144.15|100.0
75|03|02|2405|Fisheries|00||196||1||01|Grants to District Fisheries Development Establishments|421|Yadgiri|2405-00-196-1-01|Yadgiri|V|Data|Object-Head|112.71|147.27|147.27|95.87|100.0
75|03|02|2405|Fisheries|00||196||1||01|Grants to District Fisheries Development Establishments|451|Davanagere|2405-00-196-1-01|Davanagere|V|Data|Object-Head|196.51|212.64|212.64|187.42|100.0
75|03|02|2405|Fisheries|00||196||1||01|Grants to District Fisheries Development Establishments|452|Bengaluru South|2405-00-196-1-01|Bengaluru South|V|Data|Object-Head|186.01|193.19|193.19|147.41|100.0
75|03|02|2405|Fisheries|00||196||1||01|Grants to District Fisheries Development Establishments|453|Chikkaballapura|2405-00-196-1-01|Chikkaballapura|V|Data|Object-Head|185.96|191.85|191.85|112.53|100.0
75|03|02|2405|Fisheries|00||196||1||01|Grants to District Fisheries Development Establishments|456|Chamarajanagar|2405-00-196-1-01|Chamarajanagar|V|Data|Object-Head|137.56|150.87|150.87|107.32|100.0
75|03|02|2405|Fisheries|00||196||1||01|Grants to District Fisheries Development Establishments|457|Udupi|2405-00-196-1-01|Udupi|V|Data|Object-Head|134.65|176.55|176.55|145.55|100.0
75|03|02|2405|Fisheries|00||196||1||01|Grants to District Fisheries Development Establishments|461|Bagalkot|2405-00-196-1-01|Bagalkot|V|Data|Object-Head|121.52|147.08|147.08|122.26|100.0
75|03|02|2405|Fisheries|00||196||1||01|Grants to District Fisheries Development Establishments|462|Gadag|2405-00-196-1-01|Gadag|V|Data|Object-Head|96.67|97.41|97.41|65.44|100.0
75|03|02|2405|Fisheries|00||196||1||01|Grants to District Fisheries Development Establishments|463|Haveri|2405-00-196-1-01|Haveri|V|Data|Object-Head|144.68|156.65|156.65|126.59|100.0
75|03|02|2405|Fisheries|00||196||1||01|Grants to District Fisheries Development Establishments|466|Koppal|2405-00-196-1-01|Koppal|V|Data|Object-Head|133.76|137.08|137.08|109.99|100.0
75|03|02|2405|Fisheries|00||196||1||01|Grants to District Fisheries Development Establishments|467|Vijayanagara|2405-00-196-1-01|Vijayanagara|V|Data|Object-Head|130.40|155.66|155.66|123.68|100.0
75|03|02|2405|Fisheries|00||196||1||01|Grants to District Fisheries Development Establishments|||2405-00-196-1-01|ಜುಮ್ಲಾ HOA Total :|V|Total|Detailed-Head|5753.74|6286.13|6329.48|4747.29|100.0
75|03|02|2405|Fisheries|00||196||1||03|Grants to District Fisheries Development Programs|||2405-00-196-1-03|Grants to District Fisheries Development Programs|V|Header|Detailed-Head|||||100.0
75|03|02|2405|Fisheries|00||196||1||03|Grants to District Fisheries Development Programs|300|Lumpsum - ZP|2405-00-196-1-03|Lumpsum - ZP|V|Data|Object-Head||||1025.00|100.0
75|03|02|2405|Fisheries|00||196||1||03|Grants to District Fisheries Development Programs|401|Bengaluru (Urban)|2405-00-196-1-03|Bengaluru (Urban)|V|Data|Object-Head||||53.59|100.0
75|03|02|2405|Fisheries|00||196||1||03|Grants to District Fisheries Development Programs|402|Bengaluru (Rural)|2405-00-196-1-03|Bengaluru (Rural)|V|Data|Object-Head||||61.63|100.0
75|03|02|2405|Fisheries|00||196||1||03|Grants to District Fisheries Development Programs|403|Chitradurga|2405-00-196-1-03|Chitradurga|V|Data|Object-Head||||54.71|100.0
76|03|02|2405|Fisheries|00||196||1||03|Grants to District Fisheries Development Programs|404|Kolar|2405-00-196-1-03|Kolar|V|Data|Object-Head||||115.10|100.0
76|03|02|2405|Fisheries|00||196||1||03|Grants to District Fisheries Development Programs|405|Shivamogga|2405-00-196-1-03|Shivamogga|V|Data|Object-Head||||140.88|100.0
76|03|02|2405|Fisheries|00||196||1||03|Grants to District Fisheries Development Programs|406|Tumakuru|2405-00-196-1-03|Tumakuru|V|Data|Object-Head||||144.05|100.0
76|03|02|2405|Fisheries|00||196||1||03|Grants to District Fisheries Development Programs|407|Mysuru|2405-00-196-1-03|Mysuru|V|Data|Object-Head||||88.44|100.0
76|03|02|2405|Fisheries|00||196||1||03|Grants to District Fisheries Development Programs|408|Chikkamagaluru|2405-00-196-1-03|Chikkamagaluru|V|Data|Object-Head||||106.10|100.0
76|03|02|2405|Fisheries|00||196||1||03|Grants to District Fisheries Development Programs|409|Dakshina Kannada|2405-00-196-1-03|Dakshina Kannada|V|Data|Object-Head||||35.78|100.0
76|03|02|2405|Fisheries|00||196||1||03|Grants to District Fisheries Development Programs|410|Hassan|2405-00-196-1-03|Hassan|V|Data|Object-Head||||127.98|100.0
76|03|02|2405|Fisheries|00||196||1||03|Grants to District Fisheries Development Programs|411|Kodagu|2405-00-196-1-03|Kodagu|V|Data|Object-Head||||104.24|100.0
76|03|02|2405|Fisheries|00||196||1||03|Grants to District Fisheries Development Programs|412|Mandya|2405-00-196-1-03|Mandya|V|Data|Object-Head||||89.17|100.0
76|03|02|2405|Fisheries|00||196||1||03|Grants to District Fisheries Development Programs|413|Belagavi|2405-00-196-1-03|Belagavi|V|Data|Object-Head||||38.78|100.0
76|03|02|2405|Fisheries|00||196||1||03|Grants to District Fisheries Development Programs|414|Vijayapura|2405-00-196-1-03|Vijayapura|V|Data|Object-Head||||156.12|100.0
76|03|02|2405|Fisheries|00||196||1||03|Grants to District Fisheries Development Programs|415|Dharwad|2405-00-196-1-03|Dharwad|V|Data|Object-Head||||43.68|100.0
76|03|02|2405|Fisheries|00||196||1||03|Grants to District Fisheries Development Programs|416|Uttara Kannada|2405-00-196-1-03|Uttara Kannada|V|Data|Object-Head||||107.20|100.0
76|03|02|2405|Fisheries|00||196||1||03|Grants to District Fisheries Development Programs|417|Kalaburagi|2405-00-196-1-03|Kalaburagi|V|Data|Object-Head||||50.68|100.0
76|03|02|2405|Fisheries|00||196||1||03|Grants to District Fisheries Development Programs|418|Ballari|2405-00-196-1-03|Ballari|V|Data|Object-Head||||81.54|100.0
76|03|02|2405|Fisheries|00||196||1||03|Grants to District Fisheries Development Programs|419|Bidar|2405-00-196-1-03|Bidar|V|Data|Object-Head||||95.49|100.0
76|03|02|2405|Fisheries|00||196||1||03|Grants to District Fisheries Development Programs|420|Raichur|2405-00-196-1-03|Raichur|V|Data|Object-Head||||54.68|100.0
76|03|02|2405|Fisheries|00||196||1||03|Grants to District Fisheries Development Programs|421|Yadgiri|2405-00-196-1-03|Yadgiri|V|Data|Object-Head||||50.96|100.0
76|03|02|2405|Fisheries|00||196||1||03|Grants to District Fisheries Development Programs|451|Davanagere|2405-00-196-1-03|Davanagere|V|Data|Object-Head||||83.29|100.0
76|03|02|2405|Fisheries|00||196||1||03|Grants to District Fisheries Development Programs|452|Bengaluru South|2405-00-196-1-03|Bengaluru South|V|Data|Object-Head||||103.44|100.0
76|03|02|2405|Fisheries|00||196||1||03|Grants to District Fisheries Development Programs|453|Chikkaballapura|2405-00-196-1-03|Chikkaballapura|V|Data|Object-Head||||127.29|100.0
76|03|02|2405|Fisheries|00||196||1||03|Grants to District Fisheries Development Programs|456|Chamarajanagar|2405-00-196-1-03|Chamarajanagar|V|Data|Object-Head||||44.78|100.0
76|03|02|2405|Fisheries|00||196||1||03|Grants to District Fisheries Development Programs|457|Udupi|2405-00-196-1-03|Udupi|V|Data|Object-Head||||75.41|100.0
76|03|02|2405|Fisheries|00||196||1||03|Grants to District Fisheries Development Programs|461|Bagalkot|2405-00-196-1-03|Bagalkot|V|Data|Object-Head||||71.49|100.0
76|03|02|2405|Fisheries|00||196||1||03|Grants to District Fisheries Development Programs|462|Gadag|2405-00-196-1-03|Gadag|V|Data|Object-Head||||42.80|100.0
76|03|02|2405|Fisheries|00||196||1||03|Grants to District Fisheries Development Programs|463|Haveri|2405-00-196-1-03|Haveri|V|Data|Object-Head||||57.61|100.0
76|03|02|2405|Fisheries|00||196||1||03|Grants to District Fisheries Development Programs|466|Koppal|2405-00-196-1-03|Koppal|V|Data|Object-Head||||43.66|100.0
76|03|02|2405|Fisheries|00||196||1||03|Grants to District Fisheries Development Programs|467|Vijayanagara|2405-00-196-1-03|Vijayanagara|V|Data|Object-Head||||83.63|100.0
76|03|02|2405|Fisheries|00||196||1||03|Grants to District Fisheries Development Programs|||2405-00-196-1-03|ಜುಮ್ಲಾ HOA Total :|V|Total|Detailed-Head|0.00|0.00|0.00|3559.20|100.0
77|03|02|2405|Fisheries|00||911|Deduct Recoveries of Over Payment|0||00|Deduct Recoveries of Over Payment|||2405-00-911-0-00|Deduct Recoveries of Over Payment|V|Header|Detailed-Head|||||100.0
77|03|02|2405|Fisheries|00||911|Deduct Recoveries of Over Payment|0||00|Deduct Recoveries of Over Payment|364|Deduct - Recoveries|2405-00-911-0-00|Deduct - Recoveries|V|Data|Object-Head|-0.45||||100.0
77|03|02|2405|Fisheries|00||911|Deduct Recoveries of Over Payment|0||00|Deduct Recoveries of Over Payment|||2405-00-911-0-00|ಜುಮ್ಲಾ HOA Total :|V|Total|Detailed-Head|-0.45|0.00|0.00|0.00|100.0
77|03|02|2405|Fisheries|00||911|Deduct Recoveries of Over Payment|0||01|Deduct Recovery of Over Payments of Current Year|||2405-00-911-0-01|Deduct Recovery of Over Payments of Current Year|V|Header|Detailed-Head|||||100.0
77|03|02|2405|Fisheries|00||911|Deduct Recoveries of Over Payment|0||01|Deduct Recovery of Over Payments of Current Year|364|Deduct - Recoveries|2405-00-911-0-01|Deduct - Recoveries|V|Data|Object-Head|-1.73||||100.0
77|03|02|2405|Fisheries|00||911|Deduct Recoveries of Over Payment|0||01|Deduct Recovery of Over Payments of Current Year|||2405-00-911-0-01|ಜುಮ್ಲಾ HOA Total :|V|Total|Detailed-Head|-1.73|0.00|0.00|0.00|100.0
77|03|02|2405|Fisheries|00||911|Deduct Recoveries of Over Payment|0||04|Deduct Recovery of Over Payment of Previous years-ZP|||2405-00-911-0-04|Deduct Recovery of Over Payment of Previous years-ZP|V|Header|Detailed-Head|||||100.0
77|03|02|2405|Fisheries|00||911|Deduct Recoveries of Over Payment|0||04|Deduct Recovery of Over Payment of Previous years-ZP|261|Inter Account Transfers|2405-00-911-0-04|Inter Account Transfers|V|Data|Object-Head||-1423.52|-1423.52|-1487.37|100.0
77|03|02|2405|Fisheries|00||911|Deduct Recoveries of Over Payment|0||04|Deduct Recovery of Over Payment of Previous years-ZP|||2405-00-911-0-04|ಜುಮ್ಲಾ HOA Total :|V|Total|Detailed-Head|0.00|-1423.52|-1423.52|-1487.37|100.0
77|03|02|2405|Fisheries|00||||||||||2405|2405 - ಜುಮ್ಲಾ Total :|V|Total|Major-Head|31015.74|29422.99|32107.71|30630.39|
78|03|02|4405|Capital Outlay on Fisheries|00||||||||||4405|Capital Outlay on Fisheries|V|Header|Major-Head|||||
78|03|02|4405|Capital Outlay on Fisheries|00||103||||||||4405-00-103|Marine Fisheries|V|Header|Minor-Head|||||
78|03|02|4405|Capital Outlay on Fisheries|00||103||0||||||4405-00-103-0||V|Header|Sub-Head|||||
78|03|02|4405|Capital Outlay on Fisheries|00||103||0||09|CNA-State Share-National Plan for installation of Vessel Communication and Support System in marine fishing vessels (PMMSY)|||4405-00-103-0-09|CNA-State Share-National Plan for installation of Vessel Communication and Support System in marine fishing vessels (PMMSY)|V|Header|Detailed-Head|||||100.0
78|03|02|4405|Capital Outlay on Fisheries|00||103||0||09|CNA-State Share-National Plan for installation of Vessel Communication and Support System in marine fishing vessels (PMMSY)|180|Machinery and Equipments|4405-00-103-0-09|Machinery and Equipments|V|Data|Object-Head|||1048.58|700.00|100.0
78|03|02|4405|Capital Outlay on Fisheries|00||103||0||09|CNA-State Share-National Plan for installation of Vessel Communication and Support System in marine fishing vessels (PMMSY)|||4405-00-103-0-09|ಜುಮ್ಲಾ HOA Total :|V|Total|Detailed-Head|0.00|0.00|1048.58|700.00|100.0
78|03|02|4405|Capital Outlay on Fisheries|00||103||6||||||4405-00-103-6||V|Header|Sub-Head|||||
78|03|02|4405|Capital Outlay on Fisheries|00||103||6||01|CSS-Central Share-Construction of Fishing Harbours(PMMSY)|||4405-00-103-6-01|CSS-Central Share-Construction of Fishing Harbours(PMMSY)|V|Header|Detailed-Head|||||100.0
78|03|02|4405|Capital Outlay on Fisheries|00||103||6||01|CSS-Central Share-Construction of Fishing Harbours(PMMSY)|132|Other Capital Expenses|4405-00-103-6-01|Other Capital Expenses|V|Data|Object-Head||||2001.00|100.0
78|03|02|4405|Capital Outlay on Fisheries|00||103||6||01|CSS-Central Share-Construction of Fishing Harbours(PMMSY)|139|Major Works|4405-00-103-6-01|Major Works|V|Data|Object-Head||2000.00|687.00||100.0
78|03|02|4405|Capital Outlay on Fisheries|00||103||6||01|CSS-Central Share-Construction of Fishing Harbours(PMMSY)|||4405-00-103-6-01|ಜುಮ್ಲಾ HOA Total :|V|Total|Detailed-Head|0.00|2000.00|687.00|2001.00|100.0
78|03|02|4405|Capital Outlay on Fisheries|00||103||6||02|CSS-State Share-Construction of Fishing Harbours(PMMSY)|||4405-00-103-6-02|CSS-State Share-Construction of Fishing Harbours(PMMSY)|V|Header|Detailed-Head|||||100.0
78|03|02|4405|Capital Outlay on Fisheries|00||103||6||02|CSS-State Share-Construction of Fishing Harbours(PMMSY)|132|Other Capital Expenses|4405-00-103-6-02|Other Capital Expenses|V|Data|Object-Head||||1001.00|100.0
78|03|02|4405|Capital Outlay on Fisheries|00||103||6||02|CSS-State Share-Construction of Fishing Harbours(PMMSY)|139|Major Works|4405-00-103-6-02|Major Works|V|Data|Object-Head||1000.00|||100.0
78|03|02|4405|Capital Outlay on Fisheries|00||103||6||02|CSS-State Share-Construction of Fishing Harbours(PMMSY)|||4405-00-103-6-02|ಜುಮ್ಲಾ HOA Total :|V|Total|Detailed-Head|0.00|1000.00|0.00|1001.00|100.0
78|03|02|4405|Capital Outlay on Fisheries|00||103||6||03|CSS-Central Share-Non beneficiary Infrastructure Related Works(PMMSY)|||4405-00-103-6-03|CSS-Central Share-Non beneficiary Infrastructure Related Works(PMMSY)|V|Header|Detailed-Head|||||100.0
78|03|02|4405|Capital Outlay on Fisheries|00||103||6||03|CSS-Central Share-Non beneficiary Infrastructure Related Works(PMMSY)|132|Other Capital Expenses|4405-00-103-6-03|Other Capital Expenses|V|Data|Object-Head||||2000.00|100.0
78|03|02|4405|Capital Outlay on Fisheries|00||103||6||03|CSS-Central Share-Non beneficiary Infrastructure Related Works(PMMSY)|139|Major Works|4405-00-103-6-03|Major Works|V|Data|Object-Head||2000.00|2000.00||100.0
78|03|02|4405|Capital Outlay on Fisheries|00||103||6||03|CSS-Central Share-Non beneficiary Infrastructure Related Works(PMMSY)|||4405-00-103-6-03|ಜುಮ್ಲಾ HOA Total :|V|Total|Detailed-Head|0.00|2000.00|2000.00|2000.00|100.0
79|3|02|4405|Capital Outlay on Fisheries|00||103|Marine Fisheries|6||04|CSS-State Share-Non beneficiary Infrastructure Related Works(PMMSY)|||4405-00-103-6-04|CSS-State Share-Non beneficiary Infrastructure Related Works(PMMSY)|V|Header|Detailed-Head|||||100.0
79|3|02|4405|Capital Outlay on Fisheries|00||103|Marine Fisheries|6||04|CSS-State Share-Non beneficiary Infrastructure Related Works(PMMSY)|132|Other Capital Expenses|4405-00-103-6-04|Other Capital Expenses|V|Data|Object-Head||||1333.00|100.0
79|3|02|4405|Capital Outlay on Fisheries|00||103|Marine Fisheries|6||04|CSS-State Share-Non beneficiary Infrastructure Related Works(PMMSY)|139|Major Works|4405-00-103-6-04|Major Works|V|Data|Object-Head||1333.00|1333.00||100.0
79|3|02|4405|Capital Outlay on Fisheries|00||103|Marine Fisheries|6||04|CSS-State Share-Non beneficiary Infrastructure Related Works(PMMSY)|||4405-00-103-6-04|ಜುಮ್ಲಾ HOA Total :|V|Total|Detailed-Head|0.00|1333.00|1333.00|1333.00|100.0
79|3|02|4405|Capital Outlay on Fisheries|00||104||0||02|Renovation of Fishing Harbours and Landing Centres,Dredging works and Link Roads|||4405-00-104-0-02|Renovation of Fishing Harbours and Landing Centres,Dredging works and Link Roads|V|Header|Detailed-Head|||||100.0
79|3|02|4405|Capital Outlay on Fisheries|00||104||0||02|Renovation of Fishing Harbours and Landing Centres,Dredging works and Link Roads|132|Other Capital Expenses|4405-00-104-0-02|Other Capital Expenses|V|Data|Object-Head||||2000.00|100.0
79|3|02|4405|Capital Outlay on Fisheries|00||104||0||02|Renovation of Fishing Harbours and Landing Centres,Dredging works and Link Roads|386|Purchase/Construction of Buildings|4405-00-104-0-02|Purchase/Construction of Buildings|V|Data|Object-Head|3837.49|1500.00|4302.00|1500.00|100.0
79|3|02|4405|Capital Outlay on Fisheries|00||104||0||02|Renovation of Fishing Harbours and Landing Centres,Dredging works and Link Roads|||4405-00-104-0-02|ಜುಮ್ಲಾ HOA Total :|V|Total|Detailed-Head|3837.49|1500.00|4302.00|3500.00|100.0
79|3|02|4405|Capital Outlay on Fisheries|00||105||0||01|Construction Works- Fisheries Department|||4405-00-105-0-01|Construction Works- Fisheries Department|V|Header|Detailed-Head|||||100.0
79|3|02|4405|Capital Outlay on Fisheries|00||105||0||01|Construction Works- Fisheries Department|132|Other Capital Expenses|4405-00-105-0-01|Other Capital Expenses|V|Data|Object-Head||||400.00|100.0
79|3|02|4405|Capital Outlay on Fisheries|00||105||0||01|Construction Works- Fisheries Department|139|Major Works|4405-00-105-0-01|Major Works|V|Data|Object-Head||550.00|550.00||100.0
79|3|02|4405|Capital Outlay on Fisheries|00||105||0||01|Construction Works- Fisheries Department|180|Machinery and Equipments|4405-00-105-0-01|Machinery and Equipments|V|Data|Object-Head||||50.00|100.0
79|3|02|4405|Capital Outlay on Fisheries|00||105||0||01|Construction Works- Fisheries Department|||4405-00-105-0-01|ಜುಮ್ಲಾ HOA Total :|V|Total|Detailed-Head|0.00|550.00|550.00|450.00|100.0
79|3|02|4405|Capital Outlay on Fisheries|00||800||2||03|Link Roads, Bridges and Jetties - with NABARD Assistance (RIDF)|||4405-00-800-2-03|Link Roads, Bridges and Jetties - with NABARD Assistance (RIDF)|V|Header|Detailed-Head|||||100.0
79|3|02|4405|Capital Outlay on Fisheries|00||800||2||03|Link Roads, Bridges and Jetties - with NABARD Assistance (RIDF)|436|NABARD Works|4405-00-800-2-03|NABARD Works|V|Data|Object-Head|1636.00|4200.00|4200.00|900.00|100.0
79|3|02|4405|Capital Outlay on Fisheries|00||800||2||03|Link Roads, Bridges and Jetties - with NABARD Assistance (RIDF)|||4405-00-800-2-03|ಜುಮ್ಲಾ HOA Total :|V|Total|Detailed-Head|1636.00|4200.00|4200.00|900.00|100.0
79|3|02|4405|Capital Outlay on Fisheries|00||||||||||4405|4405 - ಜುಮ್ಲಾ Total :|V|Total|Major-Head|5473.49|12583.00|14120.58|11885.00|
80|3|08|2406|Forestry and Wild Life|01||||||||||2406|Forestry and Wild Life||Header|Major-Head|||||
80|3|08|2406|Forestry and Wild Life|01||001||||||||2406-01-001|Minor Head 001||Header|Minor-Head|||||
80|3|08|2406|Forestry and Wild Life|01||001||1||||||2406-01-001-1|Sub-Head 1||Header|Sub-Head|||||
80|3|08|2406|Forestry and Wild Life|01||001||1||06|Unspent SCSP-TSP Amount as per the SCSP-TSPAct 2013|||2406-01-001-1-06|Unspent SCSP-TSP Amount as per the SCSP-TSPAct 2013|V|Header|Detailed-Head|||||100.0
80|3|08|2406|Forestry and Wild Life|01||001||1||06|Unspent SCSP-TSP Amount as per the SCSP-TSPAct 2013|422|Schedule Caste Sub Plan|2406-01-001-1-06|Schedule Caste Sub Plan|V|Data|Object-Head|0.01|0.06|0.06|0.02|100.0
80|3|08|2406|Forestry and Wild Life|01||001||1||06|Unspent SCSP-TSP Amount as per the SCSP-TSPAct 2013|423|Tribal Sub Plan|2406-01-001-1-06|Tribal Sub Plan|V|Data|Object-Head|0.01|0.05|0.05|0.02|100.0
80|3|08|2406|Forestry and Wild Life|01||001||1||06|Unspent SCSP-TSP Amount as per the SCSP-TSPAct 2013|||2406-01-001-1-06|ಜುಮ್ಲಾ HOA Total :|V|Total|Detailed-Head|0.02|0.11|0.11|0.04|100.0
80|3|08|2406|Forestry and Wild Life|01||001||1||50|Vacant Post Provision|||2406-01-001-1-50|Vacant Post Provision|V|Header|Detailed-Head|||||100.0
80|3|08|2406|Forestry and Wild Life|01||001||1||50|Vacant Post Provision|014|Other Allowance|2406-01-001-1-50|Other Allowance|V|Data|Object-Head||18883.67|18202.12|23204.67|100.0
80|3|08|2406|Forestry and Wild Life|01||001||1||50|Vacant Post Provision|||2406-01-001-1-50|ಜುಮ್ಲಾ HOA Total :|V|Total|Detailed-Head|0.00|18883.67|18202.12|23204.67|100.0
80|3|08|2406|Forestry and Wild Life|01||001||2||||||2406-01-001-2|Sub-Head 2||Header|Sub-Head|||||
80|3|08|2406|Forestry and Wild Life|01||001||2||01|Forest Department Establishment and Administrative Expenditure|||2406-01-001-2-01|Forest Department Establishment and Administrative Expenditure|V|Header|Detailed-Head|||||100.0
80|3|08|2406|Forestry and Wild Life|01||001||2||01|Forest Department Establishment and Administrative Expenditure|002|Basic Pay|2406-01-001-2-01|Basic Pay|V|Data|Object-Head|7089.60|50774.00|50774.00|52128.00|100.0
80|3|08|2406|Forestry and Wild Life|01||001||2||01|Forest Department Establishment and Administrative Expenditure|003|Basic Pay-Staff|2406-01-001-2-01|Basic Pay-Staff|V|Data|Object-Head|36401.05||||100.0
80|3|08|2406|Forestry and Wild Life|01||001||2||01|Forest Department Establishment and Administrative Expenditure|004|Interim Relief|2406-01-001-2-01|Interim Relief|V|Data|Object-Head|2147.86||||100.0
80|3|08|2406|Forestry and Wild Life|01||001||2||01|Forest Department Establishment and Administrative Expenditure|011|Dearness Allowance|2406-01-001-2-01|Dearness Allowance|V|Data|Object-Head|9405.31|11719.00|11719.00|13697.00|100.0
80|3|08|2406|Forestry and Wild Life|01||001||2||01|Forest Department Establishment and Administrative Expenditure|014|Other Allowance|2406-01-001-2-01|Other Allowance|V|Data|Object-Head|6259.68|7514.00|7514.00|7602.00|100.0
80|3|08|2406|Forestry and Wild Life|01||001||2||01|Forest Department Establishment and Administrative Expenditure|015|Subsidiary Expenses|2406-01-001-2-01|Subsidiary Expenses|V|Data|Object-Head||1.00|82.55|1.00|100.0
80|3|08|2406|Forestry and Wild Life|01||001||2||01|Forest Department Establishment and Administrative Expenditure|020|Medical Allowance|2406-01-001-2-01|Medical Allowance|V|Data|Object-Head|301.57||||100.0
80|3|08|2406|Forestry and Wild Life|01||001||2||01|Forest Department Establishment and Administrative Expenditure|021|Reimbursement of Medical Expenses|2406-01-001-2-01|Reimbursement of Medical Expenses|V|Data|Object-Head|502.27|558.00|558.00|561.00|100.0
80|3|08|2406|Forestry and Wild Life|01||001||2||01|Forest Department Establishment and Administrative Expenditure|033|Daily-wages|2406-01-001-2-01|Daily-wages|V|Data|Object-Head|6863.52|9890.80|9616.80|8955.29|100.0
80|3|08|2406|Forestry and Wild Life|01||001||2||01|Forest Department Establishment and Administrative Expenditure|034|Contract/Outsource|2406-01-001-2-01|Contract/Outsource|V|Data|Object-Head|4038.89|4227.81|4227.81|4253.79|100.0
80|3|08|2406|Forestry and Wild Life|01||001||2||01|Forest Department Establishment and Administrative Expenditure|041|Travel Expenses|2406-01-001-2-01|Travel Expenses|V|Data|Object-Head|423.85|445.00|445.00|450.00|100.0
80|3|08|2406|Forestry and Wild Life|01||001||2||01|Forest Department Establishment and Administrative Expenditure|050|Office Expenses|2406-01-001-2-01|Office Expenses|V|Data|Object-Head||400.00|400.00|404.00|100.0
80|3|08|2406|Forestry and Wild Life|01||001||2||01|Forest Department Establishment and Administrative Expenditure|051|General Expenses|2406-01-001-2-01|General Expenses|V|Data|Object-Head|794.73|188.00|462.00|195.00|100.0
80|3|08|2406|Forestry and Wild Life|01||001||2||01|Forest Department Establishment and Administrative Expenditure|051|General Expenses|2406-01-001-2-01|General Expenses|C|Data|Object-Head|11.17|15.00|15.00|15.00|100.0
80|3|08|2406|Forestry and Wild Life|01||001||2||01|Forest Department Establishment and Administrative Expenditure|052|Telephone Charges|2406-01-001-2-01|Telephone Charges|V|Data|Object-Head|69.56||||100.0
80|3|08|2406|Forestry and Wild Life|01||001||2||01|Forest Department Establishment and Administrative Expenditure|053|Purchase of Furniture and Fixture for Office|2406-01-001-2-01|Purchase of Furniture and Fixture for Office|V|Data|Object-Head|65.73||||100.0
81|3|08|2406|Forestry and Wild Life|01||001||2||01|Forest Department Establishment and Administrative Expenditure|071|Building Expenses|2406-01-001-2-01|Building Expenses|V|Data|Object-Head|375.77|395.00|395.00|395.00|100.0
81|3|08|2406|Forestry and Wild Life|01||001||2||01|Forest Department Establishment and Administrative Expenditure|131|Secret Service Expenses|2406-01-001-2-01|Secret Service Expenses|V|Data|Object-Head|24.90|26.00|26.00|27.00|100.0
81|3|08|2406|Forestry and Wild Life|01||001||2||01|Forest Department Establishment and Administrative Expenditure|195|Transport Expenses|2406-01-001-2-01|Transport Expenses|V|Data|Object-Head|2661.52|4426.19|4426.19|2464.18|100.0
81|3|08|2406|Forestry and Wild Life|01||001||2||01|Forest Department Establishment and Administrative Expenditure|200|Maintenance Expenditure|2406-01-001-2-01|Maintenance Expenditure|V|Data|Object-Head|109.97|114.00|114.00|114.00|100.0
81|3|08|2406|Forestry and Wild Life|01||001||2||01|Forest Department Establishment and Administrative Expenditure|221|Materials and Supplies|2406-01-001-2-01|Materials and Supplies|V|Data|Object-Head|224.82|225.00|225.00|225.00|100.0
81|3|08|2406|Forestry and Wild Life|01||001||2||01|Forest Department Establishment and Administrative Expenditure|251|Pension & Retirement Benefits|2406-01-001-2-01|Pension & Retirement Benefits|V|Data|Object-Head|1332.40|2022.66|2022.66|2049.91|100.0
81|3|08|2406|Forestry and Wild Life|01||001||2||01|Forest Department Establishment and Administrative Expenditure|||2406-01-001-2-01|ಜುಮ್ಲಾ HOA Total :|V|Total|Detailed-Head|79104.17|92941.46|93023.01|93537.17|100.0
81|3|08|2406|Forestry and Wild Life|01||003||0||01|Working Plan, Research and Training Institutions||||2406-01-003-0-01|Working Plan, Research and Training Institutions|Header|Detailed-Head|||||100.0
81|3|08|2406|Forestry and Wild Life|01||003||0||01|Working Plan, Research and Training Institutions|015|Subsidiary Expenses|2406-01-003-0-01|Subsidiary Expenses|V|Data|Object-Head|630.43|312.00|312.00|320.00|100.0
81|3|08|2406|Forestry and Wild Life|01||003||0||01|Working Plan, Research and Training Institutions|140|Minor Works|2406-01-003-0-01|Minor Works|V|Data|Object-Head|996.41|1000.00|1000.00|1000.00|100.0
81|3|08|2406|Forestry and Wild Life|01||003||0||01|Working Plan, Research and Training Institutions|||2406-01-003-0-01|ಜುಮ್ಲಾ HOA Total :|V|Total|Detailed-Head|1626.84|1312.00|1312.00|1320.00|100.0
81|3|08|2406|Forestry and Wild Life|01||004||0||01|Research||||2406-01-004-0-01|Research|Header|Detailed-Head|||||100.0
81|3|08|2406|Forestry and Wild Life|01||004||0||01|Research|140|Minor Works|2406-01-004-0-01|Minor Works|V|Data|Object-Head|224.67|225.00|225.00|225.00|100.0
81|3|08|2406|Forestry and Wild Life|01||004||0||01|Research|||2406-01-004-0-01|ಜುಮ್ಲಾ HOA Total :|V|Total|Detailed-Head|224.67|225.00|225.00|225.00|100.0
81|3|08|2406|Forestry and Wild Life|01||013||0||01|Computerisation of Forest Department||||2406-01-013-0-01|Computerisation of Forest Department|Header|Detailed-Head|||||100.0
81|3|08|2406|Forestry and Wild Life|01||013||0||01|Computerisation of Forest Department|034|Contract/Outsource|2406-01-013-0-01|Contract/Outsource|V|Data|Object-Head|72.98|107.64|107.64|107.64|100.0
81|3|08|2406|Forestry and Wild Life|01||013||0||01|Computerisation of Forest Department|||2406-01-013-0-01|ಜುಮ್ಲಾ HOA Total :|V|Total|Detailed-Head|72.98|107.64|107.64|107.64|100.0
81|3|08|2406|Forestry and Wild Life|01||070||0||01|Roads, Bridges and Buildings (Maintenance)||||2406-01-070-0-01|Roads, Bridges and Buildings (Maintenance)|Header|Detailed-Head|||||100.0
81|3|08|2406|Forestry and Wild Life|01||070||0||01|Roads, Bridges and Buildings (Maintenance)|200|Maintenance Expenditure|2406-01-070-0-01|Maintenance Expenditure|V|Data|Object-Head|1649.89|1650.00|1650.00|2000.00|100.0
81|3|08|2406|Forestry and Wild Life|01||070||0||01|Roads, Bridges and Buildings (Maintenance)|||2406-01-070-0-01|ಜುಮ್ಲಾ HOA Total :|V|Total|Detailed-Head|1649.89|1650.00|1650.00|2000.00|100.0
81|3|08|2406|Forestry and Wild Life|01||101||2||11|Forest Protection, Regeneration and Cultural Operation||||2406-01-101-2-11|Forest Protection, Regeneration and Cultural Operation|Header|Detailed-Head|||||100.0
81|3|08|2406|Forestry and Wild Life|01||101||2||11|Forest Protection, Regeneration and Cultural Operation|140|Minor Works|2406-01-101-2-11|Minor Works|V|Data|Object-Head|1399.94|1000.00|1000.00|1000.00|100.0
82|03|08|2406|Forestry and Wild Life|01||101||2||11|Forest Protection, Regeneration and Cultural Operation|200|Maintenance Expenditure|2406-01-101-2-11|Maintenance Expenditure|V|Data|Object-Head|449.66|400.00|400.00|400.00|100.0
82|03|08|2406|Forestry and Wild Life|01||101||2||11|Forest Protection, Regeneration and Cultural Operation|||2406-01-101-2-11|ಜುಮ್ಲಾ HOA Total :|V|Total|Detailed-Head|1849.60|1400.00|1400.00|1400.00|100.0
82|03|08|2406|Forestry and Wild Life|01||101||2||19|CSS-Central Share-Implementation & Management Action Plan for Mangroves||||2406-01-101-2-19|CSS-Central Share-Implementation & Management Action Plan for Mangroves|Header|Detailed-Head|||||100.0
82|03|08|2406|Forestry and Wild Life|01||101||2||19|CSS-Central Share-Implementation & Management Action Plan for Mangroves|140|Minor Works|2406-01-101-2-19|Minor Works|V|Data|Object-Head||75.00|75.00|1.00|100.0
82|03|08|2406|Forestry and Wild Life|01||101||2||19|CSS-Central Share-Implementation & Management Action Plan for Mangroves|||2406-01-101-2-19|ಜುಮ್ಲಾ HOA Total :|V|Total|Detailed-Head|0.00|75.00|75.00|1.00|100.0
82|03|08|2406|Forestry and Wild Life|01||101||2||21|Afforestation in Other Areas||||2406-01-101-2-21|Afforestation in Other Areas|Header|Detailed-Head|||||100.0
82|03|08|2406|Forestry and Wild Life|01||101||2||21|Afforestation in Other Areas|140|Minor Works|2406-01-101-2-21|Minor Works|V|Data|Object-Head|2225.97|1500.00|1500.00|1500.00|100.0
82|03|08|2406|Forestry and Wild Life|01||101||2||21|Afforestation in Other Areas|||2406-01-101-2-21|ಜುಮ್ಲಾ HOA Total :|V|Total|Detailed-Head|2225.97|1500.00|1500.00|1500.00|100.0
82|03|08|2406|Forestry and Wild Life|01||101||2||30|CSS-Central Share-National Bamboo Mission (Krishonnati Yojane)||||2406-01-101-2-30|CSS-Central Share-National Bamboo Mission (Krishonnati Yojane)|Header|Detailed-Head|||||100.0
82|03|08|2406|Forestry and Wild Life|01||101||2||30|CSS-Central Share-National Bamboo Mission (Krishonnati Yojane)|140|Minor Works|2406-01-101-2-30|Minor Works|V|Data|Object-Head|681.71|341.00|527.40|527.00|100.0
82|03|08|2406|Forestry and Wild Life|01||101||2||30|CSS-Central Share-National Bamboo Mission (Krishonnati Yojane)|422|Schedule Caste Sub Plan|2406-01-101-2-30|Schedule Caste Sub Plan|V|Data|Object-Head|141.39|77.00|119.17|119.00|100.0
82|03|08|2406|Forestry and Wild Life|01||101||2||30|CSS-Central Share-National Bamboo Mission (Krishonnati Yojane)|423|Tribal Sub Plan|2406-01-101-2-30|Tribal Sub Plan|V|Data|Object-Head|59.25|32.00|48.29|48.00|100.0
82|03|08|2406|Forestry and Wild Life|01||101||2||30|CSS-Central Share-National Bamboo Mission (Krishonnati Yojane)|||2406-01-101-2-30|ಜುಮ್ಲಾ HOA Total :|V|Total|Detailed-Head|882.35|450.00|694.86|694.00|100.0
82|03|08|2406|Forestry and Wild Life|01||101||2||31|CSS-State Share-National Bamboo Mission (Krishonnati Yojane)||||2406-01-101-2-31|CSS-State Share-National Bamboo Mission (Krishonnati Yojane)|Header|Detailed-Head|||||100.0
82|03|08|2406|Forestry and Wild Life|01||101||2||31|CSS-State Share-National Bamboo Mission (Krishonnati Yojane)|140|Minor Works|2406-01-101-2-31|Minor Works|V|Data|Object-Head|454.47|227.33|351.60|352.00|100.0
82|03|08|2406|Forestry and Wild Life|01||101||2||31|CSS-State Share-National Bamboo Mission (Krishonnati Yojane)|422|Schedule Caste Sub Plan|2406-01-101-2-31|Schedule Caste Sub Plan|V|Data|Object-Head|94.26|51.33|79.45|79.00|100.0
82|03|08|2406|Forestry and Wild Life|01||101||2||31|CSS-State Share-National Bamboo Mission (Krishonnati Yojane)|423|Tribal Sub Plan|2406-01-101-2-31|Tribal Sub Plan|V|Data|Object-Head|39.50|21.34|32.20|32.00|100.0
82|03|08|2406|Forestry and Wild Life|01||101||2||31|CSS-State Share-National Bamboo Mission (Krishonnati Yojane)|||2406-01-101-2-31|ಜುಮ್ಲಾ HOA Total :|V|Total|Detailed-Head|588.23|300.00|463.25|463.00|100.0
83|03|08|2406|Forestry and Wild Life|01||101||2||32|CSS-State Share-Implementation & Management Action Plan for Mangroves|||2406-01-101-2-32|CSS-State Share-Implementation & Management Action Plan for Mangroves|V|Header|Detailed-Head|||||100.0
83|03|08|2406|Forestry and Wild Life|01||101||2||32|CSS-State Share-Implementation & Management Action Plan for Mangroves|140|Minor Works|2406-01-101-2-32|Minor Works|V|Data|Object-Head||50.00|50.00|1.00|100.0
83|03|08|2406|Forestry and Wild Life|01||101||2||32|CSS-State Share-Implementation & Management Action Plan for Mangroves|||2406-01-101-2-32|ಜುಮ್ಲಾ HOA Total :|V|Total|Detailed-Head|0.00|50.00|50.00|1.00|100.0
83|03|08|2406|Forestry and Wild Life|01||101||2||82|Forest Protection and Publicity|||2406-01-101-2-82|Forest Protection and Publicity|V|Header|Detailed-Head|||||100.0
83|03|08|2406|Forestry and Wild Life|01||101||2||82|Forest Protection and Publicity|059|Other Expenses|2406-01-101-2-82|Other Expenses|V|Data|Object-Head|400.00|400.00|400.00|500.00|100.0
83|03|08|2406|Forestry and Wild Life|01||101||2||82|Forest Protection and Publicity|||2406-01-101-2-82|ಜುಮ್ಲಾ HOA Total :|V|Total|Detailed-Head|400.00|400.00|400.00|500.00|100.0
83|03|08|2406|Forestry and Wild Life|01||101||2||83|Afforestation in Non Forest Areas|||2406-01-101-2-83|Afforestation in Non Forest Areas|V|Header|Detailed-Head|||||100.0
83|03|08|2406|Forestry and Wild Life|01||101||2||83|Afforestation in Non Forest Areas|100|Financial Assistance/Relief|2406-01-101-2-83|Financial Assistance/Relief|V|Data|Object-Head|999.97|1000.00|1000.00|1000.00|100.0
83|03|08|2406|Forestry and Wild Life|01||101||2||83|Afforestation in Non Forest Areas|||2406-01-101-2-83|ಜುಮ್ಲಾ HOA Total :|V|Total|Detailed-Head|999.97|1000.00|1000.00|1000.00|100.0
83|03|08|2406|Forestry and Wild Life|01||101||2||86|K-SHORE (BLUE PLACK)-EAP|||2406-01-101-2-86|K-SHORE (BLUE PLACK)-EAP|V|Header|Detailed-Head|||||100.0
83|03|08|2406|Forestry and Wild Life|01||101||2||86|K-SHORE (BLUE PLACK)-EAP|059|Other Expenses|2406-01-101-2-86|Other Expenses|V|Data|Object-Head||5000.00|5000.00|10000.00|100.0
83|03|08|2406|Forestry and Wild Life|01||101||2||86|K-SHORE (BLUE PLACK)-EAP|||2406-01-101-2-86|ಜುಮ್ಲಾ HOA Total :|V|Total|Detailed-Head|0.00|5000.00|5000.00|10000.00|100.0
83|03|08|2406|Forestry and Wild Life|01||102||2||17|CSS-Central Share -Forest fire prevention & Management schemes|||2406-01-102-2-17|CSS-Central Share -Forest fire prevention & Management schemes|V|Header|Detailed-Head|||||100.0
83|03|08|2406|Forestry and Wild Life|01||102||2||17|CSS-Central Share -Forest fire prevention & Management schemes|140|Minor Works|2406-01-102-2-17|Minor Works|V|Data|Object-Head|116.71|200.00|200.00|200.00|100.0
83|03|08|2406|Forestry and Wild Life|01||102||2||17|CSS-Central Share -Forest fire prevention & Management schemes|||2406-01-102-2-17|ಜುಮ್ಲಾ HOA Total :|V|Total|Detailed-Head|116.71|200.00|200.00|200.00|100.0
83|03|08|2406|Forestry and Wild Life|01||102||2||25|Eco Tourism|||2406-01-102-2-25|Eco Tourism|V|Header|Detailed-Head|||||100.0
83|03|08|2406|Forestry and Wild Life|01||102||2||25|Eco Tourism|101|Grants-in-Aid-Salaries|2406-01-102-2-25|Grants-in-Aid-Salaries|V|Data|Object-Head|10.65|27.12|27.12|1.00|100.0
83|03|08|2406|Forestry and Wild Life|01||102||2||25|Eco Tourism|103|Grants-in-Aid -General|2406-01-102-2-25|Grants-in-Aid -General|V|Data|Object-Head|65.00|65.00|65.00|66.00|100.0
84|03|08|2406|Forestry and Wild Life|01|Forestry|102|Social and Farm Forestry|2|Other Schemes|25|Eco Tourism|115|GIA Contract /Outsource|2406-01-102-2-25|GIA Contract /Outsource|V|Data|Object-Head|20.42|21.96|21.96|47.10|100.0
84|03|08|2406|Forestry and Wild Life|01|Forestry|102|Social and Farm Forestry|2|Other Schemes|25|Eco Tourism|||2406-01-102-2-25|HOA Total :|V|Total|Detailed-Head|96.07|114.08|114.08|114.10|100.0
84|03|08|2406|Forestry and Wild Life|01|Forestry|102|Social and Farm Forestry|2|Other Schemes|38|CSS-Central Share-Agro Forestry (RKVY)||||2406-01-102-2-38|CSS-Central Share-Agro Forestry (RKVY)|Header|Detailed-Head|||||100.0
84|03|08|2406|Forestry and Wild Life|01|Forestry|102|Social and Farm Forestry|2|Other Schemes|38|CSS-Central Share-Agro Forestry (RKVY)|140|Minor Works|2406-01-102-2-38|Minor Works|V|Data|Object-Head|840.82|810.00|849.00|849.00|100.0
84|03|08|2406|Forestry and Wild Life|01|Forestry|102|Social and Farm Forestry|2|Other Schemes|38|CSS-Central Share-Agro Forestry (RKVY)|422|Schedule Caste Sub Plan|2406-01-102-2-38|Schedule Caste Sub Plan|V|Data|Object-Head|200.37|63.00|169.00|169.00|100.0
84|03|08|2406|Forestry and Wild Life|01|Forestry|102|Social and Farm Forestry|2|Other Schemes|38|CSS-Central Share-Agro Forestry (RKVY)|423|Tribal Sub Plan|2406-01-102-2-38|Tribal Sub Plan|V|Data|Object-Head|80.12|27.00|70.00|70.00|100.0
84|03|08|2406|Forestry and Wild Life|01|Forestry|102|Social and Farm Forestry|2|Other Schemes|38|CSS-Central Share-Agro Forestry (RKVY)|||2406-01-102-2-38|HOA Total :|V|Total|Detailed-Head|1121.31|900.00|1088.00|1088.00|100.0
84|03|08|2406|Forestry and Wild Life|01|Forestry|102|Social and Farm Forestry|2|Other Schemes|39|CSS-State Share-Agro Forestry (RKVY)||||2406-01-102-2-39|CSS-State Share-Agro Forestry (RKVY)|Header|Detailed-Head|||||100.0
84|03|08|2406|Forestry and Wild Life|01|Forestry|102|Social and Farm Forestry|2|Other Schemes|39|CSS-State Share-Agro Forestry (RKVY)|140|Minor Works|2406-01-102-2-39|Minor Works|V|Data|Object-Head|560.55|540.00|566.00|566.00|100.0
84|03|08|2406|Forestry and Wild Life|01|Forestry|102|Social and Farm Forestry|2|Other Schemes|39|CSS-State Share-Agro Forestry (RKVY)|422|Schedule Caste Sub Plan|2406-01-102-2-39|Schedule Caste Sub Plan|V|Data|Object-Head|133.58|42.00|112.67|112.50|100.0
84|03|08|2406|Forestry and Wild Life|01|Forestry|102|Social and Farm Forestry|2|Other Schemes|39|CSS-State Share-Agro Forestry (RKVY)|423|Tribal Sub Plan|2406-01-102-2-39|Tribal Sub Plan|V|Data|Object-Head|53.41|18.00|46.67|46.50|100.0
84|03|08|2406|Forestry and Wild Life|01|Forestry|102|Social and Farm Forestry|2|Other Schemes|39|CSS-State Share-Agro Forestry (RKVY)|||2406-01-102-2-39|HOA Total :|V|Total|Detailed-Head|747.54|600.00|725.34|725.00|100.0
84|03|08|2406|Forestry and Wild Life|01|Forestry|102|Social and Farm Forestry|2|Other Schemes|40|CSS-State Share -Forest fire prevention & Management schemes||||2406-01-102-2-40|CSS-State Share -Forest fire prevention & Management schemes|Header|Detailed-Head|||||100.0
84|03|08|2406|Forestry and Wild Life|01|Forestry|102|Social and Farm Forestry|2|Other Schemes|40|CSS-State Share -Forest fire prevention & Management schemes|140|Minor Works|2406-01-102-2-40|Minor Works|V|Data|Object-Head|77.80|130.00|130.00|130.00|100.0
84|03|08|2406|Forestry and Wild Life|01|Forestry|102|Social and Farm Forestry|2|Other Schemes|40|CSS-State Share -Forest fire prevention & Management schemes|||2406-01-102-2-40|HOA Total :|V|Total|Detailed-Head|77.80|130.00|130.00|130.00|100.0
84|03|08|2406|Forestry and Wild Life|01|Forestry|105||0||01|Timber and Other Forest Produce Removed by Government Agency||||2406-01-105-0-01|Timber and Other Forest Produce Removed by Government Agency|Header|Detailed-Head|||||100.0
84|03|08|2406|Forestry and Wild Life|01|Forestry|105||0||01|Timber and Other Forest Produce Removed by Government Agency|051|General Expenses|2406-01-105-0-01|General Expenses|V|Data|Object-Head|90.00|90.00|90.00|200.00|100.0
84|03|08|2406|Forestry and Wild Life|01|Forestry|105||0||01|Timber and Other Forest Produce Removed by Government Agency|140|Minor Works|2406-01-105-0-01|Minor Works|V|Data|Object-Head|9999.98|10000.00|10000.00|10000.00|100.0
84|03|08|2406|Forestry and Wild Life|01|Forestry|105||0||01|Timber and Other Forest Produce Removed by Government Agency|||2406-01-105-0-01|HOA Total :|V|Total|Detailed-Head|10089.98|10090.00|10090.00|10200.00|100.0
85|03|08|2406|Forestry and Wild Life|01|Forestry|196|Assistance to Zilla Panchayats|1|Grants for District Forest Officers' Establishments|01|Grants for District Forest Officers' Establishments|||2406-01-196-1-01|Grants for District Forest Officers' Establishments|V|Header|Detailed-Head|||||100.0
85|03|08|2406|Forestry and Wild Life|01|Forestry|196|Assistance to Zilla Panchayats|1|Grants for District Forest Officers' Establishments|01|Grants for District Forest Officers' Establishments|300|Lumpsum - ZP|2406-01-196-1-01|Lumpsum - ZP|V|Data|Object-Head|250.00|816.00|816.00||100.0
85|03|08|2406|Forestry and Wild Life|01|Forestry|196|Assistance to Zilla Panchayats|1|Grants for District Forest Officers' Establishments|01|Grants for District Forest Officers' Establishments|401|Bengaluru (Urban)|2406-01-196-1-01|Bengaluru (Urban)|V|Data|Object-Head|813.11|866.28|866.28|848.81|100.0
85|03|08|2406|Forestry and Wild Life|01|Forestry|196|Assistance to Zilla Panchayats|1|Grants for District Forest Officers' Establishments|01|Grants for District Forest Officers' Establishments|402|Bengaluru (Rural)|2406-01-196-1-01|Bengaluru (Rural)|V|Data|Object-Head|606.98|632.99|632.99|693.72|100.0
85|03|08|2406|Forestry and Wild Life|01|Forestry|196|Assistance to Zilla Panchayats|1|Grants for District Forest Officers' Establishments|01|Grants for District Forest Officers' Establishments|403|Chitradurga|2406-01-196-1-01|Chitradurga|V|Data|Object-Head|1068.07|1207.11|1207.11|1135.81|100.0
85|03|08|2406|Forestry and Wild Life|01|Forestry|196|Assistance to Zilla Panchayats|1|Grants for District Forest Officers' Establishments|01|Grants for District Forest Officers' Establishments|404|Kolar|2406-01-196-1-01|Kolar|V|Data|Object-Head|775.61|733.28|733.28|723.36|100.0
85|03|08|2406|Forestry and Wild Life|01|Forestry|196|Assistance to Zilla Panchayats|1|Grants for District Forest Officers' Establishments|01|Grants for District Forest Officers' Establishments|405|Shivamogga|2406-01-196-1-01|Shivamogga|V|Data|Object-Head|508.25|577.96|577.96|662.55|100.0
85|03|08|2406|Forestry and Wild Life|01|Forestry|196|Assistance to Zilla Panchayats|1|Grants for District Forest Officers' Establishments|01|Grants for District Forest Officers' Establishments|406|Tumakuru|2406-01-196-1-01|Tumakuru|V|Data|Object-Head|1356.65|1425.04|1425.04|1415.30|100.0
85|03|08|2406|Forestry and Wild Life|01|Forestry|196|Assistance to Zilla Panchayats|1|Grants for District Forest Officers' Establishments|01|Grants for District Forest Officers' Establishments|407|Mysuru|2406-01-196-1-01|Mysuru|V|Data|Object-Head|1032.77|1124.22|1124.22|1167.92|100.0
85|03|08|2406|Forestry and Wild Life|01|Forestry|196|Assistance to Zilla Panchayats|1|Grants for District Forest Officers' Establishments|01|Grants for District Forest Officers' Establishments|408|Chikkamagaluru|2406-01-196-1-01|Chikkamagaluru|V|Data|Object-Head|622.50|720.48|720.48|739.53|100.0
85|03|08|2406|Forestry and Wild Life|01|Forestry|196|Assistance to Zilla Panchayats|1|Grants for District Forest Officers' Establishments|01|Grants for District Forest Officers' Establishments|409|Dakshina Kannada|2406-01-196-1-01|Dakshina Kannada|V|Data|Object-Head|524.38|557.65|557.65|607.07|100.0
85|03|08|2406|Forestry and Wild Life|01|Forestry|196|Assistance to Zilla Panchayats|1|Grants for District Forest Officers' Establishments|01|Grants for District Forest Officers' Establishments|410|Hassan|2406-01-196-1-01|Hassan|V|Data|Object-Head|1069.71|1085.60|1085.60|1087.53|100.0
85|03|08|2406|Forestry and Wild Life|01|Forestry|196|Assistance to Zilla Panchayats|1|Grants for District Forest Officers' Establishments|01|Grants for District Forest Officers' Establishments|411|Kodagu|2406-01-196-1-01|Kodagu|V|Data|Object-Head|270.28|319.98|319.98|654.40|100.0
85|03|08|2406|Forestry and Wild Life|01|Forestry|196|Assistance to Zilla Panchayats|1|Grants for District Forest Officers' Establishments|01|Grants for District Forest Officers' Establishments|412|Mandya|2406-01-196-1-01|Mandya|V|Data|Object-Head|800.18|780.04|780.04|804.10|100.0
85|03|08|2406|Forestry and Wild Life|01|Forestry|196|Assistance to Zilla Panchayats|1|Grants for District Forest Officers' Establishments|01|Grants for District Forest Officers' Establishments|413|Belagavi|2406-01-196-1-01|Belagavi|V|Data|Object-Head|1993.51|2123.67|2123.67|3046.93|100.0
85|03|08|2406|Forestry and Wild Life|01|Forestry|196|Assistance to Zilla Panchayats|1|Grants for District Forest Officers' Establishments|01|Grants for District Forest Officers' Establishments|414|Vijayapura|2406-01-196-1-01|Vijayapura|V|Data|Object-Head|1074.35|1091.00|1091.00|1079.37|100.0
85|03|08|2406|Forestry and Wild Life|01|Forestry|196|Assistance to Zilla Panchayats|1|Grants for District Forest Officers' Establishments|01|Grants for District Forest Officers' Establishments|415|Dharwad|2406-01-196-1-01|Dharwad|V|Data|Object-Head|643.38|656.49|656.49|732.65|100.0
85|03|08|2406|Forestry and Wild Life|01|Forestry|196|Assistance to Zilla Panchayats|1|Grants for District Forest Officers' Establishments|01|Grants for District Forest Officers' Establishments|416|Uttara Kannada|2406-01-196-1-01|Uttara Kannada|V|Data|Object-Head|437.88|417.49|417.49|460.44|100.0
85|03|08|2406|Forestry and Wild Life|01|Forestry|196|Assistance to Zilla Panchayats|1|Grants for District Forest Officers' Establishments|01|Grants for District Forest Officers' Establishments|417|Kalaburagi|2406-01-196-1-01|Kalaburagi|V|Data|Object-Head|1049.82|1090.33|1090.33|1066.70|100.0
85|03|08|2406|Forestry and Wild Life|01|Forestry|196|Assistance to Zilla Panchayats|1|Grants for District Forest Officers' Establishments|01|Grants for District Forest Officers' Establishments|418|Ballari|2406-01-196-1-01|Ballari|V|Data|Object-Head|502.19|513.04|513.04|544.10|100.0
85|03|08|2406|Forestry and Wild Life|01|Forestry|196|Assistance to Zilla Panchayats|1|Grants for District Forest Officers' Establishments|01|Grants for District Forest Officers' Establishments|419|Bidar|2406-01-196-1-01|Bidar|V|Data|Object-Head|1161.38|1170.62|1170.62|1249.65|100.0
85|03|08|2406|Forestry and Wild Life|01|Forestry|196|Assistance to Zilla Panchayats|1|Grants for District Forest Officers' Establishments|01|Grants for District Forest Officers' Establishments|420|Raichur|2406-01-196-1-01|Raichur|V|Data|Object-Head|1017.44|1018.27|1018.27|1072.11|100.0
85|03|08|2406|Forestry and Wild Life|01|Forestry|196|Assistance to Zilla Panchayats|1|Grants for District Forest Officers' Establishments|01|Grants for District Forest Officers' Establishments|421|Yadgiri|2406-01-196-1-01|Yadgiri|V|Data|Object-Head|830.81|873.11|873.11|898.49|100.0
85|03|08|2406|Forestry and Wild Life|01|Forestry|196|Assistance to Zilla Panchayats|1|Grants for District Forest Officers' Establishments|01|Grants for District Forest Officers' Establishments|451|Davanagere|2406-01-196-1-01|Davanagere|V|Data|Object-Head|908.88|969.87|969.87|1007.28|100.0
85|03|08|2406|Forestry and Wild Life|01|Forestry|196|Assistance to Zilla Panchayats|1|Grants for District Forest Officers' Establishments|01|Grants for District Forest Officers' Establishments|452|Bengaluru South|2406-01-196-1-01|Bengaluru South|V|Data|Object-Head|672.08|744.27|744.27|738.98|100.0
85|03|08|2406|Forestry and Wild Life|01|Forestry|196|Assistance to Zilla Panchayats|1|Grants for District Forest Officers' Establishments|01|Grants for District Forest Officers' Establishments|453|Chikkaballapura|2406-01-196-1-01|Chikkaballapura|V|Data|Object-Head|831.86|891.12|891.12|858.52|100.0
85|03|08|2406|Forestry and Wild Life|01|Forestry|196|Assistance to Zilla Panchayats|1|Grants for District Forest Officers' Establishments|01|Grants for District Forest Officers' Establishments|456|Chamarajanagar|2406-01-196-1-01|Chamarajanagar|V|Data|Object-Head|597.45|650.97|650.97|683.50|100.0
85|03|08|2406|Forestry and Wild Life|01|Forestry|196|Assistance to Zilla Panchayats|1|Grants for District Forest Officers' Establishments|01|Grants for District Forest Officers' Establishments|457|Udupi|2406-01-196-1-01|Udupi|V|Data|Object-Head|275.53|315.25|315.25|334.59|100.0
85|03|08|2406|Forestry and Wild Life|01|Forestry|196|Assistance to Zilla Panchayats|1|Grants for District Forest Officers' Establishments|01|Grants for District Forest Officers' Establishments|461|Bagalkot|2406-01-196-1-01|Bagalkot|V|Data|Object-Head|1008.18|1020.23|1020.23|1102.81|100.0
86|03|08|2406|Forestry and Wild Life|01|Forestry|196|Assistance to Zilla Panchayats|1|Grants for District Forest Officers' Establishments|01|Grants for District Forest Officers' Establishments|462|Gadag|2406-01-196-1-01|Gadag|V|Data|Object-Head|942.70|1002.33|1002.33|1059.23|100.0
86|03|08|2406|Forestry and Wild Life|01|Forestry|196|Assistance to Zilla Panchayats|1|Grants for District Forest Officers' Establishments|01|Grants for District Forest Officers' Establishments|463|Haveri|2406-01-196-1-01|Haveri|V|Data|Object-Head|766.80|723.97|723.97|777.73|100.0
86|03|08|2406|Forestry and Wild Life|01|Forestry|196|Assistance to Zilla Panchayats|1|Grants for District Forest Officers' Establishments|01|Grants for District Forest Officers' Establishments|466|Koppal|2406-01-196-1-01|Koppal|V|Data|Object-Head|843.37|835.43|835.43|838.55|100.0
86|03|08|2406|Forestry and Wild Life|01|Forestry|196|Assistance to Zilla Panchayats|1|Grants for District Forest Officers' Establishments|01|Grants for District Forest Officers' Establishments|467|Vijayanagara|2406-01-196-1-01|Vijayanagara|V|Data|Object-Head|446.47|499.63|499.63|521.30|100.0
86|03|08|2406|Forestry and Wild Life|01|Forestry|196|Assistance to Zilla Panchayats|1|Grants for District Forest Officers' Establishments|01|Grants for District Forest Officers' Establishments|||2406-01-196-1-01|HOA Total :|V|Total|Detailed-Head|25702.57|27453.72|27453.72|28613.03|100.0
86|03|08|2406|Forestry and Wild Life|01|Forestry|789|Special Component Plan for Scheduled Castes|0|Development Action Plan for Scheduled Castes-Forest Dept|01|Schedule Caste Sub Plan|||2406-01-789-0-01|Development Action Plan for Scheduled Castes-Forest Dept / Schedule Caste Sub Plan|V|Header|Detailed-Head|||||100.0
86|03|08|2406|Forestry and Wild Life|01|Forestry|789|Special Component Plan for Scheduled Castes|0|Development Action Plan for Scheduled Castes-Forest Dept|01|Schedule Caste Sub Plan|422|Schedule Caste Sub Plan|2406-01-789-0-01|Schedule Caste Sub Plan|V|Data|Object-Head|249.97|300.00|300.00|300.00|100.0
86|03|08|2406|Forestry and Wild Life|01|Forestry|789|Special Component Plan for Scheduled Castes|0|Development Action Plan for Scheduled Castes-Forest Dept|01|Schedule Caste Sub Plan|||2406-01-789-0-01|HOA Total :|V|Total|Detailed-Head|249.97|300.00|300.00|300.00|100.0
86|03|08|2406|Forestry and Wild Life|01|Forestry|796|Tribal Area Sub-Plan|0|Development Action Plan for Scheduled Tribes-Forest Department|01|Tribal Sub Plan|||2406-01-796-0-01|Development Action Plan for Scheduled Tribes-Forest Department / Tribal Sub Plan|V|Header|Detailed-Head|||||100.0
86|03|08|2406|Forestry and Wild Life|01|Forestry|796|Tribal Area Sub-Plan|0|Development Action Plan for Scheduled Tribes-Forest Department|01|Tribal Sub Plan|423|Tribal Sub Plan|2406-01-796-0-01|Tribal Sub Plan|V|Data|Object-Head|249.97|700.00|700.00|700.00|100.0
86|03|08|2406|Forestry and Wild Life|01|Forestry|796|Tribal Area Sub-Plan|0|Development Action Plan for Scheduled Tribes-Forest Department|01|Tribal Sub Plan|||2406-01-796-0-01|HOA Total :|V|Total|Detailed-Head|249.97|700.00|700.00|700.00|100.0
86|03|08|2406|Forestry and Wild Life|01|Forestry|797|Transfer to Reserve Funds/Deposit Accounts|0|Transfer of Forest Development Fee to Karnataka Forest Development Fund|01|Inter Account Transfers|||2406-01-797-0-01|Transfer of Forest Development Fee to Karnataka Forest Development Fund / Inter Account Transfers|V|Header|Detailed-Head|||||100.0
86|03|08|2406|Forestry and Wild Life|01|Forestry|797|Transfer to Reserve Funds/Deposit Accounts|0|Transfer of Forest Development Fee to Karnataka Forest Development Fund|01|Inter Account Transfers|261|Inter Account Transfers|2406-01-797-0-01|Inter Account Transfers|V|Data|Object-Head||||1500.00|100.0
86|03|08|2406|Forestry and Wild Life|01|Forestry|797|Transfer to Reserve Funds/Deposit Accounts|0|Transfer of Forest Development Fee to Karnataka Forest Development Fund|01|Inter Account Transfers|261|Inter Account Transfers|2406-01-797-0-01|Inter Account Transfers|C|Data|Object-Head|736.32|1500.00|1500.00||100.0
86|03|08|2406|Forestry and Wild Life|01|Forestry|797|Transfer to Reserve Funds/Deposit Accounts|0|Transfer of Forest Development Fee to Karnataka Forest Development Fund|01|Inter Account Transfers|||2406-01-797-0-01|HOA Total :|V+C|Total|Detailed-Head|736.32|1500.00|1500.00|1500.00|100.0
86|03|08|2406|Forestry and Wild Life|01|Forestry|797|Transfer to Reserve Funds/Deposit Accounts|0|Transfer to Afforestation Receipts to Afforestation Fund for Compensatory and Environmental Losses|04|Inter Account Transfers|||2406-01-797-0-04|Transfer to Afforestation Receipts to Afforestation Fund for Compensatory and Environmental Losses / Inter Account Transfers|V|Header|Detailed-Head|||||100.0
86|03|08|2406|Forestry and Wild Life|01|Forestry|797|Transfer to Reserve Funds/Deposit Accounts|0|Transfer to Afforestation Receipts to Afforestation Fund for Compensatory and Environmental Losses|04|Inter Account Transfers|261|Inter Account Transfers|2406-01-797-0-04|Inter Account Transfers|V|Data|Object-Head|7584.89|5000.00|5000.00|1500.00|100.0
86|03|08|2406|Forestry and Wild Life|01|Forestry|797|Transfer to Reserve Funds/Deposit Accounts|0|Transfer to Afforestation Receipts to Afforestation Fund for Compensatory and Environmental Losses|04|Inter Account Transfers|||2406-01-797-0-04|HOA Total :|V|Total|Detailed-Head|7584.89|5000.00|5000.00|1500.00|100.0
87|03|08|2406|Forestry and Wild Life|01|Forestry|902|Deduct Amount met from Afforestation Fund for Compensatory and Environmental Losses|0|Deduct Amount met from Afforestation Fund for Compensatory and Environmental Losses|03|Inter Account Transfers|||2406-01-902-0-03|Deduct Amount met from Afforestation Fund for Compensatory and Environmental Losses / Inter Account Transfers||Header|Detailed-Head|||||100.0
87|03|08|2406|Forestry and Wild Life|01|Forestry|902|Deduct Amount met from Afforestation Fund for Compensatory and Environmental Losses|0|Deduct Amount met from Afforestation Fund for Compensatory and Environmental Losses|03|Inter Account Transfers|261|Inter Account Transfers|2406-01-902-0-03|Inter Account Transfers||Data|Object-Head|-2225.97|-1500.00|-1500.00|-1500.00|100.0
87|03|08|2406|Forestry and Wild Life|01|Forestry|902|Deduct Amount met from Afforestation Fund for Compensatory and Environmental Losses|0|Deduct Amount met from Afforestation Fund for Compensatory and Environmental Losses|03|Inter Account Transfers|||2406-01-902-0-03|HOA Total :||Total|Detailed-Head|-2225.97|-1500.00|-1500.00|-1500.00|100.0
87|03|08|2406|Forestry and Wild Life|01|Forestry|911|Recovery of Over Payments|0|Recovery of Over Payments|00|Recovery of Over Payments|||2406-01-911-0-00|Recovery of Over Payments / Recovery of Over Payments||Header|Detailed-Head|||||100.0
87|03|08|2406|Forestry and Wild Life|01|Forestry|911|Recovery of Over Payments|0|Recovery of Over Payments|00|Recovery of Over Payments|364|Deduct - Recoveries|2406-01-911-0-00|Deduct - Recoveries||Data|Object-Head|-0.65||||100.0
87|03|08|2406|Forestry and Wild Life|01|Forestry|911|Recovery of Over Payments|0|Recovery of Over Payments|00|Recovery of Over Payments|||2406-01-911-0-00|HOA Total :||Total|Detailed-Head|-0.65|0.00|0.00|0.00|100.0
87|03|08|2406|Forestry and Wild Life|01|Forestry|911|Recovery of Over Payments|0|Deduct Recovery of Over Payments of Current Year|01|Deduct Recovery of Over Payments of Current Year|||2406-01-911-0-01|Deduct Recovery of Over Payments of Current Year / Deduct Recovery of Over Payments of Current Year||Header|Detailed-Head|||||100.0
87|03|08|2406|Forestry and Wild Life|01|Forestry|911|Recovery of Over Payments|0|Deduct Recovery of Over Payments of Current Year|01|Deduct Recovery of Over Payments of Current Year|364|Deduct - Recoveries|2406-01-911-0-01|Deduct - Recoveries||Data|Object-Head|-22.94||||100.0
87|03|08|2406|Forestry and Wild Life|01|Forestry|911|Recovery of Over Payments|0|Deduct Recovery of Over Payments of Current Year|01|Deduct Recovery of Over Payments of Current Year|||2406-01-911-0-01|HOA Total :||Total|Detailed-Head|-22.94|0.00|0.00|0.00|100.0
87|03|08|2406|Forestry and Wild Life|01|Forestry|911|Recovery of Over Payments|0|Deduct Recovery of Over Payments of earlier Years|02|Deduct Recovery of Over Payments of earlier Years|||2406-01-911-0-02|Deduct Recovery of Over Payments of earlier Years / Deduct Recovery of Over Payments of earlier Years||Header|Detailed-Head|||||100.0
87|03|08|2406|Forestry and Wild Life|01|Forestry|911|Recovery of Over Payments|0|Deduct Recovery of Over Payments of earlier Years|02|Deduct Recovery of Over Payments of earlier Years|364|Deduct - Recoveries|2406-01-911-0-02|Deduct - Recoveries||Data|Object-Head|-11.00||||100.0
87|03|08|2406|Forestry and Wild Life|01|Forestry|911|Recovery of Over Payments|0|Deduct Recovery of Over Payments of earlier Years|02|Deduct Recovery of Over Payments of earlier Years|||2406-01-911-0-02|HOA Total :||Total|Detailed-Head|-11.00|0.00|0.00|0.00|100.0
87|03|08|2406|Forestry and Wild Life|01|Forestry|911|Recovery of Over Payments|0|SAKALA-Recovery of Compensatory Cost under the Karnataka Guarantee of Services Act|03|SAKALA-Recovery of Compensatory Cost under the Karnataka Guarantee of Services Act|||2406-01-911-0-03|SAKALA-Recovery of Compensatory Cost under the Karnataka Guarantee of Services Act / SAKALA-Recovery of Compensatory Cost under the Karnataka Guarantee of Services Act||Header|Detailed-Head|||||100.0
87|03|08|2406|Forestry and Wild Life|01|Forestry|911|Recovery of Over Payments|0|SAKALA-Recovery of Compensatory Cost under the Karnataka Guarantee of Services Act|03|SAKALA-Recovery of Compensatory Cost under the Karnataka Guarantee of Services Act|364|Deduct - Recoveries|2406-01-911-0-03|Deduct - Recoveries||Data|Object-Head|-0.22||||100.0
87|03|08|2406|Forestry and Wild Life|01|Forestry|911|Recovery of Over Payments|0|SAKALA-Recovery of Compensatory Cost under the Karnataka Guarantee of Services Act|03|SAKALA-Recovery of Compensatory Cost under the Karnataka Guarantee of Services Act|||2406-01-911-0-03|HOA Total :||Total|Detailed-Head|-0.22|0.00|0.00|0.00|100.0
88|03|08|2406|Forestry and Wild Life|01|Forestry|911|Recovery of Over Payments|0|Deduct Recovery of Over Payment of Previous years-ZP|04|Deduct Recovery of Over Payment of Previous years-ZP|||2406-01-911-0-04|Deduct Recovery of Over Payment of Previous years-ZP / Deduct Recovery of Over Payment of Previous years-ZP||Header|Detailed-Head|||||100.0
88|03|08|2406|Forestry and Wild Life|01|Forestry|911|Recovery of Over Payments|0|Deduct Recovery of Over Payment of Previous years-ZP|04|Deduct Recovery of Over Payment of Previous years-ZP|261|Inter Account Transfers|2406-01-911-0-04|Inter Account Transfers||Data|Object-Head||-3624.13|-3624.13|-4352.22|100.0
88|03|08|2406|Forestry and Wild Life|01|Forestry|911|Recovery of Over Payments|0|Deduct Recovery of Over Payment of Previous years-ZP|04|Deduct Recovery of Over Payment of Previous years-ZP|||2406-01-911-0-04|HOA Total :||Total|Detailed-Head|0.00|-3624.13|-3624.13|-4352.22|100.0
88|03|08|2406|Forestry and Wild Life|02|Environmental Forestry and Wild Life|110|Wild Life Preservation|0|Nature Conservation - Wild Life|01|Nature Conservation - Wild Life|||2406-02-110-0-01|Nature Conservation - Wild Life / Nature Conservation - Wild Life||Header|Detailed-Head|||||100.0
88|03|08|2406|Forestry and Wild Life|02|Environmental Forestry and Wild Life|110|Wild Life Preservation|0|Nature Conservation - Wild Life|01|Nature Conservation - Wild Life|015|Subsidiary Expenses|2406-02-110-0-01|Subsidiary Expenses||Data|Object-Head|4696.98|3200.00|6000.00||100.0
88|03|08|2406|Forestry and Wild Life|02|Environmental Forestry and Wild Life|110|Wild Life Preservation|0|Nature Conservation - Wild Life|01|Nature Conservation - Wild Life|051|General Expenses|2406-02-110-0-01|General Expenses||Data|Object-Head|360.00|375.00|666.37|350.00|100.0
88|03|08|2406|Forestry and Wild Life|02|Environmental Forestry and Wild Life|110|Wild Life Preservation|0|Nature Conservation - Wild Life|01|Nature Conservation - Wild Life|100|Financial Assistance/Relief|2406-02-110-0-01|Financial Assistance/Relief||Data|Object-Head||||3400.00|100.0
88|03|08|2406|Forestry and Wild Life|02|Environmental Forestry and Wild Life|110|Wild Life Preservation|0|Nature Conservation - Wild Life|01|Nature Conservation - Wild Life|140|Minor Works|2406-02-110-0-01|Minor Works||Data|Object-Head|799.98|900.00|900.00|900.00|100.0
88|03|08|2406|Forestry and Wild Life|02|Environmental Forestry and Wild Life|110|Wild Life Preservation|0|Nature Conservation - Wild Life|01|Nature Conservation - Wild Life|422|Schedule Caste Sub Plan|2406-02-110-0-01|Schedule Caste Sub Plan||Data|Object-Head||||400.00|100.0
88|03|08|2406|Forestry and Wild Life|02|Environmental Forestry and Wild Life|110|Wild Life Preservation|0|Nature Conservation - Wild Life|01|Nature Conservation - Wild Life|423|Tribal Sub Plan|2406-02-110-0-01|Tribal Sub Plan||Data|Object-Head||||200.00|100.0
88|03|08|2406|Forestry and Wild Life|02|Environmental Forestry and Wild Life|110|Wild Life Preservation|0|Nature Conservation - Wild Life|01|Nature Conservation - Wild Life|||2406-02-110-0-01|HOA Total :||Total|Detailed-Head|5856.96|4475.00|7566.37|5250.00|100.0
88|03|08|2406|Forestry and Wild Life|02|Environmental Forestry and Wild Life|110|Wild Life Preservation|0|CSS-Central Share- Project Tiger and Elephant|02|CSS-Central Share- Project Tiger and Elephant|||2406-02-110-0-02|CSS-Central Share- Project Tiger and Elephant / CSS-Central Share- Project Tiger and Elephant||Header|Detailed-Head|||||100.0
88|03|08|2406|Forestry and Wild Life|02|Environmental Forestry and Wild Life|110|Wild Life Preservation|0|CSS-Central Share- Project Tiger and Elephant|02|CSS-Central Share- Project Tiger and Elephant|140|Minor Works|2406-02-110-0-02|Minor Works||Data|Object-Head|934.95|1875.00|1875.00|1875.00|100.0
88|03|08|2406|Forestry and Wild Life|02|Environmental Forestry and Wild Life|110|Wild Life Preservation|0|CSS-Central Share- Project Tiger and Elephant|02|CSS-Central Share- Project Tiger and Elephant|422|Schedule Caste Sub Plan|2406-02-110-0-02|Schedule Caste Sub Plan||Data|Object-Head|263.18|312.50|312.50|312.50|100.0
88|03|08|2406|Forestry and Wild Life|02|Environmental Forestry and Wild Life|110|Wild Life Preservation|0|CSS-Central Share- Project Tiger and Elephant|02|CSS-Central Share- Project Tiger and Elephant|423|Tribal Sub Plan|2406-02-110-0-02|Tribal Sub Plan||Data|Object-Head|1603.13|312.50|312.50|312.50|100.0
88|03|08|2406|Forestry and Wild Life|02|Environmental Forestry and Wild Life|110|Wild Life Preservation|0|CSS-Central Share- Project Tiger and Elephant|02|CSS-Central Share- Project Tiger and Elephant|||2406-02-110-0-02|HOA Total :||Total|Detailed-Head|2801.26|2500.00|2500.00|2500.00|100.0
88|03|08|2406|Forestry and Wild Life|02|Environmental Forestry and Wild Life|110|Wild Life Preservation|0|CSS-State Share- Project Tiger and Elephant|32|CSS-State Share- Project Tiger and Elephant|||2406-02-110-0-32|CSS-State Share- Project Tiger and Elephant / CSS-State Share- Project Tiger and Elephant||Header|Detailed-Head|||||100.0
88|03|08|2406|Forestry and Wild Life|02|Environmental Forestry and Wild Life|110|Wild Life Preservation|0|CSS-State Share- Project Tiger and Elephant|32|CSS-State Share- Project Tiger and Elephant|140|Minor Works|2406-02-110-0-32|Minor Works||Data|Object-Head|829.22|1225.06|1225.06|1225.06|100.0
88|03|08|2406|Forestry and Wild Life|02|Environmental Forestry and Wild Life|110|Wild Life Preservation|0|CSS-State Share- Project Tiger and Elephant|32|CSS-State Share- Project Tiger and Elephant|422|Schedule Caste Sub Plan|2406-02-110-0-32|Schedule Caste Sub Plan||Data|Object-Head|242.23|204.58|204.58|204.58|100.0
88|03|08|2406|Forestry and Wild Life|02|Environmental Forestry and Wild Life|110|Wild Life Preservation|0|CSS-State Share- Project Tiger and Elephant|32|CSS-State Share- Project Tiger and Elephant|423|Tribal Sub Plan|2406-02-110-0-32|Tribal Sub Plan||Data|Object-Head|1462.02|203.36|203.36|203.36|100.0
88|03|08|2406|Forestry and Wild Life|02|Environmental Forestry and Wild Life|110|Wild Life Preservation|0|CSS-State Share- Project Tiger and Elephant|32|CSS-State Share- Project Tiger and Elephant|||2406-02-110-0-32|HOA Total :||Total|Detailed-Head|2533.47|1633.00|1633.00|1633.00|100.0
89|03|08|2406|Forestry and Wild Life|02|Environmental Forestry and Wild Life|110|Wild Life Preservation|0|Nature Conservation - Wild Life|46|Development of Protected Areas|||2406-02-110-0-46|Development of Protected Areas|V|Header|Detailed-Head|||||100.0
89|03|08|2406|Forestry and Wild Life|02|Environmental Forestry and Wild Life|110|Wild Life Preservation|0|Nature Conservation - Wild Life|46|Development of Protected Areas|140|Minor Works|2406-02-110-0-46|Minor Works|V|Data|Object-Head|99.98|100.00|100.00|100.00|100.0
89|03|08|2406|Forestry and Wild Life|02|Environmental Forestry and Wild Life|110|Wild Life Preservation|0|Nature Conservation - Wild Life|46|Development of Protected Areas|||2406-02-110-0-46|HOA Total :|V|Total|Detailed-Head|99.98|100.00|100.00|100.00|100.0
89|03|08|2406|Forestry and Wild Life|02|Environmental Forestry and Wild Life|110|Wild Life Preservation|0|Nature Conservation - Wild Life|47|CSS-Central Share-Integrated Development of Wild Life Habitats|||2406-02-110-0-47|CSS-Central Share-Integrated Development of Wild Life Habitats|V|Header|Detailed-Head|||||100.0
89|03|08|2406|Forestry and Wild Life|02|Environmental Forestry and Wild Life|110|Wild Life Preservation|0|Nature Conservation - Wild Life|47|CSS-Central Share-Integrated Development of Wild Life Habitats|140|Minor Works|2406-02-110-0-47|Minor Works|V|Data|Object-Head|400.42||||100.0
89|03|08|2406|Forestry and Wild Life|02|Environmental Forestry and Wild Life|110|Wild Life Preservation|0|Nature Conservation - Wild Life|47|CSS-Central Share-Integrated Development of Wild Life Habitats|422|Schedule Caste Sub Plan|2406-02-110-0-47|Schedule Caste Sub Plan|V|Data|Object-Head|200.20||||100.0
89|03|08|2406|Forestry and Wild Life|02|Environmental Forestry and Wild Life|110|Wild Life Preservation|0|Nature Conservation - Wild Life|47|CSS-Central Share-Integrated Development of Wild Life Habitats|423|Tribal Sub Plan|2406-02-110-0-47|Tribal Sub Plan|V|Data|Object-Head|200.20||||100.0
89|03|08|2406|Forestry and Wild Life|02|Environmental Forestry and Wild Life|110|Wild Life Preservation|0|Nature Conservation - Wild Life|47|CSS-Central Share-Integrated Development of Wild Life Habitats|||2406-02-110-0-47|HOA Total :|V|Total|Detailed-Head|800.82|0.00|0.00|0.00|100.0
89|03|08|2406|Forestry and Wild Life|02|Environmental Forestry and Wild Life|110|Wild Life Preservation|0|Nature Conservation - Wild Life|53|CSS-Central Share-Green India Mission|||2406-02-110-0-53|CSS-Central Share-Green India Mission|V|Header|Detailed-Head|||||100.0
89|03|08|2406|Forestry and Wild Life|02|Environmental Forestry and Wild Life|110|Wild Life Preservation|0|Nature Conservation - Wild Life|53|CSS-Central Share-Green India Mission|140|Minor Works|2406-02-110-0-53|Minor Works|V|Data|Object-Head|447.79|379.24|379.24|379.00|100.0
89|03|08|2406|Forestry and Wild Life|02|Environmental Forestry and Wild Life|110|Wild Life Preservation|0|Nature Conservation - Wild Life|53|CSS-Central Share-Green India Mission|422|Schedule Caste Sub Plan|2406-02-110-0-53|Schedule Caste Sub Plan|V|Data|Object-Head||84.83|84.83|85.00|100.0
89|03|08|2406|Forestry and Wild Life|02|Environmental Forestry and Wild Life|110|Wild Life Preservation|0|Nature Conservation - Wild Life|53|CSS-Central Share-Green India Mission|423|Tribal Sub Plan|2406-02-110-0-53|Tribal Sub Plan|V|Data|Object-Head|51.33|34.93|38.00|38.00|100.0
89|03|08|2406|Forestry and Wild Life|02|Environmental Forestry and Wild Life|110|Wild Life Preservation|0|Nature Conservation - Wild Life|53|CSS-Central Share-Green India Mission|||2406-02-110-0-53|HOA Total :|V|Total|Detailed-Head|499.12|499.00|502.07|502.00|100.0
89|03|08|2406|Forestry and Wild Life|02|Environmental Forestry and Wild Life|110|Wild Life Preservation|0|Nature Conservation - Wild Life|54|Nature Conservation, Wildlife Habitat Management|||2406-02-110-0-54|Nature Conservation, Wildlife Habitat Management|V|Header|Detailed-Head|||||100.0
89|03|08|2406|Forestry and Wild Life|02|Environmental Forestry and Wild Life|110|Wild Life Preservation|0|Nature Conservation - Wild Life|54|Nature Conservation, Wildlife Habitat Management|015|Subsidiary Expenses|2406-02-110-0-54|Subsidiary Expenses|V|Data|Object-Head|299.60|300.00|300.00|400.00|100.0
89|03|08|2406|Forestry and Wild Life|02|Environmental Forestry and Wild Life|110|Wild Life Preservation|0|Nature Conservation - Wild Life|54|Nature Conservation, Wildlife Habitat Management|034|Contract/Outsource|2406-02-110-0-54|Contract/Outsource|V|Data|Object-Head|4903.86|4716.51|7842.13|5140.31|100.0
89|03|08|2406|Forestry and Wild Life|02|Environmental Forestry and Wild Life|110|Wild Life Preservation|0|Nature Conservation - Wild Life|54|Nature Conservation, Wildlife Habitat Management|100|Financial Assistance/Relief|2406-02-110-0-54|Financial Assistance/Relief|V|Data|Object-Head|82.00|250.00|250.00|250.00|100.0
89|03|08|2406|Forestry and Wild Life|02|Environmental Forestry and Wild Life|110|Wild Life Preservation|0|Nature Conservation - Wild Life|54|Nature Conservation, Wildlife Habitat Management|106|Subsidies|2406-02-110-0-54|Subsidies|V|Data|Object-Head|98.91|100.00|100.00|100.00|100.0
89|03|08|2406|Forestry and Wild Life|02|Environmental Forestry and Wild Life|110|Wild Life Preservation|0|Nature Conservation - Wild Life|54|Nature Conservation, Wildlife Habitat Management|||2406-02-110-0-54|HOA Total :|V|Total|Detailed-Head|5384.37|5366.51|8492.13|5890.31|100.0
90|03|08|2406|Forestry and Wild Life|02|Environmental Forestry and Wild Life|110|Wild Life Preservation|0|Nature Conservation - Wild Life|55|Rehabilitation and Voluntary Acquisition of Land Program|||2406-02-110-0-55|Rehabilitation and Voluntary Acquisition of Land Program|V|Header|Detailed-Head|||||100.0
90|03|08|2406|Forestry and Wild Life|02|Environmental Forestry and Wild Life|110|Wild Life Preservation|0|Nature Conservation - Wild Life|55|Rehabilitation and Voluntary Acquisition of Land Program|059|Other Expenses|2406-02-110-0-55|Other Expenses|V|Data|Object-Head|1000.00|1000.00|1000.00|1000.00|100.0
90|03|08|2406|Forestry and Wild Life|02|Environmental Forestry and Wild Life|110|Wild Life Preservation|0|Nature Conservation - Wild Life|55|Rehabilitation and Voluntary Acquisition of Land Program|||2406-02-110-0-55|HOA Total :|V|Total|Detailed-Head|1000.00|1000.00|1000.00|1000.00|100.0
90|03|08|2406|Forestry and Wild Life|02|Environmental Forestry and Wild Life|110|Wild Life Preservation|0|Nature Conservation - Wild Life|56|CSS-State Share-Green India Mission|||2406-02-110-0-56|CSS-State Share-Green India Mission|V|Header|Detailed-Head|||||100.0
90|03|08|2406|Forestry and Wild Life|02|Environmental Forestry and Wild Life|110|Wild Life Preservation|0|Nature Conservation - Wild Life|56|CSS-State Share-Green India Mission|140|Minor Works|2406-02-110-0-56|Minor Works|V|Data|Object-Head|293.09|252.83|252.83|253.00|100.0
90|03|08|2406|Forestry and Wild Life|02|Environmental Forestry and Wild Life|110|Wild Life Preservation|0|Nature Conservation - Wild Life|56|CSS-State Share-Green India Mission|422|Schedule Caste Sub Plan|2406-02-110-0-56|Schedule Caste Sub Plan|V|Data|Object-Head||56.55|56.55|56.00|100.0
90|03|08|2406|Forestry and Wild Life|02|Environmental Forestry and Wild Life|110|Wild Life Preservation|0|Nature Conservation - Wild Life|56|CSS-State Share-Green India Mission|423|Tribal Sub Plan|2406-02-110-0-56|Tribal Sub Plan|V|Data|Object-Head|33.18|23.29|25.33|25.00|100.0
90|03|08|2406|Forestry and Wild Life|02|Environmental Forestry and Wild Life|110|Wild Life Preservation|0|Nature Conservation - Wild Life|56|CSS-State Share-Green India Mission|||2406-02-110-0-56|HOA Total :|V|Total|Detailed-Head|326.27|332.67|334.71|334.00|100.0
90|03|08|2406|Forestry and Wild Life|02|Environmental Forestry and Wild Life|110|Wild Life Preservation|0|Nature Conservation - Wild Life|57|CSS-State Share-Integrated Development of Wild Life Habitats|||2406-02-110-0-57|CSS-State Share-Integrated Development of Wild Life Habitats|V|Header|Detailed-Head|||||100.0
90|03|08|2406|Forestry and Wild Life|02|Environmental Forestry and Wild Life|110|Wild Life Preservation|0|Nature Conservation - Wild Life|57|CSS-State Share-Integrated Development of Wild Life Habitats|140|Minor Works|2406-02-110-0-57|Minor Works|V|Data|Object-Head|267.13||||100.0
90|03|08|2406|Forestry and Wild Life|02|Environmental Forestry and Wild Life|110|Wild Life Preservation|0|Nature Conservation - Wild Life|57|CSS-State Share-Integrated Development of Wild Life Habitats|422|Schedule Caste Sub Plan|2406-02-110-0-57|Schedule Caste Sub Plan|V|Data|Object-Head|133.56||||100.0
90|03|08|2406|Forestry and Wild Life|02|Environmental Forestry and Wild Life|110|Wild Life Preservation|0|Nature Conservation - Wild Life|57|CSS-State Share-Integrated Development of Wild Life Habitats|423|Tribal Sub Plan|2406-02-110-0-57|Tribal Sub Plan|V|Data|Object-Head|133.56||||100.0
90|03|08|2406|Forestry and Wild Life|02|Environmental Forestry and Wild Life|110|Wild Life Preservation|0|Nature Conservation - Wild Life|57|CSS-State Share-Integrated Development of Wild Life Habitats|||2406-02-110-0-57|HOA Total :|V|Total|Detailed-Head|534.25|0.00|0.00|0.00|100.0
90|03|08|2406|Forestry and Wild Life|02|Environmental Forestry and Wild Life|110|Wild Life Preservation|0|Nature Conservation - Wild Life|58|CSS-Central Share- Project Elephant and Project Tiger(Recurring)|||2406-02-110-0-58|CSS-Central Share- Project Elephant and Project Tiger(Recurring)|V|Header|Detailed-Head|||||100.0
90|03|08|2406|Forestry and Wild Life|02|Environmental Forestry and Wild Life|110|Wild Life Preservation|0|Nature Conservation - Wild Life|58|CSS-Central Share- Project Elephant and Project Tiger(Recurring)|140|Minor Works|2406-02-110-0-58|Minor Works|V|Data|Object-Head|||1340.13|1340.00|100.0
90|03|08|2406|Forestry and Wild Life|02|Environmental Forestry and Wild Life|110|Wild Life Preservation|0|Nature Conservation - Wild Life|58|CSS-Central Share- Project Elephant and Project Tiger(Recurring)|422|Schedule Caste Sub Plan|2406-02-110-0-58|Schedule Caste Sub Plan|V|Data|Object-Head|||167.52|167.50|100.0
90|03|08|2406|Forestry and Wild Life|02|Environmental Forestry and Wild Life|110|Wild Life Preservation|0|Nature Conservation - Wild Life|58|CSS-Central Share- Project Elephant and Project Tiger(Recurring)|423|Tribal Sub Plan|2406-02-110-0-58|Tribal Sub Plan|V|Data|Object-Head|||167.52|167.50|100.0
90|03|08|2406|Forestry and Wild Life|02|Environmental Forestry and Wild Life|110|Wild Life Preservation|0|Nature Conservation - Wild Life|58|CSS-Central Share- Project Elephant and Project Tiger(Recurring)|||2406-02-110-0-58|HOA Total :|V|Total|Detailed-Head|0.00|0.00|1675.17|1675.00|100.0
91|03|08|2406|Forestry and Wild Life|02|Environmental Forestry and Wild Life|110|Wild Life Preservation|0|Nature Conservation - Wild Life|59|CSS-State Share- Project Elephant and Project Tiger(Recurring)|||2406-02-110-0-59|CSS-State Share- Project Elephant and Project Tiger(Recurring)|V|Header|Detailed-Head|||||100.0
91|03|08|2406|Forestry and Wild Life|02|Environmental Forestry and Wild Life|110|Wild Life Preservation|0|Nature Conservation - Wild Life|59|CSS-State Share- Project Elephant and Project Tiger(Recurring)|140|Minor Works|2406-02-110-0-59|Minor Works|V|Data|Object-Head|||1340.13|1340.00|100.0
91|03|08|2406|Forestry and Wild Life|02|Environmental Forestry and Wild Life|110|Wild Life Preservation|0|Nature Conservation - Wild Life|59|CSS-State Share- Project Elephant and Project Tiger(Recurring)|422|Schedule Caste Sub Plan|2406-02-110-0-59|Schedule Caste Sub Plan|V|Data|Object-Head|||167.52|167.50|100.0
91|03|08|2406|Forestry and Wild Life|02|Environmental Forestry and Wild Life|110|Wild Life Preservation|0|Nature Conservation - Wild Life|59|CSS-State Share- Project Elephant and Project Tiger(Recurring)|423|Tribal Sub Plan|2406-02-110-0-59|Tribal Sub Plan|V|Data|Object-Head|||167.52|167.50|100.0
91|03|08|2406|Forestry and Wild Life|02|Environmental Forestry and Wild Life|110|Wild Life Preservation|0|Nature Conservation - Wild Life|59|CSS-State Share- Project Elephant and Project Tiger(Recurring)|||2406-02-110-0-59|HOA Total :|V|Total|Detailed-Head|0.00|0.00|1675.17|1675.00|100.0
91|03|08|2406|Forestry and Wild Life|02|Environmental Forestry and Wild Life|111|Karnataka Zoo Authority|0||01|Karnataka Zoo Authority|||2406-02-111-0-01|Karnataka Zoo Authority|V|Header|Detailed-Head|||||100.0
91|03|08|2406|Forestry and Wild Life|02|Environmental Forestry and Wild Life|111|Karnataka Zoo Authority|0||01|Karnataka Zoo Authority|100|Financial Assistance/Relief|2406-02-111-0-01|Financial Assistance/Relief|V|Data|Object-Head||||1700.00|100.0
91|03|08|2406|Forestry and Wild Life|02|Environmental Forestry and Wild Life|111|Karnataka Zoo Authority|0||01|Karnataka Zoo Authority|104|Contributions|2406-02-111-0-01|Contributions|V|Data|Object-Head|1500.00|1500.00|1500.00||100.0
91|03|08|2406|Forestry and Wild Life|02|Environmental Forestry and Wild Life|111|Karnataka Zoo Authority|0||01|Karnataka Zoo Authority|||2406-02-111-0-01|HOA Total :|V|Total|Detailed-Head|1500.00|1500.00|1500.00|1700.00|100.0
91|03|08|2406|Forestry and Wild Life|02|Environmental Forestry and Wild Life|797|Transfer of Receipts from Sanctuaries to PAM Fund|0||01|Transfer of Receipts from Sanctuaries to PAM Fund|||2406-02-797-0-01|Transfer of Receipts from Sanctuaries to PAM Fund|V|Header|Detailed-Head|||||100.0
91|03|08|2406|Forestry and Wild Life|02|Environmental Forestry and Wild Life|797|Transfer of Receipts from Sanctuaries to PAM Fund|0||01|Transfer of Receipts from Sanctuaries to PAM Fund|261|Inter Account Transfers|2406-02-797-0-01|Inter Account Transfers|V|Data|Object-Head|2.42|1.00|1.00|1.00|100.0
91|03|08|2406|Forestry and Wild Life|02|Environmental Forestry and Wild Life|797|Transfer of Receipts from Sanctuaries to PAM Fund|0||01|Transfer of Receipts from Sanctuaries to PAM Fund|||2406-02-797-0-01|HOA Total :|V|Total|Detailed-Head|2.42|1.00|1.00|1.00|100.0
91|03|08|2406|Forestry and Wild Life|02|Environmental Forestry and Wild Life|902|Deduct - Amount from PAM Fund|0||00|Deduct - Amount from PAM Fund|||2406-02-902-0-00|Deduct - Amount from PAM Fund|V|Header|Detailed-Head|||||100.0
91|03|08|2406|Forestry and Wild Life|02|Environmental Forestry and Wild Life|902|Deduct - Amount from PAM Fund|0||00|Deduct - Amount from PAM Fund|261|Inter Account Transfers|2406-02-902-0-00|Inter Account Transfers|V|Data|Object-Head|-99.98|-100.00|-100.00|-100.00|100.0
91|03|08|2406|Forestry and Wild Life|02|Environmental Forestry and Wild Life|902|Deduct - Amount from PAM Fund|0||00|Deduct - Amount from PAM Fund|||2406-02-902-0-00|HOA Total :|V|Total|Detailed-Head|-99.98|-100.00|-100.00|-100.00|100.0
91|03|08|2406|Forestry and Wild Life|02|Environmental Forestry and Wild Life|911|Recovery of Overpayments|0||00|Recovery of Overpayments|||2406-02-911-0-00|Recovery of Overpayments|V|Header|Detailed-Head|||||100.0
91|03|08|2406|Forestry and Wild Life|02|Environmental Forestry and Wild Life|911|Recovery of Overpayments|0||00|Recovery of Overpayments|364|Deduct - Recoveries|2406-02-911-0-00|Deduct - Recoveries|V|Data|Object-Head|-0.70||||100.0
91|03|08|2406|Forestry and Wild Life|02|Environmental Forestry and Wild Life|911|Recovery of Overpayments|0||00|Recovery of Overpayments|||2406-02-911-0-00|HOA Total :|V|Total|Detailed-Head|-0.70|0.00|0.00|0.00|100.0
92|03|08|2406|Forestry and Wild Life|04||103||1||01|Compensatory Afforestation|||2406-04-103-1-01|Compensatory Afforestation|V|Header|Detailed-Head|||||100.0
92|03|08|2406|Forestry and Wild Life|04||103||1||01|Compensatory Afforestation|140|Minor Works|2406-04-103-1-01|Minor Works|V|Data|Object-Head|6908.34|4000.00|7555.00|7000.00|100.0
92|03|08|2406|Forestry and Wild Life|04||103||1||01|Compensatory Afforestation|||2406-04-103-1-01|HOA Total :|V|Total|Detailed-Head|6908.34|4000.00|7555.00|7000.00|100.0
92|03|08|2406|Forestry and Wild Life|04||103||1||02|Catchment Area Treatment Plan|||2406-04-103-1-02|Catchment Area Treatment Plan|V|Header|Detailed-Head|||||100.0
92|03|08|2406|Forestry and Wild Life|04||103||1||02|Catchment Area Treatment Plan|140|Minor Works|2406-04-103-1-02|Minor Works|V|Data|Object-Head|66.80|75.00|156.00|75.00|100.0
92|03|08|2406|Forestry and Wild Life|04||103||1||02|Catchment Area Treatment Plan|||2406-04-103-1-02|HOA Total :|V|Total|Detailed-Head|66.80|75.00|156.00|75.00|100.0
92|03|08|2406|Forestry and Wild Life|04||103||1||04|Net Present Value of Forest Land|||2406-04-103-1-04|Net Present Value of Forest Land|V|Header|Detailed-Head|||||100.0
92|03|08|2406|Forestry and Wild Life|04||103||1||04|Net Present Value of Forest Land|140|Minor Works|2406-04-103-1-04|Minor Works|V|Data|Object-Head|8257.40|2500.00|2500.00|2051.00|100.0
92|03|08|2406|Forestry and Wild Life|04||103||1||04|Net Present Value of Forest Land|||2406-04-103-1-04|HOA Total :|V|Total|Detailed-Head|8257.40|2500.00|2500.00|2051.00|100.0
92|03|08|2406|Forestry and Wild Life|04||103||1||05|Works undertaken out of the interest earned from SCAF|||2406-04-103-1-05|Works undertaken out of the interest earned from SCAF|V|Header|Detailed-Head|||||100.0
92|03|08|2406|Forestry and Wild Life|04||103||1||05|Works undertaken out of the interest earned from SCAF|034|Contract/Outsource|2406-04-103-1-05|Contract/Outsource|V|Data|Object-Head|27.51|38.20|60.00|28.48|100.0
92|03|08|2406|Forestry and Wild Life|04||103||1||05|Works undertaken out of the interest earned from SCAF|041|Travel Expenses|2406-04-103-1-05|Travel Expenses|V|Data|Object-Head|4.30|6.00|6.00|3.00|100.0
92|03|08|2406|Forestry and Wild Life|04||103||1||05|Works undertaken out of the interest earned from SCAF|050|Office Expenses|2406-04-103-1-05|Office Expenses|V|Data|Object-Head||20.00|35.00|10.00|100.0
92|03|08|2406|Forestry and Wild Life|04||103||1||05|Works undertaken out of the interest earned from SCAF|051|General Expenses|2406-04-103-1-05|General Expenses|V|Data|Object-Head|21.00|1.00|1.00|1.00|100.0
92|03|08|2406|Forestry and Wild Life|04||103||1||05|Works undertaken out of the interest earned from SCAF|052|Telephone Charges|2406-04-103-1-05|Telephone Charges|V|Data|Object-Head|0.19||||100.0
92|03|08|2406|Forestry and Wild Life|04||103||1||05|Works undertaken out of the interest earned from SCAF|071|Building Expenses|2406-04-103-1-05|Building Expenses|V|Data|Object-Head|||40.00||100.0
92|03|08|2406|Forestry and Wild Life|04||103||1||05|Works undertaken out of the interest earned from SCAF|140|Minor Works|2406-04-103-1-05|Minor Works|V|Data|Object-Head|2500.37|5000.00|5000.00|2100.00|100.0
92|03|08|2406|Forestry and Wild Life|04||103||1||05|Works undertaken out of the interest earned from SCAF|195|Transport Expenses|2406-04-103-1-05|Transport Expenses|V|Data|Object-Head|8.00|8.00|8.00|5.00|100.0
92|03|08|2406|Forestry and Wild Life|04||103||1||05|Works undertaken out of the interest earned from SCAF|||2406-04-103-1-05|HOA Total :|V|Total|Detailed-Head|2561.37|5073.20|5150.00|2147.48|100.0
92|03|08|2406|Forestry and Wild Life|04||103||1||06|Other Works undertaken under SCAF|||2406-04-103-1-06|Other Works undertaken under SCAF|V|Header|Detailed-Head|||||100.0
92|03|08|2406|Forestry and Wild Life|04||103||1||06|Other Works undertaken under SCAF|140|Minor Works|2406-04-103-1-06|Minor Works|V|Data|Object-Head|5560.40|1200.00|22085.00|1200.00|100.0
92|03|08|2406|Forestry and Wild Life|04||103||1||06|Other Works undertaken under SCAF|||2406-04-103-1-06|HOA Total :|V|Total|Detailed-Head|5560.40|1200.00|22085.00|1200.00|100.0
93|03|08|2406|Forestry and Wild Life|04||904||1||01|Deduct Amount met from SCAF-Compensatory Afforestation|||2406-04-904-1-01|Deduct Amount met from SCAF-Compensatory Afforestation|V|Header|Detailed-Head|||||100.0
93|03|08|2406|Forestry and Wild Life|04||904||1||01|Deduct Amount met from SCAF-Compensatory Afforestation|261|Inter Account Transfers|2406-04-904-1-01|Inter Account Transfers|V|Data|Object-Head|-6908.34|-4000.00|-7555.00|-7000.00|100.0
93|03|08|2406|Forestry and Wild Life|04||904||1||01|Deduct Amount met from SCAF-Compensatory Afforestation|||2406-04-904-1-01|HOA Total :|V|Total|Detailed-Head|-6908.34|-4000.00|-7555.00|-7000.00|100.0
93|03|08|2406|Forestry and Wild Life|04||904||1||02|Deduct Amount met from SCAF (Catchment Area Treatment Plan)|||2406-04-904-1-02|Deduct Amount met from SCAF (Catchment Area Treatment Plan)|V|Header|Detailed-Head|||||100.0
93|03|08|2406|Forestry and Wild Life|04||904||1||02|Deduct Amount met from SCAF (Catchment Area Treatment Plan)|261|Inter Account Transfers|2406-04-904-1-02|Inter Account Transfers|V|Data|Object-Head|-66.81|-75.00|-156.00|-75.00|100.0
93|03|08|2406|Forestry and Wild Life|04||904||1||02|Deduct Amount met from SCAF (Catchment Area Treatment Plan)|||2406-04-904-1-02|HOA Total :|V|Total|Detailed-Head|-66.81|-75.00|-156.00|-75.00|100.0
93|03|08|2406|Forestry and Wild Life|04||904||1||04|Deduct Amount met from SCAF (Net Present Value of Forest Land)|||2406-04-904-1-04|Deduct Amount met from SCAF (Net Present Value of Forest Land)|V|Header|Detailed-Head|||||100.0
93|03|08|2406|Forestry and Wild Life|04||904||1||04|Deduct Amount met from SCAF (Net Present Value of Forest Land)|261|Inter Account Transfers|2406-04-904-1-04|Inter Account Transfers|V|Data|Object-Head|-8257.40|-2500.00|-2500.00|-2051.00|100.0
93|03|08|2406|Forestry and Wild Life|04||904||1||04|Deduct Amount met from SCAF (Net Present Value of Forest Land)|||2406-04-904-1-04|HOA Total :|V|Total|Detailed-Head|-8257.40|-2500.00|-2500.00|-2051.00|100.0
93|03|08|2406|Forestry and Wild Life|04||904||1||05|Deduct Amount met from SCAF (Interest)|||2406-04-904-1-05|Deduct Amount met from SCAF (Interest)|V|Header|Detailed-Head|||||100.0
93|03|08|2406|Forestry and Wild Life|04||904||1||05|Deduct Amount met from SCAF (Interest)|261|Inter Account Transfers|2406-04-904-1-05|Inter Account Transfers|V|Data|Object-Head|-2561.36|-5073.20|-5150.00|-2147.48|100.0
93|03|08|2406|Forestry and Wild Life|04||904||1||05|Deduct Amount met from SCAF (Interest)|||2406-04-904-1-05|HOA Total :|V|Total|Detailed-Head|-2561.36|-5073.20|-5150.00|-2147.48|100.0
93|03|08|2406|Forestry and Wild Life|04||904||1||06|Deduct Amount met from SCAF (Others)|||2406-04-904-1-06|Deduct Amount met from SCAF (Others)|V|Header|Detailed-Head|||||100.0
93|03|08|2406|Forestry and Wild Life|04||904||1||06|Deduct Amount met from SCAF (Others)|261|Inter Account Transfers|2406-04-904-1-06|Inter Account Transfers|V|Data|Object-Head|-5560.40|-1200.00|-22085.00|-1200.00|100.0
93|03|08|2406|Forestry and Wild Life|04||904||1||06|Deduct Amount met from SCAF (Others)|||2406-04-904-1-06|HOA Total :|V|Total|Detailed-Head|-5560.40|-1200.00|-22085.00|-1200.00|100.0
93|03|08|2406|Forestry and Wild Life|04||||||||||2406|2406 - Total :|V|Total|Major-Head|155375.28|184465.73|194159.62|197331.74|
94|03|08|4406|Capital Outlay on Forestry & Wild Life|01||||||||||4406|Capital Outlay on Forestry & Wild Life|V|Header|Major-Head|||||
94|03|08|4406|Capital Outlay on Forestry & Wild Life|01||070||0||02|Infrastructure Development|||4406-01-070-0-02|Infrastructure Development|V|Header|Detailed-Head|||||100.0
94|03|08|4406|Capital Outlay on Forestry & Wild Life|01||070||0||02|Infrastructure Development|053|Purchase of Furniture and Fixture for Office|4406-01-070-0-02|Purchase of Furniture and Fixture for Office|V|Data|Object-Head||50.00|50.00|30.00|100.0
94|03|08|4406|Capital Outlay on Forestry & Wild Life|01||070||0||02|Infrastructure Development|125|Modernisation|4406-01-070-0-02|Modernisation|V|Data|Object-Head|200.00||||100.0
94|03|08|4406|Capital Outlay on Forestry & Wild Life|01||070||0||02|Infrastructure Development|132|Other Capital Expenses|4406-01-070-0-02|Other Capital Expenses|V|Data|Object-Head||200.00|200.00|100.00|100.0
94|03|08|4406|Capital Outlay on Forestry & Wild Life|01||070||0||02|Infrastructure Development|147|Land & Buildings|4406-01-070-0-02|Land & Buildings|V|Data|Object-Head|999.99|1800.00|1800.00||100.0
94|03|08|4406|Capital Outlay on Forestry & Wild Life|01||070||0||02|Infrastructure Development|180|Machinery and Equipments|4406-01-070-0-02|Machinery and Equipments|V|Data|Object-Head|30.98|15.00|15.00|25.00|100.0
94|03|08|4406|Capital Outlay on Forestry & Wild Life|01||070||0||02|Infrastructure Development|386|Purchase/Construction of Buildings|4406-01-070-0-02|Purchase/Construction of Buildings|V|Data|Object-Head||||2500.00|100.0
94|03|08|4406|Capital Outlay on Forestry & Wild Life|01||070||0||02|Infrastructure Development|||4406-01-070-0-02|HOA Total :|V|Total|Detailed-Head|1230.97|2065.00|2065.00|2655.00|100.0
94|03|08|4406|Capital Outlay on Forestry & Wild Life|01||101||0||01|Survey & Demarcation, Forest Protection, Wildlife Management and Man-Animal Conflict Measures|||4406-01-101-0-01|Survey & Demarcation, Forest Protection, Wildlife Management and Man-Animal Conflict Measures|V|Header|Detailed-Head|||||100.0
94|03|08|4406|Capital Outlay on Forestry & Wild Life|01||101||0||01|Survey & Demarcation, Forest Protection, Wildlife Management and Man-Animal Conflict Measures|132|Other Capital Expenses|4406-01-101-0-01|Other Capital Expenses|V|Data|Object-Head|5998.92|6000.00|6000.00|14800.00|100.0
94|03|08|4406|Capital Outlay on Forestry & Wild Life|01||101||0||01|Survey & Demarcation, Forest Protection, Wildlife Management and Man-Animal Conflict Measures|139|Major Works|4406-01-101-0-01|Major Works|V|Data|Object-Head|6798.69|8800.00|5983.03||100.0
94|03|08|4406|Capital Outlay on Forestry & Wild Life|01||101||0||01|Survey & Demarcation, Forest Protection, Wildlife Management and Man-Animal Conflict Measures|140|Minor Works|4406-01-101-0-01|Minor Works|V|Data|Object-Head|1995.65||||100.0
94|03|08|4406|Capital Outlay on Forestry & Wild Life|01||101||0||01|Survey & Demarcation, Forest Protection, Wildlife Management and Man-Animal Conflict Measures|||4406-01-101-0-01|HOA Total :|V|Total|Detailed-Head|14793.26|14800.00|11983.03|14800.00|100.0
94|03|08|4406|Capital Outlay on Forestry & Wild Life|01||101||0||02|Flexi Fund|||4406-01-101-0-02|Flexi Fund|V|Header|Detailed-Head|||||100.0
94|03|08|4406|Capital Outlay on Forestry & Wild Life|01||101||0||02|Flexi Fund|132|Other Capital Expenses|4406-01-101-0-02|Other Capital Expenses|V|Data|Object-Head||20000.00|20000.00|20000.00|100.0
94|03|08|4406|Capital Outlay on Forestry & Wild Life|01||101||0||02|Flexi Fund|139|Major Works|4406-01-101-0-02|Major Works|V|Data|Object-Head|37642.34||||100.0
94|03|08|4406|Capital Outlay on Forestry & Wild Life|01||101||0||02|Flexi Fund|180|Machinery and Equipments|4406-01-101-0-02|Machinery and Equipments|V|Data|Object-Head|249.70|260.00|260.00|260.00|100.0
94|03|08|4406|Capital Outlay on Forestry & Wild Life|01||101||0||02|Flexi Fund|||4406-01-101-0-02|HOA Total :|V|Total|Detailed-Head|37892.04|20260.00|20260.00|20260.00|100.0
94|03|08|4406|Capital Outlay on Forestry & Wild Life|01||101||0||03|Afforestation on Forest Areas|||4406-01-101-0-03|Afforestation on Forest Areas|V|Header|Detailed-Head|||||100.0
94|03|08|4406|Capital Outlay on Forestry & Wild Life|01||101||0||03|Afforestation on Forest Areas|132|Other Capital Expenses|4406-01-101-0-03|Other Capital Expenses|V|Data|Object-Head||||16200.00|100.0
95|03|08|4406|Capital Outlay on Forestry & Wild Life|01||101||0||03|Afforestation on Forest Areas|139|Major Works|4406-01-101-0-03|Major Works|V|Data|Object-Head|16198.29|16200.00|16200.00||100.0
95|03|08|4406|Capital Outlay on Forestry & Wild Life|01||101||0||03|Afforestation on Forest Areas|||4406-01-101-0-03|HOA Total :|V|Total|Detailed-Head|16198.29|16200.00|16200.00|16200.00|100.0
95|03|08|4406|Capital Outlay on Forestry & Wild Life|01||101||0||04|Afforestation in Non-Forest Areas|||4406-01-101-0-04|Afforestation in Non-Forest Areas|V|Header|Detailed-Head|||||100.0
95|03|08|4406|Capital Outlay on Forestry & Wild Life|01||101||0||04|Afforestation in Non-Forest Areas|132|Other Capital Expenses|4406-01-101-0-04|Other Capital Expenses|V|Data|Object-Head||||6500.00|100.0
95|03|08|4406|Capital Outlay on Forestry & Wild Life|01||101||0||04|Afforestation in Non-Forest Areas|139|Major Works|4406-01-101-0-04|Major Works|V|Data|Object-Head|6496.56|6500.00|6500.00||100.0
95|03|08|4406|Capital Outlay on Forestry & Wild Life|01||101||0||04|Afforestation in Non-Forest Areas|||4406-01-101-0-04|HOA Total :|V|Total|Detailed-Head|6496.56|6500.00|6500.00|6500.00|100.0
95|03|08|4406|Capital Outlay on Forestry & Wild Life|01||101||0||05|Tree Park Program|||4406-01-101-0-05|Tree Park Program|V|Header|Detailed-Head|||||100.0
95|03|08|4406|Capital Outlay on Forestry & Wild Life|01||101||0||05|Tree Park Program|132|Other Capital Expenses|4406-01-101-0-05|Other Capital Expenses|V|Data|Object-Head||||2000.00|100.0
95|03|08|4406|Capital Outlay on Forestry & Wild Life|01||101||0||05|Tree Park Program|139|Major Works|4406-01-101-0-05|Major Works|V|Data|Object-Head|1999.94|2000.00|2000.00||100.0
95|03|08|4406|Capital Outlay on Forestry & Wild Life|01||101||0||05|Tree Park Program|||4406-01-101-0-05|HOA Total :|V|Total|Detailed-Head|1999.94|2000.00|2000.00|2000.00|100.0
95|03|08|4406|Capital Outlay on Forestry & Wild Life|01||902||0||01|Deduct-Amount Met from Forest Development Fund.|||4406-01-902-0-01|Deduct-Amount Met from Forest Development Fund.|V|Header|Detailed-Head|||||100.0
95|03|08|4406|Capital Outlay on Forestry & Wild Life|01||902||0||01|Deduct-Amount Met from Forest Development Fund.|261|Inter Account Transfers|4406-01-902-0-01|Inter Account Transfers|V|Data|Object-Head|-30000.00|-20000.00|-20000.00|-22000.00|100.0
95|03|08|4406|Capital Outlay on Forestry & Wild Life|01||902||0||01|Deduct-Amount Met from Forest Development Fund.|||4406-01-902-0-01|HOA Total :|V|Total|Detailed-Head|-30000.00|-20000.00|-20000.00|-22000.00|100.0
95|03|08|4406|Capital Outlay on Forestry & Wild Life|02||110||0||01|CSS-Central Share-Integrated Development of Wild Life Habitats|||4406-02-110-0-01|CSS-Central Share-Integrated Development of Wild Life Habitats|V|Header|Detailed-Head|||||100.0
95|03|08|4406|Capital Outlay on Forestry & Wild Life|02||110||0||01|CSS-Central Share-Integrated Development of Wild Life Habitats|132|Other Capital Expenses|4406-02-110-0-01|Other Capital Expenses|V|Data|Object-Head||||1100.00|100.0
95|03|08|4406|Capital Outlay on Forestry & Wild Life|02||110||0||01|CSS-Central Share-Integrated Development of Wild Life Habitats|139|Major Works|4406-02-110-0-01|Major Works|V|Data|Object-Head||1100.00|1100.00||100.0
95|03|08|4406|Capital Outlay on Forestry & Wild Life|02||110||0||01|CSS-Central Share-Integrated Development of Wild Life Habitats|422|Schedule Caste Sub Plan|4406-02-110-0-01|Schedule Caste Sub Plan|V|Data|Object-Head||229.00|229.00|229.00|100.0
95|03|08|4406|Capital Outlay on Forestry & Wild Life|02||110||0||01|CSS-Central Share-Integrated Development of Wild Life Habitats|423|Tribal Sub Plan|4406-02-110-0-01|Tribal Sub Plan|V|Data|Object-Head||229.00|229.00|229.00|100.0
95|03|08|4406|Capital Outlay on Forestry & Wild Life|02||110||0||01|CSS-Central Share-Integrated Development of Wild Life Habitats|||4406-02-110-0-01|HOA Total :|V|Total|Detailed-Head|0.00|1558.00|1558.00|1558.00|100.0
96|03|08|4406|Capital Outlay on Forestry & Wild Life|02|Environmental Forestry and Wild Life|110|Wild Life|0||02|CSS-State Share-Integrated Development of Wild Life Habitats||||4406-02-110-0-02|CSS-State Share-Integrated Development of Wild Life Habitats|Header|Detailed-Head|||||100.0
96|03|08|4406|Capital Outlay on Forestry & Wild Life|02|Environmental Forestry and Wild Life|110|Wild Life|0||02|CSS-State Share-Integrated Development of Wild Life Habitats|132|Other Capital Expenses|4406-02-110-0-02|Other Capital Expenses|V|Data|Object-Head||||762.00|100.0
96|03|08|4406|Capital Outlay on Forestry & Wild Life|02|Environmental Forestry and Wild Life|110|Wild Life|0||02|CSS-State Share-Integrated Development of Wild Life Habitats|139|Major Works|4406-02-110-0-02|Major Works|V|Data|Object-Head||762.00|762.00||100.0
96|03|08|4406|Capital Outlay on Forestry & Wild Life|02|Environmental Forestry and Wild Life|110|Wild Life|0||02|CSS-State Share-Integrated Development of Wild Life Habitats|422|Schedule Caste Sub Plan|4406-02-110-0-02|Schedule Caste Sub Plan|V|Data|Object-Head||228.00|228.00|228.00|100.0
96|03|08|4406|Capital Outlay on Forestry & Wild Life|02|Environmental Forestry and Wild Life|110|Wild Life|0||02|CSS-State Share-Integrated Development of Wild Life Habitats|423|Tribal Sub Plan|4406-02-110-0-02|Tribal Sub Plan|V|Data|Object-Head||228.00|228.00|228.00|100.0
96|03|08|4406|Capital Outlay on Forestry & Wild Life|02|Environmental Forestry and Wild Life|110|Wild Life|0||02|CSS-State Share-Integrated Development of Wild Life Habitats|||4406-02-110-0-02|HOA Total :|V|Total|Detailed-Head|0.00|1218.00|1218.00|1218.00|100.0
96|03|08|4406|Capital Outlay on Forestry & Wild Life|02|Environmental Forestry and Wild Life|||||||||4406-02-110-0-02|4406 - Total :|V|Total|Major-Head|48611.06|44601.00|41784.03|43191.00|
97|03|08|3435|Ecology and Environment|03||003||0||01|Environmement Research Education & Innovative Projects||||Environmement Research Education & Innovative Projects|V|Header|Detailed-Head|||||100.0
97|03|08|3435|Ecology and Environment|03||003||0||01|Environmement Research Education & Innovative Projects|103|Grants-in-Aid -General|3435-03-003-0-01|Grants-in-Aid -General|V|Data|Object-Head|4.13|8.00|8.00|8.00|100.0
97|03|08|3435|Ecology and Environment|03||003||0||01|Environmement Research Education & Innovative Projects||||HOA Total :|V|Total|Detailed-Head|4.13|8.00|8.00|8.00|100.0
97|03|08|3435|Ecology and Environment|03||003||0||15|Environment Management & Policy Research Institute||||Environment Management & Policy Research Institute|V|Header|Detailed-Head|||||100.0
97|03|08|3435|Ecology and Environment|03||003||0||15|Environment Management & Policy Research Institute|101|Grants-in-Aid-Salaries|3435-03-003-0-15|Grants-in-Aid-Salaries|V|Data|Object-Head|11.50|108.49|108.49|155.75|100.0
97|03|08|3435|Ecology and Environment|03||003||0||15|Environment Management & Policy Research Institute|103|Grants-in-Aid -General|3435-03-003-0-15|Grants-in-Aid -General|V|Data|Object-Head|66.66|200.00|200.00|200.00|100.0
97|03|08|3435|Ecology and Environment|03||003||0||15|Environment Management & Policy Research Institute|115|GIA Contract /Outsource|3435-03-003-0-15|GIA Contract /Outsource|V|Data|Object-Head|206.98|208.72|208.72|210.69|100.0
97|03|08|3435|Ecology and Environment|03||003||0||15|Environment Management & Policy Research Institute||||HOA Total :|V|Total|Detailed-Head|285.14|517.21|517.21|566.44|100.0
97|03|08|3435|Ecology and Environment|03||003||0||50|Vacant Post Provision||||Vacant Post Provision|V|Header|Detailed-Head|||||100.0
97|03|08|3435|Ecology and Environment|03||003||0||50|Vacant Post Provision|014|Other Allowance|3435-03-003-0-50|Other Allowance|V|Data|Object-Head||732.84|675.53|898.84|100.0
97|03|08|3435|Ecology and Environment|03||003||0||50|Vacant Post Provision||||HOA Total :|V|Total|Detailed-Head|0.00|732.84|675.53|898.84|100.0
97|03|08|3435|Ecology and Environment|03||101||0||03|Grant-in-Aid to State Environment Impact Assessment Authority(SEIAA)||||Grant-in-Aid to State Environment Impact Assessment Authority(SEIAA)|V|Header|Detailed-Head|||||100.0
97|03|08|3435|Ecology and Environment|03||101||0||03|Grant-in-Aid to State Environment Impact Assessment Authority(SEIAA)|103|Grants-in-Aid -General|3435-03-101-0-03|Grants-in-Aid -General|V|Data|Object-Head|40.00|42.00|42.00|42.00|100.0
97|03|08|3435|Ecology and Environment|03||101||0||03|Grant-in-Aid to State Environment Impact Assessment Authority(SEIAA)|115|GIA Contract /Outsource|3435-03-101-0-03|GIA Contract /Outsource|V|Data|Object-Head|45.17|46.80|46.80|48.12|100.0
97|03|08|3435|Ecology and Environment|03||101||0||03|Grant-in-Aid to State Environment Impact Assessment Authority(SEIAA)||||HOA Total :|V|Total|Detailed-Head|85.17|88.80|88.80|90.12|100.0
97|03|08|3435|Ecology and Environment|03||103||0||06|Protection of Bio-diversity in the State||||Protection of Bio-diversity in the State|V|Header|Detailed-Head|||||100.0
97|03|08|3435|Ecology and Environment|03||103||0||06|Protection of Bio-diversity in the State|101|Grants-in-Aid-Salaries|3435-03-103-0-06|Grants-in-Aid-Salaries|V|Data|Object-Head|100.59|104.37|104.37|65.96|100.0
97|03|08|3435|Ecology and Environment|03||103||0||06|Protection of Bio-diversity in the State|103|Grants-in-Aid -General|3435-03-103-0-06|Grants-in-Aid -General|V|Data|Object-Head|113.34|170.00|170.00|150.00|100.0
97|03|08|3435|Ecology and Environment|03||103||0||06|Protection of Bio-diversity in the State|115|GIA Contract /Outsource|3435-03-103-0-06|GIA Contract /Outsource|V|Data|Object-Head|71.60|65.21|65.21|83.72|100.0
97|03|08|3435|Ecology and Environment|03||103||0||06|Protection of Bio-diversity in the State||||HOA Total :|V|Total|Detailed-Head|285.53|339.58|339.58|299.68|100.0
98|03|08|3435|Ecology and Environment|03||103||0||07|Grant-in-aid to Karnataka State Appellate Authority||||Grant-in-aid to Karnataka State Appellate Authority|V|Header|Detailed-Head|||||100.0
98|03|08|3435|Ecology and Environment|03||103||0||07|Grant-in-aid to Karnataka State Appellate Authority|103|Grants-in-Aid -General|3435-03-103-0-07|Grants-in-Aid -General|V|Data|Object-Head|50.00|50.00|50.00|50.00|100.0
98|03|08|3435|Ecology and Environment|03||103||0||07|Grant-in-aid to Karnataka State Appellate Authority|115|GIA Contract /Outsource|3435-03-103-0-07|GIA Contract /Outsource|V|Data|Object-Head|8.86|12.17|12.17|12.58|100.0
98|03|08|3435|Ecology and Environment|03||103||0||07|Grant-in-aid to Karnataka State Appellate Authority||||HOA Total :|V|Total|Detailed-Head|58.86|62.17|62.17|62.58|100.0
98|03|08|3435|Ecology and Environment|03||911||0||01|Deduct Recovery of Over Payments of Current Year||||Deduct Recovery of Over Payments of Current Year|V|Header|Detailed-Head|||||100.0
98|03|08|3435|Ecology and Environment|03||911||0||01|Deduct Recovery of Over Payments of Current Year|364|Deduct - Recoveries|3435-03-911-0-01|Deduct - Recoveries|V|Data|Object-Head|-1.26||||100.0
98|03|08|3435|Ecology and Environment|03||911||0||01|Deduct Recovery of Over Payments of Current Year||||HOA Total :|V|Total|Detailed-Head|-1.26|0.00|0.00|0.00|100.0
98|03|08|3435|Ecology and Environment|03||911||0||02|Deduct- Recoveries of Over Payment of Previous Years||||Deduct- Recoveries of Over Payment of Previous Years|V|Header|Detailed-Head|||||100.0
98|03|08|3435|Ecology and Environment|03||911||0||02|Deduct- Recoveries of Over Payment of Previous Years|364|Deduct - Recoveries|3435-03-911-0-02|Deduct - Recoveries|V|Data|Object-Head|-0.13||||100.0
98|03|08|3435|Ecology and Environment|03||911||0||02|Deduct- Recoveries of Over Payment of Previous Years||||HOA Total :|V|Total|Detailed-Head|-0.13|0.00|0.00|0.00|100.0
98|03|08|3435|Ecology and Environment|60||800||0||03|Coastal Management||||Coastal Management|V|Header|Detailed-Head|||||100.0
98|03|08|3435|Ecology and Environment|60||800||0||03|Coastal Management|002|Basic Pay|3435-60-800-0-03|Basic Pay|V|Data|Object-Head|42.11|22.00|65.35|58.00|100.0
98|03|08|3435|Ecology and Environment|60||800||0||03|Coastal Management|004|Interim Relief|3435-60-800-0-03|Interim Relief|V|Data|Object-Head|2.64||||100.0
98|03|08|3435|Ecology and Environment|60||800||0||03|Coastal Management|011|Dearness Allowance|3435-60-800-0-03|Dearness Allowance|V|Data|Object-Head|9.35|5.00|10.12|15.00|100.0
98|03|08|3435|Ecology and Environment|60||800||0||03|Coastal Management|014|Other Allowance|3435-60-800-0-03|Other Allowance|V|Data|Object-Head|5.80|4.00|12.84|7.00|100.0
98|03|08|3435|Ecology and Environment|60||800||0||03|Coastal Management|021|Reimbursement of Medical Expenses|3435-60-800-0-03|Reimbursement of Medical Expenses|V|Data|Object-Head||3.00|3.00|3.00|100.0
98|03|08|3435|Ecology and Environment|60||800||0||03|Coastal Management|034|Contract/Outsource|3435-60-800-0-03|Contract/Outsource|V|Data|Object-Head|35.59|48.25|48.25|49.32|100.0
98|03|08|3435|Ecology and Environment|60||800||0||03|Coastal Management|041|Travel Expenses|3435-60-800-0-03|Travel Expenses|V|Data|Object-Head|1.73|4.00|4.00|4.00|100.0
98|03|08|3435|Ecology and Environment|60||800||0||03|Coastal Management|050|Office Expenses|3435-60-800-0-03|Office Expenses|V|Data|Object-Head||1.00|1.00|1.00|100.0
98|03|08|3435|Ecology and Environment|60||800||0||03|Coastal Management|051|General Expenses|3435-60-800-0-03|General Expenses|V|Data|Object-Head|77.27|6.00|6.00|8.00|100.0
98|03|08|3435|Ecology and Environment|60||800||0||03|Coastal Management|052|Telephone Charges|3435-60-800-0-03|Telephone Charges|V|Data|Object-Head|0.24||||100.0
98|03|08|3435|Ecology and Environment|60||800||0||03|Coastal Management|071|Building Expenses|3435-60-800-0-03|Building Expenses|V|Data|Object-Head|5.46|7.00|7.00|4.75|100.0
99|03|08|3435|Ecology and Environment|60||800||0||03|Coastal Management|195|Transport Expenses|3435-60-800-0-03|Transport Expenses|V|Data|Object-Head|12.59|15.30|15.30|16.98|100.0
99|03|08|3435|Ecology and Environment|60||800||0||03|Coastal Management|||3435-60-800-0-03|HOA Total :|V|Total|Detailed-Head|192.78|115.55|172.86|167.05|100.0
99|03|08|3435|Ecology and Environment|||||||||||3435|3435 - Total :|V|Total|Major-Head|910.22|1864.15|1864.15|2092.71|
100|03|09|2425|Co-operation|00||001||0||01|Registrar of Co- Operative Societies|||2425-00-001-0-01|Registrar of Co- Operative Societies|V|Header|Detailed-Head|||||100.0
100|03|09|2425|Co-operation|00||001||0||01|Registrar of Co- Operative Societies|002|Basic Pay|2425-00-001-0-01|Basic Pay|V|Data|Object-Head|2826.17|7345.00|7648.87|7455.00|100.0
100|03|09|2425|Co-operation|00||001||0||01|Registrar of Co- Operative Societies|003|Basic Pay-Staff|2425-00-001-0-01|Basic Pay-Staff|V|Data|Object-Head|3067.43||||100.0
100|03|09|2425|Co-operation|00||001||0||01|Registrar of Co- Operative Societies|004|Interim Relief|2425-00-001-0-01|Interim Relief|V|Data|Object-Head|371.16||||100.0
100|03|09|2425|Co-operation|00||001||0||01|Registrar of Co- Operative Societies|011|Dearness Allowance|2425-00-001-0-01|Dearness Allowance|V|Data|Object-Head|1360.35|1625.00|1668.30|1873.00|100.0
100|03|09|2425|Co-operation|00||001||0||01|Registrar of Co- Operative Societies|014|Other Allowance|2425-00-001-0-01|Other Allowance|V|Data|Object-Head|776.63|958.00|1027.32|909.00|100.0
100|03|09|2425|Co-operation|00||001||0||01|Registrar of Co- Operative Societies|015|Subsidiary Expenses|2425-00-001-0-01|Subsidiary Expenses|V|Data|Object-Head|2.70|5.00|5.00|4.00|100.0
100|03|09|2425|Co-operation|00||001||0||01|Registrar of Co- Operative Societies|020|Medical Allowance|2425-00-001-0-01|Medical Allowance|V|Data|Object-Head|25.28||||100.0
100|03|09|2425|Co-operation|00||001||0||01|Registrar of Co- Operative Societies|021|Reimbursement of Medical Expenses|2425-00-001-0-01|Reimbursement of Medical Expenses|V|Data|Object-Head|20.59|68.00|68.00|67.00|100.0
100|03|09|2425|Co-operation|00||001||0||01|Registrar of Co- Operative Societies|034|Contract/Outsource|2425-00-001-0-01|Contract/Outsource|V|Data|Object-Head|430.63|463.09|463.09|479.37|100.0
100|03|09|2425|Co-operation|00||001||0||01|Registrar of Co- Operative Societies|041|Travel Expenses|2425-00-001-0-01|Travel Expenses|V|Data|Object-Head|30.92|50.00|50.00|50.00|100.0
100|03|09|2425|Co-operation|00||001||0||01|Registrar of Co- Operative Societies|050|Office Expenses|2425-00-001-0-01|Office Expenses|V|Data|Object-Head||20.00|20.00|104.00|100.0
100|03|09|2425|Co-operation|00||001||0||01|Registrar of Co- Operative Societies|051|General Expenses|2425-00-001-0-01|General Expenses|V|Data|Object-Head|100.14|100.00|100.00|10.00|100.0
100|03|09|2425|Co-operation|00||001||0||01|Registrar of Co- Operative Societies|052|Telephone Charges|2425-00-001-0-01|Telephone Charges|V|Data|Object-Head|12.55||||100.0
100|03|09|2425|Co-operation|00||001||0||01|Registrar of Co- Operative Societies|053|Purchase of Furniture and Fixture for Office|2425-00-001-0-01|Purchase of Furniture and Fixture for Office|V|Data|Object-Head|9.31||||100.0
100|03|09|2425|Co-operation|00||001||0||01|Registrar of Co- Operative Societies|071|Building Expenses|2425-00-001-0-01|Building Expenses|V|Data|Object-Head|190.52|210.00|210.00|215.00|100.0
100|03|09|2425|Co-operation|00||001||0||01|Registrar of Co- Operative Societies|195|Transport Expenses|2425-00-001-0-01|Transport Expenses|V|Data|Object-Head|98.38|137.04|137.04|164.17|100.0
100|03|09|2425|Co-operation|00||001||0||01|Registrar of Co- Operative Societies|||2425-00-001-0-01|HOA Total :|V|Total|Detailed-Head|9322.76|10981.13|11397.62|11330.54|100.0
100|03|09|2425|Co-operation|00||001||0||02|CSS-Central Share- Computerization of Office of Registrar of Cooperative Societies(RCS)|||2425-00-001-0-02|CSS-Central Share- Computerization of Office of Registrar of Cooperative Societies(RCS)|V|Header|Detailed-Head|||||100.0
100|03|09|2425|Co-operation|00||001||0||02|CSS-Central Share- Computerization of Office of Registrar of Cooperative Societies(RCS)|059|Other Expenses|2425-00-001-0-02|Other Expenses|V|Data|Object-Head|48.23||||100.0
100|03|09|2425|Co-operation|00||001||0||02|CSS-Central Share- Computerization of Office of Registrar of Cooperative Societies(RCS)|||2425-00-001-0-02|HOA Total :|V|Total|Detailed-Head|48.23|0.00|0.00|0.00|100.0
100|03|09|2425|Co-operation|00||001||0||03|Unspent SCSP-TSP Amount as per the SCSP-TSP Act 2013|||2425-00-001-0-03|Unspent SCSP-TSP Amount as per the SCSP-TSP Act 2013|V|Header|Detailed-Head|||||100.0
100|03|09|2425|Co-operation|00||001||0||03|Unspent SCSP-TSP Amount as per the SCSP-TSP Act 2013|422|Schedule Caste Sub Plan|2425-00-001-0-03|Schedule Caste Sub Plan|V|Data|Object-Head|1.83|0.01|0.01|0.93|100.0
101|03|09|2425|Co-operation|00||001||0||03|Unspent SCSP-TSP Amount as per the SCSP-TSP Act 2013|423|Tribal Sub Plan|2425-00-001-0-03|Tribal Sub Plan|V|Data|Object-Head||0.01|0.01||100.0
101|03|09|2425|Co-operation|00||001||0||03|Unspent SCSP-TSP Amount as per the SCSP-TSP Act 2013|||2425-00-001-0-03|HOA Total :|V|Total|Detailed-Head|1.83|0.02|0.02|0.93|100.0
101|03|09|2425|Co-operation|00||001||0||04|CSS-State Share- Computerization of Office of Registrar of Cooperative Societies(RCS)|||2425-00-001-0-04|CSS-State Share- Computerization of Office of Registrar of Cooperative Societies(RCS)|V|Header|Detailed-Head|||||100.0
101|03|09|2425|Co-operation|00||001||0||04|CSS-State Share- Computerization of Office of Registrar of Cooperative Societies(RCS)|059|Other Expenses|2425-00-001-0-04|Other Expenses|V|Data|Object-Head|32.15||||100.0
101|03|09|2425|Co-operation|00||001||0||04|CSS-State Share- Computerization of Office of Registrar of Cooperative Societies(RCS)|||2425-00-001-0-04|HOA Total :|V|Total|Detailed-Head|32.15|0.00|0.00|0.00|100.0
101|03|09|2425|Co-operation|00||001||0||50|Vacant Post Provision|||2425-00-001-0-50|Vacant Post Provision|V|Header|Detailed-Head|||||100.0
101|03|09|2425|Co-operation|00||001||0||50|Vacant Post Provision|014|Other Allowance|2425-00-001-0-50|Other Allowance|V|Data|Object-Head||15018.14|14471.81|18429.14|100.0
101|03|09|2425|Co-operation|00||001||0||50|Vacant Post Provision|||2425-00-001-0-50|HOA Total :|V|Total|Detailed-Head|0.00|15018.14|14471.81|18429.14|100.0
101|03|09|2425|Co-operation|00||004||0||03|Cooperative Election Commission|||2425-00-004-0-03|Cooperative Election Commission|V|Header|Detailed-Head|||||100.0
101|03|09|2425|Co-operation|00||004||0||03|Cooperative Election Commission|002|Basic Pay|2425-00-004-0-03|Basic Pay|V|Data|Object-Head|65.48|85.00|85.00|108.00|100.0
101|03|09|2425|Co-operation|00||004||0||03|Cooperative Election Commission|003|Basic Pay-Staff|2425-00-004-0-03|Basic Pay-Staff|V|Data|Object-Head|4.60||||100.0
101|03|09|2425|Co-operation|00||004||0||03|Cooperative Election Commission|004|Interim Relief|2425-00-004-0-03|Interim Relief|V|Data|Object-Head|6.66||||100.0
101|03|09|2425|Co-operation|00||004||0||03|Cooperative Election Commission|011|Dearness Allowance|2425-00-004-0-03|Dearness Allowance|V|Data|Object-Head|20.89|19.00|19.00|27.00|100.0
101|03|09|2425|Co-operation|00||004||0||03|Cooperative Election Commission|014|Other Allowance|2425-00-004-0-03|Other Allowance|V|Data|Object-Head|16.85|20.00|20.00|24.00|100.0
101|03|09|2425|Co-operation|00||004||0||03|Cooperative Election Commission|020|Medical Allowance|2425-00-004-0-03|Medical Allowance|V|Data|Object-Head|0.03||||100.0
101|03|09|2425|Co-operation|00||004||0||03|Cooperative Election Commission|021|Reimbursement of Medical Expenses|2425-00-004-0-03|Reimbursement of Medical Expenses|V|Data|Object-Head||3.00|3.00|3.00|100.0
101|03|09|2425|Co-operation|00||004||0||03|Cooperative Election Commission|034|Contract/Outsource|2425-00-004-0-03|Contract/Outsource|V|Data|Object-Head|39.47|44.26|44.26|55.83|100.0
101|03|09|2425|Co-operation|00||004||0||03|Cooperative Election Commission|041|Travel Expenses|2425-00-004-0-03|Travel Expenses|V|Data|Object-Head|0.12|1.00|1.00|1.00|100.0
101|03|09|2425|Co-operation|00||004||0||03|Cooperative Election Commission|050|Office Expenses|2425-00-004-0-03|Office Expenses|V|Data|Object-Head||1.00|1.00|15.00|100.0
101|03|09|2425|Co-operation|00||004||0||03|Cooperative Election Commission|051|General Expenses|2425-00-004-0-03|General Expenses|V|Data|Object-Head|49.66|15.00|15.00|1.00|100.0
101|03|09|2425|Co-operation|00||004||0||03|Cooperative Election Commission|052|Telephone Charges|2425-00-004-0-03|Telephone Charges|V|Data|Object-Head|0.59||||100.0
101|03|09|2425|Co-operation|00||004||0||03|Cooperative Election Commission|071|Building Expenses|2425-00-004-0-03|Building Expenses|V|Data|Object-Head|92.00|100.00|100.00|100.00|100.0
101|03|09|2425|Co-operation|00||004||0||03|Cooperative Election Commission|195|Transport Expenses|2425-00-004-0-03|Transport Expenses|V|Data|Object-Head|8.72|13.73|13.73|12.19|100.0
101|03|09|2425|Co-operation|00||004||0||03|Cooperative Election Commission|||2425-00-004-0-03|HOA Total :|V|Total|Detailed-Head|305.07|301.99|301.99|347.02|100.0
102|03|09|2425|Co-operation|00||101||0||01|Co-operative Audit|||2425-00-101-0-01|Co-operative Audit|V|Header|Detailed-Head|||||100.0
102|03|09|2425|Co-operation|00||101||0||01|Co-operative Audit|002|Basic Pay|2425-00-101-0-01|Basic Pay|V|Data|Object-Head|1239.51|3533.00|3533.00|3517.00|100.0
102|03|09|2425|Co-operation|00||101||0||01|Co-operative Audit|003|Basic Pay-Staff|2425-00-101-0-01|Basic Pay-Staff|V|Data|Object-Head|1690.16||||100.0
102|03|09|2425|Co-operation|00||101||0||01|Co-operative Audit|004|Interim Relief|2425-00-101-0-01|Interim Relief|V|Data|Object-Head|193.83||||100.0
102|03|09|2425|Co-operation|00||101||0||01|Co-operative Audit|011|Dearness Allowance|2425-00-101-0-01|Dearness Allowance|V|Data|Object-Head|690.59|778.00|778.00|880.00|100.0
102|03|09|2425|Co-operation|00||101||0||01|Co-operative Audit|014|Other Allowance|2425-00-101-0-01|Other Allowance|V|Data|Object-Head|412.28|430.00|430.00|387.00|100.0
102|03|09|2425|Co-operation|00||101||0||01|Co-operative Audit|015|Subsidiary Expenses|2425-00-101-0-01|Subsidiary Expenses|V|Data|Object-Head|1.43|2.00|2.00|2.00|100.0
102|03|09|2425|Co-operation|00||101||0||01|Co-operative Audit|020|Medical Allowance|2425-00-101-0-01|Medical Allowance|V|Data|Object-Head|13.49||||100.0
102|03|09|2425|Co-operation|00||101||0||01|Co-operative Audit|021|Reimbursement of Medical Expenses|2425-00-101-0-01|Reimbursement of Medical Expenses|V|Data|Object-Head|17.41|32.00|32.00|31.00|100.0
102|03|09|2425|Co-operation|00||101||0||01|Co-operative Audit|034|Contract/Outsource|2425-00-101-0-01|Contract/Outsource|V|Data|Object-Head|408.92|473.41|473.41|488.08|100.0
102|03|09|2425|Co-operation|00||101||0||01|Co-operative Audit|041|Travel Expenses|2425-00-101-0-01|Travel Expenses|V|Data|Object-Head|128.05|120.00|120.00|125.00|100.0
102|03|09|2425|Co-operation|00||101||0||01|Co-operative Audit|050|Office Expenses|2425-00-101-0-01|Office Expenses|V|Data|Object-Head||7.00|7.00|27.00|100.0
102|03|09|2425|Co-operation|00||101||0||01|Co-operative Audit|051|General Expenses|2425-00-101-0-01|General Expenses|V|Data|Object-Head|24.96|26.00|26.00|5.00|100.0
102|03|09|2425|Co-operation|00||101||0||01|Co-operative Audit|052|Telephone Charges|2425-00-101-0-01|Telephone Charges|V|Data|Object-Head|5.51||||100.0
102|03|09|2425|Co-operation|00||101||0||01|Co-operative Audit|071|Building Expenses|2425-00-101-0-01|Building Expenses|V|Data|Object-Head|181.09|204.00|204.00|200.00|100.0
102|03|09|2425|Co-operation|00||101||0||01|Co-operative Audit|180|Machinery and Equipments|2425-00-101-0-01|Machinery and Equipments|V|Data|Object-Head|27.39||||100.0
102|03|09|2425|Co-operation|00||101||0||01|Co-operative Audit|195|Transport Expenses|2425-00-101-0-01|Transport Expenses|V|Data|Object-Head|20.72|21.29|21.29|19.37|100.0
102|03|09|2425|Co-operation|00||101||0||01|Co-operative Audit|||2425-00-101-0-01|HOA Total :|V|Total|Detailed-Head|5055.34|5626.70|5626.70|5681.45|100.0
102|03|09|2425|Co-operation|00||107||2||41|Interest Subsidy for Crop Loan, Pledge Loan, SHGs|||2425-00-107-2-41|Interest Subsidy for Crop Loan, Pledge Loan, SHGs|V|Header|Detailed-Head|||||100.0
102|03|09|2425|Co-operation|00||107||2||41|Interest Subsidy for Crop Loan, Pledge Loan, SHGs|106|Subsidies|2425-00-107-2-41|Subsidies|V|Data|Object-Head|140814.20|147900.00|104361.02|143400.00|100.0
102|03|09|2425|Co-operation|00||107||2||41|Interest Subsidy for Crop Loan, Pledge Loan, SHGs|422|Schedule Caste Sub Plan|2425-00-107-2-41|Schedule Caste Sub Plan|V|Data|Object-Head|9838.16|11900.00|11900.00|11500.00|100.0
102|03|09|2425|Co-operation|00||107||2||41|Interest Subsidy for Crop Loan, Pledge Loan, SHGs|423|Tribal Sub Plan|2425-00-107-2-41|Tribal Sub Plan|V|Data|Object-Head|4530.64|10200.00|10200.00|9900.00|100.0
102|03|09|2425|Co-operation|00||107||2||41|Interest Subsidy for Crop Loan, Pledge Loan, SHGs|||2425-00-107-2-41|HOA Total :|V|Total|Detailed-Head|155183.00|170000.00|126461.02|164800.00|100.0
103|03|09|2425|Co-operation|00||107||2||74|CSS-Central Share-Computerisation of PACS|||2425-00-107-2-74|CSS-Central Share-Computerisation of PACS|V|Header|Detailed-Head|||||100.0
103|03|09|2425|Co-operation|00||107||2||74|CSS-Central Share-Computerisation of PACS|059|Other Expenses|2425-00-107-2-74|Other Expenses|V|Data|Object-Head||1.00|1.00|1200.00|100.0
103|03|09|2425|Co-operation|00||107||2||74|CSS-Central Share-Computerisation of PACS|||2425-00-107-2-74|HOA Total :|V|Total|Detailed-Head|0.00|1.00|1.00|1200.00|100.0
103|03|09|2425|Co-operation|00||107||2||75|CSS-State Share-Computerisation of PACS|||2425-00-107-2-75|CSS-State Share-Computerisation of PACS|V|Header|Detailed-Head|||||100.0
103|03|09|2425|Co-operation|00||107||2||75|CSS-State Share-Computerisation of PACS|059|Other Expenses|2425-00-107-2-75|Other Expenses|V|Data|Object-Head||1.00|1.00|800.00|100.0
103|03|09|2425|Co-operation|00||107||2||75|CSS-State Share-Computerisation of PACS|||2425-00-107-2-75|HOA Total :|V|Total|Detailed-Head|0.00|1.00|1.00|800.00|100.0
103|03|09|2425|Co-operation|00||108||0||39|Establishment of Marketing Infrastructure to LAMPS Federation|||2425-00-108-0-39|Establishment of Marketing Infrastructure to LAMPS Federation|V|Header|Detailed-Head|||||100.0
103|03|09|2425|Co-operation|00||108||0||39|Establishment of Marketing Infrastructure to LAMPS Federation|423|Tribal Sub Plan|2425-00-108-0-39|Tribal Sub Plan|V|Data|Object-Head|50.00|100.00|100.00|100.00|100.0
103|03|09|2425|Co-operation|00||108||0||39|Establishment of Marketing Infrastructure to LAMPS Federation|||2425-00-108-0-39|HOA Total :|V|Total|Detailed-Head|50.00|100.00|100.00|100.00|100.0
103|03|09|2425|Co-operation|00||108||0||52|Karnataka State Co-operative Spinning Mills Federation Ltd.|||2425-00-108-0-52|Karnataka State Co-operative Spinning Mills Federation Ltd.|V|Header|Detailed-Head|||||100.0
103|03|09|2425|Co-operation|00||108||0||52|Karnataka State Co-operative Spinning Mills Federation Ltd.|101|Grants-in-Aid-Salaries|2425-00-108-0-52|Grants-in-Aid-Salaries|V|Data|Object-Head|13.84|10.78|14.22|5.80|100.0
103|03|09|2425|Co-operation|00||108||0||52|Karnataka State Co-operative Spinning Mills Federation Ltd.|103|Grants-in-Aid -General|2425-00-108-0-52|Grants-in-Aid -General|V|Data|Object-Head|||2.88||100.0
103|03|09|2425|Co-operation|00||108||0||52|Karnataka State Co-operative Spinning Mills Federation Ltd.|||2425-00-108-0-52|HOA Total :|V|Total|Detailed-Head|13.84|10.78|17.10|5.80|100.0
103|03|09|2425|Co-operation|00||108||0||57|Yashaswini|||2425-00-108-0-57|Yashaswini|V|Header|Detailed-Head|||||100.0
103|03|09|2425|Co-operation|00||108||0||57|Yashaswini|059|Other Expenses|2425-00-108-0-57|Other Expenses|V|Data|Object-Head|3795.33||||100.0
103|03|09|2425|Co-operation|00||108||0||57|Yashaswini|100|Financial Assistance/Relief|2425-00-108-0-57|Financial Assistance/Relief|V|Data|Object-Head||3795.33|3795.33|3795.33|100.0
103|03|09|2425|Co-operation|00||108||0||57|Yashaswini|422|Schedule Caste Sub Plan|2425-00-108-0-57|Schedule Caste Sub Plan|V|Data|Object-Head|857.33|857.33|857.33|857.33|100.0
103|03|09|2425|Co-operation|00||108||0||57|Yashaswini|423|Tribal Sub Plan|2425-00-108-0-57|Tribal Sub Plan|V|Data|Object-Head|347.34|347.34|347.34|347.34|100.0
103|03|09|2425|Co-operation|00||108||0||57|Yashaswini|||2425-00-108-0-57|HOA Total :|V|Total|Detailed-Head|5000.00|5000.00|5000.00|5000.00|100.0
104|03|09|2425|Co-operation|00||108||0||58|Enrolment of BPL, SC, ST, BC, Minority Women and Physically Challenged as members of all types of Co-operatives|||2425-00-108-0-58|Enrolment of BPL, SC, ST, BC, Minority Women and Physically Challenged as members of all types of Co-operatives|V|Header|Detailed-Head|||||100.0
104|03|09|2425|Co-operation|00||108||0||58|Enrolment of BPL, SC, ST, BC, Minority Women and Physically Challenged as members of all types of Co-operatives|106|Subsidies|2425-00-108-0-58|Subsidies|V|Data|Object-Head|63.58|64.00|64.00|64.00|100.0
104|03|09|2425|Co-operation|00||108||0||58|Enrolment of BPL, SC, ST, BC, Minority Women and Physically Challenged as members of all types of Co-operatives|422|Schedule Caste Sub Plan|2425-00-108-0-58|Schedule Caste Sub Plan|V|Data|Object-Head|130.00|30.00|30.00|30.00|100.0
104|03|09|2425|Co-operation|00||108||0||58|Enrolment of BPL, SC, ST, BC, Minority Women and Physically Challenged as members of all types of Co-operatives|423|Tribal Sub Plan|2425-00-108-0-58|Tribal Sub Plan|V|Data|Object-Head|56.00|6.00|6.00|6.00|100.0
104|03|09|2425|Co-operation|00||108||0||58|Enrolment of BPL, SC, ST, BC, Minority Women and Physically Challenged as members of all types of Co-operatives|||2425-00-108-0-58|HOA Total :|V|Total|Detailed-Head|249.58|100.00|100.00|100.00|100.0
104|03|09|2425|Co-operation|00||196||1||01|Assistance to Various Co-operative Societies|||2425-00-196-1-01|Assistance to Various Co-operative Societies|V|Header|Detailed-Head|||||100.0
104|03|09|2425|Co-operation|00||196||1||01|Assistance to Various Co-operative Societies|401|Bengaluru (Urban)|2425-00-196-1-01|Bengaluru (Urban)|V|Data|Object-Head|5.00|5.00|5.00|5.00|100.0
104|03|09|2425|Co-operation|00||196||1||01|Assistance to Various Co-operative Societies|402|Bengaluru (Rural)|2425-00-196-1-01|Bengaluru (Rural)|V|Data|Object-Head|11.28|11.28|11.28|12.00|100.0
104|03|09|2425|Co-operation|00||196||1||01|Assistance to Various Co-operative Societies|403|Chitradurga|2425-00-196-1-01|Chitradurga|V|Data|Object-Head|6.16|8.12|8.12|11.50|100.0
104|03|09|2425|Co-operation|00||196||1||01|Assistance to Various Co-operative Societies|404|Kolar|2425-00-196-1-01|Kolar|V|Data|Object-Head|9.24|9.24|9.24|11.00|100.0
104|03|09|2425|Co-operation|00||196||1||01|Assistance to Various Co-operative Societies|405|Shivamogga|2425-00-196-1-01|Shivamogga|V|Data|Object-Head|11.16|11.16|11.16|8.50|100.0
104|03|09|2425|Co-operation|00||196||1||01|Assistance to Various Co-operative Societies|406|Tumakuru|2425-00-196-1-01|Tumakuru|V|Data|Object-Head|3.08|3.08|3.08|4.00|100.0
104|03|09|2425|Co-operation|00||196||1||01|Assistance to Various Co-operative Societies|408|Chikkamagaluru|2425-00-196-1-01|Chikkamagaluru|V|Data|Object-Head|2.00|5.00|5.00|5.00|100.0
104|03|09|2425|Co-operation|00||196||1||01|Assistance to Various Co-operative Societies|410|Hassan|2425-00-196-1-01|Hassan|V|Data|Object-Head|13.28|13.28|13.28|18.00|100.0
104|03|09|2425|Co-operation|00||196||1||01|Assistance to Various Co-operative Societies|411|Kodagu|2425-00-196-1-01|Kodagu|V|Data|Object-Head|10.20|10.00|10.00|10.50|100.0
104|03|09|2425|Co-operation|00||196||1||01|Assistance to Various Co-operative Societies|412|Mandya|2425-00-196-1-01|Mandya|V|Data|Object-Head|35.80|35.80|35.80|37.00|100.0
104|03|09|2425|Co-operation|00||196||1||01|Assistance to Various Co-operative Societies|413|Belagavi|2425-00-196-1-01|Belagavi|V|Data|Object-Head|2.08|3.00|3.00|4.00|100.0
104|03|09|2425|Co-operation|00||196||1||01|Assistance to Various Co-operative Societies|414|Vijayapura|2425-00-196-1-01|Vijayapura|V|Data|Object-Head|10.32|10.00|10.00|10.50|100.0
104|03|09|2425|Co-operation|00||196||1||01|Assistance to Various Co-operative Societies|415|Dharwad|2425-00-196-1-01|Dharwad|V|Data|Object-Head|4.12|4.12|4.12|4.50|100.0
104|03|09|2425|Co-operation|00||196||1||01|Assistance to Various Co-operative Societies|416|Uttara Kannada|2425-00-196-1-01|Uttara Kannada|V|Data|Object-Head|5.00|5.00|5.00|6.00|100.0
104|03|09|2425|Co-operation|00||196||1||01|Assistance to Various Co-operative Societies|417|Kalaburagi|2425-00-196-1-01|Kalaburagi|V|Data|Object-Head|21.44|21.44|21.44|22.00|100.0
104|03|09|2425|Co-operation|00||196||1||01|Assistance to Various Co-operative Societies|418|Ballari|2425-00-196-1-01|Ballari|V|Data|Object-Head|6.20|6.20|6.20|7.50|100.0
104|03|09|2425|Co-operation|00||196||1||01|Assistance to Various Co-operative Societies|419|Bidar|2425-00-196-1-01|Bidar|V|Data|Object-Head|18.60|18.60|18.60|19.50|100.0
104|03|09|2425|Co-operation|00||196||1||01|Assistance to Various Co-operative Societies|420|Raichur|2425-00-196-1-01|Raichur|V|Data|Object-Head|17.48|17.48|17.48|18.00|100.0
104|03|09|2425|Co-operation|00||196||1||01|Assistance to Various Co-operative Societies|421|Yadgiri|2425-00-196-1-01|Yadgiri|V|Data|Object-Head|13.52|15.00|15.00|16.00|100.0
104|03|09|2425|Co-operation|00||196||1||01|Assistance to Various Co-operative Societies|451|Davanagere|2425-00-196-1-01|Davanagere|V|Data|Object-Head|8.12|12.00|12.00|13.00|100.0
105|03|09|2425|Co-operation|00||196||1||01|Assistance to Various Co-operative Societies|452|Bengaluru South|2425-00-196-1-01|Bengaluru South|V|Data|Object-Head|6.16|6.16|6.16|6.50|100.0
105|03|09|2425|Co-operation|00||196||1||01|Assistance to Various Co-operative Societies|453|Chikkaballapura|2425-00-196-1-01|Chikkaballapura|V|Data|Object-Head|14.56|24.00|24.00|25.00|100.0
105|03|09|2425|Co-operation|00||196||1||01|Assistance to Various Co-operative Societies|457|Udupi|2425-00-196-1-01|Udupi|V|Data|Object-Head|2.00|2.00|2.00|2.00|100.0
105|03|09|2425|Co-operation|00||196||1||01|Assistance to Various Co-operative Societies|461|Bagalkot|2425-00-196-1-01|Bagalkot|V|Data|Object-Head|4.12|4.12|4.12|4.50|100.0
105|03|09|2425|Co-operation|00||196||1||01|Assistance to Various Co-operative Societies|462|Gadag|2425-00-196-1-01|Gadag|V|Data|Object-Head|12.32|12.32|12.32|13.00|100.0
105|03|09|2425|Co-operation|00||196||1||01|Assistance to Various Co-operative Societies|463|Haveri|2425-00-196-1-01|Haveri|V|Data|Object-Head|21.32|21.32|21.32|22.00|100.0
105|03|09|2425|Co-operation|00||196||1||01|Assistance to Various Co-operative Societies|466|Koppal|2425-00-196-1-01|Koppal|V|Data|Object-Head|10.22|14.20|14.20|17.00|100.0
105|03|09|2425|Co-operation|00||196||1||01|Assistance to Various Co-operative Societies|467|Vijayanagara|2425-00-196-1-01|Vijayanagara|V|Data|Object-Head|4.12|4.12|4.12|5.50|100.0
105|03|09|2425|Co-operation|00||196||1||01|Assistance to Various Co-operative Societies|||2425-00-196-1-01|HOA Total :|V|Total|Detailed-Head|288.90|313.04|313.04|339.00|100.0
105|03|09|2425|Co-operation|00||197||1||01|Subsidy on Loans Sanctioned by PCARDB for Assets Creation (SCP)|||2425-00-197-1-01|Subsidy on Loans Sanctioned by PCARDB for Assets Creation (SCP)|V|Header|Detailed-Head|||||100.0
105|03|09|2425|Co-operation|00||197||1||01|Subsidy on Loans Sanctioned by PCARDB for Assets Creation (SCP)|402|Bengaluru (Rural)|2425-00-197-1-01|Bengaluru (Rural)|V|Data|Object-Head|4.00|4.00|4.00|4.00|100.0
105|03|09|2425|Co-operation|00||197||1||01|Subsidy on Loans Sanctioned by PCARDB for Assets Creation (SCP)|403|Chitradurga|2425-00-197-1-01|Chitradurga|V|Data|Object-Head|6.00|6.00|6.00|6.00|100.0
105|03|09|2425|Co-operation|00||197||1||01|Subsidy on Loans Sanctioned by PCARDB for Assets Creation (SCP)|404|Kolar|2425-00-197-1-01|Kolar|V|Data|Object-Head|6.00|7.08|7.08|7.50|100.0
105|03|09|2425|Co-operation|00||197||1||01|Subsidy on Loans Sanctioned by PCARDB for Assets Creation (SCP)|405|Shivamogga|2425-00-197-1-01|Shivamogga|V|Data|Object-Head|1.00|2.00|2.00|3.00|100.0
105|03|09|2425|Co-operation|00||197||1||01|Subsidy on Loans Sanctioned by PCARDB for Assets Creation (SCP)|406|Tumakuru|2425-00-197-1-01|Tumakuru|V|Data|Object-Head|10.00|10.00|10.00|10.00|100.0
105|03|09|2425|Co-operation|00||197||1||01|Subsidy on Loans Sanctioned by PCARDB for Assets Creation (SCP)|407|Mysuru|2425-00-197-1-01|Mysuru|V|Data|Object-Head|50.00|50.00|50.00|50.00|100.0
105|03|09|2425|Co-operation|00||197||1||01|Subsidy on Loans Sanctioned by PCARDB for Assets Creation (SCP)|408|Chikkamagaluru|2425-00-197-1-01|Chikkamagaluru|V|Data|Object-Head|4.00|4.00|4.00|5.00|100.0
105|03|09|2425|Co-operation|00||197||1||01|Subsidy on Loans Sanctioned by PCARDB for Assets Creation (SCP)|409|Dakshina Kannada|2425-00-197-1-01|Dakshina Kannada|V|Data|Object-Head|10.08|10.00|10.00|10.00|100.0
105|03|09|2425|Co-operation|00||197||1||01|Subsidy on Loans Sanctioned by PCARDB for Assets Creation (SCP)|410|Hassan|2425-00-197-1-01|Hassan|V|Data|Object-Head|20.00|20.00|20.00|25.00|100.0
105|03|09|2425|Co-operation|00||197||1||01|Subsidy on Loans Sanctioned by PCARDB for Assets Creation (SCP)|411|Kodagu|2425-00-197-1-01|Kodagu|V|Data|Object-Head|7.04|11.00|11.00|16.00|100.0
105|03|09|2425|Co-operation|00||197||1||01|Subsidy on Loans Sanctioned by PCARDB for Assets Creation (SCP)|412|Mandya|2425-00-197-1-01|Mandya|V|Data|Object-Head|11.12|11.12|11.12|13.00|100.0
105|03|09|2425|Co-operation|00||197||1||01|Subsidy on Loans Sanctioned by PCARDB for Assets Creation (SCP)|413|Belagavi|2425-00-197-1-01|Belagavi|V|Data|Object-Head|5.08|8.00|8.00|8.00|100.0
105|03|09|2425|Co-operation|00||197||1||01|Subsidy on Loans Sanctioned by PCARDB for Assets Creation (SCP)|414|Vijayapura|2425-00-197-1-01|Vijayapura|V|Data|Object-Head|1.40|1.40|1.40|1.40|100.0
105|03|09|2425|Co-operation|00||197||1||01|Subsidy on Loans Sanctioned by PCARDB for Assets Creation (SCP)|417|Kalaburagi|2425-00-197-1-01|Kalaburagi|V|Data|Object-Head|8.16|8.00|8.00|8.00|100.0
105|03|09|2425|Co-operation|00||197||1||01|Subsidy on Loans Sanctioned by PCARDB for Assets Creation (SCP)|419|Bidar|2425-00-197-1-01|Bidar|V|Data|Object-Head|5.42|5.42|5.42|5.80|100.0
105|03|09|2425|Co-operation|00||197||1||01|Subsidy on Loans Sanctioned by PCARDB for Assets Creation (SCP)|420|Raichur|2425-00-197-1-01|Raichur|V|Data|Object-Head|1.04|6.04|6.04|6.04|100.0
105|03|09|2425|Co-operation|00||197||1||01|Subsidy on Loans Sanctioned by PCARDB for Assets Creation (SCP)|421|Yadgiri|2425-00-197-1-01|Yadgiri|V|Data|Object-Head|13.28|17.00|17.00|18.50|100.0
105|03|09|2425|Co-operation|00||197||1||01|Subsidy on Loans Sanctioned by PCARDB for Assets Creation (SCP)|451|Davanagere|2425-00-197-1-01|Davanagere|V|Data|Object-Head|3.00|3.00|3.00|3.00|100.0
106|03|09|2425|Co-operation|00||197|Assistance to Various Co-operative Societies|1||01|Subsidy on Loans Sanctioned by PCARDB for Assets Creation (SCP)|452|Bengaluru South|2425-00-197-1-01|Bengaluru South|V|Data|Object-Head|4.00|4.00|4.00|4.00|100.0
106|03|09|2425|Co-operation|00||197|Assistance to Various Co-operative Societies|1||01|Subsidy on Loans Sanctioned by PCARDB for Assets Creation (SCP)|453|Chikkaballapura|2425-00-197-1-01|Chikkaballapura|V|Data|Object-Head|3.00|3.00|3.00|3.00|100.0
106|03|09|2425|Co-operation|00||197|Assistance to Various Co-operative Societies|1||01|Subsidy on Loans Sanctioned by PCARDB for Assets Creation (SCP)|456|Chamarajanagar|2425-00-197-1-01|Chamarajanagar|V|Data|Object-Head|15.00|20.00|20.00|20.00|100.0
106|03|09|2425|Co-operation|00||197|Assistance to Various Co-operative Societies|1||01|Subsidy on Loans Sanctioned by PCARDB for Assets Creation (SCP)|457|Udupi|2425-00-197-1-01|Udupi|V|Data|Object-Head|4.00|4.00|4.00|4.00|100.0
106|03|09|2425|Co-operation|00||197|Assistance to Various Co-operative Societies|1||01|Subsidy on Loans Sanctioned by PCARDB for Assets Creation (SCP)|461|Bagalkot|2425-00-197-1-01|Bagalkot|V|Data|Object-Head|10.24|10.24|10.24|10.24|100.0
106|03|09|2425|Co-operation|00||197|Assistance to Various Co-operative Societies|1||01|Subsidy on Loans Sanctioned by PCARDB for Assets Creation (SCP)|462|Gadag|2425-00-197-1-01|Gadag|V|Data|Object-Head|5.00|5.00|5.00|5.00|100.0
106|03|09|2425|Co-operation|00||197|Assistance to Various Co-operative Societies|1||01|Subsidy on Loans Sanctioned by PCARDB for Assets Creation (SCP)|463|Haveri|2425-00-197-1-01|Haveri|V|Data|Object-Head|1.35|1.35|1.35|1.35|100.0
106|03|09|2425|Co-operation|00||197|Assistance to Various Co-operative Societies|1||01|Subsidy on Loans Sanctioned by PCARDB for Assets Creation (SCP)|466|Koppal|2425-00-197-1-01|Koppal|V|Data|Object-Head|6.04|7.04|7.04|7.50|100.0
106|03|09|2425|Co-operation|00||197|Assistance to Various Co-operative Societies|1||01|Subsidy on Loans Sanctioned by PCARDB for Assets Creation (SCP)|||2425-00-197-1-01|HOA Total :|V|Total|Detailed-Head|215.25|238.69|238.69|255.33|100.0
106|03|09|2425|Co-operation|00||911|Deduct Recoveries of Over Payment|0||00|Deduct Recoveries of Over Payment|||2425-00-911-0-00|Deduct Recoveries of Over Payment|V|Header|Detailed-Head|||||100.0
106|03|09|2425|Co-operation|00||911|Deduct Recoveries of Over Payment|0||00|Deduct Recoveries of Over Payment|364|Deduct - Recoveries|2425-00-911-0-00|Deduct - Recoveries|V|Data|Object-Head|-0.05||||100.0
106|03|09|2425|Co-operation|00||911|Deduct Recoveries of Over Payment|0||00|Deduct Recoveries of Over Payment|||2425-00-911-0-00|HOA Total :|V|Total|Detailed-Head|-0.05|0.00|0.00|0.00|100.0
106|03|09|2425|Co-operation|00||911|Deduct Recoveries of Over Payment|0||01|Deduct Recovery of Over Payments of Current Year|||2425-00-911-0-01|Deduct Recovery of Over Payments of Current Year|V|Header|Detailed-Head|||||100.0
106|03|09|2425|Co-operation|00||911|Deduct Recoveries of Over Payment|0||01|Deduct Recovery of Over Payments of Current Year|364|Deduct - Recoveries|2425-00-911-0-01|Deduct - Recoveries|V|Data|Object-Head|-4.13||||100.0
106|03|09|2425|Co-operation|00||911|Deduct Recoveries of Over Payment|0||01|Deduct Recovery of Over Payments of Current Year|||2425-00-911-0-01|HOA Total :|V|Total|Detailed-Head|-4.13|0.00|0.00|0.00|100.0
106|03|09|2425|Co-operation|00||911|Deduct Recoveries of Over Payment|0||02|Deduct Recovery of Over Payments of Earlier Years|||2425-00-911-0-02|Deduct Recovery of Over Payments of Earlier Years|V|Header|Detailed-Head|||||100.0
106|03|09|2425|Co-operation|00||911|Deduct Recoveries of Over Payment|0||02|Deduct Recovery of Over Payments of Earlier Years|364|Deduct - Recoveries|2425-00-911-0-02|Deduct - Recoveries|V|Data|Object-Head|-0.81||||100.0
106|03|09|2425|Co-operation|00||911|Deduct Recoveries of Over Payment|0||02|Deduct Recovery of Over Payments of Earlier Years|||2425-00-911-0-02|HOA Total :|V|Total|Detailed-Head|-0.81|0.00|0.00|0.00|100.0
106|03|09|2425|Co-operation|00||911|Deduct Recoveries of Over Payment|0||04|Deduct Recovery of Over Payment of Previous years-ZP|||2425-00-911-0-04|Deduct Recovery of Over Payment of Previous years-ZP|V|Header|Detailed-Head|||||100.0
106|03|09|2425|Co-operation|00||911|Deduct Recoveries of Over Payment|0||04|Deduct Recovery of Over Payment of Previous years-ZP|261|Inter Account Transfers|2425-00-911-0-04|Inter Account Transfers|V|Data|Object-Head||-11.48|-11.48|-30.79|100.0
106|03|09|2425|Co-operation|00||911|Deduct Recoveries of Over Payment|0||04|Deduct Recovery of Over Payment of Previous years-ZP|||2425-00-911-0-04|HOA Total :|V|Total|Detailed-Head|0.00|-11.48|-11.48|-30.79|100.0
107|03|09|2425|Co-operation|00||911|Deduct Recoveries of Over Payment|0||05|Deduct Recovery of Over Payment of Previous Years-TP|||2425-00-911-0-05|Deduct Recovery of Over Payment of Previous Years-TP|V|Header|Detailed-Head|||||100.0
107|03|09|2425|Co-operation|00||911|Deduct Recoveries of Over Payment|0||05|Deduct Recovery of Over Payment of Previous Years-TP|261|Inter Account Transfers|2425-00-911-0-05|Inter Account Transfers|V|Data|Object-Head||-19.06|-19.06|-37.84|100.0
107|03|09|2425|Co-operation|00||911|Deduct Recoveries of Over Payment|0||05|Deduct Recovery of Over Payment of Previous Years-TP|||2425-00-911-0-05|HOA Total :|V|Total|Detailed-Head|0.00|-19.06|-19.06|-37.84|100.0
107|03|09|2425|Co-operation|00||||||||||2425-00-911-0-05|2425 - Total :|V|Total|Major-Head|175760.96|207661.95|163999.45|208320.58|
108|03|09|3475|Other General Economic Services|00||107||0||01|Director of Agricultural Marketing|||3475-00-107-0-01|Director of Agricultural Marketing||Header|Detailed-Head|||||100.0
108|03|09|3475|Other General Economic Services|00||107||0||01|Director of Agricultural Marketing|002|Basic Pay|3475-00-107-0-01|Basic Pay||Data|Object-Head|345.59|1063.00|1063.00|1121.00|100.0
108|03|09|3475|Other General Economic Services|00||107||0||01|Director of Agricultural Marketing|003|Basic Pay-Staff|3475-00-107-0-01|Basic Pay-Staff||Data|Object-Head|517.40||||100.0
108|03|09|3475|Other General Economic Services|00||107||0||01|Director of Agricultural Marketing|004|Interim Relief|3475-00-107-0-01|Interim Relief||Data|Object-Head|59.73||||100.0
108|03|09|3475|Other General Economic Services|00||107||0||01|Director of Agricultural Marketing|011|Dearness Allowance|3475-00-107-0-01|Dearness Allowance||Data|Object-Head|214.62|234.00|234.00|287.00|100.0
108|03|09|3475|Other General Economic Services|00||107||0||01|Director of Agricultural Marketing|014|Other Allowance|3475-00-107-0-01|Other Allowance||Data|Object-Head|142.29|167.00|167.00|174.00|100.0
108|03|09|3475|Other General Economic Services|00||107||0||01|Director of Agricultural Marketing|020|Medical Allowance|3475-00-107-0-01|Medical Allowance||Data|Object-Head|3.93||||100.0
108|03|09|3475|Other General Economic Services|00||107||0||01|Director of Agricultural Marketing|021|Reimbursement of Medical Expenses|3475-00-107-0-01|Reimbursement of Medical Expenses||Data|Object-Head|1.67|15.00|15.00|15.00|100.0
108|03|09|3475|Other General Economic Services|00||107||0||01|Director of Agricultural Marketing|041|Travel Expenses|3475-00-107-0-01|Travel Expenses||Data|Object-Head|5.58|7.00|7.00|7.00|100.0
108|03|09|3475|Other General Economic Services|00||107||0||01|Director of Agricultural Marketing|050|Office Expenses|3475-00-107-0-01|Office Expenses||Data|Object-Head||6.00|6.00|10.00|100.0
108|03|09|3475|Other General Economic Services|00||107||0||01|Director of Agricultural Marketing|051|General Expenses|3475-00-107-0-01|General Expenses||Data|Object-Head|7.93|8.00|8.00||100.0
108|03|09|3475|Other General Economic Services|00||107||0||01|Director of Agricultural Marketing|052|Telephone Charges|3475-00-107-0-01|Telephone Charges||Data|Object-Head|2.87||||100.0
108|03|09|3475|Other General Economic Services|00||107||0||01|Director of Agricultural Marketing|071|Building Expenses|3475-00-107-0-01|Building Expenses||Data|Object-Head|51.86|57.00|57.00|59.00|100.0
108|03|09|3475|Other General Economic Services|00||107||0||01|Director of Agricultural Marketing|180|Machinery and Equipments|3475-00-107-0-01|Machinery and Equipments||Data|Object-Head|4.92||||100.0
108|03|09|3475|Other General Economic Services|00||107||0||01|Director of Agricultural Marketing|195|Transport Expenses|3475-00-107-0-01|Transport Expenses||Data|Object-Head|5.58|10.62|10.62|14.72|100.0
108|03|09|3475|Other General Economic Services|00||107||0||01|Director of Agricultural Marketing||||3475-00-107-0-01|HOA Total :|Total|Detailed-Head|1363.97|1567.62|1567.62|1687.72|100.0
108|03|09|3475|Other General Economic Services|00||107||0||02|Marketing Committees|||3475-00-107-0-02|Marketing Committees||Header|Detailed-Head|||||100.0
108|03|09|3475|Other General Economic Services|00||107||0||02|Marketing Committees|002|Basic Pay|3475-00-107-0-02|Basic Pay||Data|Object-Head|1742.33|6835.00|6918.00|6761.00|100.0
108|03|09|3475|Other General Economic Services|00||107||0||02|Marketing Committees|003|Basic Pay-Staff|3475-00-107-0-02|Basic Pay-Staff||Data|Object-Head|3705.42||||100.0
108|03|09|3475|Other General Economic Services|00||107||0||02|Marketing Committees|004|Interim Relief|3475-00-107-0-02|Interim Relief||Data|Object-Head|357.66||||100.0
108|03|09|3475|Other General Economic Services|00||107||0||02|Marketing Committees|011|Dearness Allowance|3475-00-107-0-02|Dearness Allowance||Data|Object-Head|1283.40|1504.00|1504.00|1691.00|100.0
108|03|09|3475|Other General Economic Services|00||107||0||02|Marketing Committees|014|Other Allowance|3475-00-107-0-02|Other Allowance||Data|Object-Head|641.94|822.00|842.20|769.00|100.0
108|03|09|3475|Other General Economic Services|00||107||0||02|Marketing Committees|020|Medical Allowance|3475-00-107-0-02|Medical Allowance||Data|Object-Head|28.15||||100.0
108|03|09|3475|Other General Economic Services|00||107||0||02|Marketing Committees|021|Reimbursement of Medical Expenses|3475-00-107-0-02|Reimbursement of Medical Expenses||Data|Object-Head|21.87|63.00|63.00|60.00|100.0
108|03|09|3475|Other General Economic Services|00||107||0||02|Marketing Committees|035|Salary of Board/Corp.Staff working in State Government|3475-00-107-0-02|Salary of Board/Corp.Staff working in State Government||Data|Object-Head|7.61|8.12|31.32|30.00|100.0
109|03|09|3475|Other General Economic Services|00||107||0||02|Marketing Committees|041|Travel Expenses|3475-00-107-0-02|Travel Expenses|V|Data|Object-Head|9.22|11.00|11.00|11.00|100.0
109|03|09|3475|Other General Economic Services|00||107||0||02|Marketing Committees|050|Office Expenses|3475-00-107-0-02|Office Expenses|V|Data|Object-Head||2.00|2.00|10.00|100.0
109|03|09|3475|Other General Economic Services|00||107||0||02|Marketing Committees|051|General Expenses|3475-00-107-0-02|General Expenses|V|Data|Object-Head|17.29|30.00|30.00||100.0
109|03|09|3475|Other General Economic Services|00||107||0||02|Marketing Committees|052|Telephone Charges|3475-00-107-0-02|Telephone Charges|V|Data|Object-Head|0.51||||100.0
109|03|09|3475|Other General Economic Services|00||107||0||02|Marketing Committees|071|Building Expenses|3475-00-107-0-02|Building Expenses|V|Data|Object-Head|5.92|5.00|5.00|5.00|100.0
109|03|09|3475|Other General Economic Services|00||107||0||02|Marketing Committees|195|Transport Expenses|3475-00-107-0-02|Transport Expenses|V|Data|Object-Head|5.45|10.80|10.80|10.80|100.0
109|03|09|3475|Other General Economic Services|00||107||0||02|Marketing Committees|||3475-00-107-0-02|HOA Total :|V|Total|Detailed-Head|7826.77|9290.92|9417.32|9347.80|100.0
109|03|09|3475|Other General Economic Services|00||107||0||20|Minimum Floor Price Scheme|||3475-00-107-0-20|Minimum Floor Price Scheme|V|Header|Detailed-Head|||||100.0
109|03|09|3475|Other General Economic Services|00||107||0||20|Minimum Floor Price Scheme|059|Other Expenses|3475-00-107-0-20|Other Expenses|V|Data|Object-Head|5000.00||||100.0
109|03|09|3475|Other General Economic Services|00||107||0||20|Minimum Floor Price Scheme|106|Subsidies|3475-00-107-0-20|Subsidies|V|Data|Object-Head||5000.00|5000.00|5000.00|100.0
109|03|09|3475|Other General Economic Services|00||107||0||20|Minimum Floor Price Scheme|||3475-00-107-0-20|HOA Total :|V|Total|Detailed-Head|5000.00|5000.00|5000.00|5000.00|100.0
109|03|09|3475|Other General Economic Services|00||196||1||01|Rural Market Infrastructure Scheme|||3475-00-196-1-01|Rural Market Infrastructure Scheme|V|Header|Detailed-Head|||||100.0
109|03|09|3475|Other General Economic Services|00||196||1||01|Rural Market Infrastructure Scheme|402|Bengaluru (Rural)|3475-00-196-1-01|Bengaluru (Rural)|V|Data|Object-Head|14.00|14.00|14.00|16.00|100.0
109|03|09|3475|Other General Economic Services|00||196||1||01|Rural Market Infrastructure Scheme|403|Chitradurga|3475-00-196-1-01|Chitradurga|V|Data|Object-Head|5.00|12.00|12.00|15.00|100.0
109|03|09|3475|Other General Economic Services|00||196||1||01|Rural Market Infrastructure Scheme|404|Kolar|3475-00-196-1-01|Kolar|V|Data|Object-Head|17.00|20.00|20.00|20.00|100.0
109|03|09|3475|Other General Economic Services|00||196||1||01|Rural Market Infrastructure Scheme|405|Shivamogga|3475-00-196-1-01|Shivamogga|V|Data|Object-Head|29.00|29.00|29.00|29.00|100.0
109|03|09|3475|Other General Economic Services|00||196||1||01|Rural Market Infrastructure Scheme|406|Tumakuru|3475-00-196-1-01|Tumakuru|V|Data|Object-Head|5.00|5.00|5.00|5.00|100.0
109|03|09|3475|Other General Economic Services|00||196||1||01|Rural Market Infrastructure Scheme|407|Mysuru|3475-00-196-1-01|Mysuru|V|Data|Object-Head|17.00|20.00|20.00|20.00|100.0
109|03|09|3475|Other General Economic Services|00||196||1||01|Rural Market Infrastructure Scheme|409|Dakshina Kannada|3475-00-196-1-01|Dakshina Kannada|V|Data|Object-Head|53.00|53.00|53.00|53.00|100.0
109|03|09|3475|Other General Economic Services|00||196||1||01|Rural Market Infrastructure Scheme|410|Hassan|3475-00-196-1-01|Hassan|V|Data|Object-Head|3.50|3.50|3.50|3.50|100.0
109|03|09|3475|Other General Economic Services|00||196||1||01|Rural Market Infrastructure Scheme|411|Kodagu|3475-00-196-1-01|Kodagu|V|Data|Object-Head|17.00|17.00|17.00|18.00|100.0
109|03|09|3475|Other General Economic Services|00||196||1||01|Rural Market Infrastructure Scheme|412|Mandya|3475-00-196-1-01|Mandya|V|Data|Object-Head|15.00|15.00|15.00|18.00|100.0
109|03|09|3475|Other General Economic Services|00||196||1||01|Rural Market Infrastructure Scheme|413|Belagavi|3475-00-196-1-01|Belagavi|V|Data|Object-Head|21.00|21.00|21.00|25.00|100.0
109|03|09|3475|Other General Economic Services|00||196||1||01|Rural Market Infrastructure Scheme|414|Vijayapura|3475-00-196-1-01|Vijayapura|V|Data|Object-Head|7.00|7.00|7.00|10.00|100.0
109|03|09|3475|Other General Economic Services|00||196||1||01|Rural Market Infrastructure Scheme|415|Dharwad|3475-00-196-1-01|Dharwad|V|Data|Object-Head|21.00|21.00|21.00|21.00|100.0
109|03|09|3475|Other General Economic Services|00||196||1||01|Rural Market Infrastructure Scheme|416|Uttara Kannada|3475-00-196-1-01|Uttara Kannada|V|Data|Object-Head|16.00|16.00|16.00|12.00|100.0
109|03|09|3475|Other General Economic Services|00||196||1||01|Rural Market Infrastructure Scheme|417|Kalaburagi|3475-00-196-1-01|Kalaburagi|V|Data|Object-Head|11.00|11.00|11.00|11.00|100.0
109|03|09|3475|Other General Economic Services|00||196||1||01|Rural Market Infrastructure Scheme|419|Bidar|3475-00-196-1-01|Bidar|V|Data|Object-Head|13.00|14.00|14.00|15.00|100.0
110|03|09|3475|Other General Economic Services|00||196||1||01|Rural Market Infrastructure Scheme|420|Raichur|3475-00-196-1-01|Raichur|V|Data|Object-Head|17.00|20.00|20.00|20.00|100.0
110|03|09|3475|Other General Economic Services|00||196||1||01|Rural Market Infrastructure Scheme|421|Yadgiri|3475-00-196-1-01|Yadgiri|V|Data|Object-Head|16.00|20.00|20.00|25.00|100.0
110|03|09|3475|Other General Economic Services|00||196||1||01|Rural Market Infrastructure Scheme|451|Davanagere|3475-00-196-1-01|Davanagere|V|Data|Object-Head|2.00|2.00|2.00|5.00|100.0
110|03|09|3475|Other General Economic Services|00||196||1||01|Rural Market Infrastructure Scheme|452|Bengaluru South|3475-00-196-1-01|Bengaluru South|V|Data|Object-Head|26.00|30.00|30.00|35.00|100.0
110|03|09|3475|Other General Economic Services|00||196||1||01|Rural Market Infrastructure Scheme|453|Chikkaballapura|3475-00-196-1-01|Chikkaballapura|V|Data|Object-Head|22.00|22.00|22.00|25.00|100.0
110|03|09|3475|Other General Economic Services|00||196||1||01|Rural Market Infrastructure Scheme|456|Chamarajanagar|3475-00-196-1-01|Chamarajanagar|V|Data|Object-Head|21.00|22.00|22.00|22.00|100.0
110|03|09|3475|Other General Economic Services|00||196||1||01|Rural Market Infrastructure Scheme|461|Bagalkot|3475-00-196-1-01|Bagalkot|V|Data|Object-Head|16.00|18.00|18.00|18.00|100.0
110|03|09|3475|Other General Economic Services|00||196||1||01|Rural Market Infrastructure Scheme|462|Gadag|3475-00-196-1-01|Gadag|V|Data|Object-Head|26.00|26.00|26.00|26.00|100.0
110|03|09|3475|Other General Economic Services|00||196||1||01|Rural Market Infrastructure Scheme|463|Haveri|3475-00-196-1-01|Haveri|V|Data|Object-Head|7.00|7.00|7.00|7.00|100.0
110|03|09|3475|Other General Economic Services|00||196||1||01|Rural Market Infrastructure Scheme|466|Koppal|3475-00-196-1-01|Koppal|V|Data|Object-Head|17.00|17.00|17.00|17.00|100.0
110|03|09|3475|Other General Economic Services|00||196||1||01|Rural Market Infrastructure Scheme|||3475-00-196-1-01|HOA Total :|V|Total|Detailed-Head|434.50|462.50|462.50|491.50|100.0
110|03|09|3475|Other General Economic Services|00||911||0||00|Deduct Recoveries of Over Payment|||3475-00-911-0-00|Deduct Recoveries of Over Payment|V|Header|Detailed-Head|||||100.0
110|03|09|3475|Other General Economic Services|00||911||0||00|Deduct Recoveries of Over Payment|364|Deduct - Recoveries|3475-00-911-0-00|Deduct - Recoveries|V|Data|Object-Head|-0.22||||100.0
110|03|09|3475|Other General Economic Services|00||911||0||00|Deduct Recoveries of Over Payment|||3475-00-911-0-00|HOA Total :|V|Total|Detailed-Head|-0.22|0.00|0.00|0.00|100.0
110|03|09|3475|Other General Economic Services|00||911||0||01|Deduct-Recovery of Overpayments|||3475-00-911-0-01|Deduct-Recovery of Overpayments|V|Header|Detailed-Head|||||100.0
110|03|09|3475|Other General Economic Services|00||911||0||01|Deduct-Recovery of Overpayments|364|Deduct - Recoveries|3475-00-911-0-01|Deduct - Recoveries|V|Data|Object-Head|-0.43||||100.0
110|03|09|3475|Other General Economic Services|00||911||0||01|Deduct-Recovery of Overpayments|||3475-00-911-0-01|HOA Total :|V|Total|Detailed-Head|-0.43|0.00|0.00|0.00|100.0
110|03|09|3475|Other General Economic Services|00||911||0||02|Deduct-Recovery of Overpayments|||3475-00-911-0-02|Deduct-Recovery of Overpayments|V|Header|Detailed-Head|||||100.0
110|03|09|3475|Other General Economic Services|00||911||0||02|Deduct-Recovery of Overpayments|364|Deduct - Recoveries|3475-00-911-0-02|Deduct - Recoveries|V|Data|Object-Head|-0.16||||100.0
110|03|09|3475|Other General Economic Services|00||911||0||02|Deduct-Recovery of Overpayments|||3475-00-911-0-02|HOA Total :|V|Total|Detailed-Head|-0.16|0.00|0.00|0.00|100.0
111|03|09|3475|Other General Economic Services|00||911|Deduct Recoveries of Over Payment|0||04|Deduct Recovery of Over Payment of Previous years-ZP|||3475-00-911-0-04|Deduct Recovery of Over Payment of Previous years-ZP|V|Header|Detailed-Head|||||100.0
111|03|09|3475|Other General Economic Services|00||911|Deduct Recoveries of Over Payment|0||04|Deduct Recovery of Over Payment of Previous years-ZP|261|Inter Account Transfers|3475-00-911-0-04|Inter Account Transfers|V|Data|Object-Head||-106.90|-106.90|-452.44|100.0
111|03|09|3475|Other General Economic Services|00||911|Deduct Recoveries of Over Payment|0||04|Deduct Recovery of Over Payment of Previous years-ZP|||3475-00-911-0-04|HOA Total :|V|Total|Detailed-Head|0.00|-106.90|-106.90|-452.44|100.0
111|03|09|3475|Other General Economic Services|00||||||||||3475|3475 - Total :|V|Total|Major-Head|14624.43|16214.14|16340.54|16074.58|
112|03|09|4425|Capital Outlay on Co-operation|00||001||0||01|Capital Expenses- Co operation Department|||4425-00-001-0-01|Capital Expenses- Co operation Department|V|Header|Detailed-Head|||||100.0
112|03|09|4425|Capital Outlay on Co-operation|00||001||0||01|Capital Expenses- Co operation Department|053|Purchase of Furniture and Fixture for Office|4425-00-001-0-01|Purchase of Furniture and Fixture for Office|V|Data|Object-Head||10.00|10.00|10.00|100.0
112|03|09|4425|Capital Outlay on Co-operation|00||001||0||01|Capital Expenses- Co operation Department|180|Machinery and Equipments|4425-00-001-0-01|Machinery and Equipments|V|Data|Object-Head|24.54|30.00|30.00|30.00|100.0
112|03|09|4425|Capital Outlay on Co-operation|00||001||0||01|Capital Expenses- Co operation Department|386|Purchase/Construction of Buildings|4425-00-001-0-01|Purchase/Construction of Buildings|V|Data|Object-Head|||200.00|250.00|100.0
112|03|09|4425|Capital Outlay on Co-operation|00||001||0||01|Capital Expenses- Co operation Department|||4425-00-001-0-01|HOA Total :|V|Total|Detailed-Head|24.54|40.00|240.00|290.00|100.0
112|03|09|4425|Capital Outlay on Co-operation|00||001||0||02|CSS-Central Share- Computerization of Office of Registrar of Cooperative Societies(RCS)|||4425-00-001-0-02|CSS-Central Share- Computerization of Office of Registrar of Cooperative Societies(RCS)|V|Header|Detailed-Head|||||100.0
112|03|09|4425|Capital Outlay on Co-operation|00||001||0||02|CSS-Central Share- Computerization of Office of Registrar of Cooperative Societies(RCS)|180|Machinery and Equipments|4425-00-001-0-02|Machinery and Equipments|V|Data|Object-Head||20.00|20.00|20.00|100.0
112|03|09|4425|Capital Outlay on Co-operation|00||001||0||02|CSS-Central Share- Computerization of Office of Registrar of Cooperative Societies(RCS)|||4425-00-001-0-02|HOA Total :|V|Total|Detailed-Head|0.00|20.00|20.00|20.00|100.0
112|03|09|4425|Capital Outlay on Co-operation|00||001||0||03|CSS-State Share- Computerization of Office of Registrar of Cooperative Societies(RCS)|||4425-00-001-0-03|CSS-State Share- Computerization of Office of Registrar of Cooperative Societies(RCS)|V|Header|Detailed-Head|||||100.0
112|03|09|4425|Capital Outlay on Co-operation|00||001||0||03|CSS-State Share- Computerization of Office of Registrar of Cooperative Societies(RCS)|180|Machinery and Equipments|4425-00-001-0-03|Machinery and Equipments|V|Data|Object-Head||10.00|10.00|10.00|100.0
112|03|09|4425|Capital Outlay on Co-operation|00||001||0||03|CSS-State Share- Computerization of Office of Registrar of Cooperative Societies(RCS)|||4425-00-001-0-03|HOA Total :|V|Total|Detailed-Head|0.00|10.00|10.00|10.00|100.0
112|03|09|4425|Capital Outlay on Co-operation|00||001||0||04|CSS-Central Share-(100% GoI)- Software Development RCS Office|||4425-00-001-0-04|CSS-Central Share-(100% GoI)- Software Development RCS Office|V|Header|Detailed-Head|||||100.0
112|03|09|4425|Capital Outlay on Co-operation|00||001||0||04|CSS-Central Share-(100% GoI)- Software Development RCS Office|180|Machinery and Equipments|4425-00-001-0-04|Machinery and Equipments|V|Data|Object-Head||100.00|100.00|100.00|100.0
112|03|09|4425|Capital Outlay on Co-operation|00||001||0||04|CSS-Central Share-(100% GoI)- Software Development RCS Office|||4425-00-001-0-04|HOA Total :|V|Total|Detailed-Head|0.00|100.00|100.00|100.00|100.0
113|03|09|4425|Capital Outlay on Co-operation|00||001||0||05|CSS-Central Share- Computerization of Agriculture and Rural Development Banks(ARDBs)|||4425-00-001-0-05|CSS-Central Share- Computerization of Agriculture and Rural Development Banks(ARDBs)|V|Header|Detailed-Head|||||100.0
113|03|09|4425|Capital Outlay on Co-operation|00||001||0||05|CSS-Central Share- Computerization of Agriculture and Rural Development Banks(ARDBs)|180|Machinery and Equipments|4425-00-001-0-05|Machinery and Equipments|V|Data|Object-Head||200.00|200.00|200.00|100.0
113|03|09|4425|Capital Outlay on Co-operation|00||001||0||05|CSS-Central Share- Computerization of Agriculture and Rural Development Banks(ARDBs)|||4425-00-001-0-05|HOA Total :|V|Total|Detailed-Head|0.00|200.00|200.00|200.00|100.0
113|03|09|4425|Capital Outlay on Co-operation|00||001||0||06|CSS-State Share- Computerization of Agriculture and Rural Development Banks(ARDBs)|||4425-00-001-0-06|CSS-State Share- Computerization of Agriculture and Rural Development Banks(ARDBs)|V|Header|Detailed-Head|||||100.0
113|03|09|4425|Capital Outlay on Co-operation|00||001||0||06|CSS-State Share- Computerization of Agriculture and Rural Development Banks(ARDBs)|180|Machinery and Equipments|4425-00-001-0-06|Machinery and Equipments|V|Data|Object-Head||100.00|100.00|100.00|100.0
113|03|09|4425|Capital Outlay on Co-operation|00||001||0||06|CSS-State Share- Computerization of Agriculture and Rural Development Banks(ARDBs)|||4425-00-001-0-06|HOA Total :|V|Total|Detailed-Head|0.00|100.00|100.00|100.00|100.0
113|03|09|4425|Capital Outlay on Co-operation|00||107||0||17|Share Capital Investment in DCC Banks|||4425-00-107-0-17|Share Capital Investment in DCC Banks|V|Header|Detailed-Head|||||100.0
113|03|09|4425|Capital Outlay on Co-operation|00||107||0||17|Share Capital Investment in DCC Banks|211|Investment|4425-00-107-0-17|Investment|V|Data|Object-Head|10.00||10.00||100.0
113|03|09|4425|Capital Outlay on Co-operation|00||107||0||17|Share Capital Investment in DCC Banks|||4425-00-107-0-17|HOA Total :|V|Total|Detailed-Head|10.00|0.00|10.00|0.00|100.0
113|03|09|4425|Capital Outlay on Co-operation|00||||||||||4425|4425 - Total :|V|Total|Major-Head|34.54|470.00|680.00|720.00|
114|03|09|5475|Capital Outlay on Other General Economic Services|00||102||2||01|Improvement of Rural Market - NABARD|||5475-00-102-2-01|Improvement of Rural Market - NABARD|V|Header|Detailed-Head|||||100.0
114|03|09|5475|Capital Outlay on Other General Economic Services|00||102||2||01|Improvement of Rural Market - NABARD|436|NABARD Works|5475-00-102-2-01|NABARD Works|V|Data|Object-Head|11365.20|8270.00|8270.00|13651.00|100.0
114|03|09|5475|Capital Outlay on Other General Economic Services|00||102||2||01|Improvement of Rural Market - NABARD|||5475-00-102-2-01|HOA Total :|V|Total|Detailed-Head|11365.20|8270.00|8270.00|13651.00|100.0
114|03|09|5475|Capital Outlay on Other General Economic Services|00||||||||||5475|5475 - Total :|V|Total|Major-Head|11365.20|8270.00|8270.00|13651.00|
115|03|09|6408|Loans for Food Storage and Ware Housing|02|||||||||||Loans for Food Storage and Ware Housing|V|Header|Major-Head|||||
115|03|09|6408|Loans for Food Storage and Ware Housing|02||190||1||01|Loans to Karnataka State Warehousing Corporation -RIDF Loans|||6408-02-190-1-01|Loans to Karnataka State Warehousing Corporation -RIDF Loans|V|Header|Detailed-Head|||||100.0
115|03|09|6408|Loans for Food Storage and Ware Housing|02||190||1||01|Loans to Karnataka State Warehousing Corporation -RIDF Loans|394|Loans|6408-02-190-1-01|Loans|V|Data|Object-Head|10000.00|4754.00|4754.00||100.0
115|03|09|6408|Loans for Food Storage and Ware Housing|02||190||1||01|Loans to Karnataka State Warehousing Corporation -RIDF Loans|||6408-02-190-1-01|HOA Total :|V|Total|Detailed-Head|10000.00|4754.00|4754.00|0.00|100.0
115|03|09|6408|Loans for Food Storage and Ware Housing|02||||||||||6408|6408 - Total :|V|Total|Major-Head|10000.00|4754.00|4754.00|0.00|
116|03|09|6416|Loans to Agricultural Financial Institutions|00|||||||||||Loans to Agricultural Financial Institutions|V|Header|Major-Head|||||
116|03|09|6416|Loans to Agricultural Financial Institutions|00||190||1||01|Refinance to KSCARD Bank|||6416-00-190-1-01|Refinance to KSCARD Bank|V|Header|Detailed-Head|||||100.0
116|03|09|6416|Loans to Agricultural Financial Institutions|00||190||1||01|Refinance to KSCARD Bank|394|Loans|6416-00-190-1-01|Loans|V|Data|Object-Head||||1600.00|100.0
116|03|09|6416|Loans to Agricultural Financial Institutions|00||190||1||01|Refinance to KSCARD Bank|395|Loans to PSUs & Local Bodies|6416-00-190-1-01|Loans to PSUs & Local Bodies|V|Data|Object-Head|1600.00|1600.00|1600.00||100.0
116|03|09|6416|Loans to Agricultural Financial Institutions|00||190||1||01|Refinance to KSCARD Bank||||HOA Total :|V|Total|Detailed-Head|1600.00|1600.00|1600.00|1600.00|100.0
116|03|09|6416|Loans to Agricultural Financial Institutions|00||||||||||6416|6416 - Total :|V|Total|Major-Head|1600.00|1600.00|1600.00|1600.00|
