Source_Page_Number|Volume_Number|Demand_Number|Major_Head_Code|Major_Head_Name|Sub_Major_Head_Code|Sub_Major_Head_Name|Minor_Head_Code|Minor_Head_Name|Sub_Head_Code|Sub_Head_Name|Detailed_Head_Code|Detailed_Head_Name|Object_Head_Code|Object_Head_Description|Full_Account_Code|Description|Vote_Charge_Marker|Row_Type|Row_Level|Financial_Col_1|Financial_Col_2|Financial_Col_3|Financial_Col_4|Avg_Accuracy_%
1|02|12|2220|Information and Publicity|||||||||||2220|Information and Publicity|V|Header|Major-Head|||||
1|02|12|2220|Information and Publicity|01||105||0||02|Kannada Film Academy|||2220-01-105-0-02|Kannada Film Academy|V|Header|Detailed-Head|||||100.0
1|02|12|2220|Information and Publicity|01||105||0||02|Kannada Film Academy|101|Grants-in-Aid-Salaries|2220-01-105-0-02|Grants-in-Aid-Salaries|V|Data|Object-Head|15.60|17.12|17.12|17.73|100.0
1|02|12|2220|Information and Publicity|01||105||0||02|Kannada Film Academy|103|Grants-in-Aid -General|2220-01-105-0-02|Grants-in-Aid -General|V|Data|Object-Head|35.00|200.00|200.00|200.00|100.0
1|02|12|2220|Information and Publicity|01||105||0||02|Kannada Film Academy|115|GIA Contract /Outsource|2220-01-105-0-02|GIA Contract /Outsource|V|Data|Object-Head|16.39|21.96|21.96|17.89|100.0
1|02|12|2220|Information and Publicity|01||105||0||02|Kannada Film Academy|||2220-01-105-0-02|HOA Total:|V|Total|Detailed-Head|66.99|239.08|239.08|235.62|100.0
1|02|12|2220|Information and Publicity|01||105||0||03|International Film Festival|||2220-01-105-0-03|International Film Festival|V|Header|Detailed-Head|||||100.0
1|02|12|2220|Information and Publicity|01||105||0||03|International Film Festival|059|Other Expenses|2220-01-105-0-03|Other Expenses|V|Data|Object-Head|700.00|200.00|700.00|200.00|100.0
1|02|12|2220|Information and Publicity|01||105||0||03|International Film Festival|||2220-01-105-0-03|HOA Total:|V|Total|Detailed-Head|700.00|200.00|700.00|200.00|100.0
1|02|12|2220|Information and Publicity|01||800||0||14|Establishment of Memorials|||2220-01-800-0-14|Establishment of Memorials|V|Header|Detailed-Head|||||100.0
1|02|12|2220|Information and Publicity|01||800||0||14|Establishment of Memorials|100|Financial Assistance/Relief|2220-01-800-0-14|Financial Assistance/Relief|V|Data|Object-Head|494.07|300.00|350.00|300.00|100.0
1|02|12|2220|Information and Publicity|01||800||0||14|Establishment of Memorials|200|Maintenance Expenditure|2220-01-800-0-14|Maintenance Expenditure|V|Data|Object-Head|75.00|100.00|100.00|100.00|100.0
1|02|12|2220|Information and Publicity|01||800||0||14|Establishment of Memorials|||2220-01-800-0-14|HOA Total:|V|Total|Detailed-Head|569.07|400.00|450.00|400.00|100.0
1|02|12|2220|Information and Publicity|60||001||0||01|Directorate of Information & Publicity|||2220-60-001-0-01|Directorate of Information & Publicity|V|Header|Detailed-Head|||||100.0
1|02|12|2220|Information and Publicity|60||001||0||01|Directorate of Information & Publicity|002|Basic Pay|2220-60-001-0-01|Basic Pay|V|Data|Object-Head|255.82|1213.00|1213.00|1192.00|100.0
1|02|12|2220|Information and Publicity|60||001||0||01|Directorate of Information & Publicity|003|Basic Pay-Staff|2220-60-001-0-01|Basic Pay-Staff|V|Data|Object-Head|666.68||||100.0
1|02|12|2220|Information and Publicity|60||001||0||01|Directorate of Information & Publicity|004|Interim Relief|2220-60-001-0-01|Interim Relief|V|Data|Object-Head|63.07||||100.0
1|02|12|2220|Information and Publicity|60||001||0||01|Directorate of Information & Publicity|011|Dearness Allowance|2220-60-001-0-01|Dearness Allowance|V|Data|Object-Head|226.42|267.00|267.00|311.00|100.0
1|02|12|2220|Information and Publicity|60||001||0||01|Directorate of Information & Publicity|014|Other Allowance|2220-60-001-0-01|Other Allowance|V|Data|Object-Head|156.72|208.00|208.00|192.00|100.0
1|02|12|2220|Information and Publicity|60||001||0||01|Directorate of Information & Publicity|015|Subsidiary Expenses|2220-60-001-0-01|Subsidiary Expenses|V|Data|Object-Head|1.10|2.00|2.00|2.00|100.0
1|02|12|2220|Information and Publicity|60||001||0||01|Directorate of Information & Publicity|020|Medical Allowance|2220-60-001-0-01|Medical Allowance|V|Data|Object-Head|4.74||||100.0
1|02|12|2220|Information and Publicity|60||001||0||01|Directorate of Information & Publicity|021|Reimbursement of Medical Expenses|2220-60-001-0-01|Reimbursement of Medical Expenses|V|Data|Object-Head|10.62|15.00|15.00|15.00|100.0
1|02|12|2220|Information and Publicity|60||001||0||01|Directorate of Information & Publicity|034|Contract/Outsource|2220-60-001-0-01|Contract/Outsource|V|Data|Object-Head|299.66|286.84|486.84|335.41|100.0
1|02|12|2220|Information and Publicity|60||001||0||01|Directorate of Information & Publicity|041|Travel Expenses|2220-60-001-0-01|Travel Expenses|V|Data|Object-Head|13.84|15.00|15.00|15.00|100.0
1|02|12|2220|Information and Publicity|60||001||0||01|Directorate of Information & Publicity|050|Office Expenses|2220-60-001-0-01|Office Expenses|V|Data|Object-Head|70.99|96.00|96.00|98.00|100.0
2|02|12|2220|Information and Publicity|60||001||0||01|Directorate of Information & Publicity|051|General Expenses|2220-60-001-0-01|General Expenses|V|Data|Object-Head|22.99|26.00|26.00|27.00|100.0
2|02|12|2220|Information and Publicity|60||001||0||01|Directorate of Information & Publicity|052|Telephone Charges|2220-60-001-0-01|Telephone Charges|V|Data|Object-Head|14.51||||100.0
2|02|12|2220|Information and Publicity|60||001||0||01|Directorate of Information & Publicity|059|Other Expenses|2220-60-001-0-01|Other Expenses|V|Data|Object-Head|97.24|80.00|80.00|80.00|100.0
2|02|12|2220|Information and Publicity|60||001||0||01|Directorate of Information & Publicity|071|Building Expenses|2220-60-001-0-01|Building Expenses|V|Data|Object-Head|49.53|50.00|50.00|50.00|100.0
2|02|12|2220|Information and Publicity|60||001||0||01|Directorate of Information & Publicity|100|Financial Assistance/Relief|2220-60-001-0-01|Financial Assistance/Relief|V|Data|Object-Head|306.40|390.64|390.64|2400.00|100.0
2|02|12|2220|Information and Publicity|60||001||0||01|Directorate of Information & Publicity|106|Subsidies|2220-60-001-0-01|Subsidies|V|Data|Object-Head|638.91||1800.00|100.00|100.0
2|02|12|2220|Information and Publicity|60||001||0||01|Directorate of Information & Publicity|195|Transport Expenses|2220-60-001-0-01|Transport Expenses|V|Data|Object-Head|78.86|103.48|103.48|260.86|100.0
2|02|12|2220|Information and Publicity|60||001||0||01|Directorate of Information & Publicity|200|Maintenance Expenditure|2220-60-001-0-01|Maintenance Expenditure|V|Data|Object-Head|87.27|40.00|40.00|40.00|100.0
2|02|12|2220|Information and Publicity|60||001||0||01|Directorate of Information & Publicity|||2220-60-001-0-01|HOA Total:|V|Total|Detailed-Head|3065.37|2792.96|4792.96|5118.27|100.0
2|02|12|2220|Information and Publicity|60||001||0||50|Vacant Post Provision|||2220-60-001-0-50|Vacant Post Provision|V|Header|Detailed-Head|||||100.0
2|02|12|2220|Information and Publicity|60||001||0||50|Vacant Post Provision|014|Other Allowance|2220-60-001-0-50|Other Allowance|V|Data|Object-Head||1970.76|1751.66|2445.76|100.0
2|02|12|2220|Information and Publicity|60||001||0||50|Vacant Post Provision|||2220-60-001-0-50|HOA Total:|V|Total|Detailed-Head|0.00|1970.76|1751.66|2445.76|100.0
2|02|12|2220|Information and Publicity|60||101||0||04|Karnataka State Temperance Board|||2220-60-101-0-04|Karnataka State Temperance Board|V|Header|Detailed-Head|||||100.0
2|02|12|2220|Information and Publicity|60||101||0||04|Karnataka State Temperance Board|101|Grants-in-Aid-Salaries|2220-60-101-0-04|Grants-in-Aid-Salaries|V|Data|Object-Head|20.11|29.33|29.33|18.39|100.0
2|02|12|2220|Information and Publicity|60||101||0||04|Karnataka State Temperance Board|103|Grants-in-Aid -General|2220-60-101-0-04|Grants-in-Aid -General|V|Data|Object-Head|110.00|110.00|110.00|110.00|100.0
2|02|12|2220|Information and Publicity|60||101||0||04|Karnataka State Temperance Board|115|GIA Contract /Outsource|2220-60-101-0-04|GIA Contract /Outsource|V|Data|Object-Head|14.56|15.15|15.15|18.05|100.0
2|02|12|2220|Information and Publicity|60||101||0||04|Karnataka State Temperance Board|||2220-60-101-0-04|HOA Total:|V|Total|Detailed-Head|144.67|154.48|154.48|146.44|100.0
2|02|12|2220|Information and Publicity|60||103||0||03|Karnataka Press Academy|||2220-60-103-0-03|Karnataka Press Academy|V|Header|Detailed-Head|||||100.0
2|02|12|2220|Information and Publicity|60||103||0||03|Karnataka Press Academy|101|Grants-in-Aid-Salaries|2220-60-103-0-03|Grants-in-Aid-Salaries|V|Data|Object-Head|26.27|32.73|32.73|55.70|100.0
2|02|12|2220|Information and Publicity|60||103||0||03|Karnataka Press Academy|103|Grants-in-Aid -General|2220-60-103-0-03|Grants-in-Aid -General|V|Data|Object-Head|105.00|170.00|170.00|200.00|100.0
2|02|12|2220|Information and Publicity|60||103||0||03|Karnataka Press Academy|115|GIA Contract /Outsource|2220-60-103-0-03|GIA Contract /Outsource|V|Data|Object-Head|5.76|13.76|13.76|14.06|100.0
2|02|12|2220|Information and Publicity|60||103||0||03|Karnataka Press Academy|||2220-60-103-0-03|HOA Total:|V|Total|Detailed-Head|137.03|216.49|216.49|269.76|100.0
3|2|12|2220|Information and Publicity|60||106||0||04|Mass Communication & Field Publicity|||2220-60-106-0-04|Mass Communication & Field Publicity|V|Header|Detailed-Head|||||100.0
3|2|12|2220|Information and Publicity|60||106||0||04|Mass Communication & Field Publicity|002|Basic Pay|2220-60-106-0-04|Basic Pay|V|Data|Object-Head|113.22|608.00|618.33|603.00|100.0
3|2|12|2220|Information and Publicity|60||106||0||04|Mass Communication & Field Publicity|003|Basic Pay-Staff|2220-60-106-0-04|Basic Pay-Staff|V|Data|Object-Head|462.04||||100.0
3|2|12|2220|Information and Publicity|60||106||0||04|Mass Communication & Field Publicity|004|Interim Relief|2220-60-106-0-04|Interim Relief|V|Data|Object-Head|39.99||||100.0
3|2|12|2220|Information and Publicity|60||106||0||04|Mass Communication & Field Publicity|011|Dearness Allowance|2220-60-106-0-04|Dearness Allowance|V|Data|Object-Head|146.79|134.00|134.00|151.00|100.0
3|2|12|2220|Information and Publicity|60||106||0||04|Mass Communication & Field Publicity|014|Other Allowance|2220-60-106-0-04|Other Allowance|V|Data|Object-Head|120.47|107.00|115.77|106.00|100.0
3|2|12|2220|Information and Publicity|60||106||0||04|Mass Communication & Field Publicity|020|Medical Allowance|2220-60-106-0-04|Medical Allowance|V|Data|Object-Head|3.48||||100.0
3|2|12|2220|Information and Publicity|60||106||0||04|Mass Communication & Field Publicity|021|Reimbursement of Medical Expenses|2220-60-106-0-04|Reimbursement of Medical Expenses|V|Data|Object-Head|2.19|15.00|15.00|15.00|100.0
3|2|12|2220|Information and Publicity|60||106||0||04|Mass Communication & Field Publicity|041|Travel Expenses|2220-60-106-0-04|Travel Expenses|V|Data|Object-Head|0.97|1.00|1.00|1.00|100.0
3|2|12|2220|Information and Publicity|60||106||0||04|Mass Communication & Field Publicity|050|Office Expenses|2220-60-106-0-04|Office Expenses|V|Data|Object-Head||3.00|3.00|3.00|100.0
3|2|12|2220|Information and Publicity|60||106||0||04|Mass Communication & Field Publicity|051|General Expenses|2220-60-106-0-04|General Expenses|V|Data|Object-Head|1261.42|500.00|500.00|500.00|100.0
3|2|12|2220|Information and Publicity|60||106||0||04|Mass Communication & Field Publicity|052|Telephone Charges|2220-60-106-0-04|Telephone Charges|V|Data|Object-Head|1.97||||100.0
3|2|12|2220|Information and Publicity|60||106||0||04|Mass Communication & Field Publicity|071|Building Expenses|2220-60-106-0-04|Building Expenses|V|Data|Object-Head|1.00|1.00|1.00|1.00|100.0
3|2|12|2220|Information and Publicity|60||106||0||04|Mass Communication & Field Publicity|195|Transport Expenses|2220-60-106-0-04|Transport Expenses|V|Data|Object-Head|3.13|14.14|14.14||100.0
3|2|12|2220|Information and Publicity|60||106||0||04|Mass Communication & Field Publicity|221|Materials and Supplies|2220-60-106-0-04|Materials and Supplies|V|Data|Object-Head|0.97|1.00|1.00||100.0
3|2|12|2220|Information and Publicity|60||106||0||04|Mass Communication & Field Publicity|||2220-60-106-0-04|HOA Total:|V|Total|Detailed-Head|2157.64|1384.14|1403.24|1380.00|100.0
3|2|12|2220|Information and Publicity|60||106||0||05|Publicity and IEC for Government Programmes|||2220-60-106-0-05|Publicity and IEC for Government Programmes|V|Header|Detailed-Head|||||100.0
3|2|12|2220|Information and Publicity|60||106||0||05|Publicity and IEC for Government Programmes|059|Other Expenses|2220-60-106-0-05|Other Expenses|V|Data|Object-Head|20042.50|10500.00|10500.00|10500.00|100.0
3|2|12|2220|Information and Publicity|60||106||0||05|Publicity and IEC for Government Programmes|422|Schedule Caste Sub Plan|2220-60-106-0-05|Schedule Caste Sub Plan|V|Data|Object-Head|4778.75|2100.00|2100.00|2100.00|100.0
3|2|12|2220|Information and Publicity|60||106||0||05|Publicity and IEC for Government Programmes|423|Tribal Sub Plan|2220-60-106-0-05|Tribal Sub Plan|V|Data|Object-Head|866.21|900.00|900.00|900.00|100.0
3|2|12|2220|Information and Publicity|60||106||0||05|Publicity and IEC for Government Programmes|||2220-60-106-0-05|HOA Total:|V|Total|Detailed-Head|25687.46|13500.00|13500.00|13500.00|100.0
3|2|12|2220|Information and Publicity|60||800||0||21|Unspent SCSP-TSP Amount as per the SCSP-TSPAct 2013|||2220-60-800-0-21|Unspent SCSP-TSP Amount as per the SCSP-TSPAct 2013|V|Header|Detailed-Head|||||100.0
3|2|12|2220|Information and Publicity|60||800||0||21|Unspent SCSP-TSP Amount as per the SCSP-TSPAct 2013|422|Schedule Caste Sub Plan|2220-60-800-0-21|Schedule Caste Sub Plan|V|Data|Object-Head||7.21|7.21||100.0
4|2|12|2220|Information and Publicity|60||800|Other Expenditure|0||21|Unspent SCSP-TSP Amount as per the SCSP-TSPAct 2013|423|Tribal Sub Plan|2220-60-800-0-21|Tribal Sub Plan|V|Data|Object-Head||3.71|3.71||100.0
4|2|12|2220|Information and Publicity|60||800|Other Expenditure|0||21|Unspent SCSP-TSP Amount as per the SCSP-TSPAct 2013|||2220-60-800-0-21|HOA Total :|V|Total|Detailed-Head|0.00|10.92|10.92|0.00|100.0
4|2|12|2220|Information and Publicity|60||911|Deduct - Recoveries of Overpayments|0||00|Deduct - Recoveries of Overpayments||||2220-60-911-0-00|Deduct - Recoveries of Overpayments|Header|Detailed-Head|||||100.0
4|2|12|2220|Information and Publicity|60||911|Deduct - Recoveries of Overpayments|0||00|Deduct - Recoveries of Overpayments|364|Deduct - Recoveries|2220-60-911-0-00|Deduct - Recoveries|V|Data|Object-Head|-0.01||||100.0
4|2|12|2220|Information and Publicity|60||911|Deduct - Recoveries of Overpayments|0||00|Deduct - Recoveries of Overpayments|||2220-60-911-0-00|HOA Total :|V|Total|Detailed-Head|-0.01|0.00|0.00|0.00|100.0
4|2|12|2220|Information and Publicity|60||911|Deduct - Recoveries of Overpayments|0||01|Deduct Recovery of Over Payments of Current Year||||2220-60-911-0-01|Deduct Recovery of Over Payments of Current Year|Header|Detailed-Head|||||100.0
4|2|12|2220|Information and Publicity|60||911|Deduct - Recoveries of Overpayments|0||01|Deduct Recovery of Over Payments of Current Year|364|Deduct - Recoveries|2220-60-911-0-01|Deduct - Recoveries|V|Data|Object-Head|-0.79||||100.0
4|2|12|2220|Information and Publicity|60||911|Deduct - Recoveries of Overpayments|0||01|Deduct Recovery of Over Payments of Current Year|||2220-60-911-0-01|HOA Total :|V|Total|Detailed-Head|-0.79|0.00|0.00|0.00|100.0
4|2|12|2220|Information and Publicity|60||911|Deduct - Recoveries of Overpayments|0||02|Deduct-Recovery of Overpayments||||2220-60-911-0-02|Deduct-Recovery of Overpayments|Header|Detailed-Head|||||100.0
4|2|12|2220|Information and Publicity|60||911|Deduct - Recoveries of Overpayments|0||02|Deduct-Recovery of Overpayments|364|Deduct - Recoveries|2220-60-911-0-02|Deduct - Recoveries|V|Data|Object-Head|-800.25||||100.0
4|2|12|2220|Information and Publicity|60||911|Deduct - Recoveries of Overpayments|0||02|Deduct-Recovery of Overpayments|||2220-60-911-0-02|HOA Total :|V|Total|Detailed-Head|-800.25|0.00|0.00|0.00|100.0
4|2|12|2220|Information and Publicity|60||||||||||2220|2220 - Total :|V|Total|Major-Head|31727.18|20868.83|23218.83|23695.85|
5|2|12|4220|Capital Outlay on Information & Publicity|60||||||||||4220|Capital Outlay on Information & Publicity||Header|Major-Head|||||
5|2|12|4220|Capital Outlay on Information & Publicity|60||101||1||01|Capital Expenses-Information Department|||4220-60-101-1-01|Capital Expenses-Information Department||Header|Detailed-Head|||||100.0
5|2|12|4220|Capital Outlay on Information & Publicity|60||101||1||01|Capital Expenses-Information Department|132|Other Capital Expenses|4220-60-101-1-01|Other Capital Expenses||Data|Object-Head||||100.00|100.0
5|2|12|4220|Capital Outlay on Information & Publicity|60||101||1||01|Capital Expenses-Information Department|199|Transportation Assets|4220-60-101-1-01|Transportation Assets||Data|Object-Head||50.00|403.57|250.00|100.0
5|2|12|4220|Capital Outlay on Information & Publicity|60||101||1||01|Capital Expenses-Information Department|||4220-60-101-1-01|HOA Total :||Total|Detailed-Head|0.00|50.00|403.57|350.00|100.0
5|2|12|4220|Capital Outlay on Information & Publicity|60||||||||||4220|4220 - Total :||Total|Major-Head|0.00|50.00|403.57|350.00|
6|2|12|2205|Art and Culture|00||||||||||2205|Art and Culture||Header|Major-Head|||||
6|2|12|2205|Art and Culture|00||101||0||11|Karnataka Exhibition Authority|||2205-00-101-0-11|Karnataka Exhibition Authority||Header|Detailed-Head|||||100.0
6|2|12|2205|Art and Culture|00||101||0||11|Karnataka Exhibition Authority|101|Grants-in-Aid-Salaries|2205-00-101-0-11|Grants-in-Aid-Salaries||Data|Object-Head|124.99|120.13|120.13|137.59|100.0
6|2|12|2205|Art and Culture|00||101||0||11|Karnataka Exhibition Authority|103|Grants-in-Aid -General|2205-00-101-0-11|Grants-in-Aid -General||Data|Object-Head|15.00|515.00|515.00|1015.00|100.0
6|2|12|2205|Art and Culture|00||101||0||11|Karnataka Exhibition Authority|115|GIA Contract /Outsource|2205-00-101-0-11|GIA Contract /Outsource||Data|Object-Head||16.45|16.45|18.96|100.0
6|2|12|2205|Art and Culture|00||101||0||11|Karnataka Exhibition Authority||||2205-00-101-0-11|HOA Total :|Total|Detailed-Head|139.99|651.58|651.58|1171.55|100.0
6|2|12|2205|Art and Culture|00||102||0||78|Development Authority (Sahyadri, Lakkundi, Chalukya)|||2205-00-102-0-78|Development Authority (Sahyadri, Lakkundi, Chalukya)||Header|Detailed-Head|||||100.0
6|2|12|2205|Art and Culture|00||102||0||78|Development Authority (Sahyadri, Lakkundi, Chalukya)|101|Grants-in-Aid-Salaries|2205-00-102-0-78|Grants-in-Aid-Salaries||Data|Object-Head|10.16|26.53|26.53|15.65|100.0
6|2|12|2205|Art and Culture|00||102||0||78|Development Authority (Sahyadri, Lakkundi, Chalukya)|103|Grants-in-Aid -General|2205-00-102-0-78|Grants-in-Aid -General||Data|Object-Head|30.00|35.00|35.00|35.00|100.0
6|2|12|2205|Art and Culture|00||102||0||78|Development Authority (Sahyadri, Lakkundi, Chalukya)|115|GIA Contract /Outsource|2205-00-102-0-78|GIA Contract /Outsource||Data|Object-Head|22.73|24.76|24.76|14.25|100.0
6|2|12|2205|Art and Culture|00||102||0||78|Development Authority (Sahyadri, Lakkundi, Chalukya)||||2205-00-102-0-78|HOA Total :|Total|Detailed-Head|62.89|86.29|86.29|64.90|100.0
6|2|12|2205|Art and Culture|00||103||0||01|Department of Archaeology Museums & Heritage|||2205-00-103-0-01|Department of Archaeology Museums & Heritage||Header|Detailed-Head|||||100.0
6|2|12|2205|Art and Culture|00||103||0||01|Department of Archaeology Museums & Heritage|002|Basic Pay|2205-00-103-0-01|Basic Pay||Data|Object-Head|140.77|365.00|365.00|320.00|100.0
6|2|12|2205|Art and Culture|00||103||0||01|Department of Archaeology Museums & Heritage|003|Basic Pay-Staff|2205-00-103-0-01|Basic Pay-Staff||Data|Object-Head|152.56||||100.0
6|2|12|2205|Art and Culture|00||103||0||01|Department of Archaeology Museums & Heritage|004|Interim Relief|2205-00-103-0-01|Interim Relief||Data|Object-Head|19.52||||100.0
6|2|12|2205|Art and Culture|00||103||0||01|Department of Archaeology Museums & Heritage|011|Dearness Allowance|2205-00-103-0-01|Dearness Allowance||Data|Object-Head|69.05|80.00|80.00|80.00|100.0
6|2|12|2205|Art and Culture|00||103||0||01|Department of Archaeology Museums & Heritage|014|Other Allowance|2205-00-103-0-01|Other Allowance||Data|Object-Head|50.63|63.00|63.00|58.00|100.0
6|2|12|2205|Art and Culture|00||103||0||01|Department of Archaeology Museums & Heritage|015|Subsidiary Expenses|2205-00-103-0-01|Subsidiary Expenses||Data|Object-Head||3.00|3.00|3.00|100.0
6|2|12|2205|Art and Culture|00||103||0||01|Department of Archaeology Museums & Heritage|020|Medical Allowance|2205-00-103-0-01|Medical Allowance||Data|Object-Head|1.22||||100.0
6|2|12|2205|Art and Culture|00||103||0||01|Department of Archaeology Museums & Heritage|021|Reimbursement of Medical Expenses|2205-00-103-0-01|Reimbursement of Medical Expenses||Data|Object-Head|13.34|15.00|15.00|15.00|100.0
6|2|12|2205|Art and Culture|00||103||0||01|Department of Archaeology Museums & Heritage|033|Daily-wages|2205-00-103-0-01|Daily-wages||Data|Object-Head|27.32|24.68|24.68|25.29|100.0
6|2|12|2205|Art and Culture|00||103||0||01|Department of Archaeology Museums & Heritage|034|Contract/Outsource|2205-00-103-0-01|Contract/Outsource||Data|Object-Head|290.42|187.17|187.17|194.21|100.0
6|2|12|2205|Art and Culture|00||103||0||01|Department of Archaeology Museums & Heritage|041|Travel Expenses|2205-00-103-0-01|Travel Expenses||Data|Object-Head|1.99|2.00|2.00|2.00|100.0
6|2|12|2205|Art and Culture|00||103||0||01|Department of Archaeology Museums & Heritage|050|Office Expenses|2205-00-103-0-01|Office Expenses||Data|Object-Head||10.00|10.00|10.00|100.0
6|2|12|2205|Art and Culture|00||103||0||01|Department of Archaeology Museums & Heritage|051|General Expenses|2205-00-103-0-01|General Expenses||Data|Object-Head|15.00|10.00|10.00|110.00|100.0
7|2|12|2205|Art and Culture|00||103|Archaeology Museums & Heritage|0||01|Department of Archaeology Museums & Heritage|052|Telephone Charges|2205-00-103-0-01|Telephone Charges|V|Data|Object-Head|0.77||||100.0
7|2|12|2205|Art and Culture|00||103|Archaeology Museums & Heritage|0||01|Department of Archaeology Museums & Heritage|059|Other Expenses|2205-00-103-0-01|Other Expenses|V|Data|Object-Head|1000.00|500.00|500.00|500.00|100.0
7|2|12|2205|Art and Culture|00||103|Archaeology Museums & Heritage|0||01|Department of Archaeology Museums & Heritage|071|Building Expenses|2205-00-103-0-01|Building Expenses|V|Data|Object-Head|3.28|8.00|8.00|8.00|100.0
7|2|12|2205|Art and Culture|00||103|Archaeology Museums & Heritage|0||01|Department of Archaeology Museums & Heritage|195|Transport Expenses|2205-00-103-0-01|Transport Expenses|V|Data|Object-Head|46.00|56.56|56.56|44.02|100.0
7|2|12|2205|Art and Culture|00||103|Archaeology Museums & Heritage|0||01|Department of Archaeology Museums & Heritage|200|Maintenance Expenditure|2205-00-103-0-01|Maintenance Expenditure|V|Data|Object-Head|9.40|15.00|15.00|10.00|100.0
7|2|12|2205|Art and Culture|00||103|Archaeology Museums & Heritage|0||01|Department of Archaeology Museums & Heritage|||2205-00-103-0-01|HOA Total :|V|Total|Detailed-Head|1841.27|1339.41|1339.41|1379.52|100.0
7|2|12|2205|Art and Culture|00||103|Archaeology Museums & Heritage|0||21|Heritage Commissioner|||2205-00-103-0-21|Heritage Commissioner|V|Header|Detailed-Head|||||100.0
7|2|12|2205|Art and Culture|00||103|Archaeology Museums & Heritage|0||21|Heritage Commissioner|002|Basic Pay|2205-00-103-0-21|Basic Pay|V|Data|Object-Head|29.57|70.00|70.00|80.00|100.0
7|2|12|2205|Art and Culture|00||103|Archaeology Museums & Heritage|0||21|Heritage Commissioner|003|Basic Pay-Staff|2205-00-103-0-21|Basic Pay-Staff|V|Data|Object-Head|26.98||||100.0
7|2|12|2205|Art and Culture|00||103|Archaeology Museums & Heritage|0||21|Heritage Commissioner|004|Interim Relief|2205-00-103-0-21|Interim Relief|V|Data|Object-Head|3.24||||100.0
7|2|12|2205|Art and Culture|00||103|Archaeology Museums & Heritage|0||21|Heritage Commissioner|011|Dearness Allowance|2205-00-103-0-21|Dearness Allowance|V|Data|Object-Head|12.26|16.00|16.00|20.00|100.0
7|2|12|2205|Art and Culture|00||103|Archaeology Museums & Heritage|0||21|Heritage Commissioner|014|Other Allowance|2205-00-103-0-21|Other Allowance|V|Data|Object-Head|12.29|17.00|17.00|19.00|100.0
7|2|12|2205|Art and Culture|00||103|Archaeology Museums & Heritage|0||21|Heritage Commissioner|020|Medical Allowance|2205-00-103-0-21|Medical Allowance|V|Data|Object-Head|0.18||||100.0
7|2|12|2205|Art and Culture|00||103|Archaeology Museums & Heritage|0||21|Heritage Commissioner|021|Reimbursement of Medical Expenses|2205-00-103-0-21|Reimbursement of Medical Expenses|V|Data|Object-Head||3.00|3.00|3.00|100.0
7|2|12|2205|Art and Culture|00||103|Archaeology Museums & Heritage|0||21|Heritage Commissioner|034|Contract/Outsource|2205-00-103-0-21|Contract/Outsource|V|Data|Object-Head|79.83|141.26|141.26|141.13|100.0
7|2|12|2205|Art and Culture|00||103|Archaeology Museums & Heritage|0||21|Heritage Commissioner|041|Travel Expenses|2205-00-103-0-21|Travel Expenses|V|Data|Object-Head|1.73|2.00|2.00|2.00|100.0
7|2|12|2205|Art and Culture|00||103|Archaeology Museums & Heritage|0||21|Heritage Commissioner|050|Office Expenses|2205-00-103-0-21|Office Expenses|V|Data|Object-Head||2.00|2.00|2.00|100.0
7|2|12|2205|Art and Culture|00||103|Archaeology Museums & Heritage|0||21|Heritage Commissioner|051|General Expenses|2205-00-103-0-21|General Expenses|V|Data|Object-Head|1.79|3.00|3.00|3.00|100.0
7|2|12|2205|Art and Culture|00||103|Archaeology Museums & Heritage|0||21|Heritage Commissioner|052|Telephone Charges|2205-00-103-0-21|Telephone Charges|V|Data|Object-Head|0.23||||100.0
7|2|12|2205|Art and Culture|00||103|Archaeology Museums & Heritage|0||21|Heritage Commissioner|059|Other Expenses|2205-00-103-0-21|Other Expenses|V|Data|Object-Head|777.17|800.00|800.00|800.00|100.0
7|2|12|2205|Art and Culture|00||103|Archaeology Museums & Heritage|0||21|Heritage Commissioner|071|Building Expenses|2205-00-103-0-21|Building Expenses|V|Data|Object-Head||1.00|1.00|1.00|100.0
7|2|12|2205|Art and Culture|00||103|Archaeology Museums & Heritage|0||21|Heritage Commissioner|195|Transport Expenses|2205-00-103-0-21|Transport Expenses|V|Data|Object-Head|8.47|9.92|9.92|11.32|100.0
7|2|12|2205|Art and Culture|00||103|Archaeology Museums & Heritage|0||21|Heritage Commissioner|324|Honorarium|2205-00-103-0-21|Honorarium|V|Data|Object-Head|33.22|75.00|75.00|77.76|100.0
7|2|12|2205|Art and Culture|00||103|Archaeology Museums & Heritage|0||21|Heritage Commissioner|||2205-00-103-0-21|HOA Total :|V|Total|Detailed-Head|986.96|1140.18|1140.18|1160.21|100.0
7|2|12|2205|Art and Culture|00||107|Government Museums|0||01|Government Museums|||2205-00-107-0-01|Government Museums|V|Header|Detailed-Head|||||100.0
7|2|12|2205|Art and Culture|00||107|Government Museums|0||01|Government Museums|002|Basic Pay|2205-00-107-0-01|Basic Pay|V|Data|Object-Head|65.91|190.00|190.00|209.00|100.0
7|2|12|2205|Art and Culture|00||107|Government Museums|0||01|Government Museums|003|Basic Pay-Staff|2205-00-107-0-01|Basic Pay-Staff|V|Data|Object-Head|86.54||||100.0
7|2|12|2205|Art and Culture|00||107|Government Museums|0||01|Government Museums|004|Interim Relief|2205-00-107-0-01|Interim Relief|V|Data|Object-Head|8.55||||100.0
8|2|12|2205|Art and Culture|00||107|Government Museums|0||01|Government Museums|011|Dearness Allowance|2205-00-107-0-01|Dearness Allowance|V|Data|Object-Head|33.31|42.00|42.00|52.00|100.0
8|2|12|2205|Art and Culture|00||107|Government Museums|0||01|Government Museums|014|Other Allowance|2205-00-107-0-01|Other Allowance|V|Data|Object-Head|26.02|33.00|33.00|32.00|100.0
8|2|12|2205|Art and Culture|00||107|Government Museums|0||01|Government Museums|020|Medical Allowance|2205-00-107-0-01|Medical Allowance|V|Data|Object-Head|0.74||||100.0
8|2|12|2205|Art and Culture|00||107|Government Museums|0||01|Government Museums|021|Reimbursement of Medical Expenses|2205-00-107-0-01|Reimbursement of Medical Expenses|V|Data|Object-Head|2.86|12.00|12.00|12.00|100.0
8|2|12|2205|Art and Culture|00||107|Government Museums|0||01|Government Museums|041|Travel Expenses|2205-00-107-0-01|Travel Expenses|V|Data|Object-Head|1.96|2.00|2.00|2.00|100.0
8|2|12|2205|Art and Culture|00||107|Government Museums|0||01|Government Museums|050|Office Expenses|2205-00-107-0-01|Office Expenses|V|Data|Object-Head||10.00|10.00|10.00|100.0
8|2|12|2205|Art and Culture|00||107|Government Museums|0||01|Government Museums|051|General Expenses|2205-00-107-0-01|General Expenses|V|Data|Object-Head|10.00|6.00|6.00|8.00|100.0
8|2|12|2205|Art and Culture|00||107|Government Museums|0||01|Government Museums|052|Telephone Charges|2205-00-107-0-01|Telephone Charges|V|Data|Object-Head|0.76||||100.0
8|2|12|2205|Art and Culture|00||107|Government Museums|0||01|Government Museums|059|Other Expenses|2205-00-107-0-01|Other Expenses|V|Data|Object-Head|986.62|1000.00|1000.00|1000.00|100.0
8|2|12|2205|Art and Culture|00||107|Government Museums|0||01|Government Museums|071|Building Expenses|2205-00-107-0-01|Building Expenses|V|Data|Object-Head|28.59|30.00|30.00|30.00|100.0
8|2|12|2205|Art and Culture|00||107|Government Museums|0||01|Government Museums|200|Maintenance Expenditure|2205-00-107-0-01|Maintenance Expenditure|V|Data|Object-Head|3.95|10.00|10.00|9.00|100.0
8|2|12|2205|Art and Culture|00||107|Government Museums|0||01|Government Museums|||2205-00-107-0-01|HOA Total :|V|Total|Detailed-Head|1255.81|1335.00|1335.00|1364.00|100.0
8|2|12|2205|Art and Culture|00||||||||||2205|2205 - ಒಟ್ಟು Total :|V|Total|Major-Head|4286.92|4552.46|4552.46|5140.18|
9|02|12|3452|Tourism|01||101||0||05|Sri Renuka Yellamma Tourism Development Board|||3452|Tourism|V|Header|Major-Head|||||100.0
9|02|12|3452|Tourism|01||101||0||05|Sri Renuka Yellamma Tourism Development Board|||3452-01-101-0-05|Sri Renuka Yellamma Tourism Development Board|V|Header|Detailed-Head|||||100.0
9|02|12|3452|Tourism|01||101||0||05|Sri Renuka Yellamma Tourism Development Board|101|Grants-in-Aid-Salaries|3452-01-101-0-05|Grants-in-Aid-Salaries|V|Data|Object-Head||1.00|12.18|17.00|100.0
9|02|12|3452|Tourism|01||101||0||05|Sri Renuka Yellamma Tourism Development Board|115|GIA Contract /Outsource|3452-01-101-0-05|GIA Contract /Outsource|V|Data|Object-Head||1.00|1.00|1.00|100.0
9|02|12|3452|Tourism|01||101||0||05|Sri Renuka Yellamma Tourism Development Board|||3452-01-101-0-05|HOA Total :|V|Total|Detailed-Head|0.00|2.00|13.18|18.00|100.0
9|02|12|3452|Tourism|80||001||0||01|Directorate of Tourism|||3452-80-001-0-01|Directorate of Tourism|V|Header|Detailed-Head|||||100.0
9|02|12|3452|Tourism|80||001||0||01|Directorate of Tourism|002|Basic Pay|3452-80-001-0-01|Basic Pay|V|Data|Object-Head|325.19|656.00|656.00|732.00|100.0
9|02|12|3452|Tourism|80||001||0||01|Directorate of Tourism|003|Basic Pay-Staff|3452-80-001-0-01|Basic Pay-Staff|V|Data|Object-Head|212.27||||100.0
9|02|12|3452|Tourism|80||001||0||01|Directorate of Tourism|004|Interim Relief|3452-80-001-0-01|Interim Relief|V|Data|Object-Head|33.49||||100.0
9|02|12|3452|Tourism|80||001||0||01|Directorate of Tourism|011|Dearness Allowance|3452-80-001-0-01|Dearness Allowance|V|Data|Object-Head|124.99|145.00|145.00|189.00|100.0
9|02|12|3452|Tourism|80||001||0||01|Directorate of Tourism|014|Other Allowance|3452-80-001-0-01|Other Allowance|V|Data|Object-Head|89.00|100.00|100.00|116.00|100.0
9|02|12|3452|Tourism|80||001||0||01|Directorate of Tourism|015|Subsidiary Expenses|3452-80-001-0-01|Subsidiary Expenses|V|Data|Object-Head|1227.22|1741.54|1741.54|1800.00|100.0
9|02|12|3452|Tourism|80||001||0||01|Directorate of Tourism|020|Medical Allowance|3452-80-001-0-01|Medical Allowance|V|Data|Object-Head|1.82||||100.0
9|02|12|3452|Tourism|80||001||0||01|Directorate of Tourism|021|Reimbursement of Medical Expenses|3452-80-001-0-01|Reimbursement of Medical Expenses|V|Data|Object-Head|0.35|15.00|15.00|15.00|100.0
9|02|12|3452|Tourism|80||001||0||01|Directorate of Tourism|033|Daily-wages|3452-80-001-0-01|Daily-wages|V|Data|Object-Head|12.87|14.21|14.21|2.45|100.0
9|02|12|3452|Tourism|80||001||0||01|Directorate of Tourism|034|Contract/Outsource|3452-80-001-0-01|Contract/Outsource|V|Data|Object-Head|293.48|305.87|305.87|316.57|100.0
9|02|12|3452|Tourism|80||001||0||01|Directorate of Tourism|041|Travel Expenses|3452-80-001-0-01|Travel Expenses|V|Data|Object-Head|5.79|6.00|6.00|6.00|100.0
9|02|12|3452|Tourism|80||001||0||01|Directorate of Tourism|050|Office Expenses|3452-80-001-0-01|Office Expenses|V|Data|Object-Head||40.00|40.00|40.00|100.0
9|02|12|3452|Tourism|80||001||0||01|Directorate of Tourism|051|General Expenses|3452-80-001-0-01|General Expenses|V|Data|Object-Head|28.86|30.00|30.00|30.00|100.0
9|02|12|3452|Tourism|80||001||0||01|Directorate of Tourism|052|Telephone Charges|3452-80-001-0-01|Telephone Charges|V|Data|Object-Head|6.12||||100.0
9|02|12|3452|Tourism|80||001||0||01|Directorate of Tourism|071|Building Expenses|3452-80-001-0-01|Building Expenses|V|Data|Object-Head|247.12|349.00|349.00|349.00|100.0
9|02|12|3452|Tourism|80||001||0||01|Directorate of Tourism|195|Transport Expenses|3452-80-001-0-01|Transport Expenses|V|Data|Object-Head|124.27|121.00|121.00|117.22|100.0
9|02|12|3452|Tourism|80||001||0||01|Directorate of Tourism|200|Maintenance Expenditure|3452-80-001-0-01|Maintenance Expenditure|V|Data|Object-Head||5.00|5.00|4.00|100.0
9|02|12|3452|Tourism|80||001||0||01|Directorate of Tourism|||3452-80-001-0-01|HOA Total :|V|Total|Detailed-Head|2732.84|3528.62|3528.62|3717.24|100.0
10|02|12|3452|Tourism|80||||||||||3452|Tourism|V|Header|Major-Head|||||
10|02|12|3452|Tourism|80||001||0||03|Amount as per the SCSP-TSPAct 2013|||3452-80-001-0-03|Amount as per the SCSP-TSPAct 2013|V|Header|Detailed-Head|||||100.0
10|02|12|3452|Tourism|80||001||0||03|Amount as per the SCSP-TSPAct 2013|422|Schedule Caste Sub Plan|3452-80-001-0-03|Schedule Caste Sub Plan|V|Data|Object-Head||||0.24|100.0
10|02|12|3452|Tourism|80||001||0||03|Amount as per the SCSP-TSPAct 2013|||3452-80-001-0-03|HOA Total :|V|Total|Detailed-Head|0.00|0.00|0.00|0.24|100.0
10|02|12|3452|Tourism|80||001||0||50|Vacant Post Provision|||3452-80-001-0-50|Vacant Post Provision|V|Header|Detailed-Head|||||100.0
10|02|12|3452|Tourism|80||001||0||50|Vacant Post Provision|014|Other Allowance|3452-80-001-0-50|Other Allowance|V|Data|Object-Head||921.50|910.32|1130.50|100.0
10|02|12|3452|Tourism|80||001||0||50|Vacant Post Provision|||3452-80-001-0-50|HOA Total :|V|Total|Detailed-Head|0.00|921.50|910.32|1130.50|100.0
10|02|12|3452|Tourism|80||104||0||01|Tourism Promotion and Publicity|||3452-80-104-0-01|Tourism Promotion and Publicity|V|Header|Detailed-Head|||||100.0
10|02|12|3452|Tourism|80||104||0||01|Tourism Promotion and Publicity|059|Other Expenses|3452-80-104-0-01|Other Expenses|V|Data|Object-Head|3228.32|1928.36|1928.36|1928.36|100.0
10|02|12|3452|Tourism|80||104||0||01|Tourism Promotion and Publicity|251|Pension & Retirement Benefits|3452-80-104-0-01|Pension & Retirement Benefits|V|Data|Object-Head|4.10|7.08|7.08|16.47|100.0
10|02|12|3452|Tourism|80||104||0||01|Tourism Promotion and Publicity|422|Schedule Caste Sub Plan|3452-80-104-0-01|Schedule Caste Sub Plan|V|Data|Object-Head|1842.61|1842.97|1842.97|1842.97|100.0
10|02|12|3452|Tourism|80||104||0||01|Tourism Promotion and Publicity|423|Tribal Sub Plan|3452-80-104-0-01|Tribal Sub Plan|V|Data|Object-Head|1228.67|1228.67|1228.67|1228.67|100.0
10|02|12|3452|Tourism|80||104||0||01|Tourism Promotion and Publicity|||3452-80-104-0-01|HOA Total :|V|Total|Detailed-Head|6303.70|5007.08|5007.08|5016.47|100.0
10|02|12|3452|Tourism|80||104||0||04|Tourism Policy Incentives and Concessions|||3452-80-104-0-04|Tourism Policy Incentives and Concessions|V|Header|Detailed-Head|||||100.0
10|02|12|3452|Tourism|80||104||0||04|Tourism Policy Incentives and Concessions|015|Subsidiary Expenses|3452-80-104-0-04|Subsidiary Expenses|V|Data|Object-Head||||100.00|100.0
10|02|12|3452|Tourism|80||104||0||04|Tourism Policy Incentives and Concessions|106|Subsidies|3452-80-104-0-04|Subsidies|V|Data|Object-Head|1999.99|2000.00|2000.00|2000.00|100.0
10|02|12|3452|Tourism|80||104||0||04|Tourism Policy Incentives and Concessions|||3452-80-104-0-04|HOA Total :|V|Total|Detailed-Head|1999.99|2000.00|2000.00|2100.00|100.0
10|02|12|3452|Tourism|80||||||||||3452|3452 - Total :|V|Total|Major-Head|11036.53|11459.20|11459.20|11982.45|
11|02|12|4202|Capital Outlay on Education, Sports, Art and Culture|04||||||||||4202|Capital Outlay on Education, Sports, Art and Culture|V|Header|Major-Head|||||
11|02|12|4202|Capital Outlay on Education, Sports, Art and Culture|04||101||0||02|Archaeology & Museums|||4202-04-101-0-02|Archaeology & Museums|V|Header|Detailed-Head|||||100.0
11|02|12|4202|Capital Outlay on Education, Sports, Art and Culture|04||101||0||02|Archaeology & Museums|132|Other Capital Expenses|4202-04-101-0-02|Other Capital Expenses|V|Data|Object-Head||||3300.00|100.0
11|02|12|4202|Capital Outlay on Education, Sports, Art and Culture|04||101||0||02|Archaeology & Museums|139|Major Works|4202-04-101-0-02|Major Works|V|Data|Object-Head|2000.00|3300.00|3300.00||100.0
11|02|12|4202|Capital Outlay on Education, Sports, Art and Culture|04||101||0||02|Archaeology & Museums|||4202-04-101-0-02|HOA Total :|V|Total|Detailed-Head|2000.00|3300.00|3300.00|3300.00|100.0
11|02|12|4202|Capital Outlay on Education, Sports, Art and Culture|04||106||0||01|Bengaluru Government Museum|||4202-04-106-0-01|Bengaluru Government Museum|V|Header|Detailed-Head|||||100.0
11|02|12|4202|Capital Outlay on Education, Sports, Art and Culture|04||106||0||01|Bengaluru Government Museum|386|Purchase/Construction of Buildings|4202-04-106-0-01|Purchase/Construction of Buildings|V|Data|Object-Head||1400.00|1400.00|1400.00|100.0
11|02|12|4202|Capital Outlay on Education, Sports, Art and Culture|04||106||0||01|Bengaluru Government Museum|||4202-04-106-0-01|HOA Total :|V|Total|Detailed-Head|0.00|1400.00|1400.00|1400.00|100.0
11|02|12|4202|Capital Outlay on Education, Sports, Art and Culture|04||||||||||4202|4202 - Total :|V|Total|Major-Head|2000.00|4700.00|4700.00|4700.00|
12|02|12|5452|Capital Outlay on Tourism|01||||||||||5452|Capital Outlay on Tourism|V|Header|Major-Head|||||
12|02|12|5452|Capital Outlay on Tourism|01||101||0||01|Tourist Infrastructure at Various Places|||5452-01-101-0-01|Tourist Infrastructure at Various Places|V|Header|Detailed-Head|||||100.0
12|02|12|5452|Capital Outlay on Tourism|01||101||0||01|Tourist Infrastructure at Various Places|132|Other Capital Expenses|5452-01-101-0-01|Other Capital Expenses|V|Data|Object-Head|1999.58|2000.00|2000.00|1000.00|100.0
12|02|12|5452|Capital Outlay on Tourism|01||101||0||01|Tourist Infrastructure at Various Places|133|Regional Imbalance Redressal Program|5452-01-101-0-01|Regional Imbalance Redressal Program|V|Data|Object-Head||||1000.00|100.0
12|02|12|5452|Capital Outlay on Tourism|01||101||0||01|Tourist Infrastructure at Various Places|180|Machinery and Equipments|5452-01-101-0-01|Machinery and Equipments|V|Data|Object-Head||1.00|1.00|1.00|100.0
12|02|12|5452|Capital Outlay on Tourism|01||101||0||01|Tourist Infrastructure at Various Places|||5452-01-101-0-01|HOA Total :|V|Total|Detailed-Head|1999.58|2001.00|2001.00|2001.00|100.0
12|02|12|5452|Capital Outlay on Tourism|01||101||0||05|Major Infrastructure Works of Tourism Department in Tourist Locations|||5452-01-101-0-05|Major Infrastructure Works of Tourism Department in Tourist Locations|V|Header|Detailed-Head|||||100.0
12|02|12|5452|Capital Outlay on Tourism|01||101||0||05|Major Infrastructure Works of Tourism Department in Tourist Locations|132|Other Capital Expenses|5452-01-101-0-05|Other Capital Expenses|V|Data|Object-Head|18145.22|5200.00|5200.00|2200.00|100.0
12|02|12|5452|Capital Outlay on Tourism|01||101||0||05|Major Infrastructure Works of Tourism Department in Tourist Locations|133|Regional Imbalance Redressal Program|5452-01-101-0-05|Regional Imbalance Redressal Program|V|Data|Object-Head||||3000.00|100.0
12|02|12|5452|Capital Outlay on Tourism|01||101||0||05|Major Infrastructure Works of Tourism Department in Tourist Locations|||5452-01-101-0-05|HOA Total :|V|Total|Detailed-Head|18145.22|5200.00|5200.00|5200.00|100.0
12|02|12|5452|Capital Outlay on Tourism|01||101||0||08|Sri Renuka Yellamma Tourism Development Board|||5452-01-101-0-08|Sri Renuka Yellamma Tourism Development Board|V|Header|Detailed-Head|||||100.0
12|02|12|5452|Capital Outlay on Tourism|01||101||0||08|Sri Renuka Yellamma Tourism Development Board|103|Grants-in-Aid -General|5452-01-101-0-08|Grants-in-Aid -General|V|Data|Object-Head|50.00||||100.0
12|02|12|5452|Capital Outlay on Tourism|01||101||0||08|Sri Renuka Yellamma Tourism Development Board|132|Other Capital Expenses|5452-01-101-0-08|Other Capital Expenses|V|Data|Object-Head||50.00|50.00|1.00|100.0
12|02|12|5452|Capital Outlay on Tourism|01||101||0||08|Sri Renuka Yellamma Tourism Development Board|||5452-01-101-0-08|HOA Total :|V|Total|Detailed-Head|50.00|50.00|50.00|1.00|100.0
12|02|12|5452|Capital Outlay on Tourism|01||800||0||10|Roads to Tourist Places under RIDF|||5452-01-800-0-10|Roads to Tourist Places under RIDF|V|Header|Detailed-Head|||||100.0
12|02|12|5452|Capital Outlay on Tourism|01||800||0||10|Roads to Tourist Places under RIDF|436|NABARD Works|5452-01-800-0-10|NABARD Works|V|Data|Object-Head|440.00|460.00|460.00||100.0
12|02|12|5452|Capital Outlay on Tourism|01||800||0||10|Roads to Tourist Places under RIDF|||5452-01-800-0-10|HOA Total :|V|Total|Detailed-Head|440.00|460.00|460.00|0.00|100.0
13|02|12|5452|Capital Outlay on Tourism|01||800||0||90|Deduct-Receipt and Recoveries on Capital Account|||5452-01-800-0-90|Deduct-Receipt and Recoveries on Capital Account|V|Header|Detailed-Head|||||100.0
13|02|12|5452|Capital Outlay on Tourism|01||800||0||90|Deduct-Receipt and Recoveries on Capital Account|364|Deduct - Recoveries|5452-01-800-0-90|Deduct - Recoveries|V|Data|Object-Head|-10.11||||100.0
13|02|12|5452|Capital Outlay on Tourism|01||800||0||90|Deduct-Receipt and Recoveries on Capital Account|||5452-01-800-0-90|ಜುಮ್ಲಾ HOA Total :|V|Total|Detailed-Head|-10.11|0.00|0.00|0.00|100.0
13|02|12|5452|Capital Outlay on Tourism|||||||||||5452|5452 - ಜುಮ್ಲಾ Total :|V|Total|Major-Head|20624.69|7711.00|7711.00|7202.00|
14|02|12|2204|Sports and Youth Services|00||||||||||2204|Sports and Youth Services|V|Header|Major-Head|||||
14|02|12|2204|Sports and Youth Services|00||001||0||03|Unspent SCSP-TSP Amount as per the SCSP-TSPACT 2013|||2204-00-001-0-03|Unspent SCSP-TSP Amount as per the SCSP-TSPACT 2013|V|Header|Detailed-Head|||||100.0
14|02|12|2204|Sports and Youth Services|00||001||0||03|Unspent SCSP-TSP Amount as per the SCSP-TSPACT 2013|422|Schedule Caste Sub Plan|2204-00-001-0-03|Schedule Caste Sub Plan|V|Data|Object-Head|0.01||||100.0
14|02|12|2204|Sports and Youth Services|00||001||0||03|Unspent SCSP-TSP Amount as per the SCSP-TSPACT 2013|||2204-00-001-0-03|ಜುಮ್ಲಾ HOA Total :|V|Total|Detailed-Head|0.01|0.00|0.00|0.00|100.0
14|02|12|2204|Sports and Youth Services|00||001||0||50|Vacant Post Provision|||2204-00-001-0-50|Vacant Post Provision|V|Header|Detailed-Head|||||100.0
14|02|12|2204|Sports and Youth Services|00||001||0||50|Vacant Post Provision|014|Other Allowance|2204-00-001-0-50|Other Allowance|V|Data|Object-Head||1405.80|1383.92|1763.80|100.0
14|02|12|2204|Sports and Youth Services|00||001||0||50|Vacant Post Provision|||2204-00-001-0-50|ಜುಮ್ಲಾ HOA Total :|V|Total|Detailed-Head|0.00|1405.80|1383.92|1763.80|100.0
14|02|12|2204|Sports and Youth Services|00||001||1|Directorate of Youth Services and Sports|01|Directorate of Youth Services and Sports|||2204-00-001-1-01|Directorate of Youth Services and Sports|V|Header|Detailed-Head|||||100.0
14|02|12|2204|Sports and Youth Services|00||001||1|Directorate of Youth Services and Sports|01|Directorate of Youth Services and Sports|002|Basic Pay|2204-00-001-1-01|Basic Pay|V|Data|Object-Head|102.34|335.00|335.00|357.00|100.0
14|02|12|2204|Sports and Youth Services|00||001||1|Directorate of Youth Services and Sports|01|Directorate of Youth Services and Sports|003|Basic Pay-Staff|2204-00-001-1-01|Basic Pay-Staff|V|Data|Object-Head|184.33||||100.0
14|02|12|2204|Sports and Youth Services|00||001||1|Directorate of Youth Services and Sports|01|Directorate of Youth Services and Sports|004|Interim Relief|2204-00-001-1-01|Interim Relief|V|Data|Object-Head|18.49||||100.0
14|02|12|2204|Sports and Youth Services|00||001||1|Directorate of Youth Services and Sports|01|Directorate of Youth Services and Sports|011|Dearness Allowance|2204-00-001-1-01|Dearness Allowance|V|Data|Object-Head|72.48|81.00|81.00|98.00|100.0
14|02|12|2204|Sports and Youth Services|00||001||1|Directorate of Youth Services and Sports|01|Directorate of Youth Services and Sports|014|Other Allowance|2204-00-001-1-01|Other Allowance|V|Data|Object-Head|64.98|77.00|77.00|79.00|100.0
14|02|12|2204|Sports and Youth Services|00||001||1|Directorate of Youth Services and Sports|01|Directorate of Youth Services and Sports|020|Medical Allowance|2204-00-001-1-01|Medical Allowance|V|Data|Object-Head|1.60||||100.0
14|02|12|2204|Sports and Youth Services|00||001||1|Directorate of Youth Services and Sports|01|Directorate of Youth Services and Sports|021|Reimbursement of Medical Expenses|2204-00-001-1-01|Reimbursement of Medical Expenses|V|Data|Object-Head|5.55|15.00|15.00|15.00|100.0
14|02|12|2204|Sports and Youth Services|00||001||1|Directorate of Youth Services and Sports|01|Directorate of Youth Services and Sports|033|Daily-wages|2204-00-001-1-01|Daily-wages|V|Data|Object-Head|47.31|31.45|31.45|32.32|100.0
14|02|12|2204|Sports and Youth Services|00||001||1|Directorate of Youth Services and Sports|01|Directorate of Youth Services and Sports|041|Travel Expenses|2204-00-001-1-01|Travel Expenses|V|Data|Object-Head|1.99|2.00|4.00|2.00|100.0
14|02|12|2204|Sports and Youth Services|00||001||1|Directorate of Youth Services and Sports|01|Directorate of Youth Services and Sports|050|Office Expenses|2204-00-001-1-01|Office Expenses|V|Data|Object-Head||3.00|3.00|3.00|100.0
14|02|12|2204|Sports and Youth Services|00||001||1|Directorate of Youth Services and Sports|01|Directorate of Youth Services and Sports|051|General Expenses|2204-00-001-1-01|General Expenses|V|Data|Object-Head|2783.87|2950.00|2950.00|545.00|100.0
14|02|12|2204|Sports and Youth Services|00||001||1|Directorate of Youth Services and Sports|01|Directorate of Youth Services and Sports|052|Telephone Charges|2204-00-001-1-01|Telephone Charges|V|Data|Object-Head|0.75||||100.0
14|02|12|2204|Sports and Youth Services|00||001||1|Directorate of Youth Services and Sports|01|Directorate of Youth Services and Sports|071|Building Expenses|2204-00-001-1-01|Building Expenses|V|Data|Object-Head|122.31|7.50|7.50|7.50|100.0
14|02|12|2204|Sports and Youth Services|00||001||1|Directorate of Youth Services and Sports|01|Directorate of Youth Services and Sports|195|Transport Expenses|2204-00-001-1-01|Transport Expenses|V|Data|Object-Head|22.11|34.64|34.64|17.63|100.0
14|02|12|2204|Sports and Youth Services|00||001||1|Directorate of Youth Services and Sports|01|Directorate of Youth Services and Sports|200|Maintenance Expenditure|2204-00-001-1-01|Maintenance Expenditure|V|Data|Object-Head|149.92|150.00|150.00|150.00|100.0
14|02|12|2204|Sports and Youth Services|00||001||1|Directorate of Youth Services and Sports|01|Directorate of Youth Services and Sports|221|Materials and Supplies|2204-00-001-1-01|Materials and Supplies|V|Data|Object-Head||||807.00|100.0
14|02|12|2204|Sports and Youth Services|00||001||1|Directorate of Youth Services and Sports|01|Directorate of Youth Services and Sports|234|Diet Expenses|2204-00-001-1-01|Diet Expenses|V|Data|Object-Head||||1600.00|100.0
15|02|12|2204|Sports and Youth Services|00||001|Directorate of Youth Services and Sports|1|Directorate of Youth Services and Sports|01|Directorate of Youth Services and Sports|251|Pension & Retirement Benefits|2204-00-001-1-01|Pension & Retirement Benefits|V|Data|Object-Head|||12.77||100.0
15|02|12|2204|Sports and Youth Services|00||001|Directorate of Youth Services and Sports|1|Directorate of Youth Services and Sports|01|Directorate of Youth Services and Sports||||ಜುಮ್ಲಾ HOA Total :|V|Total|Detailed-Head|3578.03|3686.59|3701.36|3713.45|100.0
15|02|12|2204|Sports and Youth Services|00||103||0||09|State Sector Scheme of National Service Scheme Programme|||2204-00-103-0-09|State Sector Scheme of National Service Scheme Programme|V|Header|Detailed-Head|||||100.0
15|02|12|2204|Sports and Youth Services|00||103||0||09|State Sector Scheme of National Service Scheme Programme|002|Basic Pay|2204-00-103-0-09|Basic Pay|V|Data|Object-Head|1.07||||100.0
15|02|12|2204|Sports and Youth Services|00||103||0||09|State Sector Scheme of National Service Scheme Programme|004|Interim Relief|2204-00-103-0-09|Interim Relief|V|Data|Object-Head|0.18||||100.0
15|02|12|2204|Sports and Youth Services|00||103||0||09|State Sector Scheme of National Service Scheme Programme|011|Dearness Allowance|2204-00-103-0-09|Dearness Allowance|V|Data|Object-Head|0.49||||100.0
15|02|12|2204|Sports and Youth Services|00||103||0||09|State Sector Scheme of National Service Scheme Programme|014|Other Allowance|2204-00-103-0-09|Other Allowance|V|Data|Object-Head|0.27||||100.0
15|02|12|2204|Sports and Youth Services|00||103||0||09|State Sector Scheme of National Service Scheme Programme|015|Subsidiary Expenses|2204-00-103-0-09|Subsidiary Expenses|V|Data|Object-Head|376.32|350.00|350.00|350.00|100.0
15|02|12|2204|Sports and Youth Services|00||103||0||09|State Sector Scheme of National Service Scheme Programme|034|Contract/Outsource|2204-00-103-0-09|Contract/Outsource|V|Data|Object-Head|18.78|17.29|17.29|18.67|100.0
15|02|12|2204|Sports and Youth Services|00||103||0||09|State Sector Scheme of National Service Scheme Programme|041|Travel Expenses|2204-00-103-0-09|Travel Expenses|V|Data|Object-Head|1.97|2.00|2.00|2.00|100.0
15|02|12|2204|Sports and Youth Services|00||103||0||09|State Sector Scheme of National Service Scheme Programme|050|Office Expenses|2204-00-103-0-09|Office Expenses|V|Data|Object-Head||0.25|0.25|0.25|100.0
15|02|12|2204|Sports and Youth Services|00||103||0||09|State Sector Scheme of National Service Scheme Programme|051|General Expenses|2204-00-103-0-09|General Expenses|V|Data|Object-Head|21.27|20.00|20.00|20.00|100.0
15|02|12|2204|Sports and Youth Services|00||103||0||09|State Sector Scheme of National Service Scheme Programme|052|Telephone Charges|2204-00-103-0-09|Telephone Charges|V|Data|Object-Head|0.15||||100.0
15|02|12|2204|Sports and Youth Services|00||103||0||09|State Sector Scheme of National Service Scheme Programme|195|Transport Expenses|2204-00-103-0-09|Transport Expenses|V|Data|Object-Head|3.75|5.14|5.14|4.57|100.0
15|02|12|2204|Sports and Youth Services|00||103||0||09|State Sector Scheme of National Service Scheme Programme||||ಜುಮ್ಲಾ HOA Total :|V|Total|Detailed-Head|424.25|394.68|394.68|395.49|100.0
15|02|12|2204|Sports and Youth Services|00||103||0||27|Implementation of Youth Policy|||2204-00-103-0-27|Implementation of Youth Policy|V|Header|Detailed-Head|||||100.0
15|02|12|2204|Sports and Youth Services|00||103||0||27|Implementation of Youth Policy|059|Other Expenses|2204-00-103-0-27|Other Expenses|V|Data|Object-Head|400.00|400.00|400.00|425.00|100.0
15|02|12|2204|Sports and Youth Services|00||103||0||27|Implementation of Youth Policy||||ಜುಮ್ಲಾ HOA Total :|V|Total|Detailed-Head|400.00|400.00|400.00|425.00|100.0
15|02|12|2204|Sports and Youth Services|00||104||0||02|Promotion of Sports Activities|||2204-00-104-0-02|Promotion of Sports Activities|V|Header|Detailed-Head|||||100.0
15|02|12|2204|Sports and Youth Services|00||104||0||02|Promotion of Sports Activities|015|Subsidiary Expenses|2204-00-104-0-02|Subsidiary Expenses|V|Data|Object-Head|1043.00|853.00|853.00|853.00|100.0
15|02|12|2204|Sports and Youth Services|00||104||0||02|Promotion of Sports Activities|051|General Expenses|2204-00-104-0-02|General Expenses|V|Data|Object-Head|466.00|1025.00|1025.00|1225.00|100.0
15|02|12|2204|Sports and Youth Services|00||104||0||02|Promotion of Sports Activities|100|Financial Assistance/Relief|2204-00-104-0-02|Financial Assistance/Relief|V|Data|Object-Head|200.00|208.00|208.00|250.00|100.0
16|02|12|2204|Sports and Youth Services|00||104|Promotion of Sports Activities|0|Promotion of Sports Activities|02|Promotion of Sports Activities|117|Scholarships & Incentives|2204-00-104-0-02|Scholarships & Incentives|V|Data|Object-Head|266.83|300.00|300.00|400.00|100.0
16|02|12|2204|Sports and Youth Services|00||104|Promotion of Sports Activities|0|Promotion of Sports Activities|02|Promotion of Sports Activities|||2204-00-104-0-02|ಜುಮ್ಲಾ HOA Total :|V|Total|Detailed-Head|1975.83|2386.00|2386.00|2728.00|100.0
16|02|12|2204|Sports and Youth Services|00||104|Promotion of Sports Activities|0|Promotion of Sports Activities|12|Maintenance of Stadium|||2204-00-104-0-12|Maintenance of Stadium|V|Header|Detailed-Head|||||100.0
16|02|12|2204|Sports and Youth Services|00||104|Promotion of Sports Activities|0|Promotion of Sports Activities|12|Maintenance of Stadium|200|Maintenance Expenditure|2204-00-104-0-12|Maintenance Expenditure|V|Data|Object-Head|1565.53|1600.00|1600.00||100.0
16|02|12|2204|Sports and Youth Services|00||104|Promotion of Sports Activities|0|Promotion of Sports Activities|12|Maintenance of Stadium|||2204-00-104-0-12|ಜುಮ್ಲಾ HOA Total :|V|Total|Detailed-Head|1565.53|1600.00|1600.00|0.00|100.0
16|02|12|2204|Sports and Youth Services|00||104|Promotion of Sports Activities|0|Promotion of Sports Activities|29|Sports Authority of Karnataka|||2204-00-104-0-29|Sports Authority of Karnataka|V|Header|Detailed-Head|||||100.0
16|02|12|2204|Sports and Youth Services|00||104|Promotion of Sports Activities|0|Promotion of Sports Activities|29|Sports Authority of Karnataka|103|Grants-in-Aid -General|2204-00-104-0-29|Grants-in-Aid -General|V|Data|Object-Head|2349.66|1388.50|1588.50|1650.00|100.0
16|02|12|2204|Sports and Youth Services|00||104|Promotion of Sports Activities|0|Promotion of Sports Activities|29|Sports Authority of Karnataka|115|GIA Contract /Outsource|2204-00-104-0-29|GIA Contract /Outsource|V|Data|Object-Head|653.32|624.80|624.80|783.47|100.0
16|02|12|2204|Sports and Youth Services|00||104|Promotion of Sports Activities|0|Promotion of Sports Activities|29|Sports Authority of Karnataka|422|Schedule Caste Sub Plan|2204-00-104-0-29|Schedule Caste Sub Plan|V|Data|Object-Head||257.25|257.25|200.00|100.0
16|02|12|2204|Sports and Youth Services|00||104|Promotion of Sports Activities|0|Promotion of Sports Activities|29|Sports Authority of Karnataka|423|Tribal Sub Plan|2204-00-104-0-29|Tribal Sub Plan|V|Data|Object-Head||104.25|104.25|100.00|100.0
16|02|12|2204|Sports and Youth Services|00||104|Promotion of Sports Activities|0|Promotion of Sports Activities|29|Sports Authority of Karnataka|||2204-00-104-0-29|ಜುಮ್ಲಾ HOA Total :|V|Total|Detailed-Head|3002.98|2374.80|2574.80|2733.47|100.0
16|02|12|2204|Sports and Youth Services|00||196|Grants to District Youth Service Establishments|1|Grants to District Youth Service Establishments|01|Grants to District Youth Service Establishments|||2204-00-196-1-01|Grants to District Youth Service Establishments|V|Header|Detailed-Head|||||100.0
16|02|12|2204|Sports and Youth Services|00||196|Grants to District Youth Service Establishments|1|Grants to District Youth Service Establishments|01|Grants to District Youth Service Establishments|401|Bengaluru (Urban)|2204-00-196-1-01|Bengaluru (Urban)|V|Data|Object-Head|153.76|173.08|173.08|50.10|100.0
16|02|12|2204|Sports and Youth Services|00||196|Grants to District Youth Service Establishments|1|Grants to District Youth Service Establishments|01|Grants to District Youth Service Establishments|402|Bengaluru (Rural)|2204-00-196-1-01|Bengaluru (Rural)|V|Data|Object-Head|80.10|99.78|99.78|33.60|100.0
16|02|12|2204|Sports and Youth Services|00||196|Grants to District Youth Service Establishments|1|Grants to District Youth Service Establishments|01|Grants to District Youth Service Establishments|403|Chitradurga|2204-00-196-1-01|Chitradurga|V|Data|Object-Head|77.99|83.63|83.63|27.54|100.0
16|02|12|2204|Sports and Youth Services|00||196|Grants to District Youth Service Establishments|1|Grants to District Youth Service Establishments|01|Grants to District Youth Service Establishments|404|Kolar|2204-00-196-1-01|Kolar|V|Data|Object-Head|78.97|81.74|81.74|29.62|100.0
16|02|12|2204|Sports and Youth Services|00||196|Grants to District Youth Service Establishments|1|Grants to District Youth Service Establishments|01|Grants to District Youth Service Establishments|405|Shivamogga|2204-00-196-1-01|Shivamogga|V|Data|Object-Head|124.74|136.02|136.02|37.95|100.0
16|02|12|2204|Sports and Youth Services|00||196|Grants to District Youth Service Establishments|1|Grants to District Youth Service Establishments|01|Grants to District Youth Service Establishments|406|Tumakuru|2204-00-196-1-01|Tumakuru|V|Data|Object-Head|125.13|126.08|126.08|53.32|100.0
16|02|12|2204|Sports and Youth Services|00||196|Grants to District Youth Service Establishments|1|Grants to District Youth Service Establishments|01|Grants to District Youth Service Establishments|407|Mysuru|2204-00-196-1-01|Mysuru|V|Data|Object-Head|122.91|119.76|119.76|34.75|100.0
16|02|12|2204|Sports and Youth Services|00||196|Grants to District Youth Service Establishments|1|Grants to District Youth Service Establishments|01|Grants to District Youth Service Establishments|408|Chikkamagaluru|2204-00-196-1-01|Chikkamagaluru|V|Data|Object-Head|107.21|120.83|120.83|23.76|100.0
16|02|12|2204|Sports and Youth Services|00||196|Grants to District Youth Service Establishments|1|Grants to District Youth Service Establishments|01|Grants to District Youth Service Establishments|409|Dakshina Kannada|2204-00-196-1-01|Dakshina Kannada|V|Data|Object-Head|93.48|85.03|85.03|30.87|100.0
16|02|12|2204|Sports and Youth Services|00||196|Grants to District Youth Service Establishments|1|Grants to District Youth Service Establishments|01|Grants to District Youth Service Establishments|410|Hassan|2204-00-196-1-01|Hassan|V|Data|Object-Head|94.79|110.02|110.02|21.11|100.0
16|02|12|2204|Sports and Youth Services|00||196|Grants to District Youth Service Establishments|1|Grants to District Youth Service Establishments|01|Grants to District Youth Service Establishments|411|Kodagu|2204-00-196-1-01|Kodagu|V|Data|Object-Head|58.94|60.21|60.21|19.82|100.0
16|02|12|2204|Sports and Youth Services|00||196|Grants to District Youth Service Establishments|1|Grants to District Youth Service Establishments|01|Grants to District Youth Service Establishments|412|Mandya|2204-00-196-1-01|Mandya|V|Data|Object-Head|94.59|99.59|99.59|40.31|100.0
17|02|12|2204|Sports and Youth Services|00||196|Grants to District Youth Service Establishments|1|Grants to District Youth Service Establishments|01|Grants to District Youth Service Establishments|413|Belagavi|2204-00-196-1-01|Belagavi|V|Data|Object-Head|205.51|224.24|224.24|52.00|100.0
17|02|12|2204|Sports and Youth Services|00||196|Grants to District Youth Service Establishments|1|Grants to District Youth Service Establishments|01|Grants to District Youth Service Establishments|414|Vijayapura|2204-00-196-1-01|Vijayapura|V|Data|Object-Head|172.65|192.83|192.83|31.96|100.0
17|02|12|2204|Sports and Youth Services|00||196|Grants to District Youth Service Establishments|1|Grants to District Youth Service Establishments|01|Grants to District Youth Service Establishments|415|Dharwad|2204-00-196-1-01|Dharwad|V|Data|Object-Head|463.26|528.26|528.26|54.73|100.0
17|02|12|2204|Sports and Youth Services|00||196|Grants to District Youth Service Establishments|1|Grants to District Youth Service Establishments|01|Grants to District Youth Service Establishments|416|Uttara Kannada|2204-00-196-1-01|Uttara Kannada|V|Data|Object-Head|90.48|106.61|106.61|24.98|100.0
17|02|12|2204|Sports and Youth Services|00||196|Grants to District Youth Service Establishments|1|Grants to District Youth Service Establishments|01|Grants to District Youth Service Establishments|417|Kalaburagi|2204-00-196-1-01|Kalaburagi|V|Data|Object-Head|86.01|80.28|80.28|38.30|100.0
17|02|12|2204|Sports and Youth Services|00||196|Grants to District Youth Service Establishments|1|Grants to District Youth Service Establishments|01|Grants to District Youth Service Establishments|418|Ballari|2204-00-196-1-01|Ballari|V|Data|Object-Head|114.09|73.65|136.61|42.96|100.0
17|02|12|2204|Sports and Youth Services|00||196|Grants to District Youth Service Establishments|1|Grants to District Youth Service Establishments|01|Grants to District Youth Service Establishments|419|Bidar|2204-00-196-1-01|Bidar|V|Data|Object-Head|75.59|87.21|87.21|21.11|100.0
17|02|12|2204|Sports and Youth Services|00||196|Grants to District Youth Service Establishments|1|Grants to District Youth Service Establishments|01|Grants to District Youth Service Establishments|420|Raichur|2204-00-196-1-01|Raichur|V|Data|Object-Head|90.39|97.69|97.69|48.61|100.0
17|02|12|2204|Sports and Youth Services|00||196|Grants to District Youth Service Establishments|1|Grants to District Youth Service Establishments|01|Grants to District Youth Service Establishments|421|Yadgiri|2204-00-196-1-01|Yadgiri|V|Data|Object-Head|76.14|86.24|86.24|39.98|100.0
17|02|12|2204|Sports and Youth Services|00||196|Grants to District Youth Service Establishments|1|Grants to District Youth Service Establishments|01|Grants to District Youth Service Establishments|451|Davanagere|2204-00-196-1-01|Davanagere|V|Data|Object-Head|111.19|116.42|116.42|30.20|100.0
17|02|12|2204|Sports and Youth Services|00||196|Grants to District Youth Service Establishments|1|Grants to District Youth Service Establishments|01|Grants to District Youth Service Establishments|452|Bengaluru South|2204-00-196-1-01|Bengaluru South|V|Data|Object-Head|141.02|136.46|136.46|97.40|100.0
17|02|12|2204|Sports and Youth Services|00||196|Grants to District Youth Service Establishments|1|Grants to District Youth Service Establishments|01|Grants to District Youth Service Establishments|453|Chikkaballapura|2204-00-196-1-01|Chikkaballapura|V|Data|Object-Head|66.85|72.23|72.23|39.12|100.0
17|02|12|2204|Sports and Youth Services|00||196|Grants to District Youth Service Establishments|1|Grants to District Youth Service Establishments|01|Grants to District Youth Service Establishments|456|Chamarajanagar|2204-00-196-1-01|Chamarajanagar|V|Data|Object-Head|62.86|64.67|64.67|11.00|100.0
17|02|12|2204|Sports and Youth Services|00||196|Grants to District Youth Service Establishments|1|Grants to District Youth Service Establishments|01|Grants to District Youth Service Establishments|457|Udupi|2204-00-196-1-01|Udupi|V|Data|Object-Head|56.31|52.50|52.50|8.00|100.0
17|02|12|2204|Sports and Youth Services|00||196|Grants to District Youth Service Establishments|1|Grants to District Youth Service Establishments|01|Grants to District Youth Service Establishments|461|Bagalkot|2204-00-196-1-01|Bagalkot|V|Data|Object-Head|135.80|149.53|149.53|39.85|100.0
17|02|12|2204|Sports and Youth Services|00||196|Grants to District Youth Service Establishments|1|Grants to District Youth Service Establishments|01|Grants to District Youth Service Establishments|462|Gadag|2204-00-196-1-01|Gadag|V|Data|Object-Head|96.04|120.89|120.89|17.24|100.0
17|02|12|2204|Sports and Youth Services|00||196|Grants to District Youth Service Establishments|1|Grants to District Youth Service Establishments|01|Grants to District Youth Service Establishments|463|Haveri|2204-00-196-1-01|Haveri|V|Data|Object-Head|100.98|111.36|111.36|21.65|100.0
17|02|12|2204|Sports and Youth Services|00||196|Grants to District Youth Service Establishments|1|Grants to District Youth Service Establishments|01|Grants to District Youth Service Establishments|466|Koppal|2204-00-196-1-01|Koppal|V|Data|Object-Head|79.58|86.10|86.10|28.65|100.0
17|02|12|2204|Sports and Youth Services|00||196|Grants to District Youth Service Establishments|1|Grants to District Youth Service Establishments|01|Grants to District Youth Service Establishments|467|Vijayanagara|2204-00-196-1-01|Vijayanagara|V|Data|Object-Head|15.59|62.96|||100.0
17|02|12|2204|Sports and Youth Services|00||196|Grants to District Youth Service Establishments|1|Grants to District Youth Service Establishments|01|Grants to District Youth Service Establishments|||2204-00-196-1-01|ಜುಮ್ಲಾ HOA Total :|V|Total|Detailed-Head|3452.95|3745.90|3745.90|1050.49|100.0
17|02|12|2204|Sports and Youth Services|00||196|Grants to District Youth Service Establishments|1|Grants to District Youth Service Establishments|02|Financial Assistance to Sports Persons, Organisation of Sports Meet and Rallies and Maintenance of Stadium|||2204-00-196-1-02|Financial Assistance to Sports Persons, Organisation of Sports Meet and Rallies and Maintenance of Stadium|V|Header|Detailed-Head|||||100.0
17|02|12|2204|Sports and Youth Services|00||196|Grants to District Youth Service Establishments|1|Grants to District Youth Service Establishments|02|Financial Assistance to Sports Persons, Organisation of Sports Meet and Rallies and Maintenance of Stadium|300|Lumpsum - ZP|2204-00-196-1-02|Lumpsum - ZP|V|Data|Object-Head||||400.00|100.0
17|02|12|2204|Sports and Youth Services|00||196|Grants to District Youth Service Establishments|1|Grants to District Youth Service Establishments|02|Financial Assistance to Sports Persons, Organisation of Sports Meet and Rallies and Maintenance of Stadium|401|Bengaluru (Urban)|2204-00-196-1-02|Bengaluru (Urban)|V|Data|Object-Head||||197.32|100.0
17|02|12|2204|Sports and Youth Services|00||196|Grants to District Youth Service Establishments|1|Grants to District Youth Service Establishments|02|Financial Assistance to Sports Persons, Organisation of Sports Meet and Rallies and Maintenance of Stadium|402|Bengaluru (Rural)|2204-00-196-1-02|Bengaluru (Rural)|V|Data|Object-Head||||124.04|100.0
17|02|12|2204|Sports and Youth Services|00||196|Grants to District Youth Service Establishments|1|Grants to District Youth Service Establishments|02|Financial Assistance to Sports Persons, Organisation of Sports Meet and Rallies and Maintenance of Stadium|403|Chitradurga|2204-00-196-1-02|Chitradurga|V|Data|Object-Head||||111.61|100.0
17|02|12|2204|Sports and Youth Services|00||196|Grants to District Youth Service Establishments|1|Grants to District Youth Service Establishments|02|Financial Assistance to Sports Persons, Organisation of Sports Meet and Rallies and Maintenance of Stadium|404|Kolar|2204-00-196-1-02|Kolar|V|Data|Object-Head||||105.61|100.0
17|02|12|2204|Sports and Youth Services|00||196|Grants to District Youth Service Establishments|1|Grants to District Youth Service Establishments|02|Financial Assistance to Sports Persons, Organisation of Sports Meet and Rallies and Maintenance of Stadium|405|Shivamogga|2204-00-196-1-02|Shivamogga|V|Data|Object-Head||||175.76|100.0
18|02|12|2204|Sports and Youth Services|00||196|Grants to District Youth Service Establishments|1|Grants to District Youth Service Establishments|02|Financial Assistance to Sports Persons, Organisation of Sports Meet and Rallies and Maintenance of Stadium|406|Tumakuru|2204-00-196-1-02|Tumakuru|V|Data|Object-Head||||153.04|100.0
18|02|12|2204|Sports and Youth Services|00||196|Grants to District Youth Service Establishments|1|Grants to District Youth Service Establishments|02|Financial Assistance to Sports Persons, Organisation of Sports Meet and Rallies and Maintenance of Stadium|407|Mysuru|2204-00-196-1-02|Mysuru|V|Data|Object-Head||||178.90|100.0
18|02|12|2204|Sports and Youth Services|00||196|Grants to District Youth Service Establishments|1|Grants to District Youth Service Establishments|02|Financial Assistance to Sports Persons, Organisation of Sports Meet and Rallies and Maintenance of Stadium|408|Chikkamagaluru|2204-00-196-1-02|Chikkamagaluru|V|Data|Object-Head||||165.32|100.0
18|02|12|2204|Sports and Youth Services|00||196|Grants to District Youth Service Establishments|1|Grants to District Youth Service Establishments|02|Financial Assistance to Sports Persons, Organisation of Sports Meet and Rallies and Maintenance of Stadium|409|Dakshina Kannada|2204-00-196-1-02|Dakshina Kannada|V|Data|Object-Head||||174.95|100.0
18|02|12|2204|Sports and Youth Services|00||196|Grants to District Youth Service Establishments|1|Grants to District Youth Service Establishments|02|Financial Assistance to Sports Persons, Organisation of Sports Meet and Rallies and Maintenance of Stadium|410|Hassan|2204-00-196-1-02|Hassan|V|Data|Object-Head||||124.76|100.0
18|02|12|2204|Sports and Youth Services|00||196|Grants to District Youth Service Establishments|1|Grants to District Youth Service Establishments|02|Financial Assistance to Sports Persons, Organisation of Sports Meet and Rallies and Maintenance of Stadium|411|Kodagu|2204-00-196-1-02|Kodagu|V|Data|Object-Head||||88.42|100.0
18|02|12|2204|Sports and Youth Services|00||196|Grants to District Youth Service Establishments|1|Grants to District Youth Service Establishments|02|Financial Assistance to Sports Persons, Organisation of Sports Meet and Rallies and Maintenance of Stadium|412|Mandya|2204-00-196-1-02|Mandya|V|Data|Object-Head||||133.32|100.0
18|02|12|2204|Sports and Youth Services|00||196|Grants to District Youth Service Establishments|1|Grants to District Youth Service Establishments|02|Financial Assistance to Sports Persons, Organisation of Sports Meet and Rallies and Maintenance of Stadium|413|Belagavi|2204-00-196-1-02|Belagavi|V|Data|Object-Head||||243.76|100.0
18|02|12|2204|Sports and Youth Services|00||196|Grants to District Youth Service Establishments|1|Grants to District Youth Service Establishments|02|Financial Assistance to Sports Persons, Organisation of Sports Meet and Rallies and Maintenance of Stadium|414|Vijayapura|2204-00-196-1-02|Vijayapura|V|Data|Object-Head||||224.18|100.0
18|02|12|2204|Sports and Youth Services|00||196|Grants to District Youth Service Establishments|1|Grants to District Youth Service Establishments|02|Financial Assistance to Sports Persons, Organisation of Sports Meet and Rallies and Maintenance of Stadium|415|Dharwad|2204-00-196-1-02|Dharwad|V|Data|Object-Head||||496.11|100.0
18|02|12|2204|Sports and Youth Services|00||196|Grants to District Youth Service Establishments|1|Grants to District Youth Service Establishments|02|Financial Assistance to Sports Persons, Organisation of Sports Meet and Rallies and Maintenance of Stadium|416|Uttara Kannada|2204-00-196-1-02|Uttara Kannada|V|Data|Object-Head||||157.29|100.0
18|02|12|2204|Sports and Youth Services|00||196|Grants to District Youth Service Establishments|1|Grants to District Youth Service Establishments|02|Financial Assistance to Sports Persons, Organisation of Sports Meet and Rallies and Maintenance of Stadium|417|Kalaburagi|2204-00-196-1-02|Kalaburagi|V|Data|Object-Head||||176.64|100.0
18|02|12|2204|Sports and Youth Services|00||196|Grants to District Youth Service Establishments|1|Grants to District Youth Service Establishments|02|Financial Assistance to Sports Persons, Organisation of Sports Meet and Rallies and Maintenance of Stadium|418|Ballari|2204-00-196-1-02|Ballari|V|Data|Object-Head||||202.71|100.0
18|02|12|2204|Sports and Youth Services|00||196|Grants to District Youth Service Establishments|1|Grants to District Youth Service Establishments|02|Financial Assistance to Sports Persons, Organisation of Sports Meet and Rallies and Maintenance of Stadium|419|Bidar|2204-00-196-1-02|Bidar|V|Data|Object-Head||||119.76|100.0
18|02|12|2204|Sports and Youth Services|00||196|Grants to District Youth Service Establishments|1|Grants to District Youth Service Establishments|02|Financial Assistance to Sports Persons, Organisation of Sports Meet and Rallies and Maintenance of Stadium|420|Raichur|2204-00-196-1-02|Raichur|V|Data|Object-Head||||134.90|100.0
18|02|12|2204|Sports and Youth Services|00||196|Grants to District Youth Service Establishments|1|Grants to District Youth Service Establishments|02|Financial Assistance to Sports Persons, Organisation of Sports Meet and Rallies and Maintenance of Stadium|421|Yadgiri|2204-00-196-1-02|Yadgiri|V|Data|Object-Head||||120.76|100.0
18|02|12|2204|Sports and Youth Services|00||196|Grants to District Youth Service Establishments|1|Grants to District Youth Service Establishments|02|Financial Assistance to Sports Persons, Organisation of Sports Meet and Rallies and Maintenance of Stadium|451|Davanagere|2204-00-196-1-02|Davanagere|V|Data|Object-Head||||155.32|100.0
18|02|12|2204|Sports and Youth Services|00||196|Grants to District Youth Service Establishments|1|Grants to District Youth Service Establishments|02|Financial Assistance to Sports Persons, Organisation of Sports Meet and Rallies and Maintenance of Stadium|452|Bengaluru South|2204-00-196-1-02|Bengaluru South|V|Data|Object-Head||||509.77|100.0
18|02|12|2204|Sports and Youth Services|00||196|Grants to District Youth Service Establishments|1|Grants to District Youth Service Establishments|02|Financial Assistance to Sports Persons, Organisation of Sports Meet and Rallies and Maintenance of Stadium|453|Chikkaballapura|2204-00-196-1-02|Chikkaballapura|V|Data|Object-Head||||91.45|100.0
18|02|12|2204|Sports and Youth Services|00||196|Grants to District Youth Service Establishments|1|Grants to District Youth Service Establishments|02|Financial Assistance to Sports Persons, Organisation of Sports Meet and Rallies and Maintenance of Stadium|456|Chamarajanagar|2204-00-196-1-02|Chamarajanagar|V|Data|Object-Head||||112.78|100.0
18|02|12|2204|Sports and Youth Services|00||196|Grants to District Youth Service Establishments|1|Grants to District Youth Service Establishments|02|Financial Assistance to Sports Persons, Organisation of Sports Meet and Rallies and Maintenance of Stadium|457|Udupi|2204-00-196-1-02|Udupi|V|Data|Object-Head||||94.02|100.0
18|02|12|2204|Sports and Youth Services|00||196|Grants to District Youth Service Establishments|1|Grants to District Youth Service Establishments|02|Financial Assistance to Sports Persons, Organisation of Sports Meet and Rallies and Maintenance of Stadium|461|Bagalkot|2204-00-196-1-02|Bagalkot|V|Data|Object-Head||||155.45|100.0
18|02|12|2204|Sports and Youth Services|00||196|Grants to District Youth Service Establishments|1|Grants to District Youth Service Establishments|02|Financial Assistance to Sports Persons, Organisation of Sports Meet and Rallies and Maintenance of Stadium|462|Gadag|2204-00-196-1-02|Gadag|V|Data|Object-Head||||132.88|100.0
18|02|12|2204|Sports and Youth Services|00||196|Grants to District Youth Service Establishments|1|Grants to District Youth Service Establishments|02|Financial Assistance to Sports Persons, Organisation of Sports Meet and Rallies and Maintenance of Stadium|463|Haveri|2204-00-196-1-02|Haveri|V|Data|Object-Head||||158.63|100.0
18|02|12|2204|Sports and Youth Services|00||196|Grants to District Youth Service Establishments|1|Grants to District Youth Service Establishments|02|Financial Assistance to Sports Persons, Organisation of Sports Meet and Rallies and Maintenance of Stadium|466|Koppal|2204-00-196-1-02|Koppal|V|Data|Object-Head||||110.09|100.0
18|02|12|2204|Sports and Youth Services|00||196|Grants to District Youth Service Establishments|1|Grants to District Youth Service Establishments|02|Financial Assistance to Sports Persons, Organisation of Sports Meet and Rallies and Maintenance of Stadium|467|Vijayanagara|2204-00-196-1-02|Vijayanagara|V|Data|Object-Head||||44.45|100.0
18|02|12|2204|Sports and Youth Services|00||196|Grants to District Youth Service Establishments|1|Grants to District Youth Service Establishments|02|Financial Assistance to Sports Persons, Organisation of Sports Meet and Rallies and Maintenance of Stadium|||2204-00-196-1-02|ಜುಮ್ಲಾ HOA Total :|V|Total|Detailed-Head|0.00|0.00|0.00|5574.00|100.0
19|02|12|2204|Sports and Youth Services|00||||||||||2204|Sports and Youth Services|V|Header|Major-Head|||||
19|02|12|2204|Sports and Youth Services|00||789|Development Action Plan for Scheduled Castes (DAPSC)|0||01|Schedule Caste Sub Plan|||2204-00-789-0-01|Development Action Plan for Scheduled Castes (DAPSC) / Schedule Caste Sub Plan|V|Header|Detailed-Head|||||100.0
19|02|12|2204|Sports and Youth Services|00||789|Development Action Plan for Scheduled Castes (DAPSC)|0||01|Schedule Caste Sub Plan|422|Schedule Caste Sub Plan|2204-00-789-0-01|Schedule Caste Sub Plan|V|Data|Object-Head|900.00|900.00|900.00||100.0
19|02|12|2204|Sports and Youth Services|00||789|Development Action Plan for Scheduled Castes (DAPSC)|0||01|Schedule Caste Sub Plan|||2204-00-789-0-01|ಜುಮ್ಲಾ HOA Total :|V|Total|Detailed-Head|900.00|900.00|900.00|0.00|100.0
19|02|12|2204|Sports and Youth Services|00||796|Development Action Plan for Scheduled Tribes (DAPST)|0||01|Tribal Sub Plan|||2204-00-796-0-01|Development Action Plan for Scheduled Tribes (DAPST) / Tribal Sub Plan|V|Header|Detailed-Head|||||100.0
19|02|12|2204|Sports and Youth Services|00||796|Development Action Plan for Scheduled Tribes (DAPST)|0||01|Tribal Sub Plan|423|Tribal Sub Plan|2204-00-796-0-01|Tribal Sub Plan|V|Data|Object-Head|300.00|300.00|300.00||100.0
19|02|12|2204|Sports and Youth Services|00||796|Development Action Plan for Scheduled Tribes (DAPST)|0||01|Tribal Sub Plan|||2204-00-796-0-01|ಜುಮ್ಲಾ HOA Total :|V|Total|Detailed-Head|300.00|300.00|300.00|0.00|100.0
19|02|12|2204|Sports and Youth Services|00||911|Deduct Recoveries of Over Payment|0||00|Deduct - Recoveries|||2204-00-911-0-00|Deduct Recoveries of Over Payment / Deduct - Recoveries|V|Header|Detailed-Head|||||100.0
19|02|12|2204|Sports and Youth Services|00||911|Deduct Recoveries of Over Payment|0||00|Deduct - Recoveries|364|Deduct - Recoveries|2204-00-911-0-00|Deduct - Recoveries|V|Data|Object-Head|-0.52||||100.0
19|02|12|2204|Sports and Youth Services|00||911|Deduct Recoveries of Over Payment|0||00|Deduct - Recoveries|||2204-00-911-0-00|ಜುಮ್ಲಾ HOA Total :|V|Total|Detailed-Head|-0.52|0.00|0.00|0.00|100.0
19|02|12|2204|Sports and Youth Services|00||911|Deduct Recoveries of Over Payment|0||04|Deduct Recovery of Over Payment of Previous years-ZP|||2204-00-911-0-04|Deduct Recovery of Over Payment of Previous years-ZP|V|Header|Detailed-Head|||||100.0
19|02|12|2204|Sports and Youth Services|00||911|Deduct Recoveries of Over Payment|0||04|Deduct Recovery of Over Payment of Previous years-ZP|261|Inter Account Transfers|2204-00-911-0-04|Inter Account Transfers|V|Data|Object-Head||-852.40|-852.40|-2006.31|100.0
19|02|12|2204|Sports and Youth Services|00||911|Deduct Recoveries of Over Payment|0||04|Deduct Recovery of Over Payment of Previous years-ZP|||2204-00-911-0-04|ಜುಮ್ಲಾ HOA Total :|V|Total|Detailed-Head|0.00|-852.40|-852.40|-2006.31|100.0
19|02|12|2204|Sports and Youth Services|00||||||||||2204|2204 - ಜುಮ್ಲಾ Total :|V|Total|Major-Head|15599.06|16341.37|16534.26|16377.39|
20|02|12|3053|Civil Aviation|80||||||||||3053|Civil Aviation|V|Header|Major-Head|||||
20|02|12|3053|Civil Aviation|80||003||0||01|Govt Flying School|||3053-80-003-0-01|Govt Flying School|V|Header|Detailed-Head|||||100.0
20|02|12|3053|Civil Aviation|80||003||0||01|Govt Flying School|002|Basic Pay|3053-80-003-0-01|Basic Pay|V|Data|Object-Head||30.00|38.11|43.00|100.0
20|02|12|3053|Civil Aviation|80||003||0||01|Govt Flying School|003|Basic Pay-Staff|3053-80-003-0-01|Basic Pay-Staff|V|Data|Object-Head|23.97||||100.0
20|02|12|3053|Civil Aviation|80||003||0||01|Govt Flying School|004|Interim Relief|3053-80-003-0-01|Interim Relief|V|Data|Object-Head|1.22||||100.0
20|02|12|3053|Civil Aviation|80||003||0||01|Govt Flying School|011|Dearness Allowance|3053-80-003-0-01|Dearness Allowance|V|Data|Object-Head|4.82|7.00|7.00|11.00|100.0
20|02|12|3053|Civil Aviation|80||003||0||01|Govt Flying School|014|Other Allowance|3053-80-003-0-01|Other Allowance|V|Data|Object-Head|5.33|8.00|8.00|10.00|100.0
20|02|12|3053|Civil Aviation|80||003||0||01|Govt Flying School|015|Subsidiary Expenses|3053-80-003-0-01|Subsidiary Expenses|V|Data|Object-Head||1.00|1.00|1.00|100.0
20|02|12|3053|Civil Aviation|80||003||0||01|Govt Flying School|020|Medical Allowance|3053-80-003-0-01|Medical Allowance|V|Data|Object-Head|0.18||||100.0
20|02|12|3053|Civil Aviation|80||003||0||01|Govt Flying School|021|Reimbursement of Medical Expenses|3053-80-003-0-01|Reimbursement of Medical Expenses|V|Data|Object-Head|1.39|3.00|3.00|3.00|100.0
20|02|12|3053|Civil Aviation|80||003||0||01|Govt Flying School|034|Contract/Outsource|3053-80-003-0-01|Contract/Outsource|V|Data|Object-Head|124.06|143.10|143.10|197.15|100.0
20|02|12|3053|Civil Aviation|80||003||0||01|Govt Flying School|050|Office Expenses|3053-80-003-0-01|Office Expenses|V|Data|Object-Head||1.00|1.00|1.00|100.0
20|02|12|3053|Civil Aviation|80||003||0||01|Govt Flying School|051|General Expenses|3053-80-003-0-01|General Expenses|V|Data|Object-Head|5.86|15.00|15.00|15.00|100.0
20|02|12|3053|Civil Aviation|80||003||0||01|Govt Flying School|052|Telephone Charges|3053-80-003-0-01|Telephone Charges|V|Data|Object-Head|0.21||||100.0
20|02|12|3053|Civil Aviation|80||003||0||01|Govt Flying School|071|Building Expenses|3053-80-003-0-01|Building Expenses|V|Data|Object-Head|0.26|4.00|4.00|4.00|100.0
20|02|12|3053|Civil Aviation|80||003||0||01|Govt Flying School|180|Machinery and Equipments|3053-80-003-0-01|Machinery and Equipments|V|Data|Object-Head|49.76||||100.0
20|02|12|3053|Civil Aviation|80||003||0||01|Govt Flying School|195|Transport Expenses|3053-80-003-0-01|Transport Expenses|V|Data|Object-Head|6.09|58.07|58.07|56.95|100.0
20|02|12|3053|Civil Aviation|80||003||0||01|Govt Flying School|200|Maintenance Expenditure|3053-80-003-0-01|Maintenance Expenditure|V|Data|Object-Head|304.64|400.00|400.00|400.00|100.0
20|02|12|3053|Civil Aviation|80||003||0||01|Govt Flying School|221|Materials and Supplies|3053-80-003-0-01|Materials and Supplies|V|Data|Object-Head|1.75|5.00|5.00|5.00|100.0
20|02|12|3053|Civil Aviation|80||003||0||01|Govt Flying School||||ಜುಮ್ಲಾ HOA Total :|V|Total|Detailed-Head|529.54|675.17|683.28|747.10|100.0
20|02|12|3053|Civil Aviation|80||||||||||3053|3053 - ಜುಮ್ಲಾ Total :|V|Total|Major-Head|529.54|675.17|683.28|747.10|
21|02|12|4202|Capital Outlay on Education, Sports, Art and Culture|03||||||||||4202|Capital Outlay on Education, Sports, Art and Culture|V|Header|Major-Head|||||
21|02|12|4202|Capital Outlay on Education, Sports, Art and Culture|03||001||0||01|Equipment Purchases- Govt Flying School|||4202-03-001-0-01|Equipment Purchases- Govt Flying School|V|Header|Detailed-Head|||||100.0
21|02|12|4202|Capital Outlay on Education, Sports, Art and Culture|03||001||0||01|Equipment Purchases- Govt Flying School|180|Machinery and Equipments|4202-03-001-0-01|Machinery and Equipments|V|Data|Object-Head||100.00|100.00|100.00|100.0
21|02|12|4202|Capital Outlay on Education, Sports, Art and Culture|03||001||0||01|Equipment Purchases- Govt Flying School|||4202-03-001-0-01|ಜುಮ್ಲಾ HOA Total :|V|Total|Detailed-Head|0.00|100.00|100.00|100.00|100.0
21|02|12|4202|Capital Outlay on Education, Sports, Art and Culture|03||102||0||01|Construction of State Level Stadiums|||4202-03-102-0-01|Construction of State Level Stadiums|V|Header|Detailed-Head|||||100.0
21|02|12|4202|Capital Outlay on Education, Sports, Art and Culture|03||102||0||01|Construction of State Level Stadiums|132|Other Capital Expenses|4202-03-102-0-01|Other Capital Expenses|V|Data|Object-Head|3445.52|3500.00|3500.00|3500.00|100.0
21|02|12|4202|Capital Outlay on Education, Sports, Art and Culture|03||102||0||01|Construction of State Level Stadiums|||4202-03-102-0-01|ಜುಮ್ಲಾ HOA Total :|V|Total|Detailed-Head|3445.52|3500.00|3500.00|3500.00|100.0
21|02|12|4202|Capital Outlay on Education, Sports, Art and Culture|03||102||0||03|Construction of Stadiums and Playgrounds|||4202-03-102-0-03|Construction of Stadiums and Playgrounds|V|Header|Detailed-Head|||||100.0
21|02|12|4202|Capital Outlay on Education, Sports, Art and Culture|03||102||0||03|Construction of Stadiums and Playgrounds|132|Other Capital Expenses|4202-03-102-0-03|Other Capital Expenses|V|Data|Object-Head||150.00|150.00|150.00|100.0
21|02|12|4202|Capital Outlay on Education, Sports, Art and Culture|03||102||0||03|Construction of Stadiums and Playgrounds|180|Machinery and Equipments|4202-03-102-0-03|Machinery and Equipments|V|Data|Object-Head||600.00|600.00|600.00|100.0
21|02|12|4202|Capital Outlay on Education, Sports, Art and Culture|03||102||0||03|Construction of Stadiums and Playgrounds|386|Purchase/Construction of Buildings|4202-03-102-0-03|Purchase/Construction of Buildings|V|Data|Object-Head|4999.17|6250.00|6250.00|6500.00|100.0
21|02|12|4202|Capital Outlay on Education, Sports, Art and Culture|03||102||0||03|Construction of Stadiums and Playgrounds|||4202-03-102-0-03|ಜುಮ್ಲಾ HOA Total :|V|Total|Detailed-Head|4999.17|7000.00|7000.00|7250.00|100.0
21|02|12|4202|Capital Outlay on Education, Sports, Art and Culture|03||||||||||4202|4202 - ಜುಮ್ಲಾ Total :|V|Total|Major-Head|8444.69|10600.00|10600.00|10850.00|
22|02|17|2202|General Education|01||||||||||2202|General Education|V|Header|Major-Head|||||
22|02|17|2202|General Education|01||911||0||01|Deduct Recoveries of overpayments|||2202-01-911-0-01|Deduct Recoveries of overpayments|V|Header|Detailed-Head|||||100.0
22|02|17|2202|General Education|01||911||0||01|Deduct Recoveries of overpayments|364|Deduct - Recoveries|2202-01-911-0-01|Deduct - Recoveries|V|Data|Object-Head|-134.43||||100.0
22|02|17|2202|General Education|01||911||0||01|Deduct Recoveries of overpayments|||2202-01-911-0-01|ಜುಮ್ಲಾ HOA Total :|V|Total|Detailed-Head|-134.43|0.00|0.00|0.00|100.0
22|02|17|2202|General Education|01||911||0||02|Deduct- Recovery of Overpayments of Previous Years|||2202-01-911-0-02|Deduct- Recovery of Overpayments of Previous Years|V|Header|Detailed-Head|||||100.0
22|02|17|2202|General Education|01||911||0||02|Deduct- Recovery of Overpayments of Previous Years|364|Deduct - Recoveries|2202-01-911-0-02|Deduct - Recoveries|V|Data|Object-Head|-36.86||||100.0
22|02|17|2202|General Education|01||911||0||02|Deduct- Recovery of Overpayments of Previous Years|||2202-01-911-0-02|ಜುಮ್ಲಾ HOA Total :|V|Total|Detailed-Head|-36.86|0.00|0.00|0.00|100.0
22|02|17|2202|General Education|01||911||0||03|Deduct Recovery of Over Payments of Current Year|||2202-01-911-0-03|Deduct Recovery of Over Payments of Current Year|V|Header|Detailed-Head|||||100.0
22|02|17|2202|General Education|01||911||0||03|Deduct Recovery of Over Payments of Current Year|364|Deduct - Recoveries|2202-01-911-0-03|Deduct - Recoveries|V|Data|Object-Head|-211.32||||100.0
22|02|17|2202|General Education|01||911||0||03|Deduct Recovery of Over Payments of Current Year|||2202-01-911-0-03|ಜುಮ್ಲಾ HOA Total :|V|Total|Detailed-Head|-211.32|0.00|0.00|0.00|100.0
22|02|17|2202|General Education|02||911||0||01|Deduct Recovery of Over Payments of Current Year|||2202-02-911-0-01|Deduct Recovery of Over Payments of Current Year|V|Header|Detailed-Head|||||100.0
22|02|17|2202|General Education|02||911||0||01|Deduct Recovery of Over Payments of Current Year|364|Deduct - Recoveries|2202-02-911-0-01|Deduct - Recoveries|V|Data|Object-Head|-84.64||||100.0
22|02|17|2202|General Education|02||911||0||01|Deduct Recovery of Over Payments of Current Year|||2202-02-911-0-01|ಜುಮ್ಲಾ HOA Total :|V|Total|Detailed-Head|-84.64|0.00|0.00|0.00|100.0
22|02|17|2202|General Education|02||911||0||02|Deduct-Recovery of Overpayments|||2202-02-911-0-02|Deduct-Recovery of Overpayments|V|Header|Detailed-Head|||||100.0
22|02|17|2202|General Education|02||911||0||02|Deduct-Recovery of Overpayments|364|Deduct - Recoveries|2202-02-911-0-02|Deduct - Recoveries|V|Data|Object-Head|-27.29||||100.0
22|02|17|2202|General Education|02||911||0||02|Deduct-Recovery of Overpayments|||2202-02-911-0-02|ಜುಮ್ಲಾ HOA Total :|V|Total|Detailed-Head|-27.29|0.00|0.00|0.00|100.0
22|02|17|2202|General Education|03||001||0||01|Director of Collegiate Education|||2202-03-001-0-01|Director of Collegiate Education|V|Header|Detailed-Head|||||100.0
22|02|17|2202|General Education|03||001||0||01|Director of Collegiate Education|002|Basic Pay|2202-03-001-0-01|Basic Pay|V|Data|Object-Head|417.91|1762.00|1762.00|1772.00|100.0
22|02|17|2202|General Education|03||001||0||01|Director of Collegiate Education|003|Basic Pay-Staff|2202-03-001-0-01|Basic Pay-Staff|V|Data|Object-Head|999.91||||100.0
22|02|17|2202|General Education|03||001||0||01|Director of Collegiate Education|004|Interim Relief|2202-03-001-0-01|Interim Relief|V|Data|Object-Head|79.72||||100.0
23|02|17|2202|General Education|03|University and Higher Education|001|Direction and Administration|0||01|Director of Collegiate Education|011|Dearness Allowance|2202-03-001-0-01|Dearness Allowance|V|Data|Object-Head|316.94|402.00|402.00|451.00|100.0
23|02|17|2202|General Education|03|University and Higher Education|001|Direction and Administration|0||01|Director of Collegiate Education|014|Other Allowance|2202-03-001-0-01|Other Allowance|V|Data|Object-Head|298.07|362.00|362.00|351.00|100.0
23|02|17|2202|General Education|03|University and Higher Education|001|Direction and Administration|0||01|Director of Collegiate Education|020|Medical Allowance|2202-03-001-0-01|Medical Allowance|V|Data|Object-Head|8.43||||100.0
23|02|17|2202|General Education|03|University and Higher Education|001|Direction and Administration|0||01|Director of Collegiate Education|021|Reimbursement of Medical Expenses|2202-03-001-0-01|Reimbursement of Medical Expenses|V|Data|Object-Head|16.47|18.00|18.00|17.00|100.0
23|02|17|2202|General Education|03|University and Higher Education|001|Direction and Administration|0||01|Director of Collegiate Education|041|Travel Expenses|2202-03-001-0-01|Travel Expenses|V|Data|Object-Head|4.40|5.00|5.00|5.00|100.0
23|02|17|2202|General Education|03|University and Higher Education|001|Direction and Administration|0||01|Director of Collegiate Education|050|Office Expenses|2202-03-001-0-01|Office Expenses|V|Data|Object-Head||30.00|30.00|30.00|100.0
23|02|17|2202|General Education|03|University and Higher Education|001|Direction and Administration|0||01|Director of Collegiate Education|051|General Expenses|2202-03-001-0-01|General Expenses|V|Data|Object-Head|34.84|10.00|131.20|160.00|100.0
23|02|17|2202|General Education|03|University and Higher Education|001|Direction and Administration|0||01|Director of Collegiate Education|052|Telephone Charges|2202-03-001-0-01|Telephone Charges|V|Data|Object-Head|1.70||||100.0
23|02|17|2202|General Education|03|University and Higher Education|001|Direction and Administration|0||01|Director of Collegiate Education|071|Building Expenses|2202-03-001-0-01|Building Expenses|V|Data|Object-Head|14.49|25.00|25.00|25.00|100.0
23|02|17|2202|General Education|03|University and Higher Education|001|Direction and Administration|0||01|Director of Collegiate Education|195|Transport Expenses|2202-03-001-0-01|Transport Expenses|V|Data|Object-Head|43.43|45.37|45.37|44.86|100.0
23|02|17|2202|General Education|03|University and Higher Education|001|Direction and Administration|0||01|Director of Collegiate Education|||2202-03-001-0-01|ಜುಮ್ಲಾ HOA Total :|V|Total|Detailed-Head|2236.31|2659.37|2780.57|2855.86|100.0
23|02|17|2202|General Education|03|University and Higher Education|001|Direction and Administration|0||02|Unspent SCSP-TSP Amount as per the SCSP-TSPAct 2013|||2202-03-001-0-02|Unspent SCSP-TSP Amount as per the SCSP-TSPAct 2013|V|Header|Detailed-Head|||||100.0
23|02|17|2202|General Education|03|University and Higher Education|001|Direction and Administration|0||02|Unspent SCSP-TSP Amount as per the SCSP-TSPAct 2013|422|Schedule Caste Sub Plan|2202-03-001-0-02|Schedule Caste Sub Plan|V|Data|Object-Head|117.10|0.21|0.21|0.05|100.0
23|02|17|2202|General Education|03|University and Higher Education|001|Direction and Administration|0||02|Unspent SCSP-TSP Amount as per the SCSP-TSPAct 2013|423|Tribal Sub Plan|2202-03-001-0-02|Tribal Sub Plan|V|Data|Object-Head|43.32|0.05|0.05|0.04|100.0
23|02|17|2202|General Education|03|University and Higher Education|001|Direction and Administration|0||02|Unspent SCSP-TSP Amount as per the SCSP-TSPAct 2013|||2202-03-001-0-02|ಜುಮ್ಲಾ HOA Total :|V|Total|Detailed-Head|160.42|0.26|0.26|0.09|100.0
23|02|17|2202|General Education|03|University and Higher Education|102|Assistance to Universities|0||01|Mysore University|||2202-03-102-0-01|Mysore University|V|Header|Detailed-Head|||||100.0
23|02|17|2202|General Education|03|University and Higher Education|102|Assistance to Universities|0||01|Mysore University|101|Grants-in-Aid-Salaries|2202-03-102-0-01|Grants-in-Aid-Salaries|V|Data|Object-Head|11966.04|12768.71|12768.71|12248.18|100.0
23|02|17|2202|General Education|03|University and Higher Education|102|Assistance to Universities|0||01|Mysore University|118|Grants-in-Aid-Pensions|2202-03-102-0-01|Grants-in-Aid-Pensions|V|Data|Object-Head|5000.00|5000.00|7500.00|10000.00|100.0
23|02|17|2202|General Education|03|University and Higher Education|102|Assistance to Universities|0||01|Mysore University|||2202-03-102-0-01|ಜುಮ್ಲಾ HOA Total :|V|Total|Detailed-Head|16966.04|17768.71|20268.71|22248.18|100.0
23|02|17|2202|General Education|03|University and Higher Education|102|Assistance to Universities|0||02|Karnataka University- Dharwad|||2202-03-102-0-02|Karnataka University- Dharwad|V|Header|Detailed-Head|||||100.0
23|02|17|2202|General Education|03|University and Higher Education|102|Assistance to Universities|0||02|Karnataka University- Dharwad|101|Grants-in-Aid-Salaries|2202-03-102-0-02|Grants-in-Aid-Salaries|V|Data|Object-Head|9528.55|10884.09|10884.09|11052.01|100.0
23|02|17|2202|General Education|03|University and Higher Education|102|Assistance to Universities|0||02|Karnataka University- Dharwad|118|Grants-in-Aid-Pensions|2202-03-102-0-02|Grants-in-Aid-Pensions|V|Data|Object-Head|7000.00|5500.00|8000.00|6750.00|100.0
23|02|17|2202|General Education|03|University and Higher Education|102|Assistance to Universities|0||02|Karnataka University- Dharwad|||2202-03-102-0-02|ಜುಮ್ಲಾ HOA Total :|V|Total|Detailed-Head|16528.55|16384.09|18884.09|17802.01|100.0
24|02|17|2202|General Education|03|University and Higher Education|102|Assistance to Universities|0||03|Bangalore University|||2202-03-102-0-03|Bangalore University|V|Header|Detailed-Head|||||100.0
24|02|17|2202|General Education|03|University and Higher Education|102|Assistance to Universities|0||03|Bangalore University|101|Grants-in-Aid-Salaries|2202-03-102-0-03|Grants-in-Aid-Salaries|V|Data|Object-Head|8149.67|8828.73|8828.73|8584.98|100.0
24|02|17|2202|General Education|03|University and Higher Education|102|Assistance to Universities|0||03|Bangalore University|118|Grants-in-Aid-Pensions|2202-03-102-0-03|Grants-in-Aid-Pensions|V|Data|Object-Head|500.00|500.00|1000.00|1000.00|100.0
24|02|17|2202|General Education|03|University and Higher Education|102|Assistance to Universities|0||03|Bangalore University|||2202-03-102-0-03|ಜುಮ್ಲಾ HOA Total :|V|Total|Detailed-Head|8649.67|9328.73|9828.73|9584.98|100.0
24|02|17|2202|General Education|03|University and Higher Education|102|Assistance to Universities|0||04|Gulbarga University|||2202-03-102-0-04|Gulbarga University|V|Header|Detailed-Head|||||100.0
24|02|17|2202|General Education|03|University and Higher Education|102|Assistance to Universities|0||04|Gulbarga University|101|Grants-in-Aid-Salaries|2202-03-102-0-04|Grants-in-Aid-Salaries|V|Data|Object-Head|3342.27|3512.61|3394.50|3034.09|100.0
24|02|17|2202|General Education|03|University and Higher Education|102|Assistance to Universities|0||04|Gulbarga University|118|Grants-in-Aid-Pensions|2202-03-102-0-04|Grants-in-Aid-Pensions|V|Data|Object-Head|1650.00|1650.00|3150.00|2000.00|100.0
24|02|17|2202|General Education|03|University and Higher Education|102|Assistance to Universities|0||04|Gulbarga University|||2202-03-102-0-04|ಜುಮ್ಲಾ HOA Total :|V|Total|Detailed-Head|4992.27|5162.61|6544.50|5034.09|100.0
24|02|17|2202|General Education|03|University and Higher Education|102|Assistance to Universities|0||05|Mangalore University|||2202-03-102-0-05|Mangalore University|V|Header|Detailed-Head|||||100.0
24|02|17|2202|General Education|03|University and Higher Education|102|Assistance to Universities|0||05|Mangalore University|101|Grants-in-Aid-Salaries|2202-03-102-0-05|Grants-in-Aid-Salaries|V|Data|Object-Head|5821.25|6334.66|6334.66|6020.17|100.0
24|02|17|2202|General Education|03|University and Higher Education|102|Assistance to Universities|0||05|Mangalore University|118|Grants-in-Aid-Pensions|2202-03-102-0-05|Grants-in-Aid-Pensions|V|Data|Object-Head|2130.00|1500.00|3000.00|2000.00|100.0
24|02|17|2202|General Education|03|University and Higher Education|102|Assistance to Universities|0||05|Mangalore University|||2202-03-102-0-05|ಜುಮ್ಲಾ HOA Total :|V|Total|Detailed-Head|7951.25|7834.66|9334.66|8020.17|100.0
24|02|17|2202|General Education|03|University and Higher Education|102|Assistance to Universities|0||06|Kannada University - Hampi|||2202-03-102-0-06|Kannada University - Hampi|V|Header|Detailed-Head|||||100.0
24|02|17|2202|General Education|03|University and Higher Education|102|Assistance to Universities|0||06|Kannada University - Hampi|101|Grants-in-Aid-Salaries|2202-03-102-0-06|Grants-in-Aid-Salaries|V|Data|Object-Head|2644.69|2757.21|2757.21|2749.55|100.0
24|02|17|2202|General Education|03|University and Higher Education|102|Assistance to Universities|0||06|Kannada University - Hampi|103|Grants-in-Aid -General|2202-03-102-0-06|Grants-in-Aid -General|V|Data|Object-Head|191.50|191.50|191.50|191.50|100.0
24|02|17|2202|General Education|03|University and Higher Education|102|Assistance to Universities|0||06|Kannada University - Hampi|118|Grants-in-Aid-Pensions|2202-03-102-0-06|Grants-in-Aid-Pensions|V|Data|Object-Head|1370.32|1400.00|1400.00|1251.00|100.0
24|02|17|2202|General Education|03|University and Higher Education|102|Assistance to Universities|0||06|Kannada University - Hampi|422|Schedule Caste Sub Plan|2202-03-102-0-06|Schedule Caste Sub Plan|V|Data|Object-Head|6.02|6.02|6.02|6.02|100.0
24|02|17|2202|General Education|03|University and Higher Education|102|Assistance to Universities|0||06|Kannada University - Hampi|423|Tribal Sub Plan|2202-03-102-0-06|Tribal Sub Plan|V|Data|Object-Head|2.48|2.48|2.48|2.48|100.0
24|02|17|2202|General Education|03|University and Higher Education|102|Assistance to Universities|0||06|Kannada University - Hampi|||2202-03-102-0-06|ಜುಮ್ಲಾ HOA Total :|V|Total|Detailed-Head|4215.01|4357.21|4357.21|4200.55|100.0
24|02|17|2202|General Education|03|University and Higher Education|102|Assistance to Universities|0||08|Kuvempu University - Shimoga|||2202-03-102-0-08|Kuvempu University - Shimoga|V|Header|Detailed-Head|||||100.0
24|02|17|2202|General Education|03|University and Higher Education|102|Assistance to Universities|0||08|Kuvempu University - Shimoga|101|Grants-in-Aid-Salaries|2202-03-102-0-08|Grants-in-Aid-Salaries|V|Data|Object-Head|6751.69|7281.03|7281.03|6982.97|100.0
25|02|17|2202|General Education|03|University and Higher Education|102|Assistance to Universities|0||08|Kuvempu University - Shimoga|118|Grants-in-Aid-Pensions|2202-03-102-0-08|Grants-in-Aid-Pensions|V|Data|Object-Head|1000.00|1000.00|2500.00|2000.00|100.0
25|02|17|2202|General Education|03|University and Higher Education|102|Assistance to Universities|0||08|Kuvempu University - Shimoga|||2202-03-102-0-08|ಜುಮ್ಲಾ HOA Total :|V|Total|Detailed-Head|7751.69|8281.03|9781.03|8982.97|100.0
25|02|17|2202|General Education|03|University and Higher Education|102|Assistance to Universities|0||22|Karnataka State Akkamahadevi Women University|||2202-03-102-0-22|Karnataka State Akkamahadevi Women University|V|Header|Detailed-Head|||||100.0
25|02|17|2202|General Education|03|University and Higher Education|102|Assistance to Universities|0||22|Karnataka State Akkamahadevi Women University|101|Grants-in-Aid-Salaries|2202-03-102-0-22|Grants-in-Aid-Salaries|V|Data|Object-Head|1722.05|1972.28|1972.28|1870.15|100.0
25|02|17|2202|General Education|03|University and Higher Education|102|Assistance to Universities|0||22|Karnataka State Akkamahadevi Women University|118|Grants-in-Aid-Pensions|2202-03-102-0-22|Grants-in-Aid-Pensions|V|Data|Object-Head||5.00|5.00|5.00|100.0
25|02|17|2202|General Education|03|University and Higher Education|102|Assistance to Universities|0||22|Karnataka State Akkamahadevi Women University|||2202-03-102-0-22|ಜುಮ್ಲಾ HOA Total :|V|Total|Detailed-Head|1722.05|1977.28|1977.28|1875.15|100.0
25|02|17|2202|General Education|03|University and Higher Education|102|Assistance to Universities|0||23|Tumkur University|||2202-03-102-0-23|Tumkur University|V|Header|Detailed-Head|||||100.0
25|02|17|2202|General Education|03|University and Higher Education|102|Assistance to Universities|0||23|Tumkur University|101|Grants-in-Aid-Salaries|2202-03-102-0-23|Grants-in-Aid-Salaries|V|Data|Object-Head|3595.25|4428.69|4428.69|4667.09|100.0
25|02|17|2202|General Education|03|University and Higher Education|102|Assistance to Universities|0||23|Tumkur University|102|Grants-in-Aid-Assets Creation|2202-03-102-0-23|Grants-in-Aid-Assets Creation|V|Data|Object-Head|500.00|500.00|500.00||100.0
25|02|17|2202|General Education|03|University and Higher Education|102|Assistance to Universities|0||23|Tumkur University|103|Grants-in-Aid -General|2202-03-102-0-23|Grants-in-Aid -General|V|Data|Object-Head||||500.00|100.0
25|02|17|2202|General Education|03|University and Higher Education|102|Assistance to Universities|0||23|Tumkur University|118|Grants-in-Aid-Pensions|2202-03-102-0-23|Grants-in-Aid-Pensions|V|Data|Object-Head|50.00|50.00|50.00|1.00|100.0
25|02|17|2202|General Education|03|University and Higher Education|102|Assistance to Universities|0||23|Tumkur University|||2202-03-102-0-23|ಜುಮ್ಲಾ HOA Total :|V|Total|Detailed-Head|4145.25|4978.69|4978.69|5168.09|100.0
25|02|17|2202|General Education|03|University and Higher Education|102|Assistance to Universities|0||31|Davanagere University|||2202-03-102-0-31|Davanagere University|V|Header|Detailed-Head|||||100.0
25|02|17|2202|General Education|03|University and Higher Education|102|Assistance to Universities|0||31|Davanagere University|101|Grants-in-Aid-Salaries|2202-03-102-0-31|Grants-in-Aid-Salaries|V|Data|Object-Head|3143.69|3665.77|3665.77|3812.70|100.0
25|02|17|2202|General Education|03|University and Higher Education|102|Assistance to Universities|0||31|Davanagere University|118|Grants-in-Aid-Pensions|2202-03-102-0-31|Grants-in-Aid-Pensions|V|Data|Object-Head||1.00|1.00|25.00|100.0
25|02|17|2202|General Education|03|University and Higher Education|102|Assistance to Universities|0||31|Davanagere University|||2202-03-102-0-31|ಜುಮ್ಲಾ HOA Total :|V|Total|Detailed-Head|3143.69|3666.77|3666.77|3837.70|100.0
25|02|17|2202|General Education|03|University and Higher Education|102|Assistance to Universities|0||33|Vijayanagar Sri Krishnadevaraya University|||2202-03-102-0-33|Vijayanagar Sri Krishnadevaraya University|V|Header|Detailed-Head|||||100.0
25|02|17|2202|General Education|03|University and Higher Education|102|Assistance to Universities|0||33|Vijayanagar Sri Krishnadevaraya University|101|Grants-in-Aid-Salaries|2202-03-102-0-33|Grants-in-Aid-Salaries|V|Data|Object-Head|2184.61|2522.93|2522.93|2666.60|100.0
26|02|17|2202|General Education|03|University and Higher Education|102|Assistance to Universities|0||33|Vijayanagar Sri Krishnadevaraya University|118|Grants-in-Aid-Pensions|2202-03-102-0-33|Grants-in-Aid-Pensions|V|Data|Object-Head|30.00|1.00|1.00|1.00|100.0
26|02|17|2202|General Education|03|University and Higher Education|102|Assistance to Universities|0||33|Vijayanagar Sri Krishnadevaraya University|||2202-03-102-0-33|ಜುಮ್ಲಾ HOA Total :|V|Total|Detailed-Head|2214.61|2523.93|2523.93|2667.60|100.0
26|02|17|2202|General Education|03|University and Higher Education|102|Assistance to Universities|0||34|Rani Channamma University|||2202-03-102-0-34|Rani Channamma University|V|Header|Detailed-Head|||||100.0
26|02|17|2202|General Education|03|University and Higher Education|102|Assistance to Universities|0||34|Rani Channamma University|101|Grants-in-Aid-Salaries|2202-03-102-0-34|Grants-in-Aid-Salaries|V|Data|Object-Head|3408.33|3905.34|3605.34|4046.27|100.0
26|02|17|2202|General Education|03|University and Higher Education|102|Assistance to Universities|0||34|Rani Channamma University|118|Grants-in-Aid-Pensions|2202-03-102-0-34|Grants-in-Aid-Pensions|V|Data|Object-Head||1.00|301.00|1.00|100.0
26|02|17|2202|General Education|03|University and Higher Education|102|Assistance to Universities|0||34|Rani Channamma University|||2202-03-102-0-34|ಜುಮ್ಲಾ HOA Total :|V|Total|Detailed-Head|3408.33|3906.34|3906.34|4047.27|100.0
26|02|17|2202|General Education|03|University and Higher Education|102|Assistance to Universities|0||35|Janapada University|||2202-03-102-0-35|Janapada University|V|Header|Detailed-Head|||||100.0
26|02|17|2202|General Education|03|University and Higher Education|102|Assistance to Universities|0||35|Janapada University|101|Grants-in-Aid-Salaries|2202-03-102-0-35|Grants-in-Aid-Salaries|V|Data|Object-Head|385.12|479.36|479.36|508.20|100.0
26|02|17|2202|General Education|03|University and Higher Education|102|Assistance to Universities|0||35|Janapada University|103|Grants-in-Aid -General|2202-03-102-0-35|Grants-in-Aid -General|V|Data|Object-Head|76.00|38.00|38.00|76.00|100.0
26|02|17|2202|General Education|03|University and Higher Education|102|Assistance to Universities|0||35|Janapada University|422|Schedule Caste Sub Plan|2202-03-102-0-35|Schedule Caste Sub Plan|V|Data|Object-Head|17.00|8.50|8.50|17.00|100.0
26|02|17|2202|General Education|03|University and Higher Education|102|Assistance to Universities|0||35|Janapada University|423|Tribal Sub Plan|2202-03-102-0-35|Tribal Sub Plan|V|Data|Object-Head|7.00|3.50|3.50|7.00|100.0
26|02|17|2202|General Education|03|University and Higher Education|102|Assistance to Universities|0||35|Janapada University|||2202-03-102-0-35|ಜುಮ್ಲಾ HOA Total :|V|Total|Detailed-Head|485.12|529.36|529.36|608.20|100.0
26|02|17|2202|General Education|03|University and Higher Education|102|Assistance to Universities|0||39|Bengaluru Central University|||2202-03-102-0-39|Bengaluru Central University|V|Header|Detailed-Head|||||100.0
26|02|17|2202|General Education|03|University and Higher Education|102|Assistance to Universities|0||39|Bengaluru Central University|101|Grants-in-Aid-Salaries|2202-03-102-0-39|Grants-in-Aid-Salaries|V|Data|Object-Head|636.20|664.36|664.36|652.98|100.0
26|02|17|2202|General Education|03|University and Higher Education|102|Assistance to Universities|0||39|Bengaluru Central University|||2202-03-102-0-39|ಜುಮ್ಲಾ HOA Total :|V|Total|Detailed-Head|636.20|664.36|664.36|652.98|100.0
26|02|17|2202|General Education|03|University and Higher Education|102|Assistance to Universities|0||40|Bengaluru North University|||2202-03-102-0-40|Bengaluru North University|V|Header|Detailed-Head|||||100.0
26|02|17|2202|General Education|03|University and Higher Education|102|Assistance to Universities|0||40|Bengaluru North University|101|Grants-in-Aid-Salaries|2202-03-102-0-40|Grants-in-Aid-Salaries|V|Data|Object-Head|286.95|305.92|305.92|287.87|100.0
26|02|17|2202|General Education|03|University and Higher Education|102|Assistance to Universities|0||40|Bengaluru North University|118|Grants-in-Aid-Pensions|2202-03-102-0-40|Grants-in-Aid-Pensions|V|Data|Object-Head||1.00|1.00|1.00|100.0
26|02|17|2202|General Education|03|University and Higher Education|102|Assistance to Universities|0||40|Bengaluru North University|||2202-03-102-0-40|ಜುಮ್ಲಾ HOA Total :|V|Total|Detailed-Head|286.95|306.92|306.92|288.87|100.0
27|02|17|2202|General Education|03|University and Higher Education|102|Assistance to Universities|0||41|Raichur University|||2202-03-102-0-41|Raichur University|V|Header|Detailed-Head|||||100.0
27|02|17|2202|General Education|03|University and Higher Education|102|Assistance to Universities|0||41|Raichur University|101|Grants-in-Aid-Salaries|2202-03-102-0-41|Grants-in-Aid-Salaries|V|Data|Object-Head|123.45|223.68|341.79|404.89|100.0
27|02|17|2202|General Education|03|University and Higher Education|102|Assistance to Universities|0||41|Raichur University|||2202-03-102-0-41|ಜುಮ್ಲಾ HOA Total :|V|Total|Detailed-Head|123.45|223.68|341.79|404.89|100.0
27|02|17|2202|General Education|03|University and Higher Education|102|Assistance to Universities|0||42|Mandya University|||2202-03-102-0-42|Mandya University|V|Header|Detailed-Head|||||100.0
27|02|17|2202|General Education|03|University and Higher Education|102|Assistance to Universities|0||42|Mandya University|101|Grants-in-Aid-Salaries|2202-03-102-0-42|Grants-in-Aid-Salaries|V|Data|Object-Head|34.80|68.43|68.43|70.27|100.0
27|02|17|2202|General Education|03|University and Higher Education|102|Assistance to Universities|0||42|Mandya University|||2202-03-102-0-42|ಜುಮ್ಲಾ HOA Total :|V|Total|Detailed-Head|34.80|68.43|68.43|70.27|100.0
27|02|17|2202|General Education|03|University and Higher Education|102|Assistance to Universities|0||43|Maharani Cluster University|||2202-03-102-0-43|Maharani Cluster University|V|Header|Detailed-Head|||||100.0
27|02|17|2202|General Education|03|University and Higher Education|102|Assistance to Universities|0||43|Maharani Cluster University|101|Grants-in-Aid-Salaries|2202-03-102-0-43|Grants-in-Aid-Salaries|V|Data|Object-Head|236.72|140.83|741.53|161.20|100.0
27|02|17|2202|General Education|03|University and Higher Education|102|Assistance to Universities|0||43|Maharani Cluster University|103|Grants-in-Aid -General|2202-03-102-0-43|Grants-in-Aid -General|V|Data|Object-Head|50.00||||100.0
27|02|17|2202|General Education|03|University and Higher Education|102|Assistance to Universities|0||43|Maharani Cluster University|||2202-03-102-0-43|ಜುಮ್ಲಾ HOA Total :|V|Total|Detailed-Head|286.72|140.83|741.53|161.20|100.0
27|02|17|2202|General Education|03|University and Higher Education|102|Assistance to Universities|0||44|Nrupatunga University|||2202-03-102-0-44|Nrupatunga University|V|Header|Detailed-Head|||||100.0
27|02|17|2202|General Education|03|University and Higher Education|102|Assistance to Universities|0||44|Nrupatunga University|101|Grants-in-Aid-Salaries|2202-03-102-0-44|Grants-in-Aid-Salaries|V|Data|Object-Head|38.40|103.71|103.71|82.82|100.0
27|02|17|2202|General Education|03|University and Higher Education|102|Assistance to Universities|0||44|Nrupatunga University|103|Grants-in-Aid -General|2202-03-102-0-44|Grants-in-Aid -General|V|Data|Object-Head|50.00||||100.0
27|02|17|2202|General Education|03|University and Higher Education|102|Assistance to Universities|0||44|Nrupatunga University|||2202-03-102-0-44|ಜುಮ್ಲಾ HOA Total :|V|Total|Detailed-Head|88.40|103.71|103.71|82.82|100.0
27|02|17|2202|General Education|03|University and Higher Education|102|Assistance to Universities|0||45|Salary Grants to New Universities|||2202-03-102-0-45|Salary Grants to New Universities|V|Header|Detailed-Head|||||100.0
27|02|17|2202|General Education|03|University and Higher Education|102|Assistance to Universities|0||45|Salary Grants to New Universities|101|Grants-in-Aid-Salaries|2202-03-102-0-45|Grants-in-Aid-Salaries|V|Data|Object-Head|3381.99|3209.53|3619.84|912.93|100.0
27|02|17|2202|General Education|03|University and Higher Education|102|Assistance to Universities|0||45|Salary Grants to New Universities|118|Grants-in-Aid-Pensions|2202-03-102-0-45|Grants-in-Aid-Pensions|V|Data|Object-Head|||500.00||100.0
27|02|17|2202|General Education|03|University and Higher Education|102|Assistance to Universities|0||45|Salary Grants to New Universities|||2202-03-102-0-45|ಜುಮ್ಲಾ HOA Total :|V|Total|Detailed-Head|3381.99|3209.53|4119.84|912.93|100.0
27|02|17|2202|General Education|03|University and Higher Education|102|Assistance to Universities|0||52|Development Grants for Universities|||2202-03-102-0-52|Development Grants for Universities|V|Header|Detailed-Head|||||100.0
27|02|17|2202|General Education|03|University and Higher Education|102|Assistance to Universities|0||52|Development Grants for Universities|103|Grants-in-Aid -General|2202-03-102-0-52|Grants-in-Aid -General|V|Data|Object-Head|2350.00|850.00|950.00|850.00|100.0
27|02|17|2202|General Education|03|University and Higher Education|102|Assistance to Universities|0||52|Development Grants for Universities|||2202-03-102-0-52|ಜುಮ್ಲಾ HOA Total :|V|Total|Detailed-Head|2350.00|850.00|950.00|850.00|100.0
28|02|17|2202|General Education|03|University and Higher Education|102|Assistance to Universities|0||53|University of Visvesvaraya College of Engineering(UVCE)|||2202-03-102-0-53|University of Visvesvaraya College of Engineering(UVCE)|V|Header|Detailed-Head|||||100.0
28|02|17|2202|General Education|03|University and Higher Education|102|Assistance to Universities|0||53|University of Visvesvaraya College of Engineering(UVCE)|101|Grants-in-Aid-Salaries|2202-03-102-0-53|Grants-in-Aid-Salaries|V|Data|Object-Head||||2376.38|100.0
28|02|17|2202|General Education|03|University and Higher Education|102|Assistance to Universities|0||53|University of Visvesvaraya College of Engineering(UVCE)|118|Grants-in-Aid-Pensions|2202-03-102-0-53|Grants-in-Aid-Pensions|V|Data|Object-Head||||210.00|100.0
28|02|17|2202|General Education|03|University and Higher Education|102|Assistance to Universities|0||53|University of Visvesvaraya College of Engineering(UVCE)|||2202-03-102-0-53|ಜುಮ್ಲಾ HOA Total :|V|Total|Detailed-Head|0.00|0.00|0.00|2586.38|100.0
28|02|17|2202|General Education|03|University and Higher Education|103|Government Colleges and Institutes|1||03|CSS-Central Share-Rashtriya Ucchatar Shiksha Abhiyana|||2202-03-103-1-03|CSS-Central Share-Rashtriya Ucchatar Shiksha Abhiyana|V|Header|Detailed-Head|||||100.0
28|02|17|2202|General Education|03|University and Higher Education|103|Government Colleges and Institutes|1||03|CSS-Central Share-Rashtriya Ucchatar Shiksha Abhiyana|059|Other Expenses|2202-03-103-1-03|Other Expenses|V|Data|Object-Head|3367.48|5400.00|5400.00|5400.00|100.0
28|02|17|2202|General Education|03|University and Higher Education|103|Government Colleges and Institutes|1||03|CSS-Central Share-Rashtriya Ucchatar Shiksha Abhiyana|422|Schedule Caste Sub Plan|2202-03-103-1-03|Schedule Caste Sub Plan|V|Data|Object-Head|857.54||657.60|657.50|100.0
28|02|17|2202|General Education|03|University and Higher Education|103|Government Colleges and Institutes|1||03|CSS-Central Share-Rashtriya Ucchatar Shiksha Abhiyana|423|Tribal Sub Plan|2202-03-103-1-03|Tribal Sub Plan|V|Data|Object-Head|372.73||371.60|371.50|100.0
28|02|17|2202|General Education|03|University and Higher Education|103|Government Colleges and Institutes|1||03|CSS-Central Share-Rashtriya Ucchatar Shiksha Abhiyana|||2202-03-103-1-03|ಜುಮ್ಲಾ HOA Total :|V|Total|Detailed-Head|4597.75|5400.00|6429.20|6429.00|100.0
28|02|17|2202|General Education|03|University and Higher Education|103|Government Colleges and Institutes|1||04|Unified University and College Management System|||2202-03-103-1-04|Unified University and College Management System|V|Header|Detailed-Head|||||100.0
28|02|17|2202|General Education|03|University and Higher Education|103|Government Colleges and Institutes|1||04|Unified University and College Management System|051|General Expenses|2202-03-103-1-04|General Expenses|V|Data|Object-Head||500.00|500.00|1.00|100.0
28|02|17|2202|General Education|03|University and Higher Education|103|Government Colleges and Institutes|1||04|Unified University and College Management System|||2202-03-103-1-04|ಜುಮ್ಲಾ HOA Total :|V|Total|Detailed-Head|0.00|500.00|500.00|1.00|100.0
28|02|17|2202|General Education|03|University and Higher Education|103|Government Colleges and Institutes|1||06|CSS-State Share-Rashtriya Ucchatar Shiksha Abhiyana|||2202-03-103-1-06|CSS-State Share-Rashtriya Ucchatar Shiksha Abhiyana|V|Header|Detailed-Head|||||100.0
28|02|17|2202|General Education|03|University and Higher Education|103|Government Colleges and Institutes|1||06|CSS-State Share-Rashtriya Ucchatar Shiksha Abhiyana|059|Other Expenses|2202-03-103-1-06|Other Expenses|V|Data|Object-Head|2244.98|3132.00|3132.00|3321.66|100.0
28|02|17|2202|General Education|03|University and Higher Education|103|Government Colleges and Institutes|1||06|CSS-State Share-Rashtriya Ucchatar Shiksha Abhiyana|422|Schedule Caste Sub Plan|2202-03-103-1-06|Schedule Caste Sub Plan|V|Data|Object-Head|571.69|324.00|438.40|343.62|100.0
28|02|17|2202|General Education|03|University and Higher Education|103|Government Colleges and Institutes|1||06|CSS-State Share-Rashtriya Ucchatar Shiksha Abhiyana|423|Tribal Sub Plan|2202-03-103-1-06|Tribal Sub Plan|V|Data|Object-Head|248.49|144.00|247.73|152.72|100.0
28|02|17|2202|General Education|03|University and Higher Education|103|Government Colleges and Institutes|1||06|CSS-State Share-Rashtriya Ucchatar Shiksha Abhiyana|||2202-03-103-1-06|ಜುಮ್ಲಾ HOA Total :|V|Total|Detailed-Head|3065.16|3600.00|3818.13|3818.00|100.0
28|02|17|2202|General Education|03|University and Higher Education|103|Government Colleges and Institutes|1||07|CSS-Central Share(100% GoI)-Management Monitoring Evaluation and Research (MMER) Grants-RUSA|||2202-03-103-1-07|CSS-Central Share(100% GoI)-Management Monitoring Evaluation and Research (MMER) Grants-RUSA|V|Header|Detailed-Head|||||100.0
28|02|17|2202|General Education|03|University and Higher Education|103|Government Colleges and Institutes|1||07|CSS-Central Share(100% GoI)-Management Monitoring Evaluation and Research (MMER) Grants-RUSA|059|Other Expenses|2202-03-103-1-07|Other Expenses|V|Data|Object-Head|||36.42|1.00|100.0
28|02|17|2202|General Education|03|University and Higher Education|103|Government Colleges and Institutes|1||07|CSS-Central Share(100% GoI)-Management Monitoring Evaluation and Research (MMER) Grants-RUSA|422|Schedule Caste Sub Plan|2202-03-103-1-07|Schedule Caste Sub Plan|V|Data|Object-Head|||8.68||100.0
29|02|17|2202|General Education|03|University and Higher Education|103|Government Colleges and Institutes|1||07|CSS-Central Share(100% GoI)-Management Monitoring Evaluation and Research (MMER) Grants-RUSA|423|Tribal Sub Plan|2202-03-103-1-07|Tribal Sub Plan|V|Data|Object-Head|||4.91||100.0
29|02|17|2202|General Education|03|University and Higher Education|103|Government Colleges and Institutes|1||07|CSS-Central Share(100% GoI)-Management Monitoring Evaluation and Research (MMER) Grants-RUSA|||2202-03-103-1-07|ಜುಮ್ಲಾ HOA Total :|V|Total|Detailed-Head|0.00|0.00|50.01|1.00|100.0
29|02|17|2202|General Education|03|University and Higher Education|103|Government Colleges and Institutes|2|Government First Grade Colleges|01|Government First Grade Colleges|||2202-03-103-2-01|ಸರ್ಕಾರಿ ಪ್ರಥಮ ದರ್ಜೆ ಕಾಲೇಜುಗಳು / Government First Grade Colleges|V|Header|Detailed-Head|||||100.0
29|02|17|2202|General Education|03|University and Higher Education|103|Government Colleges and Institutes|2|Government First Grade Colleges|01|Government First Grade Colleges|002|Basic Pay|2202-03-103-2-01|Basic Pay|V|Data|Object-Head|82004.80|95786.00|95786.00|106197.00|100.0
29|02|17|2202|General Education|03|University and Higher Education|103|Government Colleges and Institutes|2|Government First Grade Colleges|01|Government First Grade Colleges|003|Basic Pay-Staff|2202-03-103-2-01|Basic Pay-Staff|V|Data|Object-Head|6490.23||||100.0
29|02|17|2202|General Education|03|University and Higher Education|103|Government Colleges and Institutes|2|Government First Grade Colleges|01|Government First Grade Colleges|004|Interim Relief|2202-03-103-2-01|Interim Relief|V|Data|Object-Head|392.46||||100.0
29|02|17|2202|General Education|03|University and Higher Education|103|Government Colleges and Institutes|2|Government First Grade Colleges|01|Government First Grade Colleges|011|Dearness Allowance|2202-03-103-2-01|Dearness Allowance|V|Data|Object-Head|44226.18|57730.00|57730.00|69584.00|100.0
29|02|17|2202|General Education|03|University and Higher Education|103|Government Colleges and Institutes|2|Government First Grade Colleges|01|Government First Grade Colleges|014|Other Allowance|2202-03-103-2-01|Other Allowance|V|Data|Object-Head|9918.91|10853.00|10853.00|11734.00|100.0
29|02|17|2202|General Education|03|University and Higher Education|103|Government Colleges and Institutes|2|Government First Grade Colleges|01|Government First Grade Colleges|020|Medical Allowance|2202-03-103-2-01|Medical Allowance|V|Data|Object-Head|53.87||||100.0
29|02|17|2202|General Education|03|University and Higher Education|103|Government Colleges and Institutes|2|Government First Grade Colleges|01|Government First Grade Colleges|021|Reimbursement of Medical Expenses|2202-03-103-2-01|Reimbursement of Medical Expenses|V|Data|Object-Head|174.70|538.00|538.00|597.00|100.0
29|02|17|2202|General Education|03|University and Higher Education|103|Government Colleges and Institutes|2|Government First Grade Colleges|01|Government First Grade Colleges|033|Daily-wages|2202-03-103-2-01|Daily-wages|V|Data|Object-Head|55.15|30.60|30.60|24.19|100.0
29|02|17|2202|General Education|03|University and Higher Education|103|Government Colleges and Institutes|2|Government First Grade Colleges|01|Government First Grade Colleges|034|Contract/Outsource|2202-03-103-2-01|Contract/Outsource|V|Data|Object-Head|1108.47|3903.68|3903.68|4051.30|100.0
29|02|17|2202|General Education|03|University and Higher Education|103|Government Colleges and Institutes|2|Government First Grade Colleges|01|Government First Grade Colleges|041|Travel Expenses|2202-03-103-2-01|Travel Expenses|V|Data|Object-Head|18.15|10.00|10.00|10.00|100.0
29|02|17|2202|General Education|03|University and Higher Education|103|Government Colleges and Institutes|2|Government First Grade Colleges|01|Government First Grade Colleges|050|Office Expenses|2202-03-103-2-01|Office Expenses|V|Data|Object-Head||400.00|400.00|250.00|100.0
29|02|17|2202|General Education|03|University and Higher Education|103|Government Colleges and Institutes|2|Government First Grade Colleges|01|Government First Grade Colleges|051|General Expenses|2202-03-103-2-01|General Expenses|V|Data|Object-Head|596.66|200.00|438.50|200.00|100.0
29|02|17|2202|General Education|03|University and Higher Education|103|Government Colleges and Institutes|2|Government First Grade Colleges|01|Government First Grade Colleges|052|Telephone Charges|2202-03-103-2-01|Telephone Charges|V|Data|Object-Head|1.76||||100.0
29|02|17|2202|General Education|03|University and Higher Education|103|Government Colleges and Institutes|2|Government First Grade Colleges|01|Government First Grade Colleges|071|Building Expenses|2202-03-103-2-01|Building Expenses|V|Data|Object-Head|151.96|161.00|161.00|167.00|100.0
29|02|17|2202|General Education|03|University and Higher Education|103|Government Colleges and Institutes|2|Government First Grade Colleges|01|Government First Grade Colleges|251|Pension & Retirement Benefits|2202-03-103-2-01|Pension & Retirement Benefits|V|Data|Object-Head||||1.00|100.0
29|02|17|2202|General Education|03|University and Higher Education|103|Government Colleges and Institutes|2|Government First Grade Colleges|01|Government First Grade Colleges|324|Honorarium|2202-03-103-2-01|Honorarium|V|Data|Object-Head|32660.91|23450.00|29311.50|29549.00|100.0
29|02|17|2202|General Education|03|University and Higher Education|103|Government Colleges and Institutes|2|Government First Grade Colleges|01|Government First Grade Colleges|||2202-03-103-2-01|ಜುಮ್ಲಾ HOA Total :|V|Total|Detailed-Head|177854.21|193062.28|199162.28|222364.49|100.0
29|02|17|2202|General Education|03|University and Higher Education|104|Assistance to Non-Government Colleges and Institutes|1|GIA - First Grade College|01|GIA - First Grade College|||2202-03-104-1-01|ಪ್ರಥಮ ದರ್ಜೆ ಕಾಲೇಜುಗಳಿಗೆ ಸಹಾಯಾನುದಾನ / GIA - First Grade College|V|Header|Detailed-Head|||||100.0
29|02|17|2202|General Education|03|University and Higher Education|104|Assistance to Non-Government Colleges and Institutes|1|GIA - First Grade College|01|GIA - First Grade College|101|Grants-in-Aid-Salaries|2202-03-104-1-01|Grants-in-Aid-Salaries|V|Data|Object-Head|64033.01|84267.27|74267.27|75383.76|100.0
29|02|17|2202|General Education|03|University and Higher Education|104|Assistance to Non-Government Colleges and Institutes|1|GIA - First Grade College|01|GIA - First Grade College|||2202-03-104-1-01|ಜುಮ್ಲಾ HOA Total :|V|Total|Detailed-Head|64033.01|84267.27|74267.27|75383.76|100.0
30|02|17|2202|General Education|03|University and Higher Education|104|Assistance to Non-Government Colleges and Institutes|2|GIA to B.Ed Colleges|01|GIA to B.Ed Colleges|||2202-03-104-2-01|ಬಿ.ಎಡ್ ಕಾಲೇಜುಗಳಿಗೆ ಸಹಾಯಾನುದಾನ / GIA to B.Ed Colleges|V|Header|Detailed-Head|||||100.0
30|02|17|2202|General Education|03|University and Higher Education|104|Assistance to Non-Government Colleges and Institutes|2|GIA to B.Ed Colleges|01|GIA to B.Ed Colleges|101|Grants-in-Aid-Salaries|2202-03-104-2-01|Grants-in-Aid-Salaries|V|Data|Object-Head|6577.02|7778.38|7778.38|7997.29|100.0
30|02|17|2202|General Education|03|University and Higher Education|104|Assistance to Non-Government Colleges and Institutes|2|GIA to B.Ed Colleges|01|GIA to B.Ed Colleges|||2202-03-104-2-01|ಜುಮ್ಲಾ HOA Total :|V|Total|Detailed-Head|6577.02|7778.38|7778.38|7997.29|100.0
30|02|17|2202|General Education|03|University and Higher Education|107|Scholarships|1|Scholarship and Exemption from payment of full fees to all girls students|10|Scholarship and Exemption from payment of full fees to all girls students|||2202-03-107-1-10|ವಿದ್ಯಾರ್ಥಿ ವೇತನ ಮತ್ತು ವಿದ್ಯಾರ್ಥಿನಿಯರಿಗೆ ಪೂರ್ಣ ಶುಲ್ಕ ವಿನಾಯಿತಿ / Scholarship and Exemption from payment of full fees to all girls students|V|Header|Detailed-Head|||||100.0
30|02|17|2202|General Education|03|University and Higher Education|107|Scholarships|1|Scholarship and Exemption from payment of full fees to all girls students|10|Scholarship and Exemption from payment of full fees to all girls students|117|Scholarships & Incentives|2202-03-107-1-10|Scholarships & Incentives|V|Data|Object-Head|1093.74|885.00|885.00|1000.00|100.0
30|02|17|2202|General Education|03|University and Higher Education|107|Scholarships|1|Scholarship and Exemption from payment of full fees to all girls students|10|Scholarship and Exemption from payment of full fees to all girls students|||2202-03-107-1-10|ಜುಮ್ಲಾ HOA Total :|V|Total|Detailed-Head|1093.74|885.00|885.00|1000.00|100.0
30|02|17|2202|General Education|03|University and Higher Education|112|Institutes of Higher Learning|0|Institute for Social and Economic Change|01|Institute for Social and Economic Change|||2202-03-112-0-01|ಸಾಮಾಜಿಕ ಮತ್ತು ಆರ್ಥಿಕ ಬದಲಾವಣೆಯ ಅಧ್ಯಯನ ಸಂಸ್ಥೆ / Institute for Social and Economic Change|V|Header|Detailed-Head|||||100.0
30|02|17|2202|General Education|03|University and Higher Education|112|Institutes of Higher Learning|0|Institute for Social and Economic Change|01|Institute for Social and Economic Change|101|Grants-in-Aid-Salaries|2202-03-112-0-01|Grants-in-Aid-Salaries|V|Data|Object-Head|544.39|629.80|629.80|614.08|100.0
30|02|17|2202|General Education|03|University and Higher Education|112|Institutes of Higher Learning|0|Institute for Social and Economic Change|01|Institute for Social and Economic Change|103|Grants-in-Aid -General|2202-03-112-0-01|Grants-in-Aid -General|V|Data|Object-Head|300.00|100.00|100.00|200.00|100.0
30|02|17|2202|General Education|03|University and Higher Education|112|Institutes of Higher Learning|0|Institute for Social and Economic Change|01|Institute for Social and Economic Change|||2202-03-112-0-01|ಜುಮ್ಲಾ HOA Total :|V|Total|Detailed-Head|844.39|729.80|729.80|814.08|100.0
30|02|17|2202|General Education|03|University and Higher Education|112|Institutes of Higher Learning|0|National Law School|06|National Law School|||2202-03-112-0-06|ರಾಷ್ಟ್ರೀಯ ಕಾನೂನು ಶಾಲೆ / National Law School|V|Header|Detailed-Head|||||100.0
30|02|17|2202|General Education|03|University and Higher Education|112|Institutes of Higher Learning|0|National Law School|06|National Law School|102|Grants-in-Aid-Assets Creation|2202-03-112-0-06|Grants-in-Aid-Assets Creation|V|Data|Object-Head|1800.00|1000.00|1000.00||100.0
30|02|17|2202|General Education|03|University and Higher Education|112|Institutes of Higher Learning|0|National Law School|06|National Law School|103|Grants-in-Aid -General|2202-03-112-0-06|Grants-in-Aid -General|V|Data|Object-Head|200.00|||1000.00|100.0
30|02|17|2202|General Education|03|University and Higher Education|112|Institutes of Higher Learning|0|National Law School|06|National Law School|||2202-03-112-0-06|ಜುಮ್ಲಾ HOA Total :|V|Total|Detailed-Head|2000.00|1000.00|1000.00|1000.00|100.0
30|02|17|2202|General Education|03|University and Higher Education|112|Institutes of Higher Learning|0|Support for NAC Accredition|09|Support for NAC Accredition|||2202-03-112-0-09|ರಾಷ್ಟ್ರೀಯ ಅಂಗೀಕೃತ ಪರಿಷತ್ತಿಗೆ ನೆರವು / Support for NAC Accredition|V|Header|Detailed-Head|||||100.0
30|02|17|2202|General Education|03|University and Higher Education|112|Institutes of Higher Learning|0|Support for NAC Accredition|09|Support for NAC Accredition|059|Other Expenses|2202-03-112-0-09|Other Expenses|V|Data|Object-Head|147.21|200.00|200.00|285.00|100.0
30|02|17|2202|General Education|03|University and Higher Education|112|Institutes of Higher Learning|0|Support for NAC Accredition|09|Support for NAC Accredition|||2202-03-112-0-09|ಜುಮ್ಲಾ HOA Total :|V|Total|Detailed-Head|147.21|200.00|200.00|285.00|100.0
30|02|17|2202|General Education|03|University and Higher Education|112|Institutes of Higher Learning|0|Centre for Multi-disciplinary Research, Dharwad(CMDR)|11|Centre for Multi-disciplinary Research, Dharwad(CMDR)|||2202-03-112-0-11|ಬಹುಮುಖಿ ವಿಷಯಗಳ ಸಂಶೋಧನೆಯ ಕೇಂದ್ರ, ಧಾರವಾಡ / Centre for Multi-disciplinary Research, Dharwad(CMDR)|V|Header|Detailed-Head|||||100.0
30|02|17|2202|General Education|03|University and Higher Education|112|Institutes of Higher Learning|0|Centre for Multi-disciplinary Research, Dharwad(CMDR)|11|Centre for Multi-disciplinary Research, Dharwad(CMDR)|059|Other Expenses|2202-03-112-0-11|Other Expenses|V|Data|Object-Head|200.00|200.00|200.00|200.00|100.0
31|02|17|2202|General Education|03|University and Higher Education|112|Institutes of Higher Learning|0||11|Centre for Multi-disciplinary Research, Dharwad(CMDR)|101|Grants-in-Aid-Salaries|2202-03-112-0-11|Grants-in-Aid-Salaries|V|Data|Object-Head|183.97|210.06|210.06|198.15|100.0
31|02|17|2202|General Education|03|University and Higher Education|112|Institutes of Higher Learning|0||11|Centre for Multi-disciplinary Research, Dharwad(CMDR)|||2202-03-112-0-11|ಜುಮ್ಲಾ HOA Total :|V|Total|Detailed-Head|383.97|410.06|410.06|398.15|100.0
31|02|17|2202|General Education|03|University and Higher Education|112|Institutes of Higher Learning|0||13|Assistance to Sanskrit and Vedic Research Institutions|||2202-03-112-0-13|ಸಂಸ್ಕೃತ ಮತ್ತು ವೈದಿಕ ಸಂಶೋಧನಾ ಸಂಸ್ಥೆಗಳಿಗೆ ನೆರವು / Assistance to Sanskrit and Vedic Research Institutions|V|Header|Detailed-Head|||||100.0
31|02|17|2202|General Education|03|University and Higher Education|112|Institutes of Higher Learning|0||13|Assistance to Sanskrit and Vedic Research Institutions|103|Grants-in-Aid -General|2202-03-112-0-13|Grants-in-Aid -General|V|Data|Object-Head|175.00|250.00|250.00|300.00|100.0
31|02|17|2202|General Education|03|University and Higher Education|112|Institutes of Higher Learning|0||13|Assistance to Sanskrit and Vedic Research Institutions|||2202-03-112-0-13|ಜುಮ್ಲಾ HOA Total :|V|Total|Detailed-Head|175.00|250.00|250.00|300.00|100.0
31|02|17|2202|General Education|03|University and Higher Education|112|Institutes of Higher Learning|0||15|Higher Education Academy, Dharwad|||2202-03-112-0-15|ಉನ್ನತ ಶಿಕ್ಷಣ ಅಕಾಡೆಮಿ, ಧಾರವಾಡ / Higher Education Academy, Dharwad|V|Header|Detailed-Head|||||100.0
31|02|17|2202|General Education|03|University and Higher Education|112|Institutes of Higher Learning|0||15|Higher Education Academy, Dharwad|103|Grants-in-Aid -General|2202-03-112-0-15|Grants-in-Aid -General|V|Data|Object-Head|450.00|200.00|200.00|200.00|100.0
31|02|17|2202|General Education|03|University and Higher Education|112|Institutes of Higher Learning|0||15|Higher Education Academy, Dharwad|||2202-03-112-0-15|ಜುಮ್ಲಾ HOA Total :|V|Total|Detailed-Head|450.00|200.00|200.00|200.00|100.0
31|02|17|2202|General Education|03|University and Higher Education|112|Institutes of Higher Learning|0||17|Karnataka State Council for Higher Education|||2202-03-112-0-17|ಕರ್ನಾಟಕ ರಾಜ್ಯ ಉನ್ನತ ಶಿಕ್ಷಣ ಪರಿಷತ್ತು / Karnataka State Council for Higher Education|V|Header|Detailed-Head|||||100.0
31|02|17|2202|General Education|03|University and Higher Education|112|Institutes of Higher Learning|0||17|Karnataka State Council for Higher Education|059|Other Expenses|2202-03-112-0-17|Other Expenses|V|Data|Object-Head|400.00|300.00|300.00|200.00|100.0
31|02|17|2202|General Education|03|University and Higher Education|112|Institutes of Higher Learning|0||17|Karnataka State Council for Higher Education|||2202-03-112-0-17|ಜುಮ್ಲಾ HOA Total :|V|Total|Detailed-Head|400.00|300.00|300.00|200.00|100.0
31|02|17|2202|General Education|03|University and Higher Education|112|Institutes of Higher Learning|0||18|Dr.B.R. Ambedkar School of Economics|||2202-03-112-0-18|ಡಾ|V|Header|Detailed-Head|||||100.0
31|02|17|2202|General Education|03|University and Higher Education|112|Institutes of Higher Learning|0||18|Dr.B.R. Ambedkar School of Economics|101|Grants-in-Aid-Salaries|2202-03-112-0-18|Grants-in-Aid-Salaries|V|Data|Object-Head|64.95|118.45|118.45|180.38|100.0
31|02|17|2202|General Education|03|University and Higher Education|112|Institutes of Higher Learning|0||18|Dr.B.R. Ambedkar School of Economics|103|Grants-in-Aid -General|2202-03-112-0-18|Grants-in-Aid -General|V|Data|Object-Head|63.10||||100.0
31|02|17|2202|General Education|03|University and Higher Education|112|Institutes of Higher Learning|0||18|Dr.B.R. Ambedkar School of Economics|||2202-03-112-0-18|ಜುಮ್ಲಾ HOA Total :|V|Total|Detailed-Head|128.05|118.45|118.45|180.38|100.0
31|02|17|2202|General Education|03|University and Higher Education|911|Deduct Recoveries of Overpayment|0||00|Deduct Recoveries of Overpayment.|||2202-03-911-0-00|ವಜಾ-ಹೆಚ್ಚಿಗೆ ಪಾವತಿಯಾದ ಮೊತ್ತದ ವಸೂಲಿ / Deduct Recoveries of Overpayment.|V|Header|Detailed-Head|||||100.0
31|02|17|2202|General Education|03|University and Higher Education|911|Deduct Recoveries of Overpayment|0||00|Deduct Recoveries of Overpayment.|364|Deduct - Recoveries|2202-03-911-0-00|Deduct - Recoveries|V|Data|Object-Head|-0.45||||100.0
31|02|17|2202|General Education|03|University and Higher Education|911|Deduct Recoveries of Overpayment|0||00|Deduct Recoveries of Overpayment.|||2202-03-911-0-00|ಜುಮ್ಲಾ HOA Total :|V|Total|Detailed-Head|-0.45|0.00|0.00|0.00|100.0
32|02|17|2202|General Education|03|University and Higher Education|911|Deduct Recoveries of Overpayment|0||01|Deduct Recovery of Over Payments|||2202-03-911-0-01|ವಜಾ-ಪ್ರಸಕ್ತ ವರ್ಷದಲ್ಲಿ ಹೆಚ್ಚಿಗೆ ಪಾವತಿಯಾಗಿರುವ ಹಣದ ಮರುಪಾವತಿ / Deduct Recovery of Over Payments|V|Header|Detailed-Head|||||100.0
32|02|17|2202|General Education|03|University and Higher Education|911|Deduct Recoveries of Overpayment|0||01|Deduct Recovery of Over Payments|364|Deduct - Recoveries|2202-03-911-0-01|Deduct - Recoveries|V|Data|Object-Head|-56.57||||100.0
32|02|17|2202|General Education|03|University and Higher Education|911|Deduct Recoveries of Overpayment|0||01|Deduct Recovery of Over Payments|||2202-03-911-0-01|ಜುಮ್ಲಾ HOA Total :|V|Total|Detailed-Head|-56.57|0.00|0.00|0.00|100.0
32|02|17|2202|General Education|03|University and Higher Education|911|Deduct Recoveries of Overpayment|0||02|Deduct-Recovery of Overpayments of Previous Years|||2202-03-911-0-02|ವಜಾ- ಹಿಂದಿನ ಸಾಲುಗಳಲ್ಲಿ ಹೆಚ್ಚಿಗೆ ಪಾವತಿಯಾದ ಮೊತ್ತದ ವಸೂಲಿ / Deduct-Recovery of Overpayments of Previous Years|V|Header|Detailed-Head|||||100.0
32|02|17|2202|General Education|03|University and Higher Education|911|Deduct Recoveries of Overpayment|0||02|Deduct-Recovery of Overpayments of Previous Years|364|Deduct - Recoveries|2202-03-911-0-02|Deduct - Recoveries|V|Data|Object-Head|-1728.58||||100.0
32|02|17|2202|General Education|03|University and Higher Education|911|Deduct Recoveries of Overpayment|0||02|Deduct-Recovery of Overpayments of Previous Years|366|Refund from SNA bank account|2202-03-911-0-02|Refund from SNA bank account|V|Data|Object-Head|-37.05||||100.0
32|02|17|2202|General Education|03|University and Higher Education|911|Deduct Recoveries of Overpayment|0||02|Deduct-Recovery of Overpayments of Previous Years|||2202-03-911-0-02|ಜುಮ್ಲಾ HOA Total :|V|Total|Detailed-Head|-1765.63|0.00|0.00|0.00|100.0
32|02|17|2202|General Education|04|Adult Education|911|Deduct Recoveries of Overpayment|0||02|Deduct-Recovery of Overpayments|||2202-04-911-0-02|ವಜಾ-ಹೆಚ್ಚಿಗೆ ಪಾವತಿಯಾದ ಮೊತ್ತದ ವಸೂಲಿ / Deduct-Recovery of Overpayments|V|Header|Detailed-Head|||||100.0
32|02|17|2202|General Education|04|Adult Education|911|Deduct Recoveries of Overpayment|0||02|Deduct-Recovery of Overpayments|364|Deduct - Recoveries|2202-04-911-0-02|Deduct - Recoveries|V|Data|Object-Head|-0.13||||100.0
32|02|17|2202|General Education|04|Adult Education|911|Deduct Recoveries of Overpayment|0||02|Deduct-Recovery of Overpayments|||2202-04-911-0-02|ಜುಮ್ಲಾ HOA Total :|V|Total|Detailed-Head|-0.13|0.00|0.00|0.00|100.0
32|02|17|2202|General Education|05|Language Development|103|Sanskrit Education|0||01|Government Sanskrit Colleges|||2202-05-103-0-01|ಸರ್ಕಾರಿ ಸಂಸ್ಕೃತ ಕಾಲೇಜುಗಳು / Government Sanskrit Colleges|V|Header|Detailed-Head|||||100.0
32|02|17|2202|General Education|05|Language Development|103|Sanskrit Education|0||01|Government Sanskrit Colleges|002|Basic Pay|2202-05-103-0-01|Basic Pay|V|Data|Object-Head|223.00|321.00|321.00|265.00|100.0
32|02|17|2202|General Education|05|Language Development|103|Sanskrit Education|0||01|Government Sanskrit Colleges|003|Basic Pay-Staff|2202-05-103-0-01|Basic Pay-Staff|V|Data|Object-Head|45.04||||100.0
32|02|17|2202|General Education|05|Language Development|103|Sanskrit Education|0||01|Government Sanskrit Colleges|004|Interim Relief|2202-05-103-0-01|Interim Relief|V|Data|Object-Head|17.20||||100.0
32|02|17|2202|General Education|05|Language Development|103|Sanskrit Education|0||01|Government Sanskrit Colleges|011|Dearness Allowance|2202-05-103-0-01|Dearness Allowance|V|Data|Object-Head|62.59|71.00|71.00|67.00|100.0
32|02|17|2202|General Education|05|Language Development|103|Sanskrit Education|0||01|Government Sanskrit Colleges|014|Other Allowance|2202-05-103-0-01|Other Allowance|V|Data|Object-Head|52.46|62.00|62.00|49.00|100.0
32|02|17|2202|General Education|05|Language Development|103|Sanskrit Education|0||01|Government Sanskrit Colleges|020|Medical Allowance|2202-05-103-0-01|Medical Allowance|V|Data|Object-Head|0.41||||100.0
32|02|17|2202|General Education|05|Language Development|103|Sanskrit Education|0||01|Government Sanskrit Colleges|021|Reimbursement of Medical Expenses|2202-05-103-0-01|Reimbursement of Medical Expenses|V|Data|Object-Head|5.39|12.00|12.00|12.00|100.0
32|02|17|2202|General Education|05|Language Development|103|Sanskrit Education|0||01|Government Sanskrit Colleges|||2202-05-103-0-01|ಜುಮ್ಲಾ HOA Total :|V|Total|Detailed-Head|406.09|466.00|466.00|393.00|100.0
33|02|17|2202|General Education|05|Language Development|103|Sanskrit Education|0||02|Samskrutha Patashalas|||2202-05-103-0-02|ಸಂಸ್ಕೃತ ಪಾಠಶಾಲೆಗಳು / Samskrutha Patashalas|V|Header|Detailed-Head|||||100.0
33|02|17|2202|General Education|05|Language Development|103|Sanskrit Education|0||02|Samskrutha Patashalas|101|Grants-in-Aid-Salaries|2202-05-103-0-02|Grants-in-Aid-Salaries|V|Data|Object-Head|3744.68|4471.94|4471.94|4623.19|100.0
33|02|17|2202|General Education|05|Language Development|103|Sanskrit Education|0||02|Samskrutha Patashalas|||2202-05-103-0-02|ಜುಮ್ಲಾ HOA Total :|V|Total|Detailed-Head|3744.68|4471.94|4471.94|4623.19|100.0
33|02|17|2202|General Education|05|Language Development|103|Sanskrit Education|0||09|Bhagavad Ramanuja National Research Institute, Melukote|||2202-05-103-0-09|ಮೇಲುಕೋಟೆಯ ಸಂಸ್ಕೃತ ಸಂಶೋಧನಾ ಅಕಾಡೆಮಿಗೆ ನೆರವು / Bhagavad Ramanuja National Research Institute, Melukote|V|Header|Detailed-Head|||||100.0
33|02|17|2202|General Education|05|Language Development|103|Sanskrit Education|0||09|Bhagavad Ramanuja National Research Institute, Melukote|101|Grants-in-Aid-Salaries|2202-05-103-0-09|Grants-in-Aid-Salaries|V|Data|Object-Head|290.73|321.65|321.65|341.64|100.0
33|02|17|2202|General Education|05|Language Development|103|Sanskrit Education|0||09|Bhagavad Ramanuja National Research Institute, Melukote|103|Grants-in-Aid -General|2202-05-103-0-09|Grants-in-Aid -General|V|Data|Object-Head|49.25|25.00|25.00|50.00|100.0
33|02|17|2202|General Education|05|Language Development|103|Sanskrit Education|0||09|Bhagavad Ramanuja National Research Institute, Melukote|||2202-05-103-0-09|ಜುಮ್ಲಾ HOA Total :|V|Total|Detailed-Head|339.98|346.65|346.65|391.64|100.0
33|02|17|2202|General Education|05|Language Development|103|Sanskrit Education|0||21|Non-Government Sanskrit Colleges|||2202-05-103-0-21|ಸರ್ಕಾರೇತರ ಸಂಸ್ಕೃತ ಕಾಲೇಜುಗಳು / Non-Government Sanskrit Colleges|V|Header|Detailed-Head|||||100.0
33|02|17|2202|General Education|05|Language Development|103|Sanskrit Education|0||21|Non-Government Sanskrit Colleges|101|Grants-in-Aid-Salaries|2202-05-103-0-21|Grants-in-Aid-Salaries|V|Data|Object-Head|1135.81|1442.61|1442.61|1419.04|100.0
33|02|17|2202|General Education|05|Language Development|103|Sanskrit Education|0||21|Non-Government Sanskrit Colleges|||2202-05-103-0-21|ಜುಮ್ಲಾ HOA Total :|V|Total|Detailed-Head|1135.81|1442.61|1442.61|1419.04|100.0
33|02|17|2202|General Education|05|Language Development|103|Sanskrit Education|0||23|Sanskrit University|||2202-05-103-0-23|ಸಂಸ್ಕೃತ ವಿಶ್ವವಿದ್ಯಾಲಯ / Sanskrit University|V|Header|Detailed-Head|||||100.0
33|02|17|2202|General Education|05|Language Development|103|Sanskrit Education|0||23|Sanskrit University|101|Grants-in-Aid-Salaries|2202-05-103-0-23|Grants-in-Aid-Salaries|V|Data|Object-Head|1050.68|1268.68|1268.68|1362.12|100.0
33|02|17|2202|General Education|05|Language Development|103|Sanskrit Education|0||23|Sanskrit University|||2202-05-103-0-23|ಜುಮ್ಲಾ HOA Total :|V|Total|Detailed-Head|1050.68|1268.68|1268.68|1362.12|100.0
33|02|17|2202|General Education|80|General|001|Direction and Administration|0||50|Vacant Post Provision|||2202-80-001-0-50|ಖಾಲಿ ಹುದ್ದೆಗಳಿಗಾಗಿ ಅನುದಾನ / Vacant Post Provision|V|Header|Detailed-Head|||||100.0
33|02|17|2202|General Education|80|General|001|Direction and Administration|0||50|Vacant Post Provision|014|Other Allowance|2202-80-001-0-50|Other Allowance|V|Data|Object-Head||9606.03|8691.51|11437.03|100.0
33|02|17|2202|General Education|80|General|001|Direction and Administration|0||50|Vacant Post Provision|||2202-80-001-0-50|ಜುಮ್ಲಾ HOA Total :|V|Total|Detailed-Head|0.00|9606.03|8691.51|11437.03|100.0
33|02|17|2202|General Education|80|General|911|Deduct Recoveries of Overpayment|0||01|Deduct Recovery of Over Payments of Current Year|||2202-80-911-0-01|ವಜಾ-ಪ್ರಸಕ್ತ ವರ್ಷದಲ್ಲಿ ಹೆಚ್ಚಿಗೆ ಪಾವತಿಯಾಗಿರುವ ಹಣದ ಮರುಪಾವತಿ / Deduct Recovery of Over Payments of Current Year|V|Header|Detailed-Head|||||100.0
33|02|17|2202|General Education|80|General|911|Deduct Recoveries of Overpayment|0||01|Deduct Recovery of Over Payments of Current Year|364|Deduct - Recoveries|2202-80-911-0-01|Deduct - Recoveries|V|Data|Object-Head|-2.53||||100.0
33|02|17|2202|General Education|80|General|911|Deduct Recoveries of Overpayment|0||01|Deduct Recovery of Over Payments of Current Year|||2202-80-911-0-01|ಜುಮ್ಲಾ HOA Total :|V|Total|Detailed-Head|-2.53|0.00|0.00|0.00|100.0
33|02|17|2202|General Education|80|General|||||||||2202|2202 - ಜುಮ್ಲಾ Total :|V|Total|Major-Head|357865.67|411229.65|419444.68|442941.42|
34|02|17|2203|Technical Education|00||||||||||2203|Technical Education|V|Header|Major-Head|||||
34|02|17|2203|Technical Education|00||001||0||01|Director of Technical Education|||2203-00-001-0-01|ತಾಂತ್ರಿಕ ಶಿಕ್ಷಣ ಇಲಾಖೆಯ ನಿರ್ದೇಶಕರು / Director of Technical Education|V|Header|Detailed-Head|||||100.0
34|02|17|2203|Technical Education|00||001||0||01|Director of Technical Education|002|Basic Pay|2203-00-001-0-01|Basic Pay|V|Data|Object-Head|376.46|1076.00|1076.00|1022.00|100.0
34|02|17|2203|Technical Education|00||001||0||01|Director of Technical Education|003|Basic Pay-Staff|2203-00-001-0-01|Basic Pay-Staff|V|Data|Object-Head|529.82||||100.0
34|02|17|2203|Technical Education|00||001||0||01|Director of Technical Education|004|Interim Relief|2203-00-001-0-01|Interim Relief|V|Data|Object-Head|44.41||||100.0
34|02|17|2203|Technical Education|00||001||0||01|Director of Technical Education|011|Dearness Allowance|2203-00-001-0-01|Dearness Allowance|V|Data|Object-Head|296.96|346.00|346.00|342.00|100.0
34|02|17|2203|Technical Education|00||001||0||01|Director of Technical Education|014|Other Allowance|2203-00-001-0-01|Other Allowance|V|Data|Object-Head|222.31|254.00|254.00|236.00|100.0
34|02|17|2203|Technical Education|00||001||0||01|Director of Technical Education|020|Medical Allowance|2203-00-001-0-01|Medical Allowance|V|Data|Object-Head|4.45||||100.0
34|02|17|2203|Technical Education|00||001||0||01|Director of Technical Education|021|Reimbursement of Medical Expenses|2203-00-001-0-01|Reimbursement of Medical Expenses|V|Data|Object-Head|0.42|15.00|15.00|15.00|100.0
34|02|17|2203|Technical Education|00||001||0||01|Director of Technical Education|041|Travel Expenses|2203-00-001-0-01|Travel Expenses|V|Data|Object-Head|2.08|3.00|3.00|2.50|100.0
34|02|17|2203|Technical Education|00||001||0||01|Director of Technical Education|050|Office Expenses|2203-00-001-0-01|Office Expenses|V|Data|Object-Head|1.50|30.00|30.00|30.00|100.0
34|02|17|2203|Technical Education|00||001||0||01|Director of Technical Education|051|General Expenses|2203-00-001-0-01|General Expenses|V|Data|Object-Head|131.14|105.00|105.00|260.00|100.0
34|02|17|2203|Technical Education|00||001||0||01|Director of Technical Education|052|Telephone Charges|2203-00-001-0-01|Telephone Charges|V|Data|Object-Head|1.93||||100.0
34|02|17|2203|Technical Education|00||001||0||01|Director of Technical Education|071|Building Expenses|2203-00-001-0-01|Building Expenses|V|Data|Object-Head|18.14|32.00|32.00|30.00|100.0
34|02|17|2203|Technical Education|00||001||0||01|Director of Technical Education|195|Transport Expenses|2203-00-001-0-01|Transport Expenses|V|Data|Object-Head|31.19|32.76|32.76|26.73|100.0
34|02|17|2203|Technical Education|00||001||0||01|Director of Technical Education|||2203-00-001-0-01|ಜುಮ್ಲಾ HOA Total :|V|Total|Detailed-Head|1660.81|1893.76|1893.76|1964.23|100.0
34|02|17|2203|Technical Education|00||103||0||01|Junior Technical Schools|||2203-00-103-0-01|ಕಿರಿಯ ತಾಂತ್ರಿಕ ಶಾಲೆಗಳು / Junior Technical Schools|V|Header|Detailed-Head|||||100.0
34|02|17|2203|Technical Education|00||103||0||01|Junior Technical Schools|002|Basic Pay|2203-00-103-0-01|Basic Pay|V|Data|Object-Head|196.29|487.00|487.00|486.00|100.0
34|02|17|2203|Technical Education|00||103||0||01|Junior Technical Schools|003|Basic Pay-Staff|2203-00-103-0-01|Basic Pay-Staff|V|Data|Object-Head|191.21||||100.0
34|02|17|2203|Technical Education|00||103||0||01|Junior Technical Schools|004|Interim Relief|2203-00-103-0-01|Interim Relief|V|Data|Object-Head|20.22||||100.0
34|02|17|2203|Technical Education|00||103||0||01|Junior Technical Schools|011|Dearness Allowance|2203-00-103-0-01|Dearness Allowance|V|Data|Object-Head|81.69|107.00|107.00|122.00|100.0
34|02|17|2203|Technical Education|00||103||0||01|Junior Technical Schools|014|Other Allowance|2203-00-103-0-01|Other Allowance|V|Data|Object-Head|48.39|65.00|65.00|61.00|100.0
34|02|17|2203|Technical Education|00||103||0||01|Junior Technical Schools|020|Medical Allowance|2203-00-103-0-01|Medical Allowance|V|Data|Object-Head|1.54||||100.0
34|02|17|2203|Technical Education|00||103||0||01|Junior Technical Schools|021|Reimbursement of Medical Expenses|2203-00-103-0-01|Reimbursement of Medical Expenses|V|Data|Object-Head|3.73|15.00|15.00|15.00|100.0
34|02|17|2203|Technical Education|00||103||0||01|Junior Technical Schools|041|Travel Expenses|2203-00-103-0-01|Travel Expenses|V|Data|Object-Head|0.38|1.00|1.00|1.00|100.0
34|02|17|2203|Technical Education|00||103||0||01|Junior Technical Schools|050|Office Expenses|2203-00-103-0-01|Office Expenses|V|Data|Object-Head||5.00|5.00|3.00|100.0
34|02|17|2203|Technical Education|00||103||0||01|Junior Technical Schools|051|General Expenses|2203-00-103-0-01|General Expenses|V|Data|Object-Head|1.40|1.00|1.00|1.20|100.0
34|02|17|2203|Technical Education|00||103||0||01|Junior Technical Schools|052|Telephone Charges|2203-00-103-0-01|Telephone Charges|V|Data|Object-Head|0.58||||100.0
35|02|17|2203|Technical Education|00||103|Junior Technical Schools|0||01|Junior Technical Schools|071|Building Expenses|2203-00-103-0-01|Building Expenses|V|Data|Object-Head|3.36|6.00|6.00|6.00|100.0
35|02|17|2203|Technical Education|00||103|Junior Technical Schools|0||01|Junior Technical Schools|||2203-00-103-0-01|ಜುಮ್ಲಾ HOA Total :|V|Total|Detailed-Head|548.79|687.00|687.00|695.20|100.0
35|02|17|2203|Technical Education|00||104||0||01|GIA to Polytechnics|||2203-00-104-0-01|ಪಾಲಟೆಕ್ನಿಕ್ ಗಳಿಗೆ ಸಹಾಯಾನುದಾನ / GIA to Polytechnics|V|Header|Detailed-Head|||||100.0
35|02|17|2203|Technical Education|00||104||0||01|GIA to Polytechnics|101|Grants-in-Aid-Salaries|2203-00-104-0-01|Grants-in-Aid-Salaries|V|Data|Object-Head|33554.13|36149.60|36149.60|35690.07|100.0
35|02|17|2203|Technical Education|00||104||0||01|GIA to Polytechnics|||2203-00-104-0-01|ಜುಮ್ಲಾ HOA Total :|V|Total|Detailed-Head|33554.13|36149.60|36149.60|35690.07|100.0
35|02|17|2203|Technical Education|00||104||0||09|Fine Arts Colleges including Chitrakala Parishath|||2203-00-104-0-09|ಚಿತ್ರಕಲಾ ಪರಿಷತ್ ಸೇರಿದಂತೆ ಲಲಿತ ಕಲಾ ಕಾಲೇಜುಗಳು / Fine Arts Colleges including Chitrakala Parishath|V|Header|Detailed-Head|||||100.0
35|02|17|2203|Technical Education|00||104||0||09|Fine Arts Colleges including Chitrakala Parishath|101|Grants-in-Aid-Salaries|2203-00-104-0-09|Grants-in-Aid-Salaries|V|Data|Object-Head|1002.79|1034.69|1034.69|971.22|100.0
35|02|17|2203|Technical Education|00||104||0||09|Fine Arts Colleges including Chitrakala Parishath|103|Grants-in-Aid -General|2203-00-104-0-09|Grants-in-Aid -General|V|Data|Object-Head|250.00|200.00|250.00|200.00|100.0
35|02|17|2203|Technical Education|00||104||0||09|Fine Arts Colleges including Chitrakala Parishath|||2203-00-104-0-09|ಜುಮ್ಲಾ HOA Total :|V|Total|Detailed-Head|1252.79|1234.69|1284.69|1171.22|100.0
35|02|17|2203|Technical Education|00||105||0||01|Government Polytechnics|||2203-00-105-0-01|ಸರ್ಕಾರಿ ಪಾಲಿಟೆಕ್ನಿಕ್ ಗಳು / Government Polytechnics|V|Header|Detailed-Head|||||100.0
35|02|17|2203|Technical Education|00||105||0||01|Government Polytechnics|002|Basic Pay|2203-00-105-0-01|Basic Pay|V|Data|Object-Head|23725.35|30467.00|30467.00|30596.00|100.0
35|02|17|2203|Technical Education|00||105||0||01|Government Polytechnics|003|Basic Pay-Staff|2203-00-105-0-01|Basic Pay-Staff|V|Data|Object-Head|4936.47||||100.0
35|02|17|2203|Technical Education|00||105||0||01|Government Polytechnics|004|Interim Relief|2203-00-105-0-01|Interim Relief|V|Data|Object-Head|296.94||||100.0
35|02|17|2203|Technical Education|00||105||0||01|Government Polytechnics|011|Dearness Allowance|2203-00-105-0-01|Dearness Allowance|V|Data|Object-Head|13460.37|16801.00|16801.00|18306.00|100.0
35|02|17|2203|Technical Education|00||105||0||01|Government Polytechnics|014|Other Allowance|2203-00-105-0-01|Other Allowance|V|Data|Object-Head|3391.75|3629.00|3629.00|3586.00|100.0
35|02|17|2203|Technical Education|00||105||0||01|Government Polytechnics|020|Medical Allowance|2203-00-105-0-01|Medical Allowance|V|Data|Object-Head|37.75||||100.0
35|02|17|2203|Technical Education|00||105||0||01|Government Polytechnics|021|Reimbursement of Medical Expenses|2203-00-105-0-01|Reimbursement of Medical Expenses|V|Data|Object-Head|55.22|199.00|199.00|192.00|100.0
35|02|17|2203|Technical Education|00||105||0||01|Government Polytechnics|034|Contract/Outsource|2203-00-105-0-01|Contract/Outsource|V|Data|Object-Head|2555.67|2684.40|2684.40|2786.59|100.0
35|02|17|2203|Technical Education|00||105||0||01|Government Polytechnics|041|Travel Expenses|2203-00-105-0-01|Travel Expenses|V|Data|Object-Head|1.64|2.00|2.00|2.00|100.0
35|02|17|2203|Technical Education|00||105||0||01|Government Polytechnics|050|Office Expenses|2203-00-105-0-01|Office Expenses|V|Data|Object-Head|148.50|150.00|150.00|150.00|100.0
35|02|17|2203|Technical Education|00||105||0||01|Government Polytechnics|051|General Expenses|2203-00-105-0-01|General Expenses|V|Data|Object-Head|49.13|10.00|10.00|10.00|100.0
35|02|17|2203|Technical Education|00||105||0||01|Government Polytechnics|052|Telephone Charges|2203-00-105-0-01|Telephone Charges|V|Data|Object-Head|3.50||||100.0
35|02|17|2203|Technical Education|00||105||0||01|Government Polytechnics|059|Other Expenses|2203-00-105-0-01|Other Expenses|V|Data|Object-Head|||165.06||100.0
35|02|17|2203|Technical Education|00||105||0||01|Government Polytechnics|071|Building Expenses|2203-00-105-0-01|Building Expenses|V|Data|Object-Head|361.99|400.00|400.00|400.00|100.0
35|02|17|2203|Technical Education|00||105||0||01|Government Polytechnics|195|Transport Expenses|2203-00-105-0-01|Transport Expenses|V|Data|Object-Head|0.76|2.00|2.00|1.00|100.0
36|02|17|2203|Technical Education|00||105||0||01|Government Polytechnics|324|Honorarium|2203-00-105-0-01|Honorarium|V|Data|Object-Head|3417.67|4800.00|4800.00|4800.00|100.0
36|02|17|2203|Technical Education|00||105||0||01|Government Polytechnics|423|Tribal Sub Plan|2203-00-105-0-01|Tribal Sub Plan|V|Data|Object-Head|||15.97||100.0
36|02|17|2203|Technical Education|00||105||0||01|Government Polytechnics|||2203-00-105-0-01|ಜುಮ್ಲಾ HOA Total :|V|Total|Detailed-Head|52442.71|59144.40|59325.43|60829.59|100.0
36|02|17|2203|Technical Education|00||107||1||01|Scholarship for talented students in Engineering Colleges and Polytechnics|||2203-00-107-1-01|ಇಂಜಿನಿಯರಿಂಗ್ ಮತ್ತು ಪಾಲಿಟೆಕ್ನಿಕ್ ಕಾಲೇಜಿನ ಪ್ರತಿಭಾವಂತ ವಿದ್ಯಾರ್ಥಿಗಳಿಗೆ ವಿದ್ಯಾರ್ಥಿ ವೇತನ / Scholarship for talented students in Engineering Colleges and Polytechnics|V|Header|Detailed-Head|||||100.0
36|02|17|2203|Technical Education|00||107||1||01|Scholarship for talented students in Engineering Colleges and Polytechnics|117|Scholarships & Incentives|2203-00-107-1-01|Scholarships & Incentives|V|Data|Object-Head|573.65|700.00|700.00|500.00|100.0
36|02|17|2203|Technical Education|00||107||1||01|Scholarship for talented students in Engineering Colleges and Polytechnics|422|Schedule Caste Sub Plan|2203-00-107-1-01|Schedule Caste Sub Plan|V|Data|Object-Head|1199.93|1600.00|1600.00||100.0
36|02|17|2203|Technical Education|00||107||1||01|Scholarship for talented students in Engineering Colleges and Polytechnics|423|Tribal Sub Plan|2203-00-107-1-01|Tribal Sub Plan|V|Data|Object-Head|499.94|700.00|700.00|350.00|100.0
36|02|17|2203|Technical Education|00||107||1||01|Scholarship for talented students in Engineering Colleges and Polytechnics|||2203-00-107-1-01|ಜುಮ್ಲಾ HOA Total :|V|Total|Detailed-Head|2273.52|3000.00|3000.00|850.00|100.0
36|02|17|2203|Technical Education|00||108||0||01|Expenditure towards Paper Valuations, TA/DA and Remuneration|||2203-00-108-0-01|ಪರೀಕ್ಷೆ ಪತ್ರಿಕೆ ಮೌಲ್ಯಮಾಪನ, ಪ್ರಯಾಣ/ದಿನ ಭತ್ಯೆ ಹಾಗೂ ಸಂಭಾವನೆ / Expenditure towards Paper Valuations, TA/DA and Remuneration|V|Header|Detailed-Head|||||100.0
36|02|17|2203|Technical Education|00||108||0||01|Expenditure towards Paper Valuations, TA/DA and Remuneration|015|Subsidiary Expenses|2203-00-108-0-01|Subsidiary Expenses|V|Data|Object-Head|174.91|182.00|182.00|300.00|100.0
36|02|17|2203|Technical Education|00||108||0||01|Expenditure towards Paper Valuations, TA/DA and Remuneration|041|Travel Expenses|2203-00-108-0-01|Travel Expenses|V|Data|Object-Head|175.00|200.00|200.00|250.00|100.0
36|02|17|2203|Technical Education|00||108||0||01|Expenditure towards Paper Valuations, TA/DA and Remuneration|050|Office Expenses|2203-00-108-0-01|Office Expenses|V|Data|Object-Head|74.61|50.00|50.00|50.00|100.0
36|02|17|2203|Technical Education|00||108||0||01|Expenditure towards Paper Valuations, TA/DA and Remuneration|051|General Expenses|2203-00-108-0-01|General Expenses|V|Data|Object-Head|36.91|50.00|50.00|50.00|100.0
36|02|17|2203|Technical Education|00||108||0||01|Expenditure towards Paper Valuations, TA/DA and Remuneration|131|Secret Service Expenses|2203-00-108-0-01|Secret Service Expenses|V|Data|Object-Head|20.96||||100.0
36|02|17|2203|Technical Education|00||108||0||01|Expenditure towards Paper Valuations, TA/DA and Remuneration|195|Transport Expenses|2203-00-108-0-01|Transport Expenses|V|Data|Object-Head|0.38|3.00|3.00|1.00|100.0
36|02|17|2203|Technical Education|00||108||0||01|Expenditure towards Paper Valuations, TA/DA and Remuneration|||2203-00-108-0-01|ಜುಮ್ಲಾ HOA Total :|V|Total|Detailed-Head|482.77|485.00|485.00|651.00|100.0
36|02|17|2203|Technical Education|00||112||0||02|Government Engineering Colleges|||2203-00-112-0-02|ಸರ್ಕಾರಿ ಇಂಜಿನಿಯರಿಂಗ್ ಕಾಲೇಜುಗಳು / Government Engineering Colleges|V|Header|Detailed-Head|||||100.0
36|02|17|2203|Technical Education|00||112||0||02|Government Engineering Colleges|002|Basic Pay|2203-00-112-0-02|Basic Pay|V|Data|Object-Head|4180.10|5341.00|5341.00|6387.00|100.0
36|02|17|2203|Technical Education|00||112||0||02|Government Engineering Colleges|003|Basic Pay-Staff|2203-00-112-0-02|Basic Pay-Staff|V|Data|Object-Head|669.91||||100.0
36|02|17|2203|Technical Education|00||112||0||02|Government Engineering Colleges|004|Interim Relief|2203-00-112-0-02|Interim Relief|V|Data|Object-Head|44.27||||100.0
36|02|17|2203|Technical Education|00||112||0||02|Government Engineering Colleges|011|Dearness Allowance|2203-00-112-0-02|Dearness Allowance|V|Data|Object-Head|2322.91|3014.00|3014.00|3957.00|100.0
36|02|17|2203|Technical Education|00||112||0||02|Government Engineering Colleges|014|Other Allowance|2203-00-112-0-02|Other Allowance|V|Data|Object-Head|507.86|567.00|567.00|654.00|100.0
36|02|17|2203|Technical Education|00||112||0||02|Government Engineering Colleges|020|Medical Allowance|2203-00-112-0-02|Medical Allowance|V|Data|Object-Head|5.31||||100.0
37|02|17|2203|Technical Education|00||112|Government Engineering Colleges|0||02|Government Engineering Colleges|021|Reimbursement of Medical Expenses|2203-00-112-0-02|Reimbursement of Medical Expenses|V|Data|Object-Head|11.02|35.00|35.00|35.00|100.0
37|02|17|2203|Technical Education|00||112|Government Engineering Colleges|0||02|Government Engineering Colleges|041|Travel Expenses|2203-00-112-0-02|Travel Expenses|V|Data|Object-Head|0.88|1.00|1.00|1.00|100.0
37|02|17|2203|Technical Education|00||112|Government Engineering Colleges|0||02|Government Engineering Colleges|051|General Expenses|2203-00-112-0-02|General Expenses|V|Data|Object-Head|7.33|5.00|5.00|5.00|100.0
37|02|17|2203|Technical Education|00||112|Government Engineering Colleges|0||02|Government Engineering Colleges|071|Building Expenses|2203-00-112-0-02|Building Expenses|V|Data|Object-Head|73.43|75.00|75.00|28.00|100.0
37|02|17|2203|Technical Education|00||112|Government Engineering Colleges|0||02|Government Engineering Colleges|200|Maintenance Expenditure|2203-00-112-0-02|Maintenance Expenditure|V|Data|Object-Head||1.00|1.00|1.00|100.0
37|02|17|2203|Technical Education|00||112|Government Engineering Colleges|0||02|Government Engineering Colleges|221|Materials and Supplies|2203-00-112-0-02|Materials and Supplies|V|Data|Object-Head|0.25|1.00|1.00||100.0
37|02|17|2203|Technical Education|00||112|Government Engineering Colleges|0||02|Government Engineering Colleges|324|Honorarium|2203-00-112-0-02|Honorarium|V|Data|Object-Head|849.27|1000.00|1000.00|1000.00|100.0
37|02|17|2203|Technical Education|00||112|Government Engineering Colleges|0||02|Government Engineering Colleges|||2203-00-112-0-02|ಜುಮ್ಲಾ HOA Total :|V|Total|Detailed-Head|8672.54|10040.00|10040.00|12068.00|100.0
37|02|17|2203|Technical Education|00||112|Government Engineering Colleges|0||07|GIA to Engineering Colleges|||2203-00-112-0-07|ಇಂಜಿನಿಯರಿಂಗ್ ಕಾಲೇಜುಗಳಿಗೆ ಸಹಾಯಾನುದಾನ / GIA to Engineering Colleges|V|Header|Detailed-Head|||||100.0
37|02|17|2203|Technical Education|00||112|Government Engineering Colleges|0||07|GIA to Engineering Colleges|101|Grants-in-Aid-Salaries|2203-00-112-0-07|Grants-in-Aid-Salaries|V|Data|Object-Head|13723.88|15022.06|15022.06|12889.57|100.0
37|02|17|2203|Technical Education|00||112|Government Engineering Colleges|0||07|GIA to Engineering Colleges|||2203-00-112-0-07|ಜುಮ್ಲಾ HOA Total :|V|Total|Detailed-Head|13723.88|15022.06|15022.06|12889.57|100.0
37|02|17|2203|Technical Education|00||911|Deduct Recoveries of Overpayments|0||01|Deduct Recovery of Over Payments of Current Year|||2203-00-911-0-01|ವಜಾ-ಪ್ರಸಕ್ತ ವರ್ಷದಲ್ಲಿ ಹೆಚ್ಚಿಗೆ ಪಾವತಿಯಾಗಿರುವ ಹಣದ ಮರುಪಾವತಿ / Deduct Recovery of Over Payments of Current Year|V|Header|Detailed-Head|||||100.0
37|02|17|2203|Technical Education|00||911|Deduct Recoveries of Overpayments|0||01|Deduct Recovery of Over Payments of Current Year|364|Deduct - Recoveries|2203-00-911-0-01|Deduct - Recoveries|V|Data|Object-Head|-28.87||||100.0
37|02|17|2203|Technical Education|00||911|Deduct Recoveries of Overpayments|0||01|Deduct Recovery of Over Payments of Current Year|||2203-00-911-0-01|ಜುಮ್ಲಾ HOA Total :|V|Total|Detailed-Head|-28.87|0.00|0.00|0.00|100.0
37|02|17|2203|Technical Education|00||911|Deduct Recoveries of Overpayments|0||02|Deduct Recovery of Overpayments|||2203-00-911-0-02|ವಜಾ-ಹೆಚ್ಚುವರಿ ಪಾವತಿಯ ವಸೂಲಾತಿ / Deduct Recovery of Overpayments|V|Header|Detailed-Head|||||100.0
37|02|17|2203|Technical Education|00||911|Deduct Recoveries of Overpayments|0||02|Deduct Recovery of Overpayments|364|Deduct - Recoveries|2203-00-911-0-02|Deduct - Recoveries|V|Data|Object-Head|-17.94||||100.0
37|02|17|2203|Technical Education|00||911|Deduct Recoveries of Overpayments|0||02|Deduct Recovery of Overpayments|||2203-00-911-0-02|ಜುಮ್ಲಾ HOA Total :|V|Total|Detailed-Head|-17.94|0.00|0.00|0.00|100.0
37|02|17|2203|Technical Education|00||||||||||2203-00-911-0-02|2203 - ಜುಮ್ಲಾ Total :|V|Total|Major-Head|114565.13|127656.51|127887.54|126808.88|
38|02|17|2204|Sports and Youth Services|00||102||1||01|National Cadet Corps|||2204-00-102-1-01|National Cadet Corps|V|Header|Detailed-Head|||||100.0
38|02|17|2204|Sports and Youth Services|00||102||1||01|National Cadet Corps|002|Basic Pay|2204-00-102-1-01|Basic Pay|V|Data|Object-Head|28.18|2971.00|2971.00|2926.00|100.0
38|02|17|2204|Sports and Youth Services|00||102||1||01|National Cadet Corps|003|Basic Pay-Staff|2204-00-102-1-01|Basic Pay-Staff|V|Data|Object-Head|2366.42||||100.0
38|02|17|2204|Sports and Youth Services|00||102||1||01|National Cadet Corps|004|Interim Relief|2204-00-102-1-01|Interim Relief|V|Data|Object-Head|131.33||||100.0
38|02|17|2204|Sports and Youth Services|00||102||1||01|National Cadet Corps|011|Dearness Allowance|2204-00-102-1-01|Dearness Allowance|V|Data|Object-Head|517.62|654.00|654.00|733.00|100.0
38|02|17|2204|Sports and Youth Services|00||102||1||01|National Cadet Corps|014|Other Allowance|2204-00-102-1-01|Other Allowance|V|Data|Object-Head|417.08|522.00|522.00|482.00|100.0
38|02|17|2204|Sports and Youth Services|00||102||1||01|National Cadet Corps|015|Subsidiary Expenses|2204-00-102-1-01|Subsidiary Expenses|V|Data|Object-Head|937.93|850.00|776.80|850.00|100.0
38|02|17|2204|Sports and Youth Services|00||102||1||01|National Cadet Corps|020|Medical Allowance|2204-00-102-1-01|Medical Allowance|V|Data|Object-Head|19.91||||100.0
38|02|17|2204|Sports and Youth Services|00||102||1||01|National Cadet Corps|021|Reimbursement of Medical Expenses|2204-00-102-1-01|Reimbursement of Medical Expenses|V|Data|Object-Head|8.53|35.00|35.00|33.00|100.0
38|02|17|2204|Sports and Youth Services|00||102||1||01|National Cadet Corps|034|Contract/Outsource|2204-00-102-1-01|Contract/Outsource|V|Data|Object-Head|516.49|705.23|657.23|837.77|100.0
38|02|17|2204|Sports and Youth Services|00||102||1||01|National Cadet Corps|041|Travel Expenses|2204-00-102-1-01|Travel Expenses|V|Data|Object-Head|1.69|2.00|2.00|2.00|100.0
38|02|17|2204|Sports and Youth Services|00||102||1||01|National Cadet Corps|050|Office Expenses|2204-00-102-1-01|Office Expenses|V|Data|Object-Head|34.70|73.00|73.00|40.00|100.0
38|02|17|2204|Sports and Youth Services|00||102||1||01|National Cadet Corps|051|General Expenses|2204-00-102-1-01|General Expenses|V|Data|Object-Head|20.27|58.00|58.00|58.00|100.0
38|02|17|2204|Sports and Youth Services|00||102||1||01|National Cadet Corps|052|Telephone Charges|2204-00-102-1-01|Telephone Charges|V|Data|Object-Head|6.91||||100.0
38|02|17|2204|Sports and Youth Services|00||102||1||01|National Cadet Corps|053|Purchase of Furniture and Fixture for Office|2204-00-102-1-01|Purchase of Furniture and Fixture for Office|V|Data|Object-Head|0.37||||100.0
38|02|17|2204|Sports and Youth Services|00||102||1||01|National Cadet Corps|071|Building Expenses|2204-00-102-1-01|Building Expenses|V|Data|Object-Head|684.88|700.00|700.00|800.00|100.0
38|02|17|2204|Sports and Youth Services|00||102||1||01|National Cadet Corps|195|Transport Expenses|2204-00-102-1-01|Transport Expenses|V|Data|Object-Head|30.99|35.00|35.00|30.00|100.0
38|02|17|2204|Sports and Youth Services|00||102||1||01|National Cadet Corps|324|Honorarium|2204-00-102-1-01|Honorarium|V|Data|Object-Head|69.17|98.00|98.00||100.0
38|02|17|2204|Sports and Youth Services|00||102||1||01|National Cadet Corps|||2204-00-102-1-01|ಜುಮ್ಲಾ HOA Total :|V|Total|Detailed-Head|5792.47|6703.23|6582.03|6791.77|100.0
38|02|17|2204|Sports and Youth Services|00||||||||||2204-00-102-1-01|2204 - ಜುಮ್ಲಾ Total :|V|Total|Major-Head|5792.47|6703.23|6582.03|6791.77|
39|02|17|2205|Art and Culture|00|||||||||||Art and Culture||Header|Major-Head|||||
39|02|17|2205|Art and Culture|00||101||0||08|Music University|||2205-00-101-0-08|Music University||Header|Detailed-Head|||||100.0
39|02|17|2205|Art and Culture|00||101||0||08|Music University|101|Grants-in-Aid-Salaries|2205-00-101-0-08|Grants-in-Aid-Salaries||Data|Object-Head|60.38|123.54|123.54|132.45|100.0
39|02|17|2205|Art and Culture|00||101||0||08|Music University|103|Grants-in-Aid -General|2205-00-101-0-08|Grants-in-Aid -General||Data|Object-Head|100.00|100.00|100.00|100.00|100.0
39|02|17|2205|Art and Culture|00||101||0||08|Music University||||ಜುಮ್ಲಾ HOA Total :||Total|Detailed-Head|160.38|223.54|223.54|232.45|100.0
39|02|17|2205|Art and Culture|00||101||0||20|Dr. Gangubai Hangal Gurukkul Trust, Unkal, Hubballi|||2205-00-101-0-20|Dr. Gangubai Hangal Gurukkul Trust, Unkal, Hubballi||Header|Detailed-Head|||||100.0
39|02|17|2205|Art and Culture|00||101||0||20|Dr. Gangubai Hangal Gurukkul Trust, Unkal, Hubballi|101|Grants-in-Aid-Salaries|2205-00-101-0-20|Grants-in-Aid-Salaries||Data|Object-Head|9.45||||100.0
39|02|17|2205|Art and Culture|00||101||0||20|Dr. Gangubai Hangal Gurukkul Trust, Unkal, Hubballi||||ಜುಮ್ಲಾ HOA Total :||Total|Detailed-Head|9.45|0.00|0.00|0.00|100.0
39|02|17|2205|Art and Culture|00|||||||||||2205 - ಜುಮ್ಲಾ Total :||Total|Major-Head|169.83|223.54|223.54|232.45|
40|02|17|4202|Capital Outlay on Education, Sports, Art and Culture|01|||||||||||Capital Outlay on Education, Sports, Art and Culture||Header|Major-Head|||||
40|02|17|4202|Capital Outlay on Education, Sports, Art and Culture|01||202||1||90|Deduct-Receipts and Recoveries on Capital Account|||4202-01-202-1-90|Deduct-Receipts and Recoveries on Capital Account||Header|Detailed-Head|||||100.0
40|02|17|4202|Capital Outlay on Education, Sports, Art and Culture|01||202||1||90|Deduct-Receipts and Recoveries on Capital Account|364|Deduct - Recoveries|4202-01-202-1-90|Deduct - Recoveries||Data|Object-Head|-39.20||||100.0
40|02|17|4202|Capital Outlay on Education, Sports, Art and Culture|01||202||1||90|Deduct-Receipts and Recoveries on Capital Account||||ಜುಮ್ಲಾ HOA Total :||Total|Detailed-Head|-39.20|0.00|0.00|0.00|100.0
40|02|17|4202|Capital Outlay on Education, Sports, Art and Culture|01||203||0||01|Unspent SCSP-TSP Amount as per the SCSP-TSPACT 2013|||4202-01-203-0-01|Unspent SCSP-TSP Amount as per the SCSP-TSPACT 2013||Header|Detailed-Head|||||100.0
40|02|17|4202|Capital Outlay on Education, Sports, Art and Culture|01||203||0||01|Unspent SCSP-TSP Amount as per the SCSP-TSPACT 2013|422|Schedule Caste Sub Plan|4202-01-203-0-01|Schedule Caste Sub Plan||Data|Object-Head|0.89|||144.49|100.0
40|02|17|4202|Capital Outlay on Education, Sports, Art and Culture|01||203||0||01|Unspent SCSP-TSP Amount as per the SCSP-TSPACT 2013|423|Tribal Sub Plan|4202-01-203-0-01|Tribal Sub Plan||Data|Object-Head||61.13|61.13|51.17|100.0
40|02|17|4202|Capital Outlay on Education, Sports, Art and Culture|01||203||0||01|Unspent SCSP-TSP Amount as per the SCSP-TSPACT 2013||||ಜುಮ್ಲಾ HOA Total :||Total|Detailed-Head|0.89|61.13|61.13|195.66|100.0
40|02|17|4202|Capital Outlay on Education, Sports, Art and Culture|01||203||0||02|Karnataka Higher Education Transformation-EAP|||4202-01-203-0-02|Karnataka Higher Education Transformation-EAP||Header|Detailed-Head|||||100.0
40|02|17|4202|Capital Outlay on Education, Sports, Art and Culture|01||203||0||02|Karnataka Higher Education Transformation-EAP|132|Other Capital Expenses|4202-01-203-0-02|Other Capital Expenses||Data|Object-Head||2500.00|2500.00|10000.00|100.0
40|02|17|4202|Capital Outlay on Education, Sports, Art and Culture|01||203||0||02|Karnataka Higher Education Transformation-EAP||||ಜುಮ್ಲಾ HOA Total :||Total|Detailed-Head|0.00|2500.00|2500.00|10000.00|100.0
40|02|17|4202|Capital Outlay on Education, Sports, Art and Culture|01||203||1||01|First Grade College Buildings|||4202-01-203-1-01|First Grade College Buildings||Header|Detailed-Head|||||100.0
40|02|17|4202|Capital Outlay on Education, Sports, Art and Culture|01||203||1||01|First Grade College Buildings|132|Other Capital Expenses|4202-01-203-1-01|Other Capital Expenses||Data|Object-Head|12428.99|15938.58|15938.58|20911.60|100.0
40|02|17|4202|Capital Outlay on Education, Sports, Art and Culture|01||203||1||01|First Grade College Buildings|133|Regional Imbalance Redressal Program|4202-01-203-1-01|Regional Imbalance Redressal Program||Data|Object-Head|4992.55|2777.70|2777.70||100.0
40|02|17|4202|Capital Outlay on Education, Sports, Art and Culture|01||203||1||01|First Grade College Buildings|422|Schedule Caste Sub Plan|4202-01-203-1-01|Schedule Caste Sub Plan||Data|Object-Head|9387.28|5447.01|5447.01|6006.60|100.0
40|02|17|4202|Capital Outlay on Education, Sports, Art and Culture|01||203||1||01|First Grade College Buildings|423|Tribal Sub Plan|4202-01-203-1-01|Tribal Sub Plan||Data|Object-Head|4166.60|2836.71|2836.71|3081.80|100.0
40|02|17|4202|Capital Outlay on Education, Sports, Art and Culture|01||203||1||01|First Grade College Buildings||||ಜುಮ್ಲಾ HOA Total :||Total|Detailed-Head|30975.42|27000.00|27000.00|30000.00|100.0
40|02|17|4202|Capital Outlay on Education, Sports, Art and Culture|01||203||1||08|Equipment for Polytechnics and Engineering Colleges|||4202-01-203-1-08|Equipment for Polytechnics and Engineering Colleges||Header|Detailed-Head|||||100.0
40|02|17|4202|Capital Outlay on Education, Sports, Art and Culture|01||203||1||08|Equipment for Polytechnics and Engineering Colleges|132|Other Capital Expenses|4202-01-203-1-08|Other Capital Expenses||Data|Object-Head|49.52||||100.0
40|02|17|4202|Capital Outlay on Education, Sports, Art and Culture|01||203||1||08|Equipment for Polytechnics and Engineering Colleges|180|Machinery and Equipments|4202-01-203-1-08|Machinery and Equipments||Data|Object-Head||1000.00|1000.00|4200.00|100.0
40|02|17|4202|Capital Outlay on Education, Sports, Art and Culture|01||203||1||08|Equipment for Polytechnics and Engineering Colleges||||ಜುಮ್ಲಾ HOA Total :||Total|Detailed-Head|49.52|1000.00|1000.00|4200.00|100.0
41|02|17|4202|Capital Outlay on Education, Sports, Art and Culture|01|General Education|203|University and Higher Education|1||11|CSS-Central Share-Rashtriya Ucchatar Shiksha Abhiyana (Capital works)|||4202-01-203-1-11|CSS-Central Share-Rashtriya Ucchatar Shiksha Abhiyana (Capital works)||Header|Detailed-Head|||||100.0
41|02|17|4202|Capital Outlay on Education, Sports, Art and Culture|01|General Education|203|University and Higher Education|1||11|CSS-Central Share-Rashtriya Ucchatar Shiksha Abhiyana (Capital works)|132|Other Capital Expenses|4202-01-203-1-11|Other Capital Expenses||Data|Object-Head||1.00|1.00|1.00|100.0
41|02|17|4202|Capital Outlay on Education, Sports, Art and Culture|01|General Education|203|University and Higher Education|1||11|CSS-Central Share-Rashtriya Ucchatar Shiksha Abhiyana (Capital works)||||ಜುಮ್ಲಾ HOA Total :||Total|Detailed-Head|0.00|1.00|1.00|1.00|100.0
41|02|17|4202|Capital Outlay on Education, Sports, Art and Culture|01|General Education|203|University and Higher Education|1||13|CSS-State Share-Rashtriya Ucchatar Shiksha Abhiyana (Capital works)|||4202-01-203-1-13|CSS-State Share-Rashtriya Ucchatar Shiksha Abhiyana (Capital works)||Header|Detailed-Head|||||100.0
41|02|17|4202|Capital Outlay on Education, Sports, Art and Culture|01|General Education|203|University and Higher Education|1||13|CSS-State Share-Rashtriya Ucchatar Shiksha Abhiyana (Capital works)|132|Other Capital Expenses|4202-01-203-1-13|Other Capital Expenses||Data|Object-Head||1.00|1.00|1.00|100.0
41|02|17|4202|Capital Outlay on Education, Sports, Art and Culture|01|General Education|203|University and Higher Education|1||13|CSS-State Share-Rashtriya Ucchatar Shiksha Abhiyana (Capital works)||||ಜುಮ್ಲಾ HOA Total :||Total|Detailed-Head|0.00|1.00|1.00|1.00|100.0
41|02|17|4202|Capital Outlay on Education, Sports, Art and Culture|01|General Education|203|University and Higher Education|1||90|Deduct-Receipt and Recoveries from Capital Account|||4202-01-203-1-90|Deduct-Receipt and Recoveries from Capital Account||Header|Detailed-Head|||||100.0
41|02|17|4202|Capital Outlay on Education, Sports, Art and Culture|01|General Education|203|University and Higher Education|1||90|Deduct-Receipt and Recoveries from Capital Account|364|Deduct - Recoveries|4202-01-203-1-90|Deduct - Recoveries||Data|Object-Head|-0.11||||100.0
41|02|17|4202|Capital Outlay on Education, Sports, Art and Culture|01|General Education|203|University and Higher Education|1||90|Deduct-Receipt and Recoveries from Capital Account||||ಜುಮ್ಲಾ HOA Total :||Total|Detailed-Head|-0.11|0.00|0.00|0.00|100.0
41|02|17|4202|Capital Outlay on Education, Sports, Art and Culture|01|General Education|203|University and Higher Education|2||01|Equipment in Degree Colleges|||4202-01-203-2-01|Equipment in Degree Colleges||Header|Detailed-Head|||||100.0
41|02|17|4202|Capital Outlay on Education, Sports, Art and Culture|01|General Education|203|University and Higher Education|2||01|Equipment in Degree Colleges|180|Machinery and Equipments|4202-01-203-2-01|Machinery and Equipments||Data|Object-Head|380.00|417.00|417.00|701.00|100.0
41|02|17|4202|Capital Outlay on Education, Sports, Art and Culture|01|General Education|203|University and Higher Education|2||01|Equipment in Degree Colleges|422|Schedule Caste Sub Plan|4202-01-203-2-01|Schedule Caste Sub Plan||Data|Object-Head|85.00|94.00|94.00||100.0
41|02|17|4202|Capital Outlay on Education, Sports, Art and Culture|01|General Education|203|University and Higher Education|2||01|Equipment in Degree Colleges|423|Tribal Sub Plan|4202-01-203-2-01|Tribal Sub Plan||Data|Object-Head|35.00|39.00|39.00||100.0
41|02|17|4202|Capital Outlay on Education, Sports, Art and Culture|01|General Education|203|University and Higher Education|2||01|Equipment in Degree Colleges||||ಜುಮ್ಲಾ HOA Total :||Total|Detailed-Head|500.00|550.00|550.00|701.00|100.0
41|02|17|4202|Capital Outlay on Education, Sports, Art and Culture|02|Technical Education|104|Polytechnics|1||01|Construction of Polytechnics|||4202-02-104-1-01|Construction of Polytechnics||Header|Detailed-Head|||||100.0
41|02|17|4202|Capital Outlay on Education, Sports, Art and Culture|02|Technical Education|104|Polytechnics|1||01|Construction of Polytechnics|132|Other Capital Expenses|4202-02-104-1-01|Other Capital Expenses||Data|Object-Head||||7016.00|100.0
41|02|17|4202|Capital Outlay on Education, Sports, Art and Culture|02|Technical Education|104|Polytechnics|1||01|Construction of Polytechnics|139|Major Works|4202-02-104-1-01|Major Works||Data|Object-Head|7559.21|3982.02|3982.02||100.0
41|02|17|4202|Capital Outlay on Education, Sports, Art and Culture|02|Technical Education|104|Polytechnics|1||01|Construction of Polytechnics|422|Schedule Caste Sub Plan|4202-02-104-1-01|Schedule Caste Sub Plan||Data|Object-Head|1837.77|723.42|723.42|1232.50|100.0
41|02|17|4202|Capital Outlay on Education, Sports, Art and Culture|02|Technical Education|104|Polytechnics|1||01|Construction of Polytechnics|423|Tribal Sub Plan|4202-02-104-1-01|Tribal Sub Plan||Data|Object-Head|762.92|294.56|294.56|501.50|100.0
42|02|17|4202|Capital Outlay on Education, Sports, Art and Culture|02|Technical Education|104|Polytechnics|1||01|Construction of Polytechnics|436|NABARD Works|4202-02-104-1-01|NABARD Works||Data|Object-Head|1602.40|1400.00|1400.00|340.00|100.0
42|02|17|4202|Capital Outlay on Education, Sports, Art and Culture|02|Technical Education|104|Polytechnics|1||01|Construction of Polytechnics|||||ಜುಮ್ಲಾ HOA Total :|Total|Detailed-Head|11762.30|6400.00|6400.00|9090.00|100.0
42|02|17|4202|Capital Outlay on Education, Sports, Art and Culture|02|Technical Education|104|Polytechnics|1||03|Engineering Colleges|||4202-02-104-1-03|Engineering Colleges||Header|Detailed-Head|||||100.0
42|02|17|4202|Capital Outlay on Education, Sports, Art and Culture|02|Technical Education|104|Polytechnics|1||03|Engineering Colleges|132|Other Capital Expenses|4202-02-104-1-03|Other Capital Expenses||Data|Object-Head||||250.00|100.0
42|02|17|4202|Capital Outlay on Education, Sports, Art and Culture|02|Technical Education|104|Polytechnics|1||03|Engineering Colleges|386|Purchase/Construction of Buildings|4202-02-104-1-03|Purchase/Construction of Buildings||Data|Object-Head|2999.87|2500.00|2500.00|2000.00|100.0
42|02|17|4202|Capital Outlay on Education, Sports, Art and Culture|02|Technical Education|104|Polytechnics|1||03|Engineering Colleges|||||ಜುಮ್ಲಾ HOA Total :|Total|Detailed-Head|2999.87|2500.00|2500.00|2250.00|100.0
42|02|17|4202|Capital Outlay on Education, Sports, Art and Culture|02|Technical Education|105||1||03|Infrastructure for UVCE|||4202-02-105-1-03|Infrastructure for UVCE||Header|Detailed-Head|||||100.0
42|02|17|4202|Capital Outlay on Education, Sports, Art and Culture|02|Technical Education|105||1||03|Infrastructure for UVCE|132|Other Capital Expenses|4202-02-105-1-03|Other Capital Expenses||Data|Object-Head||||10000.00|100.0
42|02|17|4202|Capital Outlay on Education, Sports, Art and Culture|02|Technical Education|105||1||03|Infrastructure for UVCE|||||ಜುಮ್ಲಾ HOA Total :|Total|Detailed-Head|0.00|0.00|0.00|10000.00|100.0
42|02|17|4202|Capital Outlay on Education, Sports, Art and Culture|03|Sports and Youth Services|800|Other Expenditure|0||06|Repairs and Construction Works of NCC Buildings|||4202-03-800-0-06|Repairs and Construction Works of NCC Buildings||Header|Detailed-Head|||||100.0
42|02|17|4202|Capital Outlay on Education, Sports, Art and Culture|03|Sports and Youth Services|800|Other Expenditure|0||06|Repairs and Construction Works of NCC Buildings|132|Other Capital Expenses|4202-03-800-0-06|Other Capital Expenses||Data|Object-Head||1.00|1.00|1.00|100.0
42|02|17|4202|Capital Outlay on Education, Sports, Art and Culture|03|Sports and Youth Services|800|Other Expenditure|0||06|Repairs and Construction Works of NCC Buildings|200|Maintenance Expenditure|4202-03-800-0-06|Maintenance Expenditure||Data|Object-Head|0.12||||100.0
42|02|17|4202|Capital Outlay on Education, Sports, Art and Culture|03|Sports and Youth Services|800|Other Expenditure|0||06|Repairs and Construction Works of NCC Buildings|||||ಜುಮ್ಲಾ HOA Total :|Total|Detailed-Head|0.12|1.00|1.00|1.00|100.0
42|02|17|4202|Capital Outlay on Education, Sports, Art and Culture|03|Sports and Youth Services|||||||||4202|4202 - ಜುಮ್ಲಾ Total :||Total|Major-Head|46248.81|40014.13|40014.13|66439.66|
43|02|17|2058|Stationery and Printing|00||103|Govt Presses|0||01|Govt Presses||||2058-00-103-0-01|Govt Presses|Header|Detailed-Head|||||100.0
43|02|17|2058|Stationery and Printing|00||103|Govt Presses|0||01|Govt Presses|002|Basic Pay|2058-00-103-0-01|Basic Pay||Data|Object-Head|212.36|3901.00|3901.00|3672.00|100.0
43|02|17|2058|Stationery and Printing|00||103|Govt Presses|0||01|Govt Presses|003|Basic Pay-Staff|2058-00-103-0-01|Basic Pay-Staff||Data|Object-Head|2991.49||||100.0
43|02|17|2058|Stationery and Printing|00||103|Govt Presses|0||01|Govt Presses|004|Interim Relief|2058-00-103-0-01|Interim Relief||Data|Object-Head|210.33||||100.0
43|02|17|2058|Stationery and Printing|00||103|Govt Presses|0||01|Govt Presses|011|Dearness Allowance|2058-00-103-0-01|Dearness Allowance||Data|Object-Head|761.95|859.00|859.00|918.00|100.0
43|02|17|2058|Stationery and Printing|00||103|Govt Presses|0||01|Govt Presses|014|Other Allowance|2058-00-103-0-01|Other Allowance||Data|Object-Head|851.41|907.00|907.00|919.00|100.0
43|02|17|2058|Stationery and Printing|00||103|Govt Presses|0||01|Govt Presses|020|Medical Allowance|2058-00-103-0-01|Medical Allowance||Data|Object-Head|23.79||||100.0
43|02|17|2058|Stationery and Printing|00||103|Govt Presses|0||01|Govt Presses|021|Reimbursement of Medical Expenses|2058-00-103-0-01|Reimbursement of Medical Expenses||Data|Object-Head|21.56|41.00|41.00|38.00|100.0
43|02|17|2058|Stationery and Printing|00||103|Govt Presses|0||01|Govt Presses|033|Daily-wages|2058-00-103-0-01|Daily-wages||Data|Object-Head|890.63|936.10|936.10|727.94|100.0
43|02|17|2058|Stationery and Printing|00||103|Govt Presses|0||01|Govt Presses|034|Contract/Outsource|2058-00-103-0-01|Contract/Outsource||Data|Object-Head|213.49|252.94|252.94|238.97|100.0
43|02|17|2058|Stationery and Printing|00||103|Govt Presses|0||01|Govt Presses|041|Travel Expenses|2058-00-103-0-01|Travel Expenses||Data|Object-Head|7.26|5.00|5.00|5.00|100.0
43|02|17|2058|Stationery and Printing|00||103|Govt Presses|0||01|Govt Presses|050|Office Expenses|2058-00-103-0-01|Office Expenses||Data|Object-Head||5.00|5.00|5.00|100.0
43|02|17|2058|Stationery and Printing|00||103|Govt Presses|0||01|Govt Presses|051|General Expenses|2058-00-103-0-01|General Expenses||Data|Object-Head|565.97|400.00|400.00|300.00|100.0
43|02|17|2058|Stationery and Printing|00||103|Govt Presses|0||01|Govt Presses|052|Telephone Charges|2058-00-103-0-01|Telephone Charges||Data|Object-Head|3.14||||100.0
43|02|17|2058|Stationery and Printing|00||103|Govt Presses|0||01|Govt Presses|071|Building Expenses|2058-00-103-0-01|Building Expenses||Data|Object-Head|155.95|150.00|142.20|150.00|100.0
43|02|17|2058|Stationery and Printing|00||103|Govt Presses|0||01|Govt Presses|180|Machinery and Equipments|2058-00-103-0-01|Machinery and Equipments||Data|Object-Head|94.63||||100.0
43|02|17|2058|Stationery and Printing|00||103|Govt Presses|0||01|Govt Presses|195|Transport Expenses|2058-00-103-0-01|Transport Expenses||Data|Object-Head|9.53|9.87|9.87|10.93|100.0
43|02|17|2058|Stationery and Printing|00||103|Govt Presses|0||01|Govt Presses|221|Materials and Supplies|2058-00-103-0-01|Materials and Supplies||Data|Object-Head|1559.37|1500.00|1500.00|1560.00|100.0
43|02|17|2058|Stationery and Printing|00||103|Govt Presses|0||01|Govt Presses|251|Pension & Retirement Benefits|2058-00-103-0-01|Pension & Retirement Benefits||Data|Object-Head|141.52|215.35|215.35|200.00|100.0
43|02|17|2058|Stationery and Printing|00||103|Govt Presses|0||01|Govt Presses|||||ಜುಮ್ಲಾ HOA Total :|Total|Detailed-Head|8714.38|9182.26|9174.46|8744.84|100.0
43|02|17|2058|Stationery and Printing|00||911|Deduct Recovery of Over Payments|0||01|Deduct Recovery of Over Payments of Current Year|||2058-00-911-0-01|Deduct Recovery of Over Payments of Current Year||Header|Detailed-Head|||||100.0
43|02|17|2058|Stationery and Printing|00||911|Deduct Recovery of Over Payments|0||01|Deduct Recovery of Over Payments of Current Year|364|Deduct - Recoveries|2058-00-911-0-01|Deduct - Recoveries||Data|Object-Head|-3.35||||100.0
43|02|17|2058|Stationery and Printing|00||911|Deduct Recovery of Over Payments|0||01|Deduct Recovery of Over Payments of Current Year|||||ಜುಮ್ಲಾ HOA Total :|Total|Detailed-Head|-3.35|0.00|0.00|0.00|100.0
44|02|17|2058|Stationery and Printing|00||911|Deduct Recovery of Over Payments|0||02|Deduct Recoveries of Overpayment of Previous Years|||2058-00-911-0-02|Deduct Recoveries of Overpayment of Previous Years|V|Header|Detailed-Head|||||100.0
44|02|17|2058|Stationery and Printing|00||911|Deduct Recovery of Over Payments|0||02|Deduct Recoveries of Overpayment of Previous Years|364|Deduct - Recoveries|2058-00-911-0-02|Deduct - Recoveries|V|Data|Object-Head|-0.33||||100.0
44|02|17|2058|Stationery and Printing|00||911|Deduct Recovery of Over Payments|0||02|Deduct Recoveries of Overpayment of Previous Years||||ಜುಮ್ಲಾ HOA Total :|V|Total|Detailed-Head|-0.33|0.00|0.00|0.00|100.0
44|02|17|2058|Stationery and Printing|00|||||||||||2058 - ಜುಮ್ಲಾ Total :|V|Total|Major-Head|8710.70|9182.26|9174.46|8744.84|
45|02|17|2202|General Education|01||053||0||02|Maintenance of School Buildings|||2202-01-053-0-02|Maintenance of School Buildings|V|Header|Detailed-Head|||||100.0
45|02|17|2202|General Education|01||053||0||02|Maintenance of School Buildings|058|Electricity and Water Charges|2202-01-053-0-02|Electricity and Water Charges|V|Data|Object-Head|695.62|1500.00|1500.00||100.0
45|02|17|2202|General Education|01||053||0||02|Maintenance of School Buildings|059|Other Expenses|2202-01-053-0-02|Other Expenses|V|Data|Object-Head|6690.68|6481.00|6481.00||100.0
45|02|17|2202|General Education|01||053||0||02|Maintenance of School Buildings|422|Schedule Caste Sub Plan|2202-01-053-0-02|Schedule Caste Sub Plan|V|Data|Object-Head|2435.77|2685.00|2685.00||100.0
45|02|17|2202|General Education|01||053||0||02|Maintenance of School Buildings|423|Tribal Sub Plan|2202-01-053-0-02|Tribal Sub Plan|V|Data|Object-Head|942.43|1074.00|1074.00||100.0
45|02|17|2202|General Education|01||053||0||02|Maintenance of School Buildings||||ಜುಮ್ಲಾ HOA Total :|V|Total|Detailed-Head|10764.50|11740.00|11740.00|0.00|100.0
45|02|17|2202|General Education|01||102||0||05|Reimbursement of fees to Private Schools under RTE|||2202-01-102-0-05|Reimbursement of fees to Private Schools under RTE|V|Header|Detailed-Head|||||100.0
45|02|17|2202|General Education|01||102||0||05|Reimbursement of fees to Private Schools under RTE|059|Other Expenses|2202-01-102-0-05|Other Expenses|V|Data|Object-Head|9400.67|6500.00|6500.00|3250.00|100.0
45|02|17|2202|General Education|01||102||0||05|Reimbursement of fees to Private Schools under RTE|422|Schedule Caste Sub Plan|2202-01-102-0-05|Schedule Caste Sub Plan|V|Data|Object-Head|2350.13|2500.00|2500.00|1250.00|100.0
45|02|17|2202|General Education|01||102||0||05|Reimbursement of fees to Private Schools under RTE|423|Tribal Sub Plan|2202-01-102-0-05|Tribal Sub Plan|V|Data|Object-Head|1017.11|1000.00|1000.00|500.00|100.0
45|02|17|2202|General Education|01||102||0||05|Reimbursement of fees to Private Schools under RTE||||ಜುಮ್ಲಾ HOA Total :|V|Total|Detailed-Head|12767.91|10000.00|10000.00|5000.00|100.0
45|02|17|2202|General Education|01||102||0||06|Reimbursement of fees to Private Schools under RTE(9th and 10th SC and ST Students)|||2202-01-102-0-06|Reimbursement of fees to Private Schools under RTE(9th and 10th SC and ST Students)|V|Header|Detailed-Head|||||100.0
45|02|17|2202|General Education|01||102||0||06|Reimbursement of fees to Private Schools under RTE(9th and 10th SC and ST Students)|422|Schedule Caste Sub Plan|2202-01-102-0-06|Schedule Caste Sub Plan|V|Data|Object-Head||||1458.00|100.0
45|02|17|2202|General Education|01||102||0||06|Reimbursement of fees to Private Schools under RTE(9th and 10th SC and ST Students)|423|Tribal Sub Plan|2202-01-102-0-06|Tribal Sub Plan|V|Data|Object-Head||||414.00|100.0
45|02|17|2202|General Education|01||102||0||06|Reimbursement of fees to Private Schools under RTE(9th and 10th SC and ST Students)||||ಜುಮ್ಲಾ HOA Total :|V|Total|Detailed-Head|0.00|0.00|0.00|1872.00|100.0
45|02|17|2202|General Education|01||107||0||06|Non-Govt. Teachers' Training Institutions|||2202-01-107-0-06|Non-Govt. Teachers' Training Institutions|V|Header|Detailed-Head|||||100.0
45|02|17|2202|General Education|01||107||0||06|Non-Govt. Teachers' Training Institutions|101|Grants-in-Aid-Salaries|2202-01-107-0-06|Grants-in-Aid-Salaries|V|Data|Object-Head|1558.35|1759.77|1759.77|1758.99|100.0
45|02|17|2202|General Education|01||107||0||06|Non-Govt. Teachers' Training Institutions||||ಜುಮ್ಲಾ HOA Total :|V|Total|Detailed-Head|1558.35|1759.77|1759.77|1758.99|100.0
45|02|17|2202|General Education|01||107||0||09|Teachers Training and Orientation Training Centres|||2202-01-107-0-09|Teachers Training and Orientation Training Centres|V|Header|Detailed-Head|||||100.0
45|02|17|2202|General Education|01||107||0||09|Teachers Training and Orientation Training Centres|002|Basic Pay|2202-01-107-0-09|Basic Pay|V|Data|Object-Head|658.53|2075.00|2075.00|2216.00|100.0
45|02|17|2202|General Education|01||107||0||09|Teachers Training and Orientation Training Centres|003|Basic Pay-Staff|2202-01-107-0-09|Basic Pay-Staff|V|Data|Object-Head|1005.84||||100.0
46|02|17|2202|General Education|01||107||0||09|Teachers Training and Orientation Training Centres|004|Interim Relief|2202-01-107-0-09|Interim Relief|V|Data|Object-Head|114.99||||100.0
46|02|17|2202|General Education|01||107||0||09|Teachers Training and Orientation Training Centres|011|Dearness Allowance|2202-01-107-0-09|Dearness Allowance|V|Data|Object-Head|404.46|457.00|457.00|554.00|100.0
46|02|17|2202|General Education|01||107||0||09|Teachers Training and Orientation Training Centres|014|Other Allowance|2202-01-107-0-09|Other Allowance|V|Data|Object-Head|221.23|280.00|280.00|283.00|100.0
46|02|17|2202|General Education|01||107||0||09|Teachers Training and Orientation Training Centres|020|Medical Allowance|2202-01-107-0-09|Medical Allowance|V|Data|Object-Head|7.77||||100.0
46|02|17|2202|General Education|01||107||0||09|Teachers Training and Orientation Training Centres|021|Reimbursement of Medical Expenses|2202-01-107-0-09|Reimbursement of Medical Expenses|V|Data|Object-Head|9.97|18.00|18.00|18.00|100.0
46|02|17|2202|General Education|01||107||0||09|Teachers Training and Orientation Training Centres|041|Travel Expenses|2202-01-107-0-09|Travel Expenses|V|Data|Object-Head|0.93|2.00|2.00|2.00|100.0
46|02|17|2202|General Education|01||107||0||09|Teachers Training and Orientation Training Centres|050|Office Expenses|2202-01-107-0-09|Office Expenses|V|Data|Object-Head||1.00|1.00|4.00|100.0
46|02|17|2202|General Education|01||107||0||09|Teachers Training and Orientation Training Centres|051|General Expenses|2202-01-107-0-09|General Expenses|V|Data|Object-Head|1.74|2.00|2.00|2.00|100.0
46|02|17|2202|General Education|01||107||0||09|Teachers Training and Orientation Training Centres|052|Telephone Charges|2202-01-107-0-09|Telephone Charges|V|Data|Object-Head|0.43||||100.0
46|02|17|2202|General Education|01||107||0||09|Teachers Training and Orientation Training Centres|071|Building Expenses|2202-01-107-0-09|Building Expenses|V|Data|Object-Head|1.92|4.00|4.00|4.20|100.0
46|02|17|2202|General Education|01||107||0||09|Teachers Training and Orientation Training Centres||||ಜುಮ್ಲಾ HOA Total :|V|Total|Detailed-Head|2427.81|2839.00|2839.00|3083.20|100.0
46|02|17|2202|General Education|01||109||0||03|Vidya Vikasa Scheme- Incentive for Students|||2202-01-109-0-03|Vidya Vikasa Scheme- Incentive for Students|V|Header|Detailed-Head|||||100.0
46|02|17|2202|General Education|01||109||0||03|Vidya Vikasa Scheme- Incentive for Students|133|Regional Imbalance Redressal Program|2202-01-109-0-03|Regional Imbalance Redressal Program|V|Data|Object-Head|9331.83|7022.39|6422.39|8713.70|100.0
46|02|17|2202|General Education|01||109||0||03|Vidya Vikasa Scheme- Incentive for Students|135|Regional Imbalances Redressal Program-SCP|2202-01-109-0-03|Regional Imbalances Redressal Program-SCP|V|Data|Object-Head||||3230.21|100.0
46|02|17|2202|General Education|01||109||0||03|Vidya Vikasa Scheme- Incentive for Students|136|Regional Imbalances Redressal Program-TSP|2202-01-109-0-03|Regional Imbalances Redressal Program-TSP|V|Data|Object-Head||||1292.09|100.0
46|02|17|2202|General Education|01||109||0||03|Vidya Vikasa Scheme- Incentive for Students|221|Materials and Supplies|2202-01-109-0-03|Materials and Supplies|V|Data|Object-Head|26180.32|19627.61|20227.61|18936.30|100.0
46|02|17|2202|General Education|01||109||0||03|Vidya Vikasa Scheme- Incentive for Students|422|Schedule Caste Sub Plan|2202-01-109-0-03|Schedule Caste Sub Plan|V|Data|Object-Head|7991.87|10250.00|10250.00|7019.79|100.0
46|02|17|2202|General Education|01||109||0||03|Vidya Vikasa Scheme- Incentive for Students|423|Tribal Sub Plan|2202-01-109-0-03|Tribal Sub Plan|V|Data|Object-Head|3226.74|4100.00|4100.00|2807.91|100.0
46|02|17|2202|General Education|01||109||0||03|Vidya Vikasa Scheme- Incentive for Students||||ಜುಮ್ಲಾ HOA Total :|V|Total|Detailed-Head|46730.76|41000.00|41000.00|42000.00|100.0
46|02|17|2202|General Education|01||109||0||08|Education Quality Improvement Program|||2202-01-109-0-08|Education Quality Improvement Program|V|Header|Detailed-Head|||||100.0
46|02|17|2202|General Education|01||109||0||08|Education Quality Improvement Program|015|Subsidiary Expenses|2202-01-109-0-08|Subsidiary Expenses|V|Data|Object-Head||700.00|700.00|550.00|100.0
46|02|17|2202|General Education|01||109||0||08|Education Quality Improvement Program|051|General Expenses|2202-01-109-0-08|General Expenses|V|Data|Object-Head||||150.00|100.0
47|02|17|2202|General Education|01|General Education|109||0||08|Education Quality Improvement Program|059|Other Expenses|2202-01-109-0-08|Other Expenses|V|Data|Object-Head|539.27||||100.0
47|02|17|2202|General Education|01|General Education|109||0||08|Education Quality Improvement Program|103|Grants-in-Aid -General|2202-01-109-0-08|Grants-in-Aid -General|V|Data|Object-Head|100.00|100.00|100.00|100.00|100.0
47|02|17|2202|General Education|01|General Education|109||0||08|Education Quality Improvement Program||||ಜುಮ್ಲಾ HOA Total :|V|Total|Detailed-Head|639.27|800.00|800.00|800.00|100.0
47|02|17|2202|General Education|01|General Education|109||0||10|Quality Assurance and Student Motivation Initiatives|||2202-01-109-0-10|Quality Assurance and Student Motivation Initiatives|V|Header|Detailed-Head|||||100.0
47|02|17|2202|General Education|01|General Education|109||0||10|Quality Assurance and Student Motivation Initiatives|015|Subsidiary Expenses|2202-01-109-0-10|Subsidiary Expenses|V|Data|Object-Head||900.00|900.00|500.00|100.0
47|02|17|2202|General Education|01|General Education|109||0||10|Quality Assurance and Student Motivation Initiatives|051|General Expenses|2202-01-109-0-10|General Expenses|V|Data|Object-Head||||400.00|100.0
47|02|17|2202|General Education|01|General Education|109||0||10|Quality Assurance and Student Motivation Initiatives|059|Other Expenses|2202-01-109-0-10|Other Expenses|V|Data|Object-Head|726.95||||100.0
47|02|17|2202|General Education|01|General Education|109||0||10|Quality Assurance and Student Motivation Initiatives||||ಜುಮ್ಲಾ HOA Total :|V|Total|Detailed-Head|726.95|900.00|900.00|900.00|100.0
47|02|17|2202|General Education|01|General Education|109||0||11|CSS-Central Share-PM Schools for Rising India (PM SHRI)|||2202-01-109-0-11|CSS-Central Share-PM Schools for Rising India (PM SHRI)|V|Header|Detailed-Head|||||100.0
47|02|17|2202|General Education|01|General Education|109||0||11|CSS-Central Share-PM Schools for Rising India (PM SHRI)|051|General Expenses|2202-01-109-0-11|General Expenses|V|Data|Object-Head|6278.25|3000.00|8502.42|8502.29|100.0
47|02|17|2202|General Education|01|General Education|109||0||11|CSS-Central Share-PM Schools for Rising India (PM SHRI)|422|Schedule Caste Sub Plan|2202-01-109-0-11|Schedule Caste Sub Plan|V|Data|Object-Head|||1063.98|1063.98|100.0
47|02|17|2202|General Education|01|General Education|109||0||11|CSS-Central Share-PM Schools for Rising India (PM SHRI)|423|Tribal Sub Plan|2202-01-109-0-11|Tribal Sub Plan|V|Data|Object-Head|||429.73|429.73|100.0
47|02|17|2202|General Education|01|General Education|109||0||11|CSS-Central Share-PM Schools for Rising India (PM SHRI)||||ಜುಮ್ಲಾ HOA Total :|V|Total|Detailed-Head|6278.25|3000.00|9996.13|9996.00|100.0
47|02|17|2202|General Education|01|General Education|109||0||12|CSS-State Share-PM Schools for Rising India (PM SHRI)|||2202-01-109-0-12|CSS-State Share-PM Schools for Rising India (PM SHRI)|V|Header|Detailed-Head|||||100.0
47|02|17|2202|General Education|01|General Education|109||0||12|CSS-State Share-PM Schools for Rising India (PM SHRI)|051|General Expenses|2202-01-109-0-12|General Expenses|V|Data|Object-Head|4185.50|2000.00|5667.95|5668.00|100.0
47|02|17|2202|General Education|01|General Education|109||0||12|CSS-State Share-PM Schools for Rising India (PM SHRI)|422|Schedule Caste Sub Plan|2202-01-109-0-12|Schedule Caste Sub Plan|V|Data|Object-Head|||709.32|709.00|100.0
47|02|17|2202|General Education|01|General Education|109||0||12|CSS-State Share-PM Schools for Rising India (PM SHRI)|423|Tribal Sub Plan|2202-01-109-0-12|Tribal Sub Plan|V|Data|Object-Head|||286.49|286.00|100.0
47|02|17|2202|General Education|01|General Education|109||0||12|CSS-State Share-PM Schools for Rising India (PM SHRI)||||ಜುಮ್ಲಾ HOA Total :|V|Total|Detailed-Head|4185.50|2000.00|6663.76|6663.00|100.0
47|02|17|2202|General Education|01|General Education|113||0||01|CSS-State Share-Samagra Shikshana Karnataka|||2202-01-113-0-01|CSS-State Share-Samagra Shikshana Karnataka|V|Header|Detailed-Head|||||100.0
47|02|17|2202|General Education|01|General Education|113||0||01|CSS-State Share-Samagra Shikshana Karnataka|002|Basic Pay|2202-01-113-0-01|Basic Pay|V|Data|Object-Head|470.94|623.00|623.00|639.00|100.0
47|02|17|2202|General Education|01|General Education|113||0||01|CSS-State Share-Samagra Shikshana Karnataka|003|Basic Pay-Staff|2202-01-113-0-01|Basic Pay-Staff|V|Data|Object-Head|74.19||||100.0
47|02|17|2202|General Education|01|General Education|113||0||01|CSS-State Share-Samagra Shikshana Karnataka|004|Interim Relief|2202-01-113-0-01|Interim Relief|V|Data|Object-Head|44.74||||100.0
48|02|17|2202|General Education|01|General Education|113|Samagra Shikshana|0||01|CSS-State Share-Samagra Shikshana Karnataka|009|Transfer of Salary-Honorarium to SNA/SPARSH Salary Grants|2202-01-113-0-01|Transfer of Salary-Honorarium to SNA/SPARSH Salary Grants|V|Data|Object-Head|31246.41|30000.00|14214.98|30000.00|100.0
48|02|17|2202|General Education|01|General Education|113|Samagra Shikshana|0||01|CSS-State Share-Samagra Shikshana Karnataka|011|Dearness Allowance|2202-01-113-0-01|Dearness Allowance|V|Data|Object-Head|151.36|145.00|145.00|175.00|100.0
48|02|17|2202|General Education|01|General Education|113|Samagra Shikshana|0||01|CSS-State Share-Samagra Shikshana Karnataka|014|Other Allowance|2202-01-113-0-01|Other Allowance|V|Data|Object-Head|130.98|135.00|135.00|145.00|100.0
48|02|17|2202|General Education|01|General Education|113|Samagra Shikshana|0||01|CSS-State Share-Samagra Shikshana Karnataka|020|Medical Allowance|2202-01-113-0-01|Medical Allowance|V|Data|Object-Head|0.52||||100.0
48|02|17|2202|General Education|01|General Education|113|Samagra Shikshana|0||01|CSS-State Share-Samagra Shikshana Karnataka|021|Reimbursement of Medical Expenses|2202-01-113-0-01|Reimbursement of Medical Expenses|V|Data|Object-Head|4.15|15.00|15.00|15.00|100.0
48|02|17|2202|General Education|01|General Education|113|Samagra Shikshana|0||01|CSS-State Share-Samagra Shikshana Karnataka|059|Other Expenses|2202-01-113-0-01|Other Expenses|V|Data|Object-Head|6104.64|4959.40|4959.40|5876.65|100.0
48|02|17|2202|General Education|01|General Education|113|Samagra Shikshana|0||01|CSS-State Share-Samagra Shikshana Karnataka|133|Regional Imbalance Redressal Program|2202-01-113-0-01|Regional Imbalance Redressal Program|V|Data|Object-Head|12306.27|9997.59|9997.59|9997.59|100.0
48|02|17|2202|General Education|01|General Education|113|Samagra Shikshana|0||01|CSS-State Share-Samagra Shikshana Karnataka|422|Schedule Caste Sub Plan|2202-01-113-0-01|Schedule Caste Sub Plan|V|Data|Object-Head|7081.12|5752.69|5752.69|5752.69|100.0
48|02|17|2202|General Education|01|General Education|113|Samagra Shikshana|0||01|CSS-State Share-Samagra Shikshana Karnataka|423|Tribal Sub Plan|2202-01-113-0-01|Tribal Sub Plan|V|Data|Object-Head|2832.45|2301.07|2301.07|2301.07|100.0
48|02|17|2202|General Education|01|General Education|113|Samagra Shikshana|0||01|CSS-State Share-Samagra Shikshana Karnataka||||ಜುಮ್ಲಾ HOA Total :|V|Total|Detailed-Head|60447.77|53928.75|38143.73|54902.00|100.0
48|02|17|2202|General Education|01|General Education|113|Samagra Shikshana|0||02|CSS-Central Share- Samagra Shikshana Karnataka|||2202-01-113-0-02|CSS-Central Share- Samagra Shikshana Karnataka|V|Header|Detailed-Head|||||100.0
48|02|17|2202|General Education|01|General Education|113|Samagra Shikshana|0||02|CSS-Central Share- Samagra Shikshana Karnataka|009|Transfer of Salary-Honorarium to SNA/SPARSH Salary Grants|2202-01-113-0-02|Transfer of Salary-Honorarium to SNA/SPARSH Salary Grants|V|Data|Object-Head|50104.62|50000.00|21322.47|50000.00|100.0
48|02|17|2202|General Education|01|General Education|113|Samagra Shikshana|0||02|CSS-Central Share- Samagra Shikshana Karnataka|059|Other Expenses|2202-01-113-0-02|Other Expenses|V|Data|Object-Head|7058.71|5307.93|5307.93|5309.00|100.0
48|02|17|2202|General Education|01|General Education|113|Samagra Shikshana|0||02|CSS-Central Share- Samagra Shikshana Karnataka|133|Regional Imbalance Redressal Program|2202-01-113-0-02|Regional Imbalance Redressal Program|V|Data|Object-Head|18454.90|13877.54|13877.54|13877.00|100.0
48|02|17|2202|General Education|01|General Education|113|Samagra Shikshana|0||02|CSS-Central Share- Samagra Shikshana Karnataka|422|Schedule Caste Sub Plan|2202-01-113-0-02|Schedule Caste Sub Plan|V|Data|Object-Head|9812.93|7379.03|7379.03|7379.00|100.0
48|02|17|2202|General Education|01|General Education|113|Samagra Shikshana|0||02|CSS-Central Share- Samagra Shikshana Karnataka|423|Tribal Sub Plan|2202-01-113-0-02|Tribal Sub Plan|V|Data|Object-Head|3925.17|2951.61|2951.61|2951.00|100.0
48|02|17|2202|General Education|01|General Education|113|Samagra Shikshana|0||02|CSS-Central Share- Samagra Shikshana Karnataka||||ಜುಮ್ಲಾ HOA Total :|V|Total|Detailed-Head|89356.33|79516.11|50838.58|79516.00|100.0
48|02|17|2202|General Education|01|General Education|196|Assistance to Zilla Parishads/District Level Panchayats|1||01|Grants to School Education|||2202-01-196-1-01|Grants to School Education|V|Header|Detailed-Head|||||100.0
48|02|17|2202|General Education|01|General Education|196|Assistance to Zilla Parishads/District Level Panchayats|1||01|Grants to School Education|401|Bengaluru (Urban)|2202-01-196-1-01|Bengaluru (Urban)|V|Data|Object-Head|279.39|237.24|237.24|196.58|100.0
48|02|17|2202|General Education|01|General Education|196|Assistance to Zilla Parishads/District Level Panchayats|1||01|Grants to School Education|402|Bengaluru (Rural)|2202-01-196-1-01|Bengaluru (Rural)|V|Data|Object-Head|97.97|95.99|95.99|91.35|100.0
49|02|17|2202|General Education|01|General Education|196|Assistance to Zilla Parishads/District Level Panchayats|1||01|Grants to School Education|403|Chitradurga|2202-01-196-1-01|Chitradurga|V|Data|Object-Head|440.98|435.39|435.39|410.14|100.0
49|02|17|2202|General Education|01|General Education|196|Assistance to Zilla Parishads/District Level Panchayats|1||01|Grants to School Education|404|Kolar|2202-01-196-1-01|Kolar|V|Data|Object-Head|320.13|300.85|300.85|254.84|100.0
49|02|17|2202|General Education|01|General Education|196|Assistance to Zilla Parishads/District Level Panchayats|1||01|Grants to School Education|405|Shivamogga|2202-01-196-1-01|Shivamogga|V|Data|Object-Head|205.05|193.24|193.24|174.50|100.0
49|02|17|2202|General Education|01|General Education|196|Assistance to Zilla Parishads/District Level Panchayats|1||01|Grants to School Education|406|Tumakuru|2202-01-196-1-01|Tumakuru|V|Data|Object-Head|148.11|124.39|124.39|121.15|100.0
49|02|17|2202|General Education|01|General Education|196|Assistance to Zilla Parishads/District Level Panchayats|1||01|Grants to School Education|407|Mysuru|2202-01-196-1-01|Mysuru|V|Data|Object-Head|459.45|388.34|388.34|301.15|100.0
49|02|17|2202|General Education|01|General Education|196|Assistance to Zilla Parishads/District Level Panchayats|1||01|Grants to School Education|408|Chikkamagaluru|2202-01-196-1-01|Chikkamagaluru|V|Data|Object-Head|321.85|294.06|294.06|309.03|100.0
49|02|17|2202|General Education|01|General Education|196|Assistance to Zilla Parishads/District Level Panchayats|1||01|Grants to School Education|409|Dakshina Kannada|2202-01-196-1-01|Dakshina Kannada|V|Data|Object-Head|100.25|90.79|90.79|54.25|100.0
49|02|17|2202|General Education|01|General Education|196|Assistance to Zilla Parishads/District Level Panchayats|1||01|Grants to School Education|410|Hassan|2202-01-196-1-01|Hassan|V|Data|Object-Head|584.83|608.53|608.53|543.78|100.0
49|02|17|2202|General Education|01|General Education|196|Assistance to Zilla Parishads/District Level Panchayats|1||01|Grants to School Education|411|Kodagu|2202-01-196-1-01|Kodagu|V|Data|Object-Head|71.45|62.47|62.47|42.53|100.0
49|02|17|2202|General Education|01|General Education|196|Assistance to Zilla Parishads/District Level Panchayats|1||01|Grants to School Education|412|Mandya|2202-01-196-1-01|Mandya|V|Data|Object-Head|843.15|844.40|844.40|763.60|100.0
49|02|17|2202|General Education|01|General Education|196|Assistance to Zilla Parishads/District Level Panchayats|1||01|Grants to School Education|413|Belagavi|2202-01-196-1-01|Belagavi|V|Data|Object-Head|826.36|829.90|829.90|660.65|100.0
49|02|17|2202|General Education|01|General Education|196|Assistance to Zilla Parishads/District Level Panchayats|1||01|Grants to School Education|414|Vijayapura|2202-01-196-1-01|Vijayapura|V|Data|Object-Head|511.97|480.40|480.40|440.39|100.0
49|02|17|2202|General Education|01|General Education|196|Assistance to Zilla Parishads/District Level Panchayats|1||01|Grants to School Education|415|Dharwad|2202-01-196-1-01|Dharwad|V|Data|Object-Head|169.56|172.30|172.30|137.56|100.0
49|02|17|2202|General Education|01|General Education|196|Assistance to Zilla Parishads/District Level Panchayats|1||01|Grants to School Education|416|Uttara Kannada|2202-01-196-1-01|Uttara Kannada|V|Data|Object-Head|136.46|130.82|130.82|99.41|100.0
49|02|17|2202|General Education|01|General Education|196|Assistance to Zilla Parishads/District Level Panchayats|1||01|Grants to School Education|417|Kalaburagi|2202-01-196-1-01|Kalaburagi|V|Data|Object-Head|391.05|369.96|369.96|337.10|100.0
49|02|17|2202|General Education|01|General Education|196|Assistance to Zilla Parishads/District Level Panchayats|1||01|Grants to School Education|418|Ballari|2202-01-196-1-01|Ballari|V|Data|Object-Head|80.21|78.54|78.54|74.38|100.0
49|02|17|2202|General Education|01|General Education|196|Assistance to Zilla Parishads/District Level Panchayats|1||01|Grants to School Education|419|Bidar|2202-01-196-1-01|Bidar|V|Data|Object-Head|100.42|71.99|71.99|45.36|100.0
49|02|17|2202|General Education|01|General Education|196|Assistance to Zilla Parishads/District Level Panchayats|1||01|Grants to School Education|420|Raichur|2202-01-196-1-01|Raichur|V|Data|Object-Head|370.69|376.38|376.38|347.47|100.0
49|02|17|2202|General Education|01|General Education|196|Assistance to Zilla Parishads/District Level Panchayats|1||01|Grants to School Education|421|Yadgiri|2202-01-196-1-01|Yadgiri|V|Data|Object-Head|170.17|143.92|143.92|117.14|100.0
49|02|17|2202|General Education|01|General Education|196|Assistance to Zilla Parishads/District Level Panchayats|1||01|Grants to School Education|451|Davanagere|2202-01-196-1-01|Davanagere|V|Data|Object-Head|241.68|230.58|230.58|198.42|100.0
49|02|17|2202|General Education|01|General Education|196|Assistance to Zilla Parishads/District Level Panchayats|1||01|Grants to School Education|452|Bengaluru South|2202-01-196-1-01|Bengaluru South|V|Data|Object-Head|126.22|163.03|163.03|153.81|100.0
49|02|17|2202|General Education|01|General Education|196|Assistance to Zilla Parishads/District Level Panchayats|1||01|Grants to School Education|453|Chikkaballapura|2202-01-196-1-01|Chikkaballapura|V|Data|Object-Head|200.28|182.22|182.22|138.97|100.0
49|02|17|2202|General Education|01|General Education|196|Assistance to Zilla Parishads/District Level Panchayats|1||01|Grants to School Education|456|Chamarajanagar|2202-01-196-1-01|Chamarajanagar|V|Data|Object-Head|272.67|286.90|286.90|260.45|100.0
49|02|17|2202|General Education|01|General Education|196|Assistance to Zilla Parishads/District Level Panchayats|1||01|Grants to School Education|457|Udupi|2202-01-196-1-01|Udupi|V|Data|Object-Head|52.53|68.33|68.33|50.37|100.0
49|02|17|2202|General Education|01|General Education|196|Assistance to Zilla Parishads/District Level Panchayats|1||01|Grants to School Education|461|Bagalkot|2202-01-196-1-01|Bagalkot|V|Data|Object-Head|354.44|315.61|315.61|275.14|100.0
49|02|17|2202|General Education|01|General Education|196|Assistance to Zilla Parishads/District Level Panchayats|1||01|Grants to School Education|462|Gadag|2202-01-196-1-01|Gadag|V|Data|Object-Head|52.44|56.86|56.86|51.63|100.0
49|02|17|2202|General Education|01|General Education|196|Assistance to Zilla Parishads/District Level Panchayats|1||01|Grants to School Education|463|Haveri|2202-01-196-1-01|Haveri|V|Data|Object-Head|90.88|89.21|89.21|104.38|100.0
49|02|17|2202|General Education|01|General Education|196|Assistance to Zilla Parishads/District Level Panchayats|1||01|Grants to School Education|466|Koppal|2202-01-196-1-01|Koppal|V|Data|Object-Head|447.95|407.90|407.90|344.51|100.0
49|02|17|2202|General Education|01|General Education|196|Assistance to Zilla Parishads/District Level Panchayats|1||01|Grants to School Education|467|Vijayanagara|2202-01-196-1-01|Vijayanagara|V|Data|Object-Head|97.23|77.36|77.36|56.35|100.0
49|02|17|2202|General Education|01|General Education|196|Assistance to Zilla Parishads/District Level Panchayats|1||01|Grants to School Education||||ಜುಮ್ಲಾ HOA Total :|V|Total|Detailed-Head|8565.82|8207.90|8207.90|7156.39|100.0
50|02|17|2202|General Education|01|General Education|196|Assistance to Zilla Parishads/District Level Panchayats|1||02|State Program for Ksheera Bhagya(MDM)|||2202-01-196-1-02|State Program for Ksheera Bhagya(MDM)|V|Header|Detailed-Head|||||100.0
50|02|17|2202|General Education|01|General Education|196|Assistance to Zilla Parishads/District Level Panchayats|1||02|State Program for Ksheera Bhagya(MDM)|300|Lumpsum - ZP|2202-01-196-1-02|Lumpsum - ZP|V|Data|Object-Head|45990.19|41206.31|15549.68|38800.00|100.0
50|02|17|2202|General Education|01|General Education|196|Assistance to Zilla Parishads/District Level Panchayats|1||02|State Program for Ksheera Bhagya(MDM)|401|Bengaluru (Urban)|2202-01-196-1-02|Bengaluru (Urban)|V|Data|Object-Head|4786.03|7423.74|7423.74|7575.37|100.0
50|02|17|2202|General Education|01|General Education|196|Assistance to Zilla Parishads/District Level Panchayats|1||02|State Program for Ksheera Bhagya(MDM)|402|Bengaluru (Rural)|2202-01-196-1-02|Bengaluru (Rural)|V|Data|Object-Head|1318.44|1622.50|1622.50|1606.00|100.0
50|02|17|2202|General Education|01|General Education|196|Assistance to Zilla Parishads/District Level Panchayats|1||02|State Program for Ksheera Bhagya(MDM)|403|Chitradurga|2202-01-196-1-02|Chitradurga|V|Data|Object-Head|3032.83|3718.13|3718.13|3720.01|100.0
50|02|17|2202|General Education|01|General Education|196|Assistance to Zilla Parishads/District Level Panchayats|1||02|State Program for Ksheera Bhagya(MDM)|404|Kolar|2202-01-196-1-02|Kolar|V|Data|Object-Head|1960.15|2375.48|2375.48|2308.90|100.0
50|02|17|2202|General Education|01|General Education|196|Assistance to Zilla Parishads/District Level Panchayats|1||02|State Program for Ksheera Bhagya(MDM)|405|Shivamogga|2202-01-196-1-02|Shivamogga|V|Data|Object-Head|3283.51|3566.65|3566.65|3654.24|100.0
50|02|17|2202|General Education|01|General Education|196|Assistance to Zilla Parishads/District Level Panchayats|1||02|State Program for Ksheera Bhagya(MDM)|406|Tumakuru|2202-01-196-1-02|Tumakuru|V|Data|Object-Head|4032.87|4975.44|4975.44|4793.43|100.0
50|02|17|2202|General Education|01|General Education|196|Assistance to Zilla Parishads/District Level Panchayats|1||02|State Program for Ksheera Bhagya(MDM)|407|Mysuru|2202-01-196-1-02|Mysuru|V|Data|Object-Head|3778.79|4686.24|4686.24|4366.47|100.0
50|02|17|2202|General Education|01|General Education|196|Assistance to Zilla Parishads/District Level Panchayats|1||02|State Program for Ksheera Bhagya(MDM)|408|Chikkamagaluru|2202-01-196-1-02|Chikkamagaluru|V|Data|Object-Head|1599.94|1875.00|1875.00|1973.49|100.0
50|02|17|2202|General Education|01|General Education|196|Assistance to Zilla Parishads/District Level Panchayats|1||02|State Program for Ksheera Bhagya(MDM)|409|Dakshina Kannada|2202-01-196-1-02|Dakshina Kannada|V|Data|Object-Head|2742.03|3436.42|3436.42|3356.41|100.0
50|02|17|2202|General Education|01|General Education|196|Assistance to Zilla Parishads/District Level Panchayats|1||02|State Program for Ksheera Bhagya(MDM)|410|Hassan|2202-01-196-1-02|Hassan|V|Data|Object-Head|1667.60|2669.75|2669.75|2527.10|100.0
50|02|17|2202|General Education|01|General Education|196|Assistance to Zilla Parishads/District Level Panchayats|1||02|State Program for Ksheera Bhagya(MDM)|411|Kodagu|2202-01-196-1-02|Kodagu|V|Data|Object-Head|566.33|742.25|742.25|705.28|100.0
50|02|17|2202|General Education|01|General Education|196|Assistance to Zilla Parishads/District Level Panchayats|1||02|State Program for Ksheera Bhagya(MDM)|412|Mandya|2202-01-196-1-02|Mandya|V|Data|Object-Head|2184.55|2558.26|2558.26|2538.47|100.0
50|02|17|2202|General Education|01|General Education|196|Assistance to Zilla Parishads/District Level Panchayats|1||02|State Program for Ksheera Bhagya(MDM)|413|Belagavi|2202-01-196-1-02|Belagavi|V|Data|Object-Head|12189.54|13776.35|13776.35|13600.10|100.0
50|02|17|2202|General Education|01|General Education|196|Assistance to Zilla Parishads/District Level Panchayats|1||02|State Program for Ksheera Bhagya(MDM)|414|Vijayapura|2202-01-196-1-02|Vijayapura|V|Data|Object-Head|5337.41|6661.10|6661.10|6513.64|100.0
50|02|17|2202|General Education|01|General Education|196|Assistance to Zilla Parishads/District Level Panchayats|1||02|State Program for Ksheera Bhagya(MDM)|415|Dharwad|2202-01-196-1-02|Dharwad|V|Data|Object-Head|1776.73|4370.99|4370.99|4448.48|100.0
50|02|17|2202|General Education|01|General Education|196|Assistance to Zilla Parishads/District Level Panchayats|1||02|State Program for Ksheera Bhagya(MDM)|416|Uttara Kannada|2202-01-196-1-02|Uttara Kannada|V|Data|Object-Head|2786.04|3445.52|3445.52|3541.28|100.0
50|02|17|2202|General Education|01|General Education|196|Assistance to Zilla Parishads/District Level Panchayats|1||02|State Program for Ksheera Bhagya(MDM)|417|Kalaburagi|2202-01-196-1-02|Kalaburagi|V|Data|Object-Head|8266.75|6216.47|6216.47|6021.51|100.0
50|02|17|2202|General Education|01|General Education|196|Assistance to Zilla Parishads/District Level Panchayats|1||02|State Program for Ksheera Bhagya(MDM)|418|Ballari|2202-01-196-1-02|Ballari|V|Data|Object-Head|2824.18|3144.79|3144.79|3097.72|100.0
50|02|17|2202|General Education|01|General Education|196|Assistance to Zilla Parishads/District Level Panchayats|1||02|State Program for Ksheera Bhagya(MDM)|419|Bidar|2202-01-196-1-02|Bidar|V|Data|Object-Head|3759.08|3389.82|3389.82|3312.07|100.0
50|02|17|2202|General Education|01|General Education|196|Assistance to Zilla Parishads/District Level Panchayats|1||02|State Program for Ksheera Bhagya(MDM)|420|Raichur|2202-01-196-1-02|Raichur|V|Data|Object-Head|4896.76|5508.27|5508.27|5443.89|100.0
50|02|17|2202|General Education|01|General Education|196|Assistance to Zilla Parishads/District Level Panchayats|1||02|State Program for Ksheera Bhagya(MDM)|421|Yadgiri|2202-01-196-1-02|Yadgiri|V|Data|Object-Head|3081.26|3354.90|3354.90|3404.20|100.0
50|02|17|2202|General Education|01|General Education|196|Assistance to Zilla Parishads/District Level Panchayats|1||02|State Program for Ksheera Bhagya(MDM)|451|Davanagere|2202-01-196-1-02|Davanagere|V|Data|Object-Head|2692.40|3362.66|3362.66|3270.58|100.0
50|02|17|2202|General Education|01|General Education|196|Assistance to Zilla Parishads/District Level Panchayats|1||02|State Program for Ksheera Bhagya(MDM)|452|Bengaluru South|2202-01-196-1-02|Bengaluru South|V|Data|Object-Head|1422.10|1690.57|1690.57|1573.64|100.0
50|02|17|2202|General Education|01|General Education|196|Assistance to Zilla Parishads/District Level Panchayats|1||02|State Program for Ksheera Bhagya(MDM)|453|Chikkaballapura|2202-01-196-1-02|Chikkaballapura|V|Data|Object-Head|1898.46|1946.08|1946.08|1905.52|100.0
50|02|17|2202|General Education|01|General Education|196|Assistance to Zilla Parishads/District Level Panchayats|1||02|State Program for Ksheera Bhagya(MDM)|456|Chamarajanagar|2202-01-196-1-02|Chamarajanagar|V|Data|Object-Head|1913.22|1725.88|1725.88|1694.74|100.0
50|02|17|2202|General Education|01|General Education|196|Assistance to Zilla Parishads/District Level Panchayats|1||02|State Program for Ksheera Bhagya(MDM)|457|Udupi|2202-01-196-1-02|Udupi|V|Data|Object-Head|1513.74|1850.42|1850.42|1914.07|100.0
50|02|17|2202|General Education|01|General Education|196|Assistance to Zilla Parishads/District Level Panchayats|1||02|State Program for Ksheera Bhagya(MDM)|461|Bagalkot|2202-01-196-1-02|Bagalkot|V|Data|Object-Head|4463.43|5932.26|5932.26|5787.59|100.0
51|02|17|2202|General Education|01|General Education|196|Assistance to Zilla Parishads/District Level Panchayats|1|State Program for Ksheera Bhagya(MDM)|02|State Program for Ksheera Bhagya(MDM)|462|Gadag|2202-01-196-1-02|Gadag|V|Data|Object-Head|3360.78|3077.45|3077.45|3109.02|100.0
51|02|17|2202|General Education|01|General Education|196|Assistance to Zilla Parishads/District Level Panchayats|1|State Program for Ksheera Bhagya(MDM)|02|State Program for Ksheera Bhagya(MDM)|463|Haveri|2202-01-196-1-02|Haveri|V|Data|Object-Head|4478.12|4474.50|4474.50|4607.55|100.0
51|02|17|2202|General Education|01|General Education|196|Assistance to Zilla Parishads/District Level Panchayats|1|State Program for Ksheera Bhagya(MDM)|02|State Program for Ksheera Bhagya(MDM)|466|Koppal|2202-01-196-1-02|Koppal|V|Data|Object-Head|3804.21|4333.29|4333.29|4388.67|100.0
51|02|17|2202|General Education|01|General Education|196|Assistance to Zilla Parishads/District Level Panchayats|1|State Program for Ksheera Bhagya(MDM)|02|State Program for Ksheera Bhagya(MDM)|467|Vijayanagara|2202-01-196-1-02|Vijayanagara|V|Data|Object-Head|4237.15|3582.49|3582.49|3830.49|100.0
51|02|17|2202|General Education|01|General Education|196|Assistance to Zilla Parishads/District Level Panchayats|1|State Program for Ksheera Bhagya(MDM)|02|State Program for Ksheera Bhagya(MDM)|||2202-01-196-1-02|HOA Total :|V|Total|Detailed-Head|151644.62|162699.98|137043.35|159389.93|100.0
51|02|17|2202|General Education|01|General Education|196|Assistance to Zilla Parishads/District Level Panchayats|6||02|CSS-Central Share- Pradhan Mantri Poshan Shakti Nirman-MDM|||2202-01-196-6-02|CSS-Central Share- Pradhan Mantri Poshan Shakti Nirman-MDM|V|Header|Detailed-Head|||||100.0
51|02|17|2202|General Education|01|General Education|196|Assistance to Zilla Parishads/District Level Panchayats|6||02|CSS-Central Share- Pradhan Mantri Poshan Shakti Nirman-MDM|300|Lumpsum - ZP|2202-01-196-6-02|Lumpsum - ZP|V|Data|Object-Head|57303.34|57041.26|12677.88|38368.01|100.0
51|02|17|2202|General Education|01|General Education|196|Assistance to Zilla Parishads/District Level Panchayats|6||02|CSS-Central Share- Pradhan Mantri Poshan Shakti Nirman-MDM|332|Lumpsum-SCSP|2202-01-196-6-02|Lumpsum-SCSP|V|Data|Object-Head||||12165.71|100.0
51|02|17|2202|General Education|01|General Education|196|Assistance to Zilla Parishads/District Level Panchayats|6||02|CSS-Central Share- Pradhan Mantri Poshan Shakti Nirman-MDM|333|Lumpsum-TSP|2202-01-196-6-02|Lumpsum-TSP|V|Data|Object-Head||||4866.28|100.0
51|02|17|2202|General Education|01|General Education|196|Assistance to Zilla Parishads/District Level Panchayats|6||02|CSS-Central Share- Pradhan Mantri Poshan Shakti Nirman-MDM|||2202-01-196-6-02|HOA Total :|V|Total|Detailed-Head|57303.34|57041.26|12677.88|55400.00|100.0
51|02|17|2202|General Education|01|General Education|196|Assistance to Zilla Parishads/District Level Panchayats|6||03|CSS-State Share-Pradhan Mantri Poshan Shakti Nirman-MDM|||2202-01-196-6-03|CSS-State Share-Pradhan Mantri Poshan Shakti Nirman-MDM|V|Header|Detailed-Head|||||100.0
51|02|17|2202|General Education|01|General Education|196|Assistance to Zilla Parishads/District Level Panchayats|6||03|CSS-State Share-Pradhan Mantri Poshan Shakti Nirman-MDM|300|Lumpsum - ZP|2202-01-196-6-03|Lumpsum - ZP|V|Data|Object-Head|33827.75|33696.43|7733.71|22971.15|100.0
51|02|17|2202|General Education|01|General Education|196|Assistance to Zilla Parishads/District Level Panchayats|6||03|CSS-State Share-Pradhan Mantri Poshan Shakti Nirman-MDM|332|Lumpsum-SCSP|2202-01-196-6-03|Lumpsum-SCSP|V|Data|Object-Head||||7092.03|100.0
51|02|17|2202|General Education|01|General Education|196|Assistance to Zilla Parishads/District Level Panchayats|6||03|CSS-State Share-Pradhan Mantri Poshan Shakti Nirman-MDM|333|Lumpsum-TSP|2202-01-196-6-03|Lumpsum-TSP|V|Data|Object-Head||||2836.82|100.0
51|02|17|2202|General Education|01|General Education|196|Assistance to Zilla Parishads/District Level Panchayats|6||03|CSS-State Share-Pradhan Mantri Poshan Shakti Nirman-MDM|||2202-01-196-6-03|HOA Total :|V|Total|Detailed-Head|33827.75|33696.43|7733.71|32900.00|100.0
51|02|17|2202|General Education|01|General Education|197||1||01|Grants to Government Primary Schools and Taluk BEO|||2202-01-197-1-01|Grants to Government Primary Schools and Taluk BEO|V|Header|Detailed-Head|||||100.0
51|02|17|2202|General Education|01|General Education|197||1||01|Grants to Government Primary Schools and Taluk BEO|300|Lumpsum - ZP|2202-01-197-1-01|Lumpsum - ZP|V|Data|Object-Head|34671.71|44000.00|20572.11|54000.00|100.0
51|02|17|2202|General Education|01|General Education|197||1||01|Grants to Government Primary Schools and Taluk BEO|401|Bengaluru (Urban)|2202-01-197-1-01|Bengaluru (Urban)|V|Data|Object-Head|70531.01|79246.63|79246.63|69226.88|100.0
51|02|17|2202|General Education|01|General Education|197||1||01|Grants to Government Primary Schools and Taluk BEO|402|Bengaluru (Rural)|2202-01-197-1-01|Bengaluru (Rural)|V|Data|Object-Head|27072.57|30548.65|30548.65|29807.38|100.0
51|02|17|2202|General Education|01|General Education|197||1||01|Grants to Government Primary Schools and Taluk BEO|403|Chitradurga|2202-01-197-1-01|Chitradurga|V|Data|Object-Head|54360.01|60571.43|60571.43|56940.37|100.0
51|02|17|2202|General Education|01|General Education|197||1||01|Grants to Government Primary Schools and Taluk BEO|404|Kolar|2202-01-197-1-01|Kolar|V|Data|Object-Head|47225.61|52868.12|52868.12|51068.67|100.0
51|02|17|2202|General Education|01|General Education|197||1||01|Grants to Government Primary Schools and Taluk BEO|405|Shivamogga|2202-01-197-1-01|Shivamogga|V|Data|Object-Head|54773.70|62777.60|62777.60|58167.46|100.0
51|02|17|2202|General Education|01|General Education|197||1||01|Grants to Government Primary Schools and Taluk BEO|406|Tumakuru|2202-01-197-1-01|Tumakuru|V|Data|Object-Head|85068.81|94816.82|94816.82|92313.20|100.0
52|02|17|2202|General Education|01|General Education|197||1||01|Grants to Government Primary Schools and Taluk BEO|407|Mysuru|2202-01-197-1-01|Mysuru|V|Data|Object-Head|58920.44|67689.65|67689.65|63228.68|100.0
52|02|17|2202|General Education|01|General Education|197||1||01|Grants to Government Primary Schools and Taluk BEO|408|Chikkamagaluru|2202-01-197-1-01|Chikkamagaluru|V|Data|Object-Head|37998.94|42250.73|42250.73|40360.74|100.0
52|02|17|2202|General Education|01|General Education|197||1||01|Grants to Government Primary Schools and Taluk BEO|409|Dakshina Kannada|2202-01-197-1-01|Dakshina Kannada|V|Data|Object-Head|32515.06|37358.37|37358.37|32815.54|100.0
52|02|17|2202|General Education|01|General Education|197||1||01|Grants to Government Primary Schools and Taluk BEO|410|Hassan|2202-01-197-1-01|Hassan|V|Data|Object-Head|56578.83|63119.55|63119.55|59861.18|100.0
52|02|17|2202|General Education|01|General Education|197||1||01|Grants to Government Primary Schools and Taluk BEO|411|Kodagu|2202-01-197-1-01|Kodagu|V|Data|Object-Head|10988.02|11877.94|11877.94|11353.44|100.0
52|02|17|2202|General Education|01|General Education|197||1||01|Grants to Government Primary Schools and Taluk BEO|412|Mandya|2202-01-197-1-01|Mandya|V|Data|Object-Head|41598.82|47305.91|47305.91|44912.83|100.0
52|02|17|2202|General Education|01|General Education|197||1||01|Grants to Government Primary Schools and Taluk BEO|413|Belagavi|2202-01-197-1-01|Belagavi|V|Data|Object-Head|126960.10|150547.73|150565.98|138875.19|100.0
52|02|17|2202|General Education|01|General Education|197||1||01|Grants to Government Primary Schools and Taluk BEO|414|Vijayapura|2202-01-197-1-01|Vijayapura|V|Data|Object-Head|78349.47|91075.37|91075.37|84062.71|100.0
52|02|17|2202|General Education|01|General Education|197||1||01|Grants to Government Primary Schools and Taluk BEO|415|Dharwad|2202-01-197-1-01|Dharwad|V|Data|Object-Head|44142.97|49529.04|49529.04|45264.40|100.0
52|02|17|2202|General Education|01|General Education|197||1||01|Grants to Government Primary Schools and Taluk BEO|416|Uttara Kannada|2202-01-197-1-01|Uttara Kannada|V|Data|Object-Head|53855.81|59940.09|59940.09|57864.20|100.0
52|02|17|2202|General Education|01|General Education|197||1||01|Grants to Government Primary Schools and Taluk BEO|417|Kalaburagi|2202-01-197-1-01|Kalaburagi|V|Data|Object-Head|63875.31|72175.49|72175.49|63028.62|100.0
52|02|17|2202|General Education|01|General Education|197||1||01|Grants to Government Primary Schools and Taluk BEO|418|Ballari|2202-01-197-1-01|Ballari|V|Data|Object-Head|20675.45|23595.22|23900.88|21978.40|100.0
52|02|17|2202|General Education|01|General Education|197||1||01|Grants to Government Primary Schools and Taluk BEO|419|Bidar|2202-01-197-1-01|Bidar|V|Data|Object-Head|51630.75|57997.38|57997.38|49036.86|100.0
52|02|17|2202|General Education|01|General Education|197||1||01|Grants to Government Primary Schools and Taluk BEO|420|Raichur|2202-01-197-1-01|Raichur|V|Data|Object-Head|36133.89|39371.34|39371.34|35830.73|100.0
52|02|17|2202|General Education|01|General Education|197||1||01|Grants to Government Primary Schools and Taluk BEO|421|Yadgiri|2202-01-197-1-01|Yadgiri|V|Data|Object-Head|24495.58|28060.96|28060.96|25934.77|100.0
52|02|17|2202|General Education|01|General Education|197||1||01|Grants to Government Primary Schools and Taluk BEO|451|Davanagere|2202-01-197-1-01|Davanagere|V|Data|Object-Head|49359.28|53962.23|53962.23|45446.09|100.0
52|02|17|2202|General Education|01|General Education|197||1||01|Grants to Government Primary Schools and Taluk BEO|452|Bengaluru South|2202-01-197-1-01|Bengaluru South|V|Data|Object-Head|25901.89|27149.30|27149.30|25937.63|100.0
52|02|17|2202|General Education|01|General Education|197||1||01|Grants to Government Primary Schools and Taluk BEO|453|Chikkaballapura|2202-01-197-1-01|Chikkaballapura|V|Data|Object-Head|36182.99|40843.77|40843.77|38544.88|100.0
52|02|17|2202|General Education|01|General Education|197||1||01|Grants to Government Primary Schools and Taluk BEO|456|Chamarajanagar|2202-01-197-1-01|Chamarajanagar|V|Data|Object-Head|22435.40|25356.40|25356.40|24227.01|100.0
52|02|17|2202|General Education|01|General Education|197||1||01|Grants to Government Primary Schools and Taluk BEO|457|Udupi|2202-01-197-1-01|Udupi|V|Data|Object-Head|21392.80|24427.86|24427.86|22452.20|100.0
52|02|17|2202|General Education|01|General Education|197||1||01|Grants to Government Primary Schools and Taluk BEO|461|Bagalkot|2202-01-197-1-01|Bagalkot|V|Data|Object-Head|53300.22|62021.48|62021.48|56068.44|100.0
52|02|17|2202|General Education|01|General Education|197||1||01|Grants to Government Primary Schools and Taluk BEO|462|Gadag|2202-01-197-1-01|Gadag|V|Data|Object-Head|31239.79|34835.43|34835.43|32058.90|100.0
52|02|17|2202|General Education|01|General Education|197||1||01|Grants to Government Primary Schools and Taluk BEO|463|Haveri|2202-01-197-1-01|Haveri|V|Data|Object-Head|51237.63|57847.78|57847.78|54560.71|100.0
52|02|17|2202|General Education|01|General Education|197||1||01|Grants to Government Primary Schools and Taluk BEO|466|Koppal|2202-01-197-1-01|Koppal|V|Data|Object-Head|34929.73|39772.33|39772.33|38020.41|100.0
52|02|17|2202|General Education|01|General Education|197||1||01|Grants to Government Primary Schools and Taluk BEO|467|Vijayanagara|2202-01-197-1-01|Vijayanagara|V|Data|Object-Head|41120.46|48801.19|48801.19|46024.14|100.0
52|02|17|2202|General Education|01|General Education|197||1||01|Grants to Government Primary Schools and Taluk BEO|||2202-01-197-1-01|HOA Total :|V|Total|Detailed-Head|1479523.05|1681741.79|1658637.81|1569272.66|100.0
52|02|17|2202|General Education|01|General Education|197||1||02|Samagra Shikshana Karnataka|||2202-01-197-1-02|Samagra Shikshana Karnataka|V|Header|Detailed-Head|||||100.0
52|02|17|2202|General Education|01|General Education|197||1||02|Samagra Shikshana Karnataka|401|Bengaluru (Urban)|2202-01-197-1-02|Bengaluru (Urban)|V|Data|Object-Head|8665.57|9239.63|9239.63|9348.72|100.0
52|02|17|2202|General Education|01|General Education|197||1||02|Samagra Shikshana Karnataka|402|Bengaluru (Rural)|2202-01-197-1-02|Bengaluru (Rural)|V|Data|Object-Head|2568.03|2637.59|2637.59|2733.08|100.0
53|02|17|2202|General Education|01|General Education|197||1||02|Samagra Shikshana Karnataka|403|Chitradurga|2202-01-197-1-02|Chitradurga|V|Data|Object-Head|5854.05|6218.14|6218.14|6279.09|100.0
53|02|17|2202|General Education|01|General Education|197||1||02|Samagra Shikshana Karnataka|404|Kolar|2202-01-197-1-02|Kolar|V|Data|Object-Head|3837.64|3925.03|3925.03|3998.09|100.0
53|02|17|2202|General Education|01|General Education|197||1||02|Samagra Shikshana Karnataka|405|Shivamogga|2202-01-197-1-02|Shivamogga|V|Data|Object-Head|8416.95|8623.59|8623.59|8697.95|100.0
53|02|17|2202|General Education|01|General Education|197||1||02|Samagra Shikshana Karnataka|406|Tumakuru|2202-01-197-1-02|Tumakuru|V|Data|Object-Head|7541.18|7769.34|7769.34|7904.25|100.0
53|02|17|2202|General Education|01|General Education|197||1||02|Samagra Shikshana Karnataka|407|Mysuru|2202-01-197-1-02|Mysuru|V|Data|Object-Head|8166.65|8766.24|8766.24|9023.24|100.0
53|02|17|2202|General Education|01|General Education|197||1||02|Samagra Shikshana Karnataka|408|Chikkamagaluru|2202-01-197-1-02|Chikkamagaluru|V|Data|Object-Head|4194.39|4522.93|4522.93|4598.21|100.0
53|02|17|2202|General Education|01|General Education|197||1||02|Samagra Shikshana Karnataka|409|Dakshina Kannada|2202-01-197-1-02|Dakshina Kannada|V|Data|Object-Head|4145.62|4109.85|4109.85|4211.59|100.0
53|02|17|2202|General Education|01|General Education|197||1||02|Samagra Shikshana Karnataka|410|Hassan|2202-01-197-1-02|Hassan|V|Data|Object-Head|3503.01|3826.21|3826.21|3732.68|100.0
53|02|17|2202|General Education|01|General Education|197||1||02|Samagra Shikshana Karnataka|411|Kodagu|2202-01-197-1-02|Kodagu|V|Data|Object-Head|982.51|983.98|983.98|1004.56|100.0
53|02|17|2202|General Education|01|General Education|197||1||02|Samagra Shikshana Karnataka|412|Mandya|2202-01-197-1-02|Mandya|V|Data|Object-Head|1966.58|2212.66|2212.66|2284.05|100.0
53|02|17|2202|General Education|01|General Education|197||1||02|Samagra Shikshana Karnataka|413|Belagavi|2202-01-197-1-02|Belagavi|V|Data|Object-Head|16202.84|17129.52|17129.52|17695.91|100.0
53|02|17|2202|General Education|01|General Education|197||1||02|Samagra Shikshana Karnataka|414|Vijayapura|2202-01-197-1-02|Vijayapura|V|Data|Object-Head|17046.03|18069.45|18069.45|18365.74|100.0
53|02|17|2202|General Education|01|General Education|197||1||02|Samagra Shikshana Karnataka|415|Dharwad|2202-01-197-1-02|Dharwad|V|Data|Object-Head|7756.01|7263.56|7263.56|7415.77|100.0
53|02|17|2202|General Education|01|General Education|197||1||02|Samagra Shikshana Karnataka|416|Uttara Kannada|2202-01-197-1-02|Uttara Kannada|V|Data|Object-Head|7422.56|8232.87|8232.87|9110.91|100.0
53|02|17|2202|General Education|01|General Education|197||1||02|Samagra Shikshana Karnataka|417|Kalaburagi|2202-01-197-1-02|Kalaburagi|V|Data|Object-Head|16254.32|16984.48|16984.48|17665.89|100.0
53|02|17|2202|General Education|01|General Education|197||1||02|Samagra Shikshana Karnataka|418|Ballari|2202-01-197-1-02|Ballari|V|Data|Object-Head|6386.14|6371.71|6371.71|6392.34|100.0
53|02|17|2202|General Education|01|General Education|197||1||02|Samagra Shikshana Karnataka|419|Bidar|2202-01-197-1-02|Bidar|V|Data|Object-Head|8158.06|8250.81|8250.81|8625.15|100.0
53|02|17|2202|General Education|01|General Education|197||1||02|Samagra Shikshana Karnataka|420|Raichur|2202-01-197-1-02|Raichur|V|Data|Object-Head|14843.40|11776.12|11776.12|11604.57|100.0
53|02|17|2202|General Education|01|General Education|197||1||02|Samagra Shikshana Karnataka|421|Yadgiri|2202-01-197-1-02|Yadgiri|V|Data|Object-Head|4944.88|4157.82|4157.82|4230.37|100.0
53|02|17|2202|General Education|01|General Education|197||1||02|Samagra Shikshana Karnataka|451|Davanagere|2202-01-197-1-02|Davanagere|V|Data|Object-Head|3789.01|4107.88|4107.88|4934.28|100.0
53|02|17|2202|General Education|01|General Education|197||1||02|Samagra Shikshana Karnataka|452|Bengaluru South|2202-01-197-1-02|Bengaluru South|V|Data|Object-Head|3093.71|2973.03|2973.03|3072.28|100.0
53|02|17|2202|General Education|01|General Education|197||1||02|Samagra Shikshana Karnataka|453|Chikkaballapura|2202-01-197-1-02|Chikkaballapura|V|Data|Object-Head|2944.41|3110.43|3110.43|3262.62|100.0
53|02|17|2202|General Education|01|General Education|197||1||02|Samagra Shikshana Karnataka|456|Chamarajanagar|2202-01-197-1-02|Chamarajanagar|V|Data|Object-Head|3164.56|3213.90|3213.90|3328.77|100.0
53|02|17|2202|General Education|01|General Education|197||1||02|Samagra Shikshana Karnataka|457|Udupi|2202-01-197-1-02|Udupi|V|Data|Object-Head|1527.51|1677.72|1677.72|1694.40|100.0
53|02|17|2202|General Education|01|General Education|197||1||02|Samagra Shikshana Karnataka|461|Bagalkot|2202-01-197-1-02|Bagalkot|V|Data|Object-Head|13331.92|14472.62|14472.62|15114.96|100.0
53|02|17|2202|General Education|01|General Education|197||1||02|Samagra Shikshana Karnataka|462|Gadag|2202-01-197-1-02|Gadag|V|Data|Object-Head|4827.99|4673.23|4673.23|4807.76|100.0
53|02|17|2202|General Education|01|General Education|197||1||02|Samagra Shikshana Karnataka|463|Haveri|2202-01-197-1-02|Haveri|V|Data|Object-Head|6340.41|6693.86|6693.86|6797.84|100.0
53|02|17|2202|General Education|01|General Education|197||1||02|Samagra Shikshana Karnataka|466|Koppal|2202-01-197-1-02|Koppal|V|Data|Object-Head|8167.17|8070.20|8070.20|8157.92|100.0
53|02|17|2202|General Education|01|General Education|197||1||02|Samagra Shikshana Karnataka|467|Vijayanagara|2202-01-197-1-02|Vijayanagara|V|Data|Object-Head|6150.30|6705.87|6705.87|6901.29|100.0
53|02|17|2202|General Education|01|General Education|197||1||02|Samagra Shikshana Karnataka|||2202-01-197-1-02|HOA Total :|V|Total|Detailed-Head|212193.41|216770.27|216770.27|222994.28|100.0
54|02|17|2202|General Education|01|General Education|197||1||03|GIA to TP Elementary Schools|||2202-01-197-1-03|GIA to TP Elementary Schools|V|Header|Detailed-Head|||||100.0
54|02|17|2202|General Education|01|General Education|197||1||03|GIA to TP Elementary Schools|401|Bengaluru (Urban)|2202-01-197-1-03|Bengaluru (Urban)|V|Data|Object-Head||||8172.75|100.0
54|02|17|2202|General Education|01|General Education|197||1||03|GIA to TP Elementary Schools|402|Bengaluru (Rural)|2202-01-197-1-03|Bengaluru (Rural)|V|Data|Object-Head||||612.73|100.0
54|02|17|2202|General Education|01|General Education|197||1||03|GIA to TP Elementary Schools|403|Chitradurga|2202-01-197-1-03|Chitradurga|V|Data|Object-Head||||2559.72|100.0
54|02|17|2202|General Education|01|General Education|197||1||03|GIA to TP Elementary Schools|404|Kolar|2202-01-197-1-03|Kolar|V|Data|Object-Head||||1704.61|100.0
54|02|17|2202|General Education|01|General Education|197||1||03|GIA to TP Elementary Schools|405|Shivamogga|2202-01-197-1-03|Shivamogga|V|Data|Object-Head||||4102.72|100.0
54|02|17|2202|General Education|01|General Education|197||1||03|GIA to TP Elementary Schools|406|Tumakuru|2202-01-197-1-03|Tumakuru|V|Data|Object-Head||||2044.36|100.0
54|02|17|2202|General Education|01|General Education|197||1||03|GIA to TP Elementary Schools|407|Mysuru|2202-01-197-1-03|Mysuru|V|Data|Object-Head||||3531.46|100.0
54|02|17|2202|General Education|01|General Education|197||1||03|GIA to TP Elementary Schools|408|Chikkamagaluru|2202-01-197-1-03|Chikkamagaluru|V|Data|Object-Head||||919.10|100.0
54|02|17|2202|General Education|01|General Education|197||1||03|GIA to TP Elementary Schools|409|Dakshina Kannada|2202-01-197-1-03|Dakshina Kannada|V|Data|Object-Head||||3835.99|100.0
54|02|17|2202|General Education|01|General Education|197||1||03|GIA to TP Elementary Schools|410|Hassan|2202-01-197-1-03|Hassan|V|Data|Object-Head||||1667.36|100.0
54|02|17|2202|General Education|01|General Education|197||1||03|GIA to TP Elementary Schools|411|Kodagu|2202-01-197-1-03|Kodagu|V|Data|Object-Head||||341.12|100.0
54|02|17|2202|General Education|01|General Education|197||1||03|GIA to TP Elementary Schools|412|Mandya|2202-01-197-1-03|Mandya|V|Data|Object-Head||||2009.82|100.0
54|02|17|2202|General Education|01|General Education|197||1||03|GIA to TP Elementary Schools|413|Belagavi|2202-01-197-1-03|Belagavi|V|Data|Object-Head||||11379.01|100.0
54|02|17|2202|General Education|01|General Education|197||1||03|GIA to TP Elementary Schools|414|Vijayapura|2202-01-197-1-03|Vijayapura|V|Data|Object-Head||||6086.72|100.0
54|02|17|2202|General Education|01|General Education|197||1||03|GIA to TP Elementary Schools|415|Dharwad|2202-01-197-1-03|Dharwad|V|Data|Object-Head||||3078.75|100.0
54|02|17|2202|General Education|01|General Education|197||1||03|GIA to TP Elementary Schools|416|Uttara Kannada|2202-01-197-1-03|Uttara Kannada|V|Data|Object-Head||||836.51|100.0
54|02|17|2202|General Education|01|General Education|197||1||03|GIA to TP Elementary Schools|417|Kalaburagi|2202-01-197-1-03|Kalaburagi|V|Data|Object-Head||||7781.55|100.0
54|02|17|2202|General Education|01|General Education|197||1||03|GIA to TP Elementary Schools|418|Ballari|2202-01-197-1-03|Ballari|V|Data|Object-Head||||1386.67|100.0
54|02|17|2202|General Education|01|General Education|197||1||03|GIA to TP Elementary Schools|419|Bidar|2202-01-197-1-03|Bidar|V|Data|Object-Head||||7180.22|100.0
54|02|17|2202|General Education|01|General Education|197||1||03|GIA to TP Elementary Schools|420|Raichur|2202-01-197-1-03|Raichur|V|Data|Object-Head||||2374.71|100.0
54|02|17|2202|General Education|01|General Education|197||1||03|GIA to TP Elementary Schools|421|Yadgiri|2202-01-197-1-03|Yadgiri|V|Data|Object-Head||||1590.90|100.0
54|02|17|2202|General Education|01|General Education|197||1||03|GIA to TP Elementary Schools|451|Davanagere|2202-01-197-1-03|Davanagere|V|Data|Object-Head||||6811.78|100.0
54|02|17|2202|General Education|01|General Education|197||1||03|GIA to TP Elementary Schools|452|Bengaluru South|2202-01-197-1-03|Bengaluru South|V|Data|Object-Head||||721.87|100.0
54|02|17|2202|General Education|01|General Education|197||1||03|GIA to TP Elementary Schools|453|Chikkaballapura|2202-01-197-1-03|Chikkaballapura|V|Data|Object-Head||||2082.42|100.0
54|02|17|2202|General Education|01|General Education|197||1||03|GIA to TP Elementary Schools|456|Chamarajanagar|2202-01-197-1-03|Chamarajanagar|V|Data|Object-Head||||870.31|100.0
54|02|17|2202|General Education|01|General Education|197||1||03|GIA to TP Elementary Schools|457|Udupi|2202-01-197-1-03|Udupi|V|Data|Object-Head||||1647.26|100.0
54|02|17|2202|General Education|01|General Education|197||1||03|GIA to TP Elementary Schools|461|Bagalkot|2202-01-197-1-03|Bagalkot|V|Data|Object-Head||||5156.59|100.0
54|02|17|2202|General Education|01|General Education|197||1||03|GIA to TP Elementary Schools|462|Gadag|2202-01-197-1-03|Gadag|V|Data|Object-Head||||2064.81|100.0
55|02|17|2202|General Education|01|General Education|197|Assistance to Block Panchayats/Intermediate level Panchayats|1|Block Grants|03|GIA to TP Elementary Schools|463|Haveri|2202-01-197-1-03|Haveri|V|Data|Object-Head||||2957.78|100.0
55|02|17|2202|General Education|01|General Education|197|Assistance to Block Panchayats/Intermediate level Panchayats|1|Block Grants|03|GIA to TP Elementary Schools|466|Koppal|2202-01-197-1-03|Koppal|V|Data|Object-Head||||1564.95|100.0
55|02|17|2202|General Education|01|General Education|197|Assistance to Block Panchayats/Intermediate level Panchayats|1|Block Grants|03|GIA to TP Elementary Schools|467|Vijayanagara|2202-01-197-1-03|Vijayanagara|V|Data|Object-Head||||2197.73|100.0
55|02|17|2202|General Education|01|General Education|197|Assistance to Block Panchayats/Intermediate level Panchayats|1|Block Grants|03|GIA to TP Elementary Schools|||2202-01-197-1-03|HOA Total :|V|Total|Detailed-Head|0.00|0.00|0.00|99272.28|100.0
55|02|17|2202|General Education|01|General Education|197|Assistance to Block Panchayats/Intermediate level Panchayats|1|Block Grants|04|Maintenance of School Buildings|||2202-01-197-1-04|Maintenance of School Buildings|V|Header|Detailed-Head|||||100.0
55|02|17|2202|General Education|01|General Education|197|Assistance to Block Panchayats/Intermediate level Panchayats|1|Block Grants|04|Maintenance of School Buildings|300|Lumpsum - ZP|2202-01-197-1-04|Lumpsum - ZP|V|Data|Object-Head||||3000.00|100.0
55|02|17|2202|General Education|01|General Education|197|Assistance to Block Panchayats/Intermediate level Panchayats|1|Block Grants|04|Maintenance of School Buildings|401|Bengaluru (Urban)|2202-01-197-1-04|Bengaluru (Urban)|V|Data|Object-Head||||128.21|100.0
55|02|17|2202|General Education|01|General Education|197|Assistance to Block Panchayats/Intermediate level Panchayats|1|Block Grants|04|Maintenance of School Buildings|402|Bengaluru (Rural)|2202-01-197-1-04|Bengaluru (Rural)|V|Data|Object-Head||||80.75|100.0
55|02|17|2202|General Education|01|General Education|197|Assistance to Block Panchayats/Intermediate level Panchayats|1|Block Grants|04|Maintenance of School Buildings|403|Chitradurga|2202-01-197-1-04|Chitradurga|V|Data|Object-Head||||432.25|100.0
55|02|17|2202|General Education|01|General Education|197|Assistance to Block Panchayats/Intermediate level Panchayats|1|Block Grants|04|Maintenance of School Buildings|404|Kolar|2202-01-197-1-04|Kolar|V|Data|Object-Head||||242.25|100.0
55|02|17|2202|General Education|01|General Education|197|Assistance to Block Panchayats/Intermediate level Panchayats|1|Block Grants|04|Maintenance of School Buildings|405|Shivamogga|2202-01-197-1-04|Shivamogga|V|Data|Object-Head||||194.75|100.0
55|02|17|2202|General Education|01|General Education|197|Assistance to Block Panchayats/Intermediate level Panchayats|1|Block Grants|04|Maintenance of School Buildings|406|Tumakuru|2202-01-197-1-04|Tumakuru|V|Data|Object-Head||||280.25|100.0
55|02|17|2202|General Education|01|General Education|197|Assistance to Block Panchayats/Intermediate level Panchayats|1|Block Grants|04|Maintenance of School Buildings|407|Mysuru|2202-01-197-1-04|Mysuru|V|Data|Object-Head||||883.50|100.0
55|02|17|2202|General Education|01|General Education|197|Assistance to Block Panchayats/Intermediate level Panchayats|1|Block Grants|04|Maintenance of School Buildings|408|Chikkamagaluru|2202-01-197-1-04|Chikkamagaluru|V|Data|Object-Head||||128.26|100.0
55|02|17|2202|General Education|01|General Education|197|Assistance to Block Panchayats/Intermediate level Panchayats|1|Block Grants|04|Maintenance of School Buildings|409|Dakshina Kannada|2202-01-197-1-04|Dakshina Kannada|V|Data|Object-Head||||479.75|100.0
55|02|17|2202|General Education|01|General Education|197|Assistance to Block Panchayats/Intermediate level Panchayats|1|Block Grants|04|Maintenance of School Buildings|410|Hassan|2202-01-197-1-04|Hassan|V|Data|Object-Head||||194.75|100.0
55|02|17|2202|General Education|01|General Education|197|Assistance to Block Panchayats/Intermediate level Panchayats|1|Block Grants|04|Maintenance of School Buildings|411|Kodagu|2202-01-197-1-04|Kodagu|V|Data|Object-Head||||251.75|100.0
55|02|17|2202|General Education|01|General Education|197|Assistance to Block Panchayats/Intermediate level Panchayats|1|Block Grants|04|Maintenance of School Buildings|412|Mandya|2202-01-197-1-04|Mandya|V|Data|Object-Head||||242.25|100.0
55|02|17|2202|General Education|01|General Education|197|Assistance to Block Panchayats/Intermediate level Panchayats|1|Block Grants|04|Maintenance of School Buildings|413|Belagavi|2202-01-197-1-04|Belagavi|V|Data|Object-Head||||930.99|100.0
55|02|17|2202|General Education|01|General Education|197|Assistance to Block Panchayats/Intermediate level Panchayats|1|Block Grants|04|Maintenance of School Buildings|414|Vijayapura|2202-01-197-1-04|Vijayapura|V|Data|Object-Head||||266.01|100.0
55|02|17|2202|General Education|01|General Education|197|Assistance to Block Panchayats/Intermediate level Panchayats|1|Block Grants|04|Maintenance of School Buildings|415|Dharwad|2202-01-197-1-04|Dharwad|V|Data|Object-Head||||199.51|100.0
55|02|17|2202|General Education|01|General Education|197|Assistance to Block Panchayats/Intermediate level Panchayats|1|Block Grants|04|Maintenance of School Buildings|416|Uttara Kannada|2202-01-197-1-04|Uttara Kannada|V|Data|Object-Head||||384.75|100.0
55|02|17|2202|General Education|01|General Education|197|Assistance to Block Panchayats/Intermediate level Panchayats|1|Block Grants|04|Maintenance of School Buildings|417|Kalaburagi|2202-01-197-1-04|Kalaburagi|V|Data|Object-Head||||313.49|100.0
55|02|17|2202|General Education|01|General Education|197|Assistance to Block Panchayats/Intermediate level Panchayats|1|Block Grants|04|Maintenance of School Buildings|418|Ballari|2202-01-197-1-04|Ballari|V|Data|Object-Head||||315.79|100.0
55|02|17|2202|General Education|01|General Education|197|Assistance to Block Panchayats/Intermediate level Panchayats|1|Block Grants|04|Maintenance of School Buildings|419|Bidar|2202-01-197-1-04|Bidar|V|Data|Object-Head||||289.75|100.0
55|02|17|2202|General Education|01|General Education|197|Assistance to Block Panchayats/Intermediate level Panchayats|1|Block Grants|04|Maintenance of School Buildings|420|Raichur|2202-01-197-1-04|Raichur|V|Data|Object-Head||||646.01|100.0
55|02|17|2202|General Education|01|General Education|197|Assistance to Block Panchayats/Intermediate level Panchayats|1|Block Grants|04|Maintenance of School Buildings|421|Yadgiri|2202-01-197-1-04|Yadgiri|V|Data|Object-Head||||289.75|100.0
55|02|17|2202|General Education|01|General Education|197|Assistance to Block Panchayats/Intermediate level Panchayats|1|Block Grants|04|Maintenance of School Buildings|451|Davanagere|2202-01-197-1-04|Davanagere|V|Data|Object-Head||||265.93|100.0
55|02|17|2202|General Education|01|General Education|197|Assistance to Block Panchayats/Intermediate level Panchayats|1|Block Grants|04|Maintenance of School Buildings|452|Bengaluru South|2202-01-197-1-04|Bengaluru South|V|Data|Object-Head||||147.25|100.0
56|02|17|2202|General Education|01|Elementary Education|197|Assistance to Block Panchayats/Intermediate level Panchayats|1|Block Grants|04|Maintenance of School Buildings|453|Chikkaballapura|2202-01-197-1-04|Chikkaballapura|V|Data|Object-Head||||85.56|100.0
56|02|17|2202|General Education|01|Elementary Education|197|Assistance to Block Panchayats/Intermediate level Panchayats|1|Block Grants|04|Maintenance of School Buildings|456|Chamarajanagar|2202-01-197-1-04|Chamarajanagar|V|Data|Object-Head||||142.53|100.0
56|02|17|2202|General Education|01|Elementary Education|197|Assistance to Block Panchayats/Intermediate level Panchayats|1|Block Grants|04|Maintenance of School Buildings|457|Udupi|2202-01-197-1-04|Udupi|V|Data|Object-Head||||216.21|100.0
56|02|17|2202|General Education|01|Elementary Education|197|Assistance to Block Panchayats/Intermediate level Panchayats|1|Block Grants|04|Maintenance of School Buildings|461|Bagalkot|2202-01-197-1-04|Bagalkot|V|Data|Object-Head||||474.99|100.0
56|02|17|2202|General Education|01|Elementary Education|197|Assistance to Block Panchayats/Intermediate level Panchayats|1|Block Grants|04|Maintenance of School Buildings|462|Gadag|2202-01-197-1-04|Gadag|V|Data|Object-Head||||266.01|100.0
56|02|17|2202|General Education|01|Elementary Education|197|Assistance to Block Panchayats/Intermediate level Panchayats|1|Block Grants|04|Maintenance of School Buildings|463|Haveri|2202-01-197-1-04|Haveri|V|Data|Object-Head||||171.00|100.0
56|02|17|2202|General Education|01|Elementary Education|197|Assistance to Block Panchayats/Intermediate level Panchayats|1|Block Grants|04|Maintenance of School Buildings|466|Koppal|2202-01-197-1-04|Koppal|V|Data|Object-Head||||147.25|100.0
56|02|17|2202|General Education|01|Elementary Education|197|Assistance to Block Panchayats/Intermediate level Panchayats|1|Block Grants|04|Maintenance of School Buildings|467|Vijayanagara|2202-01-197-1-04|Vijayanagara|V|Data|Object-Head||||408.50|100.0
56|02|17|2202|General Education|01|Elementary Education|197|Assistance to Block Panchayats/Intermediate level Panchayats|1|Block Grants|04|Maintenance of School Buildings|||2202-01-197-1-04|HOA Total :|V|Total|Detailed-Head|0.00|0.00|0.00|12500.00|100.0
56|02|17|2202|General Education|01|Elementary Education|911|Deduct Recoveries of Overpayments|0||04|Deduct Recovery of Over Payment of Previous years-ZP|||2202-01-911-0-04|Deduct Recovery of Over Payment of Previous years-ZP|V|Header|Detailed-Head|||||100.0
56|02|17|2202|General Education|01|Elementary Education|911|Deduct Recoveries of Overpayments|0||04|Deduct Recovery of Over Payment of Previous years-ZP|261|Inter Account Transfers|2202-01-911-0-04|Inter Account Transfers|V|Data|Object-Head|-112278.00|-11087.54|-11087.54|-5353.45|100.0
56|02|17|2202|General Education|01|Elementary Education|911|Deduct Recoveries of Overpayments|0||04|Deduct Recovery of Over Payment of Previous years-ZP|364|Deduct - Recoveries|2202-01-911-0-04|Deduct - Recoveries|V|Data|Object-Head|-0.50||||100.0
56|02|17|2202|General Education|01|Elementary Education|911|Deduct Recoveries of Overpayments|0||04|Deduct Recovery of Over Payment of Previous years-ZP|||2202-01-911-0-04|HOA Total :|V|Total|Detailed-Head|-112278.50|-11087.54|-11087.54|-5353.45|100.0
56|02|17|2202|General Education|01|Elementary Education|911|Deduct Recoveries of Overpayments|0||05|Deduct Recovery of Over Payment of Previous Years-TP|||2202-01-911-0-05|Deduct Recovery of Over Payment of Previous Years-TP|V|Header|Detailed-Head|||||100.0
56|02|17|2202|General Education|01|Elementary Education|911|Deduct Recoveries of Overpayments|0||05|Deduct Recovery of Over Payment of Previous Years-TP|261|Inter Account Transfers|2202-01-911-0-05|Inter Account Transfers|V|Data|Object-Head|-278266.00|-331449.09|-331449.09|-98697.48|100.0
56|02|17|2202|General Education|01|Elementary Education|911|Deduct Recoveries of Overpayments|0||05|Deduct Recovery of Over Payment of Previous Years-TP|364|Deduct - Recoveries|2202-01-911-0-05|Deduct - Recoveries|V|Data|Object-Head|-4.14||||100.0
56|02|17|2202|General Education|01|Elementary Education|911|Deduct Recoveries of Overpayments|0||05|Deduct Recovery of Over Payment of Previous Years-TP|||2202-01-911-0-05|HOA Total :|V|Total|Detailed-Head|-278270.14|-331449.09|-331449.09|-98697.48|100.0
56|02|17|2202|General Education|01|Elementary Education|911|Deduct Recoveries of Overpayments|0||09|Deduct -Refund of salary grants from SNA Bank Account-Samagra Shikshana|||2202-01-911-0-09|Deduct -Refund of salary grants from SNA Bank Account-Samagra Shikshana|V|Header|Detailed-Head|||||100.0
56|02|17|2202|General Education|01|Elementary Education|911|Deduct Recoveries of Overpayments|0||09|Deduct -Refund of salary grants from SNA Bank Account-Samagra Shikshana|366|Refund from SNA bank account|2202-01-911-0-09|Refund from SNA bank account|V|Data|Object-Head|-49898.39|||-80000.00|100.0
56|02|17|2202|General Education|01|Elementary Education|911|Deduct Recoveries of Overpayments|0||09|Deduct -Refund of salary grants from SNA Bank Account-Samagra Shikshana|||2202-01-911-0-09|HOA Total :|V|Total|Detailed-Head|-49898.39|0.00|0.00|-80000.00|100.0
57|02|17|2202|General Education|01|Elementary Education|911|Deduct Recoveries of Overpayments|0||11|Deduct- Refund from SNA Bank Account of PM Poshan|||2202-01-911-0-11|Deduct- Refund from SNA Bank Account of PM Poshan|V|Header|Detailed-Head|||||100.0
57|02|17|2202|General Education|01|Elementary Education|911|Deduct Recoveries of Overpayments|0||11|Deduct- Refund from SNA Bank Account of PM Poshan|366|Refund from SNA bank account|2202-01-911-0-11|Refund from SNA bank account|V|Data|Object-Head|-3399.51||||100.0
57|02|17|2202|General Education|01|Elementary Education|911|Deduct Recoveries of Overpayments|0||11|Deduct- Refund from SNA Bank Account of PM Poshan|||2202-01-911-0-11|HOA Total :|V|Total|Detailed-Head|-3399.51|0.00|0.00|0.00|100.0
57|02|17|2202|General Education|02||001|Direction and Administration|0||01|Director of Pre-University Education|||2202-02-001-0-01|Director of Pre-University Education|V|Header|Detailed-Head|||||100.0
57|02|17|2202|General Education|02||001|Direction and Administration|0||01|Director of Pre-University Education|002|Basic Pay|2202-02-001-0-01|Basic Pay|V|Data|Object-Head|916.39|2024.00|2024.00|2131.00|100.0
57|02|17|2202|General Education|02||001|Direction and Administration|0||01|Director of Pre-University Education|003|Basic Pay-Staff|2202-02-001-0-01|Basic Pay-Staff|V|Data|Object-Head|904.82||||100.0
57|02|17|2202|General Education|02||001|Direction and Administration|0||01|Director of Pre-University Education|004|Interim Relief|2202-02-001-0-01|Interim Relief|V|Data|Object-Head|126.25||||100.0
57|02|17|2202|General Education|02||001|Direction and Administration|0||01|Director of Pre-University Education|011|Dearness Allowance|2202-02-001-0-01|Dearness Allowance|V|Data|Object-Head|449.09|452.00|452.00|546.00|100.0
57|02|17|2202|General Education|02||001|Direction and Administration|0||01|Director of Pre-University Education|014|Other Allowance|2202-02-001-0-01|Other Allowance|V|Data|Object-Head|287.02|310.00|310.00|329.00|100.0
57|02|17|2202|General Education|02||001|Direction and Administration|0||01|Director of Pre-University Education|015|Subsidiary Expenses|2202-02-001-0-01|Subsidiary Expenses|V|Data|Object-Head|4.23|8.00|8.00|8.00|100.0
57|02|17|2202|General Education|02||001|Direction and Administration|0||01|Director of Pre-University Education|020|Medical Allowance|2202-02-001-0-01|Medical Allowance|V|Data|Object-Head|7.54||||100.0
57|02|17|2202|General Education|02||001|Direction and Administration|0||01|Director of Pre-University Education|021|Reimbursement of Medical Expenses|2202-02-001-0-01|Reimbursement of Medical Expenses|V|Data|Object-Head|14.61|18.00|18.00|19.00|100.0
57|02|17|2202|General Education|02||001|Direction and Administration|0||01|Director of Pre-University Education|034|Contract/Outsource|2202-02-001-0-01|Contract/Outsource|V|Data|Object-Head|149.31|223.79|223.79|222.93|100.0
57|02|17|2202|General Education|02||001|Direction and Administration|0||01|Director of Pre-University Education|041|Travel Expenses|2202-02-001-0-01|Travel Expenses|V|Data|Object-Head|7.68|5.00|5.00|7.00|100.0
57|02|17|2202|General Education|02||001|Direction and Administration|0||01|Director of Pre-University Education|050|Office Expenses|2202-02-001-0-01|Office Expenses|V|Data|Object-Head||6.00|6.00|7.00|100.0
57|02|17|2202|General Education|02||001|Direction and Administration|0||01|Director of Pre-University Education|051|General Expenses|2202-02-001-0-01|General Expenses|V|Data|Object-Head|380.53|481.00|481.00|100.00|100.0
57|02|17|2202|General Education|02||001|Direction and Administration|0||01|Director of Pre-University Education|052|Telephone Charges|2202-02-001-0-01|Telephone Charges|V|Data|Object-Head|2.04||||100.0
57|02|17|2202|General Education|02||001|Direction and Administration|0||01|Director of Pre-University Education|071|Building Expenses|2202-02-001-0-01|Building Expenses|V|Data|Object-Head|43.41|30.00|30.00|40.00|100.0
57|02|17|2202|General Education|02||001|Direction and Administration|0||01|Director of Pre-University Education|195|Transport Expenses|2202-02-001-0-01|Transport Expenses|V|Data|Object-Head|172.75|196.80|196.80|194.10|100.0
57|02|17|2202|General Education|02||001|Direction and Administration|0||01|Director of Pre-University Education|221|Materials and Supplies|2202-02-001-0-01|Materials and Supplies|V|Data|Object-Head|1.53|3.00|3.00|1.00|100.0
57|02|17|2202|General Education|02||001|Direction and Administration|0||01|Director of Pre-University Education|||2202-02-001-0-01|HOA Total :|V|Total|Detailed-Head|3467.20|3757.59|3757.59|3605.03|100.0
58|02|17|2202|General Education|02||001|Direction and Administration|0||03|Commissionerate of School Education, Bengaluru|||2202-02-001-0-03|Commissionerate of School Education, Bengaluru|V|Header|Detailed-Head|||||100.0
58|02|17|2202|General Education|02||001|Direction and Administration|0||03|Commissionerate of School Education, Bengaluru|002|Basic Pay|2202-02-001-0-03|Basic Pay|V|Data|Object-Head|874.45|3057.00|3057.00|2985.00|100.0
58|02|17|2202|General Education|02||001|Direction and Administration|0||03|Commissionerate of School Education, Bengaluru|003|Basic Pay-Staff|2202-02-001-0-03|Basic Pay-Staff|V|Data|Object-Head|1572.46||||100.0
58|02|17|2202|General Education|02||001|Direction and Administration|0||03|Commissionerate of School Education, Bengaluru|004|Interim Relief|2202-02-001-0-03|Interim Relief|V|Data|Object-Head|178.23||||100.0
58|02|17|2202|General Education|02||001|Direction and Administration|0||03|Commissionerate of School Education, Bengaluru|011|Dearness Allowance|2202-02-001-0-03|Dearness Allowance|V|Data|Object-Head|618.19|681.00|681.00|754.00|100.0
58|02|17|2202|General Education|02||001|Direction and Administration|0||03|Commissionerate of School Education, Bengaluru|014|Other Allowance|2202-02-001-0-03|Other Allowance|V|Data|Object-Head|544.62|647.00|647.00|604.00|100.0
58|02|17|2202|General Education|02||001|Direction and Administration|0||03|Commissionerate of School Education, Bengaluru|020|Medical Allowance|2202-02-001-0-03|Medical Allowance|V|Data|Object-Head|12.71||||100.0
58|02|17|2202|General Education|02||001|Direction and Administration|0||03|Commissionerate of School Education, Bengaluru|021|Reimbursement of Medical Expenses|2202-02-001-0-03|Reimbursement of Medical Expenses|V|Data|Object-Head|15.36|28.00|28.00|27.00|100.0
58|02|17|2202|General Education|02||001|Direction and Administration|0||03|Commissionerate of School Education, Bengaluru|034|Contract/Outsource|2202-02-001-0-03|Contract/Outsource|V|Data|Object-Head|||1.00|1.00|100.0
58|02|17|2202|General Education|02||001|Direction and Administration|0||03|Commissionerate of School Education, Bengaluru|041|Travel Expenses|2202-02-001-0-03|Travel Expenses|V|Data|Object-Head|6.67|5.00|5.00|5.00|100.0
58|02|17|2202|General Education|02||001|Direction and Administration|0||03|Commissionerate of School Education, Bengaluru|050|Office Expenses|2202-02-001-0-03|Office Expenses|V|Data|Object-Head||3.00|3.00|4.00|100.0
58|02|17|2202|General Education|02||001|Direction and Administration|0||03|Commissionerate of School Education, Bengaluru|051|General Expenses|2202-02-001-0-03|General Expenses|V|Data|Object-Head|533.37|635.00|635.00|540.00|100.0
58|02|17|2202|General Education|02||001|Direction and Administration|0||03|Commissionerate of School Education, Bengaluru|052|Telephone Charges|2202-02-001-0-03|Telephone Charges|V|Data|Object-Head|2.38||||100.0
58|02|17|2202|General Education|02||001|Direction and Administration|0||03|Commissionerate of School Education, Bengaluru|071|Building Expenses|2202-02-001-0-03|Building Expenses|V|Data|Object-Head|59.82|80.00|80.00|65.00|100.0
58|02|17|2202|General Education|02||001|Direction and Administration|0||03|Commissionerate of School Education, Bengaluru|117|Scholarships & Incentives|2202-02-001-0-03|Scholarships & Incentives|V|Data|Object-Head|8.00|8.00|8.00|8.53|100.0
58|02|17|2202|General Education|02||001|Direction and Administration|0||03|Commissionerate of School Education, Bengaluru|195|Transport Expenses|2202-02-001-0-03|Transport Expenses|V|Data|Object-Head|27.27|36.51|36.51|26.26|100.0
58|02|17|2202|General Education|02||001|Direction and Administration|0||03|Commissionerate of School Education, Bengaluru|200|Maintenance Expenditure|2202-02-001-0-03|Maintenance Expenditure|V|Data|Object-Head||||60.00|100.0
58|02|17|2202|General Education|02||001|Direction and Administration|0||03|Commissionerate of School Education, Bengaluru|||2202-02-001-0-03|HOA Total :|V|Total|Detailed-Head|4453.53|5180.51|5181.51|5079.79|100.0
58|02|17|2202|General Education|02||001|Direction and Administration|0||04|Director, State Educational Research and Training|||2202-02-001-0-04|Director, State Educational Research and Training|V|Header|Detailed-Head|||||100.0
58|02|17|2202|General Education|02||001|Direction and Administration|0||04|Director, State Educational Research and Training|002|Basic Pay|2202-02-001-0-04|Basic Pay|V|Data|Object-Head|213.48|662.00|662.00|751.00|100.0
58|02|17|2202|General Education|02||001|Direction and Administration|0||04|Director, State Educational Research and Training|003|Basic Pay-Staff|2202-02-001-0-04|Basic Pay-Staff|V|Data|Object-Head|355.03||||100.0
58|02|17|2202|General Education|02||001|Direction and Administration|0||04|Director, State Educational Research and Training|004|Interim Relief|2202-02-001-0-04|Interim Relief|V|Data|Object-Head|40.35||||100.0
58|02|17|2202|General Education|02||001|Direction and Administration|0||04|Director, State Educational Research and Training|011|Dearness Allowance|2202-02-001-0-04|Dearness Allowance|V|Data|Object-Head|141.79|146.00|146.00|188.00|100.0
58|02|17|2202|General Education|02||001|Direction and Administration|0||04|Director, State Educational Research and Training|014|Other Allowance|2202-02-001-0-04|Other Allowance|V|Data|Object-Head|137.72|153.00|153.00|168.00|100.0
58|02|17|2202|General Education|02||001|Direction and Administration|0||04|Director, State Educational Research and Training|020|Medical Allowance|2202-02-001-0-04|Medical Allowance|V|Data|Object-Head|2.60||||100.0
58|02|17|2202|General Education|02||001|Direction and Administration|0||04|Director, State Educational Research and Training|021|Reimbursement of Medical Expenses|2202-02-001-0-04|Reimbursement of Medical Expenses|V|Data|Object-Head|3.29|15.00|15.00|15.00|100.0
59|02|17|2202|General Education|02||001|Direction and Administration|0||04|Director, State Educational Research and Training|034|Contract/Outsource|2202-02-001-0-04|Contract/Outsource|V|Data|Object-Head|73.58|78.11|78.11|80.87|100.0
59|02|17|2202|General Education|02||001|Direction and Administration|0||04|Director, State Educational Research and Training|041|Travel Expenses|2202-02-001-0-04|Travel Expenses|V|Data|Object-Head|2.39|4.00|4.00|3.00|100.0
59|02|17|2202|General Education|02||001|Direction and Administration|0||04|Director, State Educational Research and Training|050|Office Expenses|2202-02-001-0-04|Office Expenses|V|Data|Object-Head|10.65|40.00|40.00|40.00|100.0
59|02|17|2202|General Education|02||001|Direction and Administration|0||04|Director, State Educational Research and Training|051|General Expenses|2202-02-001-0-04|General Expenses|V|Data|Object-Head|22.97|60.00|60.00|60.00|100.0
59|02|17|2202|General Education|02||001|Direction and Administration|0||04|Director, State Educational Research and Training|052|Telephone Charges|2202-02-001-0-04|Telephone Charges|V|Data|Object-Head|1.53||||100.0
59|02|17|2202|General Education|02||001|Direction and Administration|0||04|Director, State Educational Research and Training|071|Building Expenses|2202-02-001-0-04|Building Expenses|V|Data|Object-Head|10.23|13.00|13.00|13.00|100.0
59|02|17|2202|General Education|02||001|Direction and Administration|0||04|Director, State Educational Research and Training|195|Transport Expenses|2202-02-001-0-04|Transport Expenses|V|Data|Object-Head|8.47|8.74|8.74|13.20|100.0
59|02|17|2202|General Education|02||001|Direction and Administration|0||04|Director, State Educational Research and Training|200|Maintenance Expenditure|2202-02-001-0-04|Maintenance Expenditure|V|Data|Object-Head|7.52|25.00|25.00|25.00|100.0
59|02|17|2202|General Education|02||001|Direction and Administration|0||04|Director, State Educational Research and Training|||2202-02-001-0-04|HOA Total :|V|Total|Detailed-Head|1031.60|1204.85|1204.85|1357.07|100.0
59|02|17|2202|General Education|02||001|Direction and Administration|0||05|Commissionerate of School Education -Kalburgi|||2202-02-001-0-05|Commissionerate of School Education -Kalburgi|V|Header|Detailed-Head|||||100.0
59|02|17|2202|General Education|02||001|Direction and Administration|0||05|Commissionerate of School Education -Kalburgi|002|Basic Pay|2202-02-001-0-05|Basic Pay|V|Data|Object-Head|188.15|745.00|745.00|720.00|100.0
59|02|17|2202|General Education|02||001|Direction and Administration|0||05|Commissionerate of School Education -Kalburgi|003|Basic Pay-Staff|2202-02-001-0-05|Basic Pay-Staff|V|Data|Object-Head|452.50||||100.0
59|02|17|2202|General Education|02||001|Direction and Administration|0||05|Commissionerate of School Education -Kalburgi|004|Interim Relief|2202-02-001-0-05|Interim Relief|V|Data|Object-Head|44.87||||100.0
59|02|17|2202|General Education|02||001|Direction and Administration|0||05|Commissionerate of School Education -Kalburgi|011|Dearness Allowance|2202-02-001-0-05|Dearness Allowance|V|Data|Object-Head|161.50|168.00|168.00|186.00|100.0
59|02|17|2202|General Education|02||001|Direction and Administration|0||05|Commissionerate of School Education -Kalburgi|014|Other Allowance|2202-02-001-0-05|Other Allowance|V|Data|Object-Head|118.92|134.00|134.00|121.00|100.0
59|02|17|2202|General Education|02||001|Direction and Administration|0||05|Commissionerate of School Education -Kalburgi|020|Medical Allowance|2202-02-001-0-05|Medical Allowance|V|Data|Object-Head|3.66||||100.0
59|02|17|2202|General Education|02||001|Direction and Administration|0||05|Commissionerate of School Education -Kalburgi|021|Reimbursement of Medical Expenses|2202-02-001-0-05|Reimbursement of Medical Expenses|V|Data|Object-Head|1.81|15.00|15.00|15.00|100.0
59|02|17|2202|General Education|02||001|Direction and Administration|0||05|Commissionerate of School Education -Kalburgi|041|Travel Expenses|2202-02-001-0-05|Travel Expenses|V|Data|Object-Head|4.95|8.00|8.00|5.00|100.0
59|02|17|2202|General Education|02||001|Direction and Administration|0||05|Commissionerate of School Education -Kalburgi|050|Office Expenses|2202-02-001-0-05|Office Expenses|V|Data|Object-Head||2.00|2.00|35.00|100.0
59|02|17|2202|General Education|02||001|Direction and Administration|0||05|Commissionerate of School Education -Kalburgi|051|General Expenses|2202-02-001-0-05|General Expenses|V|Data|Object-Head|39.90|40.00|40.00|2.00|100.0
59|02|17|2202|General Education|02||001|Direction and Administration|0||05|Commissionerate of School Education -Kalburgi|052|Telephone Charges|2202-02-001-0-05|Telephone Charges|V|Data|Object-Head|2.00||||100.0
59|02|17|2202|General Education|02||001|Direction and Administration|0||05|Commissionerate of School Education -Kalburgi|071|Building Expenses|2202-02-001-0-05|Building Expenses|V|Data|Object-Head|23.01|30.00|30.00|30.00|100.0
59|02|17|2202|General Education|02||001|Direction and Administration|0||05|Commissionerate of School Education -Kalburgi|195|Transport Expenses|2202-02-001-0-05|Transport Expenses|V|Data|Object-Head|14.46|16.64|16.64|29.81|100.0
59|02|17|2202|General Education|02||001|Direction and Administration|0||05|Commissionerate of School Education -Kalburgi|||2202-02-001-0-05|HOA Total :|V|Total|Detailed-Head|1055.73|1158.64|1158.64|1143.81|100.0
59|02|17|2202|General Education|02||001|Direction and Administration|0||06|Commissionerate of School Education - Dharwad|||2202-02-001-0-06|Commissionerate of School Education - Dharwad|V|Header|Detailed-Head|||||100.0
59|02|17|2202|General Education|02||001|Direction and Administration|0||06|Commissionerate of School Education - Dharwad|002|Basic Pay|2202-02-001-0-06|Basic Pay|V|Data|Object-Head|261.80|1106.00|1106.00|1064.00|100.0
59|02|17|2202|General Education|02||001|Direction and Administration|0||06|Commissionerate of School Education - Dharwad|003|Basic Pay-Staff|2202-02-001-0-06|Basic Pay-Staff|V|Data|Object-Head|635.49||||100.0
60|02|17|2202|General Education|02||001|Direction and Administration|0||06|Commissionerate of School Education - Dharwad|004|Interim Relief|2202-02-001-0-06|Interim Relief|V|Data|Object-Head|58.80||||100.0
60|02|17|2202|General Education|02||001|Direction and Administration|0||06|Commissionerate of School Education - Dharwad|011|Dearness Allowance|2202-02-001-0-06|Dearness Allowance|V|Data|Object-Head|212.59|244.00|244.00|266.00|100.0
60|02|17|2202|General Education|02||001|Direction and Administration|0||06|Commissionerate of School Education - Dharwad|014|Other Allowance|2202-02-001-0-06|Other Allowance|V|Data|Object-Head|159.97|195.00|195.00|179.00|100.0
60|02|17|2202|General Education|02||001|Direction and Administration|0||06|Commissionerate of School Education - Dharwad|020|Medical Allowance|2202-02-001-0-06|Medical Allowance|V|Data|Object-Head|4.96||||100.0
60|02|17|2202|General Education|02||001|Direction and Administration|0||06|Commissionerate of School Education - Dharwad|021|Reimbursement of Medical Expenses|2202-02-001-0-06|Reimbursement of Medical Expenses|V|Data|Object-Head|10.67|15.00|15.00|15.00|100.0
60|02|17|2202|General Education|02||001|Direction and Administration|0||06|Commissionerate of School Education - Dharwad|041|Travel Expenses|2202-02-001-0-06|Travel Expenses|V|Data|Object-Head|6.27|8.00|8.00|7.00|100.0
60|02|17|2202|General Education|02||001|Direction and Administration|0||06|Commissionerate of School Education - Dharwad|050|Office Expenses|2202-02-001-0-06|Office Expenses|V|Data|Object-Head||2.00|2.00|10.00|100.0
60|02|17|2202|General Education|02||001|Direction and Administration|0||06|Commissionerate of School Education - Dharwad|051|General Expenses|2202-02-001-0-06|General Expenses|V|Data|Object-Head|19.78|20.00|27.80|10.00|100.0
60|02|17|2202|General Education|02||001|Direction and Administration|0||06|Commissionerate of School Education - Dharwad|052|Telephone Charges|2202-02-001-0-06|Telephone Charges|V|Data|Object-Head|0.50||||100.0
60|02|17|2202|General Education|02||001|Direction and Administration|0||06|Commissionerate of School Education - Dharwad|071|Building Expenses|2202-02-001-0-06|Building Expenses|V|Data|Object-Head|5.00|5.00|5.00|5.00|100.0
60|02|17|2202|General Education|02||001|Direction and Administration|0||06|Commissionerate of School Education - Dharwad|195|Transport Expenses|2202-02-001-0-06|Transport Expenses|V|Data|Object-Head|10.07|13.46|13.46|6.85|100.0
60|02|17|2202|General Education|02||001|Direction and Administration|0||06|Commissionerate of School Education - Dharwad|||2202-02-001-0-06|HOA Total :|V|Total|Detailed-Head|1385.90|1608.46|1616.26|1562.85|100.0
60|02|17|2202|General Education|02||001|Direction and Administration|0||07|Karnataka School Examination and Assessment Board|||2202-02-001-0-07|Karnataka School Examination and Assessment Board|V|Header|Detailed-Head|||||100.0
60|02|17|2202|General Education|02||001|Direction and Administration|0||07|Karnataka School Examination and Assessment Board|002|Basic Pay|2202-02-001-0-07|Basic Pay|V|Data|Object-Head|451.51|1594.00|1594.00|1684.00|100.0
60|02|17|2202|General Education|02||001|Direction and Administration|0||07|Karnataka School Examination and Assessment Board|003|Basic Pay-Staff|2202-02-001-0-07|Basic Pay-Staff|V|Data|Object-Head|910.08||||100.0
60|02|17|2202|General Education|02||001|Direction and Administration|0||07|Karnataka School Examination and Assessment Board|004|Interim Relief|2202-02-001-0-07|Interim Relief|V|Data|Object-Head|93.06||||100.0
60|02|17|2202|General Education|02||001|Direction and Administration|0||07|Karnataka School Examination and Assessment Board|011|Dearness Allowance|2202-02-001-0-07|Dearness Allowance|V|Data|Object-Head|338.72|357.00|357.00|428.00|100.0
60|02|17|2202|General Education|02||001|Direction and Administration|0||07|Karnataka School Examination and Assessment Board|014|Other Allowance|2202-02-001-0-07|Other Allowance|V|Data|Object-Head|327.84|355.00|355.00|364.00|100.0
60|02|17|2202|General Education|02||001|Direction and Administration|0||07|Karnataka School Examination and Assessment Board|015|Subsidiary Expenses|2202-02-001-0-07|Subsidiary Expenses|V|Data|Object-Head|3597.20|3600.00|3600.00|3800.00|100.0
60|02|17|2202|General Education|02||001|Direction and Administration|0||07|Karnataka School Examination and Assessment Board|020|Medical Allowance|2202-02-001-0-07|Medical Allowance|V|Data|Object-Head|6.93||||100.0
60|02|17|2202|General Education|02||001|Direction and Administration|0||07|Karnataka School Examination and Assessment Board|021|Reimbursement of Medical Expenses|2202-02-001-0-07|Reimbursement of Medical Expenses|V|Data|Object-Head|8.46|15.00|15.00|15.00|100.0
60|02|17|2202|General Education|02||001|Direction and Administration|0||07|Karnataka School Examination and Assessment Board|041|Travel Expenses|2202-02-001-0-07|Travel Expenses|V|Data|Object-Head|2999.13|3100.00|3100.00|3100.00|100.0
60|02|17|2202|General Education|02||001|Direction and Administration|0||07|Karnataka School Examination and Assessment Board|131|Secret Service Expenses|2202-02-001-0-07|Secret Service Expenses|V|Data|Object-Head|1800.00|1800.00|1800.00|1900.00|100.0
60|02|17|2202|General Education|02||001|Direction and Administration|0||07|Karnataka School Examination and Assessment Board|221|Materials and Supplies|2202-02-001-0-07|Materials and Supplies|V|Data|Object-Head|1247.34|1250.00|1250.00|1350.00|100.0
60|02|17|2202|General Education|02||001|Direction and Administration|0||07|Karnataka School Examination and Assessment Board|||2202-02-001-0-07|HOA Total :|V|Total|Detailed-Head|11780.27|12071.00|12071.00|12641.00|100.0
61|02|17|2202|General Education|02||001|Direction and Administration|0||09|Unspent SCSP-TSP Amount as per the SCSP-TSP Act 2013|||2202-02-001-0-09|Unspent SCSP-TSP Amount as per the SCSP-TSP Act 2013|V|Header|Detailed-Head|||||100.0
61|02|17|2202|General Education|02||001|Direction and Administration|0||09|Unspent SCSP-TSP Amount as per the SCSP-TSP Act 2013|422|Schedule Caste Sub Plan|2202-02-001-0-09|Schedule Caste Sub Plan|V|Data|Object-Head|113.00|811.42|811.42|416.03|100.0
61|02|17|2202|General Education|02||001|Direction and Administration|0||09|Unspent SCSP-TSP Amount as per the SCSP-TSP Act 2013|423|Tribal Sub Plan|2202-02-001-0-09|Tribal Sub Plan|V|Data|Object-Head|56.75|401.53|401.53|131.01|100.0
61|02|17|2202|General Education|02||001|Direction and Administration|0||09|Unspent SCSP-TSP Amount as per the SCSP-TSP Act 2013|||2202-02-001-0-09|HOA Total :|V|Total|Detailed-Head|169.75|1212.95|1212.95|547.04|100.0
61|02|17|2202|General Education|02||001|Direction and Administration|0||50|Vacant Post Provision|||2202-02-001-0-50|Vacant Post Provision|V|Header|Detailed-Head|||||100.0
61|02|17|2202|General Education|02||001|Direction and Administration|0||50|Vacant Post Provision|014|Other Allowance|2202-02-001-0-50|Other Allowance|V|Data|Object-Head||280909.39|277817.20|403215.39|100.0
61|02|17|2202|General Education|02||001|Direction and Administration|0||50|Vacant Post Provision|||2202-02-001-0-50|HOA Total :|V|Total|Detailed-Head|0.00|280909.39|277817.20|403215.39|100.0
61|02|17|2202|General Education|02||107||0||06|Abhyudaya Scheme|||2202-02-107-0-06|Abhyudaya Scheme|V|Header|Detailed-Head|||||100.0
61|02|17|2202|General Education|02||107||0||06|Abhyudaya Scheme|051|General Expenses|2202-02-107-0-06|General Expenses|V|Data|Object-Head|197.32|400.00|400.00|400.00|100.0
61|02|17|2202|General Education|02||107||0||06|Abhyudaya Scheme|||2202-02-107-0-06|HOA Total :|V|Total|Detailed-Head|197.32|400.00|400.00|400.00|100.0
61|02|17|2202|General Education|02||107||3||02|Reimbursement of fees to girl students studying in Government PU College|||2202-02-107-3-02|Reimbursement of fees to girl students studying in Government PU College|V|Header|Detailed-Head|||||100.0
61|02|17|2202|General Education|02||107||3||02|Reimbursement of fees to girl students studying in Government PU College|106|Subsidies|2202-02-107-3-02|Subsidies|V|Data|Object-Head|679.68|692.22|692.22|692.22|100.0
61|02|17|2202|General Education|02||107||3||02|Reimbursement of fees to girl students studying in Government PU College|422|Schedule Caste Sub Plan|2202-02-107-3-02|Schedule Caste Sub Plan|V|Data|Object-Head|157.51|156.40|156.40|156.40|100.0
61|02|17|2202|General Education|02||107||3||02|Reimbursement of fees to girl students studying in Government PU College|423|Tribal Sub Plan|2202-02-107-3-02|Tribal Sub Plan|V|Data|Object-Head|60.12|63.38|63.38|63.38|100.0
61|02|17|2202|General Education|02||107||3||02|Reimbursement of fees to girl students studying in Government PU College|||2202-02-107-3-02|HOA Total :|V|Total|Detailed-Head|897.31|912.00|912.00|912.00|100.0
61|02|17|2202|General Education|02||109||0||13|Government PU Colleges|||2202-02-109-0-13|Government PU Colleges|V|Header|Detailed-Head|||||100.0
61|02|17|2202|General Education|02||109||0||13|Government PU Colleges|002|Basic Pay|2202-02-109-0-13|Basic Pay|V|Data|Object-Head|96901.82|121628.00|121628.00|117839.00|100.0
61|02|17|2202|General Education|02||109||0||13|Government PU Colleges|003|Basic Pay-Staff|2202-02-109-0-13|Basic Pay-Staff|V|Data|Object-Head|4315.17||||100.0
61|02|17|2202|General Education|02||109||0||13|Government PU Colleges|004|Interim Relief|2202-02-109-0-13|Interim Relief|V|Data|Object-Head|5671.87||||100.0
61|02|17|2202|General Education|02||109||0||13|Government PU Colleges|011|Dearness Allowance|2202-02-109-0-13|Dearness Allowance|V|Data|Object-Head|22182.44|26759.00|26759.00|29460.00|100.0
61|02|17|2202|General Education|02||109||0||13|Government PU Colleges|014|Other Allowance|2202-02-109-0-13|Other Allowance|V|Data|Object-Head|10615.89|12729.00|12729.00|12342.00|100.0
61|02|17|2202|General Education|02||109||0||13|Government PU Colleges|020|Medical Allowance|2202-02-109-0-13|Medical Allowance|V|Data|Object-Head|35.84||||100.0
62|02|17|2202|General Education|02||109||0||13|Government PU Colleges|021|Reimbursement of Medical Expenses|2202-02-109-0-13|Reimbursement of Medical Expenses|V|Data|Object-Head|476.00|723.00|723.00|680.00|100.0
62|02|17|2202|General Education|02||109||0||13|Government PU Colleges|041|Travel Expenses|2202-02-109-0-13|Travel Expenses|V|Data|Object-Head|2.09|6.00|6.00|6.00|100.0
62|02|17|2202|General Education|02||109||0||13|Government PU Colleges|050|Office Expenses|2202-02-109-0-13|Office Expenses|V|Data|Object-Head||||5.00|100.0
62|02|17|2202|General Education|02||109||0||13|Government PU Colleges|051|General Expenses|2202-02-109-0-13|General Expenses|V|Data|Object-Head|6.60|15.00|15.00|15.00|100.0
62|02|17|2202|General Education|02||109||0||13|Government PU Colleges|071|Building Expenses|2202-02-109-0-13|Building Expenses|V|Data|Object-Head|4.94|15.00|15.00|18.00|100.0
62|02|17|2202|General Education|02||109||0||13|Government PU Colleges|324|Honorarium|2202-02-109-0-13|Honorarium|V|Data|Object-Head|4857.61|5500.00|7711.20|8520.40|100.0
62|02|17|2202|General Education|02||109||0||13|Government PU Colleges|||2202-02-109-0-13|HOA Total :|V|Total|Detailed-Head|145070.27|167375.00|169586.20|168885.40|100.0
62|02|17|2202|General Education|02||110||3||01|GIA to PU Colleges||||2202-02-110-3-01|GIA to PU Colleges|Header|Detailed-Head|||||100.0
62|02|17|2202|General Education|02||110||3||01|GIA to PU Colleges|101|Grants-in-Aid-Salaries|2202-02-110-3-01|Grants-in-Aid-Salaries|V|Data|Object-Head|66621.68|75691.86|75691.86|73674.70|100.0
62|02|17|2202|General Education|02||110||3||01|GIA to PU Colleges|||2202-02-110-3-01|HOA Total :|V|Total|Detailed-Head|66621.68|75691.86|75691.86|73674.70|100.0
62|02|17|2202|General Education|02||110||3||03|Kittur Rani Chennamma Residential School for Girls||||2202-02-110-3-03|Kittur Rani Chennamma Residential School for Girls|Header|Detailed-Head|||||100.0
62|02|17|2202|General Education|02||110||3||03|Kittur Rani Chennamma Residential School for Girls|102|Grants-in-Aid-Assets Creation|2202-02-110-3-03|Grants-in-Aid-Assets Creation|V|Data|Object-Head|100.00|100.00|100.00||100.0
62|02|17|2202|General Education|02||110||3||03|Kittur Rani Chennamma Residential School for Girls|103|Grants-in-Aid -General|2202-02-110-3-03|Grants-in-Aid -General|V|Data|Object-Head|225.00|225.00|225.00|325.00|100.0
62|02|17|2202|General Education|02||110||3||03|Kittur Rani Chennamma Residential School for Girls|117|Scholarships & Incentives|2202-02-110-3-03|Scholarships & Incentives|V|Data|Object-Head|150.88|176.00|176.00|176.00|100.0
62|02|17|2202|General Education|02||110||3||03|Kittur Rani Chennamma Residential School for Girls|||2202-02-110-3-03|HOA Total :|V|Total|Detailed-Head|475.88|501.00|501.00|501.00|100.0
62|02|17|2202|General Education|02||110||3||10|Sainik School Bijapur||||2202-02-110-3-10|Sainik School Bijapur|Header|Detailed-Head|||||100.0
62|02|17|2202|General Education|02||110||3||10|Sainik School Bijapur|102|Grants-in-Aid-Assets Creation|2202-02-110-3-10|Grants-in-Aid-Assets Creation|V|Data|Object-Head|250.00|250.00|250.00||100.0
62|02|17|2202|General Education|02||110||3||10|Sainik School Bijapur|103|Grants-in-Aid -General|2202-02-110-3-10|Grants-in-Aid -General|V|Data|Object-Head|275.00|275.00|275.00|1525.00|100.0
62|02|17|2202|General Education|02||110||3||10|Sainik School Bijapur|117|Scholarships & Incentives|2202-02-110-3-10|Scholarships & Incentives|V|Data|Object-Head|148.69|189.00|189.00|208.00|100.0
62|02|17|2202|General Education|02||110||3||10|Sainik School Bijapur|||2202-02-110-3-10|HOA Total :|V|Total|Detailed-Head|673.69|714.00|714.00|1733.00|100.0
63|02|17|2202|General Education|02|Secondary Education|110|Assistance to Non-Govt. Secondary Schools|3||11|Sainik School Koodige|||2202-02-110-3-11|Sainik School Koodige|V|Header|Detailed-Head|||||100.0
63|02|17|2202|General Education|02|Secondary Education|110|Assistance to Non-Govt. Secondary Schools|3||11|Sainik School Koodige|102|Grants-in-Aid-Assets Creation|2202-02-110-3-11|Grants-in-Aid-Assets Creation|V|Data|Object-Head|300.00|250.00|250.00||100.0
63|02|17|2202|General Education|02|Secondary Education|110|Assistance to Non-Govt. Secondary Schools|3||11|Sainik School Koodige|103|Grants-in-Aid -General|2202-02-110-3-11|Grants-in-Aid -General|V|Data|Object-Head|290.00|275.00|275.00|525.00|100.0
63|02|17|2202|General Education|02|Secondary Education|110|Assistance to Non-Govt. Secondary Schools|3||11|Sainik School Koodige|117|Scholarships & Incentives|2202-02-110-3-11|Scholarships & Incentives|V|Data|Object-Head|138.33|193.00|193.00|186.00|100.0
63|02|17|2202|General Education|02|Secondary Education|110|Assistance to Non-Govt. Secondary Schools|3||11|Sainik School Koodige|||2202-02-110-3-11|HOA Total :|V|Total|Detailed-Head|728.33|718.00|718.00|711.00|100.0
63|02|17|2202|General Education|02|Secondary Education|196|Assistance to Zilla Panchayats/District Level Panchayats|1||01|Grants to District Level DDPI Offices|||2202-02-196-1-01|Grants to District Level DDPI Offices|V|Header|Detailed-Head|||||100.0
63|02|17|2202|General Education|02|Secondary Education|196|Assistance to Zilla Panchayats/District Level Panchayats|1||01|Grants to District Level DDPI Offices|401|Bengaluru (Urban)|2202-02-196-1-01|Bengaluru (Urban)|V|Data|Object-Head|22434.48|25411.53|25411.53|1047.34|100.0
63|02|17|2202|General Education|02|Secondary Education|196|Assistance to Zilla Panchayats/District Level Panchayats|1||01|Grants to District Level DDPI Offices|402|Bengaluru (Rural)|2202-02-196-1-01|Bengaluru (Rural)|V|Data|Object-Head|3255.33|3735.17|3735.17|253.42|100.0
63|02|17|2202|General Education|02|Secondary Education|196|Assistance to Zilla Panchayats/District Level Panchayats|1||01|Grants to District Level DDPI Offices|403|Chitradurga|2202-02-196-1-01|Chitradurga|V|Data|Object-Head|13188.96|15299.39|15299.39|368.78|100.0
63|02|17|2202|General Education|02|Secondary Education|196|Assistance to Zilla Panchayats/District Level Panchayats|1||01|Grants to District Level DDPI Offices|404|Kolar|2202-02-196-1-01|Kolar|V|Data|Object-Head|4471.78|5019.43|5019.43|355.73|100.0
63|02|17|2202|General Education|02|Secondary Education|196|Assistance to Zilla Panchayats/District Level Panchayats|1||01|Grants to District Level DDPI Offices|405|Shivamogga|2202-02-196-1-01|Shivamogga|V|Data|Object-Head|10470.95|12300.31|12300.31|435.83|100.0
63|02|17|2202|General Education|02|Secondary Education|196|Assistance to Zilla Panchayats/District Level Panchayats|1||01|Grants to District Level DDPI Offices|406|Tumakuru|2202-02-196-1-01|Tumakuru|V|Data|Object-Head|18193.18|20519.06|20519.06|618.82|100.0
63|02|17|2202|General Education|02|Secondary Education|196|Assistance to Zilla Panchayats/District Level Panchayats|1||01|Grants to District Level DDPI Offices|407|Mysuru|2202-02-196-1-01|Mysuru|V|Data|Object-Head|9228.22|11118.78|11118.78|540.36|100.0
63|02|17|2202|General Education|02|Secondary Education|196|Assistance to Zilla Panchayats/District Level Panchayats|1||01|Grants to District Level DDPI Offices|408|Chikkamagaluru|2202-02-196-1-01|Chikkamagaluru|V|Data|Object-Head|7216.07|8088.11|8088.11|349.31|100.0
63|02|17|2202|General Education|02|Secondary Education|196|Assistance to Zilla Panchayats/District Level Panchayats|1||01|Grants to District Level DDPI Offices|409|Dakshina Kannada|2202-02-196-1-01|Dakshina Kannada|V|Data|Object-Head|8424.96|9575.48|9575.48|287.37|100.0
63|02|17|2202|General Education|02|Secondary Education|196|Assistance to Zilla Panchayats/District Level Panchayats|1||01|Grants to District Level DDPI Offices|410|Hassan|2202-02-196-1-01|Hassan|V|Data|Object-Head|8989.97|10162.43|10162.43|477.65|100.0
63|02|17|2202|General Education|02|Secondary Education|196|Assistance to Zilla Panchayats/District Level Panchayats|1||01|Grants to District Level DDPI Offices|411|Kodagu|2202-02-196-1-01|Kodagu|V|Data|Object-Head|3605.83|4094.02|4094.02|188.42|100.0
63|02|17|2202|General Education|02|Secondary Education|196|Assistance to Zilla Panchayats/District Level Panchayats|1||01|Grants to District Level DDPI Offices|412|Mandya|2202-02-196-1-01|Mandya|V|Data|Object-Head|6390.96|7368.76|7368.76|389.01|100.0
63|02|17|2202|General Education|02|Secondary Education|196|Assistance to Zilla Panchayats/District Level Panchayats|1||01|Grants to District Level DDPI Offices|413|Belagavi|2202-02-196-1-01|Belagavi|V|Data|Object-Head|30360.76|36239.12|36239.12|819.96|100.0
63|02|17|2202|General Education|02|Secondary Education|196|Assistance to Zilla Panchayats/District Level Panchayats|1||01|Grants to District Level DDPI Offices|414|Vijayapura|2202-02-196-1-01|Vijayapura|V|Data|Object-Head|17292.22|19756.66|19756.66|465.89|100.0
63|02|17|2202|General Education|02|Secondary Education|196|Assistance to Zilla Panchayats/District Level Panchayats|1||01|Grants to District Level DDPI Offices|415|Dharwad|2202-02-196-1-01|Dharwad|V|Data|Object-Head|13194.93|15744.61|15744.61|466.78|100.0
63|02|17|2202|General Education|02|Secondary Education|196|Assistance to Zilla Panchayats/District Level Panchayats|1||01|Grants to District Level DDPI Offices|416|Uttara Kannada|2202-02-196-1-01|Uttara Kannada|V|Data|Object-Head|10772.22|12581.04|12581.04|464.11|100.0
63|02|17|2202|General Education|02|Secondary Education|196|Assistance to Zilla Panchayats/District Level Panchayats|1||01|Grants to District Level DDPI Offices|417|Kalaburagi|2202-02-196-1-01|Kalaburagi|V|Data|Object-Head|8904.19|10487.77|10487.77|450.12|100.0
63|02|17|2202|General Education|02|Secondary Education|196|Assistance to Zilla Panchayats/District Level Panchayats|1||01|Grants to District Level DDPI Offices|418|Ballari|2202-02-196-1-01|Ballari|V|Data|Object-Head|2879.30|2905.38|2905.38|329.52|100.0
63|02|17|2202|General Education|02|Secondary Education|196|Assistance to Zilla Panchayats/District Level Panchayats|1||01|Grants to District Level DDPI Offices|419|Bidar|2202-02-196-1-01|Bidar|V|Data|Object-Head|9842.86|11586.98|11586.98|353.63|100.0
63|02|17|2202|General Education|02|Secondary Education|196|Assistance to Zilla Panchayats/District Level Panchayats|1||01|Grants to District Level DDPI Offices|420|Raichur|2202-02-196-1-01|Raichur|V|Data|Object-Head|3029.95|3555.67|3555.67|307.16|100.0
64|02|17|2202|General Education|02|Secondary Education|196|Assistance to Zilla Panchayats/District Level Panchayats|1||01|Grants to District Level DDPI Offices|421|Yadgiri|2202-02-196-1-01|Yadgiri|V|Data|Object-Head|1612.90|1880.52|1880.52|207.55|100.0
64|02|17|2202|General Education|02|Secondary Education|196|Assistance to Zilla Panchayats/District Level Panchayats|1||01|Grants to District Level DDPI Offices|451|Davanagere|2202-02-196-1-01|Davanagere|V|Data|Object-Head|11929.63|13924.74|13924.74|388.88|100.0
64|02|17|2202|General Education|02|Secondary Education|196|Assistance to Zilla Panchayats/District Level Panchayats|1||01|Grants to District Level DDPI Offices|452|Bengaluru South|2202-02-196-1-01|Bengaluru South|V|Data|Object-Head|4561.11|5274.11|5274.11|264.97|100.0
64|02|17|2202|General Education|02|Secondary Education|196|Assistance to Zilla Panchayats/District Level Panchayats|1||01|Grants to District Level DDPI Offices|453|Chikkaballapura|2202-02-196-1-01|Chikkaballapura|V|Data|Object-Head|3415.16|3745.89|3745.89|291.48|100.0
64|02|17|2202|General Education|02|Secondary Education|196|Assistance to Zilla Panchayats/District Level Panchayats|1||01|Grants to District Level DDPI Offices|456|Chamarajanagar|2202-02-196-1-01|Chamarajanagar|V|Data|Object-Head|3365.41|3590.51|3590.51|320.61|100.0
64|02|17|2202|General Education|02|Secondary Education|196|Assistance to Zilla Panchayats/District Level Panchayats|1||01|Grants to District Level DDPI Offices|457|Udupi|2202-02-196-1-01|Udupi|V|Data|Object-Head|4909.74|5424.77|5424.77|224.82|100.0
64|02|17|2202|General Education|02|Secondary Education|196|Assistance to Zilla Panchayats/District Level Panchayats|1||01|Grants to District Level DDPI Offices|461|Bagalkot|2202-02-196-1-01|Bagalkot|V|Data|Object-Head|9988.81|11417.48|11417.48|366.02|100.0
64|02|17|2202|General Education|02|Secondary Education|196|Assistance to Zilla Panchayats/District Level Panchayats|1||01|Grants to District Level DDPI Offices|462|Gadag|2202-02-196-1-01|Gadag|V|Data|Object-Head|8319.64|9610.04|9610.04|380.15|100.0
64|02|17|2202|General Education|02|Secondary Education|196|Assistance to Zilla Panchayats/District Level Panchayats|1||01|Grants to District Level DDPI Offices|463|Haveri|2202-02-196-1-01|Haveri|V|Data|Object-Head|12358.76|14524.07|14524.07|350.83|100.0
64|02|17|2202|General Education|02|Secondary Education|196|Assistance to Zilla Panchayats/District Level Panchayats|1||01|Grants to District Level DDPI Offices|466|Koppal|2202-02-196-1-01|Koppal|V|Data|Object-Head|2858.77|3466.76|3466.76|262.20|100.0
64|02|17|2202|General Education|02|Secondary Education|196|Assistance to Zilla Panchayats/District Level Panchayats|1||01|Grants to District Level DDPI Offices|467|Vijayanagara|2202-02-196-1-01|Vijayanagara|V|Data|Object-Head|5350.49|6584.71|6584.71|262.50|100.0
64|02|17|2202|General Education|02|Secondary Education|196|Assistance to Zilla Panchayats/District Level Panchayats|1||01|Grants to District Level DDPI Offices|||2202-02-196-1-01|HOA Total :|V|Total|Detailed-Head|280817.54|324993.30|324993.30|12289.22|100.0
64|02|17|2202|General Education|02|Secondary Education|196|Assistance to Zilla Panchayats/District Level Panchayats|1||03|ZP Schools (Salary-Samagra Shikshana)|||2202-02-196-1-03|ZP Schools (Salary-Samagra Shikshana)|V|Header|Detailed-Head|||||100.0
64|02|17|2202|General Education|02|Secondary Education|196|Assistance to Zilla Panchayats/District Level Panchayats|1||03|ZP Schools (Salary-Samagra Shikshana)|401|Bengaluru (Urban)|2202-02-196-1-03|Bengaluru (Urban)|V|Data|Object-Head|122.76|116.44|116.44|90.16|100.0
64|02|17|2202|General Education|02|Secondary Education|196|Assistance to Zilla Panchayats/District Level Panchayats|1||03|ZP Schools (Salary-Samagra Shikshana)|402|Bengaluru (Rural)|2202-02-196-1-03|Bengaluru (Rural)|V|Data|Object-Head|32.14|36.47|36.47|1.00|100.0
64|02|17|2202|General Education|02|Secondary Education|196|Assistance to Zilla Panchayats/District Level Panchayats|1||03|ZP Schools (Salary-Samagra Shikshana)|403|Chitradurga|2202-02-196-1-03|Chitradurga|V|Data|Object-Head|33.38|36.77|36.77|38.93|100.0
64|02|17|2202|General Education|02|Secondary Education|196|Assistance to Zilla Panchayats/District Level Panchayats|1||03|ZP Schools (Salary-Samagra Shikshana)|404|Kolar|2202-02-196-1-03|Kolar|V|Data|Object-Head|30.47|12.97|37.79|41.25|100.0
64|02|17|2202|General Education|02|Secondary Education|196|Assistance to Zilla Panchayats/District Level Panchayats|1||03|ZP Schools (Salary-Samagra Shikshana)|405|Shivamogga|2202-02-196-1-03|Shivamogga|V|Data|Object-Head|33.36|15.99|15.99|17.20|100.0
64|02|17|2202|General Education|02|Secondary Education|196|Assistance to Zilla Panchayats/District Level Panchayats|1||03|ZP Schools (Salary-Samagra Shikshana)|406|Tumakuru|2202-02-196-1-03|Tumakuru|V|Data|Object-Head|63.25|60.70|60.70|77.90|100.0
64|02|17|2202|General Education|02|Secondary Education|196|Assistance to Zilla Panchayats/District Level Panchayats|1||03|ZP Schools (Salary-Samagra Shikshana)|407|Mysuru|2202-02-196-1-03|Mysuru|V|Data|Object-Head|33.85|39.93|39.93|26.37|100.0
64|02|17|2202|General Education|02|Secondary Education|196|Assistance to Zilla Panchayats/District Level Panchayats|1||03|ZP Schools (Salary-Samagra Shikshana)|408|Chikkamagaluru|2202-02-196-1-03|Chikkamagaluru|V|Data|Object-Head|30.77|37.53|37.53|42.71|100.0
64|02|17|2202|General Education|02|Secondary Education|196|Assistance to Zilla Panchayats/District Level Panchayats|1||03|ZP Schools (Salary-Samagra Shikshana)|409|Dakshina Kannada|2202-02-196-1-03|Dakshina Kannada|V|Data|Object-Head|35.88|36.98|36.98|40.96|100.0
64|02|17|2202|General Education|02|Secondary Education|196|Assistance to Zilla Panchayats/District Level Panchayats|1||03|ZP Schools (Salary-Samagra Shikshana)|410|Hassan|2202-02-196-1-03|Hassan|V|Data|Object-Head|33.89|37.41|37.41|39.87|100.0
64|02|17|2202|General Education|02|Secondary Education|196|Assistance to Zilla Panchayats/District Level Panchayats|1||03|ZP Schools (Salary-Samagra Shikshana)|411|Kodagu|2202-02-196-1-03|Kodagu|V|Data|Object-Head|33.87|38.93|38.93|40.94|100.0
64|02|17|2202|General Education|02|Secondary Education|196|Assistance to Zilla Panchayats/District Level Panchayats|1||03|ZP Schools (Salary-Samagra Shikshana)|412|Mandya|2202-02-196-1-03|Mandya|V|Data|Object-Head|37.05|34.16|34.16|36.87|100.0
64|02|17|2202|General Education|02|Secondary Education|196|Assistance to Zilla Panchayats/District Level Panchayats|1||03|ZP Schools (Salary-Samagra Shikshana)|413|Belagavi|2202-02-196-1-03|Belagavi|V|Data|Object-Head|86.26|103.72|103.72|86.84|100.0
64|02|17|2202|General Education|02|Secondary Education|196|Assistance to Zilla Panchayats/District Level Panchayats|1||03|ZP Schools (Salary-Samagra Shikshana)|414|Vijayapura|2202-02-196-1-03|Vijayapura|V|Data|Object-Head|33.89|37.57|37.57|40.03|100.0
64|02|17|2202|General Education|02|Secondary Education|196|Assistance to Zilla Panchayats/District Level Panchayats|1||03|ZP Schools (Salary-Samagra Shikshana)|415|Dharwad|2202-02-196-1-03|Dharwad|V|Data|Object-Head|47.42|54.90|54.90|58.09|100.0
64|02|17|2202|General Education|02|Secondary Education|196|Assistance to Zilla Panchayats/District Level Panchayats|1||03|ZP Schools (Salary-Samagra Shikshana)|416|Uttara Kannada|2202-02-196-1-03|Uttara Kannada|V|Data|Object-Head|79.03|91.21|91.21|101.04|100.0
65|02|17|2202|General Education|02|Secondary Education|196|Assistance to Zilla Panchayats/District Level Panchayats|1||03|ZP Schools (Salary-Samagra Shikshana)|417|Kalaburagi|2202-02-196-1-03|Kalaburagi|V|Data|Object-Head|50.98|40.15|40.15|42.84|100.0
65|02|17|2202|General Education|02|Secondary Education|196|Assistance to Zilla Panchayats/District Level Panchayats|1||03|ZP Schools (Salary-Samagra Shikshana)|418|Ballari|2202-02-196-1-03|Ballari|V|Data|Object-Head|33.38|1.00|23.00|1.00|100.0
65|02|17|2202|General Education|02|Secondary Education|196|Assistance to Zilla Panchayats/District Level Panchayats|1||03|ZP Schools (Salary-Samagra Shikshana)|419|Bidar|2202-02-196-1-03|Bidar|V|Data|Object-Head|13.66|15.36|29.62|32.96|100.0
65|02|17|2202|General Education|02|Secondary Education|196|Assistance to Zilla Panchayats/District Level Panchayats|1||03|ZP Schools (Salary-Samagra Shikshana)|420|Raichur|2202-02-196-1-03|Raichur|V|Data|Object-Head|23.43|21.97|21.97|1.00|100.0
65|02|17|2202|General Education|02|Secondary Education|196|Assistance to Zilla Panchayats/District Level Panchayats|1||03|ZP Schools (Salary-Samagra Shikshana)|421|Yadgiri|2202-02-196-1-03|Yadgiri|V|Data|Object-Head|30.84|22.63|22.63|15.61|100.0
65|02|17|2202|General Education|02|Secondary Education|196|Assistance to Zilla Panchayats/District Level Panchayats|1||03|ZP Schools (Salary-Samagra Shikshana)|451|Davanagere|2202-02-196-1-03|Davanagere|V|Data|Object-Head|30.54|37.42|37.42|40.34|100.0
65|02|17|2202|General Education|02|Secondary Education|196|Assistance to Zilla Panchayats/District Level Panchayats|1||03|ZP Schools (Salary-Samagra Shikshana)|452|Bengaluru South|2202-02-196-1-03|Bengaluru South|V|Data|Object-Head|35.20|1.00|23.00|25.98|100.0
65|02|17|2202|General Education|02|Secondary Education|196|Assistance to Zilla Panchayats/District Level Panchayats|1||03|ZP Schools (Salary-Samagra Shikshana)|453|Chikkaballapura|2202-02-196-1-03|Chikkaballapura|V|Data|Object-Head|34.30|39.84|39.84|40.86|100.0
65|02|17|2202|General Education|02|Secondary Education|196|Assistance to Zilla Panchayats/District Level Panchayats|1||03|ZP Schools (Salary-Samagra Shikshana)|456|Chamarajanagar|2202-02-196-1-03|Chamarajanagar|V|Data|Object-Head|33.01|37.18|37.18|41.18|100.0
65|02|17|2202|General Education|02|Secondary Education|196|Assistance to Zilla Panchayats/District Level Panchayats|1||03|ZP Schools (Salary-Samagra Shikshana)|457|Udupi|2202-02-196-1-03|Udupi|V|Data|Object-Head|13.08|1.00|1.00|1.00|100.0
65|02|17|2202|General Education|02|Secondary Education|196|Assistance to Zilla Panchayats/District Level Panchayats|1||03|ZP Schools (Salary-Samagra Shikshana)|461|Bagalkot|2202-02-196-1-03|Bagalkot|V|Data|Object-Head|26.21|16.54|16.54|17.31|100.0
65|02|17|2202|General Education|02|Secondary Education|196|Assistance to Zilla Panchayats/District Level Panchayats|1||03|ZP Schools (Salary-Samagra Shikshana)|462|Gadag|2202-02-196-1-03|Gadag|V|Data|Object-Head|34.68|11.68|33.68|36.77|100.0
65|02|17|2202|General Education|02|Secondary Education|196|Assistance to Zilla Panchayats/District Level Panchayats|1||03|ZP Schools (Salary-Samagra Shikshana)|463|Haveri|2202-02-196-1-03|Haveri|V|Data|Object-Head|33.33|22.52|22.52|26.99|100.0
65|02|17|2202|General Education|02|Secondary Education|196|Assistance to Zilla Panchayats/District Level Panchayats|1||03|ZP Schools (Salary-Samagra Shikshana)|||2202-02-196-1-03|HOA Total :|V|Total|Detailed-Head|1159.91|1059.97|1165.05|1104.00|100.0
65|02|17|2202|General Education|02|Secondary Education|196|Assistance to Zilla Panchayats/District Level Panchayats|1||04|GIA to District Level Schools|||2202-02-196-1-04|GIA to District Level Schools|V|Header|Detailed-Head|||||100.0
65|02|17|2202|General Education|02|Secondary Education|196|Assistance to Zilla Panchayats/District Level Panchayats|1||04|GIA to District Level Schools|401|Bengaluru (Urban)|2202-02-196-1-04|Bengaluru (Urban)|V|Data|Object-Head||||23595.12|100.0
65|02|17|2202|General Education|02|Secondary Education|196|Assistance to Zilla Panchayats/District Level Panchayats|1||04|GIA to District Level Schools|402|Bengaluru (Rural)|2202-02-196-1-04|Bengaluru (Rural)|V|Data|Object-Head||||3350.91|100.0
65|02|17|2202|General Education|02|Secondary Education|196|Assistance to Zilla Panchayats/District Level Panchayats|1||04|GIA to District Level Schools|403|Chitradurga|2202-02-196-1-04|Chitradurga|V|Data|Object-Head||||14901.52|100.0
65|02|17|2202|General Education|02|Secondary Education|196|Assistance to Zilla Panchayats/District Level Panchayats|1||04|GIA to District Level Schools|404|Kolar|2202-02-196-1-04|Kolar|V|Data|Object-Head||||4528.01|100.0
65|02|17|2202|General Education|02|Secondary Education|196|Assistance to Zilla Panchayats/District Level Panchayats|1||04|GIA to District Level Schools|405|Shivamogga|2202-02-196-1-04|Shivamogga|V|Data|Object-Head||||12005.51|100.0
65|02|17|2202|General Education|02|Secondary Education|196|Assistance to Zilla Panchayats/District Level Panchayats|1||04|GIA to District Level Schools|406|Tumakuru|2202-02-196-1-04|Tumakuru|V|Data|Object-Head||||18566.12|100.0
65|02|17|2202|General Education|02|Secondary Education|196|Assistance to Zilla Panchayats/District Level Panchayats|1||04|GIA to District Level Schools|407|Mysuru|2202-02-196-1-04|Mysuru|V|Data|Object-Head||||10241.21|100.0
65|02|17|2202|General Education|02|Secondary Education|196|Assistance to Zilla Panchayats/District Level Panchayats|1||04|GIA to District Level Schools|408|Chikkamagaluru|2202-02-196-1-04|Chikkamagaluru|V|Data|Object-Head||||7537.01|100.0
65|02|17|2202|General Education|02|Secondary Education|196|Assistance to Zilla Panchayats/District Level Panchayats|1||04|GIA to District Level Schools|409|Dakshina Kannada|2202-02-196-1-04|Dakshina Kannada|V|Data|Object-Head||||9107.13|100.0
65|02|17|2202|General Education|02|Secondary Education|196|Assistance to Zilla Panchayats/District Level Panchayats|1||04|GIA to District Level Schools|410|Hassan|2202-02-196-1-04|Hassan|V|Data|Object-Head||||9457.25|100.0
65|02|17|2202|General Education|02|Secondary Education|196|Assistance to Zilla Panchayats/District Level Panchayats|1||04|GIA to District Level Schools|411|Kodagu|2202-02-196-1-04|Kodagu|V|Data|Object-Head||||3786.02|100.0
65|02|17|2202|General Education|02|Secondary Education|196|Assistance to Zilla Panchayats/District Level Panchayats|1||04|GIA to District Level Schools|412|Mandya|2202-02-196-1-04|Mandya|V|Data|Object-Head||||6685.66|100.0
65|02|17|2202|General Education|02|Secondary Education|196|Assistance to Zilla Panchayats/District Level Panchayats|1||04|GIA to District Level Schools|413|Belagavi|2202-02-196-1-04|Belagavi|V|Data|Object-Head||||34862.43|100.0
65|02|17|2202|General Education|02|Secondary Education|196|Assistance to Zilla Panchayats/District Level Panchayats|1||04|GIA to District Level Schools|414|Vijayapura|2202-02-196-1-04|Vijayapura|V|Data|Object-Head||||19099.51|100.0
66|02|17|2202|General Education|02|Secondary Education|196|Assistance to Zilla Panchayats/District Level Panchayats|1||04|GIA to District Level Schools|415|Dharwad|2202-02-196-1-04|Dharwad|V|Data|Object-Head||||15098.33|100.0
66|02|17|2202|General Education|02|Secondary Education|196|Assistance to Zilla Panchayats/District Level Panchayats|1||04|GIA to District Level Schools|416|Uttara Kannada|2202-02-196-1-04|Uttara Kannada|V|Data|Object-Head||||12128.46|100.0
66|02|17|2202|General Education|02|Secondary Education|196|Assistance to Zilla Panchayats/District Level Panchayats|1||04|GIA to District Level Schools|417|Kalaburagi|2202-02-196-1-04|Kalaburagi|V|Data|Object-Head||||10144.28|100.0
66|02|17|2202|General Education|02|Secondary Education|196|Assistance to Zilla Panchayats/District Level Panchayats|1||04|GIA to District Level Schools|418|Ballari|2202-02-196-1-04|Ballari|V|Data|Object-Head||||2552.73|100.0
66|02|17|2202|General Education|02|Secondary Education|196|Assistance to Zilla Panchayats/District Level Panchayats|1||04|GIA to District Level Schools|419|Bidar|2202-02-196-1-04|Bidar|V|Data|Object-Head||||11077.68|100.0
66|02|17|2202|General Education|02|Secondary Education|196|Assistance to Zilla Panchayats/District Level Panchayats|1||04|GIA to District Level Schools|420|Raichur|2202-02-196-1-04|Raichur|V|Data|Object-Head||||3121.66|100.0
66|02|17|2202|General Education|02|Secondary Education|196|Assistance to Zilla Panchayats/District Level Panchayats|1||04|GIA to District Level Schools|421|Yadgiri|2202-02-196-1-04|Yadgiri|V|Data|Object-Head||||1684.75|100.0
66|02|17|2202|General Education|02|Secondary Education|196|Assistance to Zilla Panchayats/District Level Panchayats|1||04|GIA to District Level Schools|451|Davanagere|2202-02-196-1-04|Davanagere|V|Data|Object-Head||||13270.56|100.0
66|02|17|2202|General Education|02|Secondary Education|196|Assistance to Zilla Panchayats/District Level Panchayats|1||04|GIA to District Level Schools|452|Bengaluru South|2202-02-196-1-04|Bengaluru South|V|Data|Object-Head||||5014.52|100.0
66|02|17|2202|General Education|02|Secondary Education|196|Assistance to Zilla Panchayats/District Level Panchayats|1||04|GIA to District Level Schools|453|Chikkaballapura|2202-02-196-1-04|Chikkaballapura|V|Data|Object-Head||||3351.34|100.0
66|02|17|2202|General Education|02|Secondary Education|196|Assistance to Zilla Panchayats/District Level Panchayats|1||04|GIA to District Level Schools|456|Chamarajanagar|2202-02-196-1-04|Chamarajanagar|V|Data|Object-Head||||3152.69|100.0
66|02|17|2202|General Education|02|Secondary Education|196|Assistance to Zilla Panchayats/District Level Panchayats|1||04|GIA to District Level Schools|457|Udupi|2202-02-196-1-04|Udupi|V|Data|Object-Head||||5048.26|100.0
66|02|17|2202|General Education|02|Secondary Education|196|Assistance to Zilla Panchayats/District Level Panchayats|1||04|GIA to District Level Schools|461|Bagalkot|2202-02-196-1-04|Bagalkot|V|Data|Object-Head||||10731.82|100.0
66|02|17|2202|General Education|02|Secondary Education|196|Assistance to Zilla Panchayats/District Level Panchayats|1||04|GIA to District Level Schools|462|Gadag|2202-02-196-1-04|Gadag|V|Data|Object-Head||||9149.58|100.0
66|02|17|2202|General Education|02|Secondary Education|196|Assistance to Zilla Panchayats/District Level Panchayats|1||04|GIA to District Level Schools|463|Haveri|2202-02-196-1-04|Haveri|V|Data|Object-Head||||14273.48|100.0
66|02|17|2202|General Education|02|Secondary Education|196|Assistance to Zilla Panchayats/District Level Panchayats|1||04|GIA to District Level Schools|466|Koppal|2202-02-196-1-04|Koppal|V|Data|Object-Head||||3139.94|100.0
66|02|17|2202|General Education|02|Secondary Education|196|Assistance to Zilla Panchayats/District Level Panchayats|1||04|GIA to District Level Schools|467|Vijayanagara|2202-02-196-1-04|Vijayanagara|V|Data|Object-Head||||6341.97|100.0
66|02|17|2202|General Education|02|Secondary Education|196|Assistance to Zilla Panchayats/District Level Panchayats|1||04|GIA to District Level Schools|||2202-02-196-1-04|HOA Total :|V|Total|Detailed-Head|0.00|0.00|0.00|307005.46|100.0
66|02|17|2202|General Education|02|Secondary Education|196|Assistance to Zilla Panchayats/District Level Panchayats|1||05|Financial Assistance and Reimbursement of Fees to Students|||2202-02-196-1-05|Financial Assistance and Reimbursement of Fees to Students|V|Header|Detailed-Head|||||100.0
66|02|17|2202|General Education|02|Secondary Education|196|Assistance to Zilla Panchayats/District Level Panchayats|1||05|Financial Assistance and Reimbursement of Fees to Students|401|Bengaluru (Urban)|2202-02-196-1-05|Bengaluru (Urban)|V|Data|Object-Head||||346.91|100.0
66|02|17|2202|General Education|02|Secondary Education|196|Assistance to Zilla Panchayats/District Level Panchayats|1||05|Financial Assistance and Reimbursement of Fees to Students|402|Bengaluru (Rural)|2202-02-196-1-05|Bengaluru (Rural)|V|Data|Object-Head||||60.00|100.0
66|02|17|2202|General Education|02|Secondary Education|196|Assistance to Zilla Panchayats/District Level Panchayats|1||05|Financial Assistance and Reimbursement of Fees to Students|403|Chitradurga|2202-02-196-1-05|Chitradurga|V|Data|Object-Head||||87.52|100.0
66|02|17|2202|General Education|02|Secondary Education|196|Assistance to Zilla Panchayats/District Level Panchayats|1||05|Financial Assistance and Reimbursement of Fees to Students|404|Kolar|2202-02-196-1-05|Kolar|V|Data|Object-Head||||68.71|100.0
66|02|17|2202|General Education|02|Secondary Education|196|Assistance to Zilla Panchayats/District Level Panchayats|1||05|Financial Assistance and Reimbursement of Fees to Students|405|Shivamogga|2202-02-196-1-05|Shivamogga|V|Data|Object-Head||||110.00|100.0
66|02|17|2202|General Education|02|Secondary Education|196|Assistance to Zilla Panchayats/District Level Panchayats|1||05|Financial Assistance and Reimbursement of Fees to Students|406|Tumakuru|2202-02-196-1-05|Tumakuru|V|Data|Object-Head||||313.74|100.0
66|02|17|2202|General Education|02|Secondary Education|196|Assistance to Zilla Panchayats/District Level Panchayats|1||05|Financial Assistance and Reimbursement of Fees to Students|407|Mysuru|2202-02-196-1-05|Mysuru|V|Data|Object-Head||||284.24|100.0
66|02|17|2202|General Education|02|Secondary Education|196|Assistance to Zilla Panchayats/District Level Panchayats|1||05|Financial Assistance and Reimbursement of Fees to Students|408|Chikkamagaluru|2202-02-196-1-05|Chikkamagaluru|V|Data|Object-Head||||60.37|100.0
66|02|17|2202|General Education|02|Secondary Education|196|Assistance to Zilla Panchayats/District Level Panchayats|1||05|Financial Assistance and Reimbursement of Fees to Students|409|Dakshina Kannada|2202-02-196-1-05|Dakshina Kannada|V|Data|Object-Head||||69.00|100.0
66|02|17|2202|General Education|02|Secondary Education|196|Assistance to Zilla Panchayats/District Level Panchayats|1||05|Financial Assistance and Reimbursement of Fees to Students|410|Hassan|2202-02-196-1-05|Hassan|V|Data|Object-Head||||163.30|100.0
67|02|17|2202|General Education|02|Secondary Education|196|Assistance to Zilla Panchayats/District Level Panchayats|1||05|Financial Assistance and Reimbursement of Fees to Students|411|Kodagu|2202-02-196-1-05|Kodagu|V|Data|Object-Head||||26.21|100.0
67|02|17|2202|General Education|02|Secondary Education|196|Assistance to Zilla Panchayats/District Level Panchayats|1||05|Financial Assistance and Reimbursement of Fees to Students|412|Mandya|2202-02-196-1-05|Mandya|V|Data|Object-Head||||73.53|100.0
67|02|17|2202|General Education|02|Secondary Education|196|Assistance to Zilla Panchayats/District Level Panchayats|1||05|Financial Assistance and Reimbursement of Fees to Students|413|Belagavi|2202-02-196-1-05|Belagavi|V|Data|Object-Head||||234.79|100.0
67|02|17|2202|General Education|02|Secondary Education|196|Assistance to Zilla Panchayats/District Level Panchayats|1||05|Financial Assistance and Reimbursement of Fees to Students|414|Vijayapura|2202-02-196-1-05|Vijayapura|V|Data|Object-Head||||133.38|100.0
67|02|17|2202|General Education|02|Secondary Education|196|Assistance to Zilla Panchayats/District Level Panchayats|1||05|Financial Assistance and Reimbursement of Fees to Students|415|Dharwad|2202-02-196-1-05|Dharwad|V|Data|Object-Head||||140.05|100.0
67|02|17|2202|General Education|02|Secondary Education|196|Assistance to Zilla Panchayats/District Level Panchayats|1||05|Financial Assistance and Reimbursement of Fees to Students|416|Uttara Kannada|2202-02-196-1-05|Uttara Kannada|V|Data|Object-Head||||70.73|100.0
67|02|17|2202|General Education|02|Secondary Education|196|Assistance to Zilla Panchayats/District Level Panchayats|1||05|Financial Assistance and Reimbursement of Fees to Students|417|Kalaburagi|2202-02-196-1-05|Kalaburagi|V|Data|Object-Head||||294.23|100.0
67|02|17|2202|General Education|02|Secondary Education|196|Assistance to Zilla Panchayats/District Level Panchayats|1||05|Financial Assistance and Reimbursement of Fees to Students|418|Ballari|2202-02-196-1-05|Ballari|V|Data|Object-Head||||101.54|100.0
67|02|17|2202|General Education|02|Secondary Education|196|Assistance to Zilla Panchayats/District Level Panchayats|1||05|Financial Assistance and Reimbursement of Fees to Students|419|Bidar|2202-02-196-1-05|Bidar|V|Data|Object-Head||||148.35|100.0
67|02|17|2202|General Education|02|Secondary Education|196|Assistance to Zilla Panchayats/District Level Panchayats|1||05|Financial Assistance and Reimbursement of Fees to Students|420|Raichur|2202-02-196-1-05|Raichur|V|Data|Object-Head||||237.48|100.0
67|02|17|2202|General Education|02|Secondary Education|196|Assistance to Zilla Panchayats/District Level Panchayats|1||05|Financial Assistance and Reimbursement of Fees to Students|421|Yadgiri|2202-02-196-1-05|Yadgiri|V|Data|Object-Head||||105.62|100.0
67|02|17|2202|General Education|02|Secondary Education|196|Assistance to Zilla Panchayats/District Level Panchayats|1||05|Financial Assistance and Reimbursement of Fees to Students|451|Davanagere|2202-02-196-1-05|Davanagere|V|Data|Object-Head||||154.88|100.0
67|02|17|2202|General Education|02|Secondary Education|196|Assistance to Zilla Panchayats/District Level Panchayats|1||05|Financial Assistance and Reimbursement of Fees to Students|452|Bengaluru South|2202-02-196-1-05|Bengaluru South|V|Data|Object-Head||||73.05|100.0
67|02|17|2202|General Education|02|Secondary Education|196|Assistance to Zilla Panchayats/District Level Panchayats|1||05|Financial Assistance and Reimbursement of Fees to Students|453|Chikkaballapura|2202-02-196-1-05|Chikkaballapura|V|Data|Object-Head||||171.51|100.0
67|02|17|2202|General Education|02|Secondary Education|196|Assistance to Zilla Panchayats/District Level Panchayats|1||05|Financial Assistance and Reimbursement of Fees to Students|456|Chamarajanagar|2202-02-196-1-05|Chamarajanagar|V|Data|Object-Head||||120.08|100.0
67|02|17|2202|General Education|02|Secondary Education|196|Assistance to Zilla Panchayats/District Level Panchayats|1||05|Financial Assistance and Reimbursement of Fees to Students|457|Udupi|2202-02-196-1-05|Udupi|V|Data|Object-Head||||45.25|100.0
67|02|17|2202|General Education|02|Secondary Education|196|Assistance to Zilla Panchayats/District Level Panchayats|1||05|Financial Assistance and Reimbursement of Fees to Students|461|Bagalkot|2202-02-196-1-05|Bagalkot|V|Data|Object-Head||||163.55|100.0
67|02|17|2202|General Education|02|Secondary Education|196|Assistance to Zilla Panchayats/District Level Panchayats|1||05|Financial Assistance and Reimbursement of Fees to Students|462|Gadag|2202-02-196-1-05|Gadag|V|Data|Object-Head||||117.46|100.0
67|02|17|2202|General Education|02|Secondary Education|196|Assistance to Zilla Panchayats/District Level Panchayats|1||05|Financial Assistance and Reimbursement of Fees to Students|463|Haveri|2202-02-196-1-05|Haveri|V|Data|Object-Head||||90.98|100.0
67|02|17|2202|General Education|02|Secondary Education|196|Assistance to Zilla Panchayats/District Level Panchayats|1||05|Financial Assistance and Reimbursement of Fees to Students|466|Koppal|2202-02-196-1-05|Koppal|V|Data|Object-Head||||85.20|100.0
67|02|17|2202|General Education|02|Secondary Education|196|Assistance to Zilla Panchayats/District Level Panchayats|1||05|Financial Assistance and Reimbursement of Fees to Students|467|Vijayanagara|2202-02-196-1-05|Vijayanagara|V|Data|Object-Head||||168.47|100.0
67|02|17|2202|General Education|02|Secondary Education|196|Assistance to Zilla Panchayats/District Level Panchayats|1||05|Financial Assistance and Reimbursement of Fees to Students|||2202-02-196-1-05|HOA Total :|V|Total|Detailed-Head|0.00|0.00|0.00|4320.13|100.0
67|02|17|2202|General Education|02|Secondary Education|197|Assistance to Block Panchayats/Intermediate Level Panchayats|1||01|Grants to Government High Schools and Residential High Schools|||2202-02-197-1-01|Grants to Government High Schools and Residential High Schools|V|Header|Detailed-Head|||||100.0
67|02|17|2202|General Education|02|Secondary Education|197|Assistance to Block Panchayats/Intermediate Level Panchayats|1||01|Grants to Government High Schools and Residential High Schools|300|Lumpsum - ZP|2202-02-197-1-01|Lumpsum - ZP|V|Data|Object-Head|5185.94|11500.00|11500.00|12500.00|100.0
67|02|17|2202|General Education|02|Secondary Education|197|Assistance to Block Panchayats/Intermediate Level Panchayats|1||01|Grants to Government High Schools and Residential High Schools|401|Bengaluru (Urban)|2202-02-197-1-01|Bengaluru (Urban)|V|Data|Object-Head|22377.90|25300.23|25300.23|25683.28|100.0
67|02|17|2202|General Education|02|Secondary Education|197|Assistance to Block Panchayats/Intermediate Level Panchayats|1||01|Grants to Government High Schools and Residential High Schools|402|Bengaluru (Rural)|2202-02-197-1-01|Bengaluru (Rural)|V|Data|Object-Head|7080.25|7219.05|7219.05|7184.88|100.0
67|02|17|2202|General Education|02|Secondary Education|197|Assistance to Block Panchayats/Intermediate Level Panchayats|1||01|Grants to Government High Schools and Residential High Schools|403|Chitradurga|2202-02-197-1-01|Chitradurga|V|Data|Object-Head|13676.02|15420.20|15420.20|15662.20|100.0
67|02|17|2202|General Education|02|Secondary Education|197|Assistance to Block Panchayats/Intermediate Level Panchayats|1||01|Grants to Government High Schools and Residential High Schools|404|Kolar|2202-02-197-1-01|Kolar|V|Data|Object-Head|11573.83|12123.73|12123.73|12217.15|100.0
68|02|17|2202|General Education|02|Secondary Education|197|Assistance to Block Panchayats/Intermediate Level Panchayats|1||01|Grants to Government High Schools and Residential High Schools|405|Shivamogga|2202-02-197-1-01|Shivamogga|V|Data|Object-Head|20183.95|21755.11|21755.11|22103.96|100.0
68|02|17|2202|General Education|02|Secondary Education|197|Assistance to Block Panchayats/Intermediate Level Panchayats|1||01|Grants to Government High Schools and Residential High Schools|406|Tumakuru|2202-02-197-1-01|Tumakuru|V|Data|Object-Head|25138.99|27198.01|27198.01|27084.31|100.0
68|02|17|2202|General Education|02|Secondary Education|197|Assistance to Block Panchayats/Intermediate Level Panchayats|1||01|Grants to Government High Schools and Residential High Schools|407|Mysuru|2202-02-197-1-01|Mysuru|V|Data|Object-Head|26584.16|29153.36|29153.36|29181.83|100.0
68|02|17|2202|General Education|02|Secondary Education|197|Assistance to Block Panchayats/Intermediate Level Panchayats|1||01|Grants to Government High Schools and Residential High Schools|408|Chikkamagaluru|2202-02-197-1-01|Chikkamagaluru|V|Data|Object-Head|13444.05|14284.42|14284.42|14471.68|100.0
68|02|17|2202|General Education|02|Secondary Education|197|Assistance to Block Panchayats/Intermediate Level Panchayats|1||01|Grants to Government High Schools and Residential High Schools|409|Dakshina Kannada|2202-02-197-1-01|Dakshina Kannada|V|Data|Object-Head|15881.97|17422.57|17422.57|17750.97|100.0
68|02|17|2202|General Education|02|Secondary Education|197|Assistance to Block Panchayats/Intermediate Level Panchayats|1||01|Grants to Government High Schools and Residential High Schools|410|Hassan|2202-02-197-1-01|Hassan|V|Data|Object-Head|24020.65|25701.54|25701.54|25740.03|100.0
68|02|17|2202|General Education|02|Secondary Education|197|Assistance to Block Panchayats/Intermediate Level Panchayats|1||01|Grants to Government High Schools and Residential High Schools|411|Kodagu|2202-02-197-1-01|Kodagu|V|Data|Object-Head|3979.94|4223.04|4223.04|4224.02|100.0
68|02|17|2202|General Education|02|Secondary Education|197|Assistance to Block Panchayats/Intermediate Level Panchayats|1||01|Grants to Government High Schools and Residential High Schools|412|Mandya|2202-02-197-1-01|Mandya|V|Data|Object-Head|20664.38|21822.21|21822.21|21822.96|100.0
68|02|17|2202|General Education|02|Secondary Education|197|Assistance to Block Panchayats/Intermediate Level Panchayats|1||01|Grants to Government High Schools and Residential High Schools|413|Belagavi|2202-02-197-1-01|Belagavi|V|Data|Object-Head|32817.63|36509.11|36509.11|37841.03|100.0
68|02|17|2202|General Education|02|Secondary Education|197|Assistance to Block Panchayats/Intermediate Level Panchayats|1||01|Grants to Government High Schools and Residential High Schools|414|Vijayapura|2202-02-197-1-01|Vijayapura|V|Data|Object-Head|16200.99|19032.28|19032.28|19674.15|100.0
68|02|17|2202|General Education|02|Secondary Education|197|Assistance to Block Panchayats/Intermediate Level Panchayats|1||01|Grants to Government High Schools and Residential High Schools|415|Dharwad|2202-02-197-1-01|Dharwad|V|Data|Object-Head|11434.11|13020.87|13020.87|13367.55|100.0
68|02|17|2202|General Education|02|Secondary Education|197|Assistance to Block Panchayats/Intermediate Level Panchayats|1||01|Grants to Government High Schools and Residential High Schools|416|Uttara Kannada|2202-02-197-1-01|Uttara Kannada|V|Data|Object-Head|13694.40|14465.87|14465.87|14618.14|100.0
68|02|17|2202|General Education|02|Secondary Education|197|Assistance to Block Panchayats/Intermediate Level Panchayats|1||01|Grants to Government High Schools and Residential High Schools|417|Kalaburagi|2202-02-197-1-01|Kalaburagi|V|Data|Object-Head|28112.70|30312.23|30312.23|30700.09|100.0
68|02|17|2202|General Education|02|Secondary Education|197|Assistance to Block Panchayats/Intermediate Level Panchayats|1||01|Grants to Government High Schools and Residential High Schools|418|Ballari|2202-02-197-1-01|Ballari|V|Data|Object-Head|9115.59|9388.66|9490.66|9630.30|100.0
68|02|17|2202|General Education|02|Secondary Education|197|Assistance to Block Panchayats/Intermediate Level Panchayats|1||01|Grants to Government High Schools and Residential High Schools|419|Bidar|2202-02-197-1-01|Bidar|V|Data|Object-Head|17380.81|18289.98|18289.98|18263.94|100.0
68|02|17|2202|General Education|02|Secondary Education|197|Assistance to Block Panchayats/Intermediate Level Panchayats|1||01|Grants to Government High Schools and Residential High Schools|420|Raichur|2202-02-197-1-01|Raichur|V|Data|Object-Head|17247.42|17492.67|17492.67|17600.47|100.0
68|02|17|2202|General Education|02|Secondary Education|197|Assistance to Block Panchayats/Intermediate Level Panchayats|1||01|Grants to Government High Schools and Residential High Schools|421|Yadgiri|2202-02-197-1-01|Yadgiri|V|Data|Object-Head|11142.59|12331.10|12331.10|12306.99|100.0
68|02|17|2202|General Education|02|Secondary Education|197|Assistance to Block Panchayats/Intermediate Level Panchayats|1||01|Grants to Government High Schools and Residential High Schools|451|Davanagere|2202-02-197-1-01|Davanagere|V|Data|Object-Head|18106.75|20033.86|20033.86|20219.20|100.0
68|02|17|2202|General Education|02|Secondary Education|197|Assistance to Block Panchayats/Intermediate Level Panchayats|1||01|Grants to Government High Schools and Residential High Schools|452|Bengaluru South|2202-02-197-1-01|Bengaluru South|V|Data|Object-Head|9645.14|10353.79|10353.79|10273.90|100.0
68|02|17|2202|General Education|02|Secondary Education|197|Assistance to Block Panchayats/Intermediate Level Panchayats|1||01|Grants to Government High Schools and Residential High Schools|453|Chikkaballapura|2202-02-197-1-01|Chikkaballapura|V|Data|Object-Head|10080.89|10719.03|10719.03|10612.53|100.0
68|02|17|2202|General Education|02|Secondary Education|197|Assistance to Block Panchayats/Intermediate Level Panchayats|1||01|Grants to Government High Schools and Residential High Schools|456|Chamarajanagar|2202-02-197-1-01|Chamarajanagar|V|Data|Object-Head|8458.43|9285.00|9285.00|9393.17|100.0
68|02|17|2202|General Education|02|Secondary Education|197|Assistance to Block Panchayats/Intermediate Level Panchayats|1||01|Grants to Government High Schools and Residential High Schools|457|Udupi|2202-02-197-1-01|Udupi|V|Data|Object-Head|13306.43|14378.64|14378.64|14541.32|100.0
68|02|17|2202|General Education|02|Secondary Education|197|Assistance to Block Panchayats/Intermediate Level Panchayats|1||01|Grants to Government High Schools and Residential High Schools|461|Bagalkot|2202-02-197-1-01|Bagalkot|V|Data|Object-Head|19051.90|21155.38|21155.38|21750.49|100.0
68|02|17|2202|General Education|02|Secondary Education|197|Assistance to Block Panchayats/Intermediate Level Panchayats|1||01|Grants to Government High Schools and Residential High Schools|462|Gadag|2202-02-197-1-01|Gadag|V|Data|Object-Head|8783.99|10010.11|10010.11|10152.02|100.0
68|02|17|2202|General Education|02|Secondary Education|197|Assistance to Block Panchayats/Intermediate Level Panchayats|1||01|Grants to Government High Schools and Residential High Schools|463|Haveri|2202-02-197-1-01|Haveri|V|Data|Object-Head|13991.68|15532.95|15532.95|15845.42|100.0
68|02|17|2202|General Education|02|Secondary Education|197|Assistance to Block Panchayats/Intermediate Level Panchayats|1||01|Grants to Government High Schools and Residential High Schools|466|Koppal|2202-02-197-1-01|Koppal|V|Data|Object-Head|15605.45|17409.35|17759.35|17980.50|100.0
68|02|17|2202|General Education|02|Secondary Education|197|Assistance to Block Panchayats/Intermediate Level Panchayats|1||01|Grants to Government High Schools and Residential High Schools|467|Vijayanagara|2202-02-197-1-01|Vijayanagara|V|Data|Object-Head|12931.37|14775.58|14775.58|15173.84|100.0
68|02|17|2202|General Education|02|Secondary Education|197|Assistance to Block Panchayats/Intermediate Level Panchayats|1||01|Grants to Government High Schools and Residential High Schools|||2202-02-197-1-01|HOA Total :|V|Total|Detailed-Head|496900.30|547619.93|548071.93|555572.32|100.0
69|02|17|2202|General Education|02|Secondary Education|911|Deduct Recoveries of Over Payments|||||||2202-02-911-0-00|Deduct Recoveries of Over Payments|V|Header|Minor-Head|||||
69|02|17|2202|General Education|02|Secondary Education|911|Deduct Recoveries of Over Payments|0||00|Deduct Recoveries of Over Payments||||2202-02-911-0-00|Deduct Recoveries of Over Payments|Header|Detailed-Head|||||100.0
69|02|17|2202|General Education|02|Secondary Education|911|Deduct Recoveries of Over Payments|0||00|Deduct Recoveries of Over Payments|364|Deduct - Recoveries|2202-02-911-0-00|Deduct - Recoveries|V|Data|Object-Head|-1.92||||100.0
69|02|17|2202|General Education|02|Secondary Education|911|Deduct Recoveries of Over Payments|0||00|Deduct Recoveries of Over Payments|||2202-02-911-0-00|HOA Total :|V|Total|Detailed-Head|-1.92|0.00|0.00|0.00|100.0
69|02|17|2202|General Education|02|Secondary Education|911|Deduct Recoveries of Over Payments|0||03|SAKALA-Recovery of Compensatory Cost under the Karnataka Guarantee of Services Act||||2202-02-911-0-03|SAKALA-Recovery of Compensatory Cost under the Karnataka Guarantee of Services Act|Header|Detailed-Head|||||100.0
69|02|17|2202|General Education|02|Secondary Education|911|Deduct Recoveries of Over Payments|0||03|SAKALA-Recovery of Compensatory Cost under the Karnataka Guarantee of Services Act|364|Deduct - Recoveries|2202-02-911-0-03|Deduct - Recoveries|V|Data|Object-Head|-6.12||||100.0
69|02|17|2202|General Education|02|Secondary Education|911|Deduct Recoveries of Over Payments|0||03|SAKALA-Recovery of Compensatory Cost under the Karnataka Guarantee of Services Act|||2202-02-911-0-03|HOA Total :|V|Total|Detailed-Head|-6.12|0.00|0.00|0.00|100.0
69|02|17|2202|General Education|02|Secondary Education|911|Deduct Recoveries of Over Payments|0||04|Deduct Recovery of Over Payment of Previous years-ZP||||2202-02-911-0-04|Deduct Recovery of Over Payment of Previous years-ZP|Header|Detailed-Head|||||100.0
69|02|17|2202|General Education|02|Secondary Education|911|Deduct Recoveries of Over Payments|0||04|Deduct Recovery of Over Payment of Previous years-ZP|261|Inter Account Transfers|2202-02-911-0-04|Inter Account Transfers|V|Data|Object-Head|-36161.00|-52258.31|-52258.31|-13385.14|100.0
69|02|17|2202|General Education|02|Secondary Education|911|Deduct Recoveries of Over Payments|0||04|Deduct Recovery of Over Payment of Previous years-ZP|364|Deduct - Recoveries|2202-02-911-0-04|Deduct - Recoveries|V|Data|Object-Head|-3.95||||100.0
69|02|17|2202|General Education|02|Secondary Education|911|Deduct Recoveries of Over Payments|0||04|Deduct Recovery of Over Payment of Previous years-ZP|||2202-02-911-0-04|HOA Total :|V|Total|Detailed-Head|-36164.95|-52258.31|-52258.31|-13385.14|100.0
69|02|17|2202|General Education|02|Secondary Education|911|Deduct Recoveries of Over Payments|0||05|Deduct Recovery of Over Payment of Previous Years-TP||||2202-02-911-0-05|Deduct Recovery of Over Payment of Previous Years-TP|Header|Detailed-Head|||||100.0
69|02|17|2202|General Education|02|Secondary Education|911|Deduct Recoveries of Over Payments|0||05|Deduct Recovery of Over Payment of Previous Years-TP|261|Inter Account Transfers|2202-02-911-0-05|Inter Account Transfers|V|Data|Object-Head||-103979.78|-103979.78|-191656.13|100.0
69|02|17|2202|General Education|02|Secondary Education|911|Deduct Recoveries of Over Payments|0||05|Deduct Recovery of Over Payment of Previous Years-TP|||2202-02-911-0-05|HOA Total :|V|Total|Detailed-Head|0.00|-103979.78|-103979.78|-191656.13|100.0
69|04|17|2202|General Education|04|Adult Education|||||||||2202-04-001-0-01|Adult Education|V|Header|Sub-Major-Head|||||
69|04|17|2202|General Education|04|Adult Education|001|Direction and Administration|||||||2202-04-001-0-01|Direction and Administration|V|Header|Minor-Head|||||
69|04|17|2202|General Education|04|Adult Education|001|Direction and Administration|0||01|Mass Education-Preparatory Activities for Launching State Adult Education Programme-Strengthening of Administrative Structure at State Level||||2202-04-001-0-01|Mass Education-Preparatory Activities for Launching State Adult Education Programme-Strengthening of Administrative Structure at State Level|Header|Detailed-Head|||||100.0
69|04|17|2202|General Education|04|Adult Education|001|Direction and Administration|0||01|Mass Education-Preparatory Activities for Launching State Adult Education Programme-Strengthening of Administrative Structure at State Level|002|Basic Pay|2202-04-001-0-01|Basic Pay|V|Data|Object-Head|90.56|169.00|169.00|196.00|100.0
69|04|17|2202|General Education|04|Adult Education|001|Direction and Administration|0||01|Mass Education-Preparatory Activities for Launching State Adult Education Programme-Strengthening of Administrative Structure at State Level|003|Basic Pay-Staff|2202-04-001-0-01|Basic Pay-Staff|V|Data|Object-Head|44.89||||100.0
69|04|17|2202|General Education|04|Adult Education|001|Direction and Administration|0||01|Mass Education-Preparatory Activities for Launching State Adult Education Programme-Strengthening of Administrative Structure at State Level|004|Interim Relief|2202-04-001-0-01|Interim Relief|V|Data|Object-Head|11.23||||100.0
69|04|17|2202|General Education|04|Adult Education|001|Direction and Administration|0||01|Mass Education-Preparatory Activities for Launching State Adult Education Programme-Strengthening of Administrative Structure at State Level|011|Dearness Allowance|2202-04-001-0-01|Dearness Allowance|V|Data|Object-Head|36.64|38.00|38.00|49.00|100.0
70|02|17|2202|General Education|04|Adult Education|001|Direction and Administration|0||01|Mass Education-Preparatory Activities for Launching State Adult Education Programme-Strengthening of Administrative Structure at State Level|014|Other Allowance|2202-04-001-0-01|Other Allowance|V|Data|Object-Head|32.94|38.00|38.00|43.00|100.0
70|02|17|2202|General Education|04|Adult Education|001|Direction and Administration|0||01|Mass Education-Preparatory Activities for Launching State Adult Education Programme-Strengthening of Administrative Structure at State Level|020|Medical Allowance|2202-04-001-0-01|Medical Allowance|V|Data|Object-Head|0.32||||100.0
70|02|17|2202|General Education|04|Adult Education|001|Direction and Administration|0||01|Mass Education-Preparatory Activities for Launching State Adult Education Programme-Strengthening of Administrative Structure at State Level|021|Reimbursement of Medical Expenses|2202-04-001-0-01|Reimbursement of Medical Expenses|V|Data|Object-Head|2.39|9.00|9.00|9.00|100.0
70|02|17|2202|General Education|04|Adult Education|001|Direction and Administration|0||01|Mass Education-Preparatory Activities for Launching State Adult Education Programme-Strengthening of Administrative Structure at State Level|034|Contract/Outsource|2202-04-001-0-01|Contract/Outsource|V|Data|Object-Head|7.28|8.77|8.77|9.07|100.0
70|02|17|2202|General Education|04|Adult Education|001|Direction and Administration|0||01|Mass Education-Preparatory Activities for Launching State Adult Education Programme-Strengthening of Administrative Structure at State Level|041|Travel Expenses|2202-04-001-0-01|Travel Expenses|V|Data|Object-Head||1.00|1.00|1.00|100.0
70|02|17|2202|General Education|04|Adult Education|001|Direction and Administration|0||01|Mass Education-Preparatory Activities for Launching State Adult Education Programme-Strengthening of Administrative Structure at State Level|050|Office Expenses|2202-04-001-0-01|Office Expenses|V|Data|Object-Head||5.00|5.00|2.00|100.0
70|02|17|2202|General Education|04|Adult Education|001|Direction and Administration|0||01|Mass Education-Preparatory Activities for Launching State Adult Education Programme-Strengthening of Administrative Structure at State Level|051|General Expenses|2202-04-001-0-01|General Expenses|V|Data|Object-Head|0.10|12.00|12.00|5.00|100.0
70|02|17|2202|General Education|04|Adult Education|001|Direction and Administration|0||01|Mass Education-Preparatory Activities for Launching State Adult Education Programme-Strengthening of Administrative Structure at State Level|052|Telephone Charges|2202-04-001-0-01|Telephone Charges|V|Data|Object-Head|0.80||||100.0
70|02|17|2202|General Education|04|Adult Education|001|Direction and Administration|0||01|Mass Education-Preparatory Activities for Launching State Adult Education Programme-Strengthening of Administrative Structure at State Level|071|Building Expenses|2202-04-001-0-01|Building Expenses|V|Data|Object-Head||2.00|2.00|2.00|100.0
70|02|17|2202|General Education|04|Adult Education|001|Direction and Administration|0||01|Mass Education-Preparatory Activities for Launching State Adult Education Programme-Strengthening of Administrative Structure at State Level|195|Transport Expenses|2202-04-001-0-01|Transport Expenses|V|Data|Object-Head|1.49|1.80|1.80|1.00|100.0
70|02|17|2202|General Education|04|Adult Education|001|Direction and Administration|0||01|Mass Education-Preparatory Activities for Launching State Adult Education Programme-Strengthening of Administrative Structure at State Level|||2202-04-001-0-01|HOA Total :|V|Total|Detailed-Head|228.64|284.57|284.57|317.07|100.0
70|02|17|2202|General Education|04|Adult Education|200||1||05|CSS-Central Share-ULLAS- Nav Bharat Saksharta Karyakram||||2202-04-200-1-05|CSS-Central Share-ULLAS- Nav Bharat Saksharta Karyakram|Header|Detailed-Head|||||100.0
70|02|17|2202|General Education|04|Adult Education|200||1||05|CSS-Central Share-ULLAS- Nav Bharat Saksharta Karyakram|015|Subsidiary Expenses|2202-04-200-1-05|Subsidiary Expenses|V|Data|Object-Head|525.35|400.00|400.00||100.0
70|02|17|2202|General Education|04|Adult Education|200||1||05|CSS-Central Share-ULLAS- Nav Bharat Saksharta Karyakram|051|General Expenses|2202-04-200-1-05|General Expenses|V|Data|Object-Head|192.43|192.00|192.00|408.48|100.0
70|02|17|2202|General Education|04|Adult Education|200||1||05|CSS-Central Share-ULLAS- Nav Bharat Saksharta Karyakram|422|Schedule Caste Sub Plan|2202-04-200-1-05|Schedule Caste Sub Plan|V|Data|Object-Head||||118.40|100.0
70|02|17|2202|General Education|04|Adult Education|200||1||05|CSS-Central Share-ULLAS- Nav Bharat Saksharta Karyakram|423|Tribal Sub Plan|2202-04-200-1-05|Tribal Sub Plan|V|Data|Object-Head||||65.12|100.0
70|02|17|2202|General Education|04|Adult Education|200||1||05|CSS-Central Share-ULLAS- Nav Bharat Saksharta Karyakram|||2202-04-200-1-05|HOA Total :|V|Total|Detailed-Head|717.78|592.00|592.00|592.00|100.0
70|02|17|2202|General Education|04|Adult Education|200||1||06|CSS-State Share- ULLAS- Nav Bharat Saksharta Karyakram||||2202-04-200-1-06|CSS-State Share- ULLAS- Nav Bharat Saksharta Karyakram|Header|Detailed-Head|||||100.0
70|02|17|2202|General Education|04|Adult Education|200||1||06|CSS-State Share- ULLAS- Nav Bharat Saksharta Karyakram|015|Subsidiary Expenses|2202-04-200-1-06|Subsidiary Expenses|V|Data|Object-Head|283.56|200.00|200.00||100.0
70|02|17|2202|General Education|04|Adult Education|200||1||06|CSS-State Share- ULLAS- Nav Bharat Saksharta Karyakram|051|General Expenses|2202-04-200-1-06|General Expenses|V|Data|Object-Head|194.96|195.00|195.00|272.55|100.0
70|02|17|2202|General Education|04|Adult Education|200||1||06|CSS-State Share- ULLAS- Nav Bharat Saksharta Karyakram|422|Schedule Caste Sub Plan|2202-04-200-1-06|Schedule Caste Sub Plan|V|Data|Object-Head||||79.00|100.0
70|02|17|2202|General Education|04|Adult Education|200||1||06|CSS-State Share- ULLAS- Nav Bharat Saksharta Karyakram|423|Tribal Sub Plan|2202-04-200-1-06|Tribal Sub Plan|V|Data|Object-Head||||43.45|100.0
70|02|17|2202|General Education|04|Adult Education|200||1||06|CSS-State Share- ULLAS- Nav Bharat Saksharta Karyakram|||2202-04-200-1-06|HOA Total :|V|Total|Detailed-Head|478.52|395.00|395.00|395.00|100.0
71|02|17|2202|General Education|04|Adult Education|911|Deduct Recoveries of Overpayments|0||01|Deduct Recovery of Over Payments of Current Year|||2202-04-911-0-01|Deduct Recovery of Over Payments of Current Year|V|Header|Detailed-Head|||||100.0
71|02|17|2202|General Education|04|Adult Education|911|Deduct Recoveries of Overpayments|0||01|Deduct Recovery of Over Payments of Current Year|364|Deduct - Recoveries|2202-04-911-0-01|Deduct - Recoveries|V|Data|Object-Head|-0.70||||100.0
71|02|17|2202|General Education|04|Adult Education|911|Deduct Recoveries of Overpayments|0||01|Deduct Recovery of Over Payments of Current Year|||2202-04-911-0-01|HOA Total :|V|Total|Detailed-Head|-0.70|0.00|0.00|0.00|100.0
71|02|17|2202|General Education|05|Language Development|911|Deduct Recoveries of Overpayments|0||02|Deduct Recovery of Over Payments of Previous Year|||2202-05-911-0-02|Deduct Recovery of Over Payments of Previous Year|V|Header|Detailed-Head|||||100.0
71|02|17|2202|General Education|05|Language Development|911|Deduct Recoveries of Overpayments|0||02|Deduct Recovery of Over Payments of Previous Year|364|Deduct - Recoveries|2202-05-911-0-02|Deduct - Recoveries|V|Data|Object-Head|-246.83||||100.0
71|02|17|2202|General Education|05|Language Development|911|Deduct Recoveries of Overpayments|0||02|Deduct Recovery of Over Payments of Previous Year|||2202-05-911-0-02|HOA Total :|V|Total|Detailed-Head|-246.83|0.00|0.00|0.00|100.0
71|02|17|2202|General Education|80|General|003|Training|0||04|District Institute of Education and Training(DIET)/ College of Teachers Education(CTE)|||2202-80-003-0-04|District Institute of Education and Training(DIET)/ College of Teachers Education(CTE)|V|Header|Detailed-Head|||||100.0
71|02|17|2202|General Education|80|General|003|Training|0||04|District Institute of Education and Training(DIET)/ College of Teachers Education(CTE)|002|Basic Pay|2202-80-003-0-04|Basic Pay|V|Data|Object-Head|6969.15|11832.00|11832.00|12363.00|100.0
71|02|17|2202|General Education|80|General|003|Training|0||04|District Institute of Education and Training(DIET)/ College of Teachers Education(CTE)|003|Basic Pay-Staff|2202-80-003-0-04|Basic Pay-Staff|V|Data|Object-Head|2724.00||||100.0
71|02|17|2202|General Education|80|General|003|Training|0||04|District Institute of Education and Training(DIET)/ College of Teachers Education(CTE)|004|Interim Relief|2202-80-003-0-04|Interim Relief|V|Data|Object-Head|790.30||||100.0
71|02|17|2202|General Education|80|General|003|Training|0||04|District Institute of Education and Training(DIET)/ College of Teachers Education(CTE)|011|Dearness Allowance|2202-80-003-0-04|Dearness Allowance|V|Data|Object-Head|2582.90|2603.00|2603.00|3091.00|100.0
71|02|17|2202|General Education|80|General|003|Training|0||04|District Institute of Education and Training(DIET)/ College of Teachers Education(CTE)|014|Other Allowance|2202-80-003-0-04|Other Allowance|V|Data|Object-Head|1161.31|1349.00|1349.00|1417.00|100.0
71|02|17|2202|General Education|80|General|003|Training|0||04|District Institute of Education and Training(DIET)/ College of Teachers Education(CTE)|020|Medical Allowance|2202-80-003-0-04|Medical Allowance|V|Data|Object-Head|20.70||||100.0
71|02|17|2202|General Education|80|General|003|Training|0||04|District Institute of Education and Training(DIET)/ College of Teachers Education(CTE)|021|Reimbursement of Medical Expenses|2202-80-003-0-04|Reimbursement of Medical Expenses|V|Data|Object-Head|57.25|80.00|80.00|80.00|100.0
71|02|17|2202|General Education|80|General|003|Training|0||04|District Institute of Education and Training(DIET)/ College of Teachers Education(CTE)|033|Daily-wages|2202-80-003-0-04|Daily-wages|V|Data|Object-Head||4.01|4.01|4.01|100.0
71|02|17|2202|General Education|80|General|003|Training|0||04|District Institute of Education and Training(DIET)/ College of Teachers Education(CTE)|041|Travel Expenses|2202-80-003-0-04|Travel Expenses|V|Data|Object-Head|7.88|5.00|5.00|7.00|100.0
71|02|17|2202|General Education|80|General|003|Training|0||04|District Institute of Education and Training(DIET)/ College of Teachers Education(CTE)|050|Office Expenses|2202-80-003-0-04|Office Expenses|V|Data|Object-Head||2.00|2.00|10.00|100.0
71|02|17|2202|General Education|80|General|003|Training|0||04|District Institute of Education and Training(DIET)/ College of Teachers Education(CTE)|051|General Expenses|2202-80-003-0-04|General Expenses|V|Data|Object-Head|33.44|20.00|20.00|20.00|100.0
71|02|17|2202|General Education|80|General|003|Training|0||04|District Institute of Education and Training(DIET)/ College of Teachers Education(CTE)|052|Telephone Charges|2202-80-003-0-04|Telephone Charges|V|Data|Object-Head|1.40||||100.0
71|02|17|2202|General Education|80|General|003|Training|0||04|District Institute of Education and Training(DIET)/ College of Teachers Education(CTE)|071|Building Expenses|2202-80-003-0-04|Building Expenses|V|Data|Object-Head|56.93|70.00|70.00|70.00|100.0
71|02|17|2202|General Education|80|General|003|Training|0||04|District Institute of Education and Training(DIET)/ College of Teachers Education(CTE)|195|Transport Expenses|2202-80-003-0-04|Transport Expenses|V|Data|Object-Head|82.00|103.60|103.60|119.92|100.0
71|02|17|2202|General Education|80|General|003|Training|0||04|District Institute of Education and Training(DIET)/ College of Teachers Education(CTE)|||2202-80-003-0-04|HOA Total :|V|Total|Detailed-Head|14487.26|16068.61|16068.61|17181.93|100.0
72|02|17|2202|General Education|80|General|196|Assistance to Zilla Panchayats/District Level Panchayats|1|Government Primary Schools|02|Printing and Supply of Forms, Registers to Primary and Secondary Schools|||2202-80-196-1-02|Printing and Supply of Forms, Registers to Primary and Secondary Schools|V|Header|Detailed-Head|||||100.0
72|02|17|2202|General Education|80|General|196|Assistance to Zilla Panchayats/District Level Panchayats|1|Government Primary Schools|02|Printing and Supply of Forms, Registers to Primary and Secondary Schools|401|Bengaluru (Urban)|2202-80-196-1-02|Bengaluru (Urban)|V|Data|Object-Head|21.00|21.00|21.00|27.00|100.0
72|02|17|2202|General Education|80|General|196|Assistance to Zilla Panchayats/District Level Panchayats|1|Government Primary Schools|02|Printing and Supply of Forms, Registers to Primary and Secondary Schools|402|Bengaluru (Rural)|2202-80-196-1-02|Bengaluru (Rural)|V|Data|Object-Head|11.00|11.00|11.00|17.00|100.0
72|02|17|2202|General Education|80|General|196|Assistance to Zilla Panchayats/District Level Panchayats|1|Government Primary Schools|02|Printing and Supply of Forms, Registers to Primary and Secondary Schools|403|Chitradurga|2202-80-196-1-02|Chitradurga|V|Data|Object-Head|79.00|85.00|85.00|91.00|100.0
72|02|17|2202|General Education|80|General|196|Assistance to Zilla Panchayats/District Level Panchayats|1|Government Primary Schools|02|Printing and Supply of Forms, Registers to Primary and Secondary Schools|404|Kolar|2202-80-196-1-02|Kolar|V|Data|Object-Head|42.00|45.00|45.00|51.00|100.0
72|02|17|2202|General Education|80|General|196|Assistance to Zilla Panchayats/District Level Panchayats|1|Government Primary Schools|02|Printing and Supply of Forms, Registers to Primary and Secondary Schools|405|Shivamogga|2202-80-196-1-02|Shivamogga|V|Data|Object-Head|33.00|35.00|35.00|41.00|100.0
72|02|17|2202|General Education|80|General|196|Assistance to Zilla Panchayats/District Level Panchayats|1|Government Primary Schools|02|Printing and Supply of Forms, Registers to Primary and Secondary Schools|406|Tumakuru|2202-80-196-1-02|Tumakuru|V|Data|Object-Head|53.00|53.00|53.00|59.00|100.0
72|02|17|2202|General Education|80|General|196|Assistance to Zilla Panchayats/District Level Panchayats|1|Government Primary Schools|02|Printing and Supply of Forms, Registers to Primary and Secondary Schools|407|Mysuru|2202-80-196-1-02|Mysuru|V|Data|Object-Head|158.00|160.00|160.00|186.00|100.0
72|02|17|2202|General Education|80|General|196|Assistance to Zilla Panchayats/District Level Panchayats|1|Government Primary Schools|02|Printing and Supply of Forms, Registers to Primary and Secondary Schools|408|Chikkamagaluru|2202-80-196-1-02|Chikkamagaluru|V|Data|Object-Head|21.00|21.00|21.00|27.00|100.0
72|02|17|2202|General Education|80|General|196|Assistance to Zilla Panchayats/District Level Panchayats|1|Government Primary Schools|02|Printing and Supply of Forms, Registers to Primary and Secondary Schools|409|Dakshina Kannada|2202-80-196-1-02|Dakshina Kannada|V|Data|Object-Head|95.00|95.00|95.00|101.00|100.0
72|02|17|2202|General Education|80|General|196|Assistance to Zilla Panchayats/District Level Panchayats|1|Government Primary Schools|02|Printing and Supply of Forms, Registers to Primary and Secondary Schools|410|Hassan|2202-80-196-1-02|Hassan|V|Data|Object-Head|47.00|50.00|50.00|41.00|100.0
72|02|17|2202|General Education|80|General|196|Assistance to Zilla Panchayats/District Level Panchayats|1|Government Primary Schools|02|Printing and Supply of Forms, Registers to Primary and Secondary Schools|411|Kodagu|2202-80-196-1-02|Kodagu|V|Data|Object-Head|47.00|47.00|47.00|53.00|100.0
72|02|17|2202|General Education|80|General|196|Assistance to Zilla Panchayats/District Level Panchayats|1|Government Primary Schools|02|Printing and Supply of Forms, Registers to Primary and Secondary Schools|412|Mandya|2202-80-196-1-02|Mandya|V|Data|Object-Head|42.00|42.00|42.00|51.00|100.0
72|02|17|2202|General Education|80|General|196|Assistance to Zilla Panchayats/District Level Panchayats|1|Government Primary Schools|02|Printing and Supply of Forms, Registers to Primary and Secondary Schools|413|Belagavi|2202-80-196-1-02|Belagavi|V|Data|Object-Head|189.00|189.00|189.00|196.00|100.0
72|02|17|2202|General Education|80|General|196|Assistance to Zilla Panchayats/District Level Panchayats|1|Government Primary Schools|02|Printing and Supply of Forms, Registers to Primary and Secondary Schools|414|Vijayapura|2202-80-196-1-02|Vijayapura|V|Data|Object-Head|40.00|40.00|40.00|56.00|100.0
72|02|17|2202|General Education|80|General|196|Assistance to Zilla Panchayats/District Level Panchayats|1|Government Primary Schools|02|Printing and Supply of Forms, Registers to Primary and Secondary Schools|415|Dharwad|2202-80-196-1-02|Dharwad|V|Data|Object-Head|32.00|33.00|33.00|42.00|100.0
72|02|17|2202|General Education|80|General|196|Assistance to Zilla Panchayats/District Level Panchayats|1|Government Primary Schools|02|Printing and Supply of Forms, Registers to Primary and Secondary Schools|416|Uttara Kannada|2202-80-196-1-02|Uttara Kannada|V|Data|Object-Head|65.00|65.00|65.00|81.00|100.0
72|02|17|2202|General Education|80|General|196|Assistance to Zilla Panchayats/District Level Panchayats|1|Government Primary Schools|02|Printing and Supply of Forms, Registers to Primary and Secondary Schools|417|Kalaburagi|2202-80-196-1-02|Kalaburagi|V|Data|Object-Head|53.00|55.00|55.00|66.00|100.0
72|02|17|2202|General Education|80|General|196|Assistance to Zilla Panchayats/District Level Panchayats|1|Government Primary Schools|02|Printing and Supply of Forms, Registers to Primary and Secondary Schools|418|Ballari|2202-80-196-1-02|Ballari|V|Data|Object-Head|60.48|60.48|60.48|66.48|100.0
72|02|17|2202|General Education|80|General|196|Assistance to Zilla Panchayats/District Level Panchayats|1|Government Primary Schools|02|Printing and Supply of Forms, Registers to Primary and Secondary Schools|419|Bidar|2202-80-196-1-02|Bidar|V|Data|Object-Head|47.00|50.00|50.00|61.00|100.0
72|02|17|2202|General Education|80|General|196|Assistance to Zilla Panchayats/District Level Panchayats|1|Government Primary Schools|02|Printing and Supply of Forms, Registers to Primary and Secondary Schools|420|Raichur|2202-80-196-1-02|Raichur|V|Data|Object-Head|121.00|121.00|121.00|136.00|100.0
72|02|17|2202|General Education|80|General|196|Assistance to Zilla Panchayats/District Level Panchayats|1|Government Primary Schools|02|Printing and Supply of Forms, Registers to Primary and Secondary Schools|421|Yadgiri|2202-80-196-1-02|Yadgiri|V|Data|Object-Head|42.00|42.00|42.00|61.00|100.0
72|02|17|2202|General Education|80|General|196|Assistance to Zilla Panchayats/District Level Panchayats|1|Government Primary Schools|02|Printing and Supply of Forms, Registers to Primary and Secondary Schools|451|Davanagere|2202-80-196-1-02|Davanagere|V|Data|Object-Head|42.00|45.00|45.00|56.00|100.0
72|02|17|2202|General Education|80|General|196|Assistance to Zilla Panchayats/District Level Panchayats|1|Government Primary Schools|02|Printing and Supply of Forms, Registers to Primary and Secondary Schools|452|Bengaluru South|2202-80-196-1-02|Bengaluru South|V|Data|Object-Head|19.00|20.00|20.00|31.00|100.0
72|02|17|2202|General Education|80|General|196|Assistance to Zilla Panchayats/District Level Panchayats|1|Government Primary Schools|02|Printing and Supply of Forms, Registers to Primary and Secondary Schools|453|Chikkaballapura|2202-80-196-1-02|Chikkaballapura|V|Data|Object-Head|12.00|12.00|12.00|18.00|100.0
72|02|17|2202|General Education|80|General|196|Assistance to Zilla Panchayats/District Level Panchayats|1|Government Primary Schools|02|Printing and Supply of Forms, Registers to Primary and Secondary Schools|456|Chamarajanagar|2202-80-196-1-02|Chamarajanagar|V|Data|Object-Head|37.00|37.00|37.00|30.00|100.0
72|02|17|2202|General Education|80|General|196|Assistance to Zilla Panchayats/District Level Panchayats|1|Government Primary Schools|02|Printing and Supply of Forms, Registers to Primary and Secondary Schools|457|Udupi|2202-80-196-1-02|Udupi|V|Data|Object-Head|37.00|40.00|40.00|45.52|100.0
72|02|17|2202|General Education|80|General|196|Assistance to Zilla Panchayats/District Level Panchayats|1|Government Primary Schools|02|Printing and Supply of Forms, Registers to Primary and Secondary Schools|461|Bagalkot|2202-80-196-1-02|Bagalkot|V|Data|Object-Head|74.00|80.00|80.00|100.00|100.0
73|02|17|2202|General Education|80|General|196|Assistance to Zilla Panchayats/District Level Panchayats|1|Government Primary Schools|02|Printing and Supply of Forms, Registers to Primary and Secondary Schools|462|Gadag|2202-80-196-1-02|Gadag|V|Data|Object-Head|37.00|40.00|40.00|56.00|100.0
73|02|17|2202|General Education|80|General|196|Assistance to Zilla Panchayats/District Level Panchayats|1|Government Primary Schools|02|Printing and Supply of Forms, Registers to Primary and Secondary Schools|463|Haveri|2202-80-196-1-02|Haveri|V|Data|Object-Head|21.00|25.00|25.00|36.00|100.0
73|02|17|2202|General Education|80|General|196|Assistance to Zilla Panchayats/District Level Panchayats|1|Government Primary Schools|02|Printing and Supply of Forms, Registers to Primary and Secondary Schools|466|Koppal|2202-80-196-1-02|Koppal|V|Data|Object-Head|18.00|20.00|20.00|31.00|100.0
73|02|17|2202|General Education|80|General|196|Assistance to Zilla Panchayats/District Level Panchayats|1|Government Primary Schools|02|Printing and Supply of Forms, Registers to Primary and Secondary Schools|467|Vijayanagara|2202-80-196-1-02|Vijayanagara|V|Data|Object-Head|72.00|72.00|72.00|86.00|100.0
73|02|17|2202|General Education|80|General|196|Assistance to Zilla Panchayats/District Level Panchayats|1|Government Primary Schools|02|Printing and Supply of Forms, Registers to Primary and Secondary Schools|||2202-80-196-1-02|HOA Total:|V|Total|Detailed-Head|1667.48|1711.48|1711.48|2000.00|100.0
73|02|17|2202|General Education|80|General|911|Deduct Recoveries of Over Payments|0||00|Deduct Recoveries of Over Payments|||2202-80-911-0-00|Deduct Recoveries of Over Payments|V|Header|Detailed-Head|||||100.0
73|02|17|2202|General Education|80|General|911|Deduct Recoveries of Over Payments|0||00|Deduct Recoveries of Over Payments|364|Deduct - Recoveries|2202-80-911-0-00|Deduct - Recoveries|V|Data|Object-Head|-0.06||||100.0
73|02|17|2202|General Education|80|General|911|Deduct Recoveries of Over Payments|0||00|Deduct Recoveries of Over Payments|||2202-80-911-0-00|HOA Total:|V|Total|Detailed-Head|-0.06|0.00|0.00|0.00|100.0
73|02|17|2202|General Education|80|General|911|Deduct Recoveries of Over Payments|0||02|Deduct Recoveries of Overpayment of Previous Years|||2202-80-911-0-02|Deduct Recoveries of Overpayment of Previous Years|V|Header|Detailed-Head|||||100.0
73|02|17|2202|General Education|80|General|911|Deduct Recoveries of Over Payments|0||02|Deduct Recoveries of Overpayment of Previous Years|364|Deduct - Recoveries|2202-80-911-0-02|Deduct - Recoveries|V|Data|Object-Head|-0.02||||100.0
73|02|17|2202|General Education|80|General|911|Deduct Recoveries of Over Payments|0||02|Deduct Recoveries of Overpayment of Previous Years|||2202-80-911-0-02|HOA Total:|V|Total|Detailed-Head|-0.02|0.00|0.00|0.00|100.0
73|02|17|2202|General Education|80|General|911|Deduct Recoveries of Over Payments|0||03|Deduct Recovery of Overpayments of Previous Years-ZP|||2202-80-911-0-03|Deduct Recovery of Overpayments of Previous Years-ZP|V|Header|Detailed-Head|||||100.0
73|02|17|2202|General Education|80|General|911|Deduct Recoveries of Over Payments|0||03|Deduct Recovery of Overpayments of Previous Years-ZP|364|Deduct - Recoveries|2202-80-911-0-03|Deduct - Recoveries|V|Data|Object-Head|-3.61||||100.0
73|02|17|2202|General Education|80|General|911|Deduct Recoveries of Over Payments|0||03|Deduct Recovery of Overpayments of Previous Years-ZP|||2202-80-911-0-03|HOA Total:|V|Total|Detailed-Head|-3.61|0.00|0.00|0.00|100.0
73|02|17|2202|General Education|80|General|911|Deduct Recoveries of Over Payments|0||04|Deduct Recovery of Over Payment of Previous years-ZP|||2202-80-911-0-04|Deduct Recovery of Over Payment of Previous years-ZP|V|Header|Detailed-Head|||||100.0
73|02|17|2202|General Education|80|General|911|Deduct Recoveries of Over Payments|0||04|Deduct Recovery of Over Payment of Previous years-ZP|261|Inter Account Transfers|2202-80-911-0-04|Inter Account Transfers|V|Data|Object-Head||-246.30|-246.30|-301.24|100.0
73|02|17|2202|General Education|80|General|911|Deduct Recoveries of Over Payments|0||04|Deduct Recovery of Over Payment of Previous years-ZP|||2202-80-911-0-04|HOA Total:|V|Total|Detailed-Head|0.00|-246.30|-246.30|-301.24|100.0
73|02|17|2202|General Education|80|General|||||||||2202|2202 - Total:|V|Total|Major-Head|2733136.53|3314760.35|3162555.87|3552729.50|
74|02|17|2204|Sports and Youth Services|00||||||||||2204|Sports and Youth Services|V|Header|Major-Head|||||
74|02|17|2204|Sports and Youth Services|00||102||0||02|Bharath Sevadal|||2204-00-102-0-02|Bharath Sevadal|V|Header|Detailed-Head|||||100.0
74|02|17|2204|Sports and Youth Services|00||102||0||02|Bharath Sevadal|101|Grants-in-Aid-Salaries|2204-00-102-0-02|Grants-in-Aid-Salaries|V|Data|Object-Head|106.03|135.25|135.25|138.63|100.0
74|02|17|2204|Sports and Youth Services|00||102||0||02|Bharath Sevadal|103|Grants-in-Aid -General|2204-00-102-0-02|Grants-in-Aid -General|V|Data|Object-Head|56.25|100.00|100.00|100.00|100.0
74|02|17|2204|Sports and Youth Services|00||102||0||02|Bharath Sevadal|||2204-00-102-0-02|HOA Total :|V|Total|Detailed-Head|162.28|235.25|235.25|238.63|100.0
74|02|17|2204|Sports and Youth Services|00||103||0||11|Bharath Scouts|||2204-00-103-0-11|Bharath Scouts|V|Header|Detailed-Head|||||100.0
74|02|17|2204|Sports and Youth Services|00||103||0||11|Bharath Scouts|101|Grants-in-Aid-Salaries|2204-00-103-0-11|Grants-in-Aid-Salaries|V|Data|Object-Head|200.74|240.24|240.24|219.09|100.0
74|02|17|2204|Sports and Youth Services|00||103||0||11|Bharath Scouts|103|Grants-in-Aid -General|2204-00-103-0-11|Grants-in-Aid -General|V|Data|Object-Head|200.00|250.00|250.00|300.00|100.0
74|02|17|2204|Sports and Youth Services|00||103||0||11|Bharath Scouts|115|GIA Contract /Outsource|2204-00-103-0-11|GIA Contract /Outsource|V|Data|Object-Head|18.00|18.00|18.00|18.00|100.0
74|02|17|2204|Sports and Youth Services|00||103||0||11|Bharath Scouts|||2204-00-103-0-11|HOA Total :|V|Total|Detailed-Head|418.74|508.24|508.24|537.09|100.0
74|02|17|2204|Sports and Youth Services|00||911||0||01|Deduct Recovery of Over Payments of Current Year|||2204-00-911-0-01|Deduct Recovery of Over Payments of Current Year|V|Header|Detailed-Head|||||100.0
74|02|17|2204|Sports and Youth Services|00||911||0||01|Deduct Recovery of Over Payments of Current Year|364|Deduct - Recoveries|2204-00-911-0-01|Deduct - Recoveries|V|Data|Object-Head|-74.22||||100.0
74|02|17|2204|Sports and Youth Services|00||911||0||01|Deduct Recovery of Over Payments of Current Year|||2204-00-911-0-01|HOA Total :|V|Total|Detailed-Head|-74.22|0.00|0.00|0.00|100.0
74|02|17|2204|Sports and Youth Services|00||911||0||02|Deduct Recovery of Over Payments of Previous Year|||2204-00-911-0-02|Deduct Recovery of Over Payments of Previous Year|V|Header|Detailed-Head|||||100.0
74|02|17|2204|Sports and Youth Services|00||911||0||02|Deduct Recovery of Over Payments of Previous Year|364|Deduct - Recoveries|2204-00-911-0-02|Deduct - Recoveries|V|Data|Object-Head|-3997.81||||100.0
74|02|17|2204|Sports and Youth Services|00||911||0||02|Deduct Recovery of Over Payments of Previous Year|||2204-00-911-0-02|HOA Total :|V|Total|Detailed-Head|-3997.81|0.00|0.00|0.00|100.0
74|02|17|2204|Sports and Youth Services|00||||||||||2204|2204 - Total :|V|Total|Major-Head|-3491.01|743.49|743.49|775.72|
75|02|17|2205|Art and Culture|00||||||||||2205|Art and Culture||Header|Major-Head|||||
75|02|17|2205|Art and Culture|00||105|Public Libraries|0||01|Direction and Administration|||2205-00-105-0-01|Public Libraries- Direction and Administration||Header|Detailed-Head|||||100.0
75|02|17|2205|Art and Culture|00||105|Public Libraries|0||01|Direction and Administration|002|Basic Pay|2205-00-105-0-01|Basic Pay||Data|Object-Head|368.76|5103.00|5103.00|5085.00|100.0
75|02|17|2205|Art and Culture|00||105|Public Libraries|0||01|Direction and Administration|003|Basic Pay-Staff|2205-00-105-0-01|Basic Pay-Staff||Data|Object-Head|3842.74||||100.0
75|02|17|2205|Art and Culture|00||105|Public Libraries|0||01|Direction and Administration|004|Interim Relief|2205-00-105-0-01|Interim Relief||Data|Object-Head|238.67||||100.0
75|02|17|2205|Art and Culture|00||105|Public Libraries|0||01|Direction and Administration|011|Dearness Allowance|2205-00-105-0-01|Dearness Allowance||Data|Object-Head|923.46|1123.00|1123.00|1278.00|100.0
75|02|17|2205|Art and Culture|00||105|Public Libraries|0||01|Direction and Administration|014|Other Allowance|2205-00-105-0-01|Other Allowance||Data|Object-Head|605.76|767.00|767.00|723.00|100.0
75|02|17|2205|Art and Culture|00||105|Public Libraries|0||01|Direction and Administration|015|Subsidiary Expenses|2205-00-105-0-01|Subsidiary Expenses||Data|Object-Head|890.01|950.00|950.00|1000.00|100.0
75|02|17|2205|Art and Culture|00||105|Public Libraries|0||01|Direction and Administration|020|Medical Allowance|2205-00-105-0-01|Medical Allowance||Data|Object-Head|31.27||||100.0
75|02|17|2205|Art and Culture|00||105|Public Libraries|0||01|Direction and Administration|021|Reimbursement of Medical Expenses|2205-00-105-0-01|Reimbursement of Medical Expenses||Data|Object-Head|38.23|55.00|55.00|53.00|100.0
75|02|17|2205|Art and Culture|00||105|Public Libraries|0||01|Direction and Administration|033|Daily-wages|2205-00-105-0-01|Daily-wages||Data|Object-Head|218.23|252.65|252.65|208.17|100.0
75|02|17|2205|Art and Culture|00||105|Public Libraries|0||01|Direction and Administration|041|Travel Expenses|2205-00-105-0-01|Travel Expenses||Data|Object-Head|2.13|4.00|4.00|3.00|100.0
75|02|17|2205|Art and Culture|00||105|Public Libraries|0||01|Direction and Administration|050|Office Expenses|2205-00-105-0-01|Office Expenses||Data|Object-Head||25.00|25.00|22.00|100.0
75|02|17|2205|Art and Culture|00||105|Public Libraries|0||01|Direction and Administration|051|General Expenses|2205-00-105-0-01|General Expenses||Data|Object-Head|234.18|70.00|70.00|70.00|100.0
75|02|17|2205|Art and Culture|00||105|Public Libraries|0||01|Direction and Administration|052|Telephone Charges|2205-00-105-0-01|Telephone Charges||Data|Object-Head|1.36||||100.0
75|02|17|2205|Art and Culture|00||105|Public Libraries|0||01|Direction and Administration|059|Other Expenses|2205-00-105-0-01|Other Expenses||Data|Object-Head|656.59||||100.0
75|02|17|2205|Art and Culture|00||105|Public Libraries|0||01|Direction and Administration|071|Building Expenses|2205-00-105-0-01|Building Expenses||Data|Object-Head|33.45|40.00|40.00|40.00|100.0
75|02|17|2205|Art and Culture|00||105|Public Libraries|0||01|Direction and Administration|195|Transport Expenses|2205-00-105-0-01|Transport Expenses||Data|Object-Head|1.59|4.47|4.47|15.72|100.0
75|02|17|2205|Art and Culture|00||105|Public Libraries|0||01|Direction and Administration|251|Pension & Retirement Benefits|2205-00-105-0-01|Pension & Retirement Benefits||Data|Object-Head|28.22|66.62|66.62|13.00|100.0
75|02|17|2205|Art and Culture|00||105|Public Libraries|0||01|Direction and Administration|422|Schedule Caste Sub Plan|2205-00-105-0-01|Schedule Caste Sub Plan||Data|Object-Head|101.95||||100.0
75|02|17|2205|Art and Culture|00||105|Public Libraries|0||01|Direction and Administration|423|Tribal Sub Plan|2205-00-105-0-01|Tribal Sub Plan||Data|Object-Head|41.32||||100.0
75|02|17|2205|Art and Culture|00||105|Public Libraries|0||01|Direction and Administration||||2205-00-105-0-01|HOA Total :|Total|Detailed-Head|8257.92|8460.74|8460.74|8510.89|100.0
75|02|17|2205|Art and Culture|00||||||||||2205|2205 - Total :||Total|Major-Head|8257.92|8460.74|8460.74|8510.89|
76|02|17|4058|Capital Outlay on Stationery and Printing|00||||||||||4058|Capital Outlay on Stationery and Printing||Header|Major-Head|||||
76|02|17|4058|Capital Outlay on Stationery and Printing|00||103|Government Press|0||01|Equipment Purchase and other Capital Expenses to Government Press|||4058-00-103-0-01|Equipment Purchase and other Capital Expenses to Government Press||Header|Detailed-Head|||||100.0
76|02|17|4058|Capital Outlay on Stationery and Printing|00||103|Government Press|0||01|Equipment Purchase and other Capital Expenses to Government Press|180|Machinery and Equipments|4058-00-103-0-01|Machinery and Equipments||Data|Object-Head||150.00|150.00|100.00|100.0
76|02|17|4058|Capital Outlay on Stationery and Printing|00||103|Government Press|0||01|Equipment Purchase and other Capital Expenses to Government Press||||HOA Total :||Total|Detailed-Head|0.00|150.00|150.00|100.00|100.0
76|02|17|4058|Capital Outlay on Stationery and Printing|00||||||||||4058|4058 - Total :||Total|Major-Head|0.00|150.00|150.00|100.00|
77|02|17|4202|Capital Outlay on Education, Sports, Art and Culture|01||||||||||4202|Capital Outlay on Education, Sports, Art and Culture||Header|Major-Head|||||
77|02|17|4202|Capital Outlay on Education, Sports, Art and Culture|01||201||1||04|Infrastructure for Primary Schools and High Schools|||4202-01-201-1-04|Infrastructure for Primary Schools and High Schools||Header|Detailed-Head|||||100.0
77|02|17|4202|Capital Outlay on Education, Sports, Art and Culture|01||201||1||04|Infrastructure for Primary Schools and High Schools|053|Purchase of Furniture and Fixture for Office|4202-01-201-1-04|Purchase of Furniture and Fixture for Office||Data|Object-Head||3500.00|3500.00|2500.00|100.0
77|02|17|4202|Capital Outlay on Education, Sports, Art and Culture|01||201||1||04|Infrastructure for Primary Schools and High Schools|059|Other Expenses|4202-01-201-1-04|Other Expenses||Data|Object-Head|11249.98||||100.0
77|02|17|4202|Capital Outlay on Education, Sports, Art and Culture|01||201||1||04|Infrastructure for Primary Schools and High Schools|132|Other Capital Expenses|4202-01-201-1-04|Other Capital Expenses||Data|Object-Head||||28550.00|100.0
77|02|17|4202|Capital Outlay on Education, Sports, Art and Culture|01||201||1||04|Infrastructure for Primary Schools and High Schools|139|Major Works|4202-01-201-1-04|Major Works||Data|Object-Head||36500.00|36500.00||100.0
77|02|17|4202|Capital Outlay on Education, Sports, Art and Culture|01||201||1||04|Infrastructure for Primary Schools and High Schools|177|IT Expenditure|4202-01-201-1-04|IT Expenditure||Data|Object-Head||500.00|500.00|500.00|100.0
77|02|17|4202|Capital Outlay on Education, Sports, Art and Culture|01||201||1||04|Infrastructure for Primary Schools and High Schools|180|Machinery and Equipments|4202-01-201-1-04|Machinery and Equipments||Data|Object-Head|3419.16|2500.00|2500.00|2000.00|100.0
77|02|17|4202|Capital Outlay on Education, Sports, Art and Culture|01||201||1||04|Infrastructure for Primary Schools and High Schools|422|Schedule Caste Sub Plan|4202-01-201-1-04|Schedule Caste Sub Plan||Data|Object-Head|1949.57|15000.00|15000.00|11750.00|100.0
77|02|17|4202|Capital Outlay on Education, Sports, Art and Culture|01||201||1||04|Infrastructure for Primary Schools and High Schools|423|Tribal Sub Plan|4202-01-201-1-04|Tribal Sub Plan||Data|Object-Head|800.00|6000.00|6000.00|4700.00|100.0
77|02|17|4202|Capital Outlay on Education, Sports, Art and Culture|01||201||1||04|Infrastructure for Primary Schools and High Schools|436|NABARD Works|4202-01-201-1-04|NABARD Works||Data|Object-Head|2101.40|1500.00|1500.00|2486.00|100.0
77|02|17|4202|Capital Outlay on Education, Sports, Art and Culture|01||201||1||04|Infrastructure for Primary Schools and High Schools|||4202-01-201-1-04|HOA Total :||Total|Detailed-Head|19520.11|65500.00|65500.00|52486.00|100.0
77|02|17|4202|Capital Outlay on Education, Sports, Art and Culture|01||201||1||06|Infrastructure for Karnataka Public Schools|||4202-01-201-1-06|Infrastructure for Karnataka Public Schools||Header|Detailed-Head|||||100.0
77|02|17|4202|Capital Outlay on Education, Sports, Art and Culture|01||201||1||06|Infrastructure for Karnataka Public Schools|132|Other Capital Expenses|4202-01-201-1-06|Other Capital Expenses||Data|Object-Head||||2000.00|100.0
77|02|17|4202|Capital Outlay on Education, Sports, Art and Culture|01||201||1||06|Infrastructure for Karnataka Public Schools|139|Major Works|4202-01-201-1-06|Major Works||Data|Object-Head|2967.40|2000.00|2000.00||100.0
77|02|17|4202|Capital Outlay on Education, Sports, Art and Culture|01||201||1||06|Infrastructure for Karnataka Public Schools|||4202-01-201-1-06|HOA Total :||Total|Detailed-Head|2967.40|2000.00|2000.00|2000.00|100.0
77|02|17|4202|Capital Outlay on Education, Sports, Art and Culture|01||201||1||07|Toilet facilities for schools|||4202-01-201-1-07|Toilet facilities for schools||Header|Detailed-Head|||||100.0
77|02|17|4202|Capital Outlay on Education, Sports, Art and Culture|01||201||1||07|Toilet facilities for schools|132|Other Capital Expenses|4202-01-201-1-07|Other Capital Expenses||Data|Object-Head||||7500.00|100.0
77|02|17|4202|Capital Outlay on Education, Sports, Art and Culture|01||201||1||07|Toilet facilities for schools|139|Major Works|4202-01-201-1-07|Major Works||Data|Object-Head|4995.53|5000.00|5000.00||100.0
77|02|17|4202|Capital Outlay on Education, Sports, Art and Culture|01||201||1||07|Toilet facilities for schools|||4202-01-201-1-07|HOA Total :||Total|Detailed-Head|4995.53|5000.00|5000.00|7500.00|100.0
77|02|17|4202|Capital Outlay on Education, Sports, Art and Culture|01||201||1||08|Infrastructure facilities for Primary and High Schools and PU Colleges|||4202-01-201-1-08|Infrastructure facilities for Primary and High Schools and PU Colleges||Header|Detailed-Head|||||100.0
77|02|17|4202|Capital Outlay on Education, Sports, Art and Culture|01||201||1||08|Infrastructure facilities for Primary and High Schools and PU Colleges|132|Other Capital Expenses|4202-01-201-1-08|Other Capital Expenses||Data|Object-Head|22669.58||||100.0
77|02|17|4202|Capital Outlay on Education, Sports, Art and Culture|01||201||1||08|Infrastructure facilities for Primary and High Schools and PU Colleges|139|Major Works|4202-01-201-1-08|Major Works||Data|Object-Head|16274.37||||100.0
78|02|17|4202|Capital Outlay on Education, Sports, Art and Culture|01||201||1||08|Infrastructure facilities for Primary and High Schools and PU Colleges|422|Schedule Caste Sub Plan|4202-01-201-1-08|Schedule Caste Sub Plan||Data|Object-Head|15000.00||||100.0
78|02|17|4202|Capital Outlay on Education, Sports, Art and Culture|01||201||1||08|Infrastructure facilities for Primary and High Schools and PU Colleges|423|Tribal Sub Plan|4202-01-201-1-08|Tribal Sub Plan||Data|Object-Head|6000.00||||100.0
78|02|17|4202|Capital Outlay on Education, Sports, Art and Culture|01||201||1||08|Infrastructure facilities for Primary and High Schools and PU Colleges|||4202-01-201-1-08|HOA Total :||Total|Detailed-Head|59943.95|0.00|0.00|0.00|100.0
78|02|17|4202|Capital Outlay on Education, Sports, Art and Culture|01||201||1||09|Strengthening of Karnataka Public Schools-EAP|||4202-01-201-1-09|Strengthening of Karnataka Public Schools-EAP||Header|Detailed-Head|||||100.0
78|02|17|4202|Capital Outlay on Education, Sports, Art and Culture|01||201||1||09|Strengthening of Karnataka Public Schools-EAP|132|Other Capital Expenses|4202-01-201-1-09|Other Capital Expenses||Data|Object-Head||2500.00|2500.00|5000.00|100.0
78|02|17|4202|Capital Outlay on Education, Sports, Art and Culture|01||201||1||09|Strengthening of Karnataka Public Schools-EAP|133|Regional Imbalance Redressal Program|4202-01-201-1-09|Regional Imbalance Redressal Program||Data|Object-Head||||5000.00|100.0
78|02|17|4202|Capital Outlay on Education, Sports, Art and Culture|01||201||1||09|Strengthening of Karnataka Public Schools-EAP|||4202-01-201-1-09|HOA Total :||Total|Detailed-Head|0.00|2500.00|2500.00|10000.00|100.0
78|02|17|4202|Capital Outlay on Education, Sports, Art and Culture|01||201||2||03|CSS-Central Share-PM Schools for Rising India (PM SHRI)|||4202-01-201-2-03|CSS-Central Share-PM Schools for Rising India (PM SHRI)||Header|Detailed-Head|||||100.0
78|02|17|4202|Capital Outlay on Education, Sports, Art and Culture|01||201||2||03|CSS-Central Share-PM Schools for Rising India (PM SHRI)|132|Other Capital Expenses|4202-01-201-2-03|Other Capital Expenses||Data|Object-Head|||4116.44|4116.00|100.0
78|02|17|4202|Capital Outlay on Education, Sports, Art and Culture|01||201||2||03|CSS-Central Share-PM Schools for Rising India (PM SHRI)|422|Schedule Caste Sub Plan|4202-01-201-2-03|Schedule Caste Sub Plan||Data|Object-Head|||1030.22|1030.00|100.0
78|02|17|4202|Capital Outlay on Education, Sports, Art and Culture|01||201||2||03|CSS-Central Share-PM Schools for Rising India (PM SHRI)|423|Tribal Sub Plan|4202-01-201-2-03|Tribal Sub Plan||Data|Object-Head|||416.09|416.00|100.0
78|02|17|4202|Capital Outlay on Education, Sports, Art and Culture|01||201||2||03|CSS-Central Share-PM Schools for Rising India (PM SHRI)|||4202-01-201-2-03|HOA Total :||Total|Detailed-Head|0.00|0.00|5562.75|5562.00|100.0
78|02|17|4202|Capital Outlay on Education, Sports, Art and Culture|01||201||2||04|CSS-State Share-PM Schools for Rising India (PM SHRI)|||4202-01-201-2-04|CSS-State Share-PM Schools for Rising India (PM SHRI)||Header|Detailed-Head|||||100.0
78|02|17|4202|Capital Outlay on Education, Sports, Art and Culture|01||201||2||04|CSS-State Share-PM Schools for Rising India (PM SHRI)|132|Other Capital Expenses|4202-01-201-2-04|Other Capital Expenses||Data|Object-Head|||2744.29|2745.00|100.0
78|02|17|4202|Capital Outlay on Education, Sports, Art and Culture|01||201||2||04|CSS-State Share-PM Schools for Rising India (PM SHRI)|422|Schedule Caste Sub Plan|4202-01-201-2-04|Schedule Caste Sub Plan||Data|Object-Head|||686.81|686.00|100.0
78|02|17|4202|Capital Outlay on Education, Sports, Art and Culture|01||201||2||04|CSS-State Share-PM Schools for Rising India (PM SHRI)|423|Tribal Sub Plan|4202-01-201-2-04|Tribal Sub Plan||Data|Object-Head|||277.39|277.00|100.0
78|02|17|4202|Capital Outlay on Education, Sports, Art and Culture|01||201||2||04|CSS-State Share-PM Schools for Rising India (PM SHRI)|||4202-01-201-2-04|HOA Total :||Total|Detailed-Head|0.00|0.00|3708.49|3708.00|100.0
78|02|17|4202|Capital Outlay on Education, Sports, Art and Culture|01||202||1||05|Infrastructure facilities for PU Colleges|||4202-01-202-1-05|Infrastructure facilities for PU Colleges||Header|Detailed-Head|||||100.0
78|02|17|4202|Capital Outlay on Education, Sports, Art and Culture|01||202||1||05|Infrastructure facilities for PU Colleges|180|Machinery and Equipments|4202-01-202-1-05|Machinery and Equipments||Data|Object-Head|2260.72|1000.00|1000.00|1000.00|100.0
78|02|17|4202|Capital Outlay on Education, Sports, Art and Culture|01||202||1||05|Infrastructure facilities for PU Colleges|386|Purchase/Construction of Buildings|4202-01-202-1-05|Purchase/Construction of Buildings||Data|Object-Head|3239.80|8728.50|8728.50|8728.50|100.0
78|02|17|4202|Capital Outlay on Education, Sports, Art and Culture|01||202||1||05|Infrastructure facilities for PU Colleges|422|Schedule Caste Sub Plan|4202-01-202-1-05|Schedule Caste Sub Plan||Data|Object-Head||1972.25|1972.25|1972.25|100.0
79|02|17|4202|Capital Outlay on Education, Sports, Art and Culture|01||202||1||05|Infrastructure facilities for PU Colleges|423|Tribal Sub Plan|4202-01-202-1-05|Tribal Sub Plan||Data|Object-Head||799.25|799.25|799.25|100.0
79|02|17|4202|Capital Outlay on Education, Sports, Art and Culture|01||202||1||05|Infrastructure facilities for PU Colleges|436|NABARD Works|4202-01-202-1-05|NABARD Works||Data|Object-Head|1137.60|540.00|540.00|566.00|100.0
79|02|17|4202|Capital Outlay on Education, Sports, Art and Culture|01||202||1||05|Infrastructure facilities for PU Colleges||||HOA Total :||Total|Detailed-Head|6638.12|13040.00|13040.00|13066.00|100.0
79|02|17|4202|Capital Outlay on Education, Sports, Art and Culture|01||202||1||07|CSS-Central Share-Samagra Shikshana Karnataka-Infrastructure expenditure|||4202-01-202-1-07|CSS-Central Share-Samagra Shikshana Karnataka-Infrastructure expenditure||Header|Detailed-Head|||||100.0
79|02|17|4202|Capital Outlay on Education, Sports, Art and Culture|01||202||1||07|CSS-Central Share-Samagra Shikshana Karnataka-Infrastructure expenditure|132|Other Capital Expenses|4202-01-202-1-07|Other Capital Expenses||Data|Object-Head||7683.62|7683.62|7683.32|100.0
79|02|17|4202|Capital Outlay on Education, Sports, Art and Culture|01||202||1||07|CSS-Central Share-Samagra Shikshana Karnataka-Infrastructure expenditure|133|Regional Imbalance Redressal Program|4202-01-202-1-07|Regional Imbalance Redressal Program||Data|Object-Head||2000.00|2000.00|2000.00|100.0
79|02|17|4202|Capital Outlay on Education, Sports, Art and Culture|01||202||1||07|CSS-Central Share-Samagra Shikshana Karnataka-Infrastructure expenditure|422|Schedule Caste Sub Plan|4202-01-202-1-07|Schedule Caste Sub Plan||Data|Object-Head||2188.06|2188.06|2188.00|100.0
79|02|17|4202|Capital Outlay on Education, Sports, Art and Culture|01||202||1||07|CSS-Central Share-Samagra Shikshana Karnataka-Infrastructure expenditure|423|Tribal Sub Plan|4202-01-202-1-07|Tribal Sub Plan||Data|Object-Head||886.71|886.71|886.68|100.0
79|02|17|4202|Capital Outlay on Education, Sports, Art and Culture|01||202||1||07|CSS-Central Share-Samagra Shikshana Karnataka-Infrastructure expenditure||||HOA Total :||Total|Detailed-Head|0.00|12758.39|12758.39|12758.00|100.0
79|02|17|4202|Capital Outlay on Education, Sports, Art and Culture|01||202||1||08|CSS-State Share-Samagra Shikshana Karnataka-Infrastructure expenditure|||4202-01-202-1-08|CSS-State Share-Samagra Shikshana Karnataka-Infrastructure expenditure||Header|Detailed-Head|||||100.0
79|02|17|4202|Capital Outlay on Education, Sports, Art and Culture|01||202||1||08|CSS-State Share-Samagra Shikshana Karnataka-Infrastructure expenditure|132|Other Capital Expenses|4202-01-202-1-08|Other Capital Expenses||Data|Object-Head||3455.76|3455.76|3455.76|100.0
79|02|17|4202|Capital Outlay on Education, Sports, Art and Culture|01||202||1||08|CSS-State Share-Samagra Shikshana Karnataka-Infrastructure expenditure|133|Regional Imbalance Redressal Program|4202-01-202-1-08|Regional Imbalance Redressal Program||Data|Object-Head||3000.00|3000.00|3000.00|100.0
79|02|17|4202|Capital Outlay on Education, Sports, Art and Culture|01||202||1||08|CSS-State Share-Samagra Shikshana Karnataka-Infrastructure expenditure|422|Schedule Caste Sub Plan|4202-01-202-1-08|Schedule Caste Sub Plan||Data|Object-Head||1458.70|1458.70|1458.24|100.0
79|02|17|4202|Capital Outlay on Education, Sports, Art and Culture|01||202||1||08|CSS-State Share-Samagra Shikshana Karnataka-Infrastructure expenditure|423|Tribal Sub Plan|4202-01-202-1-08|Tribal Sub Plan||Data|Object-Head||591.13|591.13|591.00|100.0
79|02|17|4202|Capital Outlay on Education, Sports, Art and Culture|01||202||1||08|CSS-State Share-Samagra Shikshana Karnataka-Infrastructure expenditure||||HOA Total :||Total|Detailed-Head|0.00|8505.59|8505.59|8505.00|100.0
79|02|17|4202|Capital Outlay on Education, Sports, Art and Culture|01||600||0||04|Unspent SCSP-TSP Amount as per the SCSP-TSPAct 2013|||4202-01-600-0-04|Unspent SCSP-TSP Amount as per the SCSP-TSPAct 2013||Header|Detailed-Head|||||100.0
79|02|17|4202|Capital Outlay on Education, Sports, Art and Culture|01||600||0||04|Unspent SCSP-TSP Amount as per the SCSP-TSPAct 2013|422|Schedule Caste Sub Plan|4202-01-600-0-04|Schedule Caste Sub Plan||Data|Object-Head||154.85|154.85|0.29|100.0
79|02|17|4202|Capital Outlay on Education, Sports, Art and Culture|01||600||0||04|Unspent SCSP-TSP Amount as per the SCSP-TSPAct 2013|423|Tribal Sub Plan|4202-01-600-0-04|Tribal Sub Plan||Data|Object-Head||0.66|0.66||100.0
79|02|17|4202|Capital Outlay on Education, Sports, Art and Culture|01||600||0||04|Unspent SCSP-TSP Amount as per the SCSP-TSPAct 2013||||HOA Total :||Total|Detailed-Head|0.00|155.51|155.51|0.29|100.0
80|02|17|4202|Capital Outlay on Education, Sports, Art and Culture|01|General Education|796|Tribal Area Sub-Plan|0||01|CSS-Central Share-Construction of Hostels under DAJGUA of SSK|||4202-01-796-0-01|CSS-Central Share-Construction of Hostels under DAJGUA of SSK|V|Header|Detailed-Head|||||100.0
80|02|17|4202|Capital Outlay on Education, Sports, Art and Culture|01|General Education|796|Tribal Area Sub-Plan|0||01|CSS-Central Share-Construction of Hostels under DAJGUA of SSK|386|Purchase/Construction of Buildings|4202-01-796-0-01|Purchase/Construction of Buildings|V|Data|Object-Head|||1207.50|1207.00|100.0
80|02|17|4202|Capital Outlay on Education, Sports, Art and Culture|01|General Education|796|Tribal Area Sub-Plan|0||01|CSS-Central Share-Construction of Hostels under DAJGUA of SSK||||HOA Total :|V|Total|Detailed-Head|0.00|0.00|1207.50|1207.00|100.0
80|02|17|4202|Capital Outlay on Education, Sports, Art and Culture|01|General Education|796|Tribal Area Sub-Plan|0||02|CSS-State Share-Construction of Hostels under DAJGUA of SSK|||4202-01-796-0-02|CSS-State Share-Construction of Hostels under DAJGUA of SSK|V|Header|Detailed-Head|||||100.0
80|02|17|4202|Capital Outlay on Education, Sports, Art and Culture|01|General Education|796|Tribal Area Sub-Plan|0||02|CSS-State Share-Construction of Hostels under DAJGUA of SSK|386|Purchase/Construction of Buildings|4202-01-796-0-02|Purchase/Construction of Buildings|V|Data|Object-Head|||805.00|805.00|100.0
80|02|17|4202|Capital Outlay on Education, Sports, Art and Culture|01|General Education|796|Tribal Area Sub-Plan|0||02|CSS-State Share-Construction of Hostels under DAJGUA of SSK||||HOA Total :|V|Total|Detailed-Head|0.00|0.00|805.00|805.00|100.0
80|02|17|4202|Capital Outlay on Education, Sports, Art and Culture|01|General Education|796|Tribal Area Sub-Plan|0||03|CSS-Central Share-Construction of Hostels under PM-JANMAN of SSK|||4202-01-796-0-03|CSS-Central Share-Construction of Hostels under PM-JANMAN of SSK|V|Header|Detailed-Head|||||100.0
80|02|17|4202|Capital Outlay on Education, Sports, Art and Culture|01|General Education|796|Tribal Area Sub-Plan|0||03|CSS-Central Share-Construction of Hostels under PM-JANMAN of SSK|386|Purchase/Construction of Buildings|4202-01-796-0-03|Purchase/Construction of Buildings|V|Data|Object-Head||||492.00|100.0
80|02|17|4202|Capital Outlay on Education, Sports, Art and Culture|01|General Education|796|Tribal Area Sub-Plan|0||03|CSS-Central Share-Construction of Hostels under PM-JANMAN of SSK||||HOA Total :|V|Total|Detailed-Head|0.00|0.00|0.00|492.00|100.0
80|02|17|4202|Capital Outlay on Education, Sports, Art and Culture|01|General Education|796|Tribal Area Sub-Plan|0||04|CSS-State Share-Construction of Hostels under PMJANMAN of SSK|||4202-01-796-0-04|CSS-State Share-Construction of Hostels under PMJANMAN of SSK|V|Header|Detailed-Head|||||100.0
80|02|17|4202|Capital Outlay on Education, Sports, Art and Culture|01|General Education|796|Tribal Area Sub-Plan|0||04|CSS-State Share-Construction of Hostels under PMJANMAN of SSK|386|Purchase/Construction of Buildings|4202-01-796-0-04|Purchase/Construction of Buildings|V|Data|Object-Head||||328.00|100.0
80|02|17|4202|Capital Outlay on Education, Sports, Art and Culture|01|General Education|796|Tribal Area Sub-Plan|0||04|CSS-State Share-Construction of Hostels under PMJANMAN of SSK||||HOA Total :|V|Total|Detailed-Head|0.00|0.00|0.00|328.00|100.0
81|02|17|4202|Capital Outlay on Education, Sports, Art and Culture|04|Art and Culture|105|Public Libraries|3||01|Direction and Administration|||4202-04-105-3-01|Public Libraries- Direction and Administration|V|Header|Detailed-Head|||||100.0
81|02|17|4202|Capital Outlay on Education, Sports, Art and Culture|04|Art and Culture|105|Public Libraries|3||01|Direction and Administration|132|Other Capital Expenses|4202-04-105-3-01|Other Capital Expenses|V|Data|Object-Head||759.00|759.00|380.00|100.0
81|02|17|4202|Capital Outlay on Education, Sports, Art and Culture|04|Art and Culture|105|Public Libraries|3||01|Direction and Administration|422|Schedule Caste Sub Plan|4202-04-105-3-01|Schedule Caste Sub Plan|V|Data|Object-Head||171.50|171.50|85.50|100.0
81|02|17|4202|Capital Outlay on Education, Sports, Art and Culture|04|Art and Culture|105|Public Libraries|3||01|Direction and Administration|423|Tribal Sub Plan|4202-04-105-3-01|Tribal Sub Plan|V|Data|Object-Head||69.50|69.50|34.50|100.0
81|02|17|4202|Capital Outlay on Education, Sports, Art and Culture|04|Art and Culture|105|Public Libraries|3||01|Direction and Administration||||HOA Total :|V|Total|Detailed-Head|0.00|1000.00|1000.00|500.00|100.0
81|02|17|4202|Capital Outlay on Education, Sports, Art and Culture|04|Art and Culture||||||||||4202 - Total :|V|Total|Major-Head|94065.11|110459.49|121743.23|118917.29|
82|02|22|2210|Medical and Public Health|01||001||0||01|Directorate of Medical Education|||2210-01-001-0-01|Directorate of Medical Education|V|Header|Detailed-Head|||||100.0
82|02|22|2210|Medical and Public Health|01||001||0||01|Directorate of Medical Education|002|Basic Pay|2210-01-001-0-01|Basic Pay|V|Data|Object-Head|3256.39|5285.00|5285.00|4940.00|100.0
82|02|22|2210|Medical and Public Health|01||001||0||01|Directorate of Medical Education|003|Basic Pay-Staff|2210-01-001-0-01|Basic Pay-Staff|V|Data|Object-Head|446.56||||100.0
82|02|22|2210|Medical and Public Health|01||001||0||01|Directorate of Medical Education|004|Interim Relief|2210-01-001-0-01|Interim Relief|V|Data|Object-Head|367.26||||100.0
82|02|22|2210|Medical and Public Health|01||001||0||01|Directorate of Medical Education|011|Dearness Allowance|2210-01-001-0-01|Dearness Allowance|V|Data|Object-Head|1093.85|1082.00|1082.00|1107.00|100.0
82|02|22|2210|Medical and Public Health|01||001||0||01|Directorate of Medical Education|014|Other Allowance|2210-01-001-0-01|Other Allowance|V|Data|Object-Head|767.86|969.00|969.00|917.00|100.0
82|02|22|2210|Medical and Public Health|01||001||0||01|Directorate of Medical Education|015|Subsidiary Expenses|2210-01-001-0-01|Subsidiary Expenses|V|Data|Object-Head|669.81|675.00|675.00|1150.00|100.0
82|02|22|2210|Medical and Public Health|01||001||0||01|Directorate of Medical Education|020|Medical Allowance|2210-01-001-0-01|Medical Allowance|V|Data|Object-Head|2.97||||100.0
82|02|22|2210|Medical and Public Health|01||001||0||01|Directorate of Medical Education|021|Reimbursement of Medical Expenses|2210-01-001-0-01|Reimbursement of Medical Expenses|V|Data|Object-Head|0.91|27.00|27.00|21.00|100.0
82|02|22|2210|Medical and Public Health|01||001||0||01|Directorate of Medical Education|034|Contract/Outsource|2210-01-001-0-01|Contract/Outsource|V|Data|Object-Head||59.27|59.27|1.00|100.0
82|02|22|2210|Medical and Public Health|01||001||0||01|Directorate of Medical Education|041|Travel Expenses|2210-01-001-0-01|Travel Expenses|V|Data|Object-Head|1.70|2.00|2.00|2.00|100.0
82|02|22|2210|Medical and Public Health|01||001||0||01|Directorate of Medical Education|050|Office Expenses|2210-01-001-0-01|Office Expenses|V|Data|Object-Head||2.00|2.00|2.00|100.0
82|02|22|2210|Medical and Public Health|01||001||0||01|Directorate of Medical Education|051|General Expenses|2210-01-001-0-01|General Expenses|V|Data|Object-Head|92.38|140.00|140.00|140.00|100.0
82|02|22|2210|Medical and Public Health|01||001||0||01|Directorate of Medical Education|052|Telephone Charges|2210-01-001-0-01|Telephone Charges|V|Data|Object-Head|0.57||||100.0
82|02|22|2210|Medical and Public Health|01||001||0||01|Directorate of Medical Education|071|Building Expenses|2210-01-001-0-01|Building Expenses|V|Data|Object-Head|4.08|11.00|11.00|11.00|100.0
82|02|22|2210|Medical and Public Health|01||001||0||01|Directorate of Medical Education|117|Scholarships & Incentives|2210-01-001-0-01|Scholarships & Incentives|V|Data|Object-Head||140.76|140.76|140.00|100.0
82|02|22|2210|Medical and Public Health|01||001||0||01|Directorate of Medical Education|195|Transport Expenses|2210-01-001-0-01|Transport Expenses|V|Data|Object-Head|6.05|16.00|16.00|2.01|100.0
82|02|22|2210|Medical and Public Health|01||001||0||01|Directorate of Medical Education|200|Maintenance Expenditure|2210-01-001-0-01|Maintenance Expenditure|V|Data|Object-Head|0.48|2.00|2.00|12.00|100.0
82|02|22|2210|Medical and Public Health|01||001||0||01|Directorate of Medical Education|221|Materials and Supplies|2210-01-001-0-01|Materials and Supplies|V|Data|Object-Head|0.36|2.00|2.00|2.00|100.0
82|02|22|2210|Medical and Public Health|01||001||0||01|Directorate of Medical Education|222|Drugs and Chemicals|2210-01-001-0-01|Drugs and Chemicals|V|Data|Object-Head||1.00|1.00||100.0
82|02|22|2210|Medical and Public Health|01||001||0||01|Directorate of Medical Education|||2210-01-001-0-01|HOA Total :|V|Total|Detailed-Head|6711.23|8414.03|8414.03|8447.01|100.0
82|02|22|2210|Medical and Public Health|01||001||0||50|Vacant Post Provision|||2210-01-001-0-50|Vacant Post Provision|V|Header|Detailed-Head|||||100.0
82|02|22|2210|Medical and Public Health|01||001||0||50|Vacant Post Provision|014|Other Allowance|2210-01-001-0-50|Other Allowance|V|Data|Object-Head||37212.06|35560.53|44757.06|100.0
82|02|22|2210|Medical and Public Health|01||001||0||50|Vacant Post Provision|||2210-01-001-0-50|HOA Total :|V|Total|Detailed-Head|0.00|37212.06|35560.53|44757.06|100.0
83|02|22|2210|Medical and Public Health|01|Urban Health Services-Allopathy|110|Hospital and Dispensaries|1||13|Buildings under Medical Education Department|||2210-01-110-1-13|Buildings under Medical Education Department|V|Header|Detailed-Head|||||100.0
83|02|22|2210|Medical and Public Health|01|Urban Health Services-Allopathy|110|Hospital and Dispensaries|1||13|Buildings under Medical Education Department|200|Maintenance Expenditure|2210-01-110-1-13|Maintenance Expenditure|V|Data|Object-Head|16.81|10.00|10.00||100.0
83|02|22|2210|Medical and Public Health|01|Urban Health Services-Allopathy|110|Hospital and Dispensaries|1||13|Buildings under Medical Education Department|||2210-01-110-1-13|HOA Total :|V|Total|Detailed-Head|16.81|10.00|10.00|0.00|100.0
83|02|22|2210|Medical and Public Health|01|Urban Health Services-Allopathy|110|Hospital and Dispensaries|2||15|The National Institute of Mental Health and Neuro Sciences, Bangalore|||2210-01-110-2-15|The National Institute of Mental Health and Neuro Sciences, Bangalore|V|Header|Detailed-Head|||||100.0
83|02|22|2210|Medical and Public Health|01|Urban Health Services-Allopathy|110|Hospital and Dispensaries|2||15|The National Institute of Mental Health and Neuro Sciences, Bangalore|101|Grants-in-Aid-Salaries|2210-01-110-2-15|Grants-in-Aid-Salaries|V|Data|Object-Head|9299.12|11151.40|11151.40|11124.28|100.0
83|02|22|2210|Medical and Public Health|01|Urban Health Services-Allopathy|110|Hospital and Dispensaries|2||15|The National Institute of Mental Health and Neuro Sciences, Bangalore|103|Grants-in-Aid -General|2210-01-110-2-15|Grants-in-Aid -General|V|Data|Object-Head|2500.00|1936.00|1936.00|2080.00|100.0
83|02|22|2210|Medical and Public Health|01|Urban Health Services-Allopathy|110|Hospital and Dispensaries|2||15|The National Institute of Mental Health and Neuro Sciences, Bangalore|115|GIA Contract /Outsource|2210-01-110-2-15|GIA Contract /Outsource|V|Data|Object-Head|1882.16|1933.96|1933.96|1850.21|100.0
83|02|22|2210|Medical and Public Health|01|Urban Health Services-Allopathy|110|Hospital and Dispensaries|2||15|The National Institute of Mental Health and Neuro Sciences, Bangalore|422|Schedule Caste Sub Plan|2210-01-110-2-15|Schedule Caste Sub Plan|V|Data|Object-Head||437.00|437.00|364.00|100.0
83|02|22|2210|Medical and Public Health|01|Urban Health Services-Allopathy|110|Hospital and Dispensaries|2||15|The National Institute of Mental Health and Neuro Sciences, Bangalore|423|Tribal Sub Plan|2210-01-110-2-15|Tribal Sub Plan|V|Data|Object-Head||177.00|177.00|156.00|100.0
83|02|22|2210|Medical and Public Health|01|Urban Health Services-Allopathy|110|Hospital and Dispensaries|2||15|The National Institute of Mental Health and Neuro Sciences, Bangalore|||2210-01-110-2-15|HOA Total :|V|Total|Detailed-Head|13681.28|15635.36|15635.36|15574.49|100.0
83|02|22|2210|Medical and Public Health|01|Urban Health Services-Allopathy|110|Hospital and Dispensaries|2||16|Sanjay Gandhi Institute of Trauma & Orthopaedics|||2210-01-110-2-16|Sanjay Gandhi Institute of Trauma & Orthopaedics|V|Header|Detailed-Head|||||100.0
83|02|22|2210|Medical and Public Health|01|Urban Health Services-Allopathy|110|Hospital and Dispensaries|2||16|Sanjay Gandhi Institute of Trauma & Orthopaedics|101|Grants-in-Aid-Salaries|2210-01-110-2-16|Grants-in-Aid-Salaries|V|Data|Object-Head|2014.37|2386.40|2386.40|2351.30|100.0
83|02|22|2210|Medical and Public Health|01|Urban Health Services-Allopathy|110|Hospital and Dispensaries|2||16|Sanjay Gandhi Institute of Trauma & Orthopaedics|103|Grants-in-Aid -General|2210-01-110-2-16|Grants-in-Aid -General|V|Data|Object-Head|961.25|500.00|500.00|1500.00|100.0
83|02|22|2210|Medical and Public Health|01|Urban Health Services-Allopathy|110|Hospital and Dispensaries|2||16|Sanjay Gandhi Institute of Trauma & Orthopaedics|112|GIA Stipends|2210-01-110-2-16|GIA Stipends|V|Data|Object-Head|482.00|551.88|551.88|551.00|100.0
83|02|22|2210|Medical and Public Health|01|Urban Health Services-Allopathy|110|Hospital and Dispensaries|2||16|Sanjay Gandhi Institute of Trauma & Orthopaedics|115|GIA Contract /Outsource|2210-01-110-2-16|GIA Contract /Outsource|V|Data|Object-Head|688.19|706.03|706.03|746.08|100.0
83|02|22|2210|Medical and Public Health|01|Urban Health Services-Allopathy|110|Hospital and Dispensaries|2||16|Sanjay Gandhi Institute of Trauma & Orthopaedics|118|Grants-in-Aid-Pensions|2210-01-110-2-16|Grants-in-Aid-Pensions|V|Data|Object-Head|900.00|1062.86|1062.86|1106.00|100.0
83|02|22|2210|Medical and Public Health|01|Urban Health Services-Allopathy|110|Hospital and Dispensaries|2||16|Sanjay Gandhi Institute of Trauma & Orthopaedics|422|Schedule Caste Sub Plan|2210-01-110-2-16|Schedule Caste Sub Plan|V|Data|Object-Head|41.93|27.00|27.00|400.00|100.0
83|02|22|2210|Medical and Public Health|01|Urban Health Services-Allopathy|110|Hospital and Dispensaries|2||16|Sanjay Gandhi Institute of Trauma & Orthopaedics|423|Tribal Sub Plan|2210-01-110-2-16|Tribal Sub Plan|V|Data|Object-Head|33.09|13.00|13.00|100.00|100.0
83|02|22|2210|Medical and Public Health|01|Urban Health Services-Allopathy|110|Hospital and Dispensaries|2||16|Sanjay Gandhi Institute of Trauma & Orthopaedics|||2210-01-110-2-16|HOA Total :|V|Total|Detailed-Head|5120.83|5247.17|5247.17|6754.38|100.0
84|02|22|2210|Medical and Public Health|01|Urban Health Services-Allopathy|110|Hospital and Dispensaries|2||37|Rajiv Gandhi Super Speciality Hospital, Raichur|||2210-01-110-2-37|Rajiv Gandhi Super Speciality Hospital, Raichur|V|Header|Detailed-Head|||||100.0
84|02|22|2210|Medical and Public Health|01|Urban Health Services-Allopathy|110|Hospital and Dispensaries|2||37|Rajiv Gandhi Super Speciality Hospital, Raichur|101|Grants-in-Aid-Salaries|2210-01-110-2-37|Grants-in-Aid-Salaries|V|Data|Object-Head|315.32|373.53|373.53|412.51|100.0
84|02|22|2210|Medical and Public Health|01|Urban Health Services-Allopathy|110|Hospital and Dispensaries|2||37|Rajiv Gandhi Super Speciality Hospital, Raichur|103|Grants-in-Aid -General|2210-01-110-2-37|Grants-in-Aid -General|V|Data|Object-Head|494.68|500.00|500.00|750.00|100.0
84|02|22|2210|Medical and Public Health|01|Urban Health Services-Allopathy|110|Hospital and Dispensaries|2||37|Rajiv Gandhi Super Speciality Hospital, Raichur|115|GIA Contract /Outsource|2210-01-110-2-37|GIA Contract /Outsource|V|Data|Object-Head|364.66|419.66|419.66|425.23|100.0
84|02|22|2210|Medical and Public Health|01|Urban Health Services-Allopathy|110|Hospital and Dispensaries|2||37|Rajiv Gandhi Super Speciality Hospital, Raichur|118|Grants-in-Aid-Pensions|2210-01-110-2-37|Grants-in-Aid-Pensions|V|Data|Object-Head|80.00|99.00|99.00|80.00|100.0
84|02|22|2210|Medical and Public Health|01|Urban Health Services-Allopathy|110|Hospital and Dispensaries|2||37|Rajiv Gandhi Super Speciality Hospital, Raichur|422|Schedule Caste Sub Plan|2210-01-110-2-37|Schedule Caste Sub Plan|V|Data|Object-Head|3.55|4.00|4.00|200.00|100.0
84|02|22|2210|Medical and Public Health|01|Urban Health Services-Allopathy|110|Hospital and Dispensaries|2||37|Rajiv Gandhi Super Speciality Hospital, Raichur|423|Tribal Sub Plan|2210-01-110-2-37|Tribal Sub Plan|V|Data|Object-Head|1.77|2.00|2.00|50.00|100.0
84|02|22|2210|Medical and Public Health|01|Urban Health Services-Allopathy|110|Hospital and Dispensaries|2||37|Rajiv Gandhi Super Speciality Hospital, Raichur|||2210-01-110-2-37|HOA Total :|V|Total|Detailed-Head|1259.98|1398.19|1398.19|1917.74|100.0
84|02|22|2210|Medical and Public Health|01|Urban Health Services-Allopathy|110|Hospital and Dispensaries|3||09|S.D.S Tuberculosis & Rajiv Gandhi Institute of Chest Diseases|||2210-01-110-3-09|S.D.S Tuberculosis & Rajiv Gandhi Institute of Chest Diseases|V|Header|Detailed-Head|||||100.0
84|02|22|2210|Medical and Public Health|01|Urban Health Services-Allopathy|110|Hospital and Dispensaries|3||09|S.D.S Tuberculosis & Rajiv Gandhi Institute of Chest Diseases|101|Grants-in-Aid-Salaries|2210-01-110-3-09|Grants-in-Aid-Salaries|V|Data|Object-Head|1014.64|1162.50|1162.50|1241.26|100.0
84|02|22|2210|Medical and Public Health|01|Urban Health Services-Allopathy|110|Hospital and Dispensaries|3||09|S.D.S Tuberculosis & Rajiv Gandhi Institute of Chest Diseases|103|Grants-in-Aid -General|2210-01-110-3-09|Grants-in-Aid -General|V|Data|Object-Head|328.50|200.00|200.00|250.00|100.0
84|02|22|2210|Medical and Public Health|01|Urban Health Services-Allopathy|110|Hospital and Dispensaries|3||09|S.D.S Tuberculosis & Rajiv Gandhi Institute of Chest Diseases|112|GIA Stipends|2210-01-110-3-09|GIA Stipends|V|Data|Object-Head|100.00|189.75|189.75|210.00|100.0
84|02|22|2210|Medical and Public Health|01|Urban Health Services-Allopathy|110|Hospital and Dispensaries|3||09|S.D.S Tuberculosis & Rajiv Gandhi Institute of Chest Diseases|115|GIA Contract /Outsource|2210-01-110-3-09|GIA Contract /Outsource|V|Data|Object-Head|648.95|652.30|652.30|658.91|100.0
84|02|22|2210|Medical and Public Health|01|Urban Health Services-Allopathy|110|Hospital and Dispensaries|3||09|S.D.S Tuberculosis & Rajiv Gandhi Institute of Chest Diseases|118|Grants-in-Aid-Pensions|2210-01-110-3-09|Grants-in-Aid-Pensions|V|Data|Object-Head|87.69|50.00|50.00|110.00|100.0
84|02|22|2210|Medical and Public Health|01|Urban Health Services-Allopathy|110|Hospital and Dispensaries|3||09|S.D.S Tuberculosis & Rajiv Gandhi Institute of Chest Diseases|422|Schedule Caste Sub Plan|2210-01-110-3-09|Schedule Caste Sub Plan|V|Data|Object-Head|55.47|44.00|44.00|65.00|100.0
84|02|22|2210|Medical and Public Health|01|Urban Health Services-Allopathy|110|Hospital and Dispensaries|3||09|S.D.S Tuberculosis & Rajiv Gandhi Institute of Chest Diseases|423|Tribal Sub Plan|2210-01-110-3-09|Tribal Sub Plan|V|Data|Object-Head|7.25|30.00|30.00|35.00|100.0
84|02|22|2210|Medical and Public Health|01|Urban Health Services-Allopathy|110|Hospital and Dispensaries|3||09|S.D.S Tuberculosis & Rajiv Gandhi Institute of Chest Diseases|||2210-01-110-3-09|HOA Total :|V|Total|Detailed-Head|2242.50|2328.55|2328.55|2570.17|100.0
84|02|22|2210|Medical and Public Health|01|Urban Health Services-Allopathy|911|Deduct Recoveries of Over Payments|0||00|Deduct Recoveries of Over Payments|||2210-01-911-0-00|Deduct Recoveries of Over Payments|V|Header|Detailed-Head|||||100.0
84|02|22|2210|Medical and Public Health|01|Urban Health Services-Allopathy|911|Deduct Recoveries of Over Payments|0||00|Deduct Recoveries of Over Payments|364|Deduct - Recoveries|2210-01-911-0-00|Deduct - Recoveries|V|Data|Object-Head|-1.31||||100.0
84|02|22|2210|Medical and Public Health|01|Urban Health Services-Allopathy|911|Deduct Recoveries of Over Payments|0||00|Deduct Recoveries of Over Payments|||2210-01-911-0-00|HOA Total :|V|Total|Detailed-Head|-1.31|0.00|0.00|0.00|100.0
85|02|22|2210|Medical and Public Health|01|Urban Health Services-Allopathy|911|Deduct Recoveries of Over Payments|0||01|Deduct Recovery of Over Payments of Current Year|||2210-01-911-0-01|Deduct Recovery of Over Payments of Current Year|V|Header|Detailed-Head|||||100.0
85|02|22|2210|Medical and Public Health|01|Urban Health Services-Allopathy|911|Deduct Recoveries of Over Payments|0||01|Deduct Recovery of Over Payments of Current Year|364|Deduct - Recoveries|2210-01-911-0-01|Deduct - Recoveries|V|Data|Object-Head|-188.33||||100.0
85|02|22|2210|Medical and Public Health|01|Urban Health Services-Allopathy|911|Deduct Recoveries of Over Payments|0||01|Deduct Recovery of Over Payments of Current Year|||2210-01-911-0-01|HOA Total :|V|Total|Detailed-Head|-188.33|0.00|0.00|0.00|100.0
85|02|22|2210|Medical and Public Health|02|Rural Health Services-Allopathy|911|Deduct Recoveries of Over Payments|0||02|Deduct Recovery of Over Payments of Previous Year|||2210-02-911-0-02|Deduct Recovery of Over Payments of Previous Year|V|Header|Detailed-Head|||||100.0
85|02|22|2210|Medical and Public Health|02|Rural Health Services-Allopathy|911|Deduct Recoveries of Over Payments|0||02|Deduct Recovery of Over Payments of Previous Year|364|Deduct - Recoveries|2210-02-911-0-02|Deduct - Recoveries|V|Data|Object-Head|-0.01||||100.0
85|02|22|2210|Medical and Public Health|02|Rural Health Services-Allopathy|911|Deduct Recoveries of Over Payments|0||02|Deduct Recovery of Over Payments of Previous Year|||2210-02-911-0-02|HOA Total :|V|Total|Detailed-Head|-0.01|0.00|0.00|0.00|100.0
85|02|22|2210|Medical and Public Health|03|Medical Education, Training and Research|911|Deduct Recoveries of Over Payments|0||00|Deduct Recoveries of Over Payments|||2210-03-911-0-00|Deduct Recoveries of Over Payments|V|Header|Detailed-Head|||||100.0
85|02|22|2210|Medical and Public Health|03|Medical Education, Training and Research|911|Deduct Recoveries of Over Payments|0||00|Deduct Recoveries of Over Payments|364|Deduct - Recoveries|2210-03-911-0-00|Deduct - Recoveries|V|Data|Object-Head|-0.05||||100.0
85|02|22|2210|Medical and Public Health|03|Medical Education, Training and Research|911|Deduct Recoveries of Over Payments|0||00|Deduct Recoveries of Over Payments|||2210-03-911-0-00|HOA Total :|V|Total|Detailed-Head|-0.05|0.00|0.00|0.00|100.0
85|02|22|2210|Medical and Public Health|05|Medical Education, Training and Research|105|Allopathy|1||03|Ballari Medical College and Research Centre(BMCRC), Ballari|||2210-05-105-1-03|Ballari Medical College and Research Centre(BMCRC), Ballari|V|Header|Detailed-Head|||||100.0
85|02|22|2210|Medical and Public Health|05|Medical Education, Training and Research|105|Allopathy|1||03|Ballari Medical College and Research Centre(BMCRC), Ballari|101|Grants-in-Aid-Salaries|2210-05-105-1-03|Grants-in-Aid-Salaries|V|Data|Object-Head|9369.27|10810.86|10810.86|11040.62|100.0
85|02|22|2210|Medical and Public Health|05|Medical Education, Training and Research|105|Allopathy|1||03|Ballari Medical College and Research Centre(BMCRC), Ballari|103|Grants-in-Aid -General|2210-05-105-1-03|Grants-in-Aid -General|V|Data|Object-Head|1418.13|1600.00|1600.00|1515.55|100.0
85|02|22|2210|Medical and Public Health|05|Medical Education, Training and Research|105|Allopathy|1||03|Ballari Medical College and Research Centre(BMCRC), Ballari|112|GIA Stipends|2210-05-105-1-03|GIA Stipends|V|Data|Object-Head|2677.80|3121.50|3121.50|3214.50|100.0
85|02|22|2210|Medical and Public Health|05|Medical Education, Training and Research|105|Allopathy|1||03|Ballari Medical College and Research Centre(BMCRC), Ballari|115|GIA Contract /Outsource|2210-05-105-1-03|GIA Contract /Outsource|V|Data|Object-Head|4282.88|4620.03|4620.03|4939.43|100.0
85|02|22|2210|Medical and Public Health|05|Medical Education, Training and Research|105|Allopathy|1||03|Ballari Medical College and Research Centre(BMCRC), Ballari|118|Grants-in-Aid-Pensions|2210-05-105-1-03|Grants-in-Aid-Pensions|V|Data|Object-Head|1423.08|1450.00|1450.00|2362.00|100.0
85|02|22|2210|Medical and Public Health|05|Medical Education, Training and Research|105|Allopathy|1||03|Ballari Medical College and Research Centre(BMCRC), Ballari|422|Schedule Caste Sub Plan|2210-05-105-1-03|Schedule Caste Sub Plan|V|Data|Object-Head|72.92|76.00|76.00|177.55|100.0
85|02|22|2210|Medical and Public Health|05|Medical Education, Training and Research|105|Allopathy|1||03|Ballari Medical College and Research Centre(BMCRC), Ballari|423|Tribal Sub Plan|2210-05-105-1-03|Tribal Sub Plan|V|Data|Object-Head|9.05|38.00|38.00|89.90|100.0
85|02|22|2210|Medical and Public Health|05|Medical Education, Training and Research|105|Allopathy|1||03|Ballari Medical College and Research Centre(BMCRC), Ballari|||2210-05-105-1-03|HOA Total :|V|Total|Detailed-Head|19253.13|21716.39|21716.39|23339.55|100.0
86|02|22|2210|Medical and Public Health|05|Medical Education, Training and Research|105|Allopathy|1||04|Karnataka Medical College and Research Institute, Hubballi|||2210-05-105-1-04|Karnataka Medical College and Research Institute, Hubballi|V|Header|Detailed-Head|||||100.0
86|02|22|2210|Medical and Public Health|05|Medical Education, Training and Research|105|Allopathy|1||04|Karnataka Medical College and Research Institute, Hubballi|101|Grants-in-Aid-Salaries|2210-05-105-1-04|Grants-in-Aid-Salaries|V|Data|Object-Head|12521.86|13984.42|13984.42|14220.72|100.0
86|02|22|2210|Medical and Public Health|05|Medical Education, Training and Research|105|Allopathy|1||04|Karnataka Medical College and Research Institute, Hubballi|103|Grants-in-Aid -General|2210-05-105-1-04|Grants-in-Aid -General|V|Data|Object-Head|1386.30|1200.00|1200.00|1125.40|100.0
86|02|22|2210|Medical and Public Health|05|Medical Education, Training and Research|105|Allopathy|1||04|Karnataka Medical College and Research Institute, Hubballi|112|GIA Stipends|2210-05-105-1-04|GIA Stipends|V|Data|Object-Head|3967.40|5499.00|5499.00|5370.00|100.0
86|02|22|2210|Medical and Public Health|05|Medical Education, Training and Research|105|Allopathy|1||04|Karnataka Medical College and Research Institute, Hubballi|115|GIA Contract /Outsource|2210-05-105-1-04|GIA Contract /Outsource|V|Data|Object-Head|4240.69|4872.80|4872.80|5096.30|100.0
86|02|22|2210|Medical and Public Health|05|Medical Education, Training and Research|105|Allopathy|1||04|Karnataka Medical College and Research Institute, Hubballi|118|Grants-in-Aid-Pensions|2210-05-105-1-04|Grants-in-Aid-Pensions|V|Data|Object-Head|1200.00|1764.52|1764.52|1965.27|100.0
86|02|22|2210|Medical and Public Health|05|Medical Education, Training and Research|105|Allopathy|1||04|Karnataka Medical College and Research Institute, Hubballi|422|Schedule Caste Sub Plan|2210-05-105-1-04|Schedule Caste Sub Plan|V|Data|Object-Head|75.53|79.00|79.00|131.33|100.0
86|02|22|2210|Medical and Public Health|05|Medical Education, Training and Research|105|Allopathy|1||04|Karnataka Medical College and Research Institute, Hubballi|423|Tribal Sub Plan|2210-05-105-1-04|Tribal Sub Plan|V|Data|Object-Head|38.17|40.00|40.00|67.27|100.0
86|02|22|2210|Medical and Public Health|05|Medical Education, Training and Research|105|Allopathy|1||04|Karnataka Medical College and Research Institute, Hubballi|||2210-05-105-1-04|HOA Total :|V|Total|Detailed-Head|23429.95|27439.74|27439.74|27976.29|100.0
86|02|22|2210|Medical and Public Health|05|Medical Education, Training and Research|105|Allopathy|1||06|Kidwai Memorial Institute of Oncology, Bangalore|||2210-05-105-1-06|Kidwai Memorial Institute of Oncology, Bangalore|V|Header|Detailed-Head|||||100.0
86|02|22|2210|Medical and Public Health|05|Medical Education, Training and Research|105|Allopathy|1||06|Kidwai Memorial Institute of Oncology, Bangalore|101|Grants-in-Aid-Salaries|2210-05-105-1-06|Grants-in-Aid-Salaries|V|Data|Object-Head|8833.65|10107.46|10107.46|10151.20|100.0
86|02|22|2210|Medical and Public Health|05|Medical Education, Training and Research|105|Allopathy|1||06|Kidwai Memorial Institute of Oncology, Bangalore|103|Grants-in-Aid -General|2210-05-105-1-06|Grants-in-Aid -General|V|Data|Object-Head|2113.16|2000.00|2000.00|1955.00|100.0
86|02|22|2210|Medical and Public Health|05|Medical Education, Training and Research|105|Allopathy|1||06|Kidwai Memorial Institute of Oncology, Bangalore|112|GIA Stipends|2210-05-105-1-06|GIA Stipends|V|Data|Object-Head|1056.60|1452.00|1452.00|1481.00|100.0
86|02|22|2210|Medical and Public Health|05|Medical Education, Training and Research|105|Allopathy|1||06|Kidwai Memorial Institute of Oncology, Bangalore|115|GIA Contract /Outsource|2210-05-105-1-06|GIA Contract /Outsource|V|Data|Object-Head|3388.23|3417.48|3417.48|3398.40|100.0
86|02|22|2210|Medical and Public Health|05|Medical Education, Training and Research|105|Allopathy|1||06|Kidwai Memorial Institute of Oncology, Bangalore|118|Grants-in-Aid-Pensions|2210-05-105-1-06|Grants-in-Aid-Pensions|V|Data|Object-Head|4078.00|4999.05|4999.05|5078.00|100.0
86|02|22|2210|Medical and Public Health|05|Medical Education, Training and Research|105|Allopathy|1||06|Kidwai Memorial Institute of Oncology, Bangalore|422|Schedule Caste Sub Plan|2210-05-105-1-06|Schedule Caste Sub Plan|V|Data|Object-Head|68.54|71.00|71.00|215.63|100.0
86|02|22|2210|Medical and Public Health|05|Medical Education, Training and Research|105|Allopathy|1||06|Kidwai Memorial Institute of Oncology, Bangalore|423|Tribal Sub Plan|2210-05-105-1-06|Tribal Sub Plan|V|Data|Object-Head|4.57|19.00|19.00|129.37|100.0
86|02|22|2210|Medical and Public Health|05|Medical Education, Training and Research|105|Allopathy|1||06|Kidwai Memorial Institute of Oncology, Bangalore|||2210-05-105-1-06|HOA Total :|V|Total|Detailed-Head|19542.75|22065.99|22065.99|22408.60|100.0
86|02|22|2210|Medical and Public Health|05|Medical Education, Training and Research|105|Allopathy|1||12|Jayadeva Institute of Cardiology|||2210-05-105-1-12|Jayadeva Institute of Cardiology|V|Header|Detailed-Head|||||100.0
86|02|22|2210|Medical and Public Health|05|Medical Education, Training and Research|105|Allopathy|1||12|Jayadeva Institute of Cardiology|101|Grants-in-Aid-Salaries|2210-05-105-1-12|Grants-in-Aid-Salaries|V|Data|Object-Head|10967.42|12907.61|12907.61|12733.83|100.0
86|02|22|2210|Medical and Public Health|05|Medical Education, Training and Research|105|Allopathy|1||12|Jayadeva Institute of Cardiology|103|Grants-in-Aid -General|2210-05-105-1-12|Grants-in-Aid -General|V|Data|Object-Head|926.73|500.00|500.00|917.15|100.0
86|02|22|2210|Medical and Public Health|05|Medical Education, Training and Research|105|Allopathy|1||12|Jayadeva Institute of Cardiology|112|GIA Stipends|2210-05-105-1-12|GIA Stipends|V|Data|Object-Head|1106.40|1341.60|1341.60|1416.00|100.0
87|02|22|2210|Medical and Public Health|05|Medical Education, Training and Research|105|Allopathy|1||12|Jayadeva Institute of Cardiology|115|GIA Contract /Outsource|2210-05-105-1-12|GIA Contract /Outsource|V|Data|Object-Head|5729.96|5829.70|5829.70|5911.27|100.0
87|02|22|2210|Medical and Public Health|05|Medical Education, Training and Research|105|Allopathy|1||12|Jayadeva Institute of Cardiology|118|Grants-in-Aid-Pensions|2210-05-105-1-12|Grants-in-Aid-Pensions|V|Data|Object-Head|2000.00|1000.00|1000.00|2000.00|100.0
87|02|22|2210|Medical and Public Health|05|Medical Education, Training and Research|105|Allopathy|1||12|Jayadeva Institute of Cardiology|422|Schedule Caste Sub Plan|2210-05-105-1-12|Schedule Caste Sub Plan|V|Data|Object-Head|94.31|67.00|67.00|143.41|100.0
87|02|22|2210|Medical and Public Health|05|Medical Education, Training and Research|105|Allopathy|1||12|Jayadeva Institute of Cardiology|423|Tribal Sub Plan|2210-05-105-1-12|Tribal Sub Plan|V|Data|Object-Head|62.70|9.00|9.00|18.44|100.0
87|02|22|2210|Medical and Public Health|05|Medical Education, Training and Research|105|Allopathy|1||12|Jayadeva Institute of Cardiology|||2210-05-105-1-12|HOA Total :|V|Total|Detailed-Head|20887.52|21654.91|21654.91|23140.10|100.0
87|02|22|2210|Medical and Public Health|05|Medical Education, Training and Research|105|Allopathy|1||13|Fee Concession to SC/ST Students Studying in Government/Private Medical Colleges|||2210-05-105-1-13|Fee Concession to SC/ST Students Studying in Government/Private Medical Colleges|V|Header|Detailed-Head|||||100.0
87|02|22|2210|Medical and Public Health|05|Medical Education, Training and Research|105|Allopathy|1||13|Fee Concession to SC/ST Students Studying in Government/Private Medical Colleges|422|Schedule Caste Sub Plan|2210-05-105-1-13|Schedule Caste Sub Plan|V|Data|Object-Head|454.81|800.00|800.00|1136.00|100.0
87|02|22|2210|Medical and Public Health|05|Medical Education, Training and Research|105|Allopathy|1||13|Fee Concession to SC/ST Students Studying in Government/Private Medical Colleges|423|Tribal Sub Plan|2210-05-105-1-13|Tribal Sub Plan|V|Data|Object-Head|194.81|300.00|300.00|200.00|100.0
87|02|22|2210|Medical and Public Health|05|Medical Education, Training and Research|105|Allopathy|1||13|Fee Concession to SC/ST Students Studying in Government/Private Medical Colleges|||2210-05-105-1-13|HOA Total :|V|Total|Detailed-Head|649.62|1100.00|1100.00|1336.00|100.0
87|02|22|2210|Medical and Public Health|05|Medical Education, Training and Research|105|Allopathy|1||20|Indira Gandhi Institute of Child Health|||2210-05-105-1-20|Indira Gandhi Institute of Child Health|V|Header|Detailed-Head|||||100.0
87|02|22|2210|Medical and Public Health|05|Medical Education, Training and Research|105|Allopathy|1||20|Indira Gandhi Institute of Child Health|101|Grants-in-Aid-Salaries|2210-05-105-1-20|Grants-in-Aid-Salaries|V|Data|Object-Head|3802.10|4284.96|4284.96|4350.98|100.0
87|02|22|2210|Medical and Public Health|05|Medical Education, Training and Research|105|Allopathy|1||20|Indira Gandhi Institute of Child Health|103|Grants-in-Aid -General|2210-05-105-1-20|Grants-in-Aid -General|V|Data|Object-Head|902.61|700.00|700.00|1572.50|100.0
87|02|22|2210|Medical and Public Health|05|Medical Education, Training and Research|105|Allopathy|1||20|Indira Gandhi Institute of Child Health|112|GIA Stipends|2210-05-105-1-20|GIA Stipends|V|Data|Object-Head|1090.00|868.95|868.95|922.00|100.0
87|02|22|2210|Medical and Public Health|05|Medical Education, Training and Research|105|Allopathy|1||20|Indira Gandhi Institute of Child Health|115|GIA Contract /Outsource|2210-05-105-1-20|GIA Contract /Outsource|V|Data|Object-Head|902.83|918.35|918.35|945.13|100.0
87|02|22|2210|Medical and Public Health|05|Medical Education, Training and Research|105|Allopathy|1||20|Indira Gandhi Institute of Child Health|118|Grants-in-Aid-Pensions|2210-05-105-1-20|Grants-in-Aid-Pensions|V|Data|Object-Head|536.83|500.00|500.00|1016.00|100.0
87|02|22|2210|Medical and Public Health|05|Medical Education, Training and Research|105|Allopathy|1||20|Indira Gandhi Institute of Child Health|422|Schedule Caste Sub Plan|2210-05-105-1-20|Schedule Caste Sub Plan|V|Data|Object-Head|64.93|68.00|68.00|185.00|100.0
87|02|22|2210|Medical and Public Health|05|Medical Education, Training and Research|105|Allopathy|1||20|Indira Gandhi Institute of Child Health|423|Tribal Sub Plan|2210-05-105-1-20|Tribal Sub Plan|V|Data|Object-Head|8.11|34.00|34.00|92.50|100.0
87|02|22|2210|Medical and Public Health|05|Medical Education, Training and Research|105|Allopathy|1||20|Indira Gandhi Institute of Child Health|||2210-05-105-1-20|HOA Total :|V|Total|Detailed-Head|7307.41|7374.26|7374.26|9084.11|100.0
87|02|22|2210|Medical and Public Health|05|Medical Education, Training and Research|105|Allopathy|1||34|Nephro Urology Institute|||2210-05-105-1-34|Nephro Urology Institute|V|Header|Detailed-Head|||||100.0
87|02|22|2210|Medical and Public Health|05|Medical Education, Training and Research|105|Allopathy|1||34|Nephro Urology Institute|101|Grants-in-Aid-Salaries|2210-05-105-1-34|Grants-in-Aid-Salaries|V|Data|Object-Head|2445.49|2775.75|2775.75|3011.59|100.0
87|02|22|2210|Medical and Public Health|05|Medical Education, Training and Research|105|Allopathy|1||34|Nephro Urology Institute|103|Grants-in-Aid -General|2210-05-105-1-34|Grants-in-Aid -General|V|Data|Object-Head|87.59|1.00|1.00|1.00|100.0
88|02|22|2210|Medical and Public Health|05|Medical Education, Training and Research|105|Allopathy|1||34|Nephro Urology Institute|112|GIA Stipends|2210-05-105-1-34|GIA Stipends|V|Data|Object-Head|216.00|270.00|270.00|270.00|100.0
88|02|22|2210|Medical and Public Health|05|Medical Education, Training and Research|105|Allopathy|1||34|Nephro Urology Institute|115|GIA Contract /Outsource|2210-05-105-1-34|GIA Contract /Outsource|V|Data|Object-Head|743.10|851.60|851.60|875.46|100.0
88|02|22|2210|Medical and Public Health|05|Medical Education, Training and Research|105|Allopathy|1||34|Nephro Urology Institute|118|Grants-in-Aid-Pensions|2210-05-105-1-34|Grants-in-Aid-Pensions|V|Data|Object-Head|274.85|25.00|25.00|348.00|100.0
88|02|22|2210|Medical and Public Health|05|Medical Education, Training and Research|105|Allopathy|1||34|Nephro Urology Institute|422|Schedule Caste Sub Plan|2210-05-105-1-34|Schedule Caste Sub Plan|V|Data|Object-Head|9.93|10.00|10.00|10.00|100.0
88|02|22|2210|Medical and Public Health|05|Medical Education, Training and Research|105|Allopathy|1||34|Nephro Urology Institute|423|Tribal Sub Plan|2210-05-105-1-34|Tribal Sub Plan|V|Data|Object-Head|2.48|3.00|3.00|3.00|100.0
88|02|22|2210|Medical and Public Health|05|Medical Education, Training and Research|105|Allopathy|1||34|Nephro Urology Institute|||2210-05-105-1-34|HOA Total :|V|Total|Detailed-Head|3779.44|3936.35|3936.35|4519.05|100.0
88|02|22|2210|Medical and Public Health|05|Medical Education, Training and Research|105|Allopathy|1||42|Karnataka Institute of Endocrinology and Research|||2210-05-105-1-42|Karnataka Institute of Endocrinology and Research|V|Header|Detailed-Head|||||100.0
88|02|22|2210|Medical and Public Health|05|Medical Education, Training and Research|105|Allopathy|1||42|Karnataka Institute of Endocrinology and Research|101|Grants-in-Aid-Salaries|2210-05-105-1-42|Grants-in-Aid-Salaries|V|Data|Object-Head|33.57|62.26|62.26|45.23|100.0
88|02|22|2210|Medical and Public Health|05|Medical Education, Training and Research|105|Allopathy|1||42|Karnataka Institute of Endocrinology and Research|103|Grants-in-Aid -General|2210-05-105-1-42|Grants-in-Aid -General|V|Data|Object-Head|74.61|75.00|75.00|78.00|100.0
88|02|22|2210|Medical and Public Health|05|Medical Education, Training and Research|105|Allopathy|1||42|Karnataka Institute of Endocrinology and Research|112|GIA Stipends|2210-05-105-1-42|GIA Stipends|V|Data|Object-Head||14.40|14.40|14.40|100.0
88|02|22|2210|Medical and Public Health|05|Medical Education, Training and Research|105|Allopathy|1||42|Karnataka Institute of Endocrinology and Research|115|GIA Contract /Outsource|2210-05-105-1-42|GIA Contract /Outsource|V|Data|Object-Head|408.79|434.78|434.78|439.64|100.0
88|02|22|2210|Medical and Public Health|05|Medical Education, Training and Research|105|Allopathy|1||42|Karnataka Institute of Endocrinology and Research|118|Grants-in-Aid-Pensions|2210-05-105-1-42|Grants-in-Aid-Pensions|V|Data|Object-Head|1.28|1.00|1.00|12.52|100.0
88|02|22|2210|Medical and Public Health|05|Medical Education, Training and Research|105|Allopathy|1||42|Karnataka Institute of Endocrinology and Research|422|Schedule Caste Sub Plan|2210-05-105-1-42|Schedule Caste Sub Plan|V|Data|Object-Head|21.67|23.00|23.00|24.00|100.0
88|02|22|2210|Medical and Public Health|05|Medical Education, Training and Research|105|Allopathy|1||42|Karnataka Institute of Endocrinology and Research|423|Tribal Sub Plan|2210-05-105-1-42|Tribal Sub Plan|V|Data|Object-Head|3.72|4.00|4.00|4.00|100.0
88|02|22|2210|Medical and Public Health|05|Medical Education, Training and Research|105|Allopathy|1||42|Karnataka Institute of Endocrinology and Research|||2210-05-105-1-42|HOA Total :|V|Total|Detailed-Head|543.64|614.44|614.44|617.79|100.0
88|02|22|2210|Medical and Public Health|05|Medical Education, Training and Research|105|Allopathy|1||43|Bangalore Medical College & Research Institute|||2210-05-105-1-43|Bangalore Medical College & Research Institute|V|Header|Detailed-Head|||||100.0
88|02|22|2210|Medical and Public Health|05|Medical Education, Training and Research|105|Allopathy|1||43|Bangalore Medical College & Research Institute|101|Grants-in-Aid-Salaries|2210-05-105-1-43|Grants-in-Aid-Salaries|V|Data|Object-Head|21090.78|24365.93|24365.93|24478.93|100.0
88|02|22|2210|Medical and Public Health|05|Medical Education, Training and Research|105|Allopathy|1||43|Bangalore Medical College & Research Institute|103|Grants-in-Aid -General|2210-05-105-1-43|Grants-in-Aid -General|V|Data|Object-Head|5174.82|4650.00|4650.00|4588.30|100.0
88|02|22|2210|Medical and Public Health|05|Medical Education, Training and Research|105|Allopathy|1||43|Bangalore Medical College & Research Institute|112|GIA Stipends|2210-05-105-1-43|GIA Stipends|V|Data|Object-Head|6854.40|8200.00|8200.00|8200.00|100.0
88|02|22|2210|Medical and Public Health|05|Medical Education, Training and Research|105|Allopathy|1||43|Bangalore Medical College & Research Institute|115|GIA Contract /Outsource|2210-05-105-1-43|GIA Contract /Outsource|V|Data|Object-Head|5404.85|4932.33|4932.33|5083.39|100.0
88|02|22|2210|Medical and Public Health|05|Medical Education, Training and Research|105|Allopathy|1||43|Bangalore Medical College & Research Institute|118|Grants-in-Aid-Pensions|2210-05-105-1-43|Grants-in-Aid-Pensions|V|Data|Object-Head|1408.40|1400.00|1700.00|1929.00|100.0
88|02|22|2210|Medical and Public Health|05|Medical Education, Training and Research|105|Allopathy|1||43|Bangalore Medical College & Research Institute|422|Schedule Caste Sub Plan|2210-05-105-1-43|Schedule Caste Sub Plan|V|Data|Object-Head|262.23|273.00|273.00|577.78|100.0
89|02|22|2210|Medical and Public Health|05|Medical Education, Training and Research|105|Allopathy|1||43|Bangalore Medical College & Research Institute|423|Tribal Sub Plan|2210-05-105-1-43|Tribal Sub Plan|V|Data|Object-Head|52.90|110.00|110.00|231.92|100.0
89|02|22|2210|Medical and Public Health|05|Medical Education, Training and Research|105|Allopathy|1||43|Bangalore Medical College & Research Institute|||2210-05-105-1-43|HOA Total :|V|Total|Detailed-Head|40248.38|43931.26|44231.26|45089.32|100.0
89|02|22|2210|Medical and Public Health|05|Medical Education, Training and Research|105|Allopathy|1||44|Mysore Medical College & Research Institute|||2210-05-105-1-44|Mysore Medical College & Research Institute|V|Header|Detailed-Head|||||100.0
89|02|22|2210|Medical and Public Health|05|Medical Education, Training and Research|105|Allopathy|1||44|Mysore Medical College & Research Institute|101|Grants-in-Aid-Salaries|2210-05-105-1-44|Grants-in-Aid-Salaries|V|Data|Object-Head|12197.36|14163.45|14163.45|13573.57|100.0
89|02|22|2210|Medical and Public Health|05|Medical Education, Training and Research|105|Allopathy|1||44|Mysore Medical College & Research Institute|103|Grants-in-Aid -General|2210-05-105-1-44|Grants-in-Aid -General|V|Data|Object-Head|2128.22|1.00|1.00|1275.00|100.0
89|02|22|2210|Medical and Public Health|05|Medical Education, Training and Research|105|Allopathy|1||44|Mysore Medical College & Research Institute|112|GIA Stipends|2210-05-105-1-44|GIA Stipends|V|Data|Object-Head|2500.00|4189.50|4189.50|4295.25|100.0
89|02|22|2210|Medical and Public Health|05|Medical Education, Training and Research|105|Allopathy|1||44|Mysore Medical College & Research Institute|115|GIA Contract /Outsource|2210-05-105-1-44|GIA Contract /Outsource|V|Data|Object-Head|2082.04|2397.10|2397.10|2627.40|100.0
89|02|22|2210|Medical and Public Health|05|Medical Education, Training and Research|105|Allopathy|1||44|Mysore Medical College & Research Institute|118|Grants-in-Aid-Pensions|2210-05-105-1-44|Grants-in-Aid-Pensions|V|Data|Object-Head|500.00|500.00|500.00|1304.00|100.0
89|02|22|2210|Medical and Public Health|05|Medical Education, Training and Research|105|Allopathy|1||44|Mysore Medical College & Research Institute|422|Schedule Caste Sub Plan|2210-05-105-1-44|Schedule Caste Sub Plan|V|Data|Object-Head|129.90|135.00|135.00|168.75|100.0
89|02|22|2210|Medical and Public Health|05|Medical Education, Training and Research|105|Allopathy|1||44|Mysore Medical College & Research Institute|423|Tribal Sub Plan|2210-05-105-1-44|Tribal Sub Plan|V|Data|Object-Head|32.48|34.00|34.00|56.25|100.0
89|02|22|2210|Medical and Public Health|05|Medical Education, Training and Research|105|Allopathy|1||44|Mysore Medical College & Research Institute|||2210-05-105-1-44|HOA Total :|V|Total|Detailed-Head|19570.00|21420.05|21420.05|23300.22|100.0
89|02|22|2210|Medical and Public Health|05|Medical Education, Training and Research|105|Allopathy|1||45|Government Dental College & Research Institute, Bangalore|||2210-05-105-1-45|Government Dental College & Research Institute, Bangalore|V|Header|Detailed-Head|||||100.0
89|02|22|2210|Medical and Public Health|05|Medical Education, Training and Research|105|Allopathy|1||45|Government Dental College & Research Institute, Bangalore|101|Grants-in-Aid-Salaries|2210-05-105-1-45|Grants-in-Aid-Salaries|V|Data|Object-Head|2368.69|2730.45|2730.45|2811.05|100.0
89|02|22|2210|Medical and Public Health|05|Medical Education, Training and Research|105|Allopathy|1||45|Government Dental College & Research Institute, Bangalore|103|Grants-in-Aid -General|2210-05-105-1-45|Grants-in-Aid -General|V|Data|Object-Head|102.66|136.00|136.00|175.00|100.0
89|02|22|2210|Medical and Public Health|05|Medical Education, Training and Research|105|Allopathy|1||45|Government Dental College & Research Institute, Bangalore|112|GIA Stipends|2210-05-105-1-45|GIA Stipends|V|Data|Object-Head|500.00|550.00|550.00|600.00|100.0
89|02|22|2210|Medical and Public Health|05|Medical Education, Training and Research|105|Allopathy|1||45|Government Dental College & Research Institute, Bangalore|115|GIA Contract /Outsource|2210-05-105-1-45|GIA Contract /Outsource|V|Data|Object-Head|79.70|82.97|82.97|85.82|100.0
89|02|22|2210|Medical and Public Health|05|Medical Education, Training and Research|105|Allopathy|1||45|Government Dental College & Research Institute, Bangalore|118|Grants-in-Aid-Pensions|2210-05-105-1-45|Grants-in-Aid-Pensions|V|Data|Object-Head|126.33|146.16|146.16|177.00|100.0
89|02|22|2210|Medical and Public Health|05|Medical Education, Training and Research|105|Allopathy|1||45|Government Dental College & Research Institute, Bangalore|422|Schedule Caste Sub Plan|2210-05-105-1-45|Schedule Caste Sub Plan|V|Data|Object-Head|2.21|9.00|9.00|25.00|100.0
89|02|22|2210|Medical and Public Health|05|Medical Education, Training and Research|105|Allopathy|1||45|Government Dental College & Research Institute, Bangalore|423|Tribal Sub Plan|2210-05-105-1-45|Tribal Sub Plan|V|Data|Object-Head|1.06|4.00|4.00|20.00|100.0
89|02|22|2210|Medical and Public Health|05|Medical Education, Training and Research|105|Allopathy|1||45|Government Dental College & Research Institute, Bangalore|||2210-05-105-1-45|HOA Total :|V|Total|Detailed-Head|3180.65|3658.58|3658.58|3893.87|100.0
90|02|22|2210|Medical and Public Health|05|Medical Education, Training and Research|105|Allopathy|1||46|Karnataka Institute of Mental Health & Neuro Science - Dharwad|||2210-05-105-1-46|Karnataka Institute of Mental Health & Neuro Science - Dharwad|V|Header|Detailed-Head|||||100.0
90|02|22|2210|Medical and Public Health|05|Medical Education, Training and Research|105|Allopathy|1||46|Karnataka Institute of Mental Health & Neuro Science - Dharwad|101|Grants-in-Aid-Salaries|2210-05-105-1-46|Grants-in-Aid-Salaries|V|Data|Object-Head|1458.54|1760.26|1760.26|1804.28|100.0
90|02|22|2210|Medical and Public Health|05|Medical Education, Training and Research|105|Allopathy|1||46|Karnataka Institute of Mental Health & Neuro Science - Dharwad|103|Grants-in-Aid -General|2210-05-105-1-46|Grants-in-Aid -General|V|Data|Object-Head|281.10|285.00|285.00|300.00|100.0
90|02|22|2210|Medical and Public Health|05|Medical Education, Training and Research|105|Allopathy|1||46|Karnataka Institute of Mental Health & Neuro Science - Dharwad|112|GIA Stipends|2210-05-105-1-46|GIA Stipends|V|Data|Object-Head|117.00|125.50|125.50|150.00|100.0
90|02|22|2210|Medical and Public Health|05|Medical Education, Training and Research|105|Allopathy|1||46|Karnataka Institute of Mental Health & Neuro Science - Dharwad|115|GIA Contract /Outsource|2210-05-105-1-46|GIA Contract /Outsource|V|Data|Object-Head|245.90|245.21|245.21|254.58|100.0
90|02|22|2210|Medical and Public Health|05|Medical Education, Training and Research|105|Allopathy|1||46|Karnataka Institute of Mental Health & Neuro Science - Dharwad|118|Grants-in-Aid-Pensions|2210-05-105-1-46|Grants-in-Aid-Pensions|V|Data|Object-Head|100.00|150.00|150.00|131.00|100.0
90|02|22|2210|Medical and Public Health|05|Medical Education, Training and Research|105|Allopathy|1||46|Karnataka Institute of Mental Health & Neuro Science - Dharwad|422|Schedule Caste Sub Plan|2210-05-105-1-46|Schedule Caste Sub Plan|V|Data|Object-Head|3.15|13.00|13.00|14.00|100.0
90|02|22|2210|Medical and Public Health|05|Medical Education, Training and Research|105|Allopathy|1||46|Karnataka Institute of Mental Health & Neuro Science - Dharwad|423|Tribal Sub Plan|2210-05-105-1-46|Tribal Sub Plan|V|Data|Object-Head|1.57|7.00|7.00|7.00|100.0
90|02|22|2210|Medical and Public Health|05|Medical Education, Training and Research|105|Allopathy|1||46|Karnataka Institute of Mental Health & Neuro Science - Dharwad|||2210-05-105-1-46|HOA Total :|V|Total|Detailed-Head|2207.26|2585.97|2585.97|2660.86|100.0
90|02|22|2210|Medical and Public Health|05|Medical Education, Training and Research|105|Allopathy|1||49|Hassan Institute of Medical Sciences, Hassan|||2210-05-105-1-49|Hassan Institute of Medical Sciences, Hassan|V|Header|Detailed-Head|||||100.0
90|02|22|2210|Medical and Public Health|05|Medical Education, Training and Research|105|Allopathy|1||49|Hassan Institute of Medical Sciences, Hassan|101|Grants-in-Aid-Salaries|2210-05-105-1-49|Grants-in-Aid-Salaries|V|Data|Object-Head|8364.41|9820.93|9820.93|9866.63|100.0
90|02|22|2210|Medical and Public Health|05|Medical Education, Training and Research|105|Allopathy|1||49|Hassan Institute of Medical Sciences, Hassan|103|Grants-in-Aid -General|2210-05-105-1-49|Grants-in-Aid -General|V|Data|Object-Head|924.05|750.00|750.00|800.00|100.0
90|02|22|2210|Medical and Public Health|05|Medical Education, Training and Research|105|Allopathy|1||49|Hassan Institute of Medical Sciences, Hassan|112|GIA Stipends|2210-05-105-1-49|GIA Stipends|V|Data|Object-Head|1419.60|1740.75|1740.75|1784.00|100.0
90|02|22|2210|Medical and Public Health|05|Medical Education, Training and Research|105|Allopathy|1||49|Hassan Institute of Medical Sciences, Hassan|115|GIA Contract /Outsource|2210-05-105-1-49|GIA Contract /Outsource|V|Data|Object-Head|1241.49|1292.85|1292.85|1352.77|100.0
90|02|22|2210|Medical and Public Health|05|Medical Education, Training and Research|105|Allopathy|1||49|Hassan Institute of Medical Sciences, Hassan|118|Grants-in-Aid-Pensions|2210-05-105-1-49|Grants-in-Aid-Pensions|V|Data|Object-Head|1028.79|800.00|800.00|1206.00|100.0
90|02|22|2210|Medical and Public Health|05|Medical Education, Training and Research|105|Allopathy|1||49|Hassan Institute of Medical Sciences, Hassan|422|Schedule Caste Sub Plan|2210-05-105-1-49|Schedule Caste Sub Plan|V|Data|Object-Head|113.91|53.00|53.00|80.00|100.0
90|02|22|2210|Medical and Public Health|05|Medical Education, Training and Research|105|Allopathy|1||49|Hassan Institute of Medical Sciences, Hassan|423|Tribal Sub Plan|2210-05-105-1-49|Tribal Sub Plan|V|Data|Object-Head|25.18|26.00|26.00|40.00|100.0
90|02|22|2210|Medical and Public Health|05|Medical Education, Training and Research|105|Allopathy|1||49|Hassan Institute of Medical Sciences, Hassan|||2210-05-105-1-49|HOA Total :|V|Total|Detailed-Head|13117.43|14483.53|14483.53|15129.40|100.0
90|02|22|2210|Medical and Public Health|05|Medical Education, Training and Research|105|Allopathy|1||50|Shivamogga Institute of Medical Sciences, Shivamogga|||2210-05-105-1-50|Shivamogga Institute of Medical Sciences, Shivamogga|V|Header|Detailed-Head|||||100.0
90|02|22|2210|Medical and Public Health|05|Medical Education, Training and Research|105|Allopathy|1||50|Shivamogga Institute of Medical Sciences, Shivamogga|101|Grants-in-Aid-Salaries|2210-05-105-1-50|Grants-in-Aid-Salaries|V|Data|Object-Head|6532.96|7563.99|7563.99|7886.07|100.0
90|02|22|2210|Medical and Public Health|05|Medical Education, Training and Research|105|Allopathy|1||50|Shivamogga Institute of Medical Sciences, Shivamogga|103|Grants-in-Aid -General|2210-05-105-1-50|Grants-in-Aid -General|V|Data|Object-Head|1038.36|800.00|800.00|1955.00|100.0
90|02|22|2210|Medical and Public Health|05|Medical Education, Training and Research|105|Allopathy|1||50|Shivamogga Institute of Medical Sciences, Shivamogga|112|GIA Stipends|2210-05-105-1-50|GIA Stipends|V|Data|Object-Head|1672.00|2059.50|2059.50|2391.00|100.0
91|02|22|2210|Medical and Public Health|05|Medical Education, Training and Research|105|Allopathy|1||50|Shivamogga Institute of Medical Sciences, Shivamogga|115|GIA Contract /Outsource|2210-05-105-1-50|GIA Contract /Outsource|V|Data|Object-Head|1701.64|1742.33|1742.33|1783.91|100.0
91|02|22|2210|Medical and Public Health|05|Medical Education, Training and Research|105|Allopathy|1||50|Shivamogga Institute of Medical Sciences, Shivamogga|118|Grants-in-Aid-Pensions|2210-05-105-1-50|Grants-in-Aid-Pensions|V|Data|Object-Head|723.72|600.00|600.00|722.00|100.0
91|02|22|2210|Medical and Public Health|05|Medical Education, Training and Research|105|Allopathy|1||50|Shivamogga Institute of Medical Sciences, Shivamogga|422|Schedule Caste Sub Plan|2210-05-105-1-50|Schedule Caste Sub Plan|V|Data|Object-Head|104.22|43.00|43.00|230.00|100.0
91|02|22|2210|Medical and Public Health|05|Medical Education, Training and Research|105|Allopathy|1||50|Shivamogga Institute of Medical Sciences, Shivamogga|423|Tribal Sub Plan|2210-05-105-1-50|Tribal Sub Plan|V|Data|Object-Head|109.54|21.00|21.00|115.00|100.0
91|02|22|2210|Medical and Public Health|05|Medical Education, Training and Research|105|Allopathy|1||50|Shivamogga Institute of Medical Sciences, Shivamogga||||HOA Total :|V|Total|Detailed-Head|11882.44|12829.82|12829.82|15082.98|100.0
91|02|22|2210|Medical and Public Health|05|Medical Education, Training and Research|105|Allopathy|1||51|Mandya Institute of Medical Sciences, Mandya|||2210-05-105-1-51|Mandya Institute of Medical Sciences, Mandya|V|Header|Detailed-Head|||||100.0
91|02|22|2210|Medical and Public Health|05|Medical Education, Training and Research|105|Allopathy|1||51|Mandya Institute of Medical Sciences, Mandya|101|Grants-in-Aid-Salaries|2210-05-105-1-51|Grants-in-Aid-Salaries|V|Data|Object-Head|7273.98|8195.81|8195.81|7885.17|100.0
91|02|22|2210|Medical and Public Health|05|Medical Education, Training and Research|105|Allopathy|1||51|Mandya Institute of Medical Sciences, Mandya|103|Grants-in-Aid -General|2210-05-105-1-51|Grants-in-Aid -General|V|Data|Object-Head|834.82|700.00|700.00|1466.25|100.0
91|02|22|2210|Medical and Public Health|05|Medical Education, Training and Research|105|Allopathy|1||51|Mandya Institute of Medical Sciences, Mandya|112|GIA Stipends|2210-05-105-1-51|GIA Stipends|V|Data|Object-Head|1789.00|2049.45|2049.45|2264.00|100.0
91|02|22|2210|Medical and Public Health|05|Medical Education, Training and Research|105|Allopathy|1||51|Mandya Institute of Medical Sciences, Mandya|115|GIA Contract /Outsource|2210-05-105-1-51|GIA Contract /Outsource|V|Data|Object-Head|667.15|613.40|613.40|652.03|100.0
91|02|22|2210|Medical and Public Health|05|Medical Education, Training and Research|105|Allopathy|1||51|Mandya Institute of Medical Sciences, Mandya|118|Grants-in-Aid-Pensions|2210-05-105-1-51|Grants-in-Aid-Pensions|V|Data|Object-Head|781.36|650.00|650.00|968.00|100.0
91|02|22|2210|Medical and Public Health|05|Medical Education, Training and Research|105|Allopathy|1||51|Mandya Institute of Medical Sciences, Mandya|422|Schedule Caste Sub Plan|2210-05-105-1-51|Schedule Caste Sub Plan|V|Data|Object-Head|107.10|46.00|46.00|172.50|100.0
91|02|22|2210|Medical and Public Health|05|Medical Education, Training and Research|105|Allopathy|1||51|Mandya Institute of Medical Sciences, Mandya|423|Tribal Sub Plan|2210-05-105-1-51|Tribal Sub Plan|V|Data|Object-Head|5.30|22.00|22.00|86.25|100.0
91|02|22|2210|Medical and Public Health|05|Medical Education, Training and Research|105|Allopathy|1||51|Mandya Institute of Medical Sciences, Mandya||||HOA Total :|V|Total|Detailed-Head|11458.71|12276.66|12276.66|13494.20|100.0
91|02|22|2210|Medical and Public Health|05|Medical Education, Training and Research|105|Allopathy|1||52|Bidar Institute of Medical Sciences, Bidar|||2210-05-105-1-52|Bidar Institute of Medical Sciences, Bidar|V|Header|Detailed-Head|||||100.0
91|02|22|2210|Medical and Public Health|05|Medical Education, Training and Research|105|Allopathy|1||52|Bidar Institute of Medical Sciences, Bidar|101|Grants-in-Aid-Salaries|2210-05-105-1-52|Grants-in-Aid-Salaries|V|Data|Object-Head|6979.18|7859.53|7859.53|8068.37|100.0
91|02|22|2210|Medical and Public Health|05|Medical Education, Training and Research|105|Allopathy|1||52|Bidar Institute of Medical Sciences, Bidar|103|Grants-in-Aid -General|2210-05-105-1-52|Grants-in-Aid -General|V|Data|Object-Head|1402.01|900.00|900.00|1466.25|100.0
91|02|22|2210|Medical and Public Health|05|Medical Education, Training and Research|105|Allopathy|1||52|Bidar Institute of Medical Sciences, Bidar|112|GIA Stipends|2210-05-105-1-52|GIA Stipends|V|Data|Object-Head|678.60|700.00|700.00|1284.00|100.0
91|02|22|2210|Medical and Public Health|05|Medical Education, Training and Research|105|Allopathy|1||52|Bidar Institute of Medical Sciences, Bidar|115|GIA Contract /Outsource|2210-05-105-1-52|GIA Contract /Outsource|V|Data|Object-Head|1220.65|891.78|891.78|1028.68|100.0
91|02|22|2210|Medical and Public Health|05|Medical Education, Training and Research|105|Allopathy|1||52|Bidar Institute of Medical Sciences, Bidar|118|Grants-in-Aid-Pensions|2210-05-105-1-52|Grants-in-Aid-Pensions|V|Data|Object-Head|753.87|800.00|800.00|824.00|100.0
91|02|22|2210|Medical and Public Health|05|Medical Education, Training and Research|105|Allopathy|1||52|Bidar Institute of Medical Sciences, Bidar|422|Schedule Caste Sub Plan|2210-05-105-1-52|Schedule Caste Sub Plan|V|Data|Object-Head|47.30|49.00|49.00|172.50|100.0
92|02|22|2210|Medical and Public Health|05|Medical Education, Training and Research|105|Allopathy|1||52|Bidar Institute of Medical Sciences, Bidar|423|Tribal Sub Plan|2210-05-105-1-52|Tribal Sub Plan|V|Data|Object-Head|23.40|24.00|24.00|86.25|100.0
92|02|22|2210|Medical and Public Health|05|Medical Education, Training and Research|105|Allopathy|1||52|Bidar Institute of Medical Sciences, Bidar||||HOA Total :|V|Total|Detailed-Head|11105.01|11224.31|11224.31|12930.05|100.0
92|02|22|2210|Medical and Public Health|05|Medical Education, Training and Research|105|Allopathy|1||53|Belagavi Institute of Medical Sciences, Belagavi|||2210-05-105-1-53|Belagavi Institute of Medical Sciences, Belagavi|V|Header|Detailed-Head|||||100.0
92|02|22|2210|Medical and Public Health|05|Medical Education, Training and Research|105|Allopathy|1||53|Belagavi Institute of Medical Sciences, Belagavi|101|Grants-in-Aid-Salaries|2210-05-105-1-53|Grants-in-Aid-Salaries|V|Data|Object-Head|8060.82|9125.86|9125.86|9546.09|100.0
92|02|22|2210|Medical and Public Health|05|Medical Education, Training and Research|105|Allopathy|1||53|Belagavi Institute of Medical Sciences, Belagavi|103|Grants-in-Aid -General|2210-05-105-1-53|Grants-in-Aid -General|V|Data|Object-Head|991.67|700.00|700.00|1466.25|100.0
92|02|22|2210|Medical and Public Health|05|Medical Education, Training and Research|105|Allopathy|1||53|Belagavi Institute of Medical Sciences, Belagavi|112|GIA Stipends|2210-05-105-1-53|GIA Stipends|V|Data|Object-Head|1371.60|1400.00|1400.00|2070.00|100.0
92|02|22|2210|Medical and Public Health|05|Medical Education, Training and Research|105|Allopathy|1||53|Belagavi Institute of Medical Sciences, Belagavi|115|GIA Contract /Outsource|2210-05-105-1-53|GIA Contract /Outsource|V|Data|Object-Head|1273.02|1410.21|1410.21|1473.71|100.0
92|02|22|2210|Medical and Public Health|05|Medical Education, Training and Research|105|Allopathy|1||53|Belagavi Institute of Medical Sciences, Belagavi|118|Grants-in-Aid-Pensions|2210-05-105-1-53|Grants-in-Aid-Pensions|V|Data|Object-Head|699.25|700.00|700.00|1080.00|100.0
92|02|22|2210|Medical and Public Health|05|Medical Education, Training and Research|105|Allopathy|1||53|Belagavi Institute of Medical Sciences, Belagavi|422|Schedule Caste Sub Plan|2210-05-105-1-53|Schedule Caste Sub Plan|V|Data|Object-Head|135.90|76.00|76.00|172.50|100.0
92|02|22|2210|Medical and Public Health|05|Medical Education, Training and Research|105|Allopathy|1||53|Belagavi Institute of Medical Sciences, Belagavi|423|Tribal Sub Plan|2210-05-105-1-53|Tribal Sub Plan|V|Data|Object-Head|70.57|37.00|37.00|86.25|100.0
92|02|22|2210|Medical and Public Health|05|Medical Education, Training and Research|105|Allopathy|1||53|Belagavi Institute of Medical Sciences, Belagavi||||HOA Total :|V|Total|Detailed-Head|12602.83|13449.07|13449.07|15894.80|100.0
92|02|22|2210|Medical and Public Health|05|Medical Education, Training and Research|105|Allopathy|1||54|Raichur Institute of Medical Sciences, Raichur|||2210-05-105-1-54|Raichur Institute of Medical Sciences, Raichur|V|Header|Detailed-Head|||||100.0
92|02|22|2210|Medical and Public Health|05|Medical Education, Training and Research|105|Allopathy|1||54|Raichur Institute of Medical Sciences, Raichur|101|Grants-in-Aid-Salaries|2210-05-105-1-54|Grants-in-Aid-Salaries|V|Data|Object-Head|5867.31|6353.01|6193.01|6565.58|100.0
92|02|22|2210|Medical and Public Health|05|Medical Education, Training and Research|105|Allopathy|1||54|Raichur Institute of Medical Sciences, Raichur|103|Grants-in-Aid -General|2210-05-105-1-54|Grants-in-Aid -General|V|Data|Object-Head|1256.61|1100.00|1100.00|1955.00|100.0
92|02|22|2210|Medical and Public Health|05|Medical Education, Training and Research|105|Allopathy|1||54|Raichur Institute of Medical Sciences, Raichur|112|GIA Stipends|2210-05-105-1-54|GIA Stipends|V|Data|Object-Head|988.20|950.00|950.00|1216.00|100.0
92|02|22|2210|Medical and Public Health|05|Medical Education, Training and Research|105|Allopathy|1||54|Raichur Institute of Medical Sciences, Raichur|115|GIA Contract /Outsource|2210-05-105-1-54|GIA Contract /Outsource|V|Data|Object-Head|1308.80|1396.99|1556.99|1449.22|100.0
92|02|22|2210|Medical and Public Health|05|Medical Education, Training and Research|105|Allopathy|1||54|Raichur Institute of Medical Sciences, Raichur|118|Grants-in-Aid-Pensions|2210-05-105-1-54|Grants-in-Aid-Pensions|V|Data|Object-Head|717.69|675.00|675.00|750.00|100.0
92|02|22|2210|Medical and Public Health|05|Medical Education, Training and Research|105|Allopathy|1||54|Raichur Institute of Medical Sciences, Raichur|422|Schedule Caste Sub Plan|2210-05-105-1-54|Schedule Caste Sub Plan|V|Data|Object-Head|109.33|26.00|26.00|230.00|100.0
92|02|22|2210|Medical and Public Health|05|Medical Education, Training and Research|105|Allopathy|1||54|Raichur Institute of Medical Sciences, Raichur|423|Tribal Sub Plan|2210-05-105-1-54|Tribal Sub Plan|V|Data|Object-Head|56.11|19.00|19.00|115.00|100.0
92|02|22|2210|Medical and Public Health|05|Medical Education, Training and Research|105|Allopathy|1||54|Raichur Institute of Medical Sciences, Raichur||||HOA Total :|V|Total|Detailed-Head|10304.05|10520.00|10520.00|12280.80|100.0
93|02|22|2210|Medical and Public Health|05|Medical Education, Training and Research|105|Allopathy|1||57|Peripheral Cancer Center, Kalaburagi|||2210-05-105-1-57|Peripheral Cancer Center, Kalaburagi|V|Header|Detailed-Head|||||100.0
93|02|22|2210|Medical and Public Health|05|Medical Education, Training and Research|105|Allopathy|1||57|Peripheral Cancer Center, Kalaburagi|101|Grants-in-Aid-Salaries|2210-05-105-1-57|Grants-in-Aid-Salaries|V|Data|Object-Head|457.40|568.18|568.18|703.59|100.0
93|02|22|2210|Medical and Public Health|05|Medical Education, Training and Research|105|Allopathy|1||57|Peripheral Cancer Center, Kalaburagi|103|Grants-in-Aid -General|2210-05-105-1-57|Grants-in-Aid -General|V|Data|Object-Head|250.00|250.00|250.00|260.00|100.0
93|02|22|2210|Medical and Public Health|05|Medical Education, Training and Research|105|Allopathy|1||57|Peripheral Cancer Center, Kalaburagi|115|GIA Contract /Outsource|2210-05-105-1-57|GIA Contract /Outsource|V|Data|Object-Head|53.16|54.80|54.80|56.52|100.0
93|02|22|2210|Medical and Public Health|05|Medical Education, Training and Research|105|Allopathy|1||57|Peripheral Cancer Center, Kalaburagi|118|Grants-in-Aid-Pensions|2210-05-105-1-57|Grants-in-Aid-Pensions|V|Data|Object-Head|29.76|30.00|30.00|43.00|100.0
93|02|22|2210|Medical and Public Health|05|Medical Education, Training and Research|105|Allopathy|1||57|Peripheral Cancer Center, Kalaburagi||||HOA Total :|V|Total|Detailed-Head|790.32|902.98|902.98|1063.11|100.0
93|02|22|2210|Medical and Public Health|05|Medical Education, Training and Research|105|Allopathy|1||58|Institute of Gastroenterology Sciences|||2210-05-105-1-58|Institute of Gastroenterology Sciences|V|Header|Detailed-Head|||||100.0
93|02|22|2210|Medical and Public Health|05|Medical Education, Training and Research|105|Allopathy|1||58|Institute of Gastroenterology Sciences|101|Grants-in-Aid-Salaries|2210-05-105-1-58|Grants-in-Aid-Salaries|V|Data|Object-Head|331.78|355.36|391.89|463.44|100.0
93|02|22|2210|Medical and Public Health|05|Medical Education, Training and Research|105|Allopathy|1||58|Institute of Gastroenterology Sciences|103|Grants-in-Aid -General|2210-05-105-1-58|Grants-in-Aid -General|V|Data|Object-Head|313.26|300.00|300.00|600.00|100.0
93|02|22|2210|Medical and Public Health|05|Medical Education, Training and Research|105|Allopathy|1||58|Institute of Gastroenterology Sciences|112|GIA Stipends|2210-05-105-1-58|GIA Stipends|V|Data|Object-Head|25.00|30.00|30.00|99.90|100.0
93|02|22|2210|Medical and Public Health|05|Medical Education, Training and Research|105|Allopathy|1||58|Institute of Gastroenterology Sciences|115|GIA Contract /Outsource|2210-05-105-1-58|GIA Contract /Outsource|V|Data|Object-Head|995.12|995.12|995.12|1005.28|100.0
93|02|22|2210|Medical and Public Health|05|Medical Education, Training and Research|105|Allopathy|1||58|Institute of Gastroenterology Sciences|118|Grants-in-Aid-Pensions|2210-05-105-1-58|Grants-in-Aid-Pensions|V|Data|Object-Head|10.00|15.00|15.00|38.00|100.0
93|02|22|2210|Medical and Public Health|05|Medical Education, Training and Research|105|Allopathy|1||58|Institute of Gastroenterology Sciences|422|Schedule Caste Sub Plan|2210-05-105-1-58|Schedule Caste Sub Plan|V|Data|Object-Head|68.58|71.00|71.00|60.00|100.0
93|02|22|2210|Medical and Public Health|05|Medical Education, Training and Research|105|Allopathy|1||58|Institute of Gastroenterology Sciences|423|Tribal Sub Plan|2210-05-105-1-58|Tribal Sub Plan|V|Data|Object-Head|13.72|14.00|14.00|30.00|100.0
93|02|22|2210|Medical and Public Health|05|Medical Education, Training and Research|105|Allopathy|1||58|Institute of Gastroenterology Sciences||||HOA Total :|V|Total|Detailed-Head|1757.46|1780.48|1817.01|2296.62|100.0
93|02|22|2210|Medical and Public Health|05|Medical Education, Training and Research|105|Allopathy|1||59|Sri Atal Bihari Vajpayee Medical College and Research Institute|||2210-05-105-1-59|Sri Atal Bihari Vajpayee Medical College and Research Institute|V|Header|Detailed-Head|||||100.0
93|02|22|2210|Medical and Public Health|05|Medical Education, Training and Research|105|Allopathy|1||59|Sri Atal Bihari Vajpayee Medical College and Research Institute|101|Grants-in-Aid-Salaries|2210-05-105-1-59|Grants-in-Aid-Salaries|V|Data|Object-Head|4307.23|5085.74|5085.74|5119.45|100.0
93|02|22|2210|Medical and Public Health|05|Medical Education, Training and Research|105|Allopathy|1||59|Sri Atal Bihari Vajpayee Medical College and Research Institute|103|Grants-in-Aid -General|2210-05-105-1-59|Grants-in-Aid -General|V|Data|Object-Head|2522.28|2500.00|2500.00|3046.40|100.0
93|02|22|2210|Medical and Public Health|05|Medical Education, Training and Research|105|Allopathy|1||59|Sri Atal Bihari Vajpayee Medical College and Research Institute|112|GIA Stipends|2210-05-105-1-59|GIA Stipends|V|Data|Object-Head|423.00|450.00|450.00|982.00|100.0
93|02|22|2210|Medical and Public Health|05|Medical Education, Training and Research|105|Allopathy|1||59|Sri Atal Bihari Vajpayee Medical College and Research Institute|115|GIA Contract /Outsource|2210-05-105-1-59|GIA Contract /Outsource|V|Data|Object-Head|2034.35|2064.44|2064.44|3373.73|100.0
94|02|22|2210|Medical and Public Health|05|Medical Education, Training and Research|105|Allopathy|1||59|Sri Atal Bihari Vajpayee Medical College and Research Institute|118|Grants-in-Aid-Pensions|2210-05-105-1-59|Grants-in-Aid-Pensions|V|Data|Object-Head|237.83|250.07|250.07|335.00|100.0
94|02|22|2210|Medical and Public Health|05|Medical Education, Training and Research|105|Allopathy|1||59|Sri Atal Bihari Vajpayee Medical College and Research Institute|422|Schedule Caste Sub Plan|2210-05-105-1-59|Schedule Caste Sub Plan|V|Data|Object-Head|29.86|62.00|62.00|409.60|100.0
94|02|22|2210|Medical and Public Health|05|Medical Education, Training and Research|105|Allopathy|1||59|Sri Atal Bihari Vajpayee Medical College and Research Institute|423|Tribal Sub Plan|2210-05-105-1-59|Tribal Sub Plan|V|Data|Object-Head|9.00|19.00|19.00|128.00|100.0
94|02|22|2210|Medical and Public Health|05|Medical Education, Training and Research|105|Allopathy|1||59|Sri Atal Bihari Vajpayee Medical College and Research Institute||||HOA Total :|V|Total|Detailed-Head|9563.55|10431.25|10431.25|13394.18|100.0
94|02|22|2210|Medical and Public Health|05|Medical Education, Training and Research|105|Allopathy|1||61|KH Patil Institute of Medical Sciences, Gadag|||2210-05-105-1-61|KH Patil Institute of Medical Sciences, Gadag|V|Header|Detailed-Head|||||100.0
94|02|22|2210|Medical and Public Health|05|Medical Education, Training and Research|105|Allopathy|1||61|KH Patil Institute of Medical Sciences, Gadag|101|Grants-in-Aid-Salaries|2210-05-105-1-61|Grants-in-Aid-Salaries|V|Data|Object-Head|4784.78|5438.30|5438.30|5723.99|100.0
94|02|22|2210|Medical and Public Health|05|Medical Education, Training and Research|105|Allopathy|1||61|KH Patil Institute of Medical Sciences, Gadag|103|Grants-in-Aid -General|2210-05-105-1-61|Grants-in-Aid -General|V|Data|Object-Head|1228.68|1064.86|1064.86|1955.00|100.0
94|02|22|2210|Medical and Public Health|05|Medical Education, Training and Research|105|Allopathy|1||61|KH Patil Institute of Medical Sciences, Gadag|112|GIA Stipends|2210-05-105-1-61|GIA Stipends|V|Data|Object-Head|1605.60|1605.00|1605.00|1809.00|100.0
94|02|22|2210|Medical and Public Health|05|Medical Education, Training and Research|105|Allopathy|1||61|KH Patil Institute of Medical Sciences, Gadag|115|GIA Contract /Outsource|2210-05-105-1-61|GIA Contract /Outsource|V|Data|Object-Head|1145.78|1245.17|1245.17|1701.23|100.0
94|02|22|2210|Medical and Public Health|05|Medical Education, Training and Research|105|Allopathy|1||61|KH Patil Institute of Medical Sciences, Gadag|118|Grants-in-Aid-Pensions|2210-05-105-1-61|Grants-in-Aid-Pensions|V|Data|Object-Head|400.00|400.00|400.00|503.00|100.0
94|02|22|2210|Medical and Public Health|05|Medical Education, Training and Research|105|Allopathy|1||61|KH Patil Institute of Medical Sciences, Gadag|422|Schedule Caste Sub Plan|2210-05-105-1-61|Schedule Caste Sub Plan|V|Data|Object-Head|48.23|167.21|167.21|230.00|100.0
94|02|22|2210|Medical and Public Health|05|Medical Education, Training and Research|105|Allopathy|1||61|KH Patil Institute of Medical Sciences, Gadag|423|Tribal Sub Plan|2210-05-105-1-61|Tribal Sub Plan|V|Data|Object-Head|19.59|67.93|67.93|115.00|100.0
94|02|22|2210|Medical and Public Health|05|Medical Education, Training and Research|105|Allopathy|1||61|KH Patil Institute of Medical Sciences, Gadag||||HOA Total :|V|Total|Detailed-Head|9232.66|9988.47|9988.47|12037.22|100.0
94|02|22|2210|Medical and Public Health|05|Medical Education, Training and Research|105|Allopathy|1||62|Koppal Institute of Medical Sciences, Koppala|||2210-05-105-1-62|Koppal Institute of Medical Sciences, Koppala|V|Header|Detailed-Head|||||100.0
94|02|22|2210|Medical and Public Health|05|Medical Education, Training and Research|105|Allopathy|1||62|Koppal Institute of Medical Sciences, Koppala|101|Grants-in-Aid-Salaries|2210-05-105-1-62|Grants-in-Aid-Salaries|V|Data|Object-Head|3779.65|4261.22|4261.22|4660.26|100.0
94|02|22|2210|Medical and Public Health|05|Medical Education, Training and Research|105|Allopathy|1||62|Koppal Institute of Medical Sciences, Koppala|103|Grants-in-Aid -General|2210-05-105-1-62|Grants-in-Aid -General|V|Data|Object-Head|606.63|750.00|750.00|1955.00|100.0
94|02|22|2210|Medical and Public Health|05|Medical Education, Training and Research|105|Allopathy|1||62|Koppal Institute of Medical Sciences, Koppala|112|GIA Stipends|2210-05-105-1-62|GIA Stipends|V|Data|Object-Head|989.40|989.00|989.00|1233.00|100.0
94|02|22|2210|Medical and Public Health|05|Medical Education, Training and Research|105|Allopathy|1||62|Koppal Institute of Medical Sciences, Koppala|115|GIA Contract /Outsource|2210-05-105-1-62|GIA Contract /Outsource|V|Data|Object-Head|810.00|1243.09|1243.09|1689.54|100.0
94|02|22|2210|Medical and Public Health|05|Medical Education, Training and Research|105|Allopathy|1||62|Koppal Institute of Medical Sciences, Koppala|118|Grants-in-Aid-Pensions|2210-05-105-1-62|Grants-in-Aid-Pensions|V|Data|Object-Head|373.12|373.00|373.00|472.00|100.0
94|02|22|2210|Medical and Public Health|05|Medical Education, Training and Research|105|Allopathy|1||62|Koppal Institute of Medical Sciences, Koppala|422|Schedule Caste Sub Plan|2210-05-105-1-62|Schedule Caste Sub Plan|V|Data|Object-Head|33.98|141.00|141.00|230.00|100.0
94|02|22|2210|Medical and Public Health|05|Medical Education, Training and Research|105|Allopathy|1||62|Koppal Institute of Medical Sciences, Koppala|423|Tribal Sub Plan|2210-05-105-1-62|Tribal Sub Plan|V|Data|Object-Head|13.80|57.00|57.00|115.00|100.0
94|02|22|2210|Medical and Public Health|05|Medical Education, Training and Research|105|Allopathy|1||62|Koppal Institute of Medical Sciences, Koppala||||HOA Total :|V|Total|Detailed-Head|6606.58|7814.31|7814.31|10354.80|100.0
95|02|22|2210|Medical and Public Health|05|Medical Education, Training and Research|105|Allopathy|1||63|Karwar Institute of Medical Sciences, Karawara|||2210-05-105-1-63|Karwar Institute of Medical Sciences, Karawara|V|Header|Detailed-Head|||||100.0
95|02|22|2210|Medical and Public Health|05|Medical Education, Training and Research|105|Allopathy|1||63|Karwar Institute of Medical Sciences, Karawara|101|Grants-in-Aid-Salaries|2210-05-105-1-63|Grants-in-Aid-Salaries|V|Data|Object-Head|3692.93|4354.63|4354.63|4830.07|100.0
95|02|22|2210|Medical and Public Health|05|Medical Education, Training and Research|105|Allopathy|1||63|Karwar Institute of Medical Sciences, Karawara|103|Grants-in-Aid -General|2210-05-105-1-63|Grants-in-Aid -General|V|Data|Object-Head|728.58|882.00|882.00|977.50|100.0
95|02|22|2210|Medical and Public Health|05|Medical Education, Training and Research|105|Allopathy|1||63|Karwar Institute of Medical Sciences, Karawara|112|GIA Stipends|2210-05-105-1-63|GIA Stipends|V|Data|Object-Head|959.40|959.00|959.00|1336.00|100.0
95|02|22|2210|Medical and Public Health|05|Medical Education, Training and Research|105|Allopathy|1||63|Karwar Institute of Medical Sciences, Karawara|115|GIA Contract /Outsource|2210-05-105-1-63|GIA Contract /Outsource|V|Data|Object-Head|1049.12|1078.74|1078.74|1164.68|100.0
95|02|22|2210|Medical and Public Health|05|Medical Education, Training and Research|105|Allopathy|1||63|Karwar Institute of Medical Sciences, Karawara|118|Grants-in-Aid-Pensions|2210-05-105-1-63|Grants-in-Aid-Pensions|V|Data|Object-Head|356.52|356.00|356.00|426.00|100.0
95|02|22|2210|Medical and Public Health|05|Medical Education, Training and Research|105|Allopathy|1||63|Karwar Institute of Medical Sciences, Karawara|422|Schedule Caste Sub Plan|2210-05-105-1-63|Schedule Caste Sub Plan|V|Data|Object-Head|162.52|148.00|148.00|115.00|100.0
95|02|22|2210|Medical and Public Health|05|Medical Education, Training and Research|105|Allopathy|1||63|Karwar Institute of Medical Sciences, Karawara|423|Tribal Sub Plan|2210-05-105-1-63|Tribal Sub Plan|V|Data|Object-Head|66.02|60.00|60.00|57.50|100.0
95|02|22|2210|Medical and Public Health|05|Medical Education, Training and Research|105|Allopathy|1||63|Karwar Institute of Medical Sciences, Karawara||||HOA Total :|V|Total|Detailed-Head|7015.09|7838.37|7838.37|8906.75|100.0
95|02|22|2210|Medical and Public Health|05|Medical Education, Training and Research|105|Allopathy|1||64|Chamarajanagar Institute of Medical Sciences, Chamarajanagar|||2210-05-105-1-64|Chamarajanagar Institute of Medical Sciences, Chamarajanagar|V|Header|Detailed-Head|||||100.0
95|02|22|2210|Medical and Public Health|05|Medical Education, Training and Research|105|Allopathy|1||64|Chamarajanagar Institute of Medical Sciences, Chamarajanagar|101|Grants-in-Aid-Salaries|2210-05-105-1-64|Grants-in-Aid-Salaries|V|Data|Object-Head|3507.47|4153.77|4153.77|4857.20|100.0
95|02|22|2210|Medical and Public Health|05|Medical Education, Training and Research|105|Allopathy|1||64|Chamarajanagar Institute of Medical Sciences, Chamarajanagar|103|Grants-in-Aid -General|2210-05-105-1-64|Grants-in-Aid -General|V|Data|Object-Head|727.80|800.00|800.00|977.50|100.0
95|02|22|2210|Medical and Public Health|05|Medical Education, Training and Research|105|Allopathy|1||64|Chamarajanagar Institute of Medical Sciences, Chamarajanagar|112|GIA Stipends|2210-05-105-1-64|GIA Stipends|V|Data|Object-Head|800.00|800.00|1284.00|1284.00|100.0
95|02|22|2210|Medical and Public Health|05|Medical Education, Training and Research|105|Allopathy|1||64|Chamarajanagar Institute of Medical Sciences, Chamarajanagar|115|GIA Contract /Outsource|2210-05-105-1-64|GIA Contract /Outsource|V|Data|Object-Head|1304.24|1401.22|1401.22|1565.25|100.0
95|02|22|2210|Medical and Public Health|05|Medical Education, Training and Research|105|Allopathy|1||64|Chamarajanagar Institute of Medical Sciences, Chamarajanagar|118|Grants-in-Aid-Pensions|2210-05-105-1-64|Grants-in-Aid-Pensions|V|Data|Object-Head|250.00|250.00|360.00|390.00|100.0
95|02|22|2210|Medical and Public Health|05|Medical Education, Training and Research|105|Allopathy|1||64|Chamarajanagar Institute of Medical Sciences, Chamarajanagar|422|Schedule Caste Sub Plan|2210-05-105-1-64|Schedule Caste Sub Plan|V|Data|Object-Head|163.26|163.00|163.00|115.00|100.0
95|02|22|2210|Medical and Public Health|05|Medical Education, Training and Research|105|Allopathy|1||64|Chamarajanagar Institute of Medical Sciences, Chamarajanagar|423|Tribal Sub Plan|2210-05-105-1-64|Tribal Sub Plan|V|Data|Object-Head|66.33|66.00|66.00|57.50|100.0
95|02|22|2210|Medical and Public Health|05|Medical Education, Training and Research|105|Allopathy|1||64|Chamarajanagar Institute of Medical Sciences, Chamarajanagar||||HOA Total :|V|Total|Detailed-Head|6819.10|7633.99|8227.99|9246.45|100.0
95|02|22|2210|Medical and Public Health|05|Medical Education, Training and Research|105|Allopathy|1||65|Kodagu Institute of Medical Sciences, Kodagu|||2210-05-105-1-65|Kodagu Institute of Medical Sciences, Kodagu|V|Header|Detailed-Head|||||100.0
95|02|22|2210|Medical and Public Health|05|Medical Education, Training and Research|105|Allopathy|1||65|Kodagu Institute of Medical Sciences, Kodagu|101|Grants-in-Aid-Salaries|2210-05-105-1-65|Grants-in-Aid-Salaries|V|Data|Object-Head|4291.42|4762.04|4762.04|4913.14|100.0
95|02|22|2210|Medical and Public Health|05|Medical Education, Training and Research|105|Allopathy|1||65|Kodagu Institute of Medical Sciences, Kodagu|103|Grants-in-Aid -General|2210-05-105-1-65|Grants-in-Aid -General|V|Data|Object-Head|1215.43|800.00|800.00|1466.25|100.0
95|02|22|2210|Medical and Public Health|05|Medical Education, Training and Research|105|Allopathy|1||65|Kodagu Institute of Medical Sciences, Kodagu|112|GIA Stipends|2210-05-105-1-65|GIA Stipends|V|Data|Object-Head|600.00|600.00|600.00|1080.00|100.0
96|02|22|2210|Medical and Public Health|05|Medical Education, Training and Research|105|Allopathy|1||65|Kodagu Institute of Medical Sciences, Kodagu|115|GIA Contract /Outsource|2210-05-105-1-65|GIA Contract /Outsource|V|Data|Object-Head|1188.04|1277.82|1277.82|1309.13|100.0
96|02|22|2210|Medical and Public Health|05|Medical Education, Training and Research|105|Allopathy|1||65|Kodagu Institute of Medical Sciences, Kodagu|118|Grants-in-Aid-Pensions|2210-05-105-1-65|Grants-in-Aid-Pensions|V|Data|Object-Head|300.00|300.00|300.00|385.00|100.0
96|02|22|2210|Medical and Public Health|05|Medical Education, Training and Research|105|Allopathy|1||65|Kodagu Institute of Medical Sciences, Kodagu|422|Schedule Caste Sub Plan|2210-05-105-1-65|Schedule Caste Sub Plan|V|Data|Object-Head|40.38|168.00|168.00|172.50|100.0
96|02|22|2210|Medical and Public Health|05|Medical Education, Training and Research|105|Allopathy|1||65|Kodagu Institute of Medical Sciences, Kodagu|423|Tribal Sub Plan|2210-05-105-1-65|Tribal Sub Plan|V|Data|Object-Head|32.81|68.00|68.00|86.25|100.0
96|02|22|2210|Medical and Public Health|05|Medical Education, Training and Research|105|Allopathy|1||65|Kodagu Institute of Medical Sciences, Kodagu||||HOA Total :|V|Total|Detailed-Head|7668.08|7975.86|7975.86|9412.27|100.0
96|02|22|2210|Medical and Public Health|05|Medical Education, Training and Research|105|Allopathy|1||66|Gulbarga Institute of Medical Sciences, Kalaburgi|||2210-05-105-1-66|Gulbarga Institute of Medical Sciences, Kalaburgi|V|Header|Detailed-Head|||||100.0
96|02|22|2210|Medical and Public Health|05|Medical Education, Training and Research|105|Allopathy|1||66|Gulbarga Institute of Medical Sciences, Kalaburgi|101|Grants-in-Aid-Salaries|2210-05-105-1-66|Grants-in-Aid-Salaries|V|Data|Object-Head|8073.15|9634.78|9634.78|10175.84|100.0
96|02|22|2210|Medical and Public Health|05|Medical Education, Training and Research|105|Allopathy|1||66|Gulbarga Institute of Medical Sciences, Kalaburgi|103|Grants-in-Aid -General|2210-05-105-1-66|Grants-in-Aid -General|V|Data|Object-Head|992.86|1000.00|1000.00|1295.40|100.0
96|02|22|2210|Medical and Public Health|05|Medical Education, Training and Research|105|Allopathy|1||66|Gulbarga Institute of Medical Sciences, Kalaburgi|112|GIA Stipends|2210-05-105-1-66|GIA Stipends|V|Data|Object-Head|1504.20|1679.25|1679.25|1880.00|100.0
96|02|22|2210|Medical and Public Health|05|Medical Education, Training and Research|105|Allopathy|1||66|Gulbarga Institute of Medical Sciences, Kalaburgi|115|GIA Contract /Outsource|2210-05-105-1-66|GIA Contract /Outsource|V|Data|Object-Head|1377.23|1968.90|1968.90|2051.72|100.0
96|02|22|2210|Medical and Public Health|05|Medical Education, Training and Research|105|Allopathy|1||66|Gulbarga Institute of Medical Sciences, Kalaburgi|118|Grants-in-Aid-Pensions|2210-05-105-1-66|Grants-in-Aid-Pensions|V|Data|Object-Head|624.20|624.00|624.00|903.00|100.0
96|02|22|2210|Medical and Public Health|05|Medical Education, Training and Research|105|Allopathy|1||66|Gulbarga Institute of Medical Sciences, Kalaburgi|422|Schedule Caste Sub Plan|2210-05-105-1-66|Schedule Caste Sub Plan|V|Data|Object-Head|147.30|153.00|153.00|162.27|100.0
96|02|22|2210|Medical and Public Health|05|Medical Education, Training and Research|105|Allopathy|1||66|Gulbarga Institute of Medical Sciences, Kalaburgi|423|Tribal Sub Plan|2210-05-105-1-66|Tribal Sub Plan|V|Data|Object-Head|14.96|62.00|62.00|66.33|100.0
96|02|22|2210|Medical and Public Health|05|Medical Education, Training and Research|105|Allopathy|1||66|Gulbarga Institute of Medical Sciences, Kalaburgi||||HOA Total :|V|Total|Detailed-Head|12733.90|15121.93|15121.93|16534.56|100.0
96|02|22|2210|Medical and Public Health|05|Medical Education, Training and Research|105|Allopathy|1||67|Haveri Institute of Medical Sciences, Haveri|||2210-05-105-1-67|Haveri Institute of Medical Sciences, Haveri|V|Header|Detailed-Head|||||100.0
96|02|22|2210|Medical and Public Health|05|Medical Education, Training and Research|105|Allopathy|1||67|Haveri Institute of Medical Sciences, Haveri|101|Grants-in-Aid-Salaries|2210-05-105-1-67|Grants-in-Aid-Salaries|V|Data|Object-Head|2770.94|3323.00|3323.00|3135.57|100.0
96|02|22|2210|Medical and Public Health|05|Medical Education, Training and Research|105|Allopathy|1||67|Haveri Institute of Medical Sciences, Haveri|103|Grants-in-Aid -General|2210-05-105-1-67|Grants-in-Aid -General|V|Data|Object-Head|992.55|720.09|720.09|1466.25|100.0
96|02|22|2210|Medical and Public Health|05|Medical Education, Training and Research|105|Allopathy|1||67|Haveri Institute of Medical Sciences, Haveri|115|GIA Contract /Outsource|2210-05-105-1-67|GIA Contract /Outsource|V|Data|Object-Head|552.13|494.70|494.70|506.27|100.0
96|02|22|2210|Medical and Public Health|05|Medical Education, Training and Research|105|Allopathy|1||67|Haveri Institute of Medical Sciences, Haveri|118|Grants-in-Aid-Pensions|2210-05-105-1-67|Grants-in-Aid-Pensions|V|Data|Object-Head|242.42|202.00|202.00|335.00|100.0
96|02|22|2210|Medical and Public Health|05|Medical Education, Training and Research|105|Allopathy|1||67|Haveri Institute of Medical Sciences, Haveri|422|Schedule Caste Sub Plan|2210-05-105-1-67|Schedule Caste Sub Plan|V|Data|Object-Head|78.33|71.37|71.37|172.50|100.0
96|02|22|2210|Medical and Public Health|05|Medical Education, Training and Research|105|Allopathy|1||67|Haveri Institute of Medical Sciences, Haveri|423|Tribal Sub Plan|2210-05-105-1-67|Tribal Sub Plan|V|Data|Object-Head|31.33|28.54|28.54|86.25|100.0
96|02|22|2210|Medical and Public Health|05|Medical Education, Training and Research|105|Allopathy|1||67|Haveri Institute of Medical Sciences, Haveri||||HOA Total :|V|Total|Detailed-Head|4667.70|4839.70|4839.70|5701.84|100.0
97|02|22|2210|Medical and Public Health|05|Medical Education, Training and Research|105|Allopathy|1||68|Yadgiri Institute of Medical Sciences, Yadgiri|||2210-05-105-1-68|Yadgiri Institute of Medical Sciences, Yadgiri|V|Header|Detailed-Head|||||100.0
97|02|22|2210|Medical and Public Health|05|Medical Education, Training and Research|105|Allopathy|1||68|Yadgiri Institute of Medical Sciences, Yadgiri|101|Grants-in-Aid-Salaries|2210-05-105-1-68|Grants-in-Aid-Salaries|V|Data|Object-Head|1655.96|2189.23|2519.23|2967.08|100.0
97|02|22|2210|Medical and Public Health|05|Medical Education, Training and Research|105|Allopathy|1||68|Yadgiri Institute of Medical Sciences, Yadgiri|103|Grants-in-Aid -General|2210-05-105-1-68|Grants-in-Aid -General|V|Data|Object-Head|583.04|450.00|450.00|1466.25|100.0
97|02|22|2210|Medical and Public Health|05|Medical Education, Training and Research|105|Allopathy|1||68|Yadgiri Institute of Medical Sciences, Yadgiri|115|GIA Contract /Outsource|2210-05-105-1-68|GIA Contract /Outsource|V|Data|Object-Head|149.88|431.86|431.86|437.85|100.0
97|02|22|2210|Medical and Public Health|05|Medical Education, Training and Research|105|Allopathy|1||68|Yadgiri Institute of Medical Sciences, Yadgiri|118|Grants-in-Aid-Pensions|2210-05-105-1-68|Grants-in-Aid-Pensions|V|Data|Object-Head|150.00|251.00|292.00|302.00|100.0
97|02|22|2210|Medical and Public Health|05|Medical Education, Training and Research|105|Allopathy|1||68|Yadgiri Institute of Medical Sciences, Yadgiri|422|Schedule Caste Sub Plan|2210-05-105-1-68|Schedule Caste Sub Plan|V|Data|Object-Head|39.68|41.00|41.00|172.50|100.0
97|02|22|2210|Medical and Public Health|05|Medical Education, Training and Research|105|Allopathy|1||68|Yadgiri Institute of Medical Sciences, Yadgiri|423|Tribal Sub Plan|2210-05-105-1-68|Tribal Sub Plan|V|Data|Object-Head|15.88|17.00|17.00|86.25|100.0
97|02|22|2210|Medical and Public Health|05|Medical Education, Training and Research|105|Allopathy|1||68|Yadgiri Institute of Medical Sciences, Yadgiri||||HOA Total :|V|Total|Detailed-Head|2594.44|3380.09|3751.09|5431.93|100.0
97|02|22|2210|Medical and Public Health|05|Medical Education, Training and Research|105|Allopathy|1||69|Chikkamagalur Institute of Medical Sciences, Chikkamagalur|||2210-05-105-1-69|Chikkamagalur Institute of Medical Sciences, Chikkamagalur|V|Header|Detailed-Head|||||100.0
97|02|22|2210|Medical and Public Health|05|Medical Education, Training and Research|105|Allopathy|1||69|Chikkamagalur Institute of Medical Sciences, Chikkamagalur|101|Grants-in-Aid-Salaries|2210-05-105-1-69|Grants-in-Aid-Salaries|V|Data|Object-Head|2321.00|3067.35|3067.35|3350.63|100.0
97|02|22|2210|Medical and Public Health|05|Medical Education, Training and Research|105|Allopathy|1||69|Chikkamagalur Institute of Medical Sciences, Chikkamagalur|103|Grants-in-Aid -General|2210-05-105-1-69|Grants-in-Aid -General|V|Data|Object-Head|625.98|550.00|550.00|977.50|100.0
97|02|22|2210|Medical and Public Health|05|Medical Education, Training and Research|105|Allopathy|1||69|Chikkamagalur Institute of Medical Sciences, Chikkamagalur|115|GIA Contract /Outsource|2210-05-105-1-69|GIA Contract /Outsource|V|Data|Object-Head|301.76|463.43|463.43|482.18|100.0
97|02|22|2210|Medical and Public Health|05|Medical Education, Training and Research|105|Allopathy|1||69|Chikkamagalur Institute of Medical Sciences, Chikkamagalur|118|Grants-in-Aid-Pensions|2210-05-105-1-69|Grants-in-Aid-Pensions|V|Data|Object-Head|180.63|90.00|90.00|197.00|100.0
97|02|22|2210|Medical and Public Health|05|Medical Education, Training and Research|105|Allopathy|1||69|Chikkamagalur Institute of Medical Sciences, Chikkamagalur|422|Schedule Caste Sub Plan|2210-05-105-1-69|Schedule Caste Sub Plan|V|Data|Object-Head|52.87|55.00|55.00|115.00|100.0
97|02|22|2210|Medical and Public Health|05|Medical Education, Training and Research|105|Allopathy|1||69|Chikkamagalur Institute of Medical Sciences, Chikkamagalur|423|Tribal Sub Plan|2210-05-105-1-69|Tribal Sub Plan|V|Data|Object-Head|21.15|22.00|22.00|57.50|100.0
97|02|22|2210|Medical and Public Health|05|Medical Education, Training and Research|105|Allopathy|1||69|Chikkamagalur Institute of Medical Sciences, Chikkamagalur||||HOA Total :|V|Total|Detailed-Head|3503.39|4247.78|4247.78|5179.81|100.0
97|02|22|2210|Medical and Public Health|05|Medical Education, Training and Research|105|Allopathy|1||70|Nandi Medical College and Research Institute, Chikkaballapura|||2210-05-105-1-70|Nandi Medical College and Research Institute, Chikkaballapura|V|Header|Detailed-Head|||||100.0
97|02|22|2210|Medical and Public Health|05|Medical Education, Training and Research|105|Allopathy|1||70|Nandi Medical College and Research Institute, Chikkaballapura|101|Grants-in-Aid-Salaries|2210-05-105-1-70|Grants-in-Aid-Salaries|V|Data|Object-Head|2163.22|2641.33|2641.33|3475.58|100.0
97|02|22|2210|Medical and Public Health|05|Medical Education, Training and Research|105|Allopathy|1||70|Nandi Medical College and Research Institute, Chikkaballapura|103|Grants-in-Aid -General|2210-05-105-1-70|Grants-in-Aid -General|V|Data|Object-Head|1324.32|875.00|875.00|1466.25|100.0
97|02|22|2210|Medical and Public Health|05|Medical Education, Training and Research|105|Allopathy|1||70|Nandi Medical College and Research Institute, Chikkaballapura|112|GIA Stipends|2210-05-105-1-70|GIA Stipends|V|Data|Object-Head||||360.00|100.0
97|02|22|2210|Medical and Public Health|05|Medical Education, Training and Research|105|Allopathy|1||70|Nandi Medical College and Research Institute, Chikkaballapura|115|GIA Contract /Outsource|2210-05-105-1-70|GIA Contract /Outsource|V|Data|Object-Head|457.01|548.93|548.93|561.84|100.0
98|02|22|2210|Medical and Public Health|05|Medical Education, Training and Research|105|Allopathy|1||70|Nandi Medical College and Research Institute, Chikkaballapura|118|Grants-in-Aid-Pensions|2210-05-105-1-70|Grants-in-Aid-Pensions|V|Data|Object-Head|103.69|103.00|103.00|209.00|100.0
98|02|22|2210|Medical and Public Health|05|Medical Education, Training and Research|105|Allopathy|1||70|Nandi Medical College and Research Institute, Chikkaballapura|422|Schedule Caste Sub Plan|2210-05-105-1-70|Schedule Caste Sub Plan|V|Data|Object-Head|54.05|54.06|54.06|172.50|100.0
98|02|22|2210|Medical and Public Health|05|Medical Education, Training and Research|105|Allopathy|1||70|Nandi Medical College and Research Institute, Chikkaballapura|423|Tribal Sub Plan|2210-05-105-1-70|Tribal Sub Plan|V|Data|Object-Head|21.62|21.62|21.62|86.25|100.0
98|02|22|2210|Medical and Public Health|05|Medical Education, Training and Research|105|Allopathy|1||70|Nandi Medical College and Research Institute, Chikkaballapura||||HOA Total :|V|Total|Detailed-Head|4123.91|4243.94|4243.94|6331.42|100.0
98|02|22|2210|Medical and Public Health|05|Medical Education, Training and Research|105|Allopathy|1||71|Chitradurga Medical College and Research Institute, Chitradurga|||2210-05-105-1-71|Chitradurga Medical College and Research Institute, Chitradurga|V|Header|Detailed-Head|||||100.0
98|02|22|2210|Medical and Public Health|05|Medical Education, Training and Research|105|Allopathy|1||71|Chitradurga Medical College and Research Institute, Chitradurga|101|Grants-in-Aid-Salaries|2210-05-105-1-71|Grants-in-Aid-Salaries|V|Data|Object-Head|111.11|128.00|743.00|832.77|100.0
98|02|22|2210|Medical and Public Health|05|Medical Education, Training and Research|105|Allopathy|1||71|Chitradurga Medical College and Research Institute, Chitradurga|103|Grants-in-Aid -General|2210-05-105-1-71|Grants-in-Aid -General|V|Data|Object-Head|509.40|208.00|208.00|1466.25|100.0
98|02|22|2210|Medical and Public Health|05|Medical Education, Training and Research|105|Allopathy|1||71|Chitradurga Medical College and Research Institute, Chitradurga|115|GIA Contract /Outsource|2210-05-105-1-71|GIA Contract /Outsource|V|Data|Object-Head|190.65|410.68|410.68|546.06|100.0
98|02|22|2210|Medical and Public Health|05|Medical Education, Training and Research|105|Allopathy|1||71|Chitradurga Medical College and Research Institute, Chitradurga|118|Grants-in-Aid-Pensions|2210-05-105-1-71|Grants-in-Aid-Pensions|V|Data|Object-Head|||78.00|78.00|100.0
98|02|22|2210|Medical and Public Health|05|Medical Education, Training and Research|105|Allopathy|1||71|Chitradurga Medical College and Research Institute, Chitradurga|422|Schedule Caste Sub Plan|2210-05-105-1-71|Schedule Caste Sub Plan|V|Data|Object-Head||50.00|50.00|172.50|100.0
98|02|22|2210|Medical and Public Health|05|Medical Education, Training and Research|105|Allopathy|1||71|Chitradurga Medical College and Research Institute, Chitradurga|423|Tribal Sub Plan|2210-05-105-1-71|Tribal Sub Plan|V|Data|Object-Head||25.00|25.00|86.25|100.0
98|02|22|2210|Medical and Public Health|05|Medical Education, Training and Research|105|Allopathy|1||71|Chitradurga Medical College and Research Institute, Chitradurga||||HOA Total :|V|Total|Detailed-Head|811.16|821.68|1514.68|3181.83|100.0
98|02|22|2210|Medical and Public Health|05|Medical Education, Training and Research|911|Deduct Recovery of Over Payments of earlier Years|0||02|Deduct Recovery of Over Payments of earlier Years|||2210-05-911-0-02|Deduct Recovery of Over Payments of earlier Years|V|Header|Detailed-Head|||||100.0
98|02|22|2210|Medical and Public Health|05|Medical Education, Training and Research|911|Deduct Recovery of Over Payments of earlier Years|0||02|Deduct Recovery of Over Payments of earlier Years|364|Deduct - Recoveries|2210-05-911-0-02|Deduct - Recoveries|V|Data|Object-Head|-621.76||||100.0
98|02|22|2210|Medical and Public Health|05|Medical Education, Training and Research|911|Deduct Recovery of Over Payments of earlier Years|0||02|Deduct Recovery of Over Payments of earlier Years||||HOA Total :|V|Total|Detailed-Head|-621.76|0.00|0.00|0.00|100.0
98|02|22|2210|Medical and Public Health|06|Public Health|101|Prevention and Control of Diseases|7||22|Towards Corpus Fund for Treatment of Rare Diseases|||2210-06-101-7-22|Towards Corpus Fund for Treatment of Rare Diseases|V|Header|Detailed-Head|||||100.0
98|02|22|2210|Medical and Public Health|06|Public Health|101|Prevention and Control of Diseases|7||22|Towards Corpus Fund for Treatment of Rare Diseases|100|Financial Assistance/Relief|2210-06-101-7-22|Financial Assistance/Relief|V|Data|Object-Head|1000.00|1000.00|1000.00|1400.00|100.0
98|02|22|2210|Medical and Public Health|06|Public Health|101|Prevention and Control of Diseases|7||22|Towards Corpus Fund for Treatment of Rare Diseases||||HOA Total :|V|Total|Detailed-Head|1000.00|1000.00|1000.00|1400.00|100.0
99|02|22|2210|Medical and Public Health|06|Public Health|911|Deduct Recovery of Over Payments of earlier Years|0||00|Deduct Recoveries of Over Payments|||2210-06-911-0-00|Deduct Recoveries of Over Payments|V|Header|Detailed-Head|||||100.0
99|02|22|2210|Medical and Public Health|06|Public Health|911|Deduct Recovery of Over Payments of earlier Years|0||00|Deduct Recoveries of Over Payments|364|Deduct - Recoveries|2210-06-911-0-00|Deduct - Recoveries|V|Data|Object-Head|-5.64||||100.0
99|02|22|2210|Medical and Public Health|06|Public Health|911|Deduct Recovery of Over Payments of earlier Years|0||00|Deduct Recoveries of Over Payments||||HOA Total :|V|Total|Detailed-Head|-5.64|0.00|0.00|0.00|100.0
99|02|22|2210|Medical and Public Health|06|Public Health|911|Deduct Recovery of Over Payments of earlier Years|0||01|Deduct Recovery of Over Payments of Current Year|||2210-06-911-0-01|Deduct Recovery of Over Payments of Current Year|V|Header|Detailed-Head|||||100.0
99|02|22|2210|Medical and Public Health|06|Public Health|911|Deduct Recovery of Over Payments of earlier Years|0||01|Deduct Recovery of Over Payments of Current Year|364|Deduct - Recoveries|2210-06-911-0-01|Deduct - Recoveries|V|Data|Object-Head|-7.05||||100.0
99|02|22|2210|Medical and Public Health|06|Public Health|911|Deduct Recovery of Over Payments of earlier Years|0||01|Deduct Recovery of Over Payments of Current Year||||HOA Total :|V|Total|Detailed-Head|-7.05|0.00|0.00|0.00|100.0
99|02|22|2210|Medical and Public Health|06|Public Health|911|Deduct Recovery of Over Payments of earlier Years|0||02|Deduct Recovery of Over Payments of Previous Year|||2210-06-911-0-02|Deduct Recovery of Over Payments of Previous Year|V|Header|Detailed-Head|||||100.0
99|02|22|2210|Medical and Public Health|06|Public Health|911|Deduct Recovery of Over Payments of earlier Years|0||02|Deduct Recovery of Over Payments of Previous Year|364|Deduct - Recoveries|2210-06-911-0-02|Deduct - Recoveries|V|Data|Object-Head|-0.70||||100.0
99|02|22|2210|Medical and Public Health|06|Public Health|911|Deduct Recovery of Over Payments of earlier Years|0||02|Deduct Recovery of Over Payments of Previous Year||||HOA Total :|V|Total|Detailed-Head|-0.70|0.00|0.00|0.00|100.0
99|02|22|2210|Medical and Public Health|80|General|001|Direction and Administration|0||19|Unspent SCSP-TSP Amount as per the SCSP-TSP Act 2013|||2210-80-001-0-19|Unspent SCSP-TSP Amount as per the SCSP-TSP Act 2013|V|Header|Detailed-Head|||||100.0
99|02|22|2210|Medical and Public Health|80|General|001|Direction and Administration|0||19|Unspent SCSP-TSP Amount as per the SCSP-TSP Act 2013|422|Schedule Caste Sub Plan|2210-80-001-0-19|Schedule Caste Sub Plan|V|Data|Object-Head||126.58|126.58|0.18|100.0
99|02|22|2210|Medical and Public Health|80|General|001|Direction and Administration|0||19|Unspent SCSP-TSP Amount as per the SCSP-TSP Act 2013|423|Tribal Sub Plan|2210-80-001-0-19|Tribal Sub Plan|V|Data|Object-Head|49.66|14.79|14.79|0.15|100.0
99|02|22|2210|Medical and Public Health|80|General|001|Direction and Administration|0||19|Unspent SCSP-TSP Amount as per the SCSP-TSP Act 2013||||HOA Total :|V|Total|Detailed-Head|49.66|141.37|141.37|0.33|100.0
99|02|22|2210|Medical and Public Health|80|General||||||||||2210 - Total :|V|Total|Major-Head|338215.00|410688.89|411031.89|462671.96|
100|02|22|4210|Capital Outlay on Medical & Public Health|01||110||1||11|Super Speciality Hospitals|||4210-01-110-1-11|Super Speciality Hospitals||Header|Detailed-Head|||||100.0
100|02|22|4210|Capital Outlay on Medical & Public Health|01||110||1||11|Super Speciality Hospitals|133|Regional Imbalance Redressal Program|4210-01-110-1-11|Regional Imbalance Redressal Program||Data|Object-Head||||7500.00|100.0
100|02|22|4210|Capital Outlay on Medical & Public Health|01||110||1||11|Super Speciality Hospitals|386|Purchase/Construction of Buildings|4210-01-110-1-11|Purchase/Construction of Buildings||Data|Object-Head|13000.00|15000.00|15000.00|7500.00|100.0
100|02|22|4210|Capital Outlay on Medical & Public Health|01||110||1||11|Super Speciality Hospitals|||||HOA Total :|Total|Detailed-Head|13000.00|15000.00|15000.00|15000.00|100.0
100|02|22|4210|Capital Outlay on Medical & Public Health|01||110||1||14|Establishment of State Level Cancer Centre|||4210-01-110-1-14|Establishment of State Level Cancer Centre||Header|Detailed-Head|||||100.0
100|02|22|4210|Capital Outlay on Medical & Public Health|01||110||1||14|Establishment of State Level Cancer Centre|132|Other Capital Expenses|4210-01-110-1-14|Other Capital Expenses||Data|Object-Head||||5000.00|100.0
100|02|22|4210|Capital Outlay on Medical & Public Health|01||110||1||14|Establishment of State Level Cancer Centre|139|Major Works|4210-01-110-1-14|Major Works||Data|Object-Head|1500.00|2000.00|2000.00||100.0
100|02|22|4210|Capital Outlay on Medical & Public Health|01||110||1||14|Establishment of State Level Cancer Centre|||||HOA Total :|Total|Detailed-Head|1500.00|2000.00|2000.00|5000.00|100.0
100|02|22|4210|Capital Outlay on Medical & Public Health|01||110||1||15|CSS-Central Share-Tertiary Care Programmes|||4210-01-110-1-15|CSS-Central Share-Tertiary Care Programmes||Header|Detailed-Head|||||100.0
100|02|22|4210|Capital Outlay on Medical & Public Health|01||110||1||15|CSS-Central Share-Tertiary Care Programmes|132|Other Capital Expenses|4210-01-110-1-15|Other Capital Expenses||Data|Object-Head||||739.18|100.0
100|02|22|4210|Capital Outlay on Medical & Public Health|01||110||1||15|CSS-Central Share-Tertiary Care Programmes|139|Major Works|4210-01-110-1-15|Major Works||Data|Object-Head|48.30|974.00|974.30||100.0
100|02|22|4210|Capital Outlay on Medical & Public Health|01||110||1||15|CSS-Central Share-Tertiary Care Programmes|180|Machinery and Equipments|4210-01-110-1-15|Machinery and Equipments||Data|Object-Head||1.00|1.00|1.00|100.0
100|02|22|4210|Capital Outlay on Medical & Public Health|01||110||1||15|CSS-Central Share-Tertiary Care Programmes|422|Schedule Caste Sub Plan|4210-01-110-1-15|Schedule Caste Sub Plan||Data|Object-Head||||167.16|100.0
100|02|22|4210|Capital Outlay on Medical & Public Health|01||110||1||15|CSS-Central Share-Tertiary Care Programmes|423|Tribal Sub Plan|4210-01-110-1-15|Tribal Sub Plan||Data|Object-Head||||67.66|100.0
100|02|22|4210|Capital Outlay on Medical & Public Health|01||110||1||15|CSS-Central Share-Tertiary Care Programmes|||||HOA Total :|Total|Detailed-Head|48.30|975.00|975.30|975.00|100.0
100|02|22|4210|Capital Outlay on Medical & Public Health|01||110||1||25|CSS-State Share-Tertiary Care Programmes|||4210-01-110-1-25|CSS-State Share-Tertiary Care Programmes||Header|Detailed-Head|||||100.0
100|02|22|4210|Capital Outlay on Medical & Public Health|01||110||1||25|CSS-State Share-Tertiary Care Programmes|132|Other Capital Expenses|4210-01-110-1-25|Other Capital Expenses||Data|Object-Head||||492.48|100.0
100|02|22|4210|Capital Outlay on Medical & Public Health|01||110||1||25|CSS-State Share-Tertiary Care Programmes|139|Major Works|4210-01-110-1-25|Major Works||Data|Object-Head|32.20|522.00|649.53||100.0
100|02|22|4210|Capital Outlay on Medical & Public Health|01||110||1||25|CSS-State Share-Tertiary Care Programmes|180|Machinery and Equipments|4210-01-110-1-25|Machinery and Equipments||Data|Object-Head||1.00|1.00|1.00|100.0
100|02|22|4210|Capital Outlay on Medical & Public Health|01||110||1||25|CSS-State Share-Tertiary Care Programmes|422|Schedule Caste Sub Plan|4210-01-110-1-25|Schedule Caste Sub Plan||Data|Object-Head||||111.41|100.0
101|02|22|4210|Capital Outlay on Medical & Public Health|01||110||1||25|CSS-State Share-Tertiary Care Programmes|423|Tribal Sub Plan|4210-01-110-1-25|Tribal Sub Plan||Data|Object-Head||||45.11|100.0
101|02|22|4210|Capital Outlay on Medical & Public Health|01||110||1||25|CSS-State Share-Tertiary Care Programmes||||4210-01-110-1-25|HOA Total :|Total|Detailed-Head|32.20|523.00|650.53|650.00|100.0
101|02|22|4210|Capital Outlay on Medical & Public Health|03||105||1||02|CSS-Central Share- Medical PG Seats|||4210-03-105-1-02|CSS-Central Share- Medical PG Seats||Header|Detailed-Head|||||100.0
101|02|22|4210|Capital Outlay on Medical & Public Health|03||105||1||02|CSS-Central Share- Medical PG Seats|386|Purchase/Construction of Buildings|4210-03-105-1-02|Purchase/Construction of Buildings||Data|Object-Head|1288.00|772.66|772.66|772.66|100.0
101|02|22|4210|Capital Outlay on Medical & Public Health|03||105||1||02|CSS-Central Share- Medical PG Seats|422|Schedule Caste Sub Plan|4210-03-105-1-02|Schedule Caste Sub Plan||Data|Object-Head|185.00|174.59|174.59|174.59|100.0
101|02|22|4210|Capital Outlay on Medical & Public Health|03||105||1||02|CSS-Central Share- Medical PG Seats|423|Tribal Sub Plan|4210-03-105-1-02|Tribal Sub Plan||Data|Object-Head|106.00|70.75|70.75|70.75|100.0
101|02|22|4210|Capital Outlay on Medical & Public Health|03||105||1||02|CSS-Central Share- Medical PG Seats||||4210-03-105-1-02|HOA Total :|Total|Detailed-Head|1579.00|1018.00|1018.00|1018.00|100.0
101|02|22|4210|Capital Outlay on Medical & Public Health|03||105||1||11|Jayadeva Institute of Cardiology|||4210-03-105-1-11|Jayadeva Institute of Cardiology||Header|Detailed-Head|||||100.0
101|02|22|4210|Capital Outlay on Medical & Public Health|03||105||1||11|Jayadeva Institute of Cardiology|180|Machinery and Equipments|4210-03-105-1-11|Machinery and Equipments||Data|Object-Head||||5000.00|100.0
101|02|22|4210|Capital Outlay on Medical & Public Health|03||105||1||11|Jayadeva Institute of Cardiology|386|Purchase/Construction of Buildings|4210-03-105-1-11|Purchase/Construction of Buildings||Data|Object-Head|5000.00|5000.00|5000.00|7000.00|100.0
101|02|22|4210|Capital Outlay on Medical & Public Health|03||105||1||11|Jayadeva Institute of Cardiology||||4210-03-105-1-11|HOA Total :|Total|Detailed-Head|5000.00|5000.00|5000.00|12000.00|100.0
101|02|22|4210|Capital Outlay on Medical & Public Health|03||105||1||22|CSS-State Share- Medical PG Seats|||4210-03-105-1-22|CSS-State Share- Medical PG Seats||Header|Detailed-Head|||||100.0
101|02|22|4210|Capital Outlay on Medical & Public Health|03||105||1||22|CSS-State Share- Medical PG Seats|386|Purchase/Construction of Buildings|4210-03-105-1-22|Purchase/Construction of Buildings||Data|Object-Head|656.33|649.71|649.71|649.71|100.0
101|02|22|4210|Capital Outlay on Medical & Public Health|03||105||1||22|CSS-State Share- Medical PG Seats|422|Schedule Caste Sub Plan|4210-03-105-1-22|Schedule Caste Sub Plan||Data|Object-Head|248.00|146.80|146.80|146.80|100.0
101|02|22|4210|Capital Outlay on Medical & Public Health|03||105||1||22|CSS-State Share- Medical PG Seats|423|Tribal Sub Plan|4210-03-105-1-22|Tribal Sub Plan||Data|Object-Head|70.67|59.49|59.49|59.49|100.0
101|02|22|4210|Capital Outlay on Medical & Public Health|03||105||1||22|CSS-State Share- Medical PG Seats||||4210-03-105-1-22|HOA Total :|Total|Detailed-Head|975.00|856.00|856.00|856.00|100.0
101|02|22|4210|Capital Outlay on Medical & Public Health|03||105||1||23|CSS-Central Share-Haveri Medical College|||4210-03-105-1-23|CSS-Central Share-Haveri Medical College||Header|Detailed-Head|||||100.0
101|02|22|4210|Capital Outlay on Medical & Public Health|03||105||1||23|CSS-Central Share-Haveri Medical College|386|Purchase/Construction of Buildings|4210-03-105-1-23|Purchase/Construction of Buildings||Data|Object-Head|33.02|166.98|166.98||100.0
102|02|22|4210|Capital Outlay on Medical & Public Health|03|Medical Education Training and Research|105|Medical Education|1||23|CSS-Central Share-Haveri Medical College|422|Schedule Caste Sub Plan|4210-03-105-1-23|Schedule Caste Sub Plan||Data|Object-Head|133.77|37.73|37.73||100.0
102|02|22|4210|Capital Outlay on Medical & Public Health|03|Medical Education Training and Research|105|Medical Education|1||23|CSS-Central Share-Haveri Medical College|423|Tribal Sub Plan|4210-03-105-1-23|Tribal Sub Plan||Data|Object-Head|54.21|15.29|15.29||100.0
102|02|22|4210|Capital Outlay on Medical & Public Health|03|Medical Education Training and Research|105|Medical Education|1||23|CSS-Central Share-Haveri Medical College||||4210-03-105-1-23|HOA Total :|Total|Detailed-Head|221.00|220.00|220.00|0.00|100.0
102|02|22|4210|Capital Outlay on Medical & Public Health|03|Medical Education Training and Research|105|Medical Education|1||24|Construction and Upgradation of District Hospitals and Medical Colleges including purchase of Equipments||||4210-03-105-1-24|Construction and Upgradation of District Hospitals and Medical Colleges including purchase of Equipments|Header|Detailed-Head|||||100.0
102|02|22|4210|Capital Outlay on Medical & Public Health|03|Medical Education Training and Research|105|Medical Education|1||24|Construction and Upgradation of District Hospitals and Medical Colleges including purchase of Equipments|133|Regional Imbalance Redressal Program|4210-03-105-1-24|Regional Imbalance Redressal Program||Data|Object-Head||||25000.00|100.0
102|02|22|4210|Capital Outlay on Medical & Public Health|03|Medical Education Training and Research|105|Medical Education|1||24|Construction and Upgradation of District Hospitals and Medical Colleges including purchase of Equipments|180|Machinery and Equipments|4210-03-105-1-24|Machinery and Equipments||Data|Object-Head|10000.00|20000.00|20000.00|17000.00|100.0
102|02|22|4210|Capital Outlay on Medical & Public Health|03|Medical Education Training and Research|105|Medical Education|1||24|Construction and Upgradation of District Hospitals and Medical Colleges including purchase of Equipments|199|Transportation Assets|4210-03-105-1-24|Transportation Assets||Data|Object-Head||1.00|1.00||100.0
102|02|22|4210|Capital Outlay on Medical & Public Health|03|Medical Education Training and Research|105|Medical Education|1||24|Construction and Upgradation of District Hospitals and Medical Colleges including purchase of Equipments|386|Purchase/Construction of Buildings|4210-03-105-1-24|Purchase/Construction of Buildings||Data|Object-Head|60000.00|42000.00|42000.00|15000.00|100.0
102|02|22|4210|Capital Outlay on Medical & Public Health|03|Medical Education Training and Research|105|Medical Education|1||24|Construction and Upgradation of District Hospitals and Medical Colleges including purchase of Equipments||||4210-03-105-1-24|HOA Total :|Total|Detailed-Head|70000.00|62001.00|62001.00|57000.00|100.0
102|02|22|4210|Capital Outlay on Medical & Public Health|03|Medical Education Training and Research|105|Medical Education|1||27|CSS-State Share-Haveri Medical College||||4210-03-105-1-27|CSS-State Share-Haveri Medical College|Header|Detailed-Head|||||100.0
102|02|22|4210|Capital Outlay on Medical & Public Health|03|Medical Education Training and Research|105|Medical Education|1||27|CSS-State Share-Haveri Medical College|386|Purchase/Construction of Buildings|4210-03-105-1-27|Purchase/Construction of Buildings||Data|Object-Head|102.68|280.07|280.07||100.0
102|02|22|4210|Capital Outlay on Medical & Public Health|03|Medical Education Training and Research|105|Medical Education|1||27|CSS-State Share-Haveri Medical College|422|Schedule Caste Sub Plan|4210-03-105-1-27|Schedule Caste Sub Plan||Data|Object-Head|8.18|63.28|63.28||100.0
102|02|22|4210|Capital Outlay on Medical & Public Health|03|Medical Education Training and Research|105|Medical Education|1||27|CSS-State Share-Haveri Medical College|423|Tribal Sub Plan|4210-03-105-1-27|Tribal Sub Plan||Data|Object-Head|36.14|25.65|25.65||100.0
102|02|22|4210|Capital Outlay on Medical & Public Health|03|Medical Education Training and Research|105|Medical Education|1||27|CSS-State Share-Haveri Medical College||||4210-03-105-1-27|HOA Total :|Total|Detailed-Head|147.00|369.00|369.00|0.00|100.0
102|02|22|4210|Capital Outlay on Medical & Public Health|03|Medical Education Training and Research|||||||||4210|4210 - Total :||Total|Major-Head|92502.50|87962.00|88089.83|92499.00|
103|02|22|2210|Medical and Public Health|01||001||0||04|Karnataka State Mental Health Authority|||2210-01-001-0-04|Karnataka State Mental Health Authority||Header|Detailed-Head|||||100.0
103|02|22|2210|Medical and Public Health|01||001||0||04|Karnataka State Mental Health Authority|034|Contract/Outsource|2210-01-001-0-04|Contract/Outsource||Data|Object-Head|47.67|34.57|34.57|32.60|100.0
103|02|22|2210|Medical and Public Health|01||001||0||04|Karnataka State Mental Health Authority|051|General Expenses|2210-01-001-0-04|General Expenses||Data|Object-Head|1.00|1.00|1.00|1.00|100.0
103|02|22|2210|Medical and Public Health|01||001||0||04|Karnataka State Mental Health Authority|101|Grants-in-Aid-Salaries|2210-01-001-0-04|Grants-in-Aid-Salaries||Data|Object-Head|25.90|42.01|42.01|43.42|100.0
103|02|22|2210|Medical and Public Health|01||001||0||04|Karnataka State Mental Health Authority||||2210-01-001-0-04|HOA Total :|Total|Detailed-Head|74.57|77.58|77.58|77.02|100.0
103|02|22|2210|Medical and Public Health|01||001||0||51|Vacant Post Provision|||2210-01-001-0-51|Vacant Post Provision||Header|Detailed-Head|||||100.0
103|02|22|2210|Medical and Public Health|01||001||0||51|Vacant Post Provision|014|Other Allowance|2210-01-001-0-51|Other Allowance||Data|Object-Head||58796.09|58796.09|70006.09|100.0
103|02|22|2210|Medical and Public Health|01||001||0||51|Vacant Post Provision||||2210-01-001-0-51|HOA Total :|Total|Detailed-Head|0.00|58796.09|58796.09|70006.09|100.0
103|02|22|2210|Medical and Public Health|01||104||0||01|Karnataka State Medical Supplies Corporation Limited(KSMSCL)|||2210-01-104-0-01|Karnataka State Medical Supplies Corporation Limited(KSMSCL)||Header|Detailed-Head|||||100.0
103|02|22|2210|Medical and Public Health|01||104||0||01|Karnataka State Medical Supplies Corporation Limited(KSMSCL)|101|Grants-in-Aid-Salaries|2210-01-104-0-01|Grants-in-Aid-Salaries||Data|Object-Head||1114.93|1114.93|1097.08|100.0
103|02|22|2210|Medical and Public Health|01||104||0||01|Karnataka State Medical Supplies Corporation Limited(KSMSCL)|115|GIA Contract /Outsource|2210-01-104-0-01|GIA Contract /Outsource||Data|Object-Head||527.95|527.95|574.75|100.0
103|02|22|2210|Medical and Public Health|01||104||0||01|Karnataka State Medical Supplies Corporation Limited(KSMSCL)|221|Materials and Supplies|2210-01-104-0-01|Materials and Supplies||Data|Object-Head||||30000.00|100.0
103|02|22|2210|Medical and Public Health|01||104||0||01|Karnataka State Medical Supplies Corporation Limited(KSMSCL)|222|Drugs and Chemicals|2210-01-104-0-01|Drugs and Chemicals||Data|Object-Head||30000.00|||100.0
103|02|22|2210|Medical and Public Health|01||104||0||01|Karnataka State Medical Supplies Corporation Limited(KSMSCL)||||2210-01-104-0-01|HOA Total :|Total|Detailed-Head|0.00|31642.88|1642.88|31671.83|100.0
103|02|22|2210|Medical and Public Health|01||110||1||21|Building Maintenance of Health Institutions|||2210-01-110-1-21|Building Maintenance of Health Institutions||Header|Detailed-Head|||||100.0
103|02|22|2210|Medical and Public Health|01||110||1||21|Building Maintenance of Health Institutions|200|Maintenance Expenditure|2210-01-110-1-21|Maintenance Expenditure||Data|Object-Head|3298.08|4688.20|4688.20|4688.20|100.0
103|02|22|2210|Medical and Public Health|01||110||1||21|Building Maintenance of Health Institutions|422|Schedule Caste Sub Plan|2210-01-110-1-21|Schedule Caste Sub Plan||Data|Object-Head|231.82|937.50|937.50|937.50|100.0
103|02|22|2210|Medical and Public Health|01||110||1||21|Building Maintenance of Health Institutions|423|Tribal Sub Plan|2210-01-110-1-21|Tribal Sub Plan||Data|Object-Head|94.00|374.30|374.30|374.30|100.0
103|02|22|2210|Medical and Public Health|01||110||1||21|Building Maintenance of Health Institutions||||2210-01-110-1-21|HOA Total :|Total|Detailed-Head|3623.90|6000.00|6000.00|6000.00|100.0
103|02|22|2210|Medical and Public Health|01||110||1||22|State Level, District and Taluka Hospitals Salary and Non-Salary Expenses|||2210-01-110-1-22|State Level, District and Taluka Hospitals Salary and Non-Salary Expenses||Header|Detailed-Head|||||100.0
103|02|22|2210|Medical and Public Health|01||110||1||22|State Level, District and Taluka Hospitals Salary and Non-Salary Expenses|002|Basic Pay|2210-01-110-1-22|Basic Pay||Data|Object-Head|24834.70|98084.00|98084.00|99627.00|100.0
104|02|22|2210|Medical and Public Health|01||110||1||22|State Level, District and Taluka Hospitals Salary and Non-Salary Expenses|003|Basic Pay-Staff|2210-01-110-1-22|Basic Pay-Staff||Data|Object-Head|51867.77||||100.0
104|02|22|2210|Medical and Public Health|01||110||1||22|State Level, District and Taluka Hospitals Salary and Non-Salary Expenses|004|Interim Relief|2210-01-110-1-22|Interim Relief||Data|Object-Head|5045.84||||100.0
104|02|22|2210|Medical and Public Health|01||110||1||22|State Level, District and Taluka Hospitals Salary and Non-Salary Expenses|011|Dearness Allowance|2210-01-110-1-22|Dearness Allowance||Data|Object-Head|18139.30|21579.00|21579.00|24907.00|100.0
104|02|22|2210|Medical and Public Health|01||110||1||22|State Level, District and Taluka Hospitals Salary and Non-Salary Expenses|014|Other Allowance|2210-01-110-1-22|Other Allowance||Data|Object-Head|24147.40|27931.00|27931.00|27126.00|100.0
104|02|22|2210|Medical and Public Health|01||110||1||22|State Level, District and Taluka Hospitals Salary and Non-Salary Expenses|020|Medical Allowance|2210-01-110-1-22|Medical Allowance||Data|Object-Head|317.02||||100.0
104|02|22|2210|Medical and Public Health|01||110||1||22|State Level, District and Taluka Hospitals Salary and Non-Salary Expenses|021|Reimbursement of Medical Expenses|2210-01-110-1-22|Reimbursement of Medical Expenses||Data|Object-Head|211.87|726.00|726.00|709.00|100.0
104|02|22|2210|Medical and Public Health|01||110||1||22|State Level, District and Taluka Hospitals Salary and Non-Salary Expenses|033|Daily-wages|2210-01-110-1-22|Daily-wages||Data|Object-Head|1.25|2.67|2.67|1.00|100.0
104|02|22|2210|Medical and Public Health|01||110||1||22|State Level, District and Taluka Hospitals Salary and Non-Salary Expenses|034|Contract/Outsource|2210-01-110-1-22|Contract/Outsource||Data|Object-Head|12541.26|11303.49|11303.49|15818.82|100.0
104|02|22|2210|Medical and Public Health|01||110||1||22|State Level, District and Taluka Hospitals Salary and Non-Salary Expenses|036|Compulsory Rural Service Honorarium|2210-01-110-1-22|Compulsory Rural Service Honorarium||Data|Object-Head|6585.45||||100.0
104|02|22|2210|Medical and Public Health|01||110||1||22|State Level, District and Taluka Hospitals Salary and Non-Salary Expenses|041|Travel Expenses|2210-01-110-1-22|Travel Expenses||Data|Object-Head|55.34|100.00|100.00|100.00|100.0
104|02|22|2210|Medical and Public Health|01||110||1||22|State Level, District and Taluka Hospitals Salary and Non-Salary Expenses|050|Office Expenses|2210-01-110-1-22|Office Expenses||Data|Object-Head||50.00|50.00|50.00|100.0
104|02|22|2210|Medical and Public Health|01||110||1||22|State Level, District and Taluka Hospitals Salary and Non-Salary Expenses|051|General Expenses|2210-01-110-1-22|General Expenses||Data|Object-Head|3914.51|4700.00|4700.00|4250.00|100.0
104|02|22|2210|Medical and Public Health|01||110||1||22|State Level, District and Taluka Hospitals Salary and Non-Salary Expenses|052|Telephone Charges|2210-01-110-1-22|Telephone Charges||Data|Object-Head|15.34||||100.0
104|02|22|2210|Medical and Public Health|01||110||1||22|State Level, District and Taluka Hospitals Salary and Non-Salary Expenses|071|Building Expenses|2210-01-110-1-22|Building Expenses||Data|Object-Head|5128.36|3000.00|3000.00|5000.00|100.0
104|02|22|2210|Medical and Public Health|01||110||1||22|State Level, District and Taluka Hospitals Salary and Non-Salary Expenses|180|Machinery and Equipments|2210-01-110-1-22|Machinery and Equipments||Data|Object-Head|2067.81||||100.0
104|02|22|2210|Medical and Public Health|01||110||1||22|State Level, District and Taluka Hospitals Salary and Non-Salary Expenses|195|Transport Expenses|2210-01-110-1-22|Transport Expenses||Data|Object-Head|1057.93|1900.00|1900.00|2152.42|100.0
104|02|22|2210|Medical and Public Health|01||110||1||22|State Level, District and Taluka Hospitals Salary and Non-Salary Expenses|200|Maintenance Expenditure|2210-01-110-1-22|Maintenance Expenditure||Data|Object-Head|615.52|500.00|500.00|575.00|100.0
104|02|22|2210|Medical and Public Health|01||110||1||22|State Level, District and Taluka Hospitals Salary and Non-Salary Expenses|221|Materials and Supplies|2210-01-110-1-22|Materials and Supplies||Data|Object-Head|1988.64|3000.00|3000.00|3000.00|100.0
104|02|22|2210|Medical and Public Health|01||110||1||22|State Level, District and Taluka Hospitals Salary and Non-Salary Expenses|230|Hospital Accessaries|2210-01-110-1-22|Hospital Accessaries||Data|Object-Head|486.01||||100.0
104|02|22|2210|Medical and Public Health|01||110||1||22|State Level, District and Taluka Hospitals Salary and Non-Salary Expenses|234|Diet Expenses|2210-01-110-1-22|Diet Expenses||Data|Object-Head|3159.81|3400.00|3400.00|3570.00|100.0
104|02|22|2210|Medical and Public Health|01||110||1||22|State Level, District and Taluka Hospitals Salary and Non-Salary Expenses|324|Honorarium|2210-01-110-1-22|Honorarium||Data|Object-Head||9800.00|7594.25|7100.00|100.0
104|02|22|2210|Medical and Public Health|01||110||1||22|State Level, District and Taluka Hospitals Salary and Non-Salary Expenses||||2210-01-110-1-22|HOA Total :|Total|Detailed-Head|162181.13|186076.16|183870.41|193986.24|100.0
104|02|22|2210|Medical and Public Health|01||110|Hospital and Dispensaries|4|Taluka Health Mission|06|Taluka Health Mission|||2210-01-110-4-06|Taluka Health Mission||Header|Detailed-Head|||||100.0
104|02|22|2210|Medical and Public Health|01||110|Hospital and Dispensaries|4|Taluka Health Mission|06|Taluka Health Mission|059|Other Expenses|2210-01-110-4-06|Other Expenses||Data|Object-Head|3500.00||||100.0
104|02|22|2210|Medical and Public Health|01||110|Hospital and Dispensaries|4|Taluka Health Mission|06|Taluka Health Mission|422|Schedule Caste Sub Plan|2210-01-110-4-06|Schedule Caste Sub Plan||Data|Object-Head|524.00||||100.0
104|02|22|2210|Medical and Public Health|01||110|Hospital and Dispensaries|4|Taluka Health Mission|06|Taluka Health Mission|423|Tribal Sub Plan|2210-01-110-4-06|Tribal Sub Plan||Data|Object-Head|365.46||||100.0
104|02|22|2210|Medical and Public Health|01||110|Hospital and Dispensaries|4|Taluka Health Mission|06|Taluka Health Mission||||2210-01-110-4-06|HOA Total :|Total|Detailed-Head|4389.46|0.00|0.00|0.00|100.0
105|02|22|2210|Medical and Public Health|01|Urban Health Services-Allopathy|200|Other Health Schemes|0||05|CSS-Central Share-PM ABHIM|||2210-01-200-0-05|CSS-Central Share-PM ABHIM|V|Header|Detailed-Head|||||100.0
105|02|22|2210|Medical and Public Health|01|Urban Health Services-Allopathy|200|Other Health Schemes|0||05|CSS-Central Share-PM ABHIM|059|Other Expenses|2210-01-200-0-05|Other Expenses|V|Data|Object-Head|6884.45|15038.17|15038.17|15038.17|100.0
105|02|22|2210|Medical and Public Health|01|Urban Health Services-Allopathy|200|Other Health Schemes|0||05|CSS-Central Share-PM ABHIM|140|Minor Works|2210-01-200-0-05|Minor Works|V|Data|Object-Head|423.11||||100.0
105|02|22|2210|Medical and Public Health|01|Urban Health Services-Allopathy|200|Other Health Schemes|0||05|CSS-Central Share-PM ABHIM|422|Schedule Caste Sub Plan|2210-01-200-0-05|Schedule Caste Sub Plan|V|Data|Object-Head|359.95|6940.69|6940.69|6940.69|100.0
105|02|22|2210|Medical and Public Health|01|Urban Health Services-Allopathy|200|Other Health Schemes|0||05|CSS-Central Share-PM ABHIM|423|Tribal Sub Plan|2210-01-200-0-05|Tribal Sub Plan|V|Data|Object-Head|137.57|2313.56|2313.56|2313.56|100.0
105|02|22|2210|Medical and Public Health|01|Urban Health Services-Allopathy|200|Other Health Schemes|0||05|CSS-Central Share-PM ABHIM|||2210-01-200-0-05|HOA Total :|V|Total|Detailed-Head|7805.08|24292.42|24292.42|24292.42|100.0
105|02|22|2210|Medical and Public Health|01|Urban Health Services-Allopathy|200|Other Health Schemes|0||06|CSS-State Share-PM ABHIM|||2210-01-200-0-06|CSS-State Share-PM ABHIM|V|Header|Detailed-Head|||||100.0
105|02|22|2210|Medical and Public Health|01|Urban Health Services-Allopathy|200|Other Health Schemes|0||06|CSS-State Share-PM ABHIM|059|Other Expenses|2210-01-200-0-06|Other Expenses|V|Data|Object-Head|347.69|10688.66|10688.66|10688.66|100.0
105|02|22|2210|Medical and Public Health|01|Urban Health Services-Allopathy|200|Other Health Schemes|0||06|CSS-State Share-PM ABHIM|140|Minor Works|2210-01-200-0-06|Minor Works|V|Data|Object-Head|282.08||||100.0
105|02|22|2210|Medical and Public Health|01|Urban Health Services-Allopathy|200|Other Health Schemes|0||06|CSS-State Share-PM ABHIM|422|Schedule Caste Sub Plan|2210-01-200-0-06|Schedule Caste Sub Plan|V|Data|Object-Head|239.97|3562.89|3562.89|3562.89|100.0
105|02|22|2210|Medical and Public Health|01|Urban Health Services-Allopathy|200|Other Health Schemes|0||06|CSS-State Share-PM ABHIM|423|Tribal Sub Plan|2210-01-200-0-06|Tribal Sub Plan|V|Data|Object-Head|91.71|1943.39|1943.39|1943.39|100.0
105|02|22|2210|Medical and Public Health|01|Urban Health Services-Allopathy|200|Other Health Schemes|0||06|CSS-State Share-PM ABHIM|||2210-01-200-0-06|HOA Total :|V|Total|Detailed-Head|961.45|16194.94|16194.94|16194.94|100.0
105|02|22|2210|Medical and Public Health|01|Urban Health Services-Allopathy|200|Other Health Schemes|0||07|Mental Health Programmes.|||2210-01-200-0-07|Mental Health Programmes.|V|Header|Detailed-Head|||||100.0
105|02|22|2210|Medical and Public Health|01|Urban Health Services-Allopathy|200|Other Health Schemes|0||07|Mental Health Programmes.|015|Subsidiary Expenses|2210-01-200-0-07|Subsidiary Expenses|V|Data|Object-Head|628.37|800.00|600.00|700.00|100.0
105|02|22|2210|Medical and Public Health|01|Urban Health Services-Allopathy|200|Other Health Schemes|0||07|Mental Health Programmes.|051|General Expenses|2210-01-200-0-07|General Expenses|V|Data|Object-Head|181.97|189.00|189.00|189.00|100.0
105|02|22|2210|Medical and Public Health|01|Urban Health Services-Allopathy|200|Other Health Schemes|0||07|Mental Health Programmes.|071|Building Expenses|2210-01-200-0-07|Building Expenses|V|Data|Object-Head|24.44|20.00|20.00|20.00|100.0
105|02|22|2210|Medical and Public Health|01|Urban Health Services-Allopathy|200|Other Health Schemes|0||07|Mental Health Programmes.|195|Transport Expenses|2210-01-200-0-07|Transport Expenses|V|Data|Object-Head|19.04|30.00|30.00|28.47|100.0
105|02|22|2210|Medical and Public Health|01|Urban Health Services-Allopathy|200|Other Health Schemes|0||07|Mental Health Programmes.|200|Maintenance Expenditure|2210-01-200-0-07|Maintenance Expenditure|V|Data|Object-Head|45.12|75.00|75.00|60.00|100.0
105|02|22|2210|Medical and Public Health|01|Urban Health Services-Allopathy|200|Other Health Schemes|0||07|Mental Health Programmes.|221|Materials and Supplies|2210-01-200-0-07|Materials and Supplies|V|Data|Object-Head||||75.00|100.0
105|02|22|2210|Medical and Public Health|01|Urban Health Services-Allopathy|200|Other Health Schemes|0||07|Mental Health Programmes.|222|Drugs and Chemicals|2210-01-200-0-07|Drugs and Chemicals|V|Data|Object-Head|62.27|150.00|150.00||100.0
105|02|22|2210|Medical and Public Health|01|Urban Health Services-Allopathy|200|Other Health Schemes|0||07|Mental Health Programmes.|234|Diet Expenses|2210-01-200-0-07|Diet Expenses|V|Data|Object-Head|28.06|46.00|46.00|48.00|100.0
105|02|22|2210|Medical and Public Health|01|Urban Health Services-Allopathy|200|Other Health Schemes|0||07|Mental Health Programmes.|||2210-01-200-0-07|HOA Total :|V|Total|Detailed-Head|989.27|1310.00|1110.00|1120.47|100.0
106|02|22|2210|Medical and Public Health|01|Urban Health Services-Allopathy|200|Other Health Schemes|0||08|Deafness-Free Programme|||2210-01-200-0-08|Deafness-Free Programme|V|Header|Detailed-Head|||||100.0
106|02|22|2210|Medical and Public Health|01|Urban Health Services-Allopathy|200|Other Health Schemes|0||08|Deafness-Free Programme|180|Machinery and Equipments|2210-01-200-0-08|Machinery and Equipments|V|Data|Object-Head|1000.00||||100.0
106|02|22|2210|Medical and Public Health|01|Urban Health Services-Allopathy|200|Other Health Schemes|0||08|Deafness-Free Programme|221|Materials and Supplies|2210-01-200-0-08|Materials and Supplies|V|Data|Object-Head||1200.00|1200.00|1200.00|100.0
106|02|22|2210|Medical and Public Health|01|Urban Health Services-Allopathy|200|Other Health Schemes|0||08|Deafness-Free Programme|||2210-01-200-0-08|HOA Total :|V|Total|Detailed-Head|1000.00|1200.00|1200.00|1200.00|100.0
106|02|22|2210|Medical and Public Health|01|Urban Health Services-Allopathy|200|Other Health Schemes|0||09|Mobile Health Clinic and Cancer Detection Units|||2210-01-200-0-09|Mobile Health Clinic and Cancer Detection Units|V|Header|Detailed-Head|||||100.0
106|02|22|2210|Medical and Public Health|01|Urban Health Services-Allopathy|200|Other Health Schemes|0||09|Mobile Health Clinic and Cancer Detection Units|051|General Expenses|2210-01-200-0-09|General Expenses|V|Data|Object-Head||44.90|44.90||100.0
106|02|22|2210|Medical and Public Health|01|Urban Health Services-Allopathy|200|Other Health Schemes|0||09|Mobile Health Clinic and Cancer Detection Units|||2210-01-200-0-09|HOA Total :|V|Total|Detailed-Head|0.00|44.90|44.90|0.00|100.0
106|02|22|2210|Medical and Public Health|01|Urban Health Services-Allopathy|200|Other Health Schemes|0||10|Grants from Karnataka State Road Safety Fund|||2210-01-200-0-10|Grants from Karnataka State Road Safety Fund|V|Header|Detailed-Head|||||100.0
106|02|22|2210|Medical and Public Health|01|Urban Health Services-Allopathy|200|Other Health Schemes|0||10|Grants from Karnataka State Road Safety Fund|051|General Expenses|2210-01-200-0-10|General Expenses|V|Data|Object-Head|1995.12||||100.0
106|02|22|2210|Medical and Public Health|01|Urban Health Services-Allopathy|200|Other Health Schemes|0||10|Grants from Karnataka State Road Safety Fund|||2210-01-200-0-10|HOA Total :|V|Total|Detailed-Head|1995.12|0.00|0.00|0.00|100.0
106|02|22|2210|Medical and Public Health|01|Urban Health Services-Allopathy|200|Other Health Schemes|0||11|Shuchi Yojane|||2210-01-200-0-11|Shuchi Yojane|V|Header|Detailed-Head|||||100.0
106|02|22|2210|Medical and Public Health|01|Urban Health Services-Allopathy|200|Other Health Schemes|0||11|Shuchi Yojane|059|Other Expenses|2210-01-200-0-11|Other Expenses|V|Data|Object-Head||1300.00|1300.00|1300.00|100.0
106|02|22|2210|Medical and Public Health|01|Urban Health Services-Allopathy|200|Other Health Schemes|0||11|Shuchi Yojane|422|Schedule Caste Sub Plan|2210-01-200-0-11|Schedule Caste Sub Plan|V|Data|Object-Head||500.00|500.00|500.00|100.0
106|02|22|2210|Medical and Public Health|01|Urban Health Services-Allopathy|200|Other Health Schemes|0||11|Shuchi Yojane|423|Tribal Sub Plan|2210-01-200-0-11|Tribal Sub Plan|V|Data|Object-Head||200.00|200.00|200.00|100.0
106|02|22|2210|Medical and Public Health|01|Urban Health Services-Allopathy|200|Other Health Schemes|0||11|Shuchi Yojane|||2210-01-200-0-11|HOA Total :|V|Total|Detailed-Head|0.00|2000.00|2000.00|2000.00|100.0
106|02|22|2210|Medical and Public Health|01|Urban Health Services-Allopathy|902|Deduct-Amount Met from Karnataka State Road Safety Fund|0||01|Deduct-Amount Met from Karnataka State Road Safety Fund|||2210-01-902-0-01|Deduct-Amount Met from Karnataka State Road Safety Fund|V|Header|Detailed-Head|||||100.0
106|02|22|2210|Medical and Public Health|01|Urban Health Services-Allopathy|902|Deduct-Amount Met from Karnataka State Road Safety Fund|0||01|Deduct-Amount Met from Karnataka State Road Safety Fund|261|Inter Account Transfers|2210-01-902-0-01|Inter Account Transfers|V|Data|Object-Head|-1995.12||||100.0
106|02|22|2210|Medical and Public Health|01|Urban Health Services-Allopathy|902|Deduct-Amount Met from Karnataka State Road Safety Fund|0||01|Deduct-Amount Met from Karnataka State Road Safety Fund|||2210-01-902-0-01|HOA Total :|V|Total|Detailed-Head|-1995.12|0.00|0.00|0.00|100.0
107|02|22|2210|Medical and Public Health|01|Urban Health Services-Allopathy|911|Deduct Recoveries of Overpayment of Previous Years|0||02|Deduct Recoveries of Overpayment of Previous Years|||2210-01-911-0-02|Deduct Recoveries of Overpayment of Previous Years|V|Header|Detailed-Head|||||100.0
107|02|22|2210|Medical and Public Health|01|Urban Health Services-Allopathy|911|Deduct Recoveries of Overpayment of Previous Years|0||02|Deduct Recoveries of Overpayment of Previous Years|364|Deduct - Recoveries|2210-01-911-0-02|Deduct - Recoveries|V|Data|Object-Head|-1.79||||100.0
107|02|22|2210|Medical and Public Health|01|Urban Health Services-Allopathy|911|Deduct Recoveries of Overpayment of Previous Years|0||02|Deduct Recoveries of Overpayment of Previous Years|||2210-01-911-0-02|HOA Total :|V|Total|Detailed-Head|-1.79|0.00|0.00|0.00|100.0
107|02|22|2210|Medical and Public Health|02|Urban Health Services-Other systems of medicine|101|Ayurveda|1||03|Maintenance of AYUSH Offices, Colleges and Hospitals, Health, IEC and Training|||2210-02-101-1-03|Maintenance of AYUSH Offices, Colleges and Hospitals, Health, IEC and Training|V|Header|Detailed-Head|||||100.0
107|02|22|2210|Medical and Public Health|02|Urban Health Services-Other systems of medicine|101|Ayurveda|1||03|Maintenance of AYUSH Offices, Colleges and Hospitals, Health, IEC and Training|002|Basic Pay|2210-02-101-1-03|Basic Pay|V|Data|Object-Head|4253.84|7636.00|7636.00|7049.00|100.0
107|02|22|2210|Medical and Public Health|02|Urban Health Services-Other systems of medicine|101|Ayurveda|1||03|Maintenance of AYUSH Offices, Colleges and Hospitals, Health, IEC and Training|003|Basic Pay-Staff|2210-02-101-1-03|Basic Pay-Staff|V|Data|Object-Head|2256.91||||100.0
107|02|22|2210|Medical and Public Health|02|Urban Health Services-Other systems of medicine|101|Ayurveda|1||03|Maintenance of AYUSH Offices, Colleges and Hospitals, Health, IEC and Training|004|Interim Relief|2210-02-101-1-03|Interim Relief|V|Data|Object-Head|307.74||||100.0
107|02|22|2210|Medical and Public Health|02|Urban Health Services-Other systems of medicine|101|Ayurveda|1||03|Maintenance of AYUSH Offices, Colleges and Hospitals, Health, IEC and Training|011|Dearness Allowance|2210-02-101-1-03|Dearness Allowance|V|Data|Object-Head|2257.37|2701.00|2701.00|2782.00|100.0
107|02|22|2210|Medical and Public Health|02|Urban Health Services-Other systems of medicine|101|Ayurveda|1||03|Maintenance of AYUSH Offices, Colleges and Hospitals, Health, IEC and Training|014|Other Allowance|2210-02-101-1-03|Other Allowance|V|Data|Object-Head|1705.62|1861.00|1861.00|1644.00|100.0
107|02|22|2210|Medical and Public Health|02|Urban Health Services-Other systems of medicine|101|Ayurveda|1||03|Maintenance of AYUSH Offices, Colleges and Hospitals, Health, IEC and Training|020|Medical Allowance|2210-02-101-1-03|Medical Allowance|V|Data|Object-Head|16.42||||100.0
107|02|22|2210|Medical and Public Health|02|Urban Health Services-Other systems of medicine|101|Ayurveda|1||03|Maintenance of AYUSH Offices, Colleges and Hospitals, Health, IEC and Training|021|Reimbursement of Medical Expenses|2210-02-101-1-03|Reimbursement of Medical Expenses|V|Data|Object-Head|20.88|51.00|51.00|46.00|100.0
107|02|22|2210|Medical and Public Health|02|Urban Health Services-Other systems of medicine|101|Ayurveda|1||03|Maintenance of AYUSH Offices, Colleges and Hospitals, Health, IEC and Training|034|Contract/Outsource|2210-02-101-1-03|Contract/Outsource|V|Data|Object-Head|1818.98|2085.14|2085.14|2122.45|100.0
107|02|22|2210|Medical and Public Health|02|Urban Health Services-Other systems of medicine|101|Ayurveda|1||03|Maintenance of AYUSH Offices, Colleges and Hospitals, Health, IEC and Training|041|Travel Expenses|2210-02-101-1-03|Travel Expenses|V|Data|Object-Head|17.43|20.00|20.00|20.00|100.0
107|02|22|2210|Medical and Public Health|02|Urban Health Services-Other systems of medicine|101|Ayurveda|1||03|Maintenance of AYUSH Offices, Colleges and Hospitals, Health, IEC and Training|050|Office Expenses|2210-02-101-1-03|Office Expenses|V|Data|Object-Head||300.00|300.00|500.00|100.0
107|02|22|2210|Medical and Public Health|02|Urban Health Services-Other systems of medicine|101|Ayurveda|1||03|Maintenance of AYUSH Offices, Colleges and Hospitals, Health, IEC and Training|051|General Expenses|2210-02-101-1-03|General Expenses|V|Data|Object-Head|682.93|611.00|611.00|400.00|100.0
107|02|22|2210|Medical and Public Health|02|Urban Health Services-Other systems of medicine|101|Ayurveda|1||03|Maintenance of AYUSH Offices, Colleges and Hospitals, Health, IEC and Training|052|Telephone Charges|2210-02-101-1-03|Telephone Charges|V|Data|Object-Head|11.87||||100.0
107|02|22|2210|Medical and Public Health|02|Urban Health Services-Other systems of medicine|101|Ayurveda|1||03|Maintenance of AYUSH Offices, Colleges and Hospitals, Health, IEC and Training|053|Purchase of Furniture and Fixture for Office|2210-02-101-1-03|Purchase of Furniture and Fixture for Office|V|Data|Object-Head|134.07||||100.0
107|02|22|2210|Medical and Public Health|02|Urban Health Services-Other systems of medicine|101|Ayurveda|1||03|Maintenance of AYUSH Offices, Colleges and Hospitals, Health, IEC and Training|071|Building Expenses|2210-02-101-1-03|Building Expenses|V|Data|Object-Head|240.35|224.00|224.00|224.00|100.0
107|02|22|2210|Medical and Public Health|02|Urban Health Services-Other systems of medicine|101|Ayurveda|1||03|Maintenance of AYUSH Offices, Colleges and Hospitals, Health, IEC and Training|101|Grants-in-Aid-Salaries|2210-02-101-1-03|Grants-in-Aid-Salaries|V|Data|Object-Head|1175.28|1296.50|1296.50|1460.37|100.0
107|02|22|2210|Medical and Public Health|02|Urban Health Services-Other systems of medicine|101|Ayurveda|1||03|Maintenance of AYUSH Offices, Colleges and Hospitals, Health, IEC and Training|117|Scholarships & Incentives|2210-02-101-1-03|Scholarships & Incentives|V|Data|Object-Head|2540.76|3100.00|3100.00|3000.00|100.0
107|02|22|2210|Medical and Public Health|02|Urban Health Services-Other systems of medicine|101|Ayurveda|1||03|Maintenance of AYUSH Offices, Colleges and Hospitals, Health, IEC and Training|180|Machinery and Equipments|2210-02-101-1-03|Machinery and Equipments|V|Data|Object-Head|109.82||||100.0
108|02|22|2210|Medical and Public Health|02|Urban Health Services-Other systems of medicine|101|Ayurveda|1|Maintenance of AYUSH Offices, Colleges and Hospitals, Health, IEC and Training|03|Maintenance of AYUSH Offices, Colleges and Hospitals, Health, IEC and Training|195|Transport Expenses|2210-02-101-1-03|Transport Expenses|V|Data|Object-Head|124.46|159.28|159.28|75.84|100.0
108|02|22|2210|Medical and Public Health|02|Urban Health Services-Other systems of medicine|101|Ayurveda|1|Maintenance of AYUSH Offices, Colleges and Hospitals, Health, IEC and Training|03|Maintenance of AYUSH Offices, Colleges and Hospitals, Health, IEC and Training|200|Maintenance Expenditure|2210-02-101-1-03|Maintenance Expenditure|V|Data|Object-Head|309.80|300.00|300.00|300.00|100.0
108|02|22|2210|Medical and Public Health|02|Urban Health Services-Other systems of medicine|101|Ayurveda|1|Maintenance of AYUSH Offices, Colleges and Hospitals, Health, IEC and Training|03|Maintenance of AYUSH Offices, Colleges and Hospitals, Health, IEC and Training|221|Materials and Supplies|2210-02-101-1-03|Materials and Supplies|V|Data|Object-Head|84.87|792.00|792.00|800.00|100.0
108|02|22|2210|Medical and Public Health|02|Urban Health Services-Other systems of medicine|101|Ayurveda|1|Maintenance of AYUSH Offices, Colleges and Hospitals, Health, IEC and Training|03|Maintenance of AYUSH Offices, Colleges and Hospitals, Health, IEC and Training|222|Drugs and Chemicals|2210-02-101-1-03|Drugs and Chemicals|V|Data|Object-Head|302.63||||100.0
108|02|22|2210|Medical and Public Health|02|Urban Health Services-Other systems of medicine|101|Ayurveda|1|Maintenance of AYUSH Offices, Colleges and Hospitals, Health, IEC and Training|03|Maintenance of AYUSH Offices, Colleges and Hospitals, Health, IEC and Training|230|Hospital Accessaries|2210-02-101-1-03|Hospital Accessaries|V|Data|Object-Head|56.34||||100.0
108|02|22|2210|Medical and Public Health|02|Urban Health Services-Other systems of medicine|101|Ayurveda|1|Maintenance of AYUSH Offices, Colleges and Hospitals, Health, IEC and Training|03|Maintenance of AYUSH Offices, Colleges and Hospitals, Health, IEC and Training|234|Diet Expenses|2210-02-101-1-03|Diet Expenses|V|Data|Object-Head|88.74|104.00|104.00|120.00|100.0
108|02|22|2210|Medical and Public Health|02|Urban Health Services-Other systems of medicine|101|Ayurveda|1|Maintenance of AYUSH Offices, Colleges and Hospitals, Health, IEC and Training|03|Maintenance of AYUSH Offices, Colleges and Hospitals, Health, IEC and Training|251|Pension & Retirement Benefits|2210-02-101-1-03|Pension & Retirement Benefits|V|Data|Object-Head|10.78|4.32|4.32|3.36|100.0
108|02|22|2210|Medical and Public Health|02|Urban Health Services-Other systems of medicine|101|Ayurveda|1|Maintenance of AYUSH Offices, Colleges and Hospitals, Health, IEC and Training|03|Maintenance of AYUSH Offices, Colleges and Hospitals, Health, IEC and Training|422|Schedule Caste Sub Plan|2210-02-101-1-03|Schedule Caste Sub Plan|V|Data|Object-Head|336.59|370.00|370.00|370.00|100.0
108|02|22|2210|Medical and Public Health|02|Urban Health Services-Other systems of medicine|101|Ayurveda|1|Maintenance of AYUSH Offices, Colleges and Hospitals, Health, IEC and Training|03|Maintenance of AYUSH Offices, Colleges and Hospitals, Health, IEC and Training|423|Tribal Sub Plan|2210-02-101-1-03|Tribal Sub Plan|V|Data|Object-Head|150.47|174.00|174.00|174.00|100.0
108|02|22|2210|Medical and Public Health|02|Urban Health Services-Other systems of medicine|101|Ayurveda|1||03||||2210-02-101-1-03|HOA Total :|V|Total|Detailed-Head|19014.95|21789.24|21789.24|21091.02|100.0
108|02|22|2210|Medical and Public Health|02|Urban Health Services-Other systems of medicine|911|Deduct Recoveries of Overpayment of Previous Years|0||01|Deduct Recovery of Over Payments of Current Year|||2210-02-911-0-01|Deduct Recovery of Over Payments of Current Year|V|Header|Detailed-Head|||||100.0
108|02|22|2210|Medical and Public Health|02|Urban Health Services-Other systems of medicine|911|Deduct Recoveries of Overpayment of Previous Years|0||01|Deduct Recovery of Over Payments of Current Year|364|Deduct - Recoveries|2210-02-911-0-01|Deduct - Recoveries|V|Data|Object-Head|-2.93||||100.0
108|02|22|2210|Medical and Public Health|02|Urban Health Services-Other systems of medicine|911|Deduct Recoveries of Overpayment of Previous Years|0||01||||2210-02-911-0-01|HOA Total :|V|Total|Detailed-Head|-2.93|0.00|0.00|0.00|100.0
108|02|22|2210|Medical and Public Health|03|Medical Education, Training and Research|110|Hospitals and Dispensaries|0||08|Public Private Partnership Programme|||2210-03-110-0-08|Public Private Partnership Programme|V|Header|Detailed-Head|||||100.0
108|02|22|2210|Medical and Public Health|03|Medical Education, Training and Research|110|Hospitals and Dispensaries|0||08|Public Private Partnership Programme|059|Other Expenses|2210-03-110-0-08|Other Expenses|V|Data|Object-Head|2892.00|3533.28|3533.28|3152.00|100.0
108|02|22|2210|Medical and Public Health|03|Medical Education, Training and Research|110|Hospitals and Dispensaries|0||08|Public Private Partnership Programme|422|Schedule Caste Sub Plan|2210-03-110-0-08|Schedule Caste Sub Plan|V|Data|Object-Head|92.77|113.34|113.34|101.00|100.0
108|02|22|2210|Medical and Public Health|03|Medical Education, Training and Research|110|Hospitals and Dispensaries|0||08|Public Private Partnership Programme|423|Tribal Sub Plan|2210-03-110-0-08|Tribal Sub Plan|V|Data|Object-Head|43.70|53.38|53.38|47.00|100.0
108|02|22|2210|Medical and Public Health|03|Medical Education, Training and Research|110|Hospitals and Dispensaries|0||08||||2210-03-110-0-08|HOA Total :|V|Total|Detailed-Head|3028.47|3700.00|3700.00|3300.00|100.0
108|02|22|2210|Medical and Public Health|03|Medical Education, Training and Research|796|Tribal Area Sub-Plan|0||04|CSS-Central Share-PM-JANMAN (Health)|||2210-03-796-0-04|CSS-Central Share-PM-JANMAN (Health)|V|Header|Detailed-Head|||||100.0
108|02|22|2210|Medical and Public Health|03|Medical Education, Training and Research|796|Tribal Area Sub-Plan|0||04|CSS-Central Share-PM-JANMAN (Health)|423|Tribal Sub Plan|2210-03-796-0-04|Tribal Sub Plan|V|Data|Object-Head|||271.00|1.00|100.0
108|02|22|2210|Medical and Public Health|03|Medical Education, Training and Research|796|Tribal Area Sub-Plan|0||04||||2210-03-796-0-04|HOA Total :|V|Total|Detailed-Head|0.00|0.00|271.00|1.00|100.0
109|02|22|2210|Medical and Public Health|03|Medical Education, Training and Research|796|Tribal Area Sub-Plan|0||05|CSS-State Share-PM-JANMAN (Health)|||2210-03-796-0-05|CSS-State Share-PM-JANMAN (Health)|V|Header|Detailed-Head|||||100.0
109|02|22|2210|Medical and Public Health|03|Medical Education, Training and Research|796|Tribal Area Sub-Plan|0||05|CSS-State Share-PM-JANMAN (Health)|423|Tribal Sub Plan|2210-03-796-0-05|Tribal Sub Plan|V|Data|Object-Head|||180.67|1.00|100.0
109|02|22|2210|Medical and Public Health|03|Medical Education, Training and Research|796|Tribal Area Sub-Plan|0||05||||2210-03-796-0-05|HOA Total :|V|Total|Detailed-Head|0.00|0.00|180.67|1.00|100.0
109|02|22|2210|Medical and Public Health|03|Medical Education, Training and Research|796|Tribal Area Sub-Plan|0||06|CSS-Central Share-Darti Aaba Janajatiya Grama Utkarsha Abiyan (DAJGUA) under NHM|||2210-03-796-0-06|CSS-Central Share-Darti Aaba Janajatiya Grama Utkarsha Abiyan (DAJGUA) under NHM|V|Header|Detailed-Head|||||100.0
109|02|22|2210|Medical and Public Health|03|Medical Education, Training and Research|796|Tribal Area Sub-Plan|0||06|CSS-Central Share-Darti Aaba Janajatiya Grama Utkarsha Abiyan (DAJGUA) under NHM|423|Tribal Sub Plan|2210-03-796-0-06|Tribal Sub Plan|V|Data|Object-Head|||1114.00|1.00|100.0
109|02|22|2210|Medical and Public Health|03|Medical Education, Training and Research|796|Tribal Area Sub-Plan|0||06||||2210-03-796-0-06|HOA Total :|V|Total|Detailed-Head|0.00|0.00|1114.00|1.00|100.0
109|02|22|2210|Medical and Public Health|03|Medical Education, Training and Research|796|Tribal Area Sub-Plan|0||07|CSS-State Share-Darti Aaba Janajatiya Grama Utkarsha Abiyan (DAJGUA) under NHM|||2210-03-796-0-07|CSS-State Share-Darti Aaba Janajatiya Grama Utkarsha Abiyan (DAJGUA) under NHM|V|Header|Detailed-Head|||||100.0
109|02|22|2210|Medical and Public Health|03|Medical Education, Training and Research|796|Tribal Area Sub-Plan|0||07|CSS-State Share-Darti Aaba Janajatiya Grama Utkarsha Abiyan (DAJGUA) under NHM|423|Tribal Sub Plan|2210-03-796-0-07|Tribal Sub Plan|V|Data|Object-Head|||742.67|1.00|100.0
109|02|22|2210|Medical and Public Health|03|Medical Education, Training and Research|796|Tribal Area Sub-Plan|0||07||||2210-03-796-0-07|HOA Total :|V|Total|Detailed-Head|0.00|0.00|742.67|1.00|100.0
109|02|22|2210|Medical and Public Health|03|Medical Education, Training and Research|800|Other Expenditure|0||18|CSS-Central Share-National Health Program|||2210-03-800-0-18|CSS-Central Share-National Health Program|V|Header|Detailed-Head|||||100.0
109|02|22|2210|Medical and Public Health|03|Medical Education, Training and Research|800|Other Expenditure|0||18|CSS-Central Share-National Health Program|059|Other Expenses|2210-03-800-0-18|Other Expenses|V|Data|Object-Head|57151.76|47920.00|47920.00|55920.00|100.0
109|02|22|2210|Medical and Public Health|03|Medical Education, Training and Research|800|Other Expenditure|0||18|CSS-Central Share-National Health Program|133|Regional Imbalance Redressal Program|2210-03-800-0-18|Regional Imbalance Redressal Program|V|Data|Object-Head|7869.99|8000.00|8000.00||100.0
109|02|22|2210|Medical and Public Health|03|Medical Education, Training and Research|800|Other Expenditure|0||18|CSS-Central Share-National Health Program|422|Schedule Caste Sub Plan|2210-03-800-0-18|Schedule Caste Sub Plan|V|Data|Object-Head|16249.75|17080.00|17080.00|17080.00|100.0
109|02|22|2210|Medical and Public Health|03|Medical Education, Training and Research|800|Other Expenditure|0||18|CSS-Central Share-National Health Program|423|Tribal Sub Plan|2210-03-800-0-18|Tribal Sub Plan|V|Data|Object-Head|6666.50|7000.00|7000.00|7000.00|100.0
109|02|22|2210|Medical and Public Health|03|Medical Education, Training and Research|800|Other Expenditure|0||18||||2210-03-800-0-18|HOA Total :|V|Total|Detailed-Head|87938.00|80000.00|80000.00|80000.00|100.0
110|02|22|2210|Medical and Public Health|03|Medical Education, Training and Research|800|Other Expenditure|0||20|CSS-State Share-National Health Program|||2210-03-800-0-20|CSS-State Share-National Health Program|V|Header|Detailed-Head|||||100.0
110|02|22|2210|Medical and Public Health|03|Medical Education, Training and Research|800|Other Expenditure|0||20|CSS-State Share-National Health Program|059|Other Expenses|2210-03-800-0-20|Other Expenses|V|Data|Object-Head|53659.23|45525.00|45525.00|37279.76|100.0
110|02|22|2210|Medical and Public Health|03|Medical Education, Training and Research|800|Other Expenditure|0||20|CSS-State Share-National Health Program|133|Regional Imbalance Redressal Program|2210-03-800-0-20|Regional Imbalance Redressal Program|V|Data|Object-Head|7855.30|7600.00|7600.00||100.0
110|02|22|2210|Medical and Public Health|03|Medical Education, Training and Research|800|Other Expenditure|0||20|CSS-State Share-National Health Program|422|Schedule Caste Sub Plan|2210-03-800-0-20|Schedule Caste Sub Plan|V|Data|Object-Head|14991.62|16225.00|16225.00|11386.60|100.0
110|02|22|2210|Medical and Public Health|03|Medical Education, Training and Research|800|Other Expenditure|0||20|CSS-State Share-National Health Program|423|Tribal Sub Plan|2210-03-800-0-20|Tribal Sub Plan|V|Data|Object-Head|8473.46|6650.00|6650.00|4666.64|100.0
110|02|22|2210|Medical and Public Health|03|Medical Education, Training and Research|800|Other Expenditure|0||20||||2210-03-800-0-20|HOA Total :|V|Total|Detailed-Head|84979.61|76000.00|76000.00|53333.00|100.0
110|02|22|2210|Medical and Public Health|03|Medical Education, Training and Research|800|Other Expenditure|0||22|CSS-State Share National Health Mission(NHM)-In kind and IM grants.|||2210-03-800-0-22|CSS-State Share National Health Mission(NHM)-In kind and IM grants.|V|Header|Detailed-Head|||||100.0
110|02|22|2210|Medical and Public Health|03|Medical Education, Training and Research|800|Other Expenditure|0||22|CSS-State Share National Health Mission(NHM)-In kind and IM grants.|059|Other Expenses|2210-03-800-0-22|Other Expenses|V|Data|Object-Head||||18987.50|100.0
110|02|22|2210|Medical and Public Health|03|Medical Education, Training and Research|800|Other Expenditure|0||22|CSS-State Share National Health Mission(NHM)-In kind and IM grants.|422|Schedule Caste Sub Plan|2210-03-800-0-22|Schedule Caste Sub Plan|V|Data|Object-Head||||4275.00|100.0
110|02|22|2210|Medical and Public Health|03|Medical Education, Training and Research|800|Other Expenditure|0||22|CSS-State Share National Health Mission(NHM)-In kind and IM grants.|423|Tribal Sub Plan|2210-03-800-0-22|Tribal Sub Plan|V|Data|Object-Head||||1737.50|100.0
110|02|22|2210|Medical and Public Health|03|Medical Education, Training and Research|800|Other Expenditure|0||22||||2210-03-800-0-22|HOA Total :|V|Total|Detailed-Head|0.00|0.00|0.00|25000.00|100.0
110|02|22|2210|Medical and Public Health|05||101||3||01|AYUSH - Drugs manufacturing Institutions and Drug Testing Laboratories|||2210-05-101-3-01|AYUSH - Drugs manufacturing Institutions and Drug Testing Laboratories|V|Header|Detailed-Head|||||100.0
110|02|22|2210|Medical and Public Health|05||101||3||01|AYUSH - Drugs manufacturing Institutions and Drug Testing Laboratories|002|Basic Pay|2210-05-101-3-01|Basic Pay|V|Data|Object-Head|137.49|254.00|254.00|249.00|100.0
110|02|22|2210|Medical and Public Health|05||101||3||01|AYUSH - Drugs manufacturing Institutions and Drug Testing Laboratories|003|Basic Pay-Staff|2210-05-101-3-01|Basic Pay-Staff|V|Data|Object-Head|38.85||||100.0
110|02|22|2210|Medical and Public Health|05||101||3||01|AYUSH - Drugs manufacturing Institutions and Drug Testing Laboratories|004|Interim Relief|2210-05-101-3-01|Interim Relief|V|Data|Object-Head|16.15||||100.0
110|02|22|2210|Medical and Public Health|05||101||3||01|AYUSH - Drugs manufacturing Institutions and Drug Testing Laboratories|011|Dearness Allowance|2210-05-101-3-01|Dearness Allowance|V|Data|Object-Head|50.66|56.00|56.00|63.00|100.0
110|02|22|2210|Medical and Public Health|05||101||3||01|AYUSH - Drugs manufacturing Institutions and Drug Testing Laboratories|014|Other Allowance|2210-05-101-3-01|Other Allowance|V|Data|Object-Head|85.37|103.00|103.00|93.00|100.0
110|02|22|2210|Medical and Public Health|05||101||3||01|AYUSH - Drugs manufacturing Institutions and Drug Testing Laboratories|020|Medical Allowance|2210-05-101-3-01|Medical Allowance|V|Data|Object-Head|0.37||||100.0
110|02|22|2210|Medical and Public Health|05||101||3||01|AYUSH - Drugs manufacturing Institutions and Drug Testing Laboratories|021|Reimbursement of Medical Expenses|2210-05-101-3-01|Reimbursement of Medical Expenses|V|Data|Object-Head|0.31|12.00|12.00|12.00|100.0
110|02|22|2210|Medical and Public Health|05||101||3||01|AYUSH - Drugs manufacturing Institutions and Drug Testing Laboratories|034|Contract/Outsource|2210-05-101-3-01|Contract/Outsource|V|Data|Object-Head|50.33|56.79|56.79|59.27|100.0
110|02|22|2210|Medical and Public Health|05||101||3||01|AYUSH - Drugs manufacturing Institutions and Drug Testing Laboratories|041|Travel Expenses|2210-05-101-3-01|Travel Expenses|V|Data|Object-Head|0.26|1.00|1.00|1.00|100.0
110|02|22|2210|Medical and Public Health|05||101||3||01|AYUSH - Drugs manufacturing Institutions and Drug Testing Laboratories|050|Office Expenses|2210-05-101-3-01|Office Expenses|V|Data|Object-Head||7.00|7.00|7.00|100.0
111|02|22|2210|Medical and Public Health|05||101||3||01|AYUSH - Drugs manufacturing Institutions and Drug Testing Laboratories|051|General Expenses|2210-05-101-3-01|General Expenses|V|Data|Object-Head|4.80||||100.0
111|02|22|2210|Medical and Public Health|05||101||3||01|AYUSH - Drugs manufacturing Institutions and Drug Testing Laboratories|052|Telephone Charges|2210-05-101-3-01|Telephone Charges|V|Data|Object-Head|0.31||||100.0
111|02|22|2210|Medical and Public Health|05||101||3||01|AYUSH - Drugs manufacturing Institutions and Drug Testing Laboratories|071|Building Expenses|2210-05-101-3-01|Building Expenses|V|Data|Object-Head|9.93|12.00|12.00|13.00|100.0
111|02|22|2210|Medical and Public Health|05||101||3||01|AYUSH - Drugs manufacturing Institutions and Drug Testing Laboratories|180|Machinery and Equipments|2210-05-101-3-01|Machinery and Equipments|V|Data|Object-Head|1.61||||100.0
111|02|22|2210|Medical and Public Health|05||101||3||01|AYUSH - Drugs manufacturing Institutions and Drug Testing Laboratories|195|Transport Expenses|2210-05-101-3-01|Transport Expenses|V|Data|Object-Head|3.93|5.66|5.66|1.92|100.0
111|02|22|2210|Medical and Public Health|05||101||3||01|AYUSH - Drugs manufacturing Institutions and Drug Testing Laboratories|200|Maintenance Expenditure|2210-05-101-3-01|Maintenance Expenditure|V|Data|Object-Head|1.15|2.00|2.00|2.00|100.0
111|02|22|2210|Medical and Public Health|05||101||3||01|AYUSH - Drugs manufacturing Institutions and Drug Testing Laboratories|221|Materials and Supplies|2210-05-101-3-01|Materials and Supplies|V|Data|Object-Head|8.76|23.00|23.00|20.00|100.0
111|02|22|2210|Medical and Public Health|05||101||3||01|AYUSH - Drugs manufacturing Institutions and Drug Testing Laboratories|222|Drugs and Chemicals|2210-05-101-3-01|Drugs and Chemicals|V|Data|Object-Head|33.01||||100.0
111|02|22|2210|Medical and Public Health|05||101||3||01|AYUSH - Drugs manufacturing Institutions and Drug Testing Laboratories|||2210-05-101-3-01|HOA Total :|V|Total|Detailed-Head|443.29|532.45|532.45|521.19|100.0
111|02|22|2210|Medical and Public Health|05||101||6||00|AYUSH - Cultivation of Medicinal Plants and Karnataka State Medicinal Plants Authority|||2210-05-101-6-00|AYUSH - Cultivation of Medicinal Plants and Karnataka State Medicinal Plants Authority|V|Header|Detailed-Head|||||100.0
111|02|22|2210|Medical and Public Health|05||101||6||00|AYUSH - Cultivation of Medicinal Plants and Karnataka State Medicinal Plants Authority|002|Basic Pay|2210-05-101-6-00|Basic Pay|V|Data|Object-Head|0.80|6.00|6.00|17.00|100.0
111|02|22|2210|Medical and Public Health|05||101||6||00|AYUSH - Cultivation of Medicinal Plants and Karnataka State Medicinal Plants Authority|003|Basic Pay-Staff|2210-05-101-6-00|Basic Pay-Staff|V|Data|Object-Head|3.98||||100.0
111|02|22|2210|Medical and Public Health|05||101||6||00|AYUSH - Cultivation of Medicinal Plants and Karnataka State Medicinal Plants Authority|004|Interim Relief|2210-05-101-6-00|Interim Relief|V|Data|Object-Head|0.21||||100.0
111|02|22|2210|Medical and Public Health|05||101||6||00|AYUSH - Cultivation of Medicinal Plants and Karnataka State Medicinal Plants Authority|011|Dearness Allowance|2210-05-101-6-00|Dearness Allowance|V|Data|Object-Head|0.92|2.00|2.00|4.00|100.0
111|02|22|2210|Medical and Public Health|05||101||6||00|AYUSH - Cultivation of Medicinal Plants and Karnataka State Medicinal Plants Authority|014|Other Allowance|2210-05-101-6-00|Other Allowance|V|Data|Object-Head|1.13|3.00|3.00|5.00|100.0
111|02|22|2210|Medical and Public Health|05||101||6||00|AYUSH - Cultivation of Medicinal Plants and Karnataka State Medicinal Plants Authority|020|Medical Allowance|2210-05-101-6-00|Medical Allowance|V|Data|Object-Head|0.04||||100.0
111|02|22|2210|Medical and Public Health|05||101||6||00|AYUSH - Cultivation of Medicinal Plants and Karnataka State Medicinal Plants Authority|021|Reimbursement of Medical Expenses|2210-05-101-6-00|Reimbursement of Medical Expenses|V|Data|Object-Head||3.00|3.00|3.00|100.0
111|02|22|2210|Medical and Public Health|05||101||6||00|AYUSH - Cultivation of Medicinal Plants and Karnataka State Medicinal Plants Authority|051|General Expenses|2210-05-101-6-00|General Expenses|V|Data|Object-Head|22.88|26.00|26.00|26.00|100.0
111|02|22|2210|Medical and Public Health|05||101||6||00|AYUSH - Cultivation of Medicinal Plants and Karnataka State Medicinal Plants Authority|101|Grants-in-Aid-Salaries|2210-05-101-6-00|Grants-in-Aid-Salaries|V|Data|Object-Head|41.37|63.17|63.17|65.43|100.0
111|02|22|2210|Medical and Public Health|05||101||6||00|AYUSH - Cultivation of Medicinal Plants and Karnataka State Medicinal Plants Authority|103|Grants-in-Aid -General|2210-05-101-6-00|Grants-in-Aid -General|V|Data|Object-Head|37.50|52.00|52.00|52.00|100.0
111|02|22|2210|Medical and Public Health|05||101||6||00|AYUSH - Cultivation of Medicinal Plants and Karnataka State Medicinal Plants Authority|115|GIA Contract /Outsource|2210-05-101-6-00|GIA Contract /Outsource|V|Data|Object-Head|24.09|5.74|5.74|5.94|100.0
111|02|22|2210|Medical and Public Health|05||101||6||00|AYUSH - Cultivation of Medicinal Plants and Karnataka State Medicinal Plants Authority|180|Machinery and Equipments|2210-05-101-6-00|Machinery and Equipments|V|Data|Object-Head|5.00||||100.0
111|02|22|2210|Medical and Public Health|05||101||6||00|AYUSH - Cultivation of Medicinal Plants and Karnataka State Medicinal Plants Authority|221|Materials and Supplies|2210-05-101-6-00|Materials and Supplies|V|Data|Object-Head||5.00|5.00|5.00|100.0
111|02|22|2210|Medical and Public Health|05||101||6||00||||2210-05-101-6-00|HOA Total :|V|Total|Detailed-Head|137.92|165.91|165.91|183.37|100.0
112|02|22|2210|Medical and Public Health|05||105||1||14|Government College of Pharmacy, Bangalore|||2210-05-105-1-14|Government College of Pharmacy, Bangalore|V|Header|Detailed-Head|||||100.0
112|02|22|2210|Medical and Public Health|05||105||1||14|Government College of Pharmacy, Bangalore|002|Basic Pay|2210-05-105-1-14|Basic Pay|V|Data|Object-Head|357.23|523.00|523.00|492.00|100.0
112|02|22|2210|Medical and Public Health|05||105||1||14|Government College of Pharmacy, Bangalore|003|Basic Pay-Staff|2210-05-105-1-14|Basic Pay-Staff|V|Data|Object-Head|113.73||||100.0
112|02|22|2210|Medical and Public Health|05||105||1||14|Government College of Pharmacy, Bangalore|004|Interim Relief|2210-05-105-1-14|Interim Relief|V|Data|Object-Head|7.35||||100.0
112|02|22|2210|Medical and Public Health|05||105||1||14|Government College of Pharmacy, Bangalore|011|Dearness Allowance|2210-05-105-1-14|Dearness Allowance|V|Data|Object-Head|204.89|261.00|261.00|269.00|100.0
112|02|22|2210|Medical and Public Health|05||105||1||14|Government College of Pharmacy, Bangalore|014|Other Allowance|2210-05-105-1-14|Other Allowance|V|Data|Object-Head|123.09|127.00|127.00|129.00|100.0
112|02|22|2210|Medical and Public Health|05||105||1||14|Government College of Pharmacy, Bangalore|015|Subsidiary Expenses|2210-05-105-1-14|Subsidiary Expenses|V|Data|Object-Head|199.98|200.00|600.00|250.00|100.0
112|02|22|2210|Medical and Public Health|05||105||1||14|Government College of Pharmacy, Bangalore|020|Medical Allowance|2210-05-105-1-14|Medical Allowance|V|Data|Object-Head|1.05||||100.0
112|02|22|2210|Medical and Public Health|05||105||1||14|Government College of Pharmacy, Bangalore|021|Reimbursement of Medical Expenses|2210-05-105-1-14|Reimbursement of Medical Expenses|V|Data|Object-Head|2.54|15.00|15.00|15.00|100.0
112|02|22|2210|Medical and Public Health|05||105||1||14|Government College of Pharmacy, Bangalore|041|Travel Expenses|2210-05-105-1-14|Travel Expenses|V|Data|Object-Head|0.34|2.00|2.00|2.00|100.0
112|02|22|2210|Medical and Public Health|05||105||1||14|Government College of Pharmacy, Bangalore|050|Office Expenses|2210-05-105-1-14|Office Expenses|V|Data|Object-Head||104.00|104.00|50.00|100.0
112|02|22|2210|Medical and Public Health|05||105||1||14|Government College of Pharmacy, Bangalore|051|General Expenses|2210-05-105-1-14|General Expenses|V|Data|Object-Head|96.91||||100.0
112|02|22|2210|Medical and Public Health|05||105||1||14|Government College of Pharmacy, Bangalore|052|Telephone Charges|2210-05-105-1-14|Telephone Charges|V|Data|Object-Head|1.27||||100.0
112|02|22|2210|Medical and Public Health|05||105||1||14|Government College of Pharmacy, Bangalore|071|Building Expenses|2210-05-105-1-14|Building Expenses|V|Data|Object-Head|8.88|22.00|22.00|22.00|100.0
112|02|22|2210|Medical and Public Health|05||105||1||14|Government College of Pharmacy, Bangalore|180|Machinery and Equipments|2210-05-105-1-14|Machinery and Equipments|V|Data|Object-Head|20.00||||100.0
112|02|22|2210|Medical and Public Health|05||105||1||14|Government College of Pharmacy, Bangalore|200|Maintenance Expenditure|2210-05-105-1-14|Maintenance Expenditure|V|Data|Object-Head|2.53|8.00|8.00|8.00|100.0
112|02|22|2210|Medical and Public Health|05||105||1||14|Government College of Pharmacy, Bangalore|221|Materials and Supplies|2210-05-105-1-14|Materials and Supplies|V|Data|Object-Head|18.86|38.00|38.00|40.00|100.0
112|02|22|2210|Medical and Public Health|05||105||1||14|Government College of Pharmacy, Bangalore|324|Honorarium|2210-05-105-1-14|Honorarium|V|Data|Object-Head|99.98|100.00|221.00|100.00|100.0
112|02|22|2210|Medical and Public Health|05||105||1||14|Government College of Pharmacy, Bangalore|||2210-05-105-1-14|HOA Total :|V|Total|Detailed-Head|1258.63|1400.00|1921.00|1377.00|100.0
112|02|22|2210|Medical and Public Health|05||200||0||11|CSS-State Share-National Ayush Mission|||2210-05-200-0-11|CSS-State Share-National Ayush Mission|V|Header|Detailed-Head|||||100.0
112|02|22|2210|Medical and Public Health|05||200||0||11|CSS-State Share-National Ayush Mission|103|Grants-in-Aid -General|2210-05-200-0-11|Grants-in-Aid -General|V|Data|Object-Head|3071.34|3036.00|2043.00|1961.00|100.0
112|02|22|2210|Medical and Public Health|05||200||0||11|CSS-State Share-National Ayush Mission|422|Schedule Caste Sub Plan|2210-05-200-0-11|Schedule Caste Sub Plan|V|Data|Object-Head|591.05|686.00|420.00|443.00|100.0
112|02|22|2210|Medical and Public Health|05||200||0||11|CSS-State Share-National Ayush Mission|423|Tribal Sub Plan|2210-05-200-0-11|Tribal Sub Plan|V|Data|Object-Head|382.46|278.00|157.00|179.00|100.0
112|02|22|2210|Medical and Public Health|05||200||0||11|CSS-State Share-National Ayush Mission|||2210-05-200-0-11|HOA Total :|V|Total|Detailed-Head|4044.85|4000.00|2620.00|2583.00|100.0
113|02|22|2210|Medical and Public Health|05||200||0||13|CSS-Central Share-National Ayush Mission|||2210-05-200-0-13|CSS-Central Share-National Ayush Mission|V|Header|Detailed-Head|||||100.0
113|02|22|2210|Medical and Public Health|05||200||0||13|CSS-Central Share-National Ayush Mission|103|Grants-in-Aid -General|2210-05-200-0-13|Grants-in-Aid -General|V|Data|Object-Head|4607.01|4554.00|3065.00|3019.00|100.0
113|02|22|2210|Medical and Public Health|05||200||0||13|CSS-Central Share-National Ayush Mission|422|Schedule Caste Sub Plan|2210-05-200-0-13|Schedule Caste Sub Plan|V|Data|Object-Head|886.57|1029.00|629.00|682.00|100.0
113|02|22|2210|Medical and Public Health|05||200||0||13|CSS-Central Share-National Ayush Mission|423|Tribal Sub Plan|2210-05-200-0-13|Tribal Sub Plan|V|Data|Object-Head|573.70|417.00|236.00|276.00|100.0
113|02|22|2210|Medical and Public Health|05||200||0||13|CSS-Central Share-National Ayush Mission|||2210-05-200-0-13|HOA Total :|V|Total|Detailed-Head|6067.28|6000.00|3930.00|3977.00|100.0
113|02|22|2210|Medical and Public Health|05||911||0||00|Deduct Recoveries of Over Payments|||2210-05-911-0-00|Deduct Recoveries of Over Payments|V|Header|Detailed-Head|||||100.0
113|02|22|2210|Medical and Public Health|05||911||0||00|Deduct Recoveries of Over Payments|364|Deduct - Recoveries|2210-05-911-0-00|Deduct - Recoveries|V|Data|Object-Head|-0.33||||100.0
113|02|22|2210|Medical and Public Health|05||911||0||00|Deduct Recoveries of Over Payments|||2210-05-911-0-00|HOA Total :|V|Total|Detailed-Head|-0.33|0.00|0.00|0.00|100.0
113|02|22|2210|Medical and Public Health|05||911||0||01|Deduct Recovery of Over Payments of Current Year|||2210-05-911-0-01|Deduct Recovery of Over Payments of Current Year|V|Header|Detailed-Head|||||100.0
113|02|22|2210|Medical and Public Health|05||911||0||01|Deduct Recovery of Over Payments of Current Year|364|Deduct - Recoveries|2210-05-911-0-01|Deduct - Recoveries|V|Data|Object-Head|-192.01||||100.0
113|02|22|2210|Medical and Public Health|05||911||0||01|Deduct Recovery of Over Payments of Current Year|||2210-05-911-0-01|HOA Total :|V|Total|Detailed-Head|-192.01|0.00|0.00|0.00|100.0
113|02|22|2210|Medical and Public Health|06||001||0||01|Directorate of Health & Family Welfare Services and Other Programs|||2210-06-001-0-01|Directorate of Health & Family Welfare Services and Other Programs|V|Header|Detailed-Head|||||100.0
113|02|22|2210|Medical and Public Health|06||001||0||01|Directorate of Health & Family Welfare Services and Other Programs|002|Basic Pay|2210-06-001-0-01|Basic Pay|V|Data|Object-Head|2381.66|12399.00|12399.00|11595.00|100.0
113|02|22|2210|Medical and Public Health|06||001||0||01|Directorate of Health & Family Welfare Services and Other Programs|003|Basic Pay-Staff|2210-06-001-0-01|Basic Pay-Staff|V|Data|Object-Head|7801.22||||100.0
113|02|22|2210|Medical and Public Health|06||001||0||01|Directorate of Health & Family Welfare Services and Other Programs|004|Interim Relief|2210-06-001-0-01|Interim Relief|V|Data|Object-Head|604.59||||100.0
113|02|22|2210|Medical and Public Health|06||001||0||01|Directorate of Health & Family Welfare Services and Other Programs|011|Dearness Allowance|2210-06-001-0-01|Dearness Allowance|V|Data|Object-Head|2301.13|2746.00|2746.00|2918.00|100.0
113|02|22|2210|Medical and Public Health|06||001||0||01|Directorate of Health & Family Welfare Services and Other Programs|014|Other Allowance|2210-06-001-0-01|Other Allowance|V|Data|Object-Head|2416.17|2824.00|2824.00|2569.00|100.0
113|02|22|2210|Medical and Public Health|06||001||0||01|Directorate of Health & Family Welfare Services and Other Programs|020|Medical Allowance|2210-06-001-0-01|Medical Allowance|V|Data|Object-Head|56.50||||100.0
113|02|22|2210|Medical and Public Health|06||001||0||01|Directorate of Health & Family Welfare Services and Other Programs|021|Reimbursement of Medical Expenses|2210-06-001-0-01|Reimbursement of Medical Expenses|V|Data|Object-Head|64.87|111.00|111.00|101.00|100.0
113|02|22|2210|Medical and Public Health|06||001||0||01|Directorate of Health & Family Welfare Services and Other Programs|034|Contract/Outsource|2210-06-001-0-01|Contract/Outsource|V|Data|Object-Head|176.38|292.37|292.37|308.18|100.0
113|02|22|2210|Medical and Public Health|06||001||0||01|Directorate of Health & Family Welfare Services and Other Programs|041|Travel Expenses|2210-06-001-0-01|Travel Expenses|V|Data|Object-Head|39.30|62.00|62.00|62.00|100.0
113|02|22|2210|Medical and Public Health|06||001||0||01|Directorate of Health & Family Welfare Services and Other Programs|050|Office Expenses|2210-06-001-0-01|Office Expenses|V|Data|Object-Head||500.00|500.00|500.00|100.0
113|02|22|2210|Medical and Public Health|06||001||0||01|Directorate of Health & Family Welfare Services and Other Programs|051|General Expenses|2210-06-001-0-01|General Expenses|V|Data|Object-Head|1317.05|500.00|500.00|400.00|100.0
114|02|22|2210|Medical and Public Health|06||001||0||01|Directorate of Health & Family Welfare Services and Other Programs|052|Telephone Charges|2210-06-001-0-01|Telephone Charges|V|Data|Object-Head|38.25||||100.0
114|02|22|2210|Medical and Public Health|06||001||0||01|Directorate of Health & Family Welfare Services and Other Programs|059|Other Expenses|2210-06-001-0-01|Other Expenses|V|Data|Object-Head|94.50|100.00|100.00|100.00|100.0
114|02|22|2210|Medical and Public Health|06||001||0||01|Directorate of Health & Family Welfare Services and Other Programs|071|Building Expenses|2210-06-001-0-01|Building Expenses|V|Data|Object-Head|26.93|50.00|50.00|50.00|100.0
114|02|22|2210|Medical and Public Health|06||001||0||01|Directorate of Health & Family Welfare Services and Other Programs|103|Grants-in-Aid -General|2210-06-001-0-01|Grants-in-Aid -General|V|Data|Object-Head|7.39|10.00|10.00|10.00|100.0
114|02|22|2210|Medical and Public Health|06||001||0||01|Directorate of Health & Family Welfare Services and Other Programs|195|Transport Expenses|2210-06-001-0-01|Transport Expenses|V|Data|Object-Head|212.98|250.00|250.00|231.75|100.0
114|02|22|2210|Medical and Public Health|06||001||0||01|Directorate of Health & Family Welfare Services and Other Programs|234|Diet Expenses|2210-06-001-0-01|Diet Expenses|V|Data|Object-Head|6.88|10.00|10.00|10.00|100.0
114|02|22|2210|Medical and Public Health|06||001||0||01|Directorate of Health & Family Welfare Services and Other Programs|||2210-06-001-0-01|HOA Total :|V|Total|Detailed-Head|17545.80|19854.37|19854.37|18854.93|100.0
114|02|22|2210|Medical and Public Health|06||101||7||14|Renumeration to Admin Staff under Integrated Diseases Surveilance Programme|||2210-06-101-7-14|Renumeration to Admin Staff under Integrated Diseases Surveilance Programme|V|Header|Detailed-Head|||||100.0
114|02|22|2210|Medical and Public Health|06||101||7||14|Renumeration to Admin Staff under Integrated Diseases Surveilance Programme|051|General Expenses|2210-06-101-7-14|General Expenses|V|Data|Object-Head|130.85|1.00|206.75|200.00|100.0
114|02|22|2210|Medical and Public Health|06||101||7||14|Renumeration to Admin Staff under Integrated Diseases Surveilance Programme|||2210-06-101-7-14|HOA Total :|V|Total|Detailed-Head|130.85|1.00|206.75|200.00|100.0
114|02|22|2210|Medical and Public Health|06||101||7||15|Karnataka State AIDS Prevention Society and Indian Red Cross Society|||2210-06-101-7-15|Karnataka State AIDS Prevention Society and Indian Red Cross Society|V|Header|Detailed-Head|||||100.0
114|02|22|2210|Medical and Public Health|06||101||7||15|Karnataka State AIDS Prevention Society and Indian Red Cross Society|015|Subsidiary Expenses|2210-06-101-7-15|Subsidiary Expenses|V|Data|Object-Head|0.75|13.00|13.00|24.00|100.0
114|02|22|2210|Medical and Public Health|06||101||7||15|Karnataka State AIDS Prevention Society and Indian Red Cross Society|100|Financial Assistance/Relief|2210-06-101-7-15|Financial Assistance/Relief|V|Data|Object-Head|0.75|5.00|5.00|100.00|100.0
114|02|22|2210|Medical and Public Health|06||101||7||15|Karnataka State AIDS Prevention Society and Indian Red Cross Society|103|Grants-in-Aid -General|2210-06-101-7-15|Grants-in-Aid -General|V|Data|Object-Head|0.75|200.00|200.00|200.00|100.0
114|02|22|2210|Medical and Public Health|06||101||7||15|Karnataka State AIDS Prevention Society and Indian Red Cross Society|||2210-06-101-7-15|HOA Total :|V|Total|Detailed-Head|2.25|218.00|218.00|324.00|100.0
114|02|22|2210|Medical and Public Health|06||101||7||19|To improve the health status of Endosulphan affected people|||2210-06-101-7-19|To improve the health status of Endosulphan affected people|V|Header|Detailed-Head|||||100.0
114|02|22|2210|Medical and Public Health|06||101||7||19|To improve the health status of Endosulphan affected people|059|Other Expenses|2210-06-101-7-19|Other Expenses|V|Data|Object-Head|437.03|438.00|438.00|600.00|100.0
114|02|22|2210|Medical and Public Health|06||101||7||19|To improve the health status of Endosulphan affected people|||2210-06-101-7-19|HOA Total :|V|Total|Detailed-Head|437.03|438.00|438.00|600.00|100.0
114|02|22|2210|Medical and Public Health|06||104||0||01|Drugs Controller|||2210-06-104-0-01|Drugs Controller|V|Header|Detailed-Head|||||100.0
114|02|22|2210|Medical and Public Health|06||104||0||01|Drugs Controller|002|Basic Pay|2210-06-104-0-01|Basic Pay|V|Data|Object-Head|1227.62|2319.00|2319.00|2354.00|100.0
114|02|22|2210|Medical and Public Health|06||104||0||01|Drugs Controller|003|Basic Pay-Staff|2210-06-104-0-01|Basic Pay-Staff|V|Data|Object-Head|596.73||||100.0
114|02|22|2210|Medical and Public Health|06||104||0||01|Drugs Controller|004|Interim Relief|2210-06-104-0-01|Interim Relief|V|Data|Object-Head|122.65||||100.0
115|02|22|2210|Medical and Public Health|06||104||0||01|Drugs Controller|011|Dearness Allowance|2210-06-104-0-01|Dearness Allowance|V|Data|Object-Head|437.18|510.00|510.00|589.00|100.0
115|02|22|2210|Medical and Public Health|06||104||0||01|Drugs Controller|014|Other Allowance|2210-06-104-0-01|Other Allowance|V|Data|Object-Head|339.86|397.00|397.00|395.00|100.0
115|02|22|2210|Medical and Public Health|06||104||0||01|Drugs Controller|020|Medical Allowance|2210-06-104-0-01|Medical Allowance|V|Data|Object-Head|4.91||||100.0
115|02|22|2210|Medical and Public Health|06||104||0||01|Drugs Controller|021|Reimbursement of Medical Expenses|2210-06-104-0-01|Reimbursement of Medical Expenses|V|Data|Object-Head|1.32|17.00|17.00|17.00|100.0
115|02|22|2210|Medical and Public Health|06||104||0||01|Drugs Controller|034|Contract/Outsource|2210-06-104-0-01|Contract/Outsource|V|Data|Object-Head||48.25|48.25|53.37|100.0
115|02|22|2210|Medical and Public Health|06||104||0||01|Drugs Controller|041|Travel Expenses|2210-06-104-0-01|Travel Expenses|V|Data|Object-Head|8.98|10.00|10.00|10.00|100.0
115|02|22|2210|Medical and Public Health|06||104||0||01|Drugs Controller|050|Office Expenses|2210-06-104-0-01|Office Expenses|V|Data|Object-Head||10.00|10.00|75.00|100.0
115|02|22|2210|Medical and Public Health|06||104||0||01|Drugs Controller|051|General Expenses|2210-06-104-0-01|General Expenses|V|Data|Object-Head|71.38|66.00|66.00|5.00|100.0
115|02|22|2210|Medical and Public Health|06||104||0||01|Drugs Controller|052|Telephone Charges|2210-06-104-0-01|Telephone Charges|V|Data|Object-Head|6.84||||100.0
115|02|22|2210|Medical and Public Health|06||104||0||01|Drugs Controller|071|Building Expenses|2210-06-104-0-01|Building Expenses|V|Data|Object-Head|63.96|83.00|83.00|85.00|100.0
115|02|22|2210|Medical and Public Health|06||104||0||01|Drugs Controller|195|Transport Expenses|2210-06-104-0-01|Transport Expenses|V|Data|Object-Head|124.46|170.56|170.56|169.02|100.0
115|02|22|2210|Medical and Public Health|06||104||0||01|Drugs Controller|221|Materials and Supplies|2210-06-104-0-01|Materials and Supplies|V|Data|Object-Head||70.00|70.00|70.00|100.0
115|02|22|2210|Medical and Public Health|06||104||0||01|Drugs Controller|230|Hospital Accessaries|2210-06-104-0-01|Hospital Accessaries|V|Data|Object-Head|69.31||||100.0
115|02|22|2210|Medical and Public Health|06||104||0||01|Drugs Controller|||2210-06-104-0-01|HOA Total :|V|Total|Detailed-Head|3075.20|3700.81|3700.81|3822.39|100.0
115|02|22|2210|Medical and Public Health|06||104||0||02|Drugs Testing Laboratory, Bangalore|||2210-06-104-0-02|Drugs Testing Laboratory, Bangalore|V|Header|Detailed-Head|||||100.0
115|02|22|2210|Medical and Public Health|06||104||0||02|Drugs Testing Laboratory, Bangalore|002|Basic Pay|2210-06-104-0-02|Basic Pay|V|Data|Object-Head|827.95|1430.00|1430.00|1441.00|100.0
115|02|22|2210|Medical and Public Health|06||104||0||02|Drugs Testing Laboratory, Bangalore|003|Basic Pay-Staff|2210-06-104-0-02|Basic Pay-Staff|V|Data|Object-Head|305.01||||100.0
115|02|22|2210|Medical and Public Health|06||104||0||02|Drugs Testing Laboratory, Bangalore|004|Interim Relief|2210-06-104-0-02|Interim Relief|V|Data|Object-Head|80.61||||100.0
115|02|22|2210|Medical and Public Health|06||104||0||02|Drugs Testing Laboratory, Bangalore|011|Dearness Allowance|2210-06-104-0-02|Dearness Allowance|V|Data|Object-Head|280.50|315.00|315.00|361.00|100.0
115|02|22|2210|Medical and Public Health|06||104||0||02|Drugs Testing Laboratory, Bangalore|014|Other Allowance|2210-06-104-0-02|Other Allowance|V|Data|Object-Head|193.72|232.00|232.00|220.00|100.0
115|02|22|2210|Medical and Public Health|06||104||0||02|Drugs Testing Laboratory, Bangalore|020|Medical Allowance|2210-06-104-0-02|Medical Allowance|V|Data|Object-Head|2.36||||100.0
115|02|22|2210|Medical and Public Health|06||104||0||02|Drugs Testing Laboratory, Bangalore|021|Reimbursement of Medical Expenses|2210-06-104-0-02|Reimbursement of Medical Expenses|V|Data|Object-Head|1.66|15.00|15.00|15.00|100.0
115|02|22|2210|Medical and Public Health|06||104||0||02|Drugs Testing Laboratory, Bangalore|041|Travel Expenses|2210-06-104-0-02|Travel Expenses|V|Data|Object-Head|11.45|20.00|20.00|20.00|100.0
115|02|22|2210|Medical and Public Health|06||104||0||02|Drugs Testing Laboratory, Bangalore|050|Office Expenses|2210-06-104-0-02|Office Expenses|V|Data|Object-Head||177.00|177.00|180.00|100.0
115|02|22|2210|Medical and Public Health|06||104||0||02|Drugs Testing Laboratory, Bangalore|051|General Expenses|2210-06-104-0-02|General Expenses|V|Data|Object-Head|156.40||||100.0
115|02|22|2210|Medical and Public Health|06||104||0||02|Drugs Testing Laboratory, Bangalore|052|Telephone Charges|2210-06-104-0-02|Telephone Charges|V|Data|Object-Head|2.33||||100.0
115|02|22|2210|Medical and Public Health|06||104||0||02|Drugs Testing Laboratory, Bangalore|053|Purchase of Furniture and Fixture for Office|2210-06-104-0-02|Purchase of Furniture and Fixture for Office|V|Data|Object-Head|0.56||||100.0
116|02|22|2210|Medical and Public Health|06||104||0||02|Drugs Testing Laboratory, Bangalore|071|Building Expenses|2210-06-104-0-02|Building Expenses|V|Data|Object-Head|64.85|104.00|104.00|100.00|100.0
116|02|22|2210|Medical and Public Health|06||104||0||02|Drugs Testing Laboratory, Bangalore|180|Machinery and Equipments|2210-06-104-0-02|Machinery and Equipments|V|Data|Object-Head|88.22||||100.0
116|02|22|2210|Medical and Public Health|06||104||0||02|Drugs Testing Laboratory, Bangalore|195|Transport Expenses|2210-06-104-0-02|Transport Expenses|V|Data|Object-Head||8.00|8.00|8.00|100.0
116|02|22|2210|Medical and Public Health|06||104||0||02|Drugs Testing Laboratory, Bangalore|200|Maintenance Expenditure|2210-06-104-0-02|Maintenance Expenditure|V|Data|Object-Head|69.14|78.00|78.00|78.00|100.0
116|02|22|2210|Medical and Public Health|06||104||0||02|Drugs Testing Laboratory, Bangalore|221|Materials and Supplies|2210-06-104-0-02|Materials and Supplies|V|Data|Object-Head|69.10|112.00|112.00|150.00|100.0
116|02|22|2210|Medical and Public Health|06||104||0||02|Drugs Testing Laboratory, Bangalore|||2210-06-104-0-02|HOA Total :|V|Total|Detailed-Head|2153.86|2491.00|2491.00|2573.00|100.0
116|02|22|2210|Medical and Public Health|06||107||0||01|Food Safety Programme and Public Health Institute|||2210-06-107-0-01|Food Safety Programme and Public Health Institute|V|Header|Detailed-Head|||||100.0
116|02|22|2210|Medical and Public Health|06||107||0||01|Food Safety Programme and Public Health Institute|002|Basic Pay|2210-06-107-0-01|Basic Pay|V|Data|Object-Head|614.40|1991.00|1991.00|1700.00|100.0
116|02|22|2210|Medical and Public Health|06||107||0||01|Food Safety Programme and Public Health Institute|003|Basic Pay-Staff|2210-06-107-0-01|Basic Pay-Staff|V|Data|Object-Head|1034.47||||100.0
116|02|22|2210|Medical and Public Health|06||107||0||01|Food Safety Programme and Public Health Institute|004|Interim Relief|2210-06-107-0-01|Interim Relief|V|Data|Object-Head|106.53||||100.0
116|02|22|2210|Medical and Public Health|06||107||0||01|Food Safety Programme and Public Health Institute|011|Dearness Allowance|2210-06-107-0-01|Dearness Allowance|V|Data|Object-Head|390.84|445.00|445.00|433.00|100.0
116|02|22|2210|Medical and Public Health|06||107||0||01|Food Safety Programme and Public Health Institute|014|Other Allowance|2210-06-107-0-01|Other Allowance|V|Data|Object-Head|351.83|415.00|415.00|327.00|100.0
116|02|22|2210|Medical and Public Health|06||107||0||01|Food Safety Programme and Public Health Institute|020|Medical Allowance|2210-06-107-0-01|Medical Allowance|V|Data|Object-Head|7.31||||100.0
116|02|22|2210|Medical and Public Health|06||107||0||01|Food Safety Programme and Public Health Institute|021|Reimbursement of Medical Expenses|2210-06-107-0-01|Reimbursement of Medical Expenses|V|Data|Object-Head|6.36|16.00|16.00|15.00|100.0
116|02|22|2210|Medical and Public Health|06||107||0||01|Food Safety Programme and Public Health Institute|034|Contract/Outsource|2210-06-107-0-01|Contract/Outsource|V|Data|Object-Head|243.30|297.54|297.54|310.51|100.0
116|02|22|2210|Medical and Public Health|06||107||0||01|Food Safety Programme and Public Health Institute|041|Travel Expenses|2210-06-107-0-01|Travel Expenses|V|Data|Object-Head|1.64|3.00|3.00|3.00|100.0
116|02|22|2210|Medical and Public Health|06||107||0||01|Food Safety Programme and Public Health Institute|050|Office Expenses|2210-06-107-0-01|Office Expenses|V|Data|Object-Head||5.00|5.00|5.00|100.0
116|02|22|2210|Medical and Public Health|06||107||0||01|Food Safety Programme and Public Health Institute|051|General Expenses|2210-06-107-0-01|General Expenses|V|Data|Object-Head|10.29|17.00|17.00|17.00|100.0
116|02|22|2210|Medical and Public Health|06||107||0||01|Food Safety Programme and Public Health Institute|052|Telephone Charges|2210-06-107-0-01|Telephone Charges|V|Data|Object-Head|2.06||||100.0
116|02|22|2210|Medical and Public Health|06||107||0||01|Food Safety Programme and Public Health Institute|071|Building Expenses|2210-06-107-0-01|Building Expenses|V|Data|Object-Head|78.21|40.00|40.00|50.00|100.0
116|02|22|2210|Medical and Public Health|06||107||0||01|Food Safety Programme and Public Health Institute|195|Transport Expenses|2210-06-107-0-01|Transport Expenses|V|Data|Object-Head|63.71|85.00|85.00|46.16|100.0
116|02|22|2210|Medical and Public Health|06||107||0||01|Food Safety Programme and Public Health Institute|221|Materials and Supplies|2210-06-107-0-01|Materials and Supplies|V|Data|Object-Head|18.31|31.00|31.00|30.00|100.0
116|02|22|2210|Medical and Public Health|06||107||0||01|Food Safety Programme and Public Health Institute|||2210-06-107-0-01|HOA Total :|V|Total|Detailed-Head|2929.26|3345.54|3345.54|2936.67|100.0
116|02|22|2210|Medical and Public Health|06||200||0||01|Aroghya Kavacha|||2210-06-200-0-01|Aroghya Kavacha|V|Header|Detailed-Head|||||100.0
116|02|22|2210|Medical and Public Health|06||200||0||01|Aroghya Kavacha|059|Other Expenses|2210-06-200-0-01|Other Expenses|V|Data|Object-Head|1703.92|4640.00|4640.00|4227.36|100.0
116|02|22|2210|Medical and Public Health|06||200||0||01|Aroghya Kavacha|200|Maintenance Expenditure|2210-06-200-0-01|Maintenance Expenditure|V|Data|Object-Head|4000.00|3500.00|3500.00|3188.69|100.0
116|02|22|2210|Medical and Public Health|06||200||0||01|Aroghya Kavacha|221|Materials and Supplies|2210-06-200-0-01|Materials and Supplies|V|Data|Object-Head|1900.00|5800.00|4392.00|5284.84|100.0
117|02|22|2210|Medical and Public Health|06||200||0||01|Aroghya Kavacha|422|Schedule Caste Sub Plan|2210-06-200-0-01|Schedule Caste Sub Plan|V|Data|Object-Head|1500.00|2827.50|2827.50|2576.17|100.0
117|02|22|2210|Medical and Public Health|06||200||0||01|Aroghya Kavacha|423|Tribal Sub Plan|2210-06-200-0-01|Tribal Sub Plan|V|Data|Object-Head|600.00|1232.50|1232.50|1122.94|100.0
117|02|22|2210|Medical and Public Health|06||200||0||01|Aroghya Kavacha|||2210-06-200-0-01|HOA Total :|V|Total|Detailed-Head|9703.92|18000.00|16592.00|16400.00|100.0
117|02|22|2210|Medical and Public Health|06||800||0||04|XV FCG- 15th Finance Commission Grants for Strengthening Primary Healthcare Facilities|||2210-06-800-0-04|XV FCG- 15th Finance Commission Grants for Strengthening Primary Healthcare Facilities|V|Header|Detailed-Head|||||100.0
117|02|22|2210|Medical and Public Health|06||800||0||04|XV FCG- 15th Finance Commission Grants for Strengthening Primary Healthcare Facilities|059|Other Expenses|2210-06-800-0-04|Other Expenses|V|Data|Object-Head|17514.92|52164.00|52164.00||100.0
117|02|22|2210|Medical and Public Health|06||800||0||04|XV FCG- 15th Finance Commission Grants for Strengthening Primary Healthcare Facilities|||2210-06-800-0-04|HOA Total :|V|Total|Detailed-Head|17514.92|52164.00|52164.00|0.00|100.0
117|02|22|2210|Medical and Public Health|80||101||0||01|CSS-State Share-Ayushman Bharath - Pradhana Mantri Jana Arogya Yojane(PMJAY)|||2210-80-101-0-01|CSS-State Share-Ayushman Bharath - Pradhana Mantri Jana Arogya Yojane(PMJAY)|V|Header|Detailed-Head|||||100.0
117|02|22|2210|Medical and Public Health|80||101||0||01|CSS-State Share-Ayushman Bharath - Pradhana Mantri Jana Arogya Yojane(PMJAY)|101|Grants-in-Aid-Salaries|2210-80-101-0-01|Grants-in-Aid-Salaries|V|Data|Object-Head|43.41|70.86|70.86|83.58|100.0
117|02|22|2210|Medical and Public Health|80||101||0||01|CSS-State Share-Ayushman Bharath - Pradhana Mantri Jana Arogya Yojane(PMJAY)|103|Grants-in-Aid -General|2210-80-101-0-01|Grants-in-Aid -General|V|Data|Object-Head|45078.61|68339.56|68339.56|86400.00|100.0
117|02|22|2210|Medical and Public Health|80||101||0||01|CSS-State Share-Ayushman Bharath - Pradhana Mantri Jana Arogya Yojane(PMJAY)|115|GIA Contract /Outsource|2210-80-101-0-01|GIA Contract /Outsource|V|Data|Object-Head|1704.08|3413.50|3413.50|3684.23|100.0
117|02|22|2210|Medical and Public Health|80||101||0||01|CSS-State Share-Ayushman Bharath - Pradhana Mantri Jana Arogya Yojane(PMJAY)|133|Regional Imbalance Redressal Program|2210-80-101-0-01|Regional Imbalance Redressal Program|V|Data|Object-Head|11942.97|18060.44|18060.44||100.0
117|02|22|2210|Medical and Public Health|80||101||0||01|CSS-State Share-Ayushman Bharath - Pradhana Mantri Jana Arogya Yojane(PMJAY)|422|Schedule Caste Sub Plan|2210-80-101-0-01|Schedule Caste Sub Plan|V|Data|Object-Head|19368.16|23400.00|23400.00|23400.00|100.0
117|02|22|2210|Medical and Public Health|80||101||0||01|CSS-State Share-Ayushman Bharath - Pradhana Mantri Jana Arogya Yojane(PMJAY)|423|Tribal Sub Plan|2210-80-101-0-01|Tribal Sub Plan|V|Data|Object-Head|8445.09|10200.00|10200.00|10200.00|100.0
117|02|22|2210|Medical and Public Health|80||101||0||01|CSS-State Share-Ayushman Bharath - Pradhana Mantri Jana Arogya Yojane(PMJAY)|||2210-80-101-0-01|HOA Total :|V|Total|Detailed-Head|86582.32|123484.36|123484.36|123767.81|100.0
117|02|22|2210|Medical and Public Health|80||196||1||01|Grants to District Health Officers' Establishments and PHCs|||2210-80-196-1-01|Grants to District Health Officers' Establishments and PHCs|V|Header|Detailed-Head|||||100.0
117|02|22|2210|Medical and Public Health|80||196||1||01|Grants to District Health Officers' Establishments and PHCs|300|Lumpsum - ZP|2210-80-196-1-01|Lumpsum - ZP|V|Data|Object-Head|754.41|1092.00|1092.00||100.0
117|02|22|2210|Medical and Public Health|80||196||1||01|Grants to District Health Officers' Establishments and PHCs|401|Bengaluru (Urban)|2210-80-196-1-01|Bengaluru (Urban)|V|Data|Object-Head|6919.31|7402.59|7402.59|7219.02|100.0
117|02|22|2210|Medical and Public Health|80||196||1||01|Grants to District Health Officers' Establishments and PHCs|402|Bengaluru (Rural)|2210-80-196-1-01|Bengaluru (Rural)|V|Data|Object-Head|4553.98|4657.56|4657.56|4919.85|100.0
117|02|22|2210|Medical and Public Health|80||196||1||01|Grants to District Health Officers' Establishments and PHCs|403|Chitradurga|2210-80-196-1-01|Chitradurga|V|Data|Object-Head|9437.53|10157.04|10157.04|9090.96|100.0
117|02|22|2210|Medical and Public Health|80||196||1||01|Grants to District Health Officers' Establishments and PHCs|404|Kolar|2210-80-196-1-01|Kolar|V|Data|Object-Head|5407.44|5743.32|5743.32|5986.54|100.0
117|02|22|2210|Medical and Public Health|80||196||1||01|Grants to District Health Officers' Establishments and PHCs|405|Shivamogga|2210-80-196-1-01|Shivamogga|V|Data|Object-Head|8605.79|8862.30|8862.30|7962.80|100.0
118|02|22|2210|Medical and Public Health|80||196||1||01|Grants to District Health Officers' Establishments and PHCs|406|Tumakuru|2210-80-196-1-01|Tumakuru|V|Data|Object-Head|9569.78|10441.56|10441.56|9726.31|100.0
118|02|22|2210|Medical and Public Health|80||196||1||01|Grants to District Health Officers' Establishments and PHCs|407|Mysuru|2210-80-196-1-01|Mysuru|V|Data|Object-Head|11036.89|12039.44|12039.44|11752.92|100.0
118|02|22|2210|Medical and Public Health|80||196||1||01|Grants to District Health Officers' Establishments and PHCs|408|Chikkamagaluru|2210-80-196-1-01|Chikkamagaluru|V|Data|Object-Head|7014.78|7469.96|7469.96|6667.09|100.0
118|02|22|2210|Medical and Public Health|80||196||1||01|Grants to District Health Officers' Establishments and PHCs|409|Dakshina Kannada|2210-80-196-1-01|Dakshina Kannada|V|Data|Object-Head|6345.58|6418.02|6418.02|6179.94|100.0
118|02|22|2210|Medical and Public Health|80||196||1||01|Grants to District Health Officers' Establishments and PHCs|410|Hassan|2210-80-196-1-01|Hassan|V|Data|Object-Head|11640.28|12589.45|12589.45|11243.48|100.0
118|02|22|2210|Medical and Public Health|80||196||1||01|Grants to District Health Officers' Establishments and PHCs|411|Kodagu|2210-80-196-1-01|Kodagu|V|Data|Object-Head|3697.98|3923.07|3923.07|3382.97|100.0
118|02|22|2210|Medical and Public Health|80||196||1||01|Grants to District Health Officers' Establishments and PHCs|412|Mandya|2210-80-196-1-01|Mandya|V|Data|Object-Head|9106.51|9580.93|9580.93|9346.79|100.0
118|02|22|2210|Medical and Public Health|80||196||1||01|Grants to District Health Officers' Establishments and PHCs|413|Belagavi|2210-80-196-1-01|Belagavi|V|Data|Object-Head|16043.98|17229.38|17229.38|15881.33|100.0
118|02|22|2210|Medical and Public Health|80||196||1||01|Grants to District Health Officers' Establishments and PHCs|414|Vijayapura|2210-80-196-1-01|Vijayapura|V|Data|Object-Head|8945.96|10129.87|10129.87|8419.99|100.0
118|02|22|2210|Medical and Public Health|80||196||1||01|Grants to District Health Officers' Establishments and PHCs|415|Dharwad|2210-80-196-1-01|Dharwad|V|Data|Object-Head|4234.99|4465.67|4465.67|3479.49|100.0
118|02|22|2210|Medical and Public Health|80||196||1||01|Grants to District Health Officers' Establishments and PHCs|416|Uttara Kannada|2210-80-196-1-01|Uttara Kannada|V|Data|Object-Head|5935.86|6586.55|6586.55|5774.35|100.0
118|02|22|2210|Medical and Public Health|80||196||1||01|Grants to District Health Officers' Establishments and PHCs|417|Kalaburagi|2210-80-196-1-01|Kalaburagi|V|Data|Object-Head|14867.95|16509.96|16509.96|13754.37|100.0
118|02|22|2210|Medical and Public Health|80||196||1||01|Grants to District Health Officers' Establishments and PHCs|418|Ballari|2210-80-196-1-01|Ballari|V|Data|Object-Head|6438.28|6789.11|6789.11|5261.03|100.0
118|02|22|2210|Medical and Public Health|80||196||1||01|Grants to District Health Officers' Establishments and PHCs|419|Bidar|2210-80-196-1-01|Bidar|V|Data|Object-Head|8879.83|9655.33|9655.33|7905.74|100.0
118|02|22|2210|Medical and Public Health|80||196||1||01|Grants to District Health Officers' Establishments and PHCs|420|Raichur|2210-80-196-1-01|Raichur|V|Data|Object-Head|6878.56|7266.33|7266.33|6120.33|100.0
118|02|22|2210|Medical and Public Health|80||196||1||01|Grants to District Health Officers' Establishments and PHCs|421|Yadgiri|2210-80-196-1-01|Yadgiri|V|Data|Object-Head|5992.00|7167.34|7167.34|6493.65|100.0
118|02|22|2210|Medical and Public Health|80||196||1||01|Grants to District Health Officers' Establishments and PHCs|451|Davanagere|2210-80-196-1-01|Davanagere|V|Data|Object-Head|7694.23|8451.26|8451.26|7311.84|100.0
118|02|22|2210|Medical and Public Health|80||196||1||01|Grants to District Health Officers' Establishments and PHCs|452|Bengaluru South|2210-80-196-1-01|Bengaluru South|V|Data|Object-Head|5524.59|5854.42|5854.42|5940.02|100.0
118|02|22|2210|Medical and Public Health|80||196||1||01|Grants to District Health Officers' Establishments and PHCs|453|Chikkaballapura|2210-80-196-1-01|Chikkaballapura|V|Data|Object-Head|4246.44|4663.43|4663.43|4986.24|100.0
118|02|22|2210|Medical and Public Health|80||196||1||01|Grants to District Health Officers' Establishments and PHCs|456|Chamarajanagar|2210-80-196-1-01|Chamarajanagar|V|Data|Object-Head|4411.73|4539.52|4539.52|4042.99|100.0
118|02|22|2210|Medical and Public Health|80||196||1||01|Grants to District Health Officers' Establishments and PHCs|457|Udupi|2210-80-196-1-01|Udupi|V|Data|Object-Head|5576.50|6018.86|6018.86|5437.65|100.0
118|02|22|2210|Medical and Public Health|80||196||1||01|Grants to District Health Officers' Establishments and PHCs|461|Bagalkot|2210-80-196-1-01|Bagalkot|V|Data|Object-Head|7656.74|8208.61|8208.61|7156.70|100.0
118|02|22|2210|Medical and Public Health|80||196||1||01|Grants to District Health Officers' Establishments and PHCs|462|Gadag|2210-80-196-1-01|Gadag|V|Data|Object-Head|5247.54|5873.55|5873.55|4864.17|100.0
118|02|22|2210|Medical and Public Health|80||196||1||01|Grants to District Health Officers' Establishments and PHCs|463|Haveri|2210-80-196-1-01|Haveri|V|Data|Object-Head|6503.95|7307.80|7307.80|6645.24|100.0
118|02|22|2210|Medical and Public Health|80||196||1||01|Grants to District Health Officers' Establishments and PHCs|466|Koppal|2210-80-196-1-01|Koppal|V|Data|Object-Head|7027.58|7521.18|7521.18|6594.66|100.0
118|02|22|2210|Medical and Public Health|80||196||1||01|Grants to District Health Officers' Establishments and PHCs|467|Vijayanagara|2210-80-196-1-01|Vijayanagara|V|Data|Object-Head|7288.15|7844.33|7844.33|6453.60|100.0
118|02|22|2210|Medical and Public Health|80||196||1||01|Grants to District Health Officers' Establishments and PHCs|||2210-80-196-1-01|HOA Total :|V|Total|Detailed-Head|233485.12|252459.74|252459.74|226002.06|100.0
118|02|22|2210|Medical and Public Health|80||196||1||02|Grants for AYUSH Services||||2210-80-196-1-02|Grants for AYUSH Services|Header|Detailed-Head|||||100.0
118|02|22|2210|Medical and Public Health|80||196||1||02|Grants for AYUSH Services|401|Bengaluru (Urban)|2210-80-196-1-02|Bengaluru (Urban)|V|Data|Object-Head||||599.04|100.0
119|02|22|2210|Medical and Public Health|80||196||1||02|Grants for AYUSH Services|402|Bengaluru (Rural)|2210-80-196-1-02|Bengaluru (Rural)|V|Data|Object-Head||||470.59|100.0
119|02|22|2210|Medical and Public Health|80||196||1||02|Grants for AYUSH Services|403|Chitradurga|2210-80-196-1-02|Chitradurga|V|Data|Object-Head||||1166.46|100.0
119|02|22|2210|Medical and Public Health|80||196||1||02|Grants for AYUSH Services|404|Kolar|2210-80-196-1-02|Kolar|V|Data|Object-Head||||538.70|100.0
119|02|22|2210|Medical and Public Health|80||196||1||02|Grants for AYUSH Services|405|Shivamogga|2210-80-196-1-02|Shivamogga|V|Data|Object-Head||||1201.85|100.0
119|02|22|2210|Medical and Public Health|80||196||1||02|Grants for AYUSH Services|406|Tumakuru|2210-80-196-1-02|Tumakuru|V|Data|Object-Head||||1310.80|100.0
119|02|22|2210|Medical and Public Health|80||196||1||02|Grants for AYUSH Services|407|Mysuru|2210-80-196-1-02|Mysuru|V|Data|Object-Head||||1381.98|100.0
119|02|22|2210|Medical and Public Health|80||196||1||02|Grants for AYUSH Services|408|Chikkamagaluru|2210-80-196-1-02|Chikkamagaluru|V|Data|Object-Head||||1186.55|100.0
119|02|22|2210|Medical and Public Health|80||196||1||02|Grants for AYUSH Services|409|Dakshina Kannada|2210-80-196-1-02|Dakshina Kannada|V|Data|Object-Head||||629.95|100.0
119|02|22|2210|Medical and Public Health|80||196||1||02|Grants for AYUSH Services|410|Hassan|2210-80-196-1-02|Hassan|V|Data|Object-Head||||1388.07|100.0
119|02|22|2210|Medical and Public Health|80||196||1||02|Grants for AYUSH Services|411|Kodagu|2210-80-196-1-02|Kodagu|V|Data|Object-Head||||560.80|100.0
119|02|22|2210|Medical and Public Health|80||196||1||02|Grants for AYUSH Services|412|Mandya|2210-80-196-1-02|Mandya|V|Data|Object-Head||||1017.80|100.0
119|02|22|2210|Medical and Public Health|80||196||1||02|Grants for AYUSH Services|413|Belagavi|2210-80-196-1-02|Belagavi|V|Data|Object-Head||||1422.64|100.0
119|02|22|2210|Medical and Public Health|80||196||1||02|Grants for AYUSH Services|414|Vijayapura|2210-80-196-1-02|Vijayapura|V|Data|Object-Head||||872.30|100.0
119|02|22|2210|Medical and Public Health|80||196||1||02|Grants for AYUSH Services|415|Dharwad|2210-80-196-1-02|Dharwad|V|Data|Object-Head||||834.14|100.0
119|02|22|2210|Medical and Public Health|80||196||1||02|Grants for AYUSH Services|416|Uttara Kannada|2210-80-196-1-02|Uttara Kannada|V|Data|Object-Head||||832.92|100.0
119|02|22|2210|Medical and Public Health|80||196||1||02|Grants for AYUSH Services|417|Kalaburagi|2210-80-196-1-02|Kalaburagi|V|Data|Object-Head||||1511.53|100.0
119|02|22|2210|Medical and Public Health|80||196||1||02|Grants for AYUSH Services|418|Ballari|2210-80-196-1-02|Ballari|V|Data|Object-Head||||1210.43|100.0
119|02|22|2210|Medical and Public Health|80||196||1||02|Grants for AYUSH Services|419|Bidar|2210-80-196-1-02|Bidar|V|Data|Object-Head||||832.98|100.0
119|02|22|2210|Medical and Public Health|80||196||1||02|Grants for AYUSH Services|420|Raichur|2210-80-196-1-02|Raichur|V|Data|Object-Head||||825.86|100.0
119|02|22|2210|Medical and Public Health|80||196||1||02|Grants for AYUSH Services|421|Yadgiri|2210-80-196-1-02|Yadgiri|V|Data|Object-Head||||676.91|100.0
119|02|22|2210|Medical and Public Health|80||196||1||02|Grants for AYUSH Services|451|Davanagere|2210-80-196-1-02|Davanagere|V|Data|Object-Head||||1153.79|100.0
119|02|22|2210|Medical and Public Health|80||196||1||02|Grants for AYUSH Services|452|Bengaluru South|2210-80-196-1-02|Bengaluru South|V|Data|Object-Head||||748.53|100.0
119|02|22|2210|Medical and Public Health|80||196||1||02|Grants for AYUSH Services|453|Chikkaballapura|2210-80-196-1-02|Chikkaballapura|V|Data|Object-Head||||339.92|100.0
119|02|22|2210|Medical and Public Health|80||196||1||02|Grants for AYUSH Services|456|Chamarajanagar|2210-80-196-1-02|Chamarajanagar|V|Data|Object-Head||||491.96|100.0
119|02|22|2210|Medical and Public Health|80||196||1||02|Grants for AYUSH Services|457|Udupi|2210-80-196-1-02|Udupi|V|Data|Object-Head||||607.57|100.0
119|02|22|2210|Medical and Public Health|80||196||1||02|Grants for AYUSH Services|461|Bagalkot|2210-80-196-1-02|Bagalkot|V|Data|Object-Head||||757.02|100.0
119|02|22|2210|Medical and Public Health|80||196||1||02|Grants for AYUSH Services|462|Gadag|2210-80-196-1-02|Gadag|V|Data|Object-Head||||998.90|100.0
119|02|22|2210|Medical and Public Health|80||196||1||02|Grants for AYUSH Services|463|Haveri|2210-80-196-1-02|Haveri|V|Data|Object-Head||||751.30|100.0
119|02|22|2210|Medical and Public Health|80||196||1||02|Grants for AYUSH Services|466|Koppal|2210-80-196-1-02|Koppal|V|Data|Object-Head||||776.19|100.0
120|02|22|2210|Medical and Public Health|80||196||1||02|Grants for AYUSH Services|467|Vijayanagara|2210-80-196-1-02|Vijayanagara|V|Data|Object-Head||||1429.36|100.0
120|02|22|2210|Medical and Public Health|80||196||1||02|Grants for AYUSH Services||||HOA Total :|V|Total|Detailed-Head|0.00|0.00|0.00|28526.84|100.0
120|02|22|2210|Medical and Public Health|80||196||1||04|Grant to Anti - Malaria Programme|||2210-80-196-1-04|Grant to Anti - Malaria Programme|V|Header|Detailed-Head|||||100.0
120|02|22|2210|Medical and Public Health|80||196||1||04|Grant to Anti - Malaria Programme|401|Bengaluru (Urban)|2210-80-196-1-04|Bengaluru (Urban)|V|Data|Object-Head||||125.41|100.0
120|02|22|2210|Medical and Public Health|80||196||1||04|Grant to Anti - Malaria Programme|402|Bengaluru (Rural)|2210-80-196-1-04|Bengaluru (Rural)|V|Data|Object-Head||||30.80|100.0
120|02|22|2210|Medical and Public Health|80||196||1||04|Grant to Anti - Malaria Programme|403|Chitradurga|2210-80-196-1-04|Chitradurga|V|Data|Object-Head||||167.76|100.0
120|02|22|2210|Medical and Public Health|80||196||1||04|Grant to Anti - Malaria Programme|404|Kolar|2210-80-196-1-04|Kolar|V|Data|Object-Head||||100.35|100.0
120|02|22|2210|Medical and Public Health|80||196||1||04|Grant to Anti - Malaria Programme|405|Shivamogga|2210-80-196-1-04|Shivamogga|V|Data|Object-Head||||230.17|100.0
120|02|22|2210|Medical and Public Health|80||196||1||04|Grant to Anti - Malaria Programme|406|Tumakuru|2210-80-196-1-04|Tumakuru|V|Data|Object-Head||||255.97|100.0
120|02|22|2210|Medical and Public Health|80||196||1||04|Grant to Anti - Malaria Programme|407|Mysuru|2210-80-196-1-04|Mysuru|V|Data|Object-Head||||142.43|100.0
120|02|22|2210|Medical and Public Health|80||196||1||04|Grant to Anti - Malaria Programme|408|Chikkamagaluru|2210-80-196-1-04|Chikkamagaluru|V|Data|Object-Head||||146.29|100.0
120|02|22|2210|Medical and Public Health|80||196||1||04|Grant to Anti - Malaria Programme|409|Dakshina Kannada|2210-80-196-1-04|Dakshina Kannada|V|Data|Object-Head||||116.92|100.0
120|02|22|2210|Medical and Public Health|80||196||1||04|Grant to Anti - Malaria Programme|410|Hassan|2210-80-196-1-04|Hassan|V|Data|Object-Head||||236.21|100.0
120|02|22|2210|Medical and Public Health|80||196||1||04|Grant to Anti - Malaria Programme|411|Kodagu|2210-80-196-1-04|Kodagu|V|Data|Object-Head||||173.09|100.0
120|02|22|2210|Medical and Public Health|80||196||1||04|Grant to Anti - Malaria Programme|412|Mandya|2210-80-196-1-04|Mandya|V|Data|Object-Head||||155.65|100.0
120|02|22|2210|Medical and Public Health|80||196||1||04|Grant to Anti - Malaria Programme|413|Belagavi|2210-80-196-1-04|Belagavi|V|Data|Object-Head||||1176.97|100.0
120|02|22|2210|Medical and Public Health|80||196||1||04|Grant to Anti - Malaria Programme|414|Vijayapura|2210-80-196-1-04|Vijayapura|V|Data|Object-Head||||1320.82|100.0
120|02|22|2210|Medical and Public Health|80||196||1||04|Grant to Anti - Malaria Programme|415|Dharwad|2210-80-196-1-04|Dharwad|V|Data|Object-Head||||204.37|100.0
120|02|22|2210|Medical and Public Health|80||196||1||04|Grant to Anti - Malaria Programme|416|Uttara Kannada|2210-80-196-1-04|Uttara Kannada|V|Data|Object-Head||||120.95|100.0
120|02|22|2210|Medical and Public Health|80||196||1||04|Grant to Anti - Malaria Programme|417|Kalaburagi|2210-80-196-1-04|Kalaburagi|V|Data|Object-Head||||1527.23|100.0
120|02|22|2210|Medical and Public Health|80||196||1||04|Grant to Anti - Malaria Programme|418|Ballari|2210-80-196-1-04|Ballari|V|Data|Object-Head||||785.70|100.0
120|02|22|2210|Medical and Public Health|80||196||1||04|Grant to Anti - Malaria Programme|419|Bidar|2210-80-196-1-04|Bidar|V|Data|Object-Head||||1387.02|100.0
120|02|22|2210|Medical and Public Health|80||196||1||04|Grant to Anti - Malaria Programme|420|Raichur|2210-80-196-1-04|Raichur|V|Data|Object-Head||||1026.52|100.0
120|02|22|2210|Medical and Public Health|80||196||1||04|Grant to Anti - Malaria Programme|421|Yadgiri|2210-80-196-1-04|Yadgiri|V|Data|Object-Head||||801.00|100.0
120|02|22|2210|Medical and Public Health|80||196||1||04|Grant to Anti - Malaria Programme|451|Davanagere|2210-80-196-1-04|Davanagere|V|Data|Object-Head||||386.32|100.0
120|02|22|2210|Medical and Public Health|80||196||1||04|Grant to Anti - Malaria Programme|452|Bengaluru South|2210-80-196-1-04|Bengaluru South|V|Data|Object-Head||||138.11|100.0
120|02|22|2210|Medical and Public Health|80||196||1||04|Grant to Anti - Malaria Programme|453|Chikkaballapura|2210-80-196-1-04|Chikkaballapura|V|Data|Object-Head||||121.20|100.0
120|02|22|2210|Medical and Public Health|80||196||1||04|Grant to Anti - Malaria Programme|456|Chamarajanagar|2210-80-196-1-04|Chamarajanagar|V|Data|Object-Head||||265.66|100.0
121|02|22|2210|Medical and Public Health|80|General|196|Assistance to Zilla Panchayats|1||04|Grant to Anti - Malaria Programme|457|Udupi|2210-80-196-1-04|Udupi|V|Data|Object-Head||||272.98|100.0
121|02|22|2210|Medical and Public Health|80|General|196|Assistance to Zilla Panchayats|1||04|Grant to Anti - Malaria Programme|461|Bagalkot|2210-80-196-1-04|Bagalkot|V|Data|Object-Head||||1056.64|100.0
121|02|22|2210|Medical and Public Health|80|General|196|Assistance to Zilla Panchayats|1||04|Grant to Anti - Malaria Programme|462|Gadag|2210-80-196-1-04|Gadag|V|Data|Object-Head||||450.87|100.0
121|02|22|2210|Medical and Public Health|80|General|196|Assistance to Zilla Panchayats|1||04|Grant to Anti - Malaria Programme|463|Haveri|2210-80-196-1-04|Haveri|V|Data|Object-Head||||353.80|100.0
121|02|22|2210|Medical and Public Health|80|General|196|Assistance to Zilla Panchayats|1||04|Grant to Anti - Malaria Programme|466|Koppal|2210-80-196-1-04|Koppal|V|Data|Object-Head||||831.92|100.0
121|02|22|2210|Medical and Public Health|80|General|196|Assistance to Zilla Panchayats|1||04|Grant to Anti - Malaria Programme|467|Vijayanagara|2210-80-196-1-04|Vijayanagara|V|Data|Object-Head||||642.80|100.0
121|02|22|2210|Medical and Public Health|80|General|196|Assistance to Zilla Panchayats|1||04|Grant to Anti - Malaria Programme||||HOA Total :|V|Total|Detailed-Head|0.00|0.00|0.00|14751.93|100.0
121|02|22|2210|Medical and Public Health|80|General|197||1||01|Grants for Strengthening of PHCs and Establishment of Sub Centres (MNP)|||2210-80-197-1-01|Grants for Strengthening of PHCs and Establishment of Sub Centres (MNP)|V|Header|Detailed-Head|||||100.0
121|02|22|2210|Medical and Public Health|80|General|197||1||01|Grants for Strengthening of PHCs and Establishment of Sub Centres (MNP)|401|Bengaluru (Urban)|2210-80-197-1-01|Bengaluru (Urban)|V|Data|Object-Head|98.92|100.98|100.98|113.49|100.0
121|02|22|2210|Medical and Public Health|80|General|197||1||01|Grants for Strengthening of PHCs and Establishment of Sub Centres (MNP)|402|Bengaluru (Rural)|2210-80-197-1-01|Bengaluru (Rural)|V|Data|Object-Head|117.55|120.13|120.13|136.96|100.0
121|02|22|2210|Medical and Public Health|80|General|197||1||01|Grants for Strengthening of PHCs and Establishment of Sub Centres (MNP)|403|Chitradurga|2210-80-197-1-01|Chitradurga|V|Data|Object-Head|149.43|146.75|146.75|140.00|100.0
121|02|22|2210|Medical and Public Health|80|General|197||1||01|Grants for Strengthening of PHCs and Establishment of Sub Centres (MNP)|404|Kolar|2210-80-197-1-01|Kolar|V|Data|Object-Head|216.17|251.69|251.69|251.64|100.0
121|02|22|2210|Medical and Public Health|80|General|197||1||01|Grants for Strengthening of PHCs and Establishment of Sub Centres (MNP)|405|Shivamogga|2210-80-197-1-01|Shivamogga|V|Data|Object-Head|236.74|238.50|238.50|185.48|100.0
121|02|22|2210|Medical and Public Health|80|General|197||1||01|Grants for Strengthening of PHCs and Establishment of Sub Centres (MNP)|406|Tumakuru|2210-80-197-1-01|Tumakuru|V|Data|Object-Head|170.86|168.11|168.11|85.57|100.0
121|02|22|2210|Medical and Public Health|80|General|197||1||01|Grants for Strengthening of PHCs and Establishment of Sub Centres (MNP)|407|Mysuru|2210-80-197-1-01|Mysuru|V|Data|Object-Head|1258.98|1363.35|1363.35|1374.80|100.0
121|02|22|2210|Medical and Public Health|80|General|197||1||01|Grants for Strengthening of PHCs and Establishment of Sub Centres (MNP)|408|Chikkamagaluru|2210-80-197-1-01|Chikkamagaluru|V|Data|Object-Head|150.09|140.96|140.96|79.45|100.0
121|02|22|2210|Medical and Public Health|80|General|197||1||01|Grants for Strengthening of PHCs and Establishment of Sub Centres (MNP)|409|Dakshina Kannada|2210-80-197-1-01|Dakshina Kannada|V|Data|Object-Head|213.12|203.58|203.58|113.53|100.0
121|02|22|2210|Medical and Public Health|80|General|197||1||01|Grants for Strengthening of PHCs and Establishment of Sub Centres (MNP)|410|Hassan|2210-80-197-1-01|Hassan|V|Data|Object-Head|338.05|355.00|355.00|259.63|100.0
121|02|22|2210|Medical and Public Health|80|General|197||1||01|Grants for Strengthening of PHCs and Establishment of Sub Centres (MNP)|411|Kodagu|2210-80-197-1-01|Kodagu|V|Data|Object-Head|91.13|97.95|97.95|95.97|100.0
121|02|22|2210|Medical and Public Health|80|General|197||1||01|Grants for Strengthening of PHCs and Establishment of Sub Centres (MNP)|412|Mandya|2210-80-197-1-01|Mandya|V|Data|Object-Head|425.52|406.79|406.79|481.56|100.0
121|02|22|2210|Medical and Public Health|80|General|197||1||01|Grants for Strengthening of PHCs and Establishment of Sub Centres (MNP)|413|Belagavi|2210-80-197-1-01|Belagavi|V|Data|Object-Head|279.90|274.30|274.30|189.60|100.0
121|02|22|2210|Medical and Public Health|80|General|197||1||01|Grants for Strengthening of PHCs and Establishment of Sub Centres (MNP)|414|Vijayapura|2210-80-197-1-01|Vijayapura|V|Data|Object-Head|186.88|182.55|182.55|132.46|100.0
121|02|22|2210|Medical and Public Health|80|General|197||1||01|Grants for Strengthening of PHCs and Establishment of Sub Centres (MNP)|415|Dharwad|2210-80-197-1-01|Dharwad|V|Data|Object-Head|95.85|98.17|98.17|26.70|100.0
121|02|22|2210|Medical and Public Health|80|General|197||1||01|Grants for Strengthening of PHCs and Establishment of Sub Centres (MNP)|416|Uttara Kannada|2210-80-197-1-01|Uttara Kannada|V|Data|Object-Head|597.62|630.13|630.13|629.39|100.0
121|02|22|2210|Medical and Public Health|80|General|197||1||01|Grants for Strengthening of PHCs and Establishment of Sub Centres (MNP)|417|Kalaburagi|2210-80-197-1-01|Kalaburagi|V|Data|Object-Head|178.62|194.36|194.36|149.56|100.0
121|02|22|2210|Medical and Public Health|80|General|197||1||01|Grants for Strengthening of PHCs and Establishment of Sub Centres (MNP)|418|Ballari|2210-80-197-1-01|Ballari|V|Data|Object-Head|396.89|415.08|415.08|439.12|100.0
121|02|22|2210|Medical and Public Health|80|General|197||1||01|Grants for Strengthening of PHCs and Establishment of Sub Centres (MNP)|419|Bidar|2210-80-197-1-01|Bidar|V|Data|Object-Head|459.72|507.47|507.47|437.58|100.0
121|02|22|2210|Medical and Public Health|80|General|197||1||01|Grants for Strengthening of PHCs and Establishment of Sub Centres (MNP)|420|Raichur|2210-80-197-1-01|Raichur|V|Data|Object-Head|65.00|64.88|64.88|59.00|100.0
122|02|22|2210|Medical and Public Health|80|General|197|Assistance to Zilla Panchayats|1||01|Grants for Strengthening of PHCs and Establishment of Sub Centres (MNP)|421|Yadgiri|2210-80-197-1-01|Yadgiri|V|Data|Object-Head|46.84|54.00|54.00|26.00|100.0
122|02|22|2210|Medical and Public Health|80|General|197|Assistance to Zilla Panchayats|1||01|Grants for Strengthening of PHCs and Establishment of Sub Centres (MNP)|451|Davanagere|2210-80-197-1-01|Davanagere|V|Data|Object-Head|74.76|76.80|76.80|49.77|100.0
122|02|22|2210|Medical and Public Health|80|General|197|Assistance to Zilla Panchayats|1||01|Grants for Strengthening of PHCs and Establishment of Sub Centres (MNP)|452|Bengaluru South|2210-80-197-1-01|Bengaluru South|V|Data|Object-Head|105.62|105.81|105.81|141.55|100.0
122|02|22|2210|Medical and Public Health|80|General|197|Assistance to Zilla Panchayats|1||01|Grants for Strengthening of PHCs and Establishment of Sub Centres (MNP)|453|Chikkaballapura|2210-80-197-1-01|Chikkaballapura|V|Data|Object-Head|143.86|150.60|150.60|136.26|100.0
122|02|22|2210|Medical and Public Health|80|General|197|Assistance to Zilla Panchayats|1||01|Grants for Strengthening of PHCs and Establishment of Sub Centres (MNP)|456|Chamarajanagar|2210-80-197-1-01|Chamarajanagar|V|Data|Object-Head|297.65|317.73|317.73|317.34|100.0
122|02|22|2210|Medical and Public Health|80|General|197|Assistance to Zilla Panchayats|1||01|Grants for Strengthening of PHCs and Establishment of Sub Centres (MNP)|457|Udupi|2210-80-197-1-01|Udupi|V|Data|Object-Head|53.65|66.25|66.25|52.68|100.0
122|02|22|2210|Medical and Public Health|80|General|197|Assistance to Zilla Panchayats|1||01|Grants for Strengthening of PHCs and Establishment of Sub Centres (MNP)|461|Bagalkot|2210-80-197-1-01|Bagalkot|V|Data|Object-Head|106.69|103.62|103.62|130.43|100.0
122|02|22|2210|Medical and Public Health|80|General|197|Assistance to Zilla Panchayats|1||01|Grants for Strengthening of PHCs and Establishment of Sub Centres (MNP)|462|Gadag|2210-80-197-1-01|Gadag|V|Data|Object-Head|118.06|150.41|150.41|121.20|100.0
122|02|22|2210|Medical and Public Health|80|General|197|Assistance to Zilla Panchayats|1||01|Grants for Strengthening of PHCs and Establishment of Sub Centres (MNP)|463|Haveri|2210-80-197-1-01|Haveri|V|Data|Object-Head|98.99|109.60|109.60|88.02|100.0
122|02|22|2210|Medical and Public Health|80|General|197|Assistance to Zilla Panchayats|1||01|Grants for Strengthening of PHCs and Establishment of Sub Centres (MNP)|466|Koppal|2210-80-197-1-01|Koppal|V|Data|Object-Head|178.87|176.74|176.74|147.46|100.0
122|02|22|2210|Medical and Public Health|80|General|197|Assistance to Zilla Panchayats|1||01|Grants for Strengthening of PHCs and Establishment of Sub Centres (MNP)|467|Vijayanagara|2210-80-197-1-01|Vijayanagara|V|Data|Object-Head|476.60|494.66|494.66|491.63|100.0
122|02|22|2210|Medical and Public Health|80|General|197|Assistance to Zilla Panchayats|1||01|Grants for Strengthening of PHCs and Establishment of Sub Centres (MNP)||||HOA Total :|V|Total|Detailed-Head|7428.63|7766.95|7766.95|7083.83|100.0
122|02|22|2210|Medical and Public Health|80|General|800|Other Expenditure|0||26|Unspent SCSP-TSP Amount as per the SCSP-TSP Act 2013|||2210-80-800-0-26|Unspent SCSP-TSP Amount as per the SCSP-TSP Act 2013|V|Header|Detailed-Head|||||100.0
122|02|22|2210|Medical and Public Health|80|General|800|Other Expenditure|0||26|Unspent SCSP-TSP Amount as per the SCSP-TSP Act 2013|422|Schedule Caste Sub Plan|2210-80-800-0-26|Schedule Caste Sub Plan|V|Data|Object-Head|6.33|106.56|106.56||100.0
122|02|22|2210|Medical and Public Health|80|General|800|Other Expenditure|0||26|Unspent SCSP-TSP Amount as per the SCSP-TSP Act 2013|423|Tribal Sub Plan|2210-80-800-0-26|Tribal Sub Plan|V|Data|Object-Head|2.63|130.26|130.26||100.0
122|02|22|2210|Medical and Public Health|80|General|800|Other Expenditure|0||26|Unspent SCSP-TSP Amount as per the SCSP-TSP Act 2013||||HOA Total :|V|Total|Detailed-Head|8.96|236.82|236.82|0.00|100.0
122|02|22|2210|Medical and Public Health|80|General|911|Deduct Recoveries of Overpayments|0||00|Deduct Recoveries of Overpayment|||2210-80-911-0-00|Deduct Recoveries of Overpayment|V|Header|Detailed-Head|||||100.0
122|02|22|2210|Medical and Public Health|80|General|911|Deduct Recoveries of Overpayments|0||00|Deduct Recoveries of Overpayment|364|Deduct - Recoveries|2210-80-911-0-00|Deduct - Recoveries|V|Data|Object-Head|-0.57||||100.0
122|02|22|2210|Medical and Public Health|80|General|911|Deduct Recoveries of Overpayments|0||00|Deduct Recoveries of Overpayment||||HOA Total :|V|Total|Detailed-Head|-0.57|0.00|0.00|0.00|100.0
122|02|22|2210|Medical and Public Health|80|General|911|Deduct Recoveries of Overpayments|0||01|TP Expenditure met out of balances of previous years|||2210-80-911-0-01|TP Expenditure met out of balances of previous years|V|Header|Detailed-Head|||||100.0
122|02|22|2210|Medical and Public Health|80|General|911|Deduct Recoveries of Overpayments|0||01|TP Expenditure met out of balances of previous years|364|Deduct - Recoveries|2210-80-911-0-01|Deduct - Recoveries|V|Data|Object-Head|-10.74||||100.0
122|02|22|2210|Medical and Public Health|80|General|911|Deduct Recoveries of Overpayments|0||01|TP Expenditure met out of balances of previous years||||HOA Total :|V|Total|Detailed-Head|-10.74|0.00|0.00|0.00|100.0
123|02|22|2210|Medical and Public Health|80|General|911|Deduct Recoveries of Overpayments|0||02|Deduct Recoveries of Overpayment of Previous Years|||2210-80-911-0-02|Deduct Recoveries of Overpayment of Previous Years|V|Header|Detailed-Head|||||100.0
123|02|22|2210|Medical and Public Health|80|General|911|Deduct Recoveries of Overpayments|0||02|Deduct Recoveries of Overpayment of Previous Years|364|Deduct - Recoveries|2210-80-911-0-02|Deduct - Recoveries|V|Data|Object-Head|-17.87||||100.0
123|02|22|2210|Medical and Public Health|80|General|911|Deduct Recoveries of Overpayments|0||02|Deduct Recoveries of Overpayment of Previous Years||||HOA Total :|V|Total|Detailed-Head|-17.87|0.00|0.00|0.00|100.0
123|02|22|2210|Medical and Public Health|80|General|911|Deduct Recoveries of Overpayments|0||03|SAKALA-Recovery of Compensatory Cost under the Karnataka Guarantee of Services Act|||2210-80-911-0-03|SAKALA-Recovery of Compensatory Cost under the Karnataka Guarantee of Services Act|V|Header|Detailed-Head|||||100.0
123|02|22|2210|Medical and Public Health|80|General|911|Deduct Recoveries of Overpayments|0||03|SAKALA-Recovery of Compensatory Cost under the Karnataka Guarantee of Services Act|364|Deduct - Recoveries|2210-80-911-0-03|Deduct - Recoveries|V|Data|Object-Head|-1.51||||100.0
123|02|22|2210|Medical and Public Health|80|General|911|Deduct Recoveries of Overpayments|0||03|SAKALA-Recovery of Compensatory Cost under the Karnataka Guarantee of Services Act||||HOA Total :|V|Total|Detailed-Head|-1.51|0.00|0.00|0.00|100.0
123|02|22|2210|Medical and Public Health|80|General|911|Deduct Recoveries of Overpayments|0||04|Deduct Recovery of Over Payment of Previous years-ZP|||2210-80-911-0-04|Deduct Recovery of Over Payment of Previous years-ZP|V|Header|Detailed-Head|||||100.0
123|02|22|2210|Medical and Public Health|80|General|911|Deduct Recoveries of Overpayments|0||04|Deduct Recovery of Over Payment of Previous years-ZP|261|Inter Account Transfers|2210-80-911-0-04|Inter Account Transfers|V|Data|Object-Head||-31274.93|-31274.93|-46473.66|100.0
123|02|22|2210|Medical and Public Health|80|General|911|Deduct Recoveries of Overpayments|0||04|Deduct Recovery of Over Payment of Previous years-ZP|364|Deduct - Recoveries|2210-80-911-0-04|Deduct - Recoveries|V|Data|Object-Head|-0.63||||100.0
123|02|22|2210|Medical and Public Health|80|General|911|Deduct Recoveries of Overpayments|0||04|Deduct Recovery of Over Payment of Previous years-ZP||||HOA Total :|V|Total|Detailed-Head|-0.63|-31274.93|-31274.93|-46473.66|100.0
123|02|22|2210|Medical and Public Health|80|General|911|Deduct Recoveries of Overpayments|0||05|Deduct Recovery of Over Payment of Previous Years-TP|||2210-80-911-0-05|Deduct Recovery of Over Payment of Previous Years-TP|V|Header|Detailed-Head|||||100.0
123|02|22|2210|Medical and Public Health|80|General|911|Deduct Recoveries of Overpayments|0||05|Deduct Recovery of Over Payment of Previous Years-TP|261|Inter Account Transfers|2210-80-911-0-05|Inter Account Transfers|V|Data|Object-Head||-3170.26|-3170.26|-2784.77|100.0
123|02|22|2210|Medical and Public Health|80|General|911|Deduct Recoveries of Overpayments|0||05|Deduct Recovery of Over Payment of Previous Years-TP||||HOA Total :|V|Total|Detailed-Head|0.00|-3170.26|-3170.26|-2784.77|100.0
123|02|22|2210|Medical and Public Health|80|General||||||||||2210 - Total :|V|Total|Major-Head|768707.60|970937.97|936709.31|934503.62|
124|02|22|2211|Family Welfare|00||||||||||2211|Family Welfare|V|Header|Major-Head|||||
124|02|22|2211|Family Welfare|00||001||0||01|State Family Welfare Bureau|||2211-00-001-0-01|State Family Welfare Bureau|V|Header|Detailed-Head|||||100.0
124|02|22|2211|Family Welfare|00||001||0||01|State Family Welfare Bureau|002|Basic Pay|2211-00-001-0-01|Basic Pay|V|Data|Object-Head|117.81|414.00|414.00|329.00|100.0
124|02|22|2211|Family Welfare|00||001||0||01|State Family Welfare Bureau|003|Basic Pay-Staff|2211-00-001-0-01|Basic Pay-Staff|V|Data|Object-Head|228.43||||100.0
124|02|22|2211|Family Welfare|00||001||0||01|State Family Welfare Bureau|004|Interim Relief|2211-00-001-0-01|Interim Relief|V|Data|Object-Head|23.66||||100.0
124|02|22|2211|Family Welfare|00||001||0||01|State Family Welfare Bureau|011|Dearness Allowance|2211-00-001-0-01|Dearness Allowance|V|Data|Object-Head|83.87|91.00|91.00|83.00|100.0
124|02|22|2211|Family Welfare|00||001||0||01|State Family Welfare Bureau|014|Other Allowance|2211-00-001-0-01|Other Allowance|V|Data|Object-Head|127.26|134.00|134.00|111.00|100.0
124|02|22|2211|Family Welfare|00||001||0||01|State Family Welfare Bureau|020|Medical Allowance|2211-00-001-0-01|Medical Allowance|V|Data|Object-Head|1.88||||100.0
124|02|22|2211|Family Welfare|00||001||0||01|State Family Welfare Bureau|021|Reimbursement of Medical Expenses|2211-00-001-0-01|Reimbursement of Medical Expenses|V|Data|Object-Head|4.53|15.00|15.00|15.00|100.0
124|02|22|2211|Family Welfare|00||001||0||01|State Family Welfare Bureau|041|Travel Expenses|2211-00-001-0-01|Travel Expenses|V|Data|Object-Head|0.05|1.00|1.00|1.00|100.0
124|02|22|2211|Family Welfare|00||001||0||01|State Family Welfare Bureau|051|General Expenses|2211-00-001-0-01|General Expenses|V|Data|Object-Head|9.19|10.00|10.00|10.00|100.0
124|02|22|2211|Family Welfare|00||001||0||01|State Family Welfare Bureau|071|Building Expenses|2211-00-001-0-01|Building Expenses|V|Data|Object-Head|0.91|5.00|5.00|5.00|100.0
124|02|22|2211|Family Welfare|00||001||0||01|State Family Welfare Bureau|195|Transport Expenses|2211-00-001-0-01|Transport Expenses|V|Data|Object-Head|12.34|25.00|25.00||100.0
124|02|22|2211|Family Welfare|00||001||0||01|State Family Welfare Bureau||||HOA Total :|V|Total|Detailed-Head|609.93|695.00|695.00|554.00|100.0
124|02|22|2211|Family Welfare|00||003||0||01|Regional Health and Family Welfare Training Centres|||2211-00-003-0-01|Regional Health and Family Welfare Training Centres|V|Header|Detailed-Head|||||100.0
124|02|22|2211|Family Welfare|00||003||0||01|Regional Health and Family Welfare Training Centres|002|Basic Pay|2211-00-003-0-01|Basic Pay|V|Data|Object-Head|160.07|1079.00|1079.00|431.00|100.0
124|02|22|2211|Family Welfare|00||003||0||01|Regional Health and Family Welfare Training Centres|003|Basic Pay-Staff|2211-00-003-0-01|Basic Pay-Staff|V|Data|Object-Head|841.73||||100.0
124|02|22|2211|Family Welfare|00||003||0||01|Regional Health and Family Welfare Training Centres|004|Interim Relief|2211-00-003-0-01|Interim Relief|V|Data|Object-Head|58.85||||100.0
124|02|22|2211|Family Welfare|00||003||0||01|Regional Health and Family Welfare Training Centres|011|Dearness Allowance|2211-00-003-0-01|Dearness Allowance|V|Data|Object-Head|222.98|238.00|238.00|108.00|100.0
124|02|22|2211|Family Welfare|00||003||0||01|Regional Health and Family Welfare Training Centres|014|Other Allowance|2211-00-003-0-01|Other Allowance|V|Data|Object-Head|220.81|238.00|238.00|149.00|100.0
124|02|22|2211|Family Welfare|00||003||0||01|Regional Health and Family Welfare Training Centres|020|Medical Allowance|2211-00-003-0-01|Medical Allowance|V|Data|Object-Head|4.90||||100.0
124|02|22|2211|Family Welfare|00||003||0||01|Regional Health and Family Welfare Training Centres|021|Reimbursement of Medical Expenses|2211-00-003-0-01|Reimbursement of Medical Expenses|V|Data|Object-Head|2.77|15.00|15.00|15.00|100.0
124|02|22|2211|Family Welfare|00||003||0||01|Regional Health and Family Welfare Training Centres|034|Contract/Outsource|2211-00-003-0-01|Contract/Outsource|V|Data|Object-Head|59.22|101.28|101.28|106.15|100.0
124|02|22|2211|Family Welfare|00||003||0||01|Regional Health and Family Welfare Training Centres|041|Travel Expenses|2211-00-003-0-01|Travel Expenses|V|Data|Object-Head|1.62|3.00|3.00|3.00|100.0
124|02|22|2211|Family Welfare|00||003||0||01|Regional Health and Family Welfare Training Centres|051|General Expenses|2211-00-003-0-01|General Expenses|V|Data|Object-Head|9.37|10.00|10.00|10.00|100.0
124|02|22|2211|Family Welfare|00||003||0||01|Regional Health and Family Welfare Training Centres|071|Building Expenses|2211-00-003-0-01|Building Expenses|V|Data|Object-Head|10.46|15.00|15.00|15.00|100.0
124|02|22|2211|Family Welfare|00||003||0||01|Regional Health and Family Welfare Training Centres|117|Scholarships & Incentives|2211-00-003-0-01|Scholarships & Incentives|V|Data|Object-Head|13.58|65.00|65.00||100.0
125|02|22|2211|Family Welfare|00||003||0||01|Regional Health and Family Welfare Training Centres|195|Transport Expenses|2211-00-003-0-01|Transport Expenses|V|Data|Object-Head|2.16|10.00|10.00|3.00|100.0
125|02|22|2211|Family Welfare|00||003||0||01|Regional Health and Family Welfare Training Centres|200|Maintenance Expenditure|2211-00-003-0-01|Maintenance Expenditure|V|Data|Object-Head|9.27|10.00|10.00|10.00|100.0
125|02|22|2211|Family Welfare|00||003||0||01|Regional Health and Family Welfare Training Centres||||HOA Total :|V|Total|Detailed-Head|1617.79|1784.28|1784.28|850.15|100.0
125|02|22|2211|Family Welfare|00||102|Urban Family Welfare Services|0||01|Urban Family Welfare Centres run by State Government|||2211-00-102-0-01|Urban Family Welfare Centres run by State Government|V|Header|Detailed-Head|||||100.0
125|02|22|2211|Family Welfare|00||102|Urban Family Welfare Services|0||01|Urban Family Welfare Centres run by State Government|002|Basic Pay|2211-00-102-0-01|Basic Pay|V|Data|Object-Head|122.31|423.00|423.00|374.00|100.0
125|02|22|2211|Family Welfare|00||102|Urban Family Welfare Services|0||01|Urban Family Welfare Centres run by State Government|003|Basic Pay-Staff|2211-00-102-0-01|Basic Pay-Staff|V|Data|Object-Head|238.25||||100.0
125|02|22|2211|Family Welfare|00||102|Urban Family Welfare Services|0||01|Urban Family Welfare Centres run by State Government|004|Interim Relief|2211-00-102-0-01|Interim Relief|V|Data|Object-Head|25.91||||100.0
125|02|22|2211|Family Welfare|00||102|Urban Family Welfare Services|0||01|Urban Family Welfare Centres run by State Government|011|Dearness Allowance|2211-00-102-0-01|Dearness Allowance|V|Data|Object-Head|89.88|93.00|93.00|94.00|100.0
125|02|22|2211|Family Welfare|00||102|Urban Family Welfare Services|0||01|Urban Family Welfare Centres run by State Government|014|Other Allowance|2211-00-102-0-01|Other Allowance|V|Data|Object-Head|114.04|124.00|124.00|89.00|100.0
125|02|22|2211|Family Welfare|00||102|Urban Family Welfare Services|0||01|Urban Family Welfare Centres run by State Government|020|Medical Allowance|2211-00-102-0-01|Medical Allowance|V|Data|Object-Head|1.69||||100.0
125|02|22|2211|Family Welfare|00||102|Urban Family Welfare Services|0||01|Urban Family Welfare Centres run by State Government|021|Reimbursement of Medical Expenses|2211-00-102-0-01|Reimbursement of Medical Expenses|V|Data|Object-Head||15.00|15.00|15.00|100.0
125|02|22|2211|Family Welfare|00||102|Urban Family Welfare Services|0||01|Urban Family Welfare Centres run by State Government|041|Travel Expenses|2211-00-102-0-01|Travel Expenses|V|Data|Object-Head|0.58|1.00|1.00|1.00|100.0
125|02|22|2211|Family Welfare|00||102|Urban Family Welfare Services|0||01|Urban Family Welfare Centres run by State Government|051|General Expenses|2211-00-102-0-01|General Expenses|V|Data|Object-Head|3.37|4.00|4.00|4.00|100.0
125|02|22|2211|Family Welfare|00||102|Urban Family Welfare Services|0||01|Urban Family Welfare Centres run by State Government|071|Building Expenses|2211-00-102-0-01|Building Expenses|V|Data|Object-Head|2.99|3.00|3.00|3.00|100.0
125|02|22|2211|Family Welfare|00||102|Urban Family Welfare Services|0||01|Urban Family Welfare Centres run by State Government|221|Materials and Supplies|2211-00-102-0-01|Materials and Supplies|V|Data|Object-Head|0.86|1.00|1.00|1.00|100.0
125|02|22|2211|Family Welfare|00||102|Urban Family Welfare Services|0||01|Urban Family Welfare Centres run by State Government||||HOA Total :|V|Total|Detailed-Head|599.88|664.00|664.00|581.00|100.0
125|02|22|2211|Family Welfare|00||102|Urban Family Welfare Services|0||02|Urban Family Welfare Centres run by Local Bodies & Voluntary Organisations|||2211-00-102-0-02|Urban Family Welfare Centres run by Local Bodies & Voluntary Organisations|V|Header|Detailed-Head|||||100.0
125|02|22|2211|Family Welfare|00||102|Urban Family Welfare Services|0||02|Urban Family Welfare Centres run by Local Bodies & Voluntary Organisations|101|Grants-in-Aid-Salaries|2211-00-102-0-02|Grants-in-Aid-Salaries|V|Data|Object-Head|897.58|1378.46|1378.46||100.0
125|02|22|2211|Family Welfare|00||102|Urban Family Welfare Services|0||02|Urban Family Welfare Centres run by Local Bodies & Voluntary Organisations||||HOA Total :|V|Total|Detailed-Head|897.58|1378.46|1378.46||100.0
125|02|22|2211|Family Welfare|00||102|Urban Family Welfare Services|0||04|Urban Family Welfare Centres run by Local Bodies & Voluntary Organisations|||2211-00-102-0-04|Urban Family Welfare Centres run by Local Bodies & Voluntary Organisations|V|Header|Detailed-Head|||||100.0
125|02|22|2211|Family Welfare|00||102|Urban Family Welfare Services|0||04|Urban Family Welfare Centres run by Local Bodies & Voluntary Organisations|101|Grants-in-Aid-Salaries|2211-00-102-0-04|Grants-in-Aid-Salaries|V|Data|Object-Head||||1343.79|100.0
125|02|22|2211|Family Welfare|00||102|Urban Family Welfare Services|0||04|Urban Family Welfare Centres run by Local Bodies & Voluntary Organisations||||HOA Total :|V|Total|Detailed-Head|0.00|0.00|0.00|1343.79|100.0
126|02|22|2211|Family Welfare|00||103||0||11|Honorarium to ASHA Workers|||2211-00-103-0-11|Honorarium to ASHA Workers|V|Header|Detailed-Head|||||100.0
126|02|22|2211|Family Welfare|00||103||0||11|Honorarium to ASHA Workers|324|Honorarium|2211-00-103-0-11|Honorarium|V|Data|Object-Head|24255.95|27100.00|27100.00|25200.00|100.0
126|02|22|2211|Family Welfare|00||103||0||11|Honorarium to ASHA Workers||||HOA Total :|V|Total|Detailed-Head|24255.95|27100.00|27100.00|25200.00|100.0
126|02|22|2211|Family Welfare|00||108||0||07|State Institute of HFW , DTCs and Indian Population Project-Population Centre|||2211-00-108-0-07|State Institute of HFW , DTCs and Indian Population Project-Population Centre|V|Header|Detailed-Head|||||100.0
126|02|22|2211|Family Welfare|00||108||0||07|State Institute of HFW , DTCs and Indian Population Project-Population Centre|002|Basic Pay|2211-00-108-0-07|Basic Pay|V|Data|Object-Head|452.64|1454.00|1454.00|1254.00|100.0
126|02|22|2211|Family Welfare|00||108||0||07|State Institute of HFW , DTCs and Indian Population Project-Population Centre|003|Basic Pay-Staff|2211-00-108-0-07|Basic Pay-Staff|V|Data|Object-Head|915.73||||100.0
126|02|22|2211|Family Welfare|00||108||0||07|State Institute of HFW , DTCs and Indian Population Project-Population Centre|004|Interim Relief|2211-00-108-0-07|Interim Relief|V|Data|Object-Head|89.04||||100.0
126|02|22|2211|Family Welfare|00||108||0||07|State Institute of HFW , DTCs and Indian Population Project-Population Centre|011|Dearness Allowance|2211-00-108-0-07|Dearness Allowance|V|Data|Object-Head|324.29|320.00|320.00|314.00|100.0
126|02|22|2211|Family Welfare|00||108||0||07|State Institute of HFW , DTCs and Indian Population Project-Population Centre|014|Other Allowance|2211-00-108-0-07|Other Allowance|V|Data|Object-Head|450.98|432.00|432.00|363.00|100.0
126|02|22|2211|Family Welfare|00||108||0||07|State Institute of HFW , DTCs and Indian Population Project-Population Centre|020|Medical Allowance|2211-00-108-0-07|Medical Allowance|V|Data|Object-Head|6.77||||100.0
126|02|22|2211|Family Welfare|00||108||0||07|State Institute of HFW , DTCs and Indian Population Project-Population Centre|021|Reimbursement of Medical Expenses|2211-00-108-0-07|Reimbursement of Medical Expenses|V|Data|Object-Head|9.60|15.00|15.00|15.00|100.0
126|02|22|2211|Family Welfare|00||108||0||07|State Institute of HFW , DTCs and Indian Population Project-Population Centre|034|Contract/Outsource|2211-00-108-0-07|Contract/Outsource|V|Data|Object-Head|73.12|82.62|82.62|85.78|100.0
126|02|22|2211|Family Welfare|00||108||0||07|State Institute of HFW , DTCs and Indian Population Project-Population Centre|041|Travel Expenses|2211-00-108-0-07|Travel Expenses|V|Data|Object-Head|2.66|4.00|4.00|4.00|100.0
126|02|22|2211|Family Welfare|00||108||0||07|State Institute of HFW , DTCs and Indian Population Project-Population Centre|050|Office Expenses|2211-00-108-0-07|Office Expenses|V|Data|Object-Head||3.00|3.00|3.00|100.0
126|02|22|2211|Family Welfare|00||108||0||07|State Institute of HFW , DTCs and Indian Population Project-Population Centre|051|General Expenses|2211-00-108-0-07|General Expenses|V|Data|Object-Head|64.80|65.00|65.00|65.00|100.0
126|02|22|2211|Family Welfare|00||108||0||07|State Institute of HFW , DTCs and Indian Population Project-Population Centre|052|Telephone Charges|2211-00-108-0-07|Telephone Charges|V|Data|Object-Head|2.53||||100.0
126|02|22|2211|Family Welfare|00||108||0||07|State Institute of HFW , DTCs and Indian Population Project-Population Centre|071|Building Expenses|2211-00-108-0-07|Building Expenses|V|Data|Object-Head|15.92|21.00|21.00|21.00|100.0
126|02|22|2211|Family Welfare|00||108||0||07|State Institute of HFW , DTCs and Indian Population Project-Population Centre|195|Transport Expenses|2211-00-108-0-07|Transport Expenses|V|Data|Object-Head|3.95|10.00|10.00|5.77|100.0
126|02|22|2211|Family Welfare|00||108||0||07|State Institute of HFW , DTCs and Indian Population Project-Population Centre||||HOA Total :|V|Total|Detailed-Head|2412.03|2406.62|2406.62|2130.55|100.0
126|02|22|2211|Family Welfare|00||196||1||01|GIA to NGO PHCs and other Programs|||2211-00-196-1-01|GIA to NGO PHCs and other Programs|V|Header|Detailed-Head|||||100.0
126|02|22|2211|Family Welfare|00||196||1||01|GIA to NGO PHCs and other Programs|401|Bengaluru (Urban)|2211-00-196-1-01|Bengaluru (Urban)|V|Data|Object-Head|1098.96|1107.10|1107.10|1225.60|100.0
126|02|22|2211|Family Welfare|00||196||1||01|GIA to NGO PHCs and other Programs|402|Bengaluru (Rural)|2211-00-196-1-01|Bengaluru (Rural)|V|Data|Object-Head|150.67|153.53|153.53|150.58|100.0
127|02|22|2211|Family Welfare|00||196||1||01|GIA to NGO PHCs and other Programs|403|Chitradurga|2211-00-196-1-01|Chitradurga|V|Data|Object-Head|1593.09|1566.07|1566.07|1523.55|100.0
127|02|22|2211|Family Welfare|00||196||1||01|GIA to NGO PHCs and other Programs|404|Kolar|2211-00-196-1-01|Kolar|V|Data|Object-Head|480.65|482.17|482.17|426.61|100.0
127|02|22|2211|Family Welfare|00||196||1||01|GIA to NGO PHCs and other Programs|405|Shivamogga|2211-00-196-1-01|Shivamogga|V|Data|Object-Head|470.09|478.40|478.40|492.89|100.0
127|02|22|2211|Family Welfare|00||196||1||01|GIA to NGO PHCs and other Programs|406|Tumakuru|2211-00-196-1-01|Tumakuru|V|Data|Object-Head|396.97|238.52|238.52|305.48|100.0
127|02|22|2211|Family Welfare|00||196||1||01|GIA to NGO PHCs and other Programs|407|Mysuru|2211-00-196-1-01|Mysuru|V|Data|Object-Head|540.83|606.24|606.24|507.58|100.0
127|02|22|2211|Family Welfare|00||196||1||01|GIA to NGO PHCs and other Programs|408|Chikkamagaluru|2211-00-196-1-01|Chikkamagaluru|V|Data|Object-Head|328.40|232.00|232.00|246.00|100.0
127|02|22|2211|Family Welfare|00||196||1||01|GIA to NGO PHCs and other Programs|409|Dakshina Kannada|2211-00-196-1-01|Dakshina Kannada|V|Data|Object-Head|123.77|115.41|115.41|111.00|100.0
127|02|22|2211|Family Welfare|00||196||1||01|GIA to NGO PHCs and other Programs|410|Hassan|2211-00-196-1-01|Hassan|V|Data|Object-Head|166.05|169.41|169.41|149.60|100.0
127|02|22|2211|Family Welfare|00||196||1||01|GIA to NGO PHCs and other Programs|411|Kodagu|2211-00-196-1-01|Kodagu|V|Data|Object-Head|388.82|356.00|356.00|477.30|100.0
127|02|22|2211|Family Welfare|00||196||1||01|GIA to NGO PHCs and other Programs|412|Mandya|2211-00-196-1-01|Mandya|V|Data|Object-Head|241.71|335.50|335.50|362.81|100.0
127|02|22|2211|Family Welfare|00||196||1||01|GIA to NGO PHCs and other Programs|413|Belagavi|2211-00-196-1-01|Belagavi|V|Data|Object-Head|961.53|1014.56|1014.56|1148.14|100.0
127|02|22|2211|Family Welfare|00||196||1||01|GIA to NGO PHCs and other Programs|414|Vijayapura|2211-00-196-1-01|Vijayapura|V|Data|Object-Head|209.08|213.54|213.54|203.14|100.0
127|02|22|2211|Family Welfare|00||196||1||01|GIA to NGO PHCs and other Programs|415|Dharwad|2211-00-196-1-01|Dharwad|V|Data|Object-Head|490.34|502.97|502.97|537.41|100.0
127|02|22|2211|Family Welfare|00||196||1||01|GIA to NGO PHCs and other Programs|416|Uttara Kannada|2211-00-196-1-01|Uttara Kannada|V|Data|Object-Head|342.21|452.69|452.69|422.63|100.0
127|02|22|2211|Family Welfare|00||196||1||01|GIA to NGO PHCs and other Programs|417|Kalaburagi|2211-00-196-1-01|Kalaburagi|V|Data|Object-Head|512.42|541.87|541.87|505.40|100.0
127|02|22|2211|Family Welfare|00||196||1||01|GIA to NGO PHCs and other Programs|418|Ballari|2211-00-196-1-01|Ballari|V|Data|Object-Head|287.74|297.82|297.82|303.18|100.0
127|02|22|2211|Family Welfare|00||196||1||01|GIA to NGO PHCs and other Programs|419|Bidar|2211-00-196-1-01|Bidar|V|Data|Object-Head|120.64|121.44|121.44|123.00|100.0
127|02|22|2211|Family Welfare|00||196||1||01|GIA to NGO PHCs and other Programs|420|Raichur|2211-00-196-1-01|Raichur|V|Data|Object-Head|354.75|506.86|506.86|418.52|100.0
127|02|22|2211|Family Welfare|00||196||1||01|GIA to NGO PHCs and other Programs|421|Yadgiri|2211-00-196-1-01|Yadgiri|V|Data|Object-Head|63.39|66.24|66.24|71.14|100.0
127|02|22|2211|Family Welfare|00||196||1||01|GIA to NGO PHCs and other Programs|451|Davanagere|2211-00-196-1-01|Davanagere|V|Data|Object-Head|666.64|610.47|610.47|631.62|100.0
127|02|22|2211|Family Welfare|00||196||1||01|GIA to NGO PHCs and other Programs|452|Bengaluru South|2211-00-196-1-01|Bengaluru South|V|Data|Object-Head|84.42|139.90|139.90|150.17|100.0
127|02|22|2211|Family Welfare|00||196||1||01|GIA to NGO PHCs and other Programs|453|Chikkaballapura|2211-00-196-1-01|Chikkaballapura|V|Data|Object-Head|381.64|414.11|414.11|430.63|100.0
127|02|22|2211|Family Welfare|00||196||1||01|GIA to NGO PHCs and other Programs|456|Chamarajanagar|2211-00-196-1-01|Chamarajanagar|V|Data|Object-Head|213.09|225.73|225.73|92.00|100.0
127|02|22|2211|Family Welfare|00||196||1||01|GIA to NGO PHCs and other Programs|457|Udupi|2211-00-196-1-01|Udupi|V|Data|Object-Head|52.32|61.00|61.00|72.00|100.0
127|02|22|2211|Family Welfare|00||196||1||01|GIA to NGO PHCs and other Programs|461|Bagalkot|2211-00-196-1-01|Bagalkot|V|Data|Object-Head|212.70|131.00|131.00|144.25|100.0
127|02|22|2211|Family Welfare|00||196||1||01|GIA to NGO PHCs and other Programs|462|Gadag|2211-00-196-1-01|Gadag|V|Data|Object-Head|144.04|152.16|152.16|135.42|100.0
127|02|22|2211|Family Welfare|00||196||1||01|GIA to NGO PHCs and other Programs|463|Haveri|2211-00-196-1-01|Haveri|V|Data|Object-Head|115.06|161.25|161.25|186.46|100.0
127|02|22|2211|Family Welfare|00||196||1||01|GIA to NGO PHCs and other Programs|466|Koppal|2211-00-196-1-01|Koppal|V|Data|Object-Head|198.64|172.00|172.00|177.00|100.0
127|02|22|2211|Family Welfare|00||196||1||01|GIA to NGO PHCs and other Programs|467|Vijayanagara|2211-00-196-1-01|Vijayanagara|V|Data|Object-Head|128.88|123.28|123.28|132.55|100.0
127|02|22|2211|Family Welfare|00||196||1||01|GIA to NGO PHCs and other Programs||||HOA Total :|V|Total|Detailed-Head|11519.54|11749.24|11749.24|11863.66|100.0
128|02|22|2211|Family Welfare|00||196|Assistance to Zilla Panchayats/District Level Panchayats|6|District Family Welfare Bureau|02|District Family Welfare Bureau|||2211-00-196-6-02|District Family Welfare Bureau|V|Header|Detailed-Head|||||
128|02|22|2211|Family Welfare|00||196|Assistance to Zilla Panchayats/District Level Panchayats|6|District Family Welfare Bureau|02|District Family Welfare Bureau|401|Bengaluru (Urban)|2211-00-196-6-02|Bengaluru (Urban)|V|Data|Object-Head|246.66|162.90|162.90|228.83|
128|02|22|2211|Family Welfare|00||196|Assistance to Zilla Panchayats/District Level Panchayats|6|District Family Welfare Bureau|02|District Family Welfare Bureau|402|Bengaluru (Rural)|2211-00-196-6-02|Bengaluru (Rural)|V|Data|Object-Head|178.55|182.61|182.61|215.92|
128|02|22|2211|Family Welfare|00||196|Assistance to Zilla Panchayats/District Level Panchayats|6|District Family Welfare Bureau|02|District Family Welfare Bureau|403|Chitradurga|2211-00-196-6-02|Chitradurga|V|Data|Object-Head|202.88|209.86|209.86|244.76|
128|02|22|2211|Family Welfare|00||196|Assistance to Zilla Panchayats/District Level Panchayats|6|District Family Welfare Bureau|02|District Family Welfare Bureau|404|Kolar|2211-00-196-6-02|Kolar|V|Data|Object-Head|192.17|215.84|215.84|223.64|
128|02|22|2211|Family Welfare|00||196|Assistance to Zilla Panchayats/District Level Panchayats|6|District Family Welfare Bureau|02|District Family Welfare Bureau|405|Shivamogga|2211-00-196-6-02|Shivamogga|V|Data|Object-Head|251.88|257.80|257.80|300.46|
128|02|22|2211|Family Welfare|00||196|Assistance to Zilla Panchayats/District Level Panchayats|6|District Family Welfare Bureau|02|District Family Welfare Bureau|406|Tumakuru|2211-00-196-6-02|Tumakuru|V|Data|Object-Head|222.77|249.07|249.07|256.69|
128|02|22|2211|Family Welfare|00||196|Assistance to Zilla Panchayats/District Level Panchayats|6|District Family Welfare Bureau|02|District Family Welfare Bureau|407|Mysuru|2211-00-196-6-02|Mysuru|V|Data|Object-Head|324.08|264.62|264.62|321.75|
128|02|22|2211|Family Welfare|00||196|Assistance to Zilla Panchayats/District Level Panchayats|6|District Family Welfare Bureau|02|District Family Welfare Bureau|408|Chikkamagaluru|2211-00-196-6-02|Chikkamagaluru|V|Data|Object-Head|298.46|329.50|329.50|307.21|
128|02|22|2211|Family Welfare|00||196|Assistance to Zilla Panchayats/District Level Panchayats|6|District Family Welfare Bureau|02|District Family Welfare Bureau|409|Dakshina Kannada|2211-00-196-6-02|Dakshina Kannada|V|Data|Object-Head|168.39|196.25|196.25|195.82|
128|02|22|2211|Family Welfare|00||196|Assistance to Zilla Panchayats/District Level Panchayats|6|District Family Welfare Bureau|02|District Family Welfare Bureau|410|Hassan|2211-00-196-6-02|Hassan|V|Data|Object-Head|425.79|427.17|427.17|253.25|
128|02|22|2211|Family Welfare|00||196|Assistance to Zilla Panchayats/District Level Panchayats|6|District Family Welfare Bureau|02|District Family Welfare Bureau|411|Kodagu|2211-00-196-6-02|Kodagu|V|Data|Object-Head|171.97|174.17|174.17|142.80|
128|02|22|2211|Family Welfare|00||196|Assistance to Zilla Panchayats/District Level Panchayats|6|District Family Welfare Bureau|02|District Family Welfare Bureau|412|Mandya|2211-00-196-6-02|Mandya|V|Data|Object-Head|248.34|296.05|296.05|274.21|
128|02|22|2211|Family Welfare|00||196|Assistance to Zilla Panchayats/District Level Panchayats|6|District Family Welfare Bureau|02|District Family Welfare Bureau|413|Belagavi|2211-00-196-6-02|Belagavi|V|Data|Object-Head|896.26|884.02|884.02|732.52|
128|02|22|2211|Family Welfare|00||196|Assistance to Zilla Panchayats/District Level Panchayats|6|District Family Welfare Bureau|02|District Family Welfare Bureau|414|Vijayapura|2211-00-196-6-02|Vijayapura|V|Data|Object-Head|249.45|288.30|288.30|281.21|
128|02|22|2211|Family Welfare|00||196|Assistance to Zilla Panchayats/District Level Panchayats|6|District Family Welfare Bureau|02|District Family Welfare Bureau|415|Dharwad|2211-00-196-6-02|Dharwad|V|Data|Object-Head|289.10|325.76|325.76|313.42|
128|02|22|2211|Family Welfare|00||196|Assistance to Zilla Panchayats/District Level Panchayats|6|District Family Welfare Bureau|02|District Family Welfare Bureau|416|Uttara Kannada|2211-00-196-6-02|Uttara Kannada|V|Data|Object-Head|173.94|210.02|210.02|195.91|
128|02|22|2211|Family Welfare|00||196|Assistance to Zilla Panchayats/District Level Panchayats|6|District Family Welfare Bureau|02|District Family Welfare Bureau|417|Kalaburagi|2211-00-196-6-02|Kalaburagi|V|Data|Object-Head|371.68|398.62|398.62|419.57|
128|02|22|2211|Family Welfare|00||196|Assistance to Zilla Panchayats/District Level Panchayats|6|District Family Welfare Bureau|02|District Family Welfare Bureau|418|Ballari|2211-00-196-6-02|Ballari|V|Data|Object-Head|184.46|195.06|195.06|174.55|
128|02|22|2211|Family Welfare|00||196|Assistance to Zilla Panchayats/District Level Panchayats|6|District Family Welfare Bureau|02|District Family Welfare Bureau|419|Bidar|2211-00-196-6-02|Bidar|V|Data|Object-Head|318.38|345.84|345.84|341.27|
128|02|22|2211|Family Welfare|00||196|Assistance to Zilla Panchayats/District Level Panchayats|6|District Family Welfare Bureau|02|District Family Welfare Bureau|420|Raichur|2211-00-196-6-02|Raichur|V|Data|Object-Head|236.73|268.22|268.22|266.09|
128|02|22|2211|Family Welfare|00||196|Assistance to Zilla Panchayats/District Level Panchayats|6|District Family Welfare Bureau|02|District Family Welfare Bureau|421|Yadgiri|2211-00-196-6-02|Yadgiri|V|Data|Object-Head|22.88|30.00|30.00|30.00|
128|02|22|2211|Family Welfare|00||196|Assistance to Zilla Panchayats/District Level Panchayats|6|District Family Welfare Bureau|02|District Family Welfare Bureau|451|Davanagere|2211-00-196-6-02|Davanagere|V|Data|Object-Head|157.34|177.43|177.43|211.60|
128|02|22|2211|Family Welfare|00||196|Assistance to Zilla Panchayats/District Level Panchayats|6|District Family Welfare Bureau|02|District Family Welfare Bureau|452|Bengaluru South|2211-00-196-6-02|Bengaluru South|V|Data|Object-Head|66.56|74.50|74.50|88.05|
128|02|22|2211|Family Welfare|00||196|Assistance to Zilla Panchayats/District Level Panchayats|6|District Family Welfare Bureau|02|District Family Welfare Bureau|453|Chikkaballapura|2211-00-196-6-02|Chikkaballapura|V|Data|Object-Head|71.83|104.54|104.54|121.68|
128|02|22|2211|Family Welfare|00||196|Assistance to Zilla Panchayats/District Level Panchayats|6|District Family Welfare Bureau|02|District Family Welfare Bureau|456|Chamarajanagar|2211-00-196-6-02|Chamarajanagar|V|Data|Object-Head|180.16|167.68|167.68|134.83|
128|02|22|2211|Family Welfare|00||196|Assistance to Zilla Panchayats/District Level Panchayats|6|District Family Welfare Bureau|02|District Family Welfare Bureau|457|Udupi|2211-00-196-6-02|Udupi|V|Data|Object-Head|111.95|171.26|171.26|175.05|
128|02|22|2211|Family Welfare|00||196|Assistance to Zilla Panchayats/District Level Panchayats|6|District Family Welfare Bureau|02|District Family Welfare Bureau|461|Bagalkot|2211-00-196-6-02|Bagalkot|V|Data|Object-Head|183.13|253.88|253.88|220.84|
128|02|22|2211|Family Welfare|00||196|Assistance to Zilla Panchayats/District Level Panchayats|6|District Family Welfare Bureau|02|District Family Welfare Bureau|462|Gadag|2211-00-196-6-02|Gadag|V|Data|Object-Head|225.79|270.66|270.66|260.17|
129|02|22|2211|Family Welfare|00||196||6||04||463|Haveri|2211-00-196-6-04|Haveri|V|Data|Object-Head|178.11|200.34|200.34|222.74|7.95
129|02|22|2211|Family Welfare|00||196||6||04||466|Koppal|2211-00-196-6-04|Koppal|V|Data|Object-Head|221.08|251.56|251.56|216.37|7.95
129|02|22|2211|Family Welfare|00||196||6||04||467|Vijayanagara|2211-00-196-6-04|Vijayanagara|V|Data|Object-Head|126.62|178.21|178.21|185.70|7.95
129|02|22|2211|Family Welfare|00||196||6||04||||2211-00-196-6-04|HOA Total :|V|Total|Detailed-Head|7197.39|7761.74|7761.74|7556.91|7.95
129|02|22|2211|Family Welfare|00||196||6||05|Rural Family Health Centres in PHCs||||2211-00-196-6-05|Rural Family Health Centres in PHCs|Header|Detailed-Head|||||100.0
129|02|22|2211|Family Welfare|00||196||6||05|Rural Family Health Centres in PHCs|401|Bengaluru (Urban)|2211-00-196-6-05|Bengaluru (Urban)|V|Data|Object-Head|479.07|497.77|497.77|485.82|100.0
129|02|22|2211|Family Welfare|00||196||6||05|Rural Family Health Centres in PHCs|402|Bengaluru (Rural)|2211-00-196-6-05|Bengaluru (Rural)|V|Data|Object-Head|132.07|161.48|161.48|212.49|100.0
129|02|22|2211|Family Welfare|00||196||6||05|Rural Family Health Centres in PHCs|403|Chitradurga|2211-00-196-6-05|Chitradurga|V|Data|Object-Head|437.03|472.84|472.84|462.57|100.0
129|02|22|2211|Family Welfare|00||196||6||05|Rural Family Health Centres in PHCs|404|Kolar|2211-00-196-6-05|Kolar|V|Data|Object-Head|369.33|420.02|420.02|388.72|100.0
129|02|22|2211|Family Welfare|00||196||6||05|Rural Family Health Centres in PHCs|405|Shivamogga|2211-00-196-6-05|Shivamogga|V|Data|Object-Head|427.51|484.93|484.93|450.64|100.0
129|02|22|2211|Family Welfare|00||196||6||05|Rural Family Health Centres in PHCs|406|Tumakuru|2211-00-196-6-05|Tumakuru|V|Data|Object-Head|819.15|918.35|918.35|912.56|100.0
129|02|22|2211|Family Welfare|00||196||6||05|Rural Family Health Centres in PHCs|407|Mysuru|2211-00-196-6-05|Mysuru|V|Data|Object-Head|418.87|417.43|417.43|431.08|100.0
129|02|22|2211|Family Welfare|00||196||6||05|Rural Family Health Centres in PHCs|408|Chikkamagaluru|2211-00-196-6-05|Chikkamagaluru|V|Data|Object-Head|407.08|469.44|469.44|447.78|100.0
129|02|22|2211|Family Welfare|00||196||6||05|Rural Family Health Centres in PHCs|409|Dakshina Kannada|2211-00-196-6-05|Dakshina Kannada|V|Data|Object-Head|473.89|477.39|477.39|431.03|100.0
129|02|22|2211|Family Welfare|00||196||6||05|Rural Family Health Centres in PHCs|410|Hassan|2211-00-196-6-05|Hassan|V|Data|Object-Head|839.71|981.09|981.09|895.94|100.0
129|02|22|2211|Family Welfare|00||196||6||05|Rural Family Health Centres in PHCs|411|Kodagu|2211-00-196-6-05|Kodagu|V|Data|Object-Head|71.76|67.63|67.63|71.38|100.0
129|02|22|2211|Family Welfare|00||196||6||05|Rural Family Health Centres in PHCs|412|Mandya|2211-00-196-6-05|Mandya|V|Data|Object-Head|348.53|365.40|365.40|372.99|100.0
129|02|22|2211|Family Welfare|00||196||6||05|Rural Family Health Centres in PHCs|413|Belagavi|2211-00-196-6-05|Belagavi|V|Data|Object-Head|1735.50|1864.43|1864.43|1776.79|100.0
129|02|22|2211|Family Welfare|00||196||6||05|Rural Family Health Centres in PHCs|414|Vijayapura|2211-00-196-6-05|Vijayapura|V|Data|Object-Head|985.89|1136.40|1136.40|1162.28|100.0
129|02|22|2211|Family Welfare|00||196||6||05|Rural Family Health Centres in PHCs|415|Dharwad|2211-00-196-6-05|Dharwad|V|Data|Object-Head|517.91|557.71|557.71|613.26|100.0
129|02|22|2211|Family Welfare|00||196||6||05|Rural Family Health Centres in PHCs|416|Uttara Kannada|2211-00-196-6-05|Uttara Kannada|V|Data|Object-Head|547.23|563.09|563.09|492.32|100.0
129|02|22|2211|Family Welfare|00||196||6||05|Rural Family Health Centres in PHCs|417|Kalaburagi|2211-00-196-6-05|Kalaburagi|V|Data|Object-Head|977.93|1040.09|1040.09|960.73|100.0
129|02|22|2211|Family Welfare|00||196||6||05|Rural Family Health Centres in PHCs|418|Ballari|2211-00-196-6-05|Ballari|V|Data|Object-Head|412.67|453.25|453.25|404.35|100.0
129|02|22|2211|Family Welfare|00||196||6||05|Rural Family Health Centres in PHCs|419|Bidar|2211-00-196-6-05|Bidar|V|Data|Object-Head|751.02|898.56|898.56|883.65|100.0
129|02|22|2211|Family Welfare|00||196||6||05|Rural Family Health Centres in PHCs|420|Raichur|2211-00-196-6-05|Raichur|V|Data|Object-Head|573.45|668.90|668.90|665.65|100.0
129|02|22|2211|Family Welfare|00||196||6||05|Rural Family Health Centres in PHCs|421|Yadgiri|2211-00-196-6-05|Yadgiri|V|Data|Object-Head|328.64|327.92|327.92|281.61|100.0
129|02|22|2211|Family Welfare|00||196||6||05|Rural Family Health Centres in PHCs|451|Davanagere|2211-00-196-6-05|Davanagere|V|Data|Object-Head|582.22|611.93|611.93|588.03|100.0
129|02|22|2211|Family Welfare|00||196||6||05|Rural Family Health Centres in PHCs|452|Bengaluru South|2211-00-196-6-05|Bengaluru South|V|Data|Object-Head|204.35|220.27|220.27|236.57|100.0
130|02|22|2211|Family Welfare|00||196||6||05|Rural Family Health Centres in PHCs|453|Chikkaballapura|2211-00-196-6-05|Chikkaballapura|V|Data|Object-Head|147.75|158.65|158.65|220.70|100.0
130|02|22|2211|Family Welfare|00||196||6||05|Rural Family Health Centres in PHCs|456|Chamarajanagar|2211-00-196-6-05|Chamarajanagar|V|Data|Object-Head|189.48|183.02|183.02|191.80|100.0
130|02|22|2211|Family Welfare|00||196||6||05|Rural Family Health Centres in PHCs|457|Udupi|2211-00-196-6-05|Udupi|V|Data|Object-Head|263.76|295.77|295.77|315.60|100.0
130|02|22|2211|Family Welfare|00||196||6||05|Rural Family Health Centres in PHCs|461|Bagalkot|2211-00-196-6-05|Bagalkot|V|Data|Object-Head|873.32|982.47|982.47|994.68|100.0
130|02|22|2211|Family Welfare|00||196||6||05|Rural Family Health Centres in PHCs|462|Gadag|2211-00-196-6-05|Gadag|V|Data|Object-Head|366.75|472.21|472.21|545.81|100.0
130|02|22|2211|Family Welfare|00||196||6||05|Rural Family Health Centres in PHCs|463|Haveri|2211-00-196-6-05|Haveri|V|Data|Object-Head|579.17|650.75|650.75|615.86|100.0
130|02|22|2211|Family Welfare|00||196||6||05|Rural Family Health Centres in PHCs|466|Koppal|2211-00-196-6-05|Koppal|V|Data|Object-Head|438.55|463.26|463.26|420.71|100.0
130|02|22|2211|Family Welfare|00||196||6||05|Rural Family Health Centres in PHCs|467|Vijayanagara|2211-00-196-6-05|Vijayanagara|V|Data|Object-Head|389.25|433.58|433.58|409.42|100.0
130|02|22|2211|Family Welfare|00||196||6||05|Rural Family Health Centres in PHCs|||2211-00-196-6-05|HOA Total :|V|Total|Detailed-Head|16088.84|17716.03|17716.03|17342.82|100.0
130|02|22|2211|Family Welfare|00||196||6||06|Rural Sub-Centres under Family Welfare||||2211-00-196-6-06|Rural Sub-Centres under Family Welfare|Header|Detailed-Head|||||100.0
130|02|22|2211|Family Welfare|00||196||6||06|Rural Sub-Centres under Family Welfare|401|Bengaluru (Urban)|2211-00-196-6-06|Bengaluru (Urban)|V|Data|Object-Head|978.20|1109.47|1109.47|1109.86|100.0
130|02|22|2211|Family Welfare|00||196||6||06|Rural Sub-Centres under Family Welfare|402|Bengaluru (Rural)|2211-00-196-6-06|Bengaluru (Rural)|V|Data|Object-Head|1018.94|1187.12|1187.12|1180.77|100.0
130|02|22|2211|Family Welfare|00||196||6||06|Rural Sub-Centres under Family Welfare|403|Chitradurga|2211-00-196-6-06|Chitradurga|V|Data|Object-Head|1526.72|1650.54|1650.54|1567.58|100.0
130|02|22|2211|Family Welfare|00||196||6||06|Rural Sub-Centres under Family Welfare|404|Kolar|2211-00-196-6-06|Kolar|V|Data|Object-Head|376.95|412.40|412.40|404.26|100.0
130|02|22|2211|Family Welfare|00||196||6||06|Rural Sub-Centres under Family Welfare|405|Shivamogga|2211-00-196-6-06|Shivamogga|V|Data|Object-Head|1734.33|1994.44|1994.44|1990.62|100.0
130|02|22|2211|Family Welfare|00||196||6||06|Rural Sub-Centres under Family Welfare|406|Tumakuru|2211-00-196-6-06|Tumakuru|V|Data|Object-Head|2291.01|2671.39|2671.39|2698.51|100.0
130|02|22|2211|Family Welfare|00||196||6||06|Rural Sub-Centres under Family Welfare|407|Mysuru|2211-00-196-6-06|Mysuru|V|Data|Object-Head|1948.29|2158.49|2158.49|2175.65|100.0
130|02|22|2211|Family Welfare|00||196||6||06|Rural Sub-Centres under Family Welfare|408|Chikkamagaluru|2211-00-196-6-06|Chikkamagaluru|V|Data|Object-Head|1373.24|1526.48|1526.48|1508.69|100.0
130|02|22|2211|Family Welfare|00||196||6||06|Rural Sub-Centres under Family Welfare|409|Dakshina Kannada|2211-00-196-6-06|Dakshina Kannada|V|Data|Object-Head|2085.49|2388.05|2388.05|2453.40|100.0
130|02|22|2211|Family Welfare|00||196||6||06|Rural Sub-Centres under Family Welfare|410|Hassan|2211-00-196-6-06|Hassan|V|Data|Object-Head|2233.79|2596.22|2596.22|2667.43|100.0
130|02|22|2211|Family Welfare|00||196||6||06|Rural Sub-Centres under Family Welfare|411|Kodagu|2211-00-196-6-06|Kodagu|V|Data|Object-Head|644.55|700.69|700.69|598.95|100.0
130|02|22|2211|Family Welfare|00||196||6||06|Rural Sub-Centres under Family Welfare|412|Mandya|2211-00-196-6-06|Mandya|V|Data|Object-Head|1509.18|1767.13|1767.13|1733.53|100.0
130|02|22|2211|Family Welfare|00||196||6||06|Rural Sub-Centres under Family Welfare|413|Belagavi|2211-00-196-6-06|Belagavi|V|Data|Object-Head|2835.29|3125.54|3125.54|3138.85|100.0
130|02|22|2211|Family Welfare|00||196||6||06|Rural Sub-Centres under Family Welfare|414|Vijayapura|2211-00-196-6-06|Vijayapura|V|Data|Object-Head|1276.15|1499.50|1499.50|1542.67|100.0
130|02|22|2211|Family Welfare|00||196||6||06|Rural Sub-Centres under Family Welfare|415|Dharwad|2211-00-196-6-06|Dharwad|V|Data|Object-Head|863.93|987.71|987.71|974.04|100.0
130|02|22|2211|Family Welfare|00||196||6||06|Rural Sub-Centres under Family Welfare|416|Uttara Kannada|2211-00-196-6-06|Uttara Kannada|V|Data|Object-Head|1760.57|1920.33|1920.33|1886.55|100.0
130|02|22|2211|Family Welfare|00||196||6||06|Rural Sub-Centres under Family Welfare|417|Kalaburagi|2211-00-196-6-06|Kalaburagi|V|Data|Object-Head|1072.03|1265.46|1265.46|1229.89|100.0
130|02|22|2211|Family Welfare|00||196||6||06|Rural Sub-Centres under Family Welfare|418|Ballari|2211-00-196-6-06|Ballari|V|Data|Object-Head|197.84|210.46|210.46|254.53|100.0
131|02|22|2211|Family Welfare|00||196||6||06|Rural Sub-Centres under Family Welfare|419|Bidar|2211-00-196-6-06|Bidar|V|Data|Object-Head|984.08|1128.08|1128.08|1081.95|100.0
131|02|22|2211|Family Welfare|00||196||6||06|Rural Sub-Centres under Family Welfare|420|Raichur|2211-00-196-6-06|Raichur|V|Data|Object-Head|1406.33|1576.87|1576.87|1621.34|100.0
131|02|22|2211|Family Welfare|00||196||6||06|Rural Sub-Centres under Family Welfare|421|Yadgiri|2211-00-196-6-06|Yadgiri|V|Data|Object-Head|372.11|401.20|401.20|381.41|100.0
131|02|22|2211|Family Welfare|00||196||6||06|Rural Sub-Centres under Family Welfare|451|Davanagere|2211-00-196-6-06|Davanagere|V|Data|Object-Head|1353.19|1567.01|1567.01|1559.88|100.0
131|02|22|2211|Family Welfare|00||196||6||06|Rural Sub-Centres under Family Welfare|452|Bengaluru South|2211-00-196-6-06|Bengaluru South|V|Data|Object-Head|965.17|1131.49|1131.49|1148.71|100.0
131|02|22|2211|Family Welfare|00||196||6||06|Rural Sub-Centres under Family Welfare|453|Chikkaballapura|2211-00-196-6-06|Chikkaballapura|V|Data|Object-Head|265.63|287.99|287.99|281.05|100.0
131|02|22|2211|Family Welfare|00||196||6||06|Rural Sub-Centres under Family Welfare|456|Chamarajanagar|2211-00-196-6-06|Chamarajanagar|V|Data|Object-Head|635.83|775.64|775.64|758.59|100.0
131|02|22|2211|Family Welfare|00||196||6||06|Rural Sub-Centres under Family Welfare|457|Udupi|2211-00-196-6-06|Udupi|V|Data|Object-Head|1357.12|1596.55|1596.55|1485.03|100.0
131|02|22|2211|Family Welfare|00||196||6||06|Rural Sub-Centres under Family Welfare|461|Bagalkot|2211-00-196-6-06|Bagalkot|V|Data|Object-Head|1209.05|1382.76|1382.76|1403.56|100.0
131|02|22|2211|Family Welfare|00||196||6||06|Rural Sub-Centres under Family Welfare|462|Gadag|2211-00-196-6-06|Gadag|V|Data|Object-Head|1121.49|1273.68|1273.68|1296.80|100.0
131|02|22|2211|Family Welfare|00||196||6||06|Rural Sub-Centres under Family Welfare|463|Haveri|2211-00-196-6-06|Haveri|V|Data|Object-Head|1396.23|1660.27|1660.27|1635.62|100.0
131|02|22|2211|Family Welfare|00||196||6||06|Rural Sub-Centres under Family Welfare|466|Koppal|2211-00-196-6-06|Koppal|V|Data|Object-Head|1059.67|1285.62|1285.62|1266.33|100.0
131|02|22|2211|Family Welfare|00||196||6||06|Rural Sub-Centres under Family Welfare|467|Vijayanagara|2211-00-196-6-06|Vijayanagara|V|Data|Object-Head|627.61|757.25|757.25|724.66|100.0
131|02|22|2211|Family Welfare|00||196||6||06|Rural Sub-Centres under Family Welfare|||2211-00-196-6-06|HOA Total :|V|Total|Detailed-Head|38480.01|43995.83|43995.83|43760.71|100.0
131|02|22|2211|Family Welfare|00||911||0||01|Deduct Recovery of Over Payments of Current Year||||2211-00-911-0-01|Deduct Recovery of Over Payments of Current Year|Header|Detailed-Head|||||100.0
131|02|22|2211|Family Welfare|00||911||0||01|Deduct Recovery of Over Payments of Current Year|364|Deduct - Recoveries|2211-00-911-0-01|Deduct - Recoveries|V|Data|Object-Head|-30.53||||100.0
131|02|22|2211|Family Welfare|00||911||0||01|Deduct Recovery of Over Payments of Current Year|||2211-00-911-0-01|HOA Total :|V|Total|Detailed-Head|-30.53|0.00|0.00|0.00|100.0
131|02|22|2211|Family Welfare|00||911||0||02|Deduct-Recovery of Overpayments||||2211-00-911-0-02|Deduct-Recovery of Overpayments|Header|Detailed-Head|||||100.0
131|02|22|2211|Family Welfare|00||911||0||02|Deduct-Recovery of Overpayments|364|Deduct - Recoveries|2211-00-911-0-02|Deduct - Recoveries|V|Data|Object-Head|-25.41||||100.0
131|02|22|2211|Family Welfare|00||911||0||02|Deduct-Recovery of Overpayments|||2211-00-911-0-02|HOA Total :|V|Total|Detailed-Head|-25.41|0.00|0.00|0.00|100.0
131|02|22|2211|Family Welfare|00||911||0||03|Deduct-Recovery of Overpayments||||2211-00-911-0-03|Deduct-Recovery of Overpayments|Header|Detailed-Head|||||100.0
131|02|22|2211|Family Welfare|00||911||0||03|Deduct-Recovery of Overpayments|364|Deduct - Recoveries|2211-00-911-0-03|Deduct - Recoveries|V|Data|Object-Head|-0.46||||100.0
131|02|22|2211|Family Welfare|00||911||0||03|Deduct-Recovery of Overpayments|||2211-00-911-0-03|HOA Total :|V|Total|Detailed-Head|-0.46|0.00|0.00|0.00|100.0
132|02|22|2211|Family Welfare|00||911|Deduct Recovery of Over Payments|0||04|Deduct Recovery of Over Payment of Previous years-ZP|||2211-00-911-0-04|Deduct Recovery of Over Payment of Previous years-ZP|V|Header|Detailed-Head|||||100.0
132|02|22|2211|Family Welfare|00||911|Deduct Recovery of Over Payments|0||04|Deduct Recovery of Over Payment of Previous years-ZP|261|Inter Account Transfers|2211-00-911-0-04|Inter Account Transfers|V|Data|Object-Head||-6497.50|-6497.50|-6863.93|100.0
132|02|22|2211|Family Welfare|00||911|Deduct Recovery of Over Payments|0||04|Deduct Recovery of Over Payment of Previous years-ZP|||2211-00-911-0-04|HOA Total :|V|Total|Detailed-Head|0.00|-6497.50|-6497.50|-6863.93|100.0
132|02|22|2211|Family Welfare|00||||||||||2211-00-911-0-04|2211 - Total :|V|Total|Major-Head|103622.54|108753.70|108753.70|104319.66|
133|02|22|4210|Capital Outlay on Medical & Public Health|01||110|Hospital|1|Construction/Upgradation|01|Regional Imbalance Redressal Program|||4210-01-110-1-01|Regional Imbalance Redressal Program||Header|Detailed-Head|||||100.0
133|02|22|4210|Capital Outlay on Medical & Public Health|01||110|Hospital|1|Construction/Upgradation|01|Regional Imbalance Redressal Program|133|Regional Imbalance Redressal Program|4210-01-110-1-01|Regional Imbalance Redressal Program||Data|Object-Head|11200.00|11800.00|11800.00|20000.00|100.0
133|02|22|4210|Capital Outlay on Medical & Public Health|01||110|Hospital|1|Construction/Upgradation|01|Regional Imbalance Redressal Program|386|Purchase/Construction of Buildings|4210-01-110-1-01|Purchase/Construction of Buildings||Data|Object-Head|39145.75|53255.30|43255.30|45055.30|100.0
133|02|22|4210|Capital Outlay on Medical & Public Health|01||110|Hospital|1|Construction/Upgradation|01|Regional Imbalance Redressal Program|422|Schedule Caste Sub Plan|4210-01-110-1-01|Schedule Caste Sub Plan||Data|Object-Head|4145.29|4246.22|4246.22|4246.22|100.0
133|02|22|4210|Capital Outlay on Medical & Public Health|01||110|Hospital|1|Construction/Upgradation|01|Regional Imbalance Redressal Program|423|Tribal Sub Plan|4210-01-110-1-01|Tribal Sub Plan||Data|Object-Head|1612.00|1698.48|1698.48|1698.48|100.0
133|02|22|4210|Capital Outlay on Medical & Public Health|01||110|Hospital|1|Construction/Upgradation|01|Regional Imbalance Redressal Program|||4210-01-110-1-01|HOA Total :||Total|Detailed-Head|56103.04|71000.00|61000.00|71000.00|100.0
133|02|22|4210|Capital Outlay on Medical & Public Health|01||110|Hospital|1|Construction/Upgradation|19|Construction of Hospital Buildings-NABARD|||4210-01-110-1-19|Construction of Hospital Buildings-NABARD||Header|Detailed-Head|||||100.0
133|02|22|4210|Capital Outlay on Medical & Public Health|01||110|Hospital|1|Construction/Upgradation|19|Construction of Hospital Buildings-NABARD|436|NABARD Works|4210-01-110-1-19|NABARD Works||Data|Object-Head|500.00|18000.00|10000.00|13000.00|100.0
133|02|22|4210|Capital Outlay on Medical & Public Health|01||110|Hospital|1|Construction/Upgradation|19|Construction of Hospital Buildings-NABARD|||4210-01-110-1-19|HOA Total :||Total|Detailed-Head|500.00|18000.00|10000.00|13000.00|100.0
133|02|22|4210|Capital Outlay on Medical & Public Health|01||110|Hospital|1|Construction/Upgradation|90|Deduct-Receipts and Recoveries from Capital Account|||4210-01-110-1-90|Deduct-Receipts and Recoveries from Capital Account||Header|Detailed-Head|||||100.0
133|02|22|4210|Capital Outlay on Medical & Public Health|01||110|Hospital|1|Construction/Upgradation|90|Deduct-Receipts and Recoveries from Capital Account|364|Deduct - Recoveries|4210-01-110-1-90|Deduct - Recoveries||Data|Object-Head|-0.49||||100.0
133|02|22|4210|Capital Outlay on Medical & Public Health|01||110|Hospital|1|Construction/Upgradation|90|Deduct-Receipts and Recoveries from Capital Account|||4210-01-110-1-90|HOA Total :||Total|Detailed-Head|-0.49|0.00|0.00|0.00|100.0
133|02|22|4210|Capital Outlay on Medical & Public Health|01||200||0||02|CSS-State Share-PM ABHIM|||4210-01-200-0-02|CSS-State Share-PM ABHIM||Header|Detailed-Head|||||100.0
133|02|22|4210|Capital Outlay on Medical & Public Health|01||200||0||02|CSS-State Share-PM ABHIM|132|Other Capital Expenses|4210-01-200-0-02|Other Capital Expenses||Data|Object-Head||||8772.00|100.0
133|02|22|4210|Capital Outlay on Medical & Public Health|01||200||0||02|CSS-State Share-PM ABHIM|139|Major Works|4210-01-200-0-02|Major Works||Data|Object-Head|6324.50|8772.00|9407.33||100.0
133|02|22|4210|Capital Outlay on Medical & Public Health|01||200||0||02|CSS-State Share-PM ABHIM|422|Schedule Caste Sub Plan|4210-01-200-0-02|Schedule Caste Sub Plan||Data|Object-Head|1486.20|2709.00|2709.00|2709.00|100.0
133|02|22|4210|Capital Outlay on Medical & Public Health|01||200||0||02|CSS-State Share-PM ABHIM|423|Tribal Sub Plan|4210-01-200-0-02|Tribal Sub Plan||Data|Object-Head|1402.18|1419.00|1419.00|1419.00|100.0
133|02|22|4210|Capital Outlay on Medical & Public Health|01||200||0||02|CSS-State Share-PM ABHIM|||4210-01-200-0-02|HOA Total :||Total|Detailed-Head|9212.88|12900.00|13535.33|12900.00|100.0
134|02|22|4210|Capital Outlay on Medical & Public Health|01|Hospital|200||0||03|CSS-Central Share-PM-ABHIM|||4210-01-200-0-03|CSS-Central Share-PM-ABHIM||Header|Detailed-Head|||||100.0
134|02|22|4210|Capital Outlay on Medical & Public Health|01|Hospital|200||0||03|CSS-Central Share-PM-ABHIM|132|Other Capital Expenses|4210-01-200-0-03|Other Capital Expenses||Data|Object-Head||||13259.32|100.0
134|02|22|4210|Capital Outlay on Medical & Public Health|01|Hospital|200||0||03|CSS-Central Share-PM-ABHIM|139|Major Works|4210-01-200-0-03|Major Works||Data|Object-Head|10082.79|13259.32|14111.00||100.0
134|02|22|4210|Capital Outlay on Medical & Public Health|01|Hospital|200||0||03|CSS-Central Share-PM-ABHIM|422|Schedule Caste Sub Plan|4210-01-200-0-03|Schedule Caste Sub Plan||Data|Object-Head|2364.43|4107.79|4107.79|4107.79|100.0
134|02|22|4210|Capital Outlay on Medical & Public Health|01|Hospital|200||0||03|CSS-Central Share-PM-ABHIM|423|Tribal Sub Plan|4210-01-200-0-03|Tribal Sub Plan||Data|Object-Head|1372.10|2131.89|2131.89|2131.89|100.0
134|02|22|4210|Capital Outlay on Medical & Public Health|01|Hospital|200||0||03|CSS-Central Share-PM-ABHIM|||4210-01-200-0-03|HOA Total :||Total|Detailed-Head|13819.32|19499.00|20350.68|19499.00|100.0
134|02|22|4210|Capital Outlay on Medical & Public Health|01|Hospital|200||0||04|Grants from Karnataka State Road Safety Fund|||4210-01-200-0-04|Grants from Karnataka State Road Safety Fund||Header|Detailed-Head|||||100.0
134|02|22|4210|Capital Outlay on Medical & Public Health|01|Hospital|200||0||04|Grants from Karnataka State Road Safety Fund|132|Other Capital Expenses|4210-01-200-0-04|Other Capital Expenses||Data|Object-Head||4500.00|4500.00|4500.00|100.0
134|02|22|4210|Capital Outlay on Medical & Public Health|01|Hospital|200||0||04|Grants from Karnataka State Road Safety Fund|||4210-01-200-0-04|HOA Total :||Total|Detailed-Head|0.00|4500.00|4500.00|4500.00|100.0
134|02|22|4210|Capital Outlay on Medical & Public Health|01|Hospital|200||0||05|CSS-Central Share-NHM Capital Grants|||4210-01-200-0-05|CSS-Central Share-NHM Capital Grants||Header|Detailed-Head|||||100.0
134|02|22|4210|Capital Outlay on Medical & Public Health|01|Hospital|200||0||05|CSS-Central Share-NHM Capital Grants|132|Other Capital Expenses|4210-01-200-0-05|Other Capital Expenses||Data|Object-Head|||1335.00|2780.53|100.0
134|02|22|4210|Capital Outlay on Medical & Public Health|01|Hospital|200||0||05|CSS-Central Share-NHM Capital Grants|422|Schedule Caste Sub Plan|4210-01-200-0-05|Schedule Caste Sub Plan||Data|Object-Head|||406.00|626.03|100.0
134|02|22|4210|Capital Outlay on Medical & Public Health|01|Hospital|200||0||05|CSS-Central Share-NHM Capital Grants|423|Tribal Sub Plan|4210-01-200-0-05|Tribal Sub Plan||Data|Object-Head|||10.00|254.44|100.0
134|02|22|4210|Capital Outlay on Medical & Public Health|01|Hospital|200||0||05|CSS-Central Share-NHM Capital Grants|||4210-01-200-0-05|HOA Total :||Total|Detailed-Head|0.00|0.00|1751.00|3661.00|100.0
134|02|22|4210|Capital Outlay on Medical & Public Health|01|Hospital|200||0||06|CSS-State Share-NHM Capital Grants|||4210-01-200-0-06|CSS-State Share-NHM Capital Grants||Header|Detailed-Head|||||100.0
134|02|22|4210|Capital Outlay on Medical & Public Health|01|Hospital|200||0||06|CSS-State Share-NHM Capital Grants|132|Other Capital Expenses|4210-01-200-0-06|Other Capital Expenses||Data|Object-Head|||890.00|1853.18|100.0
134|02|22|4210|Capital Outlay on Medical & Public Health|01|Hospital|200||0||06|CSS-State Share-NHM Capital Grants|422|Schedule Caste Sub Plan|4210-01-200-0-06|Schedule Caste Sub Plan||Data|Object-Head|||270.67|417.24|100.0
134|02|22|4210|Capital Outlay on Medical & Public Health|01|Hospital|200||0||06|CSS-State Share-NHM Capital Grants|423|Tribal Sub Plan|4210-01-200-0-06|Tribal Sub Plan||Data|Object-Head|||6.67|169.58|100.0
134|02|22|4210|Capital Outlay on Medical & Public Health|01|Hospital|200||0||06|CSS-State Share-NHM Capital Grants|||4210-01-200-0-06|HOA Total :||Total|Detailed-Head|0.00|0.00|1167.34|2440.00|100.0
135|02|22|4210|Capital Outlay on Medical & Public Health|01|Hospital|902|Deduct-Amount Met from Karnataka State Road Safety Fund|0||02|Deduct-Amount Met from Karnataka State Road Safety Fund|||4210-01-902-0-02|Deduct-Amount Met from Karnataka State Road Safety Fund||Header|Detailed-Head|||||100.0
135|02|22|4210|Capital Outlay on Medical & Public Health|01|Hospital|902|Deduct-Amount Met from Karnataka State Road Safety Fund|0||02|Deduct-Amount Met from Karnataka State Road Safety Fund|261|Inter Account Transfers|4210-01-902-0-02|Inter Account Transfers||Data|Object-Head||-4500.00|-4500.00|-4500.00|100.0
135|02|22|4210|Capital Outlay on Medical & Public Health|01|Hospital|902|Deduct-Amount Met from Karnataka State Road Safety Fund|0||02|Deduct-Amount Met from Karnataka State Road Safety Fund|||4210-01-902-0-02|HOA Total :||Total|Detailed-Head|0.00|-4500.00|-4500.00|-4500.00|100.0
135|02|22|4210|Capital Outlay on Medical & Public Health|02|Medical Education, Training and Research|796|Tribal Area Sub-Plan|1||03|CSS-Central Share-PM-JANMAN (Health)|||4210-02-796-1-03|CSS-Central Share-PM-JANMAN (Health)||Header|Detailed-Head|||||100.0
135|02|22|4210|Capital Outlay on Medical & Public Health|02|Medical Education, Training and Research|796|Tribal Area Sub-Plan|1||03|CSS-Central Share-PM-JANMAN (Health)|423|Tribal Sub Plan|4210-02-796-1-03|Tribal Sub Plan||Data|Object-Head|||30.00|1.00|100.0
135|02|22|4210|Capital Outlay on Medical & Public Health|02|Medical Education, Training and Research|796|Tribal Area Sub-Plan|1||03|CSS-Central Share-PM-JANMAN (Health|||4210-02-796-1-03|HOA Total :||Total|Detailed-Head|0.00|0.00|30.00|1.00|100.0
135|02|22|4210|Capital Outlay on Medical & Public Health|02|Medical Education, Training and Research|796|Tribal Area Sub-Plan|1||04|CSS-State Share-PM-JANMAN (Health)|||4210-02-796-1-04|CSS-State Share-PM-JANMAN (Health)||Header|Detailed-Head|||||100.0
135|02|22|4210|Capital Outlay on Medical & Public Health|02|Medical Education, Training and Research|796|Tribal Area Sub-Plan|1||04|CSS-State Share-PM-JANMAN (Health)|423|Tribal Sub Plan|4210-02-796-1-04|Tribal Sub Plan||Data|Object-Head|||20.00|1.00|100.0
135|02|22|4210|Capital Outlay on Medical & Public Health|02|Medical Education, Training and Research|796|Tribal Area Sub-Plan|1||04|CSS-State Share-PM-JANMAN (Health)|||4210-02-796-1-04|HOA Total :||Total|Detailed-Head|0.00|0.00|20.00|1.00|100.0
135|02|22|4210|Capital Outlay on Medical & Public Health|02|Medical Education, Training and Research|796|Tribal Area Sub-Plan|1||05|CSS-Central Share-Darti Aaba Janajatiya Grama Utkarsha Abiyan (DAJGUA) under NHM|||4210-02-796-1-05|CSS-Central Share-Darti Aaba Janajatiya Grama Utkarsha Abiyan (DAJGUA) under NHM||Header|Detailed-Head|||||100.0
135|02|22|4210|Capital Outlay on Medical & Public Health|02|Medical Education, Training and Research|796|Tribal Area Sub-Plan|1||05|CSS-Central Share-Darti Aaba Janajatiya Grama Utkarsha Abiyan (DAJGUA) under NHM|423|Tribal Sub Plan|4210-02-796-1-05|Tribal Sub Plan||Data|Object-Head|||130.00|1.00|100.0
135|02|22|4210|Capital Outlay on Medical & Public Health|02|Medical Education, Training and Research|796|Tribal Area Sub-Plan|1||05|CSS-Central Share-Darti Aaba Janajatiya Grama Utkarsha Abiyan (DAJGUA) under NHM|||4210-02-796-1-05|HOA Total :||Total|Detailed-Head|0.00|0.00|130.00|1.00|100.0
135|02|22|4210|Capital Outlay on Medical & Public Health|02|Medical Education, Training and Research|796|Tribal Area Sub-Plan|1||06|CSS-State Share-Darti Aaba Janajatiya Grama Utkarsha Abiyan (DAJGUA) under NHM|||4210-02-796-1-06|CSS-State Share-Darti Aaba Janajatiya Grama Utkarsha Abiyan (DAJGUA) under NHM||Header|Detailed-Head|||||100.0
135|02|22|4210|Capital Outlay on Medical & Public Health|02|Medical Education, Training and Research|796|Tribal Area Sub-Plan|1||06|CSS-State Share-Darti Aaba Janajatiya Grama Utkarsha Abiyan (DAJGUA) under NHM|423|Tribal Sub Plan|4210-02-796-1-06|Tribal Sub Plan||Data|Object-Head|||86.67|1.00|100.0
135|02|22|4210|Capital Outlay on Medical & Public Health|02|Medical Education, Training and Research|796|Tribal Area Sub-Plan|1||06|CSS-State Share-Darti Aaba Janajatiya Grama Utkarsha Abiyan (DAJGUA) under NHM|||4210-02-796-1-06|HOA Total :||Total|Detailed-Head|0.00|0.00|86.67|1.00|100.0
136|02|22|4210|Capital Outlay on Medical & Public Health|03||101||1||01|AYUSH Buildings|||4210-03-101-1-01|AYUSH Buildings||Header|Detailed-Head|||||100.0
136|02|22|4210|Capital Outlay on Medical & Public Health|03||101||1||01|AYUSH Buildings|053|Purchase of Furniture and Fixture for Office|4210-03-101-1-01|Purchase of Furniture and Fixture for Office||Data|Object-Head||156.00|156.00|100.00|100.0
136|02|22|4210|Capital Outlay on Medical & Public Health|03||101||1||01|AYUSH Buildings|132|Other Capital Expenses|4210-03-101-1-01|Other Capital Expenses||Data|Object-Head||||1000.00|100.0
136|02|22|4210|Capital Outlay on Medical & Public Health|03||101||1||01|AYUSH Buildings|139|Major Works|4210-03-101-1-01|Major Works||Data|Object-Head|2000.00|2000.00|2000.00||100.0
136|02|22|4210|Capital Outlay on Medical & Public Health|03||101||1||01|AYUSH Buildings|||4210-03-101-1-01|HOA Total :||Total|Detailed-Head|2000.00|2156.00|2156.00|1100.00|100.0
136|02|22|4210|Capital Outlay on Medical & Public Health|03||101||1||06|CSS-Central Share-National Ayush Mission - Capital Grants|||4210-03-101-1-06|CSS-Central Share-National Ayush Mission - Capital Grants||Header|Detailed-Head|||||100.0
136|02|22|4210|Capital Outlay on Medical & Public Health|03||101||1||06|CSS-Central Share-National Ayush Mission - Capital Grants|132|Other Capital Expenses|4210-03-101-1-06|Other Capital Expenses||Data|Object-Head|||324.91|1535.00|100.0
136|02|22|4210|Capital Outlay on Medical & Public Health|03||101||1||06|CSS-Central Share-National Ayush Mission - Capital Grants|422|Schedule Caste Sub Plan|4210-03-101-1-06|Schedule Caste Sub Plan||Data|Object-Head|||66.65|347.00|100.0
136|02|22|4210|Capital Outlay on Medical & Public Health|03||101||1||06|CSS-Central Share-National Ayush Mission - Capital Grants|423|Tribal Sub Plan|4210-03-101-1-06|Tribal Sub Plan||Data|Object-Head|||24.99|141.00|100.0
136|02|22|4210|Capital Outlay on Medical & Public Health|03||101||1||06|CSS-Central Share-National Ayush Mission - Capital Grants|||4210-03-101-1-06|HOA Total :||Total|Detailed-Head|0.00|0.00|416.55|2023.00|100.0
136|02|22|4210|Capital Outlay on Medical & Public Health|03||101||1||07|CSS-State Share-National Ayush Mission-Capital Grants|||4210-03-101-1-07|CSS-State Share-National Ayush Mission-Capital Grants||Header|Detailed-Head|||||100.0
136|02|22|4210|Capital Outlay on Medical & Public Health|03||101||1||07|CSS-State Share-National Ayush Mission-Capital Grants|132|Other Capital Expenses|4210-03-101-1-07|Other Capital Expenses||Data|Object-Head|||216.61|1075.00|100.0
136|02|22|4210|Capital Outlay on Medical & Public Health|03||101||1||07|CSS-State Share-National Ayush Mission-Capital Grants|422|Schedule Caste Sub Plan|4210-03-101-1-07|Schedule Caste Sub Plan||Data|Object-Head|||44.43|243.00|100.0
136|02|22|4210|Capital Outlay on Medical & Public Health|03||101||1||07|CSS-State Share-National Ayush Mission-Capital Grants|423|Tribal Sub Plan|4210-03-101-1-07|Tribal Sub Plan||Data|Object-Head|||16.66|99.00|100.0
136|02|22|4210|Capital Outlay on Medical & Public Health|03||101||1||07|CSS-State Share-National Ayush Mission-Capital Grants|||4210-03-101-1-07|HOA Total :||Total|Detailed-Head|0.00|0.00|277.70|1417.00|100.0
136|02|22|4210|Capital Outlay on Medical & Public Health|04||107||2||01|Karnataka State Medical Supplies Corporation Limited|||4210-04-107-2-01|Karnataka State Medical Supplies Corporation Limited||Header|Detailed-Head|||||100.0
136|02|22|4210|Capital Outlay on Medical & Public Health|04||107||2||01|Karnataka State Medical Supplies Corporation Limited|180|Machinery and Equipments|4210-04-107-2-01|Machinery and Equipments||Data|Object-Head||1.00|1.00|1.00|100.0
136|02|22|4210|Capital Outlay on Medical & Public Health|04||107||2||01|Karnataka State Medical Supplies Corporation Limited|||4210-04-107-2-01|HOA Total :||Total|Detailed-Head|0.00|1.00|1.00|1.00|100.0
137|02|22|4210|Capital Outlay on Medical & Public Health|80||800||0||01|Unspent SCSP-TSP Amount as per the SCSP-TSP Act 2013|||4210-80-800-0-01|Unspent SCSP-TSP Amount as per the SCSP-TSP Act 2013||Header|Detailed-Head|||||100.0
137|02|22|4210|Capital Outlay on Medical & Public Health|80||800||0||01|Unspent SCSP-TSP Amount as per the SCSP-TSP Act 2013|422|Schedule Caste Sub Plan|4210-80-800-0-01|Schedule Caste Sub Plan||Data|Object-Head||||0.01|100.0
137|02|22|4210|Capital Outlay on Medical & Public Health|80||800||0||01|Unspent SCSP-TSP Amount as per the SCSP-TSP Act 2013|423|Tribal Sub Plan|4210-80-800-0-01|Tribal Sub Plan||Data|Object-Head|84.35|0.22|0.22|0.08|100.0
137|02|22|4210|Capital Outlay on Medical & Public Health|80||800||0||01|Unspent SCSP-TSP Amount as per the SCSP-TSP Act 2013|||4210-80-800-0-01|HOA Total :||Total|Detailed-Head|84.35|0.22|0.22|0.09|100.0
137|02|22|4210|Capital Outlay on Medical & Public Health|80||||||||||4210-80-800-0-01|4210 - Total :||Total|Major-Head|81719.10|123556.22|110922.49|127045.09|
138|02|25|2052|Secretariat-General Services|00||||||||||2052|Secretariat-General Services||Header|Major-Head|||||
138|02|25|2052|Secretariat-General Services|00||092||0||09|Kannada Development Authority|||2052-00-092-0-09|Kannada Development Authority||Header|Detailed-Head|||||100.0
138|02|25|2052|Secretariat-General Services|00||092||0||09|Kannada Development Authority|101|Grants-in-Aid-Salaries|2052-00-092-0-09|Grants-in-Aid-Salaries||Data|Object-Head|34.25|66.95|66.95|57.16|100.0
138|02|25|2052|Secretariat-General Services|00||092||0||09|Kannada Development Authority|103|Grants-in-Aid -General|2052-00-092-0-09|Grants-in-Aid -General||Data|Object-Head|10.00|20.00|20.00|20.00|100.0
138|02|25|2052|Secretariat-General Services|00||092||0||09|Kannada Development Authority|115|GIA Contract /Outsource|2052-00-092-0-09|GIA Contract /Outsource||Data|Object-Head|77.03|102.00|102.00|80.97|100.0
138|02|25|2052|Secretariat-General Services|00||092||0||09|Kannada Development Authority|||2052-00-092-0-09|HOA Total :||Total|Detailed-Head|121.28|188.95|188.95|158.13|100.0
138|02|25|2052|Secretariat-General Services|00||||||||||2052-00-092-0-09|2052 - Total :||Total|Major-Head|121.28|188.95|188.95|158.13|
139|02|25|2205|Art and Culture|00||||||||||2205|Art and Culture|V|Header|Major-Head|||||
139|02|25|2205|Art and Culture|00||001||0||01|Directorate of Kannada and Culture|||2205-00-001-0-01|Directorate of Kannada and Culture|V|Header|Detailed-Head|||||100.0
139|02|25|2205|Art and Culture|00||001||0||01|Directorate of Kannada and Culture|002|Basic Pay|2205-00-001-0-01|Basic Pay|V|Data|Object-Head|395.73|839.00|839.00|795.00|100.0
139|02|25|2205|Art and Culture|00||001||0||01|Directorate of Kannada and Culture|003|Basic Pay-Staff|2205-00-001-0-01|Basic Pay-Staff|V|Data|Object-Head|323.92||||100.0
139|02|25|2205|Art and Culture|00||001||0||01|Directorate of Kannada and Culture|004|Interim Relief|2205-00-001-0-01|Interim Relief|V|Data|Object-Head|48.50||||100.0
139|02|25|2205|Art and Culture|00||001||0||01|Directorate of Kannada and Culture|011|Dearness Allowance|2205-00-001-0-01|Dearness Allowance|V|Data|Object-Head|178.18|190.00|190.00|206.00|100.0
139|02|25|2205|Art and Culture|00||001||0||01|Directorate of Kannada and Culture|014|Other Allowance|2205-00-001-0-01|Other Allowance|V|Data|Object-Head|120.72|138.00|138.00|121.00|100.0
139|02|25|2205|Art and Culture|00||001||0||01|Directorate of Kannada and Culture|020|Medical Allowance|2205-00-001-0-01|Medical Allowance|V|Data|Object-Head|2.35||||100.0
139|02|25|2205|Art and Culture|00||001||0||01|Directorate of Kannada and Culture|021|Reimbursement of Medical Expenses|2205-00-001-0-01|Reimbursement of Medical Expenses|V|Data|Object-Head|12.31|15.00|15.00|15.00|100.0
139|02|25|2205|Art and Culture|00||001||0||01|Directorate of Kannada and Culture|034|Contract/Outsource|2205-00-001-0-01|Contract/Outsource|V|Data|Object-Head|245.26|204.37|204.37|205.36|100.0
139|02|25|2205|Art and Culture|00||001||0||01|Directorate of Kannada and Culture|041|Travel Expenses|2205-00-001-0-01|Travel Expenses|V|Data|Object-Head|1.60|2.00|2.00|2.00|100.0
139|02|25|2205|Art and Culture|00||001||0||01|Directorate of Kannada and Culture|050|Office Expenses|2205-00-001-0-01|Office Expenses|V|Data|Object-Head||50.00|50.00|50.00|100.0
139|02|25|2205|Art and Culture|00||001||0||01|Directorate of Kannada and Culture|051|General Expenses|2205-00-001-0-01|General Expenses|V|Data|Object-Head|180.00|60.00|60.00|60.00|100.0
139|02|25|2205|Art and Culture|00||001||0||01|Directorate of Kannada and Culture|052|Telephone Charges|2205-00-001-0-01|Telephone Charges|V|Data|Object-Head|9.88||||100.0
139|02|25|2205|Art and Culture|00||001||0||01|Directorate of Kannada and Culture|053|Purchase of Furniture and Fixture for Office|2205-00-001-0-01|Purchase of Furniture and Fixture for Office|V|Data|Object-Head|25.06||||100.0
139|02|25|2205|Art and Culture|00||001||0||01|Directorate of Kannada and Culture|071|Building Expenses|2205-00-001-0-01|Building Expenses|V|Data|Object-Head|52.90|75.00|75.00|75.00|100.0
139|02|25|2205|Art and Culture|00||001||0||01|Directorate of Kannada and Culture|195|Transport Expenses|2205-00-001-0-01|Transport Expenses|V|Data|Object-Head|169.93|200.79|200.79|195.98|100.0
139|02|25|2205|Art and Culture|00||001||0||01|Directorate of Kannada and Culture|200|Maintenance Expenditure|2205-00-001-0-01|Maintenance Expenditure|V|Data|Object-Head|4.21|5.00|5.00|5.00|100.0
139|02|25|2205|Art and Culture|00||001||0||01|Directorate of Kannada and Culture|||2205-00-001-0-01|HOA Total :|V|Total|Detailed-Head|1770.55|1779.16|1779.16|1730.34|100.0
139|02|25|2205|Art and Culture|00||001||0||03|Vacant Post Provision|||2205-00-001-0-03|Vacant Post Provision|V|Header|Detailed-Head|||||100.0
139|02|25|2205|Art and Culture|00||001||0||03|Vacant Post Provision|014|Other Allowance|2205-00-001-0-03|Other Allowance|V|Data|Object-Head||2318.94|2237.77|2845.94|100.0
139|02|25|2205|Art and Culture|00||001||0||03|Vacant Post Provision|||2205-00-001-0-03|HOA Total :|V|Total|Detailed-Head|0.00|2318.94|2237.77|2845.94|100.0
139|02|25|2205|Art and Culture|00||101||0||02|Chamarajendra Academy of Visual Arts, Mysore|||2205-00-101-0-02|Chamarajendra Academy of Visual Arts, Mysore|V|Header|Detailed-Head|||||100.0
139|02|25|2205|Art and Culture|00||101||0||02|Chamarajendra Academy of Visual Arts, Mysore|002|Basic Pay|2205-00-101-0-02|Basic Pay|V|Data|Object-Head|86.44|174.00|187.70|180.00|100.0
139|02|25|2205|Art and Culture|00||101||0||02|Chamarajendra Academy of Visual Arts, Mysore|003|Basic Pay-Staff|2205-00-101-0-02|Basic Pay-Staff|V|Data|Object-Head|56.09||||100.0
139|02|25|2205|Art and Culture|00||101||0||02|Chamarajendra Academy of Visual Arts, Mysore|004|Interim Relief|2205-00-101-0-02|Interim Relief|V|Data|Object-Head|7.21||||100.0
140|02|25|2205|Art and Culture|00||101||0||02|Chamarajendra Academy of Visual Arts, Mysore|011|Dearness Allowance|2205-00-101-0-02|Dearness Allowance|V|Data|Object-Head|29.61|39.00|39.00|45.00|100.0
140|02|25|2205|Art and Culture|00||101||0||02|Chamarajendra Academy of Visual Arts, Mysore|014|Other Allowance|2205-00-101-0-02|Other Allowance|V|Data|Object-Head|27.56|29.00|39.12|35.00|100.0
140|02|25|2205|Art and Culture|00||101||0||02|Chamarajendra Academy of Visual Arts, Mysore|020|Medical Allowance|2205-00-101-0-02|Medical Allowance|V|Data|Object-Head|0.36||||100.0
140|02|25|2205|Art and Culture|00||101||0||02|Chamarajendra Academy of Visual Arts, Mysore|021|Reimbursement of Medical Expenses|2205-00-101-0-02|Reimbursement of Medical Expenses|V|Data|Object-Head|1.23|9.00|9.00|9.00|100.0
140|02|25|2205|Art and Culture|00||101||0||02|Chamarajendra Academy of Visual Arts, Mysore|034|Contract/Outsource|2205-00-101-0-02|Contract/Outsource|V|Data|Object-Head|17.18|21.73|21.73|22.55|100.0
140|02|25|2205|Art and Culture|00||101||0||02|Chamarajendra Academy of Visual Arts, Mysore|041|Travel Expenses|2205-00-101-0-02|Travel Expenses|V|Data|Object-Head|0.75|1.00|1.00|1.00|100.0
140|02|25|2205|Art and Culture|00||101||0||02|Chamarajendra Academy of Visual Arts, Mysore|050|Office Expenses|2205-00-101-0-02|Office Expenses|V|Data|Object-Head||63.00|63.00|63.00|100.0
140|02|25|2205|Art and Culture|00||101||0||02|Chamarajendra Academy of Visual Arts, Mysore|051|General Expenses|2205-00-101-0-02|General Expenses|V|Data|Object-Head|74.85|40.00|40.00|40.00|100.0
140|02|25|2205|Art and Culture|00||101||0||02|Chamarajendra Academy of Visual Arts, Mysore|052|Telephone Charges|2205-00-101-0-02|Telephone Charges|V|Data|Object-Head|0.39||||100.0
140|02|25|2205|Art and Culture|00||101||0||02|Chamarajendra Academy of Visual Arts, Mysore|071|Building Expenses|2205-00-101-0-02|Building Expenses|V|Data|Object-Head|7.47|8.00|8.00|8.00|100.0
140|02|25|2205|Art and Culture|00||101||0||02|Chamarajendra Academy of Visual Arts, Mysore|195|Transport Expenses|2205-00-101-0-02|Transport Expenses|V|Data|Object-Head|0.28|5.66|5.66|5.66|100.0
140|02|25|2205|Art and Culture|00||101||0||02|Chamarajendra Academy of Visual Arts, Mysore|200|Maintenance Expenditure|2205-00-101-0-02|Maintenance Expenditure|V|Data|Object-Head|5.20|5.20|5.20|105.00|100.0
140|02|25|2205|Art and Culture|00||101||0||02|Chamarajendra Academy of Visual Arts, Mysore|221|Materials and Supplies|2205-00-101-0-02|Materials and Supplies|V|Data|Object-Head|0.99|1.00|1.00|1.00|100.0
140|02|25|2205|Art and Culture|00||101||0||02|Chamarajendra Academy of Visual Arts, Mysore|||2205-00-101-0-02|HOA Total :|V|Total|Detailed-Head|315.61|396.59|420.41|515.21|100.0
140|02|25|2205|Art and Culture|00||101||0||07|Financial Assistance to Rangayanas and Drama Training Institutes||||2205-00-101-0-07|Financial Assistance to Rangayanas and Drama Training Institutes|Header|Detailed-Head|||||100.0
140|02|25|2205|Art and Culture|00||101||0||07|Financial Assistance to Rangayanas and Drama Training Institutes|101|Grants-in-Aid-Salaries|2205-00-101-0-07|Grants-in-Aid-Salaries|V|Data|Object-Head|126.64|110.55|110.55|106.42|100.0
140|02|25|2205|Art and Culture|00||101||0||07|Financial Assistance to Rangayanas and Drama Training Institutes|103|Grants-in-Aid -General|2205-00-101-0-07|Grants-in-Aid -General|V|Data|Object-Head|350.00|500.00|500.00|650.00|100.0
140|02|25|2205|Art and Culture|00||101||0||07|Financial Assistance to Rangayanas and Drama Training Institutes|||2205-00-101-0-07|HOA Total :|V|Total|Detailed-Head|476.64|610.55|610.55|756.42|100.0
140|02|25|2205|Art and Culture|00||101||0||10|Ravindra Kalakshetra||||2205-00-101-0-10|Ravindra Kalakshetra|Header|Detailed-Head|||||100.0
140|02|25|2205|Art and Culture|00||101||0||10|Ravindra Kalakshetra|002|Basic Pay|2205-00-101-0-10|Basic Pay|V|Data|Object-Head||11.00|11.00|12.00|100.0
140|02|25|2205|Art and Culture|00||101||0||10|Ravindra Kalakshetra|003|Basic Pay-Staff|2205-00-101-0-10|Basic Pay-Staff|V|Data|Object-Head|8.44||||100.0
140|02|25|2205|Art and Culture|00||101||0||10|Ravindra Kalakshetra|004|Interim Relief|2205-00-101-0-10|Interim Relief|V|Data|Object-Head|0.44||||100.0
140|02|25|2205|Art and Culture|00||101||0||10|Ravindra Kalakshetra|011|Dearness Allowance|2205-00-101-0-10|Dearness Allowance|V|Data|Object-Head|1.69|3.00|3.00|3.00|100.0
140|02|25|2205|Art and Culture|00||101||0||10|Ravindra Kalakshetra|014|Other Allowance|2205-00-101-0-10|Other Allowance|V|Data|Object-Head|2.12|4.00|4.00|3.00|100.0
140|02|25|2205|Art and Culture|00||101||0||10|Ravindra Kalakshetra|020|Medical Allowance|2205-00-101-0-10|Medical Allowance|V|Data|Object-Head|0.05||||100.0
140|02|25|2205|Art and Culture|00||101||0||10|Ravindra Kalakshetra|021|Reimbursement of Medical Expenses|2205-00-101-0-10|Reimbursement of Medical Expenses|V|Data|Object-Head||3.00|3.00|3.00|100.0
141|02|25|2205|Art and Culture|00||101||0||10|Ravindra Kalakshetra|034|Contract/Outsource|2205-00-101-0-10|Contract/Outsource|V|Data|Object-Head|30.03|31.39|31.39|32.51|100.0
141|02|25|2205|Art and Culture|00||101||0||10|Ravindra Kalakshetra|051|General Expenses|2205-00-101-0-10|General Expenses|V|Data|Object-Head|70.00|50.00|50.00|55.00|100.0
141|02|25|2205|Art and Culture|00||101||0||10|Ravindra Kalakshetra|140|Minor Works|2205-00-101-0-10|Minor Works|V|Data|Object-Head||20.00|20.00|15.00|100.0
141|02|25|2205|Art and Culture|00||101||0||10|Ravindra Kalakshetra|200|Maintenance Expenditure|2205-00-101-0-10|Maintenance Expenditure|V|Data|Object-Head|20.00||||100.0
141|02|25|2205|Art and Culture|00||101||0||10|Ravindra Kalakshetra|||2205-00-101-0-10|HOA Total :|V|Total|Detailed-Head|132.77|122.39|122.39|123.51|100.0
141|02|25|2205|Art and Culture|00||101||0||13|Financial Assistance to Kuvempu Bhasha Bharathi Authority||||2205-00-101-0-13|Financial Assistance to Kuvempu Bhasha Bharathi Authority|Header|Detailed-Head|||||100.0
141|02|25|2205|Art and Culture|00||101||0||13|Financial Assistance to Kuvempu Bhasha Bharathi Authority|103|Grants-in-Aid -General|2205-00-101-0-13|Grants-in-Aid -General|V|Data|Object-Head|50.00|50.00|50.00|50.00|100.0
141|02|25|2205|Art and Culture|00||101||0||13|Financial Assistance to Kuvempu Bhasha Bharathi Authority|||2205-00-101-0-13|HOA Total :|V|Total|Detailed-Head|50.00|50.00|50.00|50.00|100.0
141|02|25|2205|Art and Culture|00||102||0||12|Mysuru Dasara and Rajyotsava Award||||2205-00-102-0-12|Mysuru Dasara and Rajyotsava Award|Header|Detailed-Head|||||100.0
141|02|25|2205|Art and Culture|00||102||0||12|Mysuru Dasara and Rajyotsava Award|059|Other Expenses|2205-00-102-0-12|Other Expenses|V|Data|Object-Head|3711.00|1500.00|3850.00|3000.00|100.0
141|02|25|2205|Art and Culture|00||102||0||12|Mysuru Dasara and Rajyotsava Award|||2205-00-102-0-12|HOA Total :|V|Total|Detailed-Head|3711.00|1500.00|3850.00|3000.00|100.0
141|02|25|2205|Art and Culture|00||102||0||77|Grants to Literary & Cultural Organisations||||2205-00-102-0-77|Grants to Literary & Cultural Organisations|Header|Detailed-Head|||||100.0
141|02|25|2205|Art and Culture|00||102||0||77|Grants to Literary & Cultural Organisations|103|Grants-in-Aid -General|2205-00-102-0-77|Grants-in-Aid -General|V|Data|Object-Head|225.00|310.00|310.00|560.00|100.0
141|02|25|2205|Art and Culture|00||102||0||77|Grants to Literary & Cultural Organisations|||2205-00-102-0-77|HOA Total :|V|Total|Detailed-Head|225.00|310.00|310.00|560.00|100.0
141|02|25|2205|Art and Culture|00||102||1||01|Publication of Popular Literature & Open Air Theatres||||2205-00-102-1-01|Publication of Popular Literature & Open Air Theatres|Header|Detailed-Head|||||100.0
141|02|25|2205|Art and Culture|00||102||1||01|Publication of Popular Literature & Open Air Theatres|051|General Expenses|2205-00-102-1-01|General Expenses|V|Data|Object-Head|193.00|75.00|75.00|175.00|100.0
141|02|25|2205|Art and Culture|00||102||1||01|Publication of Popular Literature & Open Air Theatres|101|Grants-in-Aid-Salaries|2205-00-102-1-01|Grants-in-Aid-Salaries|V|Data|Object-Head|171.03|204.04|204.04|212.75|100.0
141|02|25|2205|Art and Culture|00||102||1||01|Publication of Popular Literature & Open Air Theatres|140|Minor Works|2205-00-102-1-01|Minor Works|V|Data|Object-Head||80.00|80.00|85.00|100.0
141|02|25|2205|Art and Culture|00||102||1||01|Publication of Popular Literature & Open Air Theatres|200|Maintenance Expenditure|2205-00-102-1-01|Maintenance Expenditure|V|Data|Object-Head|42.50||||100.0
141|02|25|2205|Art and Culture|00||102||1||01|Publication of Popular Literature & Open Air Theatres|||2205-00-102-1-01|HOA Total :|V|Total|Detailed-Head|406.53|359.04|359.04|472.75|100.0
142|02|25|2205|Art and Culture|00||102||1||18|Pension to Artists in Indigent Circumstances|||2205-00-102-1-18|Pension to Artists in Indigent Circumstances|V|Header|Detailed-Head|||||100.0
142|02|25|2205|Art and Culture|00||102||1||18|Pension to Artists in Indigent Circumstances|251|Pension & Retirement Benefits|2205-00-102-1-18|Pension & Retirement Benefits|V|Data|Object-Head|2896.27|4392.82|4392.82|4400.00|100.0
142|02|25|2205|Art and Culture|00||102||1||18|Pension to Artists in Indigent Circumstances|||2205-00-102-1-18|HOA Total :|V|Total|Detailed-Head|2896.27|4392.82|4392.82|4400.00|100.0
142|02|25|2205|Art and Culture|00||102||1||44|Development Action Plan for Scheduled Castes (DAPSC)|||2205-00-102-1-44|Development Action Plan for Scheduled Castes (DAPSC)|V|Header|Detailed-Head|||||100.0
142|02|25|2205|Art and Culture|00||102||1||44|Development Action Plan for Scheduled Castes (DAPSC)|422|Schedule Caste Sub Plan|2205-00-102-1-44|Schedule Caste Sub Plan|V|Data|Object-Head|999.87|1000.00|1000.00|1000.00|100.0
142|02|25|2205|Art and Culture|00||102||1||44|Development Action Plan for Scheduled Castes (DAPSC)|||2205-00-102-1-44|HOA Total :|V|Total|Detailed-Head|999.87|1000.00|1000.00|1000.00|100.0
142|02|25|2205|Art and Culture|00||102||1||46|Kannada Book Authority|||2205-00-102-1-46|Kannada Book Authority|V|Header|Detailed-Head|||||100.0
142|02|25|2205|Art and Culture|00||102||1||46|Kannada Book Authority|002|Basic Pay|2205-00-102-1-46|Basic Pay|V|Data|Object-Head|19.57|15.00|15.00|15.00|100.0
142|02|25|2205|Art and Culture|00||102||1||46|Kannada Book Authority|004|Interim Relief|2205-00-102-1-46|Interim Relief|V|Data|Object-Head|1.62||||100.0
142|02|25|2205|Art and Culture|00||102||1||46|Kannada Book Authority|011|Dearness Allowance|2205-00-102-1-46|Dearness Allowance|V|Data|Object-Head|5.22|4.00|4.00|4.00|100.0
142|02|25|2205|Art and Culture|00||102||1||46|Kannada Book Authority|014|Other Allowance|2205-00-102-1-46|Other Allowance|V|Data|Object-Head|4.99|3.00|3.00|4.00|100.0
142|02|25|2205|Art and Culture|00||102||1||46|Kannada Book Authority|021|Reimbursement of Medical Expenses|2205-00-102-1-46|Reimbursement of Medical Expenses|V|Data|Object-Head||3.00|3.00|3.00|100.0
142|02|25|2205|Art and Culture|00||102||1||46|Kannada Book Authority|034|Contract/Outsource|2205-00-102-1-46|Contract/Outsource|V|Data|Object-Head|2.98||||100.0
142|02|25|2205|Art and Culture|00||102||1||46|Kannada Book Authority|050|Office Expenses|2205-00-102-1-46|Office Expenses|V|Data|Object-Head||10.00|10.00|10.00|100.0
142|02|25|2205|Art and Culture|00||102||1||46|Kannada Book Authority|051|General Expenses|2205-00-102-1-46|General Expenses|V|Data|Object-Head|124.00|40.00|40.00|40.00|100.0
142|02|25|2205|Art and Culture|00||102||1||46|Kannada Book Authority|115|GIA Contract /Outsource|2205-00-102-1-46|GIA Contract /Outsource|V|Data|Object-Head||43.10|95.24|95.24|100.0
142|02|25|2205|Art and Culture|00||102||1||46|Kannada Book Authority|||2205-00-102-1-46|HOA Total :|V|Total|Detailed-Head|158.38|118.10|170.24|171.24|100.0
142|02|25|2205|Art and Culture|00||102||1||64|Grants to Literature-Cultural Institutions|||2205-00-102-1-64|Grants to Literature-Cultural Institutions|V|Header|Detailed-Head|||||100.0
142|02|25|2205|Art and Culture|00||102||1||64|Grants to Literature-Cultural Institutions|059|Other Expenses|2205-00-102-1-64|Other Expenses|V|Data|Object-Head|1202.00|1000.00|1000.00|1350.00|100.0
142|02|25|2205|Art and Culture|00||102||1||64|Grants to Literature-Cultural Institutions|||2205-00-102-1-64|HOA Total :|V|Total|Detailed-Head|1202.00|1000.00|1000.00|1350.00|100.0
143|02|25|2205|Art and Culture|00||102||1||68|Assistance to Professional Drama Companies|||2205-00-102-1-68|Assistance to Professional Drama Companies|V|Header|Detailed-Head|||||100.0
143|02|25|2205|Art and Culture|00||102||1||68|Assistance to Professional Drama Companies|100|Financial Assistance/Relief|2205-00-102-1-68|Financial Assistance/Relief|V|Data|Object-Head|200.00|200.00|200.00|200.00|100.0
143|02|25|2205|Art and Culture|00||102||1||68|Assistance to Professional Drama Companies|||2205-00-102-1-68|HOA Total :|V|Total|Detailed-Head|200.00|200.00|200.00|200.00|100.0
143|02|25|2205|Art and Culture|00||102||1||70|Celebrating Birth Anniversaries of Great Personalities|||2205-00-102-1-70|Celebrating Birth Anniversaries of Great Personalities|V|Header|Detailed-Head|||||100.0
143|02|25|2205|Art and Culture|00||102||1||70|Celebrating Birth Anniversaries of Great Personalities|059|Other Expenses|2205-00-102-1-70|Other Expenses|V|Data|Object-Head|1463.54|2000.00|2000.00|2240.00|100.0
143|02|25|2205|Art and Culture|00||102||1||70|Celebrating Birth Anniversaries of Great Personalities|||2205-00-102-1-70|HOA Total :|V|Total|Detailed-Head|1463.54|2000.00|2000.00|2240.00|100.0
143|02|25|2205|Art and Culture|00||102||1||81|Kannada Abhivruddhi Pradhikara|||2205-00-102-1-81|Kannada Abhivruddhi Pradhikara|V|Header|Detailed-Head|||||100.0
143|02|25|2205|Art and Culture|00||102||1||81|Kannada Abhivruddhi Pradhikara|059|Other Expenses|2205-00-102-1-81|Other Expenses|V|Data|Object-Head|200.00|200.00|200.00|200.00|100.0
143|02|25|2205|Art and Culture|00||102||1||81|Kannada Abhivruddhi Pradhikara|||2205-00-102-1-81|HOA Total :|V|Total|Detailed-Head|200.00|200.00|200.00|200.00|100.0
143|02|25|2205|Art and Culture|00||102||4||01|National, State and District Festivals|||2205-00-102-4-01|National, State and District Festivals|V|Header|Detailed-Head|||||100.0
143|02|25|2205|Art and Culture|00||102||4||01|National, State and District Festivals|059|Other Expenses|2205-00-102-4-01|Other Expenses|V|Data|Object-Head|1109.27|1000.00|1000.00|1000.00|100.0
143|02|25|2205|Art and Culture|00||102||4||01|National, State and District Festivals|100|Financial Assistance/Relief|2205-00-102-4-01|Financial Assistance/Relief|V|Data|Object-Head|759.99|500.00|500.00|500.00|100.0
143|02|25|2205|Art and Culture|00||102||4||01|National, State and District Festivals|103|Grants-in-Aid -General|2205-00-102-4-01|Grants-in-Aid -General|V|Data|Object-Head|2627.93|2000.00|2050.00|2050.00|100.0
143|02|25|2205|Art and Culture|00||102||4||01|National, State and District Festivals|||2205-00-102-4-01|HOA Total :|V|Total|Detailed-Head|4497.19|3500.00|3550.00|3550.00|100.0
143|02|25|2205|Art and Culture|00||102||4||03|Assistance to District Ranga Mandiras|||2205-00-102-4-03|Assistance to District Ranga Mandiras|V|Header|Detailed-Head|||||100.0
143|02|25|2205|Art and Culture|00||102||4||03|Assistance to District Ranga Mandiras|200|Maintenance Expenditure|2205-00-102-4-03|Maintenance Expenditure|V|Data|Object-Head|97.92|200.00|200.00|200.00|100.0
143|02|25|2205|Art and Culture|00||102||4||03|Assistance to District Ranga Mandiras|||2205-00-102-4-03|HOA Total :|V|Total|Detailed-Head|97.92|200.00|200.00|200.00|100.0
143|02|25|2205|Art and Culture|00||102||4||13|Assistance to State Academies|||2205-00-102-4-13|Assistance to State Academies|V|Header|Detailed-Head|||||100.0
143|02|25|2205|Art and Culture|00||102||4||13|Assistance to State Academies|103|Grants-in-Aid -General|2205-00-102-4-13|Grants-in-Aid -General|V|Data|Object-Head|1000.00|1000.00|1000.00|1000.00|100.0
143|02|25|2205|Art and Culture|00||102||4||13|Assistance to State Academies|||2205-00-102-4-13|HOA Total :|V|Total|Detailed-Head|1000.00|1000.00|1000.00|1000.00|100.0
144|02|25|2205|Art and Culture|00||102|Promotion of Arts and Culture|4||21|GIA to Janapada Parishath|||2205-00-102-4-21|GIA to Janapada Parishath|V|Header|Detailed-Head|||||100.0
144|02|25|2205|Art and Culture|00||102|Promotion of Arts and Culture|4||21|GIA to Janapada Parishath|101|Grants-in-Aid-Salaries|2205-00-102-4-21|Grants-in-Aid-Salaries|V|Data|Object-Head|16.21|18.86|18.86|13.46|100.0
144|02|25|2205|Art and Culture|00||102|Promotion of Arts and Culture|4||21|GIA to Janapada Parishath|103|Grants-in-Aid -General|2205-00-102-4-21|Grants-in-Aid -General|V|Data|Object-Head|100.00|100.00|100.00|100.00|100.0
144|02|25|2205|Art and Culture|00||102|Promotion of Arts and Culture|4||21|GIA to Janapada Parishath|||2205-00-102-4-21|HOA Total :|V|Total|Detailed-Head|116.21|118.86|118.86|113.46|100.0
144|02|25|2205|Art and Culture|00||102|Promotion of Arts and Culture|4||22|GIA to Kannada Sahithya Parishath|||2205-00-102-4-22|GIA to Kannada Sahithya Parishath|V|Header|Detailed-Head|||||100.0
144|02|25|2205|Art and Culture|00||102|Promotion of Arts and Culture|4||22|GIA to Kannada Sahithya Parishath|103|Grants-in-Aid -General|2205-00-102-4-22|Grants-in-Aid -General|V|Data|Object-Head|3465.08|1500.00|1500.00|1500.00|100.0
144|02|25|2205|Art and Culture|00||102|Promotion of Arts and Culture|4||22|GIA to Kannada Sahithya Parishath|||2205-00-102-4-22|HOA Total :|V|Total|Detailed-Head|3465.08|1500.00|1500.00|1500.00|100.0
144|02|25|2205|Art and Culture|00||102|Promotion of Arts and Culture|4||31|Promotion of Kannada & Culture|||2205-00-102-4-31|Promotion of Kannada & Culture|V|Header|Detailed-Head|||||100.0
144|02|25|2205|Art and Culture|00||102|Promotion of Arts and Culture|4||31|Promotion of Kannada & Culture|059|Other Expenses|2205-00-102-4-31|Other Expenses|V|Data|Object-Head|1086.01|1250.00|1250.00|1750.00|100.0
144|02|25|2205|Art and Culture|00||102|Promotion of Arts and Culture|4||31|Promotion of Kannada & Culture|||2205-00-102-4-31|HOA Total :|V|Total|Detailed-Head|1086.01|1250.00|1250.00|1750.00|100.0
144|02|25|2205|Art and Culture|00||104|State Archives Unit|||||||2205-00-104|State Archives Unit|V|Header|Minor-Head|||||
144|02|25|2205|Art and Culture|00||104|State Archives Unit|0||01|State Archives Unit|||2205-00-104-0-01|State Archives Unit|V|Header|Detailed-Head|||||100.0
144|02|25|2205|Art and Culture|00||104|State Archives Unit|0||01|State Archives Unit|002|Basic Pay|2205-00-104-0-01|Basic Pay|V|Data|Object-Head|81.79|211.00|251.93|267.00|100.0
144|02|25|2205|Art and Culture|00||104|State Archives Unit|0||01|State Archives Unit|003|Basic Pay-Staff|2205-00-104-0-01|Basic Pay-Staff|V|Data|Object-Head|86.72||||100.0
144|02|25|2205|Art and Culture|00||104|State Archives Unit|0||01|State Archives Unit|004|Interim Relief|2205-00-104-0-01|Interim Relief|V|Data|Object-Head|11.92||||100.0
144|02|25|2205|Art and Culture|00||104|State Archives Unit|0||01|State Archives Unit|011|Dearness Allowance|2205-00-104-0-01|Dearness Allowance|V|Data|Object-Head|41.78|47.00|61.87|75.00|100.0
144|02|25|2205|Art and Culture|00||104|State Archives Unit|0||01|State Archives Unit|014|Other Allowance|2205-00-104-0-01|Other Allowance|V|Data|Object-Head|41.96|51.00|63.72|57.00|100.0
144|02|25|2205|Art and Culture|00||104|State Archives Unit|0||01|State Archives Unit|020|Medical Allowance|2205-00-104-0-01|Medical Allowance|V|Data|Object-Head|0.73||||100.0
144|02|25|2205|Art and Culture|00||104|State Archives Unit|0||01|State Archives Unit|021|Reimbursement of Medical Expenses|2205-00-104-0-01|Reimbursement of Medical Expenses|V|Data|Object-Head|2.88|12.00|15.00|15.00|100.0
144|02|25|2205|Art and Culture|00||104|State Archives Unit|0||01|State Archives Unit|034|Contract/Outsource|2205-00-104-0-01|Contract/Outsource|V|Data|Object-Head|76.99|94.26|109.44|140.65|100.0
144|02|25|2205|Art and Culture|00||104|State Archives Unit|0||01|State Archives Unit|041|Travel Expenses|2205-00-104-0-01|Travel Expenses|V|Data|Object-Head|1.08|2.00|3.00|2.00|100.0
144|02|25|2205|Art and Culture|00||104|State Archives Unit|0||01|State Archives Unit|050|Office Expenses|2205-00-104-0-01|Office Expenses|V|Data|Object-Head||20.00|22.00|22.00|100.0
144|02|25|2205|Art and Culture|00||104|State Archives Unit|0||01|State Archives Unit|051|General Expenses|2205-00-104-0-01|General Expenses|V|Data|Object-Head|70.00|40.00|48.00|53.00|100.0
144|02|25|2205|Art and Culture|00||104|State Archives Unit|0||01|State Archives Unit|052|Telephone Charges|2205-00-104-0-01|Telephone Charges|V|Data|Object-Head|0.75||||100.0
144|02|25|2205|Art and Culture|00||104|State Archives Unit|0||01|State Archives Unit|071|Building Expenses|2205-00-104-0-01|Building Expenses|V|Data|Object-Head|2.99|3.00|5.00|4.00|100.0
144|02|25|2205|Art and Culture|00||104|State Archives Unit|0||01|State Archives Unit|195|Transport Expenses|2205-00-104-0-01|Transport Expenses|V|Data|Object-Head|3.93|3.60|5.48|35.13|100.0
145|02|25|2205|Art and Culture|00||104|State Archives Unit|0||01|State Archives Unit|200|Maintenance Expenditure|2205-00-104-0-01|Maintenance Expenditure|V|Data|Object-Head|17.06|25.00|25.00|20.00|100.0
145|02|25|2205|Art and Culture|00||104|State Archives Unit|0||01|State Archives Unit|||2205-00-104-0-01|HOA Total :|V|Total|Detailed-Head|440.58|508.86|610.44|690.78|100.0
145|02|25|2205|Art and Culture|00||107||0||04|Maintenance of Mysore Palace|||2205-00-107-0-04|Maintenance of Mysore Palace|V|Header|Detailed-Head|||||100.0
145|02|25|2205|Art and Culture|00||107||0||04|Maintenance of Mysore Palace|002|Basic Pay|2205-00-107-0-04|Basic Pay|V|Data|Object-Head|38.53|124.00|128.44|116.00|100.0
145|02|25|2205|Art and Culture|00||107||0||04|Maintenance of Mysore Palace|003|Basic Pay-Staff|2205-00-107-0-04|Basic Pay-Staff|V|Data|Object-Head|71.41||||100.0
145|02|25|2205|Art and Culture|00||107||0||04|Maintenance of Mysore Palace|004|Interim Relief|2205-00-107-0-04|Interim Relief|V|Data|Object-Head|6.27||||100.0
145|02|25|2205|Art and Culture|00||107||0||04|Maintenance of Mysore Palace|011|Dearness Allowance|2205-00-107-0-04|Dearness Allowance|V|Data|Object-Head|24.20|28.00|28.00|29.00|100.0
145|02|25|2205|Art and Culture|00||107||0||04|Maintenance of Mysore Palace|014|Other Allowance|2205-00-107-0-04|Other Allowance|V|Data|Object-Head|18.75|22.00|22.77|19.00|100.0
145|02|25|2205|Art and Culture|00||107||0||04|Maintenance of Mysore Palace|020|Medical Allowance|2205-00-107-0-04|Medical Allowance|V|Data|Object-Head|0.70||||100.0
145|02|25|2205|Art and Culture|00||107||0||04|Maintenance of Mysore Palace|021|Reimbursement of Medical Expenses|2205-00-107-0-04|Reimbursement of Medical Expenses|V|Data|Object-Head|0.68|9.00|9.00|9.00|100.0
145|02|25|2205|Art and Culture|00||107||0||04|Maintenance of Mysore Palace|035|Salary of Board/Corp.Staff working in State Government|2205-00-107-0-04|Salary of Board/Corp.Staff working in State Government|V|Data|Object-Head|62.57|78.16|78.16|71.53|100.0
145|02|25|2205|Art and Culture|00||107||0||04|Maintenance of Mysore Palace|||2205-00-107-0-04|HOA Total :|V|Total|Detailed-Head|223.11|261.16|266.37|244.53|100.0
145|02|25|2205|Art and Culture|00||796||0||01|Development Action Plan for Scheduled Tribes (DAPST)|||2205-00-796-0-01|Development Action Plan for Scheduled Tribes (DAPST)|V|Header|Detailed-Head|||||100.0
145|02|25|2205|Art and Culture|00||796||0||01|Development Action Plan for Scheduled Tribes (DAPST)|423|Tribal Sub Plan|2205-00-796-0-01|Tribal Sub Plan|V|Data|Object-Head|299.99|300.00|300.00|500.00|100.0
145|02|25|2205|Art and Culture|00||796||0||01|Development Action Plan for Scheduled Tribes (DAPST)|||2205-00-796-0-01|HOA Total :|V|Total|Detailed-Head|299.99|300.00|300.00|500.00|100.0
145|02|25|2205|Art and Culture|00||800||0||15|Unspent SCSP-TSP Amount as per the SCSP-TSP Act 2013|||2205-00-800-0-15|Unspent SCSP-TSP Amount as per the SCSP-TSP Act 2013|V|Header|Detailed-Head|||||100.0
145|02|25|2205|Art and Culture|00||800||0||15|Unspent SCSP-TSP Amount as per the SCSP-TSP Act 2013|422|Schedule Caste Sub Plan|2205-00-800-0-15|Schedule Caste Sub Plan|V|Data|Object-Head|96.50|2.56|2.56|0.09|100.0
145|02|25|2205|Art and Culture|00||800||0||15|Unspent SCSP-TSP Amount as per the SCSP-TSP Act 2013|423|Tribal Sub Plan|2205-00-800-0-15|Tribal Sub Plan|V|Data|Object-Head|25.31|2.22|2.22|0.01|100.0
145|02|25|2205|Art and Culture|00||800||0||15|Unspent SCSP-TSP Amount as per the SCSP-TSP Act 2013|||2205-00-800-0-15|HOA Total :|V|Total|Detailed-Head|121.81|4.78|4.78|0.10|100.0
146|02|25|2205|Art and Culture|00||911||0||00|Deduct Recoveries of Over Payments|||2205-00-911-0-00|Deduct Recoveries of Over Payments|V|Header|Detailed-Head|||||100.0
146|02|25|2205|Art and Culture|00||911||0||00|Deduct Recoveries of Over Payments|364|Deduct - Recoveries|2205-00-911-0-00|Deduct - Recoveries|V|Data|Object-Head|-0.59||||100.0
146|02|25|2205|Art and Culture|00||911||0||00|Deduct Recoveries of Over Payments|||2205-00-911-0-00|HOA Total :|V|Total|Detailed-Head|-0.59|0.00|0.00|0.00|100.0
146|02|25|2205|Art and Culture|00||911||0||01|Deduct Recovery of Over Payments of Current Year|||2205-00-911-0-01|Deduct Recovery of Over Payments of Current Year|V|Header|Detailed-Head|||||100.0
146|02|25|2205|Art and Culture|00||911||0||01|Deduct Recovery of Over Payments of Current Year|364|Deduct - Recoveries|2205-00-911-0-01|Deduct - Recoveries|V|Data|Object-Head|-30.69||||100.0
146|02|25|2205|Art and Culture|00||911||0||01|Deduct Recovery of Over Payments of Current Year|||2205-00-911-0-01|HOA Total :|V|Total|Detailed-Head|-30.69|0.00|0.00|0.00|100.0
146|02|25|2205|Art and Culture|00||911||0||02|Deduct Recovery of Over Payments of earlier Years|||2205-00-911-0-02|Deduct Recovery of Over Payments of earlier Years|V|Header|Detailed-Head|||||100.0
146|02|25|2205|Art and Culture|00||911||0||02|Deduct Recovery of Over Payments of earlier Years|364|Deduct - Recoveries|2205-00-911-0-02|Deduct - Recoveries|V|Data|Object-Head|-287.83||||100.0
146|02|25|2205|Art and Culture|00||911||0||02|Deduct Recovery of Over Payments of earlier Years|||2205-00-911-0-02|HOA Total :|V|Total|Detailed-Head|-287.83|0.00|0.00|0.00|100.0
146|02|25|2205|Art and Culture|00||911||0||04|Deduct Recovery of Over Payment of Previous years-ZP|||2205-00-911-0-04|Deduct Recovery of Over Payment of Previous years-ZP|V|Header|Detailed-Head|||||100.0
146|02|25|2205|Art and Culture|00||911||0||04|Deduct Recovery of Over Payment of Previous years-ZP|261|Inter Account Transfers|2205-00-911-0-04|Inter Account Transfers|V|Data|Object-Head||-23.56|-23.56|-190.99|100.0
146|02|25|2205|Art and Culture|00||911||0||04|Deduct Recovery of Over Payment of Previous years-ZP|||2205-00-911-0-04|HOA Total :|V|Total|Detailed-Head|0.00|-23.56|-23.56|-190.99|100.0
146|02|25|2205|Art and Culture|00||||||||||2205|2205 - Total :|V|Total|Major-Head|25236.95|24977.69|27479.27|28973.29|
147|02|25|2575|Other Special Area Programme|06||||||||||2575|Other Special Area Programme|V|Header|Major-Head|||||
147|02|25|2575|Other Special Area Programme|06||101||0||01|Karnataka Border Area Development Authority|||2575-06-101-0-01|Karnataka Border Area Development Authority|V|Header|Detailed-Head|||||100.0
147|02|25|2575|Other Special Area Programme|06||101||0||01|Karnataka Border Area Development Authority|101|Grants-in-Aid-Salaries|2575-06-101-0-01|Grants-in-Aid-Salaries|V|Data|Object-Head|32.21||||100.0
147|02|25|2575|Other Special Area Programme|06||101||0||01|Karnataka Border Area Development Authority|103|Grants-in-Aid -General|2575-06-101-0-01|Grants-in-Aid -General|V|Data|Object-Head|1000.00||||100.0
147|02|25|2575|Other Special Area Programme|06||101||0||01|Karnataka Border Area Development Authority|115|GIA Contract /Outsource|2575-06-101-0-01|GIA Contract /Outsource|V|Data|Object-Head|101.19||||100.0
147|02|25|2575|Other Special Area Programme|06||101||0||01|Karnataka Border Area Development Authority|||2575-06-101-0-01|HOA Total :|V|Total|Detailed-Head|1133.40|0.00|0.00|0.00|100.0
147|02|25|2575|Other Special Area Programme|06||||||||||2575|2575 - Total :|V|Total|Major-Head|1133.40|0.00|0.00|0.00|
148|02|25|3454|Census Surveys & Statistics|02|Surveys and Statistics|||||||||3454|Census Surveys & Statistics|V|Header|Major-Head|||||
148|02|25|3454|Census Surveys & Statistics|02|Surveys and Statistics|110|Gazetteer and Statistical Memoirs|0||01|Revision of District Gazetteers|||3454-02-110-0-01|Revision of District Gazetteers|V|Header|Detailed-Head|||||100.0
148|02|25|3454|Census Surveys & Statistics|02|Surveys and Statistics|110|Gazetteer and Statistical Memoirs|0||01|Revision of District Gazetteers|002|Basic Pay|3454-02-110-0-01|Basic Pay|V|Data|Object-Head|13.14|54.00|13.07||100.0
148|02|25|3454|Census Surveys & Statistics|02|Surveys and Statistics|110|Gazetteer and Statistical Memoirs|0||01|Revision of District Gazetteers|003|Basic Pay-Staff|3454-02-110-0-01|Basic Pay-Staff|V|Data|Object-Head|30.34||||100.0
148|02|25|3454|Census Surveys & Statistics|02|Surveys and Statistics|110|Gazetteer and Statistical Memoirs|0||01|Revision of District Gazetteers|004|Interim Relief|3454-02-110-0-01|Interim Relief|V|Data|Object-Head|2.99||||100.0
148|02|25|3454|Census Surveys & Statistics|02|Surveys and Statistics|110|Gazetteer and Statistical Memoirs|0||01|Revision of District Gazetteers|011|Dearness Allowance|3454-02-110-0-01|Dearness Allowance|V|Data|Object-Head|15.88|18.00|3.13||100.0
148|02|25|3454|Census Surveys & Statistics|02|Surveys and Statistics|110|Gazetteer and Statistical Memoirs|0||01|Revision of District Gazetteers|014|Other Allowance|3454-02-110-0-01|Other Allowance|V|Data|Object-Head|11.70|16.00|3.28||100.0
148|02|25|3454|Census Surveys & Statistics|02|Surveys and Statistics|110|Gazetteer and Statistical Memoirs|0||01|Revision of District Gazetteers|020|Medical Allowance|3454-02-110-0-01|Medical Allowance|V|Data|Object-Head|0.28||||100.0
148|02|25|3454|Census Surveys & Statistics|02|Surveys and Statistics|110|Gazetteer and Statistical Memoirs|0||01|Revision of District Gazetteers|021|Reimbursement of Medical Expenses|3454-02-110-0-01|Reimbursement of Medical Expenses|V|Data|Object-Head||3.00|||100.0
148|02|25|3454|Census Surveys & Statistics|02|Surveys and Statistics|110|Gazetteer and Statistical Memoirs|0||01|Revision of District Gazetteers|034|Contract/Outsource|3454-02-110-0-01|Contract/Outsource|V|Data|Object-Head|1.95|17.77|2.59||100.0
148|02|25|3454|Census Surveys & Statistics|02|Surveys and Statistics|110|Gazetteer and Statistical Memoirs|0||01|Revision of District Gazetteers|041|Travel Expenses|3454-02-110-0-01|Travel Expenses|V|Data|Object-Head||1.00|||100.0
148|02|25|3454|Census Surveys & Statistics|02|Surveys and Statistics|110|Gazetteer and Statistical Memoirs|0||01|Revision of District Gazetteers|050|Office Expenses|3454-02-110-0-01|Office Expenses|V|Data|Object-Head||2.00|||100.0
148|02|25|3454|Census Surveys & Statistics|02|Surveys and Statistics|110|Gazetteer and Statistical Memoirs|0||01|Revision of District Gazetteers|051|General Expenses|3454-02-110-0-01|General Expenses|V|Data|Object-Head|9.38|8.00|||100.0
148|02|25|3454|Census Surveys & Statistics|02|Surveys and Statistics|110|Gazetteer and Statistical Memoirs|0||01|Revision of District Gazetteers|052|Telephone Charges|3454-02-110-0-01|Telephone Charges|V|Data|Object-Head|0.05||||100.0
148|02|25|3454|Census Surveys & Statistics|02|Surveys and Statistics|110|Gazetteer and Statistical Memoirs|0||01|Revision of District Gazetteers|071|Building Expenses|3454-02-110-0-01|Building Expenses|V|Data|Object-Head|11.33|2.00|||100.0
148|02|25|3454|Census Surveys & Statistics|02|Surveys and Statistics|110|Gazetteer and Statistical Memoirs|0||01|Revision of District Gazetteers|195|Transport Expenses|3454-02-110-0-01|Transport Expenses|V|Data|Object-Head|1.64|1.88|||100.0
148|02|25|3454|Census Surveys & Statistics|02|Surveys and Statistics|110|Gazetteer and Statistical Memoirs|0||01|Revision of District Gazetteers||||HOA Total :|V|Total|Detailed-Head|98.68|123.65|22.07|0.00|100.0
148|02|25|3454|Census Surveys & Statistics|02|Surveys and Statistics|||||||||3454|3454 - Total :|V|Total|Major-Head|98.68|123.65|22.07|0.00|
149|02|25|4575|Capital Outlay on Other Special Area Programmes|60||||||||||4575|Capital Outlay on Other Special Area Programmes|V|Header|Major-Head|||||
149|02|25|4575|Capital Outlay on Other Special Area Programmes|60||101|Karnataka Border Area Development Authority|0||02|Karnataka Border Area Development Authority|||4575-60-101-0-02|Karnataka Border Area Development Authority|V|Header|Detailed-Head|||||100.0
149|02|25|4575|Capital Outlay on Other Special Area Programmes|60||101|Karnataka Border Area Development Authority|0||02|Karnataka Border Area Development Authority|132|Other Capital Expenses|4575-60-101-0-02|Other Capital Expenses|V|Data|Object-Head|500.00||||100.0
149|02|25|4575|Capital Outlay on Other Special Area Programmes|60||101|Karnataka Border Area Development Authority|0||02|Karnataka Border Area Development Authority||||HOA Total :|V|Total|Detailed-Head|500.00|0.00|0.00|0.00|100.0
149|02|25|4575|Capital Outlay on Other Special Area Programmes|60||||||||||4575|4575 - Total :|V|Total|Major-Head|500.00|0.00|0.00|0.00|
150|02|25|5475|Capital Outlay on Other General Economic Services|00||||||||||5475|Capital Outlay on Other General Economic Services|V|Header|Major-Head|||||
150|02|25|5475|Capital Outlay on Other General Economic Services|00||115||0||02|Various Developmental and Infrastructure Works|||5475-00-115-0-02|Various Developmental and Infrastructure Works|V|Header|Detailed-Head|||||100.0
150|02|25|5475|Capital Outlay on Other General Economic Services|00||115||0||02|Various Developmental and Infrastructure Works|132|Other Capital Expenses|5475-00-115-0-02|Other Capital Expenses|V|Data|Object-Head|1590.00|1500.00|1500.00|1500.00|100.0
150|02|25|5475|Capital Outlay on Other General Economic Services|00||115||0||02|Various Developmental and Infrastructure Works|180|Machinery and Equipments|5475-00-115-0-02|Machinery and Equipments|V|Data|Object-Head|37.11|90.00|90.00|90.00|100.0
150|02|25|5475|Capital Outlay on Other General Economic Services|00||115||0||02|Various Developmental and Infrastructure Works|386|Purchase/Construction of Buildings|5475-00-115-0-02|Purchase/Construction of Buildings|V|Data|Object-Head|699.99|600.00|600.00|600.00|100.0
150|02|25|5475|Capital Outlay on Other General Economic Services|00||115||0||02|Various Developmental and Infrastructure Works|||5475-00-115-0-02|HOA Total :|V|Total|Detailed-Head|2327.10|2190.00|2190.00|2190.00|100.0
150|02|25|5475|Capital Outlay on Other General Economic Services|00||||||||||5475|5475 - Total :|V|Total|Major-Head|2327.10|2190.00|2190.00|2190.00|
